0 0 0 0 0.32258499413728714
1 0 0 0 0.3454799298197031
2 0 0 0 0.33762201201170683
3 0 0 0 0.3290490712970495
4 0 0 0 0.3212729934602976
5 0 0 0 0.3435600083321333
6 0 0 0 0.33533095847815275
7 0 0 0 0.34159410279244184
8 0 0 0 0.3419910790398717
9 0 0 0 0.3368249163031578
10 0 0 0 0.35681191366165876
11 0 0 0 0.3331169718876481
12 0 0 0 0.3269489388912916
13 1 74749 0.7 0.3203670494258404
14 0 0 0 0.33783994149416685
15 0 0 0 0.3900740994140506
16 0 0 0 0.33538800198584795
17 0 0 0 0.3290900494903326
18 0 0 0 0.32181094866245985
19 0 0 0 0.3313180059194565
20 0 0 0 0.3164570080116391
21 0 0 0 0.34104904625564814
22 0 0 0 0.34559890627861023
23 0 0 0 0.37126406095921993
24 0 0 0 0.34786504693329334
25 0 0 0 0.3432600060477853
26 0 0 0 0.3584610531106591
27 0 0 0 0.3469019429758191
28 0 0 0 0.32816105522215366
29 0 0 0 0.324073014780879
30 0 0 0 0.32906699925661087
31 0 0 0 0.3329440951347351
32 0 0 0 0.3146330127492547
33 0 0 0 0.32395997550338507
34 0 0 0 0.3300629323348403
35 0 0 0 0.3322529373690486
36 0 0 0 0.36180904135107994
37 0 0 0 0.34052308183163404
38 0 0 0 0.34927495289593935
39 0 0 0 0.3498250152915716
40 1 349755 0.75 0.3510870737954974
41 0 0 0 0.3378340043127537
42 0 0 0 0.3532549599185586
43 0 0 0 0.3424950409680605
44 0 0 0 0.33782399259507656
45 0 0 0 0.36279705818742514
46 0 0 0 0.3480140585452318
47 0 0 0 0.36274397280067205
48 0 0 0 0.34808903001248837
49 0 0 0 0.35003304947167635
50 0 0 0 0.34045299980789423
51 0 0 0 0.3530610119923949
52 0 0 0 0.3232499584555626
53 0 0 0 0.3155770245939493
54 0 0 0 0.3414230886846781
55 0 0 0 0.3366890596225858
56 0 0 0 0.31409296207129955
57 0 0 0 0.3480840241536498
58 0 0 0 0.3561789635568857
59 0 0 0 0.3471050877124071
60 0 0 0 0.34024298656731844
61 0 0 0 0.33104291651397943
62 0 0 0 0.32866105902940035
63 0 0 0 0.31875609420239925
64 0 0 0 0.3287580329924822
65 0 0 0 0.33951993100345135
66 0 0 0 0.3291120519861579
67 0 0 0 0.31503301579505205
68 0 0 0 0.3288100706413388
69 0 0 0 0.3325489815324545
70 0 0 0 0.35446789115667343
71 0 0 0 0.3523740451782942
72 0 0 0 0.34309306647628546
73 0 0 0 0.3461160231381655
74 0 0 0 0.34718995448201895
75 0 0 0 0.3672949969768524
76 0 0 0 0.3516760189086199
77 0 0 0 0.36490894854068756
78 0 0 0 0.3733680350705981
79 0 0 0 0.34454301930963993
80 0 0 0 0.34536002203822136
81 0 0 0 0.36308192647993565
82 0 0 0 0.3664980176836252
83 0 0 0 0.32647803891450167
84 0 0 0 0.324843917042017
85 0 0 0 0.3347169840708375
86 0 0 0 0.31582696828991175
87 0 0 0 0.3131419653072953
88 0 0 0 0.32356695737689734
89 0 0 0 0.33349404111504555
90 0 0 0 0.34147396218031645
91 0 0 0 0.33807894214987755
92 0 0 0 0.3234510077163577
93 0 0 0 0.3361280541867018
94 0 0 0 0.32561400439590216
95 0 0 0 0.32778410241007805
96 0 0 0 0.327739049680531
97 0 0 0 0.3299999516457319
98 0 0 0 0.3331099869683385
99 0 0 0 0.33337308559566736
100 0 0 0 0.34166593104600906
101 0 0 0 0.3196899779140949
102 0 0 0 0.32726104836910963
103 0 0 0 0.3286820137873292
104 0 0 0 0.3563889767974615
105 0 0 0 0.33990107476711273
106 0 0 0 0.32835802994668484
107 0 0 0 0.3239470534026623
108 0 0 0 0.35257998388260603
109 0 0 0 0.33357099164277315
110 0 0 0 0.3196030156686902
111 0 0 0 0.3395500825718045
112 0 0 0 0.32697897404432297
113 0 0 0 0.3343219868838787
114 1 1394948 0.72727275 0.3237440250813961
115 0 0 0 0.3237311029806733
116 0 0 0 0.3263649996370077
117 0 0 0 0.3247769782319665
118 0 0 0 0.35809807013720274
119 0 0 0 0.3397599793970585
120 0 0 0 0.3170610871165991
121 0 0 0 0.3455610712990165
122 0 0 0 0.32312097027897835
123 0 0 0 0.3557569580152631
124 0 0 0 0.34659402444958687
125 0 0 0 0.32703601755201817
126 0 0 0 0.3087091026827693
127 0 0 0 0.33410906326025724
128 0 0 0 0.3434190293774009
129 0 0 0 0.32032502349466085
130 0 0 0 0.3218500642105937
131 0 0 0 0.327648944221437
132 0 0 0 0.3312920453026891
133 0 0 0 0.33630593679845333
134 0 0 0 0.3244520630687475
135 0 0 0 0.33146096393465996
136 0 0 0 0.3341169795021415
137 0 0 0 0.3595800371840596
138 0 0 0 0.35947293508797884
139 0 0 0 0.40040293242782354
140 0 0 0 0.3354400396347046
141 0 0 0 0.3143589710816741
142 0 0 0 0.3294789930805564
143 0 0 0 0.34725095611065626
144 0 0 0 0.3585889935493469
145 0 0 0 0.322759966365993
146 1 1435826 1.0 0.3216529730707407
147 0 0 0 0.3233030438423157
148 0 0 0 0.3261129604652524
149 0 0 0 0.33647194504737854
150 0 0 0 0.3228769637644291
151 0 0 0 0.3392379730939865
152 0 0 0 0.3332190681248903
153 0 0 0 0.33489102497696877
154 0 0 0 0.3128310199826956
155 0 0 0 0.31826505437493324
156 0 0 0 0.3267099382355809
157 0 0 0 0.33013406209647655
158 0 0 0 0.3189800772815943
159 0 0 0 0.3715789644047618
160 0 0 0 0.3505999920889735
161 0 0 0 0.3509360831230879
162 0 0 0 0.35046308767050505
163 0 0 0 0.36459299735724926
164 0 0 0 0.35917700733989477
165 0 0 0 0.37969998084008694
166 0 0 0 0.33358100336045027
167 0 0 0 0.3278499934822321
168 0 0 0 0.3340250113978982
169 0 0 0 0.3299181116744876
170 0 0 0 0.30955509282648563
171 0 0 0 0.3419750137254596
172 0 0 0 0.3252449678257108
173 1 349755 0.75 0.3179420018568635
174 0 0 0 0.33317599445581436
175 0 0 0 0.34670496825128794
176 0 0 0 0.3257689531892538
177 0 0 0 0.33373094629496336
178 0 0 0 0.3273339243605733
179 0 0 0 0.3332271007820964
180 0 0 0 0.3498978912830353
181 0 0 0 0.33800199162214994
182 0 0 0 0.3468140494078398
183 0 0 0 0.3320740070194006
184 0 0 0 0.32711599487811327
185 0 0 0 0.3433589590713382
186 0 0 0 0.32210396602749825
187 0 0 0 0.36471104249358177
188 0 0 0 0.374212977476418
189 0 0 0 0.360797974281013
190 0 0 0 0.34716399386525154
191 0 0 0 0.3732050536200404
192 0 0 0 0.3677599597722292
193 0 0 0 0.3243179526180029
194 0 0 0 0.32778107561171055
195 0 0 0 0.32189395278692245
196 0 0 0 0.33338693901896477
197 0 0 0 0.31877297442406416
198 0 0 0 0.33084896858781576
199 0 0 0 0.34270191099494696
200 0 0 0 0.34110399428755045
201 0 0 0 0.3299800446256995
202 0 0 0 0.3174770390614867
203 0 0 0 0.3288770094513893
204 1 34700 0.8181818 0.31853606924414635
205 0 0 0 0.3304099664092064
206 0 0 0 0.3168770344927907
207 0 0 0 0.3361860290169716
208 0 0 0 0.3274739719927311
209 0 0 0 0.3439940046519041
210 0 0 0 0.3319100942462683
211 0 0 0 0.33227307721972466
212 0 0 0 0.3584220539778471
213 0 0 0 0.32647105399519205
214 0 0 0 0.35107601433992386
215 0 0 0 0.32666604965925217
216 0 0 0 0.34105603117495775
217 0 0 0 0.329122063703835
218 0 0 0 0.3799180267378688
219 0 0 0 0.31961710192263126
220 0 0 0 0.31938892789185047
221 0 0 0 0.32937503419816494
222 0 0 0 0.32014097087085247
223 0 0 0 0.3161539789289236
224 0 0 0 0.31363603193312883
225 0 0 0 0.3603290533646941
226 0 0 0 0.32824696972966194
227 0 0 0 0.35063596442341805
228 0 0 0 0.32473192550241947
229 0 0 0 0.3356420202180743
230 0 0 0 0.34747098106890917
231 0 0 0 0.35982904955744743
232 1 278570 0.7777778 0.34019292797893286
233 0 0 0 0.35892799496650696
234 0 0 0 0.36482897121459246
235 0 0 0 0.374282943084836
236 0 0 0 0.38134900387376547
237 0 0 0 0.3574909642338753
238 0 0 0 0.36487297620624304
239 0 0 0 0.35445799585431814
240 0 0 0 0.3478509606793523
241 0 0 0 0.3647570265457034
242 0 0 0 0.3548230743035674
243 0 0 0 0.37425197660923004
244 0 0 0 0.3527189837768674
245 0 0 0 0.3589800326153636
246 0 0 0 0.3521869657561183
247 0 0 0 0.3659749636426568
248 0 0 0 0.3537359880283475
249 0 0 0 0.34773105289787054
250 0 0 0 0.3592969151213765
251 0 0 0 0.3902959870174527
252 0 0 0 0.3733650082722306
253 0 0 0 0.34873606637120247
254 0 0 0 0.37898600567132235
255 0 0 0 0.3489739028736949
256 0 0 0 0.36697695031762123
257 0 0 0 0.32679096329957247
258 0 0 0 0.32738910522311926
259 0 0 0 0.3292839974164963
260 0 0 0 0.3374149091541767
261 0 0 0 0.3813749644905329
262 0 0 0 0.36373501643538475
263 0 0 0 0.36179006565362215
264 0 0 0 0.36280706990510225
265 0 0 0 0.3577140159904957
266 0 0 0 0.36713702138513327
267 0 0 0 0.35915093030780554
268 0 0 0 0.34544593654572964
269 0 0 0 0.8470590692013502
270 0 0 0 0.8592249359935522
271 0 0 0 0.848792027682066
272 0 0 0 0.452954089269042
273 0 0 0 0.7807270158082247
274 0 0 0 0.41439104825258255
275 0 0 0 0.4406969528645277
276 0 0 0 0.4374190466478467
277 0 0 0 0.4606270231306553
278 0 0 0 0.4152279580011964
279 0 0 0 0.7819430902600288
280 0 0 0 0.5650089588016272
281 0 0 0 0.5315989255905151
282 0 0 0 0.5566739710047841
283 0 0 0 0.43465103954076767
284 0 0 0 0.4450000124052167
285 0 0 0 0.6016630213707685
286 0 0 0 0.7397499866783619
287 0 0 0 0.6091720424592495
288 0 0 0 0.7457470055669546
289 0 0 0 0.6134560098871589
290 0 0 0 0.5565020255744457
291 0 0 0 0.4052399890497327
292 0 0 0 0.3902660682797432
293 0 0 0 0.44546404387801886
294 0 0 0 0.6514800479635596
295 0 0 0 0.6922660395503044
296 0 0 0 0.7703999290242791
297 0 0 0 0.3993490245193243
298 0 0 0 0.547030009329319
299 0 0 0 0.6842500297352672
300 0 0 0 0.5640640156343579
301 0 0 0 0.8729429682716727
302 0 0 0 0.762216979637742
303 0 0 0 0.5635879933834076
304 0 0 0 0.5773010198026896
305 0 0 0 0.7810289971530437
306 0 0 0 0.6024709437042475
307 0 0 0 0.4757799906656146
308 0 0 0 0.4557720385491848
309 0 0 0 0.7827699882909656
310 0 0 0 0.6763050332665443
311 0 0 0 0.6804659496992826
312 0 0 0 0.8352959994226694
313 0 0 0 0.8076609810814261
314 0 0 0 0.5002939142286777
315 0 0 0 0.6606089882552624
316 0 0 0 0.8878640364855528
317 0 0 0 1.0537969646975398
318 0 0 0 0.6032739765942097
319 0 0 0 0.6278309738263488
320 0 0 0 0.8335310267284513
321 0 0 0 0.6885880138725042
322 0 0 0 0.5743459332734346
323 0 0 0 0.7758550345897675
324 0 0 0 0.5935229128226638
325 0 0 0 0.6237269844859838
326 0 0 0 0.6310470635071397
327 0 0 0 0.8645809721201658
328 0 0 0 0.4346390487626195
329 0 0 0 0.8622289169579744
330 0 0 0 0.6617850158363581
331 0 0 0 0.44571596663445234
332 0 0 0 0.8577699773013592
333 0 0 0 0.5577580304816365
334 0 0 0 0.7825830252841115
335 0 0 0 0.6807750323787332
336 0 0 0 0.6209049606695771
337 0 0 0 0.7350379601120949
338 0 0 0 0.716596026904881
339 0 0 0 0.7798600709065795
340 0 0 0 0.4203889984637499
341 0 0 0 0.34404697362333536
342 0 0 0 0.5558630218729377
343 0 0 0 0.8394619217142463
344 0 0 0 0.479330075904727
345 0 0 0 0.44314097613096237
346 0 0 0 0.6906309863552451
347 0 0 0 0.7852209964767098
348 0 0 0 0.5880199605599046
349 0 0 0 0.5030470201745629
350 0 0 0 0.6826409371569753
351 0 0 0 0.44763798359781504
352 0 0 0 0.414673937484622
353 0 0 0 0.8377369958907366
354 0 0 0 0.6308259908109903
355 0 0 0 0.3569689579308033
356 0 0 0 0.5638410802930593
357 0 0 0 0.551064033061266
358 0 0 0 0.35666394978761673
359 0 0 0 0.5347490077838302
360 0 0 0 0.46918902080506086
361 0 0 0 0.7183569250628352
362 0 0 0 0.7825320353731513
363 0 0 0 0.5566820036619902
364 0 0 0 0.3354499349370599
365 0 0 0 0.4187260055914521
366 0 0 0 0.4297589184716344
367 0 0 0 0.56301592849195
368 0 0 0 0.4107359563931823
369 0 0 0 0.5855029448866844
370 0 0 0 0.666780979372561
371 0 0 0 0.5783999804407358
372 0 0 0 0.41352701373398304
373 0 0 0 0.5636250134557486
374 0 0 0 0.37050608079880476
375 0 0 0 0.5681980401277542
376 0 0 0 0.6106180371716619
377 0 0 0 0.48623408656567335
378 0 0 0 0.5713900318369269
379 0 0 0 0.43431692756712437
380 0 0 0 0.5407320568338037
381 0 0 0 0.7246170425787568
382 0 0 0 0.5731619894504547
383 0 0 0 0.5914709763601422
384 0 0 0 0.4233790095895529
385 0 0 0 0.4268860211595893
386 0 0 0 0.7013850845396519
387 0 0 0 0.6952360272407532
388 0 0 0 0.45291497372090816
389 0 0 0 0.5954379448667169
390 0 0 0 0.7344379555433989
391 0 0 0 0.7183559937402606
392 0 0 0 0.5776140606030822
393 0 0 0 0.7266049506142735
394 0 0 0 0.7291689980775118
395 0 0 0 0.73572201654315
396 0 0 0 0.4266579635441303
397 0 0 0 0.4961759550496936
398 0 0 0 0.6319660460576415
399 0 0 0 0.4125660052523017
400 0 0 0 0.6764529971405864
401 0 0 0 0.5171239608898759
402 0 0 0 0.586777925491333
403 0 0 0 0.7569920271635056
404 0 0 0 0.4384169587865472
405 0 0 0 0.682702986523509
406 0 0 0 0.4231430357322097
407 0 0 0 0.6216060137376189
408 0 0 0 0.4434480797499418
409 0 0 0 0.7211309857666492
410 0 0 0 0.6623119115829468
411 0 0 0 0.506417010910809
412 0 0 0 0.7021579658612609
413 0 0 0 0.5703560309484601
414 0 0 0 0.5001489771530032
415 0 0 0 0.6896229460835457
416 0 0 0 0.5920869298279285
417 0 0 0 0.8275139844045043
418 0 0 0 0.7327329367399216
419 0 0 0 0.7344969781115651
420 0 0 0 0.5113520892336965
421 0 0 0 0.8180140284821391
422 0 0 0 0.5037990631535649
423 0 0 0 0.6008780328556895
424 0 0 0 0.48097793478518724
425 0 0 0 0.44937501661479473
426 0 0 0 0.5472350167110562
427 0 0 0 0.7477459730580449
428 0 0 0 0.6048039067536592
429 0 0 0 0.8482279954478145
430 0 0 0 0.7381240138784051
431 0 0 0 0.4504000535234809
432 0 0 0 0.5599119467660785
433 0 0 0 0.4031260032206774
434 0 0 0 0.6264561088755727
435 0 0 0 0.5984940798953176
436 0 0 0 0.6042619934305549
437 0 0 0 0.46231504529714584
438 0 0 0 0.5529680056497455
439 0 0 0 0.7421659538522363
440 0 0 0 0.7888240506872535
441 0 0 0 0.517853070050478
442 0 0 0 0.41095807682722807
443 0 0 0 0.7794819539412856
444 0 0 0 0.510514946654439
445 0 0 0 0.4494920140132308
446 0 0 0 0.6905879126861691
447 0 0 0 0.6695199990645051
448 0 0 0 0.7340149022638798
449 1 1290039 1.0 0.4462490323930979
450 0 0 0 0.5529909394681454
451 0 0 0 0.4277669358998537
452 0 0 0 0.7160779787227511
453 0 0 0 0.7370869861915708
454 0 0 0 0.7574460469186306
455 0 0 0 0.43652206659317017
456 0 0 0 0.7044699741527438
457 0 0 0 0.5152110243216157
458 0 0 0 0.5270879482850432
459 0 0 0 0.8123979205265641
460 0 0 0 0.4426069790497422
461 0 0 0 0.6266640266403556
462 0 0 0 0.3646960249170661
463 0 0 0 0.6128889508545399
464 0 0 0 0.6170360138639808
465 0 0 0 0.6192330038174987
466 0 0 0 0.7614120841026306
467 0 0 0 0.5791990552097559
468 0 0 0 0.8692579576745629
469 0 0 0 0.4427599487826228
470 0 0 0 0.36447495222091675
471 0 0 0 0.45359297655522823
472 0 0 0 0.6927240174263716
473 0 0 0 0.5651769461110234
474 0 0 0 0.6021689623594284
475 0 0 0 0.7550620939582586
476 0 0 0 0.521206995472312
477 0 0 0 0.6832279032096267
478 0 0 0 0.8112710202112794
479 0 0 0 0.7055110763758421
480 0 0 0 0.5069239996373653
481 0 0 0 0.7820790633559227
482 0 0 0 0.34428201615810394
483 0 0 0 0.40964200161397457
484 0 0 0 0.5500440020114183
485 0 0 0 0.740321003831923
486 0 0 0 0.5456579383462667
487 0 0 0 0.8355739992111921
488 0 0 0 0.4649159964174032
489 0 0 0 0.49640005454421043
490 0 0 0 0.43588411062955856
491 0 0 0 0.5073610227555037
492 0 0 0 0.7710229838266969
493 0 0 0 0.44204993173480034
494 0 0 0 0.8008789736777544
495 0 0 0 0.5473919445648789
496 0 0 0 0.7110380101948977
497 0 0 0 0.7394690765067935
498 0 0 0 0.42070308700203896
499 0 0 0 0.6418060511350632
500 0 0 0 0.748960068449378
501 0 0 0 0.8312970167025924
502 0 0 0 0.47668605111539364
503 0 0 0 0.7457259343937039
504 0 0 0 0.5564950406551361
505 0 0 0 0.44870900455862284
506 0 0 0 0.43838704004883766
507 0 0 0 0.6981289479881525
508 0 0 0 0.545836053788662
509 0 0 0 0.5870009772479534
510 0 0 0 0.3530669491738081
511 0 0 0 0.3916689893230796
512 0 0 0 0.6233209278434515
513 0 0 0 0.4004240036010742
514 0 0 0 0.45395095366984606
515 0 0 0 0.7017540046945214
516 0 0 0 0.8478730451315641
517 0 0 0 0.7189250318333507
518 0 0 0 0.6928250659257174
519 0 0 0 0.6974720163270831
520 0 0 0 0.7729210192337632
521 0 0 0 0.6893440149724483
522 0 0 0 0.35477103665471077
523 0 0 0 0.5570879438892007
524 0 0 0 0.5883499979972839
525 0 0 0 0.5089550977572799
526 0 0 0 0.41418406181037426
527 0 0 0 0.6828439654782414
528 0 0 0 0.5515539087355137
529 0 0 0 0.8246649522334337
530 0 0 0 0.5354260792955756
531 0 0 0 0.443523982539773
532 0 0 0 0.5420559318736196
533 0 0 0 0.5502320127561688
534 0 0 0 0.4296309780329466
535 0 0 0 0.49271690659224987
536 0 0 0 0.7421089103445411
537 0 0 0 0.37093006540089846
538 0 0 0 0.689798966050148
539 0 0 0 0.7994620827957988
540 0 0 0 0.5125959869474173
541 0 0 0 0.7112979656085372
542 0 0 0 0.4557729698717594
543 0 0 0 0.710940919816494
544 0 0 0 0.4021580098196864
545 0 0 0 0.35918899811804295
546 0 0 0 0.7889079861342907
547 0 0 0 0.5655610002577305
548 0 0 0 0.6761898985132575
549 0 0 0 0.7096950430423021
550 0 0 0 0.5835470510646701
551 0 0 0 0.4529320867732167
552 0 0 0 0.4351759562268853
553 0 0 0 0.802069902420044
554 0 0 0 0.689350999891758
555 0 0 0 0.3839839482679963
556 0 0 0 0.4089249996468425
557 0 0 0 0.5671030376106501
558 0 0 0 0.6935460260137916
559 0 0 0 0.6938400911167264
560 0 0 0 0.4527410492300987
561 0 0 0 0.5703320493921638
562 0 0 0 0.4456759197637439
563 0 0 0 0.7142339600250125
564 0 0 0 0.41392899584025145
565 0 0 0 0.5161509616300464
566 0 0 0 0.5871860776096582
567 0 0 0 0.37177104968577623
568 0 0 0 0.5051189800724387
569 0 0 0 0.6958360318094492
570 0 0 0 0.7995560299605131
571 0 0 0 0.534652965143323
572 0 0 0 0.5987529875710607
573 0 0 0 0.4624190041795373
574 0 0 0 0.7769209332764149
575 0 0 0 0.5013949703425169
576 0 0 0 0.5930149927735329
577 0 0 0 0.41594693902879953
578 0 0 0 0.43537700548768044
579 0 0 0 0.547258066944778
580 0 0 0 0.8214040426537395
581 0 0 0 0.561452005058527
582 0 0 0 0.475557055324316
583 0 0 0 0.5670710233971477
584 0 0 0 0.4397589946165681
585 0 0 0 0.4416059236973524
586 0 0 0 0.354178948327899
587 0 0 0 0.4749259678646922
588 0 0 0 0.39154093246906996
589 0 0 0 0.7577169453725219
590 0 0 0 0.5114350933581591
591 0 0 0 0.6961970357224345
592 0 0 0 0.7747510680928826
593 0 0 0 0.5629729712381959
594 0 0 0 0.5737229948863387
595 0 0 0 0.7775769336149096
596 0 0 0 0.8045940194278955
597 0 0 0 0.6193550070747733
598 0 0 0 0.6191160064190626
599 0 0 0 0.4952900344505906
600 0 0 0 0.6092869443818927
601 0 0 0 0.44419500045478344
602 0 0 0 0.4805170465260744
603 0 0 0 0.8742449572309852
604 0 0 0 0.44003594666719437
605 0 0 0 0.753659987822175
606 0 0 0 0.85575005505234
607 0 0 0 0.8290179539471865
608 0 0 0 0.7357320282608271
609 0 0 0 0.5774589953944087
610 0 0 0 0.5631980020552874
611 0 0 0 0.724966055713594
612 0 0 0 0.44063699897378683
613 0 0 0 0.5687299417331815
614 0 0 0 0.7557079661637545
615 0 0 0 0.44766790233552456
616 0 0 0 0.575684942305088
617 0 0 0 0.48701895866543055
618 0 0 0 0.7569639710709453
619 0 0 0 0.4491959698498249
620 0 0 0 0.3812219947576523
621 0 0 0 0.4935369361191988
622 0 0 0 0.8444170234724879
623 0 0 0 0.7709540659561753
624 0 0 0 0.4444769583642483
625 0 0 0 0.5634690169245005
626 0 0 0 0.48035208601504564
627 0 0 0 0.4784029442816973
628 0 0 0 0.4387550288811326
629 0 0 0 0.7660019909963012
630 0 0 0 0.7044309750199318
631 0 0 0 0.4061709623783827
632 0 0 0 0.41522993706166744
633 0 0 0 0.6123359780758619
634 0 0 0 0.8157810661941767
635 0 0 0 0.443708966486156
636 0 0 0 0.4196850350126624
637 0 0 0 0.7807930232957006
638 0 0 0 0.40547410026192665
639 0 0 0 0.38877699989825487
640 0 0 0 0.7874489529058337
641 0 0 0 0.6805859738960862
642 0 0 0 0.6737220101058483
643 0 0 0 0.5968048935756087
644 0 0 0 0.5602809833362699
645 0 0 0 0.8922331035137177
646 0 0 0 0.6988400127738714
647 0 0 0 0.5281779449433088
648 0 0 0 0.41904894169420004
649 0 0 0 0.4551720339804888
650 0 0 0 0.7000539917498827
651 0 0 0 0.3660349175333977
652 0 0 0 0.5503459833562374
653 0 0 0 0.43271295726299286
654 0 0 0 0.8087690221145749
655 0 0 0 0.8050790056586266
656 0 0 0 0.7393190171569586
657 0 0 0 0.44548604637384415
658 0 0 0 0.6264469120651484
659 0 0 0 0.6148889660835266
660 0 0 0 0.7586460560560226
661 0 0 0 0.44473004527390003
662 0 0 0 0.5586970364674926
663 0 0 0 0.6221279036253691
664 0 0 0 0.5816860357299447
665 0 0 0 0.6073999684303999
666 0 0 0 0.8194249821826816
667 0 0 0 0.7210810435935855
668 0 0 0 0.7560240337625146
669 0 0 0 0.5030629690736532
670 0 0 0 0.7221039850264788
671 0 0 0 0.68951107095927
672 0 0 0 0.6716951029375196
673 1 1065952 0.7058824 0.4359809681773186
674 0 0 0 0.7936439942568541
675 0 0 0 0.5420359084382653
676 0 0 0 0.45084592420607805
677 0 0 0 0.353075098246336
678 0 0 0 0.4054709570482373
679 0 0 0 0.41963893454521894
680 0 0 0 0.796007108874619
681 0 0 0 0.5647999932989478
682 0 0 0 0.6380750564858317
683 0 0 0 0.7558270590379834
684 0 0 0 0.7471529534086585
685 0 0 0 0.3346970770508051
686 0 0 0 0.3915700362995267
687 0 0 0 0.7167869480326772
688 0 0 0 0.7844889769330621
689 0 0 0 0.5723480135202408
690 0 0 0 0.6376239471137524
691 0 0 0 0.7175810169428587
692 0 0 0 0.7270090281963348
693 0 0 0 0.609615002758801
694 0 0 0 0.9305638959631324
695 0 0 0 0.4265860188752413
696 0 0 0 0.5608949577435851
697 0 0 0 0.48757996410131454
698 0 0 0 0.574192963540554
699 0 0 0 0.7945570396259427
700 0 0 0 0.7476620376110077
701 0 0 0 0.4363380139693618
702 0 0 0 0.5367900012061
703 0 0 0 0.7695149397477508
704 0 0 0 0.5550229689106345
705 0 0 0 0.5682969931513071
706 0 0 0 0.6875579711049795
707 0 0 0 0.8090019691735506
708 0 0 0 0.7383989868685603
709 0 0 0 0.8981849532574415
710 0 0 0 0.5731920246034861
711 0 0 0 0.5868719890713692
712 0 0 0 0.7156449137255549
713 1 1242848 1.0 0.3877449780702591
714 0 0 0 0.45855098869651556
715 0 0 0 0.5272530252113938
716 0 0 0 0.8227280341088772
717 0 0 0 0.5815849872305989
718 0 0 0 0.5581210134550929
719 0 0 0 0.7640699623152614
720 0 0 0 0.6590429693460464
721 0 0 0 0.41896908078342676
722 0 0 0 0.8190050721168518
723 0 0 0 0.7188929012045264
724 1 1777302 0.7777778 0.38013607263565063
725 0 0 0 0.7391759427264333
726 0 0 0 0.8901759283617139
727 0 0 0 0.6969500100240111
728 0 0 0 0.7851019036024809
729 0 0 0 0.8424239931628108
730 0 0 0 0.7384609198197722
731 0 0 0 0.4277880070731044
732 0 0 0 0.5866489373147488
733 0 0 0 0.45271299313753843
734 0 0 0 0.5688160890713334
735 0 0 0 0.5601290613412857
736 0 0 0 0.7904469966888428
737 0 0 0 0.3689499571919441
738 0 0 0 0.4077770281583071
739 0 0 0 0.7706891046836972
740 0 0 0 0.39290799759328365
741 0 0 0 0.42277202010154724
742 0 0 0 0.6057389546185732
743 0 0 0 0.7845450891181827
744 0 0 0 0.5100329872220755
745 0 0 0 0.5962209543213248
746 0 0 0 0.60959008987993
747 0 0 0 0.5969840567559004
748 0 0 0 0.695542898029089
749 0 0 0 0.32942998223006725
750 0 0 0 0.5762750515714288
751 0 0 0 0.7019039476290345
752 0 0 0 0.45620801392942667
753 0 0 0 0.560962944291532
754 0 0 0 0.712381093762815
755 0 0 0 0.6868040654808283
756 0 0 0 0.5556030664592981
757 0 0 0 0.6068699294701219
758 0 0 0 0.6488229846581817
759 0 0 0 0.9077249560505152
760 0 0 0 0.9339349344372749
761 0 0 0 0.5854960763826966
762 0 0 0 0.4387520020827651
763 0 0 0 0.5924690049141645
764 0 0 0 0.856348080560565
765 0 0 0 0.48028503078967333
766 0 0 0 0.5392140010371804
767 0 0 0 0.6914091063663363
768 0 0 0 0.7458339678123593
769 0 0 0 1.4238080475479364
770 0 0 0 2.488951082341373
771 0 0 0 2.537839929573238
772 0 0 0 2.2655020002275705
773 0 0 0 3.2927049323916435
774 0 0 0 4.134457092732191
775 0 0 0 3.3034089719876647
776 0 0 0 4.38961002510041
777 0 0 0 2.978248056024313
778 0 0 0 3.3508939668536186
779 0 0 0 4.879337036982179
780 0 0 0 5.809983937069774
781 0 0 0 1.297138980589807
782 0 0 0 3.7065380020067096
783 0 0 0 2.6001720689237118
784 0 0 0 2.8710709884762764
785 0 0 0 4.04284696560353
786 0 0 0 3.7682330003008246
787 0 0 0 5.786812980659306
788 0 0 0 1.7951379995793104
789 0 0 0 1.5361710684373975
790 0 0 0 3.0482590664178133
791 0 0 0 4.278829088434577
792 0 0 0 1.7264389898627996
793 0 0 0 3.0416399240493774
794 0 0 0 3.0116100097075105
795 0 0 0 5.34020597115159
796 0 0 0 4.086518078111112
797 0 0 0 2.457515918649733
798 0 0 0 3.552261972799897
799 0 0 0 1.9188589649274945
800 0 0 0 2.4309480795636773
801 0 0 0 1.3584309490397573
802 0 0 0 2.7438600081950426
803 0 0 0 4.140467033721507
804 0 0 0 1.6469070687890053
805 0 0 0 1.981862005777657
806 0 0 0 5.05146395880729
807 0 0 0 6.3491660403087735
808 0 0 0 6.232272018678486
809 0 0 0 2.0481860265135765
810 0 0 0 4.211314953863621
811 0 0 0 5.532572977244854
812 0 0 0 5.529116955585778
813 0 0 0 3.6334909964352846
814 0 0 0 1.7548599280416965
815 0 0 0 6.071028066799045
816 0 0 0 3.797036944888532
817 0 0 0 1.8662349320948124
818 0 0 0 5.527351051568985
819 0 0 0 2.71571206394583
820 0 0 0 5.5174160515889525
821 0 0 0 3.65734298247844
822 0 0 0 2.570269978605211
823 0 0 0 2.6081270771101117
824 0 0 0 2.883153036236763
825 0 0 0 5.73957001324743
826 0 0 0 3.97455005440861
827 0 0 0 0.9654390159994364
828 0 0 0 3.8059799699112773
829 0 0 0 2.841265988536179
830 0 0 0 3.161552012898028
831 0 0 0 5.108583951368928
832 0 0 0 1.6762970481067896
833 0 0 0 6.007376010529697
834 0 0 0 6.0163530288264155
835 0 0 0 5.1480530528351665
836 0 0 0 3.8486759876832366
837 0 0 0 3.6705320235341787
838 0 0 0 1.9324530148878694
839 0 0 0 1.046983990818262
840 0 0 0 6.6641769371926785
841 0 0 0 3.1661440152674913
842 0 0 0 3.706036019138992
843 0 0 0 5.380496033467352
844 0 0 0 4.26918501034379
845 0 0 0 1.7461590468883514
846 0 0 0 4.0700220270082355
847 0 0 0 4.150199005380273
848 0 0 0 5.677502020262182
849 0 0 0 2.1279260981827974
850 0 0 0 4.462526994757354
851 0 0 0 5.565125960856676
852 0 0 0 5.848110071383417
853 0 0 0 5.786913097836077
854 0 0 0 6.476743961684406
855 0 0 0 2.0038519287481904
856 0 0 0 5.870816996321082
857 0 0 0 1.6795899718999863
858 0 0 0 5.785558954812586
859 0 0 0 2.974542905576527
860 0 0 0 6.398816010914743
861 0 0 0 1.571550965309143
862 0 0 0 4.306701943278313
863 0 0 0 5.311863962560892
864 0 0 0 1.7971319612115622
865 0 0 0 4.277784959413111
866 0 0 0 3.8404749939218163
867 0 0 0 5.212592892348766
868 0 0 0 4.186048987321556
869 0 0 0 2.679165918380022
870 0 0 0 1.9950990099459887
871 0 0 0 6.031394004821777
872 0 0 0 1.454895013011992
873 0 0 0 2.651192946359515
874 0 0 0 5.577062023803592
875 0 0 0 6.750168977305293
876 0 0 0 4.041170002892613
877 0 0 0 3.977942978963256
878 0 0 0 4.124782048165798
879 0 0 0 2.1148519590497017
880 0 0 0 6.164144957438111
881 0 0 0 5.093258921988308
882 0 0 0 6.162874051369727
883 0 0 0 1.4649430522695184
884 0 0 0 5.447453004308045
885 0 0 0 2.080530975945294
886 0 0 0 5.068221013061702
887 0 0 0 4.07039001584053
888 0 0 0 1.6254410147666931
889 0 0 0 1.9919599872082472
890 0 0 0 5.130133009515703
891 0 0 0 5.49618701916188
892 0 0 0 3.7860790034756064
893 0 0 0 5.079291993752122
894 0 0 0 6.182292010635138
895 0 0 0 2.892407006584108
896 0 0 0 3.7416309351101518
897 0 0 0 5.201181978918612
898 0 0 0 3.13968607224524
899 0 0 0 5.037238006480038
900 0 0 0 1.9511959981173277
901 0 0 0 1.4427510323002934
902 0 0 0 3.7002030294388533
903 0 0 0 5.576221039518714
904 0 0 0 5.903084063902497
905 0 0 0 2.645733067765832
906 0 0 0 2.6291359681636095
907 0 0 0 5.015354021452367
908 0 0 0 4.072817973792553
909 0 0 0 1.6954710008576512
910 0 0 0 4.184241988696158
911 0 0 0 2.931541996076703
912 0 0 0 1.961798989214003
913 0 0 0 5.0957450876012444
914 0 0 0 3.0783970141783357
915 0 0 0 4.259948036633432
916 0 0 0 5.682994960807264
917 0 0 0 4.032299038954079
918 0 0 0 2.80767900403589
919 0 0 0 4.006076953373849
920 0 0 0 4.488053033128381
921 0 0 0 5.929659935645759
922 0 0 0 2.764838980510831
923 0 0 0 4.524623975157738
924 0 0 0 5.984543007798493
925 0 0 0 3.020001924596727
926 0 0 0 2.2046819794923067
927 0 0 0 2.814080915413797
928 0 0 0 2.8149669524282217
929 0 0 0 1.6359309665858746
930 0 0 0 4.161429940722883
931 0 0 0 6.201128009706736
932 0 0 0 4.102866048924625
933 0 0 0 1.83164793998003
934 0 0 0 5.890768952667713
935 0 0 0 3.1043150229379535
936 0 0 0 1.547378022223711
937 0 0 0 4.029456060379744
938 0 0 0 2.7074390091001987
939 0 0 0 6.506019039079547
940 0 0 0 5.940250004641712
941 0 0 0 3.8430490531027317
942 0 0 0 4.317678976804018
943 0 0 0 2.007988980039954
944 0 0 0 3.906237077899277
945 0 0 0 3.038026043213904
946 0 0 0 2.681042067706585
947 0 0 0 2.1558949956670403
948 0 0 0 4.117053002119064
949 0 0 0 1.4848329592496157
950 0 0 0 5.786755005829036
951 0 0 0 2.198613015934825
952 0 0 0 4.589686985127628
953 0 0 0 5.984793999232352
954 0 0 0 2.884941059164703
955 0 0 0 5.8624830562621355
956 0 0 0 2.721995930187404
957 0 0 0 4.20234992634505
958 0 0 0 2.043962012976408
959 0 0 0 2.5924460496753454
960 0 0 0 5.224349093623459
961 0 0 0 3.8186649326235056
962 0 0 0 4.345424938946962
963 0 0 0 5.177385988645256
964 0 0 0 5.927040008828044
965 0 0 0 3.1727119348943233
966 0 0 0 1.4930979814380407
967 0 0 0 4.390493035316467
968 0 0 0 3.3966449555009604
969 0 0 0 6.255159969441593
970 0 0 0 4.57501201890409
971 0 0 0 4.291041987016797
972 0 0 0 6.311391014605761
973 0 0 0 6.957910023629665
974 0 0 0 3.8492520106956363
975 0 0 0 3.0774109764024615
976 0 0 0 2.2422190522775054
977 0 0 0 4.072973970323801
978 0 0 0 5.316802999004722
979 0 0 0 5.286125000566244
980 0 0 0 5.276752985082567
981 0 0 0 2.903721993789077
982 0 0 0 1.1360850185155869
983 0 0 0 5.671441089361906
984 0 0 0 5.809422000311315
985 0 0 0 3.8108619628474116
986 0 0 0 5.752447992563248
987 0 0 0 4.043088993057609
988 0 0 0 4.01428306940943
989 0 0 0 6.0304090147838
990 0 0 0 2.828072989359498
991 0 0 0 4.4375170255079865
992 0 0 0 5.971462931483984
993 0 0 0 5.4040009854361415
994 0 0 0 5.320257041603327
995 0 0 0 4.627874935977161
996 0 0 0 5.28430100530386
997 0 0 0 2.6138699613511562
998 0 0 0 1.9003920024260879
999 0 0 0 1.671047997660935
1000 0 0 0 4.107440006919205
1001 0 0 0 4.411961999721825
1002 0 0 0 2.655701944604516
1003 0 0 0 2.6436279295012355
1004 0 0 0 3.2321340404450893
1005 0 0 0 4.645274952054024
1006 0 0 0 4.525179974734783
1007 0 0 0 2.8590529691427946
1008 0 0 0 5.275928997434676
1009 0 0 0 2.013328019529581
1010 0 0 0 3.8662190781906247
1011 0 0 0 3.1322729773819447
1012 0 0 0 5.990109057165682
1013 0 0 0 4.471138003282249
1014 0 0 0 5.694158026017249
1015 0 0 0 4.229557933285832
1016 0 0 0 1.7523369751870632
1017 0 0 0 6.271186983212829
1018 0 0 0 3.177085076458752
1019 0 0 0 4.499427042901516
1020 0 0 0 2.263571950607002
1021 0 0 0 1.5546469949185848
1022 0 0 0 5.98386803176254
1023 0 0 0 6.077602971345186
1024 0 0 0 5.934763001278043
1025 0 0 0 3.2026490662246943
1026 0 0 0 3.9042700082063675
1027 0 0 0 5.276531912386417
1028 0 0 0 5.640498013235629
1029 0 0 0 4.395658033899963
1030 0 0 0 5.456107086502016
1031 0 0 0 4.5170600060373545
1032 0 0 0 5.432323087006807
1033 0 0 0 4.106821957975626
1034 0 0 0 4.27953596226871
1035 0 0 0 1.570685999467969
1036 0 0 0 2.803466049954295
1037 0 0 0 1.5469950158149004
1038 0 0 0 3.2725329510867596
1039 0 0 0 1.7579160630702972
1040 0 0 0 4.248082055710256
1041 0 0 0 5.202293978072703
1042 0 0 0 2.9548039892688394
1043 0 0 0 5.200368002988398
1044 0 0 0 5.640547024086118
1045 0 0 0 5.461298977024853
1046 0 0 0 2.860457985661924
1047 0 0 0 4.542267066426575
1048 0 0 0 5.852364003658295
1049 0 0 0 1.0876120068132877
1050 0 0 0 4.52024198602885
1051 0 0 0 1.7883169930428267
1052 0 0 0 2.038750099018216
1053 0 0 0 3.1077220337465405
1054 0 0 0 5.7267609518021345
1055 0 0 0 2.596106962300837
1056 0 0 0 6.3169789500534534
1057 0 0 0 4.080735030584037
1058 0 0 0 4.055981989949942
1059 0 0 0 5.43019303586334
1060 0 0 0 6.4665969694033265
1061 0 0 0 1.8644341034814715
1062 0 0 0 6.987152970395982
1063 0 0 0 2.0675359992310405
1064 0 0 0 2.9834089800715446
1065 0 0 0 2.700145007111132
1066 0 0 0 5.829968024045229
1067 0 0 0 4.340059938840568
1068 0 0 0 4.728322033770382
1069 0 0 0 1.5466420445591211
1070 0 0 0 2.005352987907827
1071 0 0 0 3.9040730334818363
1072 0 0 0 1.7851709853857756
1073 0 0 0 6.991131929680705
1074 0 0 0 1.5212378930300474
1075 0 0 0 4.317685961723328
1076 0 0 0 3.920721006579697
1077 0 0 0 3.698273911140859
1078 0 0 0 5.026072962209582
1079 0 0 0 2.9449709691107273
1080 0 0 0 5.607596016488969
1081 0 0 0 2.7735320618376136
1082 0 0 0 3.9395519997924566
1083 0 0 0 3.7133790319785476
1084 0 0 0 4.082803032360971
1085 0 0 0 4.535523941740394
1086 0 0 0 6.15740695502609
1087 0 0 0 1.4886109856888652
1088 0 0 0 1.9900150364264846
1089 0 0 0 6.682586972601712
1090 0 0 0 1.4515719376504421
1091 0 0 0 4.352510906755924
1092 0 0 0 2.840289962477982
1093 0 0 0 2.128113992512226
1094 0 0 0 4.547937074676156
1095 0 0 0 5.048266961239278
1096 0 0 0 2.0015910267829895
1097 0 0 0 1.4856199268251657
1098 0 0 0 3.6805779673159122
1099 0 0 0 2.96067597810179
1100 0 0 0 5.144374095834792
1101 0 0 0 3.7425130140036345
1102 0 0 0 5.610456923022866
1103 0 0 0 4.523209063336253
1104 0 0 0 3.9858099771663547
1105 0 0 0 3.987860050983727
1106 0 0 0 4.042685963213444
1107 0 0 0 5.578116979449987
1108 0 0 0 3.9863770361989737
1109 0 0 0 1.41542695928365
1110 0 0 0 1.4560800045728683
1111 0 0 0 6.194035988301039
1112 0 0 0 6.745435995981097
1113 0 0 0 2.8599739307537675
1114 0 0 0 4.6092369593679905
1115 0 0 0 3.2026199623942375
1116 0 0 0 4.449881962500513
1117 0 0 0 1.4384789392352104
1118 0 0 0 4.512595944106579
1119 0 0 0 5.179390078410506
1120 0 0 0 3.742378088645637
1121 0 0 0 4.071909934282303
1122 0 0 0 1.9977129995822906
1123 0 0 0 5.219592014327645
1124 0 0 0 3.777517005801201
1125 0 0 0 2.9960230458527803
1126 0 0 0 6.0471860924735665
1127 0 0 0 4.142146906815469
1128 0 0 0 2.1551509853452444
1129 0 0 0 4.098025965504348
1130 0 0 0 3.1594090396538377
1131 0 0 0 5.801072926260531
1132 0 0 0 6.033140001818538
1133 0 0 0 3.0522079905495048
1134 0 0 0 1.1943060671910644
1135 0 0 0 4.25031699705869
1136 0 0 0 1.7920599784702063
1137 0 0 0 5.782881053164601
1138 0 0 0 4.284330061636865
1139 0 0 0 5.678715999238193
1140 0 0 0 2.9461520025506616
1141 0 0 0 5.913319997489452
1142 0 0 0 6.6606790060177445
1143 0 0 0 5.524576059542596
1144 0 0 0 5.606389022432268
1145 0 0 0 4.0122950449585915
1146 0 0 0 2.787461970001459
1147 0 0 0 5.596839007921517
1148 0 0 0 5.717240972444415
1149 0 0 0 4.583177040331066
1150 0 0 0 2.76129599660635
1151 0 0 0 3.9971210062503815
1152 0 0 0 5.550266010686755
1153 0 0 0 4.400042002089322
1154 0 0 0 4.17770107742399
1155 0 0 0 5.549184046685696
1156 0 0 0 2.655211021192372
1157 0 0 0 5.26461296249181
1158 0 0 0 3.1375500839203596
1159 0 0 0 6.184652098454535
1160 0 0 0 4.612958058714867
1161 0 0 0 4.629143979400396
1162 0 0 0 5.56223199237138
1163 0 0 0 4.145320970565081
1164 0 0 0 4.1162739507853985
1165 0 0 0 1.40784599352628
1166 0 0 0 4.076077020727098
1167 0 0 0 2.5217010406777263
1168 0 0 0 3.6215209402143955
1169 0 0 0 3.6479049595072865
1170 0 0 0 5.594310001470149
1171 0 0 0 2.495163935236633
1172 0 0 0 3.6681729834526777
1173 0 0 0 3.9976530242711306
1174 0 0 0 6.022235029377043
1175 0 0 0 3.4831800730898976
1176 0 0 0 5.438974010758102
1177 0 0 0 5.087608005851507
1178 0 0 0 5.198886967264116
1179 0 0 0 4.962441977113485
1180 0 0 0 4.195421002805233
1181 0 0 0 2.219403046183288
1182 0 0 0 2.5672019692137837
1183 0 0 0 2.907307934947312
1184 0 0 0 2.58241209667176
1185 0 0 0 2.6130679761990905
1186 0 0 0 2.7565129566937685
1187 0 0 0 0.7968819700181484
1188 0 0 0 4.154960974119604
1189 0 0 0 2.602451015263796
1190 0 0 0 5.6005100486800075
1191 0 0 0 5.1341799553483725
1192 0 0 0 5.553017952479422
1193 0 0 0 2.0051919855177402
1194 0 0 0 5.505016073584557
1195 0 0 0 6.104551954194903
1196 0 0 0 2.8900159522891045
1197 0 0 0 3.3143770415335894
1198 0 0 0 4.359476966783404
1199 0 0 0 1.7946360167115927
1200 0 0 0 5.414981045760214
1201 0 0 0 3.071548999287188
1202 0 0 0 2.1169320680201054
1203 0 0 0 2.0302170887589455
1204 0 0 0 4.720989032648504
1205 0 0 0 3.9125760085880756
1206 0 0 0 3.673934959806502
1207 0 0 0 5.8331339387223125
1208 0 0 0 4.616571008227766
1209 0 0 0 2.0551899215206504
1210 0 0 0 6.13138300832361
1211 0 0 0 3.992963000200689
1212 0 0 0 3.7038240116089582
1213 0 0 0 2.566133043728769
1214 0 0 0 1.8761800602078438
1215 0 0 0 2.5454899296164513
1216 0 0 0 5.070452927611768
1217 0 0 0 5.054994020611048
1218 0 0 0 5.698823020793498
1219 0 0 0 3.600614028982818
1220 0 0 0 2.771511091850698
1221 0 0 0 3.9262359496206045
1222 0 0 0 5.400875932537019
1223 0 0 0 5.427003023214638
1224 0 0 0 3.869998035952449
1225 0 0 0 3.078328911215067
1226 0 0 0 3.9434769423678517
1227 0 0 0 3.100717905908823
1228 0 0 0 2.7281990041956306
1229 0 0 0 3.1182740349322557
1230 0 0 0 5.543989944271743
1231 0 0 0 3.8848629919812083
1232 0 0 0 5.989498109556735
1233 0 0 0 3.926065983250737
1234 0 0 0 4.414336988702416
1235 0 0 0 5.521314102225006
1236 0 0 0 1.7861119704321027
1237 0 0 0 5.414566025137901
1238 0 0 0 1.7801789799705148
1239 0 0 0 5.5445360485464334
1240 0 0 0 4.070965922437608
1241 0 0 0 2.4989290395751595
1242 0 0 0 2.5881979381665587
1243 0 0 0 2.5922380154952407
1244 0 0 0 3.7339129485189915
1245 0 0 0 5.532323964871466
1246 0 0 0 5.475213984027505
1247 0 0 0 1.9371060188859701
1248 0 0 0 3.6603849148377776
1249 0 0 0 5.184668931178749
1250 0 0 0 4.089709022082388
1251 0 0 0 1.6887360252439976
1252 0 0 0 1.423231908120215
1253 0 0 0 5.595240974798799
1254 0 0 0 2.6247770292684436
1255 0 0 0 1.8717559287324548
1256 0 0 0 2.913349075242877
1257 0 0 0 3.6268539261072874
1258 0 0 0 4.074302967637777
1259 0 0 0 4.1789939859882
1260 0 0 0 1.7539289547130466
1261 0 0 0 5.064849043264985
1262 0 0 0 1.920470967888832
1263 0 0 0 5.007344065234065
1264 0 0 0 5.059643066488206
1265 0 0 0 4.144869977608323
1266 0 0 0 1.6269460320472717
1267 0 0 0 4.122640006244183
1268 0 0 0 3.6814409540966153
1269 0 0 0 10.351500939577818
1270 0 0 0 11.47510390728712
1271 0 0 0 11.527811991982162
1272 0 0 0 9.524905937723815
1273 0 0 0 5.730214063078165
1274 0 0 0 10.624511982314289
1275 0 0 0 7.3410270269960165
1276 0 0 0 8.769128005951643
1277 0 0 0 11.066459002904594
1278 0 0 0 8.055302081629634
1279 0 0 0 9.641755023039877
1280 0 0 0 7.845257990993559
1281 0 0 0 8.82711389567703
1282 0 0 0 8.0609010765329
1283 0 0 0 7.687679957598448
1284 0 0 0 6.110551999881864
1285 0 0 0 5.958697060123086
1286 0 0 0 11.338273994624615
1287 0 0 0 11.151737067848444
1288 0 0 0 10.700784041546285
1289 0 0 0 13.662733952514827
1290 0 0 0 10.625049006193876
1291 0 0 0 12.468005996197462
1292 0 0 0 10.76756906695664
1293 0 0 0 11.930361040867865
1294 0 0 0 9.663344011642039
1295 0 0 0 11.311507900245488
1296 0 0 0 8.221141062676907
1297 0 0 0 11.627440922893584
1298 0 0 0 9.548836038447917
1299 0 0 0 8.219341980293393
1300 0 0 0 10.968468966893852
1301 0 0 0 9.808778995648026
1302 0 0 0 6.525489967316389
1303 0 0 0 10.831460007466376
1304 0 0 0 10.775242932140827
1305 0 0 0 9.82535001821816
1306 0 0 0 10.69633907172829
1307 0 0 0 10.916379047557712
1308 0 0 0 9.85672208480537
1309 0 0 0 10.767249972559512
1310 0 0 0 7.632964989170432
1311 0 0 0 12.178584933280945
1312 0 0 0 11.60517695825547
1313 0 0 0 10.059369029477239
1314 0 0 0 6.2408719677478075
1315 0 0 0 6.156319053843617
1316 0 0 0 6.803418975323439
1317 0 0 0 9.625974111258984
1318 0 0 0 12.029650039039552
1319 0 0 0 11.45939901471138
1320 0 0 0 11.953777982853353
1321 0 0 0 12.172381044365466
1322 0 0 0 10.117266909219325
1323 0 0 0 10.302533046342432
1324 0 0 0 8.884286042302847
1325 0 0 0 10.436309967190027
1326 0 0 0 9.293381008319557
1327 0 0 0 12.814708054065704
1328 0 0 0 12.395558063872159
1329 0 0 0 11.204433045350015
1330 0 0 0 9.033621987327933
1331 0 0 0 12.599480920471251
1332 0 0 0 10.559108923189342
1333 0 0 0 5.723729031160474
1334 0 0 0 10.197364026680589
1335 0 0 0 9.197214967571199
1336 0 0 0 11.16759900469333
1337 0 0 0 8.095313096418977
1338 0 0 0 8.589527104049921
1339 0 0 0 8.490066975355148
1340 0 0 0 10.402483050711453
1341 0 0 0 11.884559993632138
1342 0 0 0 7.83089199103415
1343 0 0 0 7.337335962802172
1344 0 0 0 8.408097084611654
1345 0 0 0 9.559636935591698
1346 0 0 0 12.973370030522346
1347 0 0 0 12.726039974950254
1348 0 0 0 10.033112950623035
1349 0 0 0 11.061644996516407
1350 0 0 0 10.212432942353189
1351 0 0 0 11.30847493186593
1352 0 0 0 7.8043530229479074
1353 0 0 0 12.307769036851823
1354 0 0 0 7.665459997951984
1355 0 0 0 12.77319306973368
1356 0 0 0 12.702216044999659
1357 0 0 0 6.384367006830871
1358 0 0 0 13.006367022171617
1359 0 0 0 11.687356047332287
1360 0 0 0 11.269757058471441
1361 0 0 0 10.903581976890564
1362 0 0 0 6.001146975904703
1363 0 0 0 5.247527966275811
1364 0 0 0 11.764287017285824
1365 0 0 0 7.30046397075057
1366 0 0 0 10.588758043013513
1367 0 0 0 11.853685020469129
1368 0 0 0 11.778975022025406
1369 0 0 0 9.240376995876431
1370 0 0 0 7.21645203884691
1371 0 0 0 7.88670894689858
1372 0 0 0 8.29040294047445
1373 0 0 0 11.329383007250726
1374 0 0 0 6.213560933247209
1375 0 0 0 10.887749958783388
1376 0 0 0 11.393480002880096
1377 0 0 0 8.620523032732308
1378 0 0 0 8.77542095258832
1379 0 0 0 7.66241701785475
1380 0 0 0 11.856046039611101
1381 0 0 0 8.672546944580972
1382 0 0 0 7.426825002767146
1383 0 0 0 7.557693985290825
1384 0 0 0 10.213428060524166
1385 0 0 0 10.448974091559649
1386 0 0 0 10.107982903718948
1387 0 0 0 5.356873967684805
1388 0 0 0 9.763936046510935
1389 0 0 0 12.055772938765585
1390 0 0 0 5.672079976648092
1391 0 0 0 8.9513820130378
1392 0 0 0 6.187197053804994
1393 0 0 0 11.596458964049816
1394 0 0 0 7.249790010973811
1395 0 0 0 6.134609924629331
1396 0 0 0 6.10083295032382
1397 0 0 0 7.714935927651823
1398 0 0 0 7.938744965940714
1399 0 0 0 8.529545972123742
1400 0 0 0 12.956333928741515
1401 0 0 0 11.596344062127173
1402 0 0 0 10.097743012011051
1403 0 0 0 7.899741060100496
1404 0 0 0 7.8550169710069895
1405 0 0 0 10.582508984953165
1406 0 0 0 10.58770902454853
1407 0 0 0 11.473582009784877
1408 0 0 0 5.689156008884311
1409 0 0 0 8.76696896739304
1410 0 0 0 10.249006911180913
1411 0 0 0 8.524742908775806
1412 0 0 0 11.102879070676863
1413 0 0 0 7.811891031451523
1414 0 0 0 8.341711014509201
1415 0 0 0 8.725275984033942
1416 0 0 0 11.59702695440501
1417 0 0 0 12.109471950680017
1418 0 0 0 8.218721952289343
1419 0 0 0 7.660723989829421
1420 0 0 0 11.086856946349144
1421 0 0 0 6.988841923885047
1422 0 0 0 12.182518024928868
1423 0 0 0 12.891612946987152
1424 0 0 0 7.205393980257213
1425 0 0 0 10.986897046677768
1426 0 0 0 11.877601966261864
1427 0 0 0 11.72018505167216
1428 0 0 0 8.726004976779222
1429 0 0 0 8.730518980883062
1430 0 0 0 6.101479986682534
1431 0 0 0 7.887774030677974
1432 0 0 0 10.981852072291076
1433 0 0 0 7.588731939904392
1434 0 0 0 7.048160070553422
1435 0 0 0 9.045626036822796
1436 0 0 0 10.726423002779484
1437 0 0 0 12.147392029874027
1438 0 0 0 9.311006986536086
1439 0 0 0 7.794784032739699
1440 0 0 0 11.021728976629674
1441 0 0 0 13.910867972299457
1442 0 0 0 13.829966075718403
1443 0 0 0 10.237680980935693
1444 0 0 0 10.70397102739662
1445 0 0 0 11.46799698472023
1446 0 0 0 7.181772962212563
1447 0 0 0 8.18070094101131
1448 0 0 0 10.734854964539409
1449 0 0 0 10.527484002523124
1450 0 0 0 7.886057952418923
1451 0 0 0 10.435652919113636
1452 0 0 0 12.035535997711122
1453 0 0 0 7.1479600155726075
1454 0 0 0 9.025732055306435
1455 0 0 0 7.867061998695135
1456 0 0 0 10.172524023801088
1457 0 0 0 7.4088399996981025
1458 0 0 0 11.678306036628783
1459 0 0 0 12.224466889165342
1460 0 0 0 11.318890959955752
1461 0 0 0 11.1998530337587
1462 0 0 0 12.271700077690184
1463 0 0 0 10.981385945342481
1464 0 0 0 10.702871019020677
1465 0 0 0 6.332661025226116
1466 0 0 0 12.870407081209123
1467 0 0 0 7.450829027220607
1468 0 0 0 7.427318021655083
1469 0 0 0 11.140723014250398
1470 0 0 0 7.805305998772383
1471 0 0 0 8.63666704390198
1472 0 0 0 6.8050900008529425
1473 0 0 0 11.17942004930228
1474 0 0 0 10.942326975055039
1475 0 0 0 7.605002960190177
1476 0 0 0 9.042504010722041
1477 0 0 0 9.259087964892387
1478 0 0 0 10.005728923715651
1479 0 0 0 8.13018495682627
1480 0 0 0 8.623781031928957
1481 0 0 0 6.2237579841166735
1482 0 0 0 8.621894987300038
1483 0 0 0 9.757156018167734
1484 0 0 0 11.07520901132375
1485 0 0 0 11.028521927073598
1486 0 0 0 10.828678030520678
1487 0 0 0 11.050547007471323
1488 0 0 0 13.015214004553854
1489 0 0 0 10.070813004858792
1490 0 0 0 11.376264039427042
1491 0 0 0 7.8820709604769945
1492 0 0 0 11.529492912814021
1493 0 0 0 10.355851030908525
1494 0 0 0 9.955810965038836
1495 0 0 0 9.079120005480945
1496 0 0 0 7.028809981420636
1497 0 0 0 10.037592961452901
1498 0 0 0 9.937268914654851
1499 0 0 0 11.179641005583107
1500 0 0 0 11.784231988713145
1501 0 0 0 7.503350963816047
1502 0 0 0 12.683862005360425
1503 0 0 0 7.698891102336347
1504 0 0 0 10.280446032993495
1505 0 0 0 13.484749011695385
1506 0 0 0 11.164249037392437
1507 1 1381857 1.0 9.028543950989842
1508 0 0 0 10.42831502854824
1509 0 0 0 10.780393029563129
1510 0 0 0 10.667667957022786
1511 0 0 0 10.693222982808948
1512 0 0 0 11.756054940633476
1513 0 0 0 10.116267018020153
1514 0 0 0 9.104017983190715
1515 0 0 0 10.196393937803805
1516 0 0 0 9.416221990250051
1517 0 0 0 7.94396095443517
1518 0 0 0 8.56077205389738
1519 0 0 0 11.454251012764871
1520 0 0 0 7.4431170942261815
1521 0 0 0 7.77233496773988
1522 0 0 0 5.254172021523118
1523 0 0 0 11.8806540267542
1524 0 0 0 6.431738962419331
1525 0 0 0 11.794046964496374
1526 0 0 0 7.9363679978996515
1527 0 0 0 8.762815967202187
1528 0 0 0 10.1345389848575
1529 0 0 0 10.636229999363422
1530 0 0 0 11.085066944360733
1531 0 0 0 11.028831941075623
1532 0 0 0 10.597542976029217
1533 0 0 0 6.190162035636604
1534 0 0 0 7.711994927376509
1535 0 0 0 9.582205093465745
1536 0 0 0 11.174030019901693
1537 0 0 0 7.931530009955168
1538 0 0 0 10.535032022744417
1539 0 0 0 5.625313031487167
1540 0 0 0 11.84467796701938
1541 0 0 0 10.484728962182999
1542 0 0 0 10.183964972384274
1543 0 0 0 10.263100964948535
1544 0 0 0 12.884478084743023
1545 0 0 0 12.810869025997818
1546 0 0 0 7.2491749888285995
1547 0 0 0 10.173071990720928
1548 0 0 0 10.359065025113523
1549 0 0 0 7.926429971121252
1550 0 0 0 10.772312059998512
1551 0 0 0 9.225024026818573
1552 0 0 0 11.046962928958237
1553 0 0 0 11.50819193571806
1554 0 0 0 6.032070959918201
1555 0 0 0 9.615117101930082
1556 0 0 0 11.795848025940359
1557 0 0 0 6.150478031486273
1558 0 0 0 10.425377055071294
1559 0 0 0 9.32387902867049
1560 0 0 0 8.685830980539322
1561 0 0 0 9.179653017781675
1562 0 0 0 8.724288898520172
1563 0 0 0 10.46182296704501
1564 0 0 0 9.900996112264693
1565 0 0 0 7.608426036313176
1566 0 0 0 12.840552954003215
1567 0 0 0 8.21576896123588
1568 0 0 0 9.731051977723837
1569 0 0 0 9.696542983874679
1570 0 0 0 5.115407984703779
1571 0 0 0 7.209221948869526
1572 0 0 0 8.63542198203504
1573 0 0 0 10.216494905762374
1574 0 0 0 10.173217975534499
1575 0 0 0 5.477895028889179
1576 0 0 0 7.804812048561871
1577 0 0 0 10.149069945327938
1578 0 0 0 11.122613912448287
1579 0 0 0 7.588943932205439
1580 0 0 0 9.662243071943521
1581 0 0 0 8.37589893490076
1582 0 0 0 7.82406993675977
1583 0 0 0 8.86300893034786
1584 0 0 0 11.797370039857924
1585 0 0 0 11.160843074321747
1586 0 0 0 7.564061088487506
1587 0 0 0 10.872903047129512
1588 0 0 0 8.283623959869146
1589 0 0 0 11.648238054476678
1590 0 0 0 9.495655074715614
1591 0 0 0 7.4012549594044685
1592 0 0 0 7.995769032277167
1593 0 0 0 11.145244003273547
1594 0 0 0 13.397169997915626
1595 0 0 0 10.01855602953583
1596 0 0 0 11.720763053745031
1597 0 0 0 13.285989058203995
1598 0 0 0 12.254150933586061
1599 0 0 0 10.01482002902776
1600 0 0 0 10.076372069306672
1601 0 0 0 13.433351996354759
1602 0 0 0 11.758436099626124
1603 0 0 0 9.504798916168511
1604 0 0 0 6.412859074771404
1605 0 0 0 7.543817046098411
1606 0 0 0 7.442338042892516
1607 0 0 0 11.260729981586337
1608 0 0 0 7.968920981511474
1609 0 0 0 9.592740912921727
1610 0 0 0 9.0769570088014
1611 0 0 0 6.466528051532805
1612 0 0 0 11.004941072314978
1613 0 0 0 9.079877054318786
1614 0 0 0 11.698624002747238
1615 0 0 0 7.208891911432147
1616 0 0 0 6.18738099001348
1617 0 0 0 11.853582924231887
1618 0 0 0 10.94313501380384
1619 0 0 0 8.834803011268377
1620 0 0 0 10.657288949005306
1621 0 0 0 7.342751021496952
1622 0 0 0 5.720980931073427
1623 0 0 0 10.885179974138737
1624 0 0 0 5.723763024434447
1625 0 0 0 5.4856439819559455
1626 0 0 0 11.393013061024249
1627 0 0 0 11.228929972276092
1628 0 0 0 6.454381044022739
1629 0 0 0 10.975179029628634
1630 0 0 0 12.174798990599811
1631 0 0 0 13.048624037764966
1632 0 0 0 11.464003007858992
1633 0 0 0 10.649306001141667
1634 0 0 0 12.100123916752636
1635 0 0 0 12.638741987757385
1636 0 0 0 8.243530057370663
1637 0 0 0 12.590423924848437
1638 0 0 0 7.935781963169575
1639 0 0 0 12.042960966937244
1640 0 0 0 7.877961965277791
1641 0 0 0 6.454317015595734
1642 0 0 0 10.19745203666389
1643 0 0 0 9.403472999110818
1644 0 0 0 11.778859072364867
1645 0 0 0 8.831308106891811
1646 0 0 0 11.326589970849454
1647 0 0 0 12.600500951521099
1648 0 0 0 8.680709055624902
1649 0 0 0 10.614048107527196
1650 0 0 0 10.42617904022336
1651 0 0 0 12.072543962858617
1652 0 0 0 11.624535080045462
1653 0 0 0 11.525882058776915
1654 0 0 0 8.462756988592446
1655 0 0 0 12.652359902858734
1656 0 0 0 11.850208044052124
1657 0 0 0 6.681417929939926
1658 0 0 0 11.929873027838767
1659 0 0 0 11.292816954664886
1660 0 0 0 7.649515988305211
1661 0 0 0 10.612834012135863
1662 0 0 0 7.403343915939331
1663 0 0 0 7.522464031353593
1664 0 0 0 7.390027982182801
1665 0 0 0 12.44316401425749
1666 0 0 0 5.298353033140302
1667 0 0 0 11.53401704505086
1668 0 0 0 6.320651969872415
1669 0 0 0 9.077979950234294
1670 0 0 0 6.879872060380876
1671 0 0 0 10.863938950933516
1672 0 0 0 11.330761015415192
1673 0 0 0 7.5227770721539855
1674 0 0 0 5.321793956682086
1675 0 0 0 9.471239056438208
1676 0 0 0 5.317540955729783
1677 0 0 0 9.409702033735812
1678 0 0 0 10.27157495263964
1679 0 0 0 9.516192949377
1680 0 0 0 10.974489036016166
1681 0 0 0 8.160893921740353
1682 0 0 0 12.158284080214798
1683 0 0 0 10.25387505069375
1684 0 0 0 13.623557053506374
1685 0 0 0 11.871122987940907
1686 0 0 0 6.933902972377837
1687 0 0 0 12.938620988279581
1688 0 0 0 6.647267029620707
1689 0 0 0 9.44395107217133
1690 0 0 0 10.840151109732687
1691 0 0 0 7.60870601516217
1692 0 0 0 9.919567964971066
1693 0 0 0 13.467627111822367
1694 0 0 0 6.873990059830248
1695 0 0 0 15.140115050598979
1696 0 0 0 13.580940081737936
1697 0 0 0 14.543924015015364
1698 0 0 0 14.52658895868808
1699 0 0 0 15.03805594984442
1700 0 0 0 12.591561069712043
1701 0 0 0 13.47813697066158
1702 0 0 0 13.117071008309722
1703 0 0 0 11.323377955704927
1704 0 0 0 10.97685401327908
1705 0 0 0 12.821657001040876
1706 0 0 0 9.032738045789301
1707 0 0 0 13.832334894686937
1708 0 0 0 11.945508071221411
1709 0 0 0 14.686872949823737
1710 0 0 0 10.327770956791937
1711 0 0 0 12.54492299631238
1712 0 0 0 10.012818034738302
1713 0 0 0 11.404379969462752
1714 0 0 0 11.479965993203223
1715 0 0 0 11.265401029959321
1716 0 0 0 11.225824011489749
1717 0 0 0 8.84936098009348
1718 0 0 0 8.690100978128612
1719 0 0 0 10.880797985009849
1720 0 0 0 8.834523963741958
1721 0 0 0 6.181183038279414
1722 0 0 0 8.653432014398277
1723 0 0 0 7.256626035086811
1724 0 0 0 9.548927075229585
1725 0 0 0 10.958942002616823
1726 0 0 0 7.211496005766094
1727 0 0 0 10.680319974198937
1728 0 0 0 10.648314957506955
1729 0 0 0 9.356866939924657
1730 0 0 0 7.231054012663662
1731 0 0 0 9.09329706337303
1732 0 0 0 12.265946948900819
1733 0 0 0 8.03768599871546
1734 0 0 0 7.666221936233342
1735 0 0 0 7.537905010394752
1736 0 0 0 7.8470970038324594
1737 0 0 0 9.830183000303805
1738 0 0 0 6.385848973877728
1739 0 0 0 12.130513088777661
1740 0 0 0 8.933410979807377
1741 0 0 0 11.37433503754437
1742 0 0 0 6.370595074258745
1743 0 0 0 8.915385114960372
1744 0 0 0 8.336168015375733
1745 0 0 0 8.974233991466463
1746 0 0 0 10.593664948828518
1747 0 0 0 10.40030107833445
1748 0 0 0 13.070813962258399
1749 0 0 0 6.47169491276145
1750 0 0 0 12.206377927213907
1751 0 0 0 9.171191020868719
1752 0 0 0 7.98373797442764
1753 0 0 0 8.973196963779628
1754 0 0 0 9.431825019419193
1755 0 0 0 10.159857920370996
1756 0 0 0 11.585247935727239
1757 0 0 0 11.785808019340038
1758 0 0 0 12.85256294067949
1759 0 0 0 12.549248989671469
1760 0 0 0 10.916718980297446
1761 0 0 0 7.76869198307395
1762 0 0 0 6.8419689778238535
1763 0 0 0 6.850812933407724
1764 0 0 0 12.902489048428833
1765 0 0 0 11.850295006297529
1766 0 0 0 12.59204198140651
1767 0 0 0 9.537657955661416
1768 0 0 0 10.921785957179964
1769 0 0 0 12.188419001176953
1770 0 0 0 13.19582003634423
1771 0 0 0 13.026320957578719
1772 0 0 0 13.043922022916377
1773 0 0 0 13.627446023747325
1774 0 0 0 13.384590041823685
1775 0 0 0 14.169411966577172
1776 0 0 0 12.767061009071767
1777 0 0 0 13.65545904263854
1778 0 0 0 13.451166916638613
1779 0 0 0 13.06564302649349
1780 0 0 0 11.745295953005552
1781 0 0 0 13.407233054749668
1782 0 0 0 12.725256965495646
1783 0 0 0 13.988013961352408
1784 0 0 0 12.743634055368602
1785 0 0 0 13.216596911661327
1786 0 0 0 13.274578028358519
1787 0 0 0 13.80122103728354
1788 0 0 0 12.98076391685754
1789 0 0 0 13.229820993728936
1790 0 0 0 13.303685933351517
1791 0 0 0 13.019248959608376
1792 0 0 0 12.052209000103176
1793 0 0 0 12.624929076991975
1794 0 0 0 13.320920057594776
1795 0 0 0 12.86127301864326
1796 0 0 0 12.693927041254938
1797 0 0 0 12.991650030016899
1798 0 0 0 13.060000026598573
1799 0 0 0 12.225259910337627
1800 0 0 0 14.251813059672713
1801 0 0 0 13.326072948984802
1802 0 0 0 13.02332291379571
1803 0 0 0 14.343691989779472
1804 0 0 0 14.024393982253969
1805 0 0 0 13.813182013109326
1806 0 0 0 14.334527077153325
1807 0 0 0 13.594064046628773
1808 0 0 0 14.45985899772495
1809 0 0 0 14.77543800137937
1810 0 0 0 14.103496097959578
1811 0 0 0 13.858167920261621
1812 0 0 0 13.762249960564077
1813 0 0 0 13.043813058175147
1814 0 0 0 14.038967085070908
1815 0 0 0 12.78723799623549
1816 0 0 0 14.964953996241093
1817 0 0 0 13.839100021868944
1818 0 0 0 12.242043972946703
1819 0 0 0 13.29489704221487
1820 0 0 0 12.082367902621627
1821 0 0 0 13.30558699555695
1822 0 0 0 13.106838916428387
1823 0 0 0 13.412598986178637
1824 0 0 0 13.346880092285573
1825 0 0 0 13.25169496703893
1826 0 0 0 12.19847600441426
1827 0 0 0 13.348446926102042
1828 0 0 0 12.073319056071341
1829 0 0 0 13.437972054816782
1830 0 0 0 14.027898898348212
1831 0 0 0 13.584131025709212
1832 0 0 0 14.736503013409674
1833 0 0 0 14.425572007894516
1834 0 0 0 13.297144905664027
1835 0 0 0 14.36552603263408
1836 0 0 0 14.14174004457891
1837 0 0 0 12.573136016726494
1838 0 0 0 12.928041047416627
1839 0 0 0 13.144064927473664
1840 0 0 0 13.134422013536096
1841 0 0 0 11.989433085545897
1842 0 0 0 13.357397983781993
1843 0 0 0 12.72017799783498
1844 0 0 0 12.840740964747965
1845 0 0 0 13.69041099678725
1846 0 0 0 13.099817093461752
1847 0 0 0 13.237763079814613
1848 0 0 0 12.435254058800638
1849 0 0 0 13.655095943249762
1850 0 0 0 13.565249042585492
1851 0 0 0 14.023113995790482
1852 0 0 0 13.867400004528463
1853 0 0 0 13.282840955071151
1854 0 0 0 12.517192983068526
1855 0 0 0 14.001518953591585
1856 0 0 0 13.613148010335863
1857 0 0 0 14.165533939376473
1858 0 0 0 15.057025011628866
1859 0 0 0 13.134564040228724
1860 0 0 0 13.471377897076309
1861 0 0 0 12.700663995929062
1862 0 0 0 13.834090903401375
1863 0 0 0 13.535815989598632
1864 0 0 0 13.637065072543919
1865 0 0 0 13.394759967923164
1866 0 0 0 13.77230603247881
1867 0 0 0 12.57182692643255
1868 0 0 0 13.482539099641144
1869 0 0 0 13.48741608671844
1870 0 0 0 14.61402594577521
1871 0 0 0 14.901088085025549
1872 0 0 0 14.633952057920396
1873 0 0 0 14.69262398313731
1874 0 0 0 13.627565931528807
1875 0 0 0 14.720779960043728
1876 0 0 0 14.477508957497776
1877 0 0 0 14.198880991898477
1878 0 0 0 13.185332994908094
1879 0 0 0 13.444946031086147
1880 0 0 0 12.974277953617275
1881 0 0 0 13.11299402732402
1882 0 0 0 13.516739942133427
1883 0 0 0 14.502964913845062
1884 0 0 0 13.904671999625862
1885 0 0 0 12.630145065486431
1886 0 0 0 12.000525020994246
1887 0 0 0 13.101929100230336
1888 0 0 0 10.532999993301928
1889 0 0 0 13.086777995340526
1890 0 0 0 13.128356076776981
1891 0 0 0 14.39775200560689
1892 0 0 0 13.314179959706962
1893 0 0 0 13.744783005677164
1894 0 0 0 12.984533095732331
1895 0 0 0 13.54286097921431
1896 0 0 0 12.29771296493709
1897 0 0 0 12.089192983694375
1898 0 0 0 12.81877199653536
1899 0 0 0 13.543669017963111
1900 0 0 0 12.564828037284315
1901 0 0 0 12.491057044826448
1902 0 0 0 13.122734031639993
1903 0 0 0 13.865591958165169
1904 0 0 0 13.1958780111745
1905 0 0 0 12.500292039476335
1906 0 0 0 12.417046003974974
1907 0 0 0 12.828389997594059
1908 0 0 0 14.056161046028137
1909 0 0 0 12.239746050909162
1910 0 0 0 13.045315979979932
1911 0 0 0 13.066334999166429
1912 0 0 0 12.488257023505867
1913 0 0 0 11.775686987675726
1914 0 0 0 11.9956040289253
1915 0 0 0 13.47797003109008
1916 0 0 0 13.372906018048525
1917 0 0 0 13.66857800167054
1918 0 0 0 13.96586699411273
1919 0 0 0 14.579738024622202
1920 0 0 0 14.399892999790609
1921 0 0 0 14.500683988444507
1922 0 0 0 14.029570040293038
1923 0 0 0 13.719860929995775
1924 0 0 0 13.211829005740583
1925 0 0 0 12.673884979449213
1926 0 0 0 12.128198985010386
1927 0 0 0 13.566955924034119
1928 0 0 0 12.350174016319215
1929 0 0 0 12.836385983973742
1930 0 0 0 13.09286302421242
1931 0 0 0 13.52672092616558
1932 0 0 0 14.078282983973622
1933 0 0 0 13.56788701377809
1934 0 0 0 13.55975097976625
1935 0 0 0 16.14948594942689
1936 0 0 0 17.20057800412178
1937 0 0 0 17.69155403599143
1938 0 0 0 17.73615600541234
1939 0 0 0 17.108600004576147
1940 0 0 0 16.32342697121203
1941 0 0 0 16.0098799970001
1942 0 0 0 15.756751992739737
1943 0 0 0 14.956796076148748
1944 0 0 0 14.911163016222417
1945 0 0 0 13.074737042188644
1946 0 0 0 14.789446024224162
1947 0 0 0 15.559002058580518
1948 0 0 0 14.483710052445531
1949 0 0 0 14.139984035864472
1950 0 0 0 14.040730893611908
1951 0 0 0 14.730140916071832
1952 0 0 0 14.078981941565871
1953 0 0 0 16.185148037038743
1954 0 0 0 15.546062961220741
1955 0 0 0 14.626063988544047
1956 0 0 0 14.508718042634428
1957 0 0 0 15.156305045820773
1958 0 0 0 13.03999894298613
1959 0 0 0 14.665227965451777
1960 0 0 0 12.978754006326199
1961 0 0 0 15.310068032704294
1962 0 0 0 14.810627908445895
1963 0 0 0 15.46417095232755
1964 0 0 0 15.679180971346796
1965 0 0 0 15.193706029094756
1966 0 0 0 16.6764979949221
1967 0 0 0 15.919039025902748
1968 0 0 0 15.753225889056921
1969 0 0 0 15.120433061383665
1970 0 0 0 14.252363005653024
1971 0 0 0 14.076253050006926
1972 0 0 0 13.317718054167926
1973 0 0 0 14.112535049207509
1974 0 0 0 12.765760999172926
1975 0 0 0 12.565389974042773
1976 0 0 0 13.777529005892575
1977 0 0 0 13.759342022240162
1978 0 0 0 12.635595980100334
1979 0 0 0 13.507352909073234
1980 0 0 0 13.643004931509495
1981 0 0 0 14.01002798229456
1982 0 0 0 14.492319081909955
1983 0 0 0 14.501342084258795
1984 0 0 0 12.911202968098223
1985 0 0 0 14.621841022744775
1986 0 0 0 12.963159941136837
1987 0 0 0 13.264155946671963
1988 0 0 0 13.65697500295937
1989 0 0 0 13.275937060825527
1990 0 0 0 12.181096011772752
1991 0 0 0 11.296848999336362
1992 0 0 0 12.73482502438128
1993 0 0 0 13.905444997362792
1994 0 0 0 14.352486003190279
1995 0 0 0 13.567600050009787
1996 0 0 0 12.240156065672636
1997 0 0 0 12.379446998238564
1998 0 0 0 13.147250982001424
1999 0 0 0 13.279906008392572
2000 0 0 0 13.497998006641865
2001 0 0 0 12.587859062477946
2002 0 0 0 13.42221803497523
2003 0 0 0 12.055424973368645
2004 0 0 0 13.209471013396978
2005 0 0 0 14.129922026768327
2006 0 0 0 13.582480023615062
2007 0 0 0 13.673050911165774
2008 0 0 0 13.342718011699617
2009 0 0 0 13.480452005751431
2010 0 0 0 13.180710026063025
2011 0 0 0 13.31606402527541
2012 0 0 0 13.358484953641891
2013 0 0 0 13.43406003434211
2014 0 0 0 13.567949994467199
2015 0 0 0 13.978647068142891
2016 0 0 0 13.609373942017555
2017 0 0 0 12.268514954485
2018 0 0 0 13.305741944350302
2019 0 0 0 11.726444005034864
2020 0 0 0 12.449612026102841
2021 0 0 0 14.055346022360027
2022 0 0 0 13.236138969659805
2023 0 0 0 11.292134993709624
2024 0 0 0 12.661354965530336
2025 0 0 0 12.460313038900495
2026 0 0 0 13.239177991636097
2027 0 0 0 14.465038082562387
2028 0 0 0 13.949002022854984
2029 0 0 0 11.866119923070073
2030 0 0 0 14.101965934969485
2031 0 0 0 13.395636924542487
2032 0 0 0 13.845812063664198
2033 0 0 0 13.52989103179425
2034 0 0 0 13.488047989085317
2035 0 0 0 13.401157921180129
2036 0 0 0 14.573848922736943
2037 0 0 0 14.474675990641117
2038 0 0 0 14.20813100412488
2039 0 0 0 14.350009965710342
2040 0 0 0 13.871359056793153
2041 0 0 0 13.622807920910418
2042 0 0 0 14.98872903175652
2043 0 0 0 14.58368799649179
2044 0 0 0 13.379548909142613
2045 0 0 0 14.24210809636861
2046 0 0 0 12.140754028223455
2047 0 0 0 13.720965012907982
2048 0 0 0 13.112353975884616
2049 0 0 0 13.684279983863235
2050 0 0 0 13.664235942997038
2051 0 0 0 13.803713023662567
2052 0 0 0 13.998904963955283
2053 1 1071901 0.71428573 13.481028960086405
2054 0 0 0 12.479936005547643
2055 0 0 0 13.27680901158601
2056 0 0 0 14.601585920900106
2057 0 0 0 13.878603000193834
2058 0 0 0 13.971909997053444
2059 0 0 0 12.336833984591067
2060 0 0 0 13.539553969167173
2061 0 0 0 13.652893016114831
2062 0 0 0 13.31530895549804
2063 0 0 0 12.567749014124274
2064 0 0 0 12.834240915253758
2065 0 0 0 12.885667034424841
2066 0 0 0 12.387922033667564
2067 0 0 0 12.385420966893435
2068 0 0 0 13.424898032099009
2069 0 0 0 14.210524968802929
2070 0 0 0 13.38735199533403
2071 0 0 0 13.071171008050442
2072 0 0 0 14.129791990853846
2073 0 0 0 13.183097005821764
2074 0 0 0 12.871801969595253
2075 0 0 0 12.978091021068394
2076 0 0 0 13.194578932598233
2077 0 0 0 13.572842930443585
2078 0 0 0 13.691523927263916
2079 0 0 0 13.151720049791038
2080 0 0 0 13.45634099561721
2081 0 0 0 13.262546970508993
2082 0 0 0 13.539662933908403
2083 0 0 0 12.073360034264624
2084 0 0 0 13.761384994722903
2085 0 0 0 13.144130003638566
2086 0 0 0 13.728576013818383
2087 0 0 0 13.381322962231934
2088 0 0 0 13.193133985623717
2089 0 0 0 12.903462047688663
2090 0 0 0 13.35156406275928
2091 0 0 0 12.275640037842095
2092 0 0 0 13.563286978751421
2093 0 0 0 13.773428043350577
2094 0 0 0 13.337100041098893
2095 0 0 0 13.39440094307065
2096 0 0 0 13.488242984749377
2097 0 0 0 13.126495061442256
2098 0 0 0 13.340678997337818
2099 0 0 0 12.378031970001757
2100 0 0 0 13.278191909193993
2101 0 0 0 12.143543921411037
2102 0 0 0 12.239890987984836
2103 0 0 0 13.611725997179747
2104 0 0 0 13.03818600717932
2105 0 0 0 13.227574061602354
2106 0 0 0 13.495153980329633
2107 0 0 0 13.026679982431233
2108 0 0 0 11.952438042499125
2109 0 0 0 13.420003931969404
2110 0 0 0 13.278597965836525
2111 0 0 0 12.283193995244801
2112 0 0 0 13.094320078380406
2113 0 0 0 13.530579977668822
2114 0 0 0 12.806402053683996
2115 0 0 0 12.70406402181834
2116 0 0 0 12.988113914616406
2117 0 0 0 13.284516055136919
2118 0 0 0 12.377719976939261
2119 0 0 0 12.824489967897534
2120 0 0 0 13.25144898146391
2121 0 0 0 13.574677985161543
2122 0 0 0 13.771177036687732
2123 0 0 0 13.141406001523137
2124 0 0 0 12.252356042154133
2125 0 0 0 13.38024903088808
2126 0 0 0 13.947542058303952
2127 0 0 0 13.027409906499088
2128 0 0 0 12.643821071833372
2129 0 0 0 13.012125040404499
2130 0 0 0 13.119051000103354
2131 0 0 0 12.826896971091628
2132 0 0 0 12.927668984048069
2133 0 0 0 13.30143993254751
2134 0 0 0 13.230148004367948
2135 0 0 0 12.789534986950457
2136 0 0 0 13.073768001049757
2137 0 0 0 13.31372291315347
2138 0 0 0 12.304314994253218
2139 0 0 0 12.99582002684474
2140 0 0 0 12.51476292964071
2141 0 0 0 12.819955009035766
2142 0 0 0 13.416972942650318
2143 0 0 0 13.284457963891327
2144 0 0 0 14.564306009560823
2145 0 0 0 15.228890930302441
2146 0 0 0 14.733650023117661
2147 0 0 0 14.353065053001046
2148 0 0 0 14.357252977788448
2149 0 0 0 14.965698006562889
2150 0 0 0 14.527134015224874
2151 0 0 0 15.341995982453227
2152 0 0 0 12.229172978550196
2153 0 0 0 14.058938948437572
2154 0 0 0 13.147340971045196
2155 0 0 0 13.214834965765476
2156 0 0 0 12.9503239877522
2157 0 0 0 14.188059023581445
2158 0 0 0 14.80274205096066
2159 0 0 0 14.484144048765302
2160 0 0 0 13.88091396074742
2161 0 0 0 14.225227991119027
2162 0 0 0 14.237911091186106
2163 0 0 0 11.959771974943578
2164 0 0 0 13.611232046969235
2165 0 0 0 14.521825942210853
2166 0 0 0 12.545916019007564
2167 0 0 0 13.4416549699381
2168 0 0 0 13.314896961674094
2169 0 0 0 13.149022008292377
2170 0 0 0 11.171753983944654
2171 0 0 0 13.164244941435754
2172 0 0 0 14.130407012999058
2173 0 0 0 13.900754041969776
2174 0 0 0 13.50068103056401
2175 0 0 0 13.847485999576747
2176 0 0 0 14.32863308582455
2177 0 0 0 13.622111990116537
2178 0 0 0 13.573918025940657
2179 0 0 0 13.426917954348028
2180 0 0 0 13.408866012468934
2181 0 0 0 13.678820920176804
2182 0 0 0 14.151077950373292
2183 0 0 0 15.010925009846687
2184 0 0 0 14.17250488884747
2185 0 0 0 13.005662942305207
2186 0 0 0 13.721580035053194
2187 0 0 0 12.275633052922785
2188 0 0 0 12.05375709105283
2189 0 0 0 14.438745914958417
2190 0 0 0 14.508211053907871
2191 1 1385249 0.7254902 13.01898097153753
2192 0 0 0 15.461570001207292
2193 0 0 0 14.6089670015499
2194 0 0 0 13.663772027939558
2195 0 0 0 14.325744938105345
2196 0 0 0 14.244519057683647
2197 0 0 0 13.710653991438448
2198 0 0 0 13.773264014162123
2199 0 0 0 14.040887937881052
2200 0 0 0 13.827412971295416
2201 0 0 0 13.475781073793769
2202 0 0 0 14.338253997266293
2203 0 0 0 14.66090593021363
2204 0 0 0 13.938709977082908
2205 0 0 0 13.37557495571673
2206 0 0 0 13.449879013933241
2207 0 0 0 13.182740076445043
2208 0 0 0 13.05955310817808
2209 0 0 0 11.784228961914778
2210 0 0 0 12.689916999079287
2211 1 1244220 0.7209302 11.429170030169189
2212 0 0 0 14.02663392946124
2213 0 0 0 13.111577020026743
2214 0 0 0 13.46857997123152
2215 0 0 0 12.641777051612735
2216 0 0 0 13.517320971004665
2217 0 0 0 13.23261798825115
2218 0 0 0 12.39982305560261
2219 0 0 0 12.799040065146983
2220 0 0 0 12.943894020281732
2221 0 0 0 13.208075077272952
2222 0 0 0 13.312333030626178
2223 0 0 0 13.116618967615068
2224 0 0 0 13.460234971717
2225 0 0 0 13.69005092419684
2226 0 0 0 14.258432085625827
2227 0 0 0 15.41366707533598
2228 0 0 0 14.41338297445327
2229 0 0 0 12.369320960715413
2230 0 0 0 11.551024043001235
2231 0 0 0 14.762485981918871
2232 0 0 0 13.70673207566142
2233 0 0 0 13.045091996900737
2234 0 0 0 13.380852062255144
2235 0 0 0 14.102336950600147
2236 0 0 0 13.602576102130115
2237 0 0 0 13.51856894325465
2238 0 0 0 13.378872070461512
2239 0 0 0 12.925517978146672
2240 0 0 0 12.706778012216091
2241 0 0 0 14.375705970451236
2242 0 0 0 13.986019999720156
2243 0 0 0 13.718615053221583
2244 0 0 0 13.481882982887328
2245 0 0 0 12.743168044835329
2246 0 0 0 13.73389398213476
2247 0 0 0 13.678989955224097
2248 0 0 0 12.993030017241836
2249 0 0 0 13.639288023114204
2250 0 0 0 12.18616496771574
2251 0 0 0 12.941572000272572
2252 0 0 0 14.021352981217206
2253 0 0 0 13.933218899182975
2254 0 0 0 13.02441698499024
2255 0 0 0 12.678535073064268
2256 0 0 0 12.438789010047913
2257 0 0 0 14.509578002616763
2258 0 0 0 13.149101985618472
2259 0 0 0 13.494704035110772
2260 0 0 0 12.971422984264791
2261 0 0 0 13.51944892667234
2262 0 0 0 13.59156402759254
2263 0 0 0 13.661104952916503
2264 0 0 0 13.598878984339535
2265 0 0 0 13.573824893683195
2266 0 0 0 13.590930961072445
2267 0 0 0 13.492082012817264
2268 0 0 0 14.151612995192409
2269 0 0 0 14.344633091241121
2270 0 0 0 14.397852006368339
2271 0 0 0 15.352288959547877
2272 0 0 0 13.627449050545692
2273 0 0 0 13.638108968734741
2274 0 0 0 13.023827923461795
2275 0 0 0 13.622054946608841
2276 0 0 0 13.409972074441612
2277 0 0 0 13.48560897167772
2278 0 0 0 12.964794994331896
2279 0 0 0 13.052485999651253
2280 0 0 0 12.772180023603141
2281 0 0 0 13.835171004757285
2282 0 0 0 12.89835199713707
2283 0 0 0 14.517157920636237
2284 0 0 0 14.60254704579711
2285 0 0 0 13.589572045020759
2286 0 0 0 12.70703598856926
2287 0 0 0 14.11415496841073
2288 0 0 0 12.230464955791831
2289 0 0 0 13.750256039202213
2290 0 0 0 14.54947900492698
2291 0 0 0 14.472285052761436
2292 0 0 0 14.60639399010688
2293 0 0 0 12.94518995564431
2294 0 0 0 13.284343993291259
2295 0 0 0 12.776367948390543
2296 0 0 0 13.160926988348365
2297 0 0 0 13.210550998337567
2298 0 0 0 13.68745497893542
2299 0 0 0 13.510707998648286
2300 0 0 0 12.420246028341353
2301 0 0 0 13.315591961145401
2302 0 0 0 14.546792022883892
2303 0 0 0 14.20352200511843
2304 0 0 0 13.895454001612961
2305 0 0 0 14.306325931102037
2306 0 0 0 14.404743094928563
2307 0 0 0 12.920239940285683
2308 0 0 0 15.470164944417775
2309 0 0 0 14.952461002394557
2310 0 0 0 14.696805039420724
2311 0 0 0 15.31312707811594
2312 0 0 0 14.603094896301627
2313 0 0 0 14.8251720238477
2314 0 0 0 14.644773094914854
2315 0 0 0 14.148089103400707
2316 0 0 0 13.974398956634104
2317 0 0 0 13.760840054601431
2318 0 0 0 16.222400008700788
2319 0 0 0 15.915027004666626
2320 0 0 0 16.32092392537743
2321 0 0 0 15.947057981975377
2322 0 0 0 15.829415991902351
2323 0 0 0 15.293419011868536
2324 0 0 0 15.713586006313562
2325 0 0 0 16.80693996604532
2326 0 0 0 16.693745041266084
2327 0 0 0 15.917579061351717
2328 0 0 0 16.34315203409642
2329 0 0 0 14.858699985779822
2330 0 0 0 15.325197950005531
2331 0 0 0 13.915672083385289
2332 0 0 0 16.01777703035623
2333 0 0 0 15.661521931178868
2334 0 0 0 15.907295979559422
2335 0 0 0 14.70785797573626
2336 0 0 0 14.308786019682884
2337 0 0 0 13.912233989685774
2338 0 0 0 13.403516029939055
2339 0 0 0 13.504825066775084
2340 0 0 0 13.33120500203222
2341 0 0 0 13.586482964456081
2342 0 0 0 13.453254010528326
2343 0 0 0 13.675778987817466
2344 0 0 0 14.189596055075526
2345 0 0 0 15.164331067353487
2346 0 0 0 14.655907987616956
2347 0 0 0 14.94455907959491
2348 0 0 0 16.203576000407338
2349 0 0 0 15.832052915357053
2350 0 0 0 15.308754984289408
2351 0 0 0 14.971330994740129
2352 0 0 0 14.089385978877544
2353 0 0 0 12.612291029654443
2354 0 0 0 13.561583939008415
2355 0 0 0 13.883069041185081
2356 0 0 0 13.652809080667794
2357 0 0 0 12.614489998668432
2358 0 0 0 13.188031036406755
2359 0 0 0 13.248295988887548
2360 0 0 0 13.742513954639435
2361 0 0 0 13.681256910786033
2362 0 0 0 13.551635085605085
2363 0 0 0 13.250302989035845
2364 0 0 0 13.771511032246053
2365 0 0 0 13.735288986936212
2366 0 0 0 13.49591906182468
2367 0 0 0 13.268877053633332
2368 0 0 0 13.726276927627623
2369 0 0 0 13.84179899469018
2370 0 0 0 13.513510930351913
2371 0 0 0 13.454681960865855
2372 0 0 0 13.204185059294105
2373 0 0 0 12.868328019976616
2374 0 0 0 13.352492009289563
2375 0 0 0 12.889969977550209
2376 0 0 0 13.128630933351815
2377 0 0 0 12.290950980968773
2378 0 0 0 13.990161009132862
2379 0 0 0 15.089221065863967
2380 0 0 0 13.173626968637109
2381 0 0 0 14.433298027142882
2382 0 0 0 14.203957980498672
2383 0 0 0 13.20898998528719
2384 0 0 0 12.837185990065336
2385 0 0 0 13.17230996210128
2386 0 0 0 13.503030990250409
2387 0 0 0 12.780510005541146
2388 0 0 0 12.572478037327528
2389 0 0 0 13.104486977681518
2390 0 0 0 13.289469061419368
2391 0 0 0 13.446803903207183
2392 0 0 0 13.839140068739653
2393 0 0 0 13.555051991716027
2394 0 0 0 13.791444012895226
2395 0 0 0 13.653379981406033
2396 0 0 0 13.30789492931217
2397 0 0 0 13.275144970975816
2398 0 0 0 14.248288003727794
2399 0 0 0 13.649635016918182
2400 0 0 0 13.539450010284781
2401 0 0 0 11.806876049377024
2402 0 0 0 13.260195031762123
2403 0 0 0 12.920433073304594
2404 0 0 0 13.338919961825013
2405 0 0 0 13.971206964924932
2406 0 0 0 13.411034946329892
2407 0 0 0 12.596050975844264
2408 0 0 0 12.928268988616765
2409 0 0 0 13.456327025778592
2410 0 0 0 13.872516923584044
2411 0 0 0 13.626527041196823
2412 0 0 0 13.274322962388396
2413 0 0 0 14.643767033703625
2414 0 0 0 13.01400305237621
2415 0 0 0 14.753082068637013
2416 0 0 0 14.920257963240147
2417 0 0 0 14.818893047049642
2418 0 0 0 14.3682329216972
2419 0 0 0 13.603286002762616
2420 0 0 0 12.944924994371831
2421 0 0 0 12.833120999857783
2422 0 0 0 12.926238006912172
2423 0 0 0 12.758477940224111
2424 0 0 0 12.789276079274714
2425 0 0 0 12.737620971165597
2426 0 0 0 12.812613975256681
2427 0 0 0 12.624882045201957
2428 0 0 0 12.881455942988396
2429 0 0 0 12.92677503079176
2430 0 0 0 12.469056993722916
2431 0 0 0 13.58539704233408
2432 0 0 0 13.835225021466613
2433 0 0 0 14.447939931415021
2434 0 0 0 14.671944081783295
2435 0 0 0 14.193022972904146
2436 0 0 0 12.142088962718844
2437 0 0 0 14.103968976996839
2438 0 0 0 14.47249692864716
2439 0 0 0 13.94875894766301
2440 0 0 0 14.693557051941752
2441 0 0 0 14.594914042390883
2442 0 0 0 12.827091035433114
2443 0 0 0 13.589803013019264
2444 0 0 0 14.42934200167656
2445 0 0 0 14.238146017305553
2446 0 0 0 14.039059984497726
2447 0 0 0 14.021375915035605
2448 0 0 0 14.41774400882423
2449 0 0 0 14.520094962790608
2450 0 0 0 12.558995047584176
2451 0 0 0 12.993265991099179
2452 0 0 0 13.428821926936507
2453 0 0 0 13.01680994220078
2454 0 0 0 13.501542969606817
2455 0 0 0 13.734633917920291
2456 0 0 0 12.713089003227651
2457 1 1244985 0.754717 12.692349962890148
2458 0 0 0 13.212176039814949
2459 0 0 0 13.260022038593888
2460 0 0 0 12.448288965970278
2461 0 0 0 13.154719024896622
2462 0 0 0 13.026177999563515
2463 0 0 0 12.805012986063957
2464 0 0 0 12.896528001874685
2465 0 0 0 14.034181949682534
2466 0 0 0 14.40684893168509
2467 0 0 0 13.01690994296223
2468 0 0 0 12.978108017705381
2469 0 0 0 12.90780899580568
2470 0 0 0 13.185641029849648
2471 0 0 0 12.941541033796966
2472 0 0 0 13.122641015797853
2473 0 0 0 12.985309003852308
2474 0 0 0 13.56602308806032
2475 0 0 0 13.826578971929848
2476 0 0 0 14.283459982834756
2477 0 0 0 14.363985974341631
2478 0 0 0 14.725783024914563
2479 0 0 0 14.107677969150245
2480 0 0 0 15.637133037671447
2481 0 0 0 16.041310038417578
2482 0 0 0 16.43842796329409
2483 0 0 0 15.45129797887057
2484 0 0 0 14.597725006751716
2485 0 0 0 15.138635993935168
2486 0 0 0 14.59932595025748
2487 0 0 0 13.870548107661307
2488 0 0 0 13.162908027879894
2489 0 0 0 13.72021995484829
2490 0 0 0 13.304925989359617
2491 0 0 0 14.23358591273427
2492 0 0 0 12.94189493637532
2493 0 0 0 13.564724940806627
2494 0 0 0 13.481674948707223
2495 0 0 0 13.338861986994743
2496 0 0 0 13.476282940246165
2497 0 0 0 13.064999016933143
2498 0 0 0 12.647529016248882
2499 0 0 0 13.048456981778145
2500 0 0 0 12.945106020197272
2501 0 0 0 14.39746399410069
2502 0 0 0 14.495057985186577
2503 0 0 0 13.404277036897838
2504 0 0 0 14.059530920349061
2505 0 0 0 13.288927963003516
2506 0 0 0 13.865270069800317
2507 0 0 0 13.343226979486644
2508 0 0 0 13.048205059021711
2509 0 0 0 14.46955802384764
2510 0 0 0 13.890333008021116
2511 0 0 0 13.094270951114595
2512 0 0 0 13.22062499821186
2513 0 0 0 13.185091083869338
2514 0 0 0 13.136036111973226
2515 0 0 0 13.440364971756935
2516 0 0 0 13.309683999978006
2517 0 0 0 13.573269010521472
2518 0 0 0 12.809570063836873
2519 0 0 0 13.34097096696496
2520 0 0 0 13.223262969404459
2521 0 0 0 13.277531950734556
2522 0 0 0 13.667150982655585
2523 0 0 0 13.207286014221609
2524 0 0 0 12.957383994944394
2525 0 0 0 12.959558982402086
2526 0 0 0 13.480107998475432
2527 0 0 0 13.510423013940454
2528 0 0 0 13.153818086721003
2529 0 0 0 13.25030205771327
2530 0 0 0 12.980647967197001
2531 0 0 0 13.481789035722613
2532 0 0 0 13.794066035188735
2533 0 0 0 14.052327023819089
2534 0 0 0 14.704521046951413
2535 0 0 0 13.061438919976354
2536 0 0 0 14.375045080669224
2537 0 0 0 13.678550021722913
2538 0 0 0 13.537544989958405
2539 0 0 0 13.48827697802335
2540 0 0 0 13.352111098356545
2541 0 0 0 13.500075088813901
2542 0 0 0 13.82992893923074
2543 0 0 0 14.202854014001787
2544 0 0 0 14.198809047229588
2545 0 0 0 14.173721079714596
2546 0 0 0 14.062843983992934
2547 0 0 0 14.031350961886346
2548 0 0 0 14.206775929778814
2549 0 0 0 11.899293982423842
2550 0 0 0 11.983182979747653
2551 0 0 0 13.137997011654079
2552 0 0 0 13.030881993472576
2553 0 0 0 13.418789952993393
2554 0 0 0 14.270305051468313
2555 0 0 0 13.910437002778053
2556 0 0 0 12.809521984308958
2557 0 0 0 13.31084396224469
2558 0 0 0 13.285776018165052
2559 0 0 0 13.251387979835272
2560 0 0 0 13.26592790428549
2561 0 0 0 13.94611899740994
2562 0 0 0 13.061058009043336
2563 0 0 0 12.78739096596837
2564 0 0 0 13.015689910389483
2565 0 0 0 12.90531805716455
2566 0 0 0 12.979377992451191
2567 0 0 0 12.5382449477911
2568 0 0 0 12.839265051297843
2569 0 0 0 12.63119000941515
2570 0 0 0 13.17638496402651
2571 0 0 0 13.184805982746184
2572 0 0 0 14.157689060084522
2573 0 0 0 12.766883941367269
2574 0 0 0 12.78620702214539
2575 0 0 0 13.311974937096238
2576 0 0 0 12.481737998314202
2577 0 0 0 12.807977036572993
2578 0 0 0 13.421794050373137
2579 0 0 0 13.804301037453115
2580 0 0 0 13.252817909233272
2581 0 0 0 15.650089015252888
2582 0 0 0 16.272517037577927
2583 0 0 0 16.821734025143087
2584 0 0 0 17.46841997373849
2585 0 0 0 17.7518940763548
2586 0 0 0 19.140022923238575
2587 0 0 0 19.01942305266857
2588 0 0 0 19.966342020779848
2589 0 0 0 19.158076029270887
2590 0 0 0 21.6081669786945
2591 0 0 0 18.55671196244657
2592 0 0 0 15.75264090206474
2593 0 0 0 16.074297949671745
2594 0 0 0 15.42449404951185
2595 0 0 0 15.209311037324369
2596 0 0 0 15.534736099652946
2597 0 0 0 15.129143954254687
2598 0 0 0 14.862030046060681
2599 0 0 0 14.903389965184033
2600 0 0 0 15.19211707636714
2601 0 0 0 14.645445975475013
2602 0 0 0 15.311780967749655
2603 0 0 0 15.208155964501202
2604 0 0 0 14.523223973810673
2605 0 0 0 14.73682199139148
2606 0 0 0 13.881262042559683
2607 0 0 0 14.457655022852123
2608 0 0 0 14.974249992519617
2609 0 0 0 14.635689090937376
2610 0 0 0 14.383154921233654
2611 0 0 0 13.785092975012958
2612 0 0 0 13.632821966893971
2613 0 0 0 13.284484040923417
2614 0 0 0 13.456559972837567
2615 0 0 0 13.686323072761297
2616 0 0 0 14.480259967967868
2617 0 0 0 14.656419982202351
2618 0 0 0 14.179711928591132
2619 0 0 0 14.368229894898832
2620 0 0 0 13.848611037246883
2621 0 0 0 13.589682057499886
2622 0 0 0 13.6300289304927
2623 0 0 0 15.005061053670943
2624 0 0 0 16.949087963439524
2625 0 0 0 18.120883032679558
2626 0 0 0 17.31250900775194
2627 0 0 0 16.693591023795307
2628 0 0 0 16.54964406043291
2629 0 0 0 15.427149017341435
2630 0 0 0 16.379770007915795
2631 0 0 0 18.078141030855477
2632 0 0 0 16.87219296582043
2633 0 0 0 15.043635969050229
2634 0 0 0 14.540920965373516
2635 0 0 0 14.579740003682673
2636 0 0 0 13.650831999257207
2637 0 0 0 13.1600690074265
2638 0 0 0 13.189706020057201
2639 0 0 0 13.324356987141073
2640 0 0 0 13.162889052182436
2641 0 0 0 12.509693042375147
2642 0 0 0 12.812420958653092
2643 0 0 0 13.220460969023407
2644 0 0 0 13.32609192468226
2645 0 0 0 14.393983990885317
2646 0 0 0 13.63521593157202
2647 0 0 0 14.010696089826524
2648 0 0 0 14.83749900944531
2649 0 0 0 13.742164010182023
2650 0 0 0 13.35965993348509
2651 0 0 0 14.161051018163562
2652 0 0 0 14.056522981263697
2653 0 0 0 13.508907984942198
2654 0 0 0 14.069795957766473
2655 0 0 0 13.517369981855154
2656 0 0 0 13.288200949318707
2657 0 0 0 14.747601002454758
2658 0 0 0 13.36669409647584
2659 0 0 0 13.289443915709853
2660 0 0 0 13.119979994371533
2661 0 0 0 18.925399985164404
2662 0 0 0 17.49954209662974
2663 0 0 0 16.70451194513589
2664 0 0 0 16.947029973380268
2665 0 0 0 18.389392993412912
2666 0 0 0 18.783394945785403
2667 0 0 0 16.880245064385235
2668 0 0 0 14.961117994971573
2669 0 0 0 14.47038899641484
2670 0 0 0 14.874323038384318
2671 0 0 0 12.392012984491885
2672 0 0 0 14.376892009750009
2673 0 0 0 13.93815700430423
2674 0 0 0 14.035903965122998
2675 0 0 0 13.983999961055815
2676 0 0 0 14.44705796893686
2677 0 0 0 14.088461990468204
2678 0 0 0 14.427606016397476
2679 0 0 0 13.497959007509053
2680 0 0 0 13.26710102148354
2681 0 0 0 13.435186934657395
2682 0 0 0 13.949410989880562
2683 0 0 0 14.377315994352102
2684 0 0 0 13.125163037329912
2685 0 0 0 13.664618949405849
2686 0 0 0 13.880438986234367
2687 0 0 0 13.715822016820312
2688 0 0 0 13.270284980535507
2689 0 0 0 12.924436945468187
2690 0 0 0 14.129347051493824
2691 0 0 0 13.962308992631733
2692 0 0 0 14.51437990181148
2693 0 0 0 18.167198984883726
2694 0 0 0 18.424328067339957
2695 0 0 0 18.271813984028995
2696 0 0 0 17.734494991600513
2697 0 0 0 20.932682906277478
2698 0 0 0 16.496932948939502
2699 0 0 0 14.904431067407131
2700 0 0 0 13.764638919383287
2701 0 0 0 13.902197009883821
2702 0 0 0 13.832886004820466
2703 0 0 0 14.674023957923055
2704 0 0 0 14.787515974603593
2705 1 1269472 0.75 14.689696952700615
2706 0 0 0 14.101324952207506
2707 0 0 0 14.15917498525232
2708 0 0 0 13.578432030044496
2709 0 0 0 13.751995982602239
2710 0 0 0 14.077788917347789
2711 0 0 0 13.97499197628349
2712 0 0 0 13.803113019093871
2713 0 0 0 13.234933023341
2714 0 0 0 13.561896979808807
2715 0 0 0 12.899901950731874
2716 0 0 0 13.9770150417462
2717 0 0 0 12.839074013754725
2718 0 0 0 12.858665897510946
2719 0 0 0 13.573491014540195
2720 0 0 0 14.375455910339952
2721 0 0 0 14.299807022325695
2722 0 0 0 15.983675024472177
2723 0 0 0 17.425537924282253
2724 0 0 0 17.546740011312068
2725 0 0 0 19.962701946496964
2726 0 0 0 20.265427068807185
2727 0 0 0 18.767046043649316
2728 0 0 0 18.447929993271828
2729 0 0 0 17.381882993504405
2730 0 0 0 16.58087398391217
2731 0 0 0 15.423252945765853
2732 0 0 0 15.963155077770352
2733 0 0 0 15.169315971434116
2734 0 0 0 14.897102024406195
2735 0 0 0 14.30273603182286
2736 0 0 0 14.716070960275829
2737 0 0 0 14.765062020160258
2738 0 0 0 13.599887024611235
2739 0 0 0 13.959078933112323
2740 0 0 0 13.769975979812443
2741 0 0 0 13.52418097667396
2742 0 0 0 14.653325080871582
2743 0 0 0 14.29131010081619
2744 0 0 0 14.474460971541703
2745 0 0 0 14.203125960193574
2746 0 0 0 13.911506976000965
2747 0 0 0 14.208017964847386
2748 0 0 0 14.121479936875403
2749 0 0 0 13.225352973677218
2750 0 0 0 13.205653056502342
2751 0 0 0 14.733672025613487
2752 0 0 0 15.819168998859823
2753 0 0 0 15.814931015484035
2754 0 0 0 16.95905509404838
2755 0 0 0 16.934511018916965
2756 0 0 0 18.971638986840844
2757 0 0 0 19.08624405041337
2758 0 0 0 18.38903990574181
2759 0 0 0 16.989742987789214
2760 0 0 0 16.228925087489188
2761 0 0 0 14.880324015393853
2762 0 0 0 13.792727957479656
2763 0 0 0 15.06932801567018
2764 0 0 0 14.783230028115213
2765 0 0 0 14.413513010367751
2766 0 0 0 14.484636019915342
2767 0 0 0 15.257828985340893
2768 0 0 0 14.489218010567129
2769 0 0 0 0.4948319401592016
2770 0 0 0 0.4548319848254323
2771 0 0 0 0.4770170198753476
2772 0 0 0 0.4660859704017639
2773 1 395769 0.7 0.4885470261797309
2774 0 0 0 0.468409969471395
2775 0 0 0 0.4744540201500058
2776 1 2016249 0.75 0.4570670425891876
2777 0 0 0 0.4585490096360445
2778 0 0 0 0.4971870221197605
2779 1 349755 0.75 0.45921490527689457
2780 1 1575713 0.75 0.45268202666193247
2781 0 0 0 0.471660983748734
2782 0 0 0 0.47571095637977123
2783 1 1275997 1.0 0.4627389134839177
2784 0 0 0 0.453170039691031
2785 0 0 0 0.44631503988057375
2786 0 0 0 0.4762429744005203
2787 0 0 0 0.464112963527441
2788 0 0 0 0.4585079150274396
2789 1 395769 0.7 0.44622598215937614
2790 0 0 0 0.4576689098030329
2791 0 0 0 0.4803870106115937
2792 0 0 0 0.4436600720509887
2793 0 0 0 0.45391195453703403
2794 1 395769 0.7 0.47407601960003376
2795 0 0 0 0.45157107524573803
2796 0 0 0 0.4821140319108963
2797 0 0 0 0.45568798668682575
2798 0 0 0 0.4633880453184247
2799 0 0 0 0.465948018245399
2800 0 0 0 0.4805520875379443
2801 0 0 0 0.46898797154426575
2802 1 1966038 0.75 0.45190099626779556
2803 0 0 0 0.47292199451476336
2804 1 2005362 0.75 0.45669206883758307
2805 0 0 0 0.4833259154111147
2806 0 0 0 0.43960404582321644
2807 0 0 0 0.4405219806358218
2808 0 0 0 0.46066101640462875
2809 1 349755 0.75 0.45268796384334564
2810 0 0 0 0.47438498586416245
2811 0 0 0 0.4587689181789756
2812 0 0 0 0.4618739476427436
2813 0 0 0 0.47614891082048416
2814 1 12965 0.7 0.46680099330842495
2815 0 0 0 0.4663880681619048
2816 0 0 0 0.4641530103981495
2817 1 1113493 0.71428573 0.47011906281113625
2818 0 0 0 0.4539809888228774
2819 1 1275997 0.8181818 0.5318069597706199
2820 0 0 0 0.536274048499763
2821 0 0 0 0.5426820134744048
2822 0 0 0 0.521870912052691
2823 0 0 0 0.5222780164331198
2824 0 0 0 0.46608306001871824
2825 0 0 0 0.47060090582817793
2826 0 0 0 0.483023002743721
2827 0 0 0 0.4797809524461627
2828 0 0 0 0.4788140067830682
2829 0 0 0 0.4955190233886242
2830 0 0 0 0.49836502876132727
2831 0 0 0 0.49078604206442833
2832 0 0 0 0.4666619934141636
2833 1 1965062 0.71428573 0.4955600015819073
2834 0 0 0 0.4981979727745056
2835 0 0 0 0.5131469806656241
2836 0 0 0 0.5203149048611522
2837 0 0 0 0.4903769586235285
2838 0 0 0 0.48802699893713
2839 0 0 0 0.5485439905896783
2840 0 0 0 0.5141999572515488
2841 0 0 0 0.5011180182918906
2842 1 1966652 0.71428573 0.5163970636203885
2843 0 0 0 0.509292003698647
2844 0 0 0 0.5237419391050935
2845 1 395769 0.7 0.5092170322313905
2846 1 395769 0.7 0.5531420465558767
2847 0 0 0 0.5560900317505002
2848 0 0 0 0.5614559631794691
2849 0 0 0 0.5148489726707339
2850 0 0 0 0.5168060306459665
2851 1 395769 0.7 0.5023020785301924
2852 0 0 0 0.5277210148051381
2853 0 0 0 0.5355169996619225
2854 0 0 0 0.521521084010601
2855 0 0 0 0.529172015376389
2856 0 0 0 0.5295750452205539
2857 0 0 0 0.5079439142718911
2858 1 1965062 0.71428573 0.5164530593901873
2859 0 0 0 0.5250950343906879
2860 0 0 0 0.5310509586706758
2861 0 0 0 0.507232965901494
2862 1 1419627 0.7 0.5132750375196338
2863 0 0 0 0.5095270462334156
2864 0 0 0 0.5302599165588617
2865 0 0 0 0.5199700826779008
2866 0 0 0 0.5088419420644641
2867 0 0 0 0.5072400672361255
2868 0 0 0 0.5349819548428059
2869 0 0 0 0.49865804612636566
2870 0 0 0 0.5173989338800311
2871 0 0 0 0.5281609483063221
2872 0 0 0 0.5211910465732217
2873 0 0 0 0.5004479316994548
2874 1 395769 0.7 0.5332720465958118
2875 0 0 0 0.5288480315357447
2876 0 0 0 0.5209370283409953
2877 0 0 0 0.6377900717779994
2878 0 0 0 1.1112550273537636
2879 0 0 0 0.6437209667637944
2880 0 0 0 1.3357349671423435
2881 0 0 0 1.130869030021131
2882 0 0 0 1.2923730537295341
2883 0 0 0 0.9309900924563408
2884 0 0 0 1.248526037670672
2885 0 0 0 1.292870962060988
2886 0 0 0 1.2551720719784498
2887 0 0 0 0.946420943364501
2888 0 0 0 0.7859680335968733
2889 0 0 0 1.0991060407832265
2890 0 0 0 1.2596060987561941
2891 0 0 0 1.0682990541681647
2892 0 0 0 0.7842249469831586
2893 0 0 0 1.2419550912454724
2894 0 0 0 0.9033610112965107
2895 0 0 0 1.2205870589241385
2896 0 0 0 1.173849101178348
2897 0 0 0 0.8562280563637614
2898 0 0 0 0.7752790115773678
2899 0 0 0 1.1695169378072023
2900 0 0 0 1.1528980685397983
2901 0 0 0 0.6670160219073296
2902 0 0 0 0.8578969864174724
2903 0 0 0 0.6665929686278105
2904 0 0 0 0.999156036414206
2905 0 0 0 0.8412350434809923
2906 0 0 0 0.8014889899641275
2907 0 0 0 1.0124220279976726
2908 0 0 0 0.6566609954461455
2909 0 0 0 1.1066899169236422
2910 0 0 0 0.664166989736259
2911 0 0 0 1.042122021317482
2912 0 0 0 0.6298850057646632
2913 1 1038068 0.72727275 0.9368109749630094
2914 1 107633 0.7222222 0.7173739140853286
2915 1 1066998 0.72727275 0.9205180685967207
2916 0 0 0 1.01083901245147
2917 0 0 0 0.6210349965840578
2918 0 0 0 0.992970890365541
2919 0 0 0 0.9768239688128233
2920 0 0 0 0.4866820527240634
2921 0 0 0 1.1415290646255016
2922 0 0 0 1.1423000833019614
2923 0 0 0 0.7753249956294894
2924 0 0 0 0.9779460960999131
2925 0 0 0 0.6532530533149838
2926 0 0 0 0.724668032489717
2927 1 1397567 0.72 0.8861749665811658
2928 0 0 0 0.5024860147386789
2929 1 204345 0.76 0.9771420154720545
2930 0 0 0 1.0933229932561517
2931 0 0 0 0.4852099809795618
2932 0 0 0 0.7729140343144536
2933 0 0 0 0.9657690534368157
2934 0 0 0 0.7415760774165392
2935 0 0 0 0.5902020493522286
2936 0 0 0 1.0144299594685435
2937 0 0 0 0.49809098709374666
2938 0 0 0 0.6128769600763917
2939 0 0 0 0.9965910576283932
2940 0 0 0 0.9881600271910429
2941 0 0 0 0.5175829865038395
2942 0 0 0 0.7205649744719267
2943 0 0 0 1.1005820706486702
2944 0 0 0 0.9765119757503271
2945 0 0 0 0.8903029374778271
2946 0 0 0 0.5086879245936871
2947 0 0 0 1.0275749955326319
2948 0 0 0 0.9929279331117868
2949 0 0 0 0.7792710093781352
2950 0 0 0 1.108556054532528
2951 0 0 0 1.0214970679953694
2952 0 0 0 1.0081510990858078
2953 0 0 0 0.8460960816591978
2954 0 0 0 1.0360609740018845
2955 0 0 0 0.5790700670331717
2956 0 0 0 1.0617789812386036
2957 0 0 0 1.0164780542254448
2958 0 0 0 0.6573130376636982
2959 0 0 0 0.8893579943105578
2960 0 0 0 0.7965120021253824
2961 0 0 0 0.7565399864688516
2962 0 0 0 0.5163779715076089
2963 0 0 0 1.1256480356678367
2964 0 0 0 0.7190309697762132
2965 0 0 0 0.7274559466168284
2966 0 0 0 1.0129640577360988
2967 0 0 0 0.674998969770968
2968 0 0 0 0.7345140911638737
2969 1 1947039 0.7037037 1.1159769492223859
2970 0 0 0 0.8190709631890059
2971 0 0 0 0.7972279563546181
2972 1 819437 0.73333335 0.5885480204597116
2973 0 0 0 0.7454459555447102
2974 0 0 0 0.6199800409376621
2975 0 0 0 0.8233110420405865
2976 0 0 0 0.5087420577183366
2977 0 0 0 0.8294699946418405
2978 0 0 0 0.49442797899246216
2979 0 0 0 0.7250230992212892
2980 1 1603028 0.73333335 0.5036229267716408
2981 0 0 0 0.7453929865732789
2982 1 409111 0.7083333 1.1233070399612188
2983 0 0 0 0.9985920041799545
2984 1 1559667 0.7083333 0.8342450018972158
2985 0 0 0 1.1135248932987452
2986 0 0 0 0.49768202006816864
2987 0 0 0 0.9617239702492952
2988 0 0 0 0.8091450436040759
2989 0 0 0 0.7185570430010557
2990 0 0 0 0.9955439018085599
2991 0 0 0 0.9867269545793533
2992 0 0 0 0.6316289072856307
2993 0 0 0 0.5576270632445812
2994 0 0 0 0.8206799393519759
2995 0 0 0 1.1747450334951282
2996 0 0 0 0.6757429800927639
2997 0 0 0 0.7405329961329699
2998 0 0 0 1.2253239983692765
2999 0 0 0 1.042122021317482
3000 0 0 0 1.2116830330342054
3001 0 0 0 1.0670979972928762
3002 0 0 0 0.8789529092609882
3003 0 0 0 0.5582900485023856
3004 0 0 0 0.6134129362180829
3005 1 627496 0.72727275 1.0532669257372618
3006 0 0 0 0.8841248927637935
3007 1 448565 0.72727275 0.8614530088379979
3008 0 0 0 0.5730339325964451
3009 0 0 0 0.8813219610601664
3010 1 347338 0.7058824 0.632248935289681
3011 0 0 0 1.1403209064155817
3012 0 0 0 0.8541470160707831
3013 0 0 0 1.3148629805073142
3014 0 0 0 0.9638899937272072
3015 0 0 0 1.3298220001161098
3016 0 0 0 0.9306789143010974
3017 1 285372 0.72727275 1.1752559803426266
3018 0 0 0 1.1558750411495566
3019 0 0 0 0.9566320804879069
3020 0 0 0 1.1824030661955476
3021 0 0 0 0.74540707282722
3022 0 0 0 0.8777909679338336
3023 0 0 0 1.31997000426054
3024 0 0 0 1.1999260168522596
3025 0 0 0 1.205631997436285
3026 0 0 0 1.3230759650468826
3027 0 0 0 1.0821860050782561
3028 0 0 0 1.6267970204353333
3029 0 0 0 1.5374179929494858
3030 0 0 0 1.456875936128199
3031 0 0 0 1.5345419524237514
3032 0 0 0 0.8508219616487622
3033 0 0 0 0.8192399982362986
3034 0 0 0 1.0729769710451365
3035 0 0 0 0.6771179614588618
3036 0 0 0 1.3299629790708423
3037 1 107633 0.7222222 0.9250219445675611
3038 0 0 0 0.9226219262927771
3039 0 0 0 1.0257980320602655
3040 1 1486047 0.71428573 1.7011750023812056
3041 1 339759 0.75 1.831298926845193
3042 0 0 0 1.9204459385946393
3043 0 0 0 0.772048020735383
3044 0 0 0 1.8247270490974188
3045 0 0 0 2.1697680931538343
3046 0 0 0 2.869115909561515
3047 0 0 0 0.9269919246435165
3048 0 0 0 1.0616750223562121
3049 0 0 0 1.2401940766721964
3050 1 898570 0.72 1.5924809267744422
3051 0 0 0 1.1079750256612897
3052 0 0 0 1.7206129850819707
3053 0 0 0 1.3991399900987744
3054 0 0 0 1.039355993270874
3055 0 0 0 1.1166600743308663
3056 0 0 0 1.3551850570365787
3057 0 0 0 0.6965759675949812
3058 0 0 0 0.8293410064652562
3059 0 0 0 0.6958820158615708
3060 0 0 0 1.5236589824780822
3061 0 0 0 1.4862649841234088
3062 0 0 0 0.6554740248247981
3063 0 0 0 1.2398849939927459
3064 0 0 0 1.2670480646193027
3065 0 0 0 0.6152749992907047
3066 0 0 0 0.9550540708005428
3067 0 0 0 1.2068430660292506
3068 0 0 0 1.0143789695575833
3069 0 0 0 0.8686819346621633
3070 0 0 0 1.1991829378530383
3071 0 0 0 0.7995179621502757
3072 0 0 0 0.7591730682179332
3073 0 0 0 0.7894330192357302
3074 0 0 0 1.2708189897239208
3075 0 0 0 1.3167979195713997
3076 0 0 0 0.7693161023780704
3077 0 0 0 1.2542610056698322
3078 0 0 0 0.6620950298383832
3079 0 0 0 1.2748870067298412
3080 0 0 0 0.626924098469317
3081 0 0 0 0.674982089549303
3082 0 0 0 0.6893279496580362
3083 0 0 0 1.1085859732702374
3084 0 0 0 0.7088140118867159
3085 0 0 0 0.8758240146562457
3086 1 31737 0.7 0.6461800076067448
3087 0 0 0 0.6277279462665319
3088 0 0 0 1.230331021361053
3089 0 0 0 0.948857981711626
3090 0 0 0 0.8473258931189775
3091 0 0 0 0.6936410209164023
3092 0 0 0 0.6358230020850897
3093 0 0 0 1.1193929240107536
3094 0 0 0 0.8645580383017659
3095 0 0 0 1.0609630262479186
3096 0 0 0 1.1892149923369288
3097 0 0 0 0.5609249928966165
3098 0 0 0 1.1854710755869746
3099 0 0 0 1.0987060377374291
3100 0 0 0 0.879768980666995
3101 0 0 0 0.7787490030750632
3102 0 0 0 0.7387169171124697
3103 0 0 0 1.1376839829608798
3104 0 0 0 0.6570148980244994
3105 0 0 0 1.170851057395339
3106 0 0 0 1.164975925348699
3107 0 0 0 1.0167460422962904
3108 0 0 0 1.0029430268332362
3109 0 0 0 0.8230709936469793
3110 0 0 0 0.7301419973373413
3111 0 0 0 1.0384259512647986
3112 0 0 0 1.1418100912123919
3113 0 0 0 0.7888770196586847
3114 0 0 0 1.1164089664816856
3115 0 0 0 1.1205130722373724
3116 0 0 0 1.0090420255437493
3117 1 2096830 0.75 0.5502729909494519
3118 1 962300 0.71428573 0.954761984758079
3119 0 0 0 0.6320409011095762
3120 0 0 0 0.7085930556058884
3121 0 0 0 0.7839150493964553
3122 0 0 0 1.1322660138830543
3123 0 0 0 0.7132809842005372
3124 0 0 0 1.0376450372859836
3125 0 0 0 0.6438539130613208
3126 0 0 0 0.7842800114303827
3127 0 0 0 1.056098029948771
3128 0 0 0 0.8263570489361882
3129 0 0 0 0.5980489077046514
3130 0 0 0 0.5535540403798223
3131 0 0 0 0.4968040157109499
3132 0 0 0 0.8084060391411185
3133 0 0 0 0.4642339190468192
3134 1 478413 0.71428573 0.7242070278152823
3135 0 0 0 0.8023770060390234
3136 0 0 0 0.7961320225149393
3137 0 0 0 0.7260870188474655
3138 1 218293 0.73913044 0.8005650015547872
3139 0 0 0 0.8073290809988976
3140 0 0 0 1.0803090408444405
3141 1 458266 0.7083333 1.0814819252118468
3142 0 0 0 0.7884000660851598
3143 0 0 0 1.069281017407775
3144 0 0 0 0.9455760009586811
3145 0 0 0 0.9499459993094206
3146 0 0 0 0.8031289326027036
3147 0 0 0 0.9622270008549094
3148 0 0 0 0.4760980373248458
3149 0 0 0 0.5094049265608191
3150 0 0 0 0.7805059431120753
3151 0 0 0 0.9312659967690706
3152 0 0 0 1.0746689513325691
3153 0 0 0 0.749362981878221
3154 0 0 0 0.7844929350540042
3155 0 0 0 0.5505019798874855
3156 0 0 0 0.8318999316543341
3157 0 0 0 1.0856320150196552
3158 0 0 0 0.9423340670764446
3159 0 0 0 0.7290730718523264
3160 0 0 0 1.0911920107901096
3161 0 0 0 1.1159450514242053
3162 0 0 0 0.5716499872505665
3163 0 0 0 1.1028980370610952
3164 0 0 0 0.5910720210522413
3165 0 0 0 0.9666959522292018
3166 1 1970193 0.72727275 0.8966679451987147
3167 0 0 0 1.0887819807976484
3168 0 0 0 1.110909041017294
3169 0 0 0 0.7070120191201568
3170 0 0 0 1.0896169114857912
3171 0 0 0 0.53832505363971
3172 0 0 0 0.7842089980840683
3173 0 0 0 1.022837939672172
3174 0 0 0 0.9613609872758389
3175 0 0 0 0.9531339164823294
3176 0 0 0 0.5014580674469471
3177 0 0 0 1.1224379995837808
3178 0 0 0 0.7799110608175397
3179 0 0 0 0.5869779270142317
3180 0 0 0 0.47961005475372076
3181 0 0 0 1.0135519551113248
3182 0 0 0 0.7319269934669137
3183 0 0 0 0.7038050098344684
3184 0 0 0 0.6067330250516534
3185 0 0 0 0.7065900135785341
3186 0 0 0 1.1235169367864728
3187 0 0 0 0.5892240442335606
3188 0 0 0 0.9990339167416096
3189 0 0 0 0.79415796790272
3190 0 0 0 1.0973569005727768
3191 1 440333 0.7619048 0.825067050755024
3192 0 0 0 1.06819998472929
3193 0 0 0 0.707562081515789
3194 0 0 0 0.7260639686137438
3195 0 0 0 0.6002280861139297
3196 0 0 0 1.22369104065001
3197 0 0 0 1.0651539778336883
3198 0 0 0 0.7634409703314304
3199 0 0 0 0.5382890813052654
3200 0 0 0 0.9441380389034748
3201 0 0 0 0.633717980235815
3202 0 0 0 0.8026300929486752
3203 1 204345 0.76 0.9465879993513227
3204 0 0 0 1.0604070266708732
3205 0 0 0 1.0341029847040772
3206 0 0 0 0.4982890095561743
3207 0 0 0 0.9312189649790525
3208 0 0 0 0.7748128846287727
3209 0 0 0 0.762599054723978
3210 1 2449055 0.73913044 0.8412529714405537
3211 0 0 0 1.0726280743256211
3212 0 0 0 0.7649989565834403
3213 0 0 0 0.9684700053185225
3214 0 0 0 0.9442419977858663
3215 0 0 0 1.0599939851090312
3216 1 356254 0.71428573 0.6246590055525303
3217 0 0 0 0.9364940924569964
3218 0 0 0 0.7564059924334288
3219 0 0 0 0.48947299364954233
3220 0 0 0 1.0401270119473338
3221 0 0 0 1.0489699197933078
3222 0 0 0 0.9864340536296368
3223 0 0 0 0.5272160051390529
3224 0 0 0 0.9240690851584077
3225 1 1671860 0.7368421 0.6037820130586624
3226 0 0 0 1.053627929650247
3227 0 0 0 0.7118679350242019
3228 0 0 0 1.0593179613351822
3229 0 0 0 1.0556159541010857
3230 0 0 0 1.069944933988154
3231 0 0 0 0.669770990498364
3232 0 0 0 0.9360859403386712
3233 0 0 0 0.9163180366158485
3234 0 0 0 0.6349569885060191
3235 0 0 0 0.692490953952074
3236 0 0 0 0.5202440079301596
3237 0 0 0 0.6473540561273694
3238 0 0 0 0.7633289787918329
3239 0 0 0 1.0686819441616535
3240 0 0 0 0.6068759830668569
3241 0 0 0 0.6380960112437606
3242 0 0 0 0.6011510267853737
3243 0 0 0 0.7820009486749768
3244 0 0 0 1.0670459596440196
3245 1 2162562 0.7619048 0.6638979539275169
3246 0 0 0 1.0842360788956285
3247 0 0 0 0.6386059103533626
3248 1 107237 0.7777778 0.6485569756478071
3249 0 0 0 0.9830830385908484
3250 0 0 0 0.5718839820474386
3251 0 0 0 0.9496089769527316
3252 0 0 0 0.5128990160301328
3253 0 0 0 0.804021954536438
3254 0 0 0 0.6128069944679737
3255 0 0 0 1.0384341003373265
3256 0 0 0 0.9729600278660655
3257 0 0 0 0.8170469664037228
3258 0 0 0 0.6236550398170948
3259 0 0 0 0.7964560063555837
3260 0 0 0 0.61634904704988
3261 0 0 0 0.6321709370240569
3262 0 0 0 0.7058570627123117
3263 0 0 0 1.0018700268119574
3264 0 0 0 0.7530190050601959
3265 0 0 0 0.6152769783511758
3266 0 0 0 0.6194860907271504
3267 0 0 0 0.9743310511112213
3268 0 0 0 0.6424890598282218
3269 0 0 0 1.0776780545711517
3270 0 0 0 0.585622969083488
3271 0 0 0 0.6444399477913976
3272 0 0 0 0.9851389331743121
3273 0 0 0 0.5707459058612585
3274 0 0 0 0.7814890705049038
3275 0 0 0 1.109156059101224
3276 1 1780527 0.72727275 1.0346450144425035
3277 0 0 0 0.7900160271674395
3278 0 0 0 1.1011300375685096
3279 0 0 0 0.91593898832798
3280 0 0 0 0.9333919733762741
3281 0 0 0 0.9799289982765913
3282 0 0 0 0.9596719173714519
3283 0 0 0 1.0813629487529397
3284 0 0 0 0.6575389998033643
3285 1 616720 0.7 0.6047269562259316
3286 0 0 0 1.0855080327019095
3287 0 0 0 0.7750929798930883
3288 0 0 0 1.1277049779891968
3289 0 0 0 0.9389780461788177
3290 0 0 0 0.7034540176391602
3291 1 1960701 0.7 0.9650270221754909
3292 0 0 0 0.8257880108430982
3293 0 0 0 1.069611986167729
3294 0 0 0 0.9353409986943007
3295 0 0 0 0.7482639048248529
3296 0 0 0 1.0078869527205825
3297 0 0 0 0.7440519984811544
3298 0 0 0 0.6089659873396158
3299 0 0 0 0.7116930792108178
3300 0 0 0 0.934542971663177
3301 0 0 0 0.7234939839690924
3302 0 0 0 0.779004069045186
3303 0 0 0 0.7597999647259712
3304 0 0 0 0.5384789546951652
3305 0 0 0 0.5017879884690046
3306 0 0 0 0.762401963584125
3307 0 0 0 1.0554540203884244
3308 1 111319 0.7083333 1.0934339370578527
3309 0 0 0 0.950164976529777
3310 0 0 0 1.019021961838007
3311 0 0 0 0.6282479735091329
3312 0 0 0 0.8235560962930322
3313 1 1366606 0.71428573 0.614466960541904
3314 0 0 0 0.5743009969592094
3315 0 0 0 1.085723051801324
3316 0 0 0 1.1065109865739942
3317 0 0 0 0.7802320178598166
3318 0 0 0 1.102216076105833
3319 1 887851 0.7619048 0.8013540646061301
3320 0 0 0 0.9830159833654761
3321 0 0 0 1.0035319719463587
3322 0 0 0 0.7782340981066227
3323 0 0 0 0.9395780507475138
3324 0 0 0 1.0673280339688063
3325 0 0 0 0.9519349550828338
3326 0 0 0 0.9595180163159966
3327 0 0 0 0.7521590450778604
3328 0 0 0 0.9246879490092397
3329 0 0 0 0.7560759549960494
3330 0 0 0 0.7693029474467039
3331 0 0 0 0.9371850173920393
3332 0 0 0 1.0680468985810876
3333 0 0 0 0.9219660423696041
3334 0 0 0 0.7552999304607511
3335 1 942245 0.71428573 0.51156897097826
3336 0 0 0 1.068198005668819
3337 0 0 0 0.9712119353935122
3338 0 0 0 0.7473499281331897
3339 0 0 0 0.6263470277190208
3340 0 0 0 0.5457719089463353
3341 0 0 0 0.5973590305075049
3342 0 0 0 0.6195669993758202
3343 0 0 0 0.8164240280166268
3344 0 0 0 0.6659000646322966
3345 0 0 0 0.8489529136568308
3346 1 139955 0.7 0.7744069444015622
3347 0 0 0 1.1089709587395191
3348 1 1965204 0.75 0.5038069793954492
3349 1 962300 0.71428573 0.9904730832204223
3350 0 0 0 0.6505500059574842
3351 0 0 0 0.8198630530387163
3352 0 0 0 0.663390033878386
3353 0 0 0 1.1373029556125402
3354 0 0 0 0.8110819617286325
3355 0 0 0 0.6890989607200027
3356 1 856250 0.8181818 0.8935820078477263
3357 0 0 0 0.8533169748261571
3358 0 0 0 1.148494891822338
3359 0 0 0 0.571833923459053
3360 0 0 0 0.8356809848919511
3361 0 0 0 0.8513040374964476
3362 0 0 0 0.9996159933507442
3363 0 0 0 0.6636310135945678
3364 0 0 0 0.5264960927888751
3365 0 0 0 0.5195520352572203
3366 0 0 0 0.9869690984487534
3367 0 0 0 1.1142969597131014
3368 1 315678 0.7037037 1.0354620171710849
3369 0 0 0 1.1130989296361804
3370 0 0 0 0.8092779899016023
3371 0 0 0 1.0996750788763165
3372 0 0 0 1.1085919104516506
3373 0 0 0 0.8184310281649232
3374 0 0 0 0.6363559514284134
3375 0 0 0 0.6171599961817265
3376 0 0 0 0.8246570359915495
3377 0 0 0 1.8129210220649838
3378 0 0 0 4.483039956539869
3379 1 1925491 0.72727275 1.6985730035230517
3380 0 0 0 3.0782190151512623
3381 0 0 0 4.535697982646525
3382 0 0 0 2.033284050412476
3383 0 0 0 3.6351809976622462
3384 0 0 0 2.1716830087825656
3385 1 1997210 0.75 1.2800210388377309
3386 0 0 0 2.7127029607072473
3387 0 0 0 2.956574084237218
3388 0 0 0 2.8078450122848153
3389 1 969758 0.71428573 2.2070209961384535
3390 0 0 0 2.6005349354818463
3391 1 29774 0.7037037 3.010342945344746
3392 0 0 0 3.2259949948638678
3393 0 0 0 2.6814269367605448
3394 0 0 0 3.870848100632429
3395 0 0 0 3.632676904089749
3396 1 1173325 0.7105263 6.271249032579362
3397 0 0 0 2.0825070096179843
3398 1 1931823 0.76 2.6459089713171124
3399 0 0 0 5.299751996062696
3400 0 0 0 5.7136069517582655
3401 1 890676 0.72 1.6464259242638946
3402 0 0 0 1.1435829801484942
3403 0 0 0 4.362957086414099
3404 0 0 0 6.216029985807836
3405 0 0 0 6.292195990681648
3406 0 0 0 1.6314380336552858
3407 1 2128148 0.7241379 3.436269937083125
3408 0 0 0 2.625613007694483
3409 0 0 0 5.338861956261098
3410 1 1146278 0.7096774 2.5160840013995767
3411 0 0 0 1.6572070308029652
3412 0 0 0 1.8048769561573863
3413 0 0 0 4.4137469958513975
3414 0 0 0 3.9749410934746265
3415 1 1085078 0.7 3.099647001363337
3416 0 0 0 1.5960560413077474
3417 0 0 0 3.080968977883458
3418 1 1612827 0.7777778 4.75463701877743
3419 0 0 0 2.1007319446653128
3420 1 536040 0.7407407 2.4033020017668605
3421 1 1119569 0.7352941 4.7905719839036465
3422 0 0 0 1.9427549559623003
3423 0 0 0 1.830228022299707
3424 0 0 0 5.206799018196762
3425 0 0 0 2.1089790388941765
3426 0 0 0 3.024835023097694
3427 0 0 0 3.027403960004449
3428 0 0 0 1.5673310263082385
3429 1 44176 0.73333335 3.527158056385815
3430 0 0 0 4.2619179002940655
3431 0 0 0 2.665442996658385
3432 1 541494 0.72 1.6720019048079848
3433 1 1566143 0.7 4.273453960195184
3434 1 577088 0.7 3.6888320464640856
3435 0 0 0 5.527580971829593
3436 0 0 0 3.449882031418383
3437 0 0 0 2.5333489757031202
3438 0 0 0 7.385255070403218
3439 0 0 0 6.0076870722696185
3440 0 0 0 4.250550060532987
3441 0 0 0 4.663035972043872
3442 1 995748 0.76666665 4.138497984968126
3443 1 460845 0.7419355 4.096400924026966
3444 0 0 0 6.130405934527516
3445 1 809058 0.7096774 4.315069993026555
3446 1 1567515 0.7027027 6.418267032131553
3447 0 0 0 2.0934779895469546
3448 0 0 0 5.700449924916029
3449 1 665257 0.7 4.733799956738949
3450 0 0 0 3.9778059581294656
3451 1 57175 0.78571427 3.252172959037125
3452 1 2185738 0.7096774 3.8316569989547133
3453 0 0 0 6.53028697706759
3454 0 0 0 6.259824032895267
3455 0 0 0 6.689878995530307
3456 0 0 0 1.1656780261546373
3457 0 0 0 2.9330800753086805
3458 0 0 0 2.6436669286340475
3459 0 0 0 1.522514969110489
3460 1 1445559 0.7419355 4.625797970220447
3461 0 0 0 2.971063950099051
3462 0 0 0 4.3394939275458455
3463 0 0 0 1.1893239570781589
3464 0 0 0 5.222638952545822
3465 0 0 0 3.7085600197315216
3466 0 0 0 6.15364802069962
3467 1 1778447 0.71875 5.466024042107165
3468 0 0 0 5.182030028663576
3469 0 0 0 2.2153090685606003
3470 0 0 0 2.3008999414741993
3471 0 0 0 1.1811089934781194
3472 0 0 0 3.193808952346444
3473 0 0 0 4.4969209702685475
3474 0 0 0 4.081098013557494
3475 0 0 0 2.1795490756630898
3476 0 0 0 4.541118978522718
3477 1 1910976 0.71428573 2.725120051763952
3478 0 0 0 3.093663020990789
3479 0 0 0 6.194728892296553
3480 0 0 0 2.9110730392858386
3481 0 0 0 4.150575026869774
3482 0 0 0 3.1298280227929354
3483 0 0 0 4.346208996139467
3484 0 0 0 5.298522999510169
3485 0 0 0 1.871180022135377
3486 0 0 0 5.461208987981081
3487 1 1302070 0.7 1.01627002004534
3488 0 0 0 3.9599579758942127
3489 0 0 0 1.5542060136795044
3490 1 1068444 0.71428573 5.051088985055685
3491 0 0 0 2.6089579332619905
3492 1 824751 0.7083333 1.391303027048707
3493 0 0 0 5.60914701782167
3494 0 0 0 2.0202449522912502
3495 1 1908953 0.71428573 5.470199044793844
3496 1 606226 0.7096774 4.156724084168673
3497 0 0 0 3.661524038761854
3498 1 506365 0.7 4.1931429877877235
3499 0 0 0 3.6544320173561573
3500 0 0 0 2.937404904514551
3501 0 0 0 5.508330068551004
3502 0 0 0 5.734320031479001
3503 0 0 0 4.215058987028897
3504 0 0 0 1.7288270173594356
3505 0 0 0 1.9946249667555094
3506 0 0 0 2.98369606025517
3507 0 0 0 2.6982969138771296
3508 0 0 0 3.5961060784757137
3509 0 0 0 4.45522996596992
3510 0 0 0 1.9976069452241063
3511 0 0 0 5.536178010515869
3512 0 0 0 1.4564909506589174
3513 1 60867 0.72 1.4192629605531693
3514 1 1154012 0.7826087 1.0135880438610911
3515 0 0 0 5.655975081026554
3516 0 0 0 5.099541042000055
3517 0 0 0 1.457576989196241
3518 1 134420 0.7419355 3.7142670480534434
3519 0 0 0 4.353954107500613
3520 0 0 0 3.062044968828559
3521 0 0 0 1.838156022131443
3522 0 0 0 3.2462480012327433
3523 0 0 0 3.2247890485450625
3524 0 0 0 5.6163109838962555
3525 0 0 0 4.079492064192891
3526 0 0 0 3.5864670062437654
3527 0 0 0 3.611396998167038
3528 0 0 0 6.794124026782811
3529 0 0 0 5.961982998996973
3530 0 0 0 1.7600060673430562
3531 0 0 0 4.145925980992615
3532 0 0 0 2.1702630911022425
3533 0 0 0 5.623665987513959
3534 0 0 0 4.585493006743491
3535 0 0 0 3.110951976850629
3536 1 1287438 0.7586207 3.400319954380393
3537 0 0 0 2.7999120065942407
3538 0 0 0 3.0806150753051043
3539 0 0 0 4.367624991573393
3540 0 0 0 3.807474044151604
3541 1 1522008 0.7586207 2.3268810473382473
3542 0 0 0 3.7208100548014045
3543 0 0 0 6.395219010300934
3544 0 0 0 3.8446030812337995
3545 0 0 0 5.155850085429847
3546 0 0 0 4.1720939334481955
3547 0 0 0 2.9145429143682122
3548 0 0 0 6.184066063724458
3549 0 0 0 5.493402946740389
3550 0 0 0 1.635399996303022
3551 0 0 0 2.6129850884899497
3552 0 0 0 1.930678030475974
3553 0 0 0 2.8714609798043966
3554 0 0 0 6.157719995826483
3555 0 0 0 6.392778945155442
3556 0 0 0 6.296967971138656
3557 0 0 0 1.7275880090892315
3558 0 0 0 2.897875034250319
3559 0 0 0 4.1677659610286355
3560 0 0 0 2.6454300386831164
3561 0 0 0 4.236282082274556
3562 0 0 0 2.9365139780566096
3563 0 0 0 5.601346958428621
3564 0 0 0 4.38858603592962
3565 1 484152 0.7037037 2.126782084815204
3566 0 0 0 2.6201079599559307
3567 0 0 0 1.4274960849434137
3568 0 0 0 1.3750750804319978
3569 0 0 0 2.873264951631427
3570 0 0 0 2.660915022715926
3571 0 0 0 3.8085620617493987
3572 0 0 0 1.0920760687440634
3573 0 0 0 3.019912983290851
3574 0 0 0 4.275765968486667
3575 1 1338185 0.7407407 1.9826319767162204
3576 0 0 0 5.807826993986964
3577 0 0 0 6.350795971229672
3578 0 0 0 5.053970031440258
3579 0 0 0 3.046944970265031
3580 0 0 0 2.7069890638813376
3581 0 0 0 5.2417719271034
3582 0 0 0 4.139281925745308
3583 1 1772033 0.7241379 3.52451391518116
3584 0 0 0 4.045973066240549
3585 0 0 0 2.0490299211815
3586 0 0 0 2.9811180429533124
3587 0 0 0 1.9817829597741365
3588 0 0 0 6.066057947464287
3589 0 0 0 5.08193310815841
3590 0 0 0 4.165294929407537
3591 1 231994 0.7407407 2.6192250661551952
3592 0 0 0 5.144419032149017
3593 0 0 0 5.607177969068289
3594 0 0 0 3.5737910075113177
3595 0 0 0 5.006929975934327
3596 0 0 0 2.6599870761856437
3597 0 0 0 5.4346430115401745
3598 0 0 0 5.732274963520467
3599 0 0 0 3.997283987700939
3600 0 0 0 2.907364978455007
3601 0 0 0 4.3749549658969045
3602 0 0 0 1.5941669698804617
3603 0 0 0 2.932013012468815
3604 0 0 0 4.396309959702194
3605 0 0 0 3.86524701025337
3606 1 1174933 0.7027027 4.953240044414997
3607 0 0 0 5.219524027779698
3608 1 198753 0.76 2.3172389483079314
3609 0 0 0 2.8875810094177723
3610 0 0 0 1.8172140698879957
3611 0 0 0 6.548711098730564
3612 0 0 0 4.2483079014346
3613 0 0 0 2.0048560108989477
3614 0 0 0 2.8930470580235124
3615 1 1121467 0.75 2.5555320316925645
3616 0 0 0 1.4295249711722136
3617 0 0 0 6.147608975879848
3618 1 1085480 0.71875 3.8452119333669543
3619 0 0 0 1.7137910472229123
3620 0 0 0 6.143686943687499
3621 0 0 0 5.603808909654617
3622 0 0 0 2.9297979781404138
3623 0 0 0 5.064126919023693
3624 1 1113614 0.7058824 5.019141943193972
3625 1 1146278 0.7058824 5.609338986687362
3626 0 0 0 1.9855829887092113
3627 0 0 0 2.984043094329536
3628 0 0 0 2.9226249316707253
3629 0 0 0 5.10059401858598
3630 1 1664416 0.74285716 5.252168979495764
3631 1 1907598 0.8 2.241099951788783
3632 0 0 0 3.7367240292951465
3633 0 0 0 2.944227075204253
3634 0 0 0 0.9820200502872467
3635 0 0 0 2.8676199726760387
3636 0 0 0 2.6497869985178113
3637 1 1517411 0.7 3.6050579510629177
3638 0 0 0 1.8936729757115245
3639 1 890380 0.73333335 2.7173738926649094
3640 0 0 0 3.603026969358325
3641 0 0 0 4.5097689144313335
3642 0 0 0 3.0434690415859222
3643 0 0 0 3.6987600615248084
3644 1 1041598 0.7 3.0855590011924505
3645 0 0 0 5.0489919958636165
3646 0 0 0 1.6835919814184308
3647 1 597251 0.7407407 1.859435928054154
3648 1 1920435 0.71428573 2.377114025875926
3649 0 0 0 1.959329005330801
3650 0 0 0 1.6338020795956254
3651 0 0 0 4.96276596095413
3652 0 0 0 3.046507015824318
3653 0 0 0 1.4614599058404565
3654 0 0 0 5.114466999657452
3655 0 0 0 2.8082210337743163
3656 0 0 0 3.622771007940173
3657 0 0 0 3.6299419589340687
3658 0 0 0 1.429409021511674
3659 0 0 0 5.656756926327944
3660 1 1071733 0.75757575 4.149349988438189
3661 0 0 0 4.035557038150728
3662 0 0 0 5.511036026291549
3663 0 0 0 4.4258550042286515
3664 1 1059017 0.7096774 3.032534965313971
3665 0 0 0 5.161779001355171
3666 1 436428 0.71875 4.574923077598214
3667 0 0 0 2.8112410800531507
3668 0 0 0 5.044874036684632
3669 0 0 0 3.5856320755556226
3670 0 0 0 2.8583169914782047
3671 1 1065347 0.7741935 3.53634892962873
3672 0 0 0 5.039428942836821
3673 0 0 0 4.145071958191693
3674 0 0 0 2.680027042515576
3675 0 0 0 1.976734958589077
3676 1 1091153 0.7647059 4.931108909659088
3677 0 0 0 5.230391980148852
3678 0 0 0 1.9338809652253985
3679 0 0 0 4.461652017198503
3680 0 0 0 4.409675020724535
3681 0 0 0 5.710344994440675
3682 0 0 0 5.356678972020745
3683 1 142579 0.7 0.8777949260547757
3684 0 0 0 1.6967139672487974
3685 0 0 0 1.7335350858047605
3686 1 1662913 0.75 3.254998940974474
3687 0 0 0 5.301353987306356
3688 1 1489771 0.7027027 5.562264937907457
3689 0 0 0 2.57291691377759
3690 1 288155 0.7692308 1.672350917942822
3691 0 0 0 5.532269016839564
3692 0 0 0 2.938227029517293
3693 0 0 0 3.143607988022268
3694 0 0 0 5.079575930722058
3695 0 0 0 3.7106089293956757
3696 0 0 0 1.8862140132114291
3697 0 0 0 6.085502915084362
3698 1 294064 0.7241379 2.400505938567221
3699 0 0 0 2.859409083612263
3700 0 0 0 5.961000104434788
3701 0 0 0 5.040611024014652
3702 0 0 0 1.8998690648004413
3703 0 0 0 3.0055369716137648
3704 0 0 0 4.150892025791109
3705 0 0 0 2.882419968955219
3706 1 114119 0.72 1.5379489632323384
3707 0 0 0 5.571866990067065
3708 1 1522008 0.73333335 2.9531819745898247
3709 0 0 0 3.7104979855939746
3710 0 0 0 2.760287025012076
3711 0 0 0 5.7381970109418035
3712 0 0 0 5.317206960171461
3713 0 0 0 2.9025219846516848
3714 0 0 0 1.675277017056942
3715 0 0 0 4.222327959723771
3716 0 0 0 2.6660410221666098
3717 0 0 0 6.085310014896095
3718 0 0 0 5.663644056767225
3719 0 0 0 5.613663932308555
3720 0 0 0 1.508801942691207
3721 0 0 0 1.4538699761033058
3722 1 1964814 0.7 1.0721719590947032
3723 0 0 0 1.4526459854096174
3724 0 0 0 1.9335249671712518
3725 0 0 0 3.9709610864520073
3726 0 0 0 2.8683498967438936
3727 1 652017 0.7 5.588915082626045
3728 0 0 0 5.034840083681047
3729 1 1412568 0.71875 5.368844955228269
3730 0 0 0 2.9215719550848007
3731 0 0 0 5.024084006436169
3732 0 0 0 2.7321609668433666
3733 0 0 0 4.427116014994681
3734 0 0 0 2.9529810417443514
3735 0 0 0 5.570858018472791
3736 0 0 0 1.41225999686867
3737 1 1016666 0.72727275 6.18575606495142
3738 0 0 0 2.075713942758739
3739 1 823748 0.7096774 3.7206700071692467
3740 1 843835 0.70731705 6.353395059704781
3741 1 763939 0.71428573 2.6606220053508878
3742 0 0 0 6.32675108499825
3743 0 0 0 3.772082971408963
3744 1 563034 0.7096774 2.9416519682854414
3745 0 0 0 5.656510009430349
3746 0 0 0 1.0990939335897565
3747 0 0 0 2.6309669483453035
3748 1 687250 0.7419355 2.625214052386582
3749 0 0 0 5.0265749450773
3750 1 544599 0.7083333 1.7260420136153698
3751 0 0 0 4.330893978476524
3752 0 0 0 4.183650016784668
3753 0 0 0 6.699892925098538
3754 0 0 0 3.94641503226012
3755 0 0 0 4.392173956148326
3756 0 0 0 5.893200053833425
3757 0 0 0 3.1027629738673568
3758 0 0 0 2.0445280242711306
3759 0 0 0 2.5928309187293053
3760 0 0 0 5.8124399511143565
3761 0 0 0 4.19146497733891
3762 0 0 0 5.227450979873538
3763 1 118830 0.71428573 2.4064970202744007
3764 0 0 0 5.163675989024341
3765 0 0 0 4.144617007113993
3766 0 0 0 5.533052957616746
3767 0 0 0 4.229926038533449
3768 0 0 0 1.802021055482328
3769 0 0 0 3.8376059383153915
3770 0 0 0 6.3586459727957845
3771 0 0 0 3.008785075508058
3772 0 0 0 1.8039511051028967
3773 0 0 0 4.473517998121679
3774 1 147896 0.7096774 3.7416369887068868
3775 0 0 0 5.357151967473328
3776 0 0 0 2.1345160203054547
3777 0 0 0 2.820349996909499
3778 1 1648774 0.7407407 2.1168760722503066
3779 0 0 0 5.92947902623564
3780 0 0 0 4.058675025589764
3781 0 0 0 5.598474992439151
3782 0 0 0 6.053007091395557
3783 0 0 0 5.566696985624731
3784 0 0 0 4.369709058664739
3785 0 0 0 3.2094919588416815
3786 0 0 0 1.1518909595906734
3787 0 0 0 5.406911019235849
3788 1 1252550 0.72727275 4.212497966364026
3789 0 0 0 5.7588620111346245
3790 0 0 0 5.188539973460138
3791 0 0 0 1.7907159635797143
3792 0 0 0 4.235166939906776
3793 0 0 0 1.9909839611500502
3794 0 0 0 2.003639005124569
3795 0 0 0 3.014469053596258
3796 0 0 0 5.684960982762277
3797 0 0 0 5.201504100114107
3798 0 0 0 1.7386049730703235
3799 1 774900 0.7037037 2.771386061795056
3800 1 2356964 0.72 1.6511579742655158
3801 0 0 0 4.5409050071612
3802 0 0 0 2.7774249901995063
3803 0 0 0 1.7081120749935508
3804 1 2123573 0.7419355 2.6287039509043097
3805 0 0 0 5.690591060556471
3806 0 0 0 5.004834965802729
3807 0 0 0 4.075182951055467
3808 1 115340 0.7096774 4.166087950579822
3809 0 0 0 3.714457037858665
3810 0 0 0 5.153984995558858
3811 0 0 0 4.244367009960115
3812 0 0 0 6.146429106593132
3813 0 0 0 2.6839500060305
3814 0 0 0 6.2509949784725904
3815 0 0 0 3.981846966780722
3816 0 0 0 4.42822405602783
3817 0 0 0 5.087692057713866
3818 0 0 0 1.6476240707561374
3819 0 0 0 4.059024970047176
3820 0 0 0 5.792135954834521
3821 1 1002751 0.72727275 4.097257973626256
3822 1 141387 0.7 3.201112966053188
3823 0 0 0 6.21107395272702
3824 0 0 0 6.109997048042715
3825 1 2197095 0.7037037 2.781374962069094
3826 0 0 0 3.850600100122392
3827 0 0 0 2.1069590002298355
3828 1 1054451 0.71428573 5.628522019833326
3829 0 0 0 5.448832991532981
3830 0 0 0 1.1558510595932603
3831 0 0 0 2.917789970524609
3832 1 802984 0.7297297 6.0492659686133265
3833 0 0 0 3.7352130748331547
3834 0 0 0 4.276448977179825
3835 0 0 0 5.322201061062515
3836 1 1244666 0.7241379 2.7704309904947877
3837 0 0 0 3.8461750373244286
3838 0 0 0 4.238348919898272
3839 0 0 0 4.2858009692281485
3840 1 1745293 0.7037037 2.01849895529449
3841 1 499420 0.8 3.128509037196636
3842 0 0 0 3.7417279090732336
3843 0 0 0 6.177712930366397
3844 0 0 0 6.275032996200025
3845 0 0 0 1.8112529069185257
3846 1 354597 0.7083333 1.6325899632647634
3847 0 0 0 4.1452060686424375
3848 0 0 0 5.136726074852049
3849 0 0 0 0.9367070160806179
3850 0 0 0 5.550875095650554
3851 1 164656 0.71875 5.2849650382995605
3852 0 0 0 2.8996479231864214
3853 1 1957463 0.71875 3.9627179503440857
3854 0 0 0 1.9496609456837177
3855 1 1078975 0.7 5.0514909671619534
3856 1 1664335 0.7352941 3.301289980299771
3857 0 0 0 2.8141889488324523
3858 1 1508216 0.76666665 3.5700530279427767
3859 0 0 0 1.799674006178975
3860 0 0 0 4.120134981349111
3861 0 0 0 5.548107088543475
3862 0 0 0 3.937522997148335
3863 0 0 0 5.639545968733728
3864 1 551048 0.71428573 6.309857009910047
3865 0 0 0 5.54634106811136
3866 0 0 0 6.157206022180617
3867 0 0 0 4.081603023223579
3868 0 0 0 4.03838197235018
3869 1 1967317 0.7407407 1.9052380230277777
3870 1 1252056 0.7058824 5.74709998909384
3871 0 0 0 2.010763972066343
3872 0 0 0 5.266891908831894
3873 1 2030514 0.7 5.349812097847462
3874 0 0 0 3.8319550221785903
3875 0 0 0 2.9661969747394323
3876 0 0 0 5.612917942926288
3877 1 2356790 0.73913044 9.853034978732467
3878 0 0 0 8.685925044119358
3879 0 0 0 9.3721819575876
3880 0 0 0 11.659855954349041
3881 1 1363702 0.8378378 9.241546969860792
3882 1 1250777 0.7380952 9.553210926242173
3883 0 0 0 6.101667997427285
3884 1 1552811 0.73913044 12.035781051963568
3885 0 0 0 9.120145929045975
3886 0 0 0 10.057834908366203
3887 0 0 0 8.075959980487823
3888 0 0 0 9.4713099533692
3889 0 0 0 9.468122036196291
3890 0 0 0 10.459303040988743
3891 0 0 0 11.602676939219236
3892 0 0 0 7.669147104024887
3893 0 0 0 11.466220952570438
3894 1 1105417 0.70212764 12.948740972205997
3895 0 0 0 8.799615083262324
3896 0 0 0 5.692261038348079
3897 1 385449 0.71428573 11.485222028568387
3898 0 0 0 9.226405993103981
3899 0 0 0 9.599125944077969
3900 0 0 0 8.739506942220032
3901 1 1022751 0.7380952 9.536334895528853
3902 0 0 0 11.100146104581654
3903 0 0 0 11.594096082262695
3904 1 1208435 0.74358976 10.64070500433445
3905 1 438560 0.7027027 6.1496259877458215
3906 0 0 0 7.238649995997548
3907 0 0 0 7.167389965616167
3908 0 0 0 10.23663196247071
3909 0 0 0 10.037109022960067
3910 0 0 0 10.795952985063195
3911 0 0 0 10.989675996825099
3912 1 547335 0.725 9.99370391946286
3913 1 1029193 0.7105263 10.885305004194379
3914 1 2073305 0.7 9.15160495787859
3915 0 0 0 9.239634033292532
3916 0 0 0 9.490272030234337
3917 0 0 0 7.949058897793293
3918 0 0 0 6.285127019509673
3919 0 0 0 7.9800819512456656
3920 1 1300333 0.70454544 10.792046086862683
3921 1 1369425 0.7368421 11.127548990771174
3922 0 0 0 10.301779955625534
3923 0 0 0 9.462547022849321
3924 0 0 0 8.815114968456328
3925 0 0 0 11.890530004166067
3926 1 510739 0.7 10.839216993190348
3927 0 0 0 11.503555928356946
3928 0 0 0 10.925288079306483
3929 0 0 0 10.81683801021427
3930 0 0 0 10.764851002022624
3931 0 0 0 11.658121016807854
3932 0 0 0 12.38435204140842
3933 0 0 0 6.429346045479178
3934 0 0 0 7.354445988312364
3935 0 0 0 10.564361000433564
3936 0 0 0 7.386893033981323
3937 0 0 0 7.448437041603029
3938 0 0 0 10.774021968245506
3939 0 0 0 7.886445033363998
3940 0 0 0 9.712797007523477
3941 1 844241 0.7058824 7.893422967754304
3942 0 0 0 11.19680400006473
3943 0 0 0 12.831612955778837
3944 0 0 0 11.073334026150405
3945 0 0 0 8.263056981377304
3946 0 0 0 6.568584009073675
3947 0 0 0 12.012231978587806
3948 0 0 0 6.776981987059116
3949 1 1597868 0.71875 5.632257089018822
3950 0 0 0 9.346523904241621
3951 0 0 0 10.63270098529756
3952 0 0 0 7.822599960491061
3953 1 1976306 0.70731705 7.831249968148768
3954 0 0 0 10.306334006600082
3955 0 0 0 11.502222972922027
3956 0 0 0 11.372770997695625
3957 0 0 0 6.159623037092388
3958 0 0 0 8.671135059557855
3959 0 0 0 10.241573909297585
3960 0 0 0 11.064385995268822
3961 0 0 0 7.814191980287433
3962 0 0 0 6.139170960523188
3963 0 0 0 9.623624035157263
3964 0 0 0 8.613895974121988
3965 0 0 0 11.248196940869093
3966 1 1567608 0.7111111 10.041973902843893
3967 0 0 0 9.552099043503404
3968 0 0 0 10.639476007781923
3969 0 0 0 10.664148954674602
3970 0 0 0 11.069764965213835
3971 0 0 0 10.181869962252676
3972 1 455306 0.7096774 5.34875295124948
3973 1 1453380 0.71428573 12.007505050860345
3974 0 0 0 10.693832067772746
3975 0 0 0 8.118813042528927
3976 1 1178573 0.7 10.973597061820328
3977 0 0 0 11.268401984125376
3978 0 0 0 8.645933005027473
3979 0 0 0 7.925304933451116
3980 1 1466519 0.7222222 9.271483053453267
3981 0 0 0 12.540824012830853
3982 0 0 0 5.637489026412368
3983 0 0 0 10.665950016118586
3984 0 0 0 11.007896973751485
3985 0 0 0 11.340058990754187
3986 0 0 0 8.647537906654179
3987 0 0 0 10.324561968445778
3988 0 0 0 10.188593994826078
3989 0 0 0 11.195176048204303
3990 0 0 0 7.839472033083439
3991 0 0 0 9.1379500227049
3992 0 0 0 7.66233098693192
3993 1 1625779 0.70454544 11.738924076780677
3994 0 0 0 9.908249950967729
3995 1 1977515 0.7209302 10.89576305821538
3996 0 0 0 10.64116507768631
3997 0 0 0 7.888467982411385
3998 0 0 0 6.169368978589773
3999 0 0 0 7.784954039379954
4000 0 0 0 9.636000962927938
4001 1 1138102 0.7368421 10.622779955156147
4002 0 0 0 12.290901970118284
4003 0 0 0 7.671325001865625
4004 0 0 0 8.073615957982838
4005 0 0 0 10.853466927073896
4006 0 0 0 12.484278064221144
4007 0 0 0 10.519213043153286
4008 0 0 0 11.834383010864258
4009 0 0 0 8.05187993682921
4010 0 0 0 11.677280068397522
4011 0 0 0 7.619381998665631
4012 0 0 0 7.219946011900902
4013 1 617050 0.71794873 10.872016078792512
4014 0 0 0 11.349229025654495
4015 0 0 0 10.635824059136212
4016 0 0 0 11.629018001258373
4017 0 0 0 5.618514958769083
4018 0 0 0 6.08849199488759
4019 0 0 0 9.139818954281509
4020 0 0 0 6.794146960601211
4021 1 998821 0.7105263 9.161388967186213
4022 1 1277678 0.74418604 11.414968990720809
4023 0 0 0 11.094763991422951
4024 0 0 0 9.386735036969185
4025 0 0 0 6.156309973448515
4026 0 0 0 6.175989052280784
4027 0 0 0 11.585055966861546
4028 0 0 0 12.09977304097265
4029 0 0 0 7.742856978438795
4030 1 1463589 0.7352941 6.846881005913019
4031 0 0 0 8.747981046326458
4032 0 0 0 6.213261978700757
4033 1 2007063 0.71794873 10.392114985734224
4034 0 0 0 11.081455973908305
4035 0 0 0 7.873672991991043
4036 0 0 0 11.470161029137671
4037 0 0 0 7.769927033223212
4038 1 1054930 0.7380952 10.731209069490433
4039 0 0 0 11.374225025065243
4040 0 0 0 12.79391604475677
4041 0 0 0 7.982823066413403
4042 1 1424479 0.71794873 8.181859971955419
4043 0 0 0 7.826838060282171
4044 0 0 0 6.025367067195475
4045 0 0 0 10.697951074689627
4046 0 0 0 9.0788520174101
4047 0 0 0 6.8305450258776546
4048 0 0 0 10.957226972095668
4049 1 376811 0.7209302 11.011096998117864
4050 0 0 0 12.407170026563108
4051 1 1363750 0.78125 5.849838024005294
4052 0 0 0 13.04539607372135
4053 0 0 0 12.617718079127371
4054 1 1500776 0.72727275 10.16244397033006
4055 0 0 0 9.598004980944097
4056 0 0 0 12.359122978523374
4057 0 0 0 10.408262023702264
4058 0 0 0 10.425608023069799
4059 0 0 0 10.417404002510011
4060 0 0 0 11.20446901768446
4061 0 0 0 9.416708024218678
4062 0 0 0 9.484993992373347
4063 0 0 0 7.616735063493252
4064 0 0 0 10.904242983087897
4065 0 0 0 8.236237918026745
4066 0 0 0 7.629053085111082
4067 0 0 0 10.749409906566143
4068 0 0 0 10.817253030836582
4069 0 0 0 12.018313049338758
4070 0 0 0 7.474825019016862
4071 0 0 0 12.232929933816195
4072 1 842515 0.71428573 10.896843043155968
4073 0 0 0 8.136983029544353
4074 0 0 0 6.519551970995963
4075 0 0 0 8.198352996259928
4076 0 0 0 11.125653982162476
4077 0 0 0 13.42014002148062
4078 1 667143 0.75757575 6.991703994572163
4079 0 0 0 7.935359957627952
4080 0 0 0 13.213442987762392
4081 1 17309 0.7058824 7.6949180802330375
4082 0 0 0 12.150265974923968
4083 1 685717 0.725 9.76971397176385
4084 0 0 0 11.733617982827127
4085 0 0 0 8.676187950186431
4086 0 0 0 11.066553997807205
4087 0 0 0 10.209430940449238
4088 0 0 0 9.17373993434012
4089 0 0 0 10.641354019753635
4090 0 0 0 11.253210948780179
4091 0 0 0 5.870220949873328
4092 0 0 0 6.523752002976835
4093 1 271995 0.7027027 11.376882088370621
4094 0 0 0 10.424270061776042
4095 0 0 0 7.979679969139397
4096 0 0 0 11.659201933071017
4097 0 0 0 7.21775006968528
4098 0 0 0 10.155587922781706
4099 0 0 0 5.943445023149252
4100 0 0 0 9.183443966321647
4101 0 0 0 8.392492076382041
4102 0 0 0 10.19026804715395
4103 0 0 0 6.634079967625439
4104 0 0 0 10.31395304016769
4105 0 0 0 10.852998006157577
4106 0 0 0 12.74210202973336
4107 0 0 0 11.1248220782727
4108 0 0 0 11.573149007745087
4109 0 0 0 11.274472926743329
4110 0 0 0 8.360948064364493
4111 0 0 0 6.646114052273333
4112 0 0 0 12.939688051119447
4113 0 0 0 7.158318068832159
4114 0 0 0 8.738588076084852
4115 0 0 0 7.399718975648284
4116 1 99913 0.70731705 9.977516951039433
4117 0 0 0 6.164813064970076
4118 1 1248603 0.70212764 11.657419032417238
4119 1 1636384 0.71428573 11.527266004122794
4120 1 1046080 0.7105263 6.0316490707919
4121 0 0 0 11.240161024034023
4122 0 0 0 8.41389293782413
4123 0 0 0 12.449953006580472
4124 1 1458511 0.81578946 7.820316008292139
4125 0 0 0 11.325969942845404
4126 0 0 0 6.353973061777651
4127 0 0 0 8.651457959786057
4128 0 0 0 11.334505048580468
4129 0 0 0 8.691109018400311
4130 1 1163250 0.7173913 12.092399992980063
4131 0 0 0 7.822985062375665
4132 0 0 0 10.985419969074428
4133 0 0 0 9.397248970344663
4134 1 1627206 0.70731705 10.36727405153215
4135 0 0 0 7.317326031625271
4136 1 1752744 0.75 10.003722039982677
4137 0 0 0 11.36478001717478
4138 0 0 0 10.447100037708879
4139 0 0 0 9.180592023767531
4140 1 470776 0.7058824 7.6749949948862195
4141 0 0 0 7.596887997351587
4142 0 0 0 9.41951503045857
4143 0 0 0 8.793996996246278
4144 1 1180222 0.7297297 7.899803924374282
4145 0 0 0 6.137944990769029
4146 0 0 0 5.64729399047792
4147 1 1791162 0.71794873 10.727090062573552
4148 1 1120820 0.70454544 11.196080944500864
4149 1 1508257 0.7209302 12.1797890169546
4150 0 0 0 5.643806071020663
4151 1 1276683 1.0 5.745905917137861
4152 0 0 0 11.761642061173916
4153 0 0 0 10.90246404055506
4154 1 1561033 0.7 9.057188988663256
4155 1 244457 0.71428573 5.1382980309426785
4156 0 0 0 10.485307895578444
4157 1 2387684 0.7105263 10.30176889616996
4158 1 1178650 0.7297297 7.5142530258744955
4159 0 0 0 12.344357906840742
4160 1 1384517 0.7 12.302418006584048
4161 1 1154050 0.73170733 12.344933929853141
4162 0 0 0 10.199166019447148
4163 0 0 0 9.505453985184431
4164 0 0 0 9.485126007348299
4165 0 0 0 6.178896990604699
4166 0 0 0 7.642216980457306
4167 0 0 0 13.146274955943227
4168 0 0 0 9.54732100944966
4169 0 0 0 6.076671066693962
4170 0 0 0 6.638010032474995
4171 1 2357926 0.7096774 6.129487999714911
4172 1 562151 0.7297297 8.356222067959607
4173 0 0 0 12.032457045279443
4174 0 0 0 8.886732975952327
4175 1 1101369 0.7111111 12.651661061681807
4176 0 0 0 10.139838908798993
4177 0 0 0 11.929937987588346
4178 1 1323167 0.75 7.884532096795738
4179 0 0 0 8.445612038485706
4180 0 0 0 11.017509968951344
4181 1 471310 0.73170733 10.514240013435483
4182 0 0 0 7.652504020370543
4183 0 0 0 8.22514295578003
4184 0 0 0 8.390406030230224
4185 0 0 0 10.430567897856236
4186 1 1635327 0.71428573 9.259957005269825
4187 1 1567007 0.7446808 11.60334306769073
4188 0 0 0 11.093867011368275
4189 0 0 0 9.766083909198642
4190 0 0 0 11.689525912515819
4191 0 0 0 8.470072993077338
4192 0 0 0 11.74491597339511
4193 0 0 0 11.393163935281336
4194 1 2169 0.72727275 12.475078110583127
4195 0 0 0 7.711704005487263
4196 0 0 0 11.549982940778136
4197 0 0 0 11.65266998577863
4198 0 0 0 12.98692193813622
4199 0 0 0 7.822907995432615
4200 0 0 0 10.361970053054392
4201 0 0 0 7.195911020971835
4202 0 0 0 10.092825978063047
4203 1 1047634 0.72727275 9.063998004421592
4204 0 0 0 6.924271932803094
4205 0 0 0 11.174101964570582
4206 1 2369148 0.7 10.19642106257379
4207 1 1007735 0.73170733 11.392594082280993
4208 0 0 0 7.83885398413986
4209 0 0 0 9.566794033162296
4210 0 0 0 8.158275973983109
4211 1 1965007 0.7222222 6.284291041083634
4212 0 0 0 9.119334979914129
4213 0 0 0 6.347623071633279
4214 0 0 0 10.933669982478023
4215 0 0 0 7.885740953497589
4216 0 0 0 6.324325921013951
4217 0 0 0 6.7915350664407015
4218 0 0 0 11.67380902916193
4219 0 0 0 8.524221018888056
4220 0 0 0 12.186400010250509
4221 0 0 0 7.8272129176184535
4222 0 0 0 11.76414405927062
4223 1 117548 0.725 11.331930058076978
4224 0 0 0 11.029192944988608
4225 0 0 0 10.16628893557936
4226 0 0 0 10.075044934637845
4227 1 805261 0.72727275 6.428500986658037
4228 0 0 0 11.958117946051061
4229 0 0 0 11.09077304136008
4230 0 0 0 10.115672019310296
4231 0 0 0 11.475975974462926
4232 0 0 0 6.720740930177271
4233 0 0 0 10.874736006371677
4234 1 1471315 0.73170733 11.622371966950595
4235 0 0 0 4.990226007066667
4236 0 0 0 8.750807959586382
4237 1 254690 0.7368421 9.521672036498785
4238 0 0 0 9.962789015844464
4239 0 0 0 11.477202060632408
4240 0 0 0 10.055678081698716
4241 0 0 0 9.943524026311934
4242 0 0 0 11.161025962792337
4243 0 0 0 12.729519046843052
4244 0 0 0 6.2961309449747205
4245 0 0 0 11.586923967115581
4246 0 0 0 6.73015892971307
4247 1 1470192 0.72727275 5.136950989253819
4248 1 575685 0.7352941 6.296906038187444
4249 0 0 0 6.6687880316749215
4250 1 1198890 0.73170733 12.340637971647084
4251 1 1400228 0.70731705 11.008142028003931
4252 0 0 0 12.945589027367532
4253 0 0 0 11.518924031406641
4254 0 0 0 11.968201026320457
4255 0 0 0 10.603867005556822
4256 0 0 0 11.171501013450325
4257 1 2078053 0.73170733 9.249822003766894
4258 0 0 0 12.007219018414617
4259 1 395865 0.70731705 12.06429407466203
4260 0 0 0 10.438426048494875
4261 0 0 0 10.534750996157527
4262 1 423749 0.7 7.1705939481034875
4263 0 0 0 10.692844050936401
4264 0 0 0 10.94035292044282
4265 0 0 0 9.291850961744785
4266 0 0 0 7.245952030643821
4267 0 0 0 8.538606925867498
4268 0 0 0 11.499840067699552
4269 0 0 0 8.443326922133565
4270 0 0 0 7.5593069195747375
4271 1 1107152 0.7027027 7.999149966053665
4272 0 0 0 9.310423978604376
4273 0 0 0 11.231402982957661
4274 0 0 0 7.385125034488738
4275 0 0 0 5.77916600741446
4276 0 0 0 7.703741895966232
4277 0 0 0 10.184598970226943
4278 0 0 0 6.175245973281562
4279 1 1018474 0.7222222 7.530009024776518
4280 0 0 0 8.731025969609618
4281 1 1361731 0.775 8.24770494364202
4282 1 1194313 0.71794873 11.019635945558548
4283 0 0 0 7.694668020121753
4284 1 1280952 0.7111111 10.314440005458891
4285 0 0 0 5.506708985194564
4286 1 1181769 0.70731705 10.008062003180385
4287 0 0 0 11.544077075086534
4288 0 0 0 8.811997016891837
4289 0 0 0 10.210029897280037
4290 0 0 0 7.885048980824649
4291 0 0 0 11.506377020850778
4292 0 0 0 10.459964978508651
4293 0 0 0 10.097614955157042
4294 0 0 0 12.294797925278544
4295 0 0 0 7.116697961464524
4296 0 0 0 10.770436958409846
4297 0 0 0 6.179482908919454
4298 0 0 0 9.238091064617038
4299 0 0 0 11.198454070836306
4300 0 0 0 12.021335074678063
4301 0 0 0 11.687837075442076
4302 0 0 0 5.858947988599539
4303 0 0 0 9.726045886054635
4304 0 0 0 10.822711046785116
4305 0 0 0 12.32920796610415
4306 0 0 0 11.624219012446702
4307 0 0 0 10.405965032987297
4308 0 0 0 6.842248025350273
4309 0 0 0 11.858362006023526
4310 0 0 0 9.209707961417735
4311 0 0 0 10.146188084036112
4312 0 0 0 7.755736936815083
4313 0 0 0 10.106385918334126
4314 0 0 0 10.774943977594376
4315 0 0 0 8.807561011053622
4316 1 565192 0.71794873 6.878301035612822
4317 1 2019096 0.7027027 7.67365493811667
4318 0 0 0 8.088202099315822
4319 1 1526287 0.7 10.073323035612702
4320 0 0 0 7.768832962028682
4321 0 0 0 7.878648000769317
4322 0 0 0 12.911007041111588
4323 0 0 0 11.141135939396918
4324 0 0 0 6.4872539369389415
4325 0 0 0 5.560587043873966
4326 0 0 0 8.683042018674314
4327 0 0 0 7.869034074246883
4328 0 0 0 7.1068028919398785
4329 0 0 0 10.043886955827475
4330 0 0 0 9.412775980308652
4331 1 1232957 0.70731705 11.294371099211276
4332 0 0 0 9.462460991926491
4333 0 0 0 5.805140011943877
4334 0 0 0 10.602912050671875
4335 0 0 0 8.907153038308024
4336 0 0 0 9.52094397507608
4337 0 0 0 5.8361750561743975
4338 0 0 0 10.501309996470809
4339 0 0 0 5.5317849619314075
4340 0 0 0 8.823570096865296
4341 0 0 0 12.957265949808061
4342 0 0 0 7.07651290576905
4343 0 0 0 10.714886011555791
4344 0 0 0 10.62498101964593
4345 0 0 0 10.068512056022882
4346 1 1560329 0.725 10.19567798357457
4347 1 1065915 0.7027027 7.23971298430115
4348 1 346635 0.7297297 9.10846795886755
4349 0 0 0 7.229909999296069
4350 0 0 0 9.192134952172637
4351 0 0 0 12.060701963491738
4352 0 0 0 8.37303593289107
4353 0 0 0 10.901732952333987
4354 0 0 0 8.80281999707222
4355 0 0 0 9.403064963407815
4356 0 0 0 6.162009900435805
4357 0 0 0 7.177980965934694
4358 0 0 0 7.269160007126629
4359 1 1040072 0.7027027 6.686542998068035
4360 0 0 0 6.131232948973775
4361 0 0 0 11.056643910706043
4362 0 0 0 11.236338992603123
4363 1 2115840 0.7 11.32920291274786
4364 0 0 0 11.756298947148025
4365 0 0 0 9.139436995610595
4366 0 0 0 8.699340047314763
4367 0 0 0 12.060331064276397
4368 0 0 0 10.966102010570467
4369 0 0 0 11.0890920041129
4370 0 0 0 11.609256034716964
4371 0 0 0 7.247070083394647
4372 0 0 0 11.931110988371074
4373 0 0 0 5.767183029092848
4374 1 1653245 0.71428573 7.129525998607278
4375 0 0 0 12.766088009811938
4376 1 1274392 0.7 9.519172948785126
4377 0 0 0 14.222496072761714
4378 0 0 0 13.257820974104106
4379 0 0 0 11.898060096427798
4380 0 0 0 12.975558987818658
4381 0 0 0 14.206937979906797
4382 0 0 0 13.059653923846781
4383 0 0 0 13.784255017526448
4384 0 0 0 14.243058976717293
4385 0 0 0 12.797364965081215
4386 0 0 0 12.684580055065453
4387 1 734108 0.7234042 13.238628976978362
4388 0 0 0 12.677856953814626
4389 0 0 0 14.211543020792305
4390 0 0 0 13.501981971785426
4391 0 0 0 13.332081958651543
4392 1 1272398 0.72727275 12.44465890340507
4393 1 1265945 0.7222222 13.325807056389749
4394 0 0 0 13.195817009545863
4395 0 0 0 12.876271037384868
4396 0 0 0 12.940282002091408
4397 0 0 0 13.677786919288337
4398 0 0 0 13.26743292156607
4399 0 0 0 12.017862056382
4400 0 0 0 12.782290927134454
4401 1 1489259 0.7173913 11.41166698653251
4402 0 0 0 12.81141396611929
4403 1 1353602 0.75555557 12.095864047296345
4404 1 2053831 0.7291667 12.723423074930906
4405 0 0 0 13.518474996089935
4406 0 0 0 13.34676006808877
4407 1 1419069 0.7659575 13.308092951774597
4408 0 0 0 13.594468007795513
4409 0 0 0 13.167305034585297
4410 0 0 0 13.489131000824273
4411 0 0 0 13.841544045135379
4412 0 0 0 14.954001060687006
4413 0 0 0 13.282527914270759
4414 0 0 0 13.430285034701228
4415 1 1103984 0.71428573 13.157885055989027
4416 0 0 0 13.130443054251373
4417 1 1175075 0.73170733 12.512607965618372
4418 1 1181201 0.7017544 13.398670009337366
4419 0 0 0 12.982115033082664
4420 0 0 0 14.072762918658555
4421 1 2071709 0.70212764 13.084299047477543
4422 1 1555864 0.74 12.255339999683201
4423 0 0 0 12.888574041426182
4424 0 0 0 11.760758003219962
4425 0 0 0 14.49647604022175
4426 0 0 0 13.935322989709675
4427 0 0 0 13.81110807415098
4428 0 0 0 13.768487959168851
4429 0 0 0 12.965337024070323
4430 0 0 0 12.527406914159656
4431 0 0 0 13.095321017317474
4432 0 0 0 13.768243021331728
4433 0 0 0 13.626868021674454
4434 0 0 0 11.584041058085859
4435 0 0 0 13.596434029750526
4436 0 0 0 12.763520004227757
4437 1 1193993 0.7 12.884370051324368
4438 0 0 0 13.0006909603253
4439 0 0 0 13.075217953883111
4440 0 0 0 13.330643996596336
4441 1 843888 0.72727275 10.728085064329207
4442 0 0 0 12.763420003466308
4443 0 0 0 13.386514037847519
4444 0 0 0 14.162987936288118
4445 0 0 0 14.452590956352651
4446 0 0 0 13.028752990067005
4447 0 0 0 13.286868925206363
4448 1 1572828 0.70731705 13.490571989677846
4449 0 0 0 14.091023011133075
4450 0 0 0 14.055248931981623
4451 0 0 0 11.982586001977324
4452 1 1266000 0.7407407 13.10090406332165
4453 0 0 0 13.833206961862743
4454 0 0 0 12.629796983674169
4455 0 0 0 13.591638999059796
4456 1 1190867 0.74418604 12.094605015590787
4457 0 0 0 12.940700049512088
4458 0 0 0 13.24557897169143
4459 0 0 0 13.039265060797334
4460 0 0 0 13.046727981418371
4461 1 1667139 0.72 14.335631974972785
4462 0 0 0 13.954612077213824
4463 0 0 0 12.96588103286922
4464 1 1048091 0.7254902 12.885021977126598
4465 0 0 0 13.19481001701206
4466 0 0 0 13.444848940707743
4467 0 0 0 14.607809949666262
4468 0 0 0 14.509861939586699
4469 1 962774 0.7346939 14.21074999962002
4470 0 0 0 14.397869003005326
4471 0 0 0 14.28906002547592
4472 1 1115484 0.7380952 11.55883097089827
4473 0 0 0 13.090068008750677
4474 0 0 0 13.29025998711586
4475 0 0 0 14.781514066271484
4476 1 1356085 0.8863636 12.30415201280266
4477 0 0 0 14.901785994879901
4478 0 0 0 13.217147905379534
4479 0 0 0 13.724896009080112
4480 0 0 0 11.15077594295144
4481 0 0 0 11.695961002260447
4482 1 1499309 0.7291667 13.738073990680277
4483 1 1517255 0.7037037 13.687486993148923
4484 1 1555192 0.73333335 10.487868916243315
4485 0 0 0 13.535622972995043
4486 0 0 0 12.191063025966287
4487 0 0 0 13.359111035242677
4488 0 0 0 13.579978025518358
4489 1 1173817 0.71153843 14.607970020733774
4490 0 0 0 14.582972973585129
4491 0 0 0 14.439839054830372
4492 0 0 0 12.308701989240944
4493 0 0 0 14.04885295778513
4494 1 2074577 0.7254902 13.092939974740148
4495 0 0 0 14.041593996807933
4496 0 0 0 13.147803023457527
4497 0 0 0 13.603857951238751
4498 0 0 0 14.180342899635434
4499 1 1479792 0.7037037 14.191346010193229
4500 0 0 0 14.356466941535473
4501 0 0 0 12.885026051662862
4502 0 0 0 13.406442943960428
4503 1 1215188 0.73913044 12.87631702143699
4504 0 0 0 13.052499038167298
4505 0 0 0 13.940757024101913
4506 0 0 0 12.969564995728433
4507 0 0 0 13.114179950207472
4508 1 2046761 0.71428573 11.82608597446233
4509 0 0 0 12.944574002176523
4510 0 0 0 13.236329075880349
4511 0 0 0 14.33789893053472
4512 0 0 0 14.266527025029063
4513 0 0 0 13.23642604984343
4514 0 0 0 13.056942028924823
4515 0 0 0 12.215594993904233
4516 0 0 0 14.651690027676523
4517 0 0 0 13.78526003099978
4518 0 0 0 13.24288989417255
4519 1 1040662 0.71428573 11.734800995327532
4520 0 0 0 13.437828980386257
4521 0 0 0 13.315820950083435
4522 0 0 0 13.486018986441195
4523 0 0 0 12.051927973516285
4524 0 0 0 14.573076972737908
4525 0 0 0 14.476428972557187
4526 0 0 0 14.276298927143216
4527 0 0 0 13.704547076486051
4528 0 0 0 14.22139594797045
4529 0 0 0 14.435340999625623
4530 1 1370515 0.7083333 13.93375196494162
4531 0 0 0 14.20158101245761
4532 1 1003332 0.7234042 14.272330095991492
4533 0 0 0 13.812902965582907
4534 1 1463391 0.7090909 13.363166013732553
4535 0 0 0 12.752061011269689
4536 0 0 0 12.72371900267899
4537 0 0 0 12.7028290880844
4538 1 1426751 0.7291667 13.78996903076768
4539 1 1040974 0.7 13.993503991514444
4540 0 0 0 14.455461991019547
4541 1 1194433 0.7446808 13.453776948153973
4542 0 0 0 13.114057015627623
4543 0 0 0 14.369079028256238
4544 1 373360 0.7 13.271129108034074
4545 1 1290025 0.8 11.414506938308477
4546 1 1650948 0.7169811 12.633831007406116
4547 0 0 0 13.077530893497169
4548 0 0 0 12.326086987741292
4549 0 0 0 14.333102968521416
4550 0 0 0 14.069873024709523
4551 0 0 0 11.757188010960817
4552 1 1489011 0.7083333 11.542021064087749
4553 1 447689 0.73333335 12.294754036702216
4554 1 1271384 0.7826087 12.628584983758628
4555 1 1555189 0.7058824 13.474181992933154
4556 1 615330 0.7 12.797701987437904
4557 0 0 0 13.613663031719625
4558 0 0 0 12.856850982643664
4559 0 0 0 13.282959931530058
4560 0 0 0 13.144219992682338
4561 1 1520572 0.76086956 11.949448031373322
4562 0 0 0 14.96117701753974
4563 1 1122451 0.7 13.005531043745577
4564 1 234685 0.71428573 14.502546982839704
4565 0 0 0 13.5517290327698
4566 1 1259424 0.71428573 12.949111056514084
4567 1 1336480 0.76086956 12.614720966666937
4568 0 0 0 13.032560935243964
4569 1 2379105 0.7659575 12.700504972599447
4570 0 0 0 14.339492074213922
4571 0 0 0 14.06877301633358
4572 1 1232260 0.70212764 13.327697990462184
4573 0 0 0 13.028856017626822
4574 0 0 0 13.331722933799028
4575 0 0 0 13.098858995363116
4576 1 1188269 0.7446808 13.006031978875399
4577 1 1219079 0.70212764 13.31511395983398
4578 0 0 0 13.553415075875819
4579 1 1190518 0.7 13.046083971858025
4580 0 0 0 13.412229949608445
4581 0 0 0 11.835171026177704
4582 0 0 0 14.376387000083923
4583 1 1508456 0.7291667 15.191638027317822
4584 1 1370702 0.71428573 13.907148968428373
4585 0 0 0 13.179580098949373
4586 0 0 0 13.694884954020381
4587 0 0 0 13.924981001764536
4588 0 0 0 12.555309920571744
4589 0 0 0 12.281186995096505
4590 0 0 0 13.224218972027302
4591 1 1800553 0.71153843 13.323766994290054
4592 0 0 0 13.29468796029687
4593 0 0 0 12.879349989816546
4594 0 0 0 13.074850081466138
4595 0 0 0 13.345316983759403
4596 0 0 0 13.95134604535997
4597 0 0 0 13.049990986473858
4598 0 0 0 12.859533075243235
4599 0 0 0 13.521888991817832
4600 0 0 0 14.197046984918416
4601 0 0 0 13.313855044543743
4602 0 0 0 11.84908696450293
4603 0 0 0 13.324321946129203
4604 1 953599 0.70454544 12.192989932373166
4605 0 0 0 13.198604923672974
4606 1 1063427 0.70212764 12.695117969997227
4607 0 0 0 13.084687991067767
4608 0 0 0 13.042940059676766
4609 0 0 0 11.750761070288718
4610 1 1190476 0.71428573 12.967389076948166
4611 1 1887721 0.71428573 13.933944050222635
4612 0 0 0 14.414860983379185
4613 0 0 0 12.195585062727332
4614 0 0 0 14.598479960113764
4615 1 1441394 0.7234042 13.556955964304507
4616 1 1149041 0.7058824 12.975077028386295
4617 0 0 0 13.243112014606595
4618 0 0 0 13.058659969829023
4619 0 0 0 12.860415037721395
4620 1 1453168 0.7 13.463015086017549
4621 1 484463 0.7234042 14.364734990522265
4622 0 0 0 14.722145977430046
4623 0 0 0 13.361420948058367
4624 1 1257888 0.75 13.553936034440994
4625 0 0 0 15.081651974469423
4626 0 0 0 15.407485072501004
4627 0 0 0 13.775633065961301
4628 1 622813 0.70212764 13.336063013412058
4629 0 0 0 13.534378958866
4630 0 0 0 12.06726802047342
4631 0 0 0 13.46256397664547
4632 0 0 0 14.329646015539765
4633 1 1410103 0.7173913 13.05642700754106
4634 1 1256595 0.7 13.564349035732448
4635 1 511740 0.73913044 12.509208056144416
4636 0 0 0 13.24037101585418
4637 0 0 0 12.067325063981116
4638 0 0 0 13.0157700041309
4639 0 0 0 11.96534396149218
4640 1 1165103 0.7346939 13.123544049449265
4641 0 0 0 12.906746007502079
4642 0 0 0 14.636234031058848
4643 0 0 0 14.044435927644372
4644 0 0 0 13.336310046724975
4645 0 0 0 14.109504991210997
4646 0 0 0 14.349436038173735
4647 1 2055723 0.7058824 12.77946901973337
4648 1 525493 0.73170733 11.959021096117795
4649 0 0 0 13.277734047733247
4650 0 0 0 13.371147098951042
4651 0 0 0 13.000421924516559
4652 0 0 0 14.334960957057774
4653 0 0 0 14.561853022314608
4654 0 0 0 13.871909934096038
4655 0 0 0 14.302664087153971
4656 0 0 0 13.131884974427521
4657 0 0 0 12.839594972319901
4658 1 1340106 0.7446808 13.122865930199623
4659 0 0 0 12.981726904399693
4660 0 0 0 11.86246401630342
4661 0 0 0 12.551224906928837
4662 0 0 0 11.866520042531192
4663 0 0 0 13.226084061898291
4664 0 0 0 14.527612016536295
4665 1 1080502 0.7111111 14.415348996408284
4666 0 0 0 14.064613962545991
4667 1 1665355 0.7222222 13.28497298527509
4668 0 0 0 14.49083094485104
4669 0 0 0 13.22155399248004
4670 0 0 0 13.341951998881996
4671 1 1260565 0.82 12.013370986096561
4672 0 0 0 12.687468901276588
4673 1 1140620 0.70212764 12.15148693881929
4674 1 1351470 0.74 14.285700977779925
4675 0 0 0 14.49750002939254
4676 0 0 0 14.309994992800057
4677 0 0 0 12.531429063528776
4678 0 0 0 13.755818945355713
4679 1 1798384 0.73214287 13.86296097189188
4680 0 0 0 13.480467023327947
4681 0 0 0 13.195513980463147
4682 0 0 0 13.423389988020062
4683 0 0 0 13.213395955972373
4684 0 0 0 13.230563956312835
4685 0 0 0 12.557425070554018
4686 1 2108680 0.70212764 12.894568033516407
4687 1 1147511 0.75 13.580378028564155
4688 0 0 0 14.015894965268672
4689 0 0 0 13.248711009509861
4690 1 1287250 0.70454544 14.279155991971493
4691 0 0 0 14.619696070440114
4692 0 0 0 13.978195027448237
4693 1 1423537 0.7169811 13.00316397100687
4694 0 0 0 12.539597926661372
4695 0 0 0 13.537139049731195
4696 1 1532073 0.7083333 12.553957989439368
4697 0 0 0 13.959544943645597
4698 1 1608378 0.70454544 12.722037034109235
4699 0 0 0 14.402736094780266
4700 0 0 0 14.203159022144973
4701 1 574851 0.72 12.797215022146702
4702 0 0 0 13.047292013652623
4703 0 0 0 13.34850606508553
4704 1 1104953 0.71428573 13.743983930908144
4705 0 0 0 14.315766980871558
4706 0 0 0 13.022783910855651
4707 0 0 0 13.252530014142394
4708 0 0 0 12.99362804275006
4709 1 1268030 0.7058824 14.181733946315944
4710 0 0 0 13.789523974992335
4711 0 0 0 13.528432929888368
4712 0 0 0 13.456537039019167
4713 1 1178160 0.7173913 13.319127028807998
4714 0 0 0 12.824753997847438
4715 1 601758 0.72727275 12.275113025680184
4716 0 0 0 12.147727073170245
4717 0 0 0 13.924199971370399
4718 1 1087095 0.75 11.038937023840845
4719 0 0 0 14.60070803295821
4720 1 1665280 0.7346939 14.320014044642448
4721 0 0 0 13.853584066964686
4722 0 0 0 14.68604791443795
4723 0 0 0 14.620256028138101
4724 1 1554318 0.72 14.465284068137407
4725 0 0 0 15.601801918819547
4726 0 0 0 12.96353293582797
4727 0 0 0 13.889767928048968
4728 0 0 0 14.220194891095161
4729 0 0 0 13.97706801071763
4730 0 0 0 13.580641942098737
4731 0 0 0 12.288741068914533
4732 0 0 0 14.204712002538145
4733 1 2078533 0.71153843 14.097223989665508
4734 0 0 0 14.134975033812225
4735 0 0 0 13.850693008862436
4736 0 0 0 13.331776950508356
4737 1 822151 0.76 14.682509005069733
4738 1 245591 0.7 13.677506009116769
4739 1 1293720 0.71153843 13.444285024888813
4740 0 0 0 13.447963981889188
4741 0 0 0 13.314794981852174
4742 1 1353513 0.7358491 13.211040990427136
4743 0 0 0 13.279767008498311
4744 0 0 0 12.646588031202555
4745 0 0 0 12.648900970816612
4746 0 0 0 13.528713025152683
4747 0 0 0 13.810314005240798
4748 0 0 0 11.831596959382296
4749 0 0 0 11.979916016571224
4750 0 0 0 12.74261495564133
4751 0 0 0 13.768981909379363
4752 0 0 0 14.47374396957457
4753 1 1267217 1.0 8.49659601226449
4754 1 1266409 0.70454544 13.414934976026416
4755 0 0 0 12.965547968633473
4756 0 0 0 13.36187298875302
4757 1 2109743 0.71428573 13.371843029744923
4758 0 0 0 13.900893041864038
4759 0 0 0 12.935822014696896
4760 0 0 0 12.775017996318638
4761 0 0 0 13.545456109568477
4762 1 835674 0.7 13.27926095109433
4763 0 0 0 13.54731002356857
4764 0 0 0 13.290595961734653
4765 0 0 0 13.222877983935177
4766 0 0 0 13.319605961441994
4767 0 0 0 13.26293998863548
4768 0 0 0 12.237173039466143
4769 1 2071504 0.7111111 13.288627960719168
4770 0 0 0 13.03986192215234
4771 0 0 0 13.081653043627739
4772 1 825076 0.71428573 14.124599983915687
4773 0 0 0 13.695503934286535
4774 1 1197885 0.73333335 12.812564964406192
4775 0 0 0 13.93555907998234
4776 1 1666297 0.75 11.362076038494706
4777 1 1341567 0.7173913 13.042964041233063
4778 0 0 0 13.113580993376672
4779 0 0 0 13.78338795620948
4780 0 0 0 13.170888996683061
4781 0 0 0 13.348035048693419
4782 0 0 0 14.37961298506707
4783 0 0 0 13.07909400202334
4784 1 2047701 0.7058824 13.04940297268331
4785 1 847274 0.70454544 14.00308299344033
4786 0 0 0 13.334692921489477
4787 1 548274 0.7090909 13.144165044650435
4788 0 0 0 13.257639948278666
4789 0 0 0 13.35866202134639
4790 1 1343024 0.7 12.917961925268173
4791 0 0 0 13.812270015478134
4792 0 0 0 13.133927946910262
4793 0 0 0 13.40738800354302
4794 0 0 0 13.706463971175253
4795 0 0 0 14.755612006410956
4796 0 0 0 13.734300970099866
4797 0 0 0 13.97884904872626
4798 1 805046 0.70212764 13.81467201281339
4799 1 832442 0.7 14.499221928417683
4800 0 0 0 13.668644009158015
4801 0 0 0 13.22339300531894
4802 0 0 0 13.789701974019408
4803 0 0 0 12.96565297525376
4804 0 0 0 12.510087923146784
4805 0 0 0 12.804721016436815
4806 1 1360091 0.73913044 12.794123962521553
4807 0 0 0 13.15333100501448
4808 1 1462714 0.7169811 13.438208028674126
4809 0 0 0 13.74522305559367
4810 0 0 0 13.707334059290588
4811 0 0 0 13.234958052635193
4812 0 0 0 11.991415987722576
4813 0 0 0 13.013454037718475
4814 0 0 0 11.894371942617
4815 0 0 0 11.861235019750893
4816 1 1415530 0.7254902 13.72706308029592
4817 1 2114413 0.78431374 13.203565962612629
4818 0 0 0 13.439068919979036
4819 0 0 0 11.636531911790371
4820 1 1094501 0.77272725 11.859223013743758
4821 0 0 0 12.64297601301223
4822 1 2058685 0.7254902 12.888364028185606
4823 0 0 0 13.24216101784259
4824 0 0 0 13.083424069918692
4825 1 1042143 0.71153843 14.064112911000848
4826 0 0 0 14.03974206186831
4827 1 1111941 0.7291667 12.409016955643892
4828 1 1112181 0.7058824 13.180523994378746
4829 1 1173048 0.70454544 11.807433911599219
4830 0 0 0 12.780643999576569
4831 1 1255245 0.77272725 12.391469907015562
4832 0 0 0 13.764876988716424
4833 0 0 0 13.135191984474659
4834 1 1519847 0.7058824 14.352274010889232
4835 0 0 0 11.728288023732603
4836 0 0 0 13.305448926985264
4837 0 0 0 13.869724003598094
4838 1 2387609 0.7 13.346571009606123
4839 1 2214374 0.70212764 12.943528941832483
4840 1 1041837 0.73333335 13.241796055808663
4841 0 0 0 13.825848000124097
4842 1 475136 0.76 13.51376692764461
4843 0 0 0 13.052840018644929
4844 1 1226119 0.7083333 12.666633003391325
4845 0 0 0 13.939669006504118
4846 0 0 0 13.355194008909166
4847 1 600824 0.7291667 13.43495596665889
4848 1 1104474 0.75 12.047823052853346
4849 0 0 0 12.131885043345392
4850 0 0 0 13.199526001699269
4851 0 0 0 13.376120012253523
4852 0 0 0 13.393678003922105
4853 0 0 0 13.034134055487812
4854 0 0 0 12.5484149903059
4855 0 0 0 14.1542530618608
4856 0 0 0 14.112418051809072
4857 0 0 0 14.454061049036682
4858 0 0 0 13.63824401050806
4859 0 0 0 13.635793002322316
4860 1 1298722 0.7254902 14.012590982019901
4861 0 0 0 13.155782013200223
4862 1 1007029 0.72 13.402819982729852
4863 0 0 0 14.430868905037642
4864 1 1278488 0.75 12.881038011983037
4865 0 0 0 13.20845098234713
4866 0 0 0 13.491463963873684
4867 0 0 0 13.046753010712564
4868 1 1700256 0.73913044 12.82376004382968
4869 0 0 0 12.14801601599902
4870 0 0 0 11.661777039989829
4871 0 0 0 12.477373937144876
4872 1 1567105 0.70212764 13.058478944003582
4873 1 1651756 0.7169811 13.59279896132648
4874 0 0 0 12.580334092490375
4875 1 1228184 0.70731705 12.110730051063001
4876 0 0 0 13.12457607127726
4877 0 0 0 12.805011007003486
4878 0 0 0 13.29726807307452
4879 0 0 0 12.944996007718146
4880 1 1664308 0.71929824 13.121868018060923
4881 1 1245312 0.71929824 12.08342402242124
4882 1 1590810 0.72727275 13.489536009728909
4883 0 0 0 14.231283916160464
4884 1 1526997 0.71666664 12.346522067673504
4885 0 0 0 12.480088043957949
4886 1 1201872 0.73015875 13.19321000482887
4887 0 0 0 12.863778974860907
4888 0 0 0 13.013810035772622
4889 1 1309061 0.7118644 12.672781944274902
4890 0 0 0 13.145835953764617
4891 1 1362168 0.7090909 13.379594078287482
4892 1 1284948 0.75 12.688806047663093
4893 0 0 0 13.190667959861457
4894 0 0 0 13.057698961347342
4895 0 0 0 11.741776950657368
4896 0 0 0 13.807249953970313
4897 0 0 0 12.971421936526895
4898 0 0 0 14.70516703557223
4899 0 0 0 14.238478965125978
4900 0 0 0 12.93993799481541
4901 0 0 0 14.820337994024158
4902 0 0 0 13.454508036375046
4903 0 0 0 14.571450999937952
4904 0 0 0 13.428771984763443
4905 1 1607937 0.7090909 13.323397026397288
4906 1 1242743 0.71666664 13.346601976081729
4907 0 0 0 12.651110999286175
4908 0 0 0 12.430701986886561
4909 0 0 0 13.85982392821461
4910 1 1106427 0.7307692 13.498849933966994
4911 1 205058 0.7413793 13.085205922834575
4912 0 0 0 12.902872054837644
4913 0 0 0 13.232858036644757
4914 0 0 0 13.046087929978967
4915 1 1062456 0.8035714 12.709981063380837
4916 0 0 0 12.221993994899094
4917 0 0 0 12.81921798363328
4918 0 0 0 13.334598043002188
4919 0 0 0 13.251741998828948
4920 0 0 0 12.741485028527677
4921 0 0 0 12.453339993953705
4922 0 0 0 13.824427966028452
4923 1 1102635 0.71929824 11.608076049014926
4924 0 0 0 12.816204922273755
4925 0 0 0 10.887408978305757
4926 0 0 0 13.631090056151152
4927 1 1193038 0.7407407 12.24329392425716
4928 1 1378627 0.7586207 13.119306066073477
4929 0 0 0 12.533287983387709
4930 1 1973450 0.7222222 13.42091301921755
4931 0 0 0 14.751235023140907
4932 0 0 0 14.218662050552666
4933 1 1502062 0.7288136 13.408880098722875
4934 0 0 0 13.437706045806408
4935 0 0 0 14.334195060655475
4936 1 1244567 0.78571427 13.001753017306328
4937 0 0 0 12.713760021142662
4938 1 2458593 0.7818182 12.539871037006378
4939 0 0 0 12.344197952188551
4940 1 1057522 0.7164179 11.168530094437301
4941 0 0 0 13.180099078454077
4942 0 0 0 13.833795906975865
4943 0 0 0 14.0152940293774
4944 0 0 0 13.733187923207879
4945 0 0 0 13.449097983539104
4946 0 0 0 14.35972296167165
4947 1 1264742 0.84615386 13.35400901734829
4948 0 0 0 13.275459059514105
4949 1 1467122 0.7407407 14.234094065614045
4950 0 0 0 14.356152969412506
4951 1 1073139 0.7121212 12.1275270357728
4952 0 0 0 13.108278973959386
4953 0 0 0 13.419735012575984
4954 0 0 0 14.484687009826303
4955 0 0 0 13.226720970124006
4956 1 60328 0.70689654 12.207600986585021
4957 0 0 0 13.395001064054668
4958 0 0 0 13.032578979618847
4959 0 0 0 13.586550019681454
4960 0 0 0 14.31472401600331
4961 0 0 0 12.673579971306026
4962 0 0 0 14.01162997353822
4963 0 0 0 14.114062068983912
4964 0 0 0 12.162973987869918
4965 0 0 0 12.912367936223745
4966 0 0 0 13.705357094295323
4967 0 0 0 13.137518079020083
4968 0 0 0 13.026835047639906
4969 0 0 0 13.437927002087235
4970 0 0 0 12.34285207465291
4971 0 0 0 13.401046046055853
4972 0 0 0 12.617466039955616
4973 0 0 0 13.755969004705548
4974 1 1063518 0.72727275 13.067133957520127
4975 1 1627546 0.7222222 12.991594965569675
4976 0 0 0 11.513518984429538
4977 0 0 0 13.067133957520127
4978 0 0 0 12.709980015642941
4979 1 2006199 0.7241379 12.642530025914311
4980 0 0 0 13.082329998724163
4981 1 1139920 0.7121212 10.725155007094145
4982 0 0 0 12.600101996213198
4983 0 0 0 12.992072035558522
4984 1 1108076 0.75 12.584781041368842
4985 0 0 0 12.967954971827567
4986 0 0 0 11.378183960914612
4987 0 0 0 13.135380926541984
4988 1 1448211 0.7222222 13.339221011847258
4989 0 0 0 12.639428023248911
4990 0 0 0 12.19571300316602
4991 0 0 0 11.723333969712257
4992 1 1004070 0.71428573 13.423830037936568
4993 0 0 0 12.535896967165172
4994 0 0 0 13.898652046918869
4995 1 666320 0.73214287 14.722501044161618
4996 0 0 0 12.979576014913619
4997 1 1108214 0.75 12.30363396462053
4998 0 0 0 14.365421026013792
4999 0 0 0 13.726641074754298
5000 0 0 0 13.354531954973936
5001 0 0 0 13.87290796265006
5002 0 0 0 12.837792048230767
5003 0 0 0 13.713967986404896
5004 0 0 0 14.536045957356691
5005 0 0 0 13.32891604397446
5006 1 1237674 0.7241379 12.973133008927107
5007 0 0 0 12.802439974620938
5008 0 0 0 12.248849030584097
5009 0 0 0 14.066996984183788
5010 0 0 0 14.342754031531513
5011 0 0 0 12.057289946824312
5012 1 1606156 0.7358491 13.956011971458793
5013 1 1404735 0.7 14.47217003442347
5014 0 0 0 13.953143963590264
5015 0 0 0 14.893069979734719
5016 0 0 0 14.298144029453397
5017 1 2033133 0.76363635 14.877527952194214
5018 0 0 0 14.20649595092982
5019 1 706009 0.7 14.047204982489347
5020 0 0 0 14.201204990968108
5021 0 0 0 13.877257006242871
5022 1 1414511 0.7307692 14.400593005120754
5023 0 0 0 13.104254961945117
5024 1 1280398 0.71153843 13.216677936725318
5025 0 0 0 14.022076036781073
5026 1 1125854 0.7017544 14.167110086418688
5027 1 181256 0.7169811 15.224753995426
5028 0 0 0 13.21740704588592
5029 0 0 0 13.65267497021705
5030 1 1655753 0.7 13.045624014921486
5031 1 1172802 0.7222222 14.33195301797241
5032 1 1151755 0.7222222 14.702846994623542
5033 0 0 0 14.49369394686073
5034 0 0 0 12.239212985150516
5035 0 0 0 12.359649990685284
5036 0 0 0 13.338909950107336
5037 0 0 0 13.395729009062052
5038 0 0 0 14.196877949871123
5039 0 0 0 13.875761069357395
5040 0 0 0 13.39501398615539
5041 0 0 0 14.506570063531399
5042 1 1627761 0.71428573 12.115156976506114
5043 1 1576784 0.7083333 14.419161016121507
5044 1 1014081 0.71428573 13.084378093481064
5045 1 2256368 0.7419355 11.10036694444716
5046 0 0 0 11.931457906030118
5047 1 1049504 0.7419355 11.115364963188767
5048 1 1016380 0.72131145 11.906241998076439
5049 0 0 0 13.346886029466987
5050 1 1844362 0.7017544 13.99663498159498
5051 0 0 0 12.592716026119888
5052 0 0 0 13.191245030611753
5053 0 0 0 12.559922994114459
5054 0 0 0 14.202215010300279
5055 1 1069934 0.75 14.375217026099563
5056 1 507592 0.7288136 12.154715950600803
5057 1 1633113 0.7368421 11.947471997700632
5058 1 1124440 0.75 13.47521401476115
5059 0 0 0 13.004940003156662
5060 0 0 0 12.634326005354524
5061 1 1176085 0.74509805 13.017457909882069
5062 1 1113975 0.71666664 13.791244942694902
5063 0 0 0 13.902192004024982
5064 0 0 0 14.362132060341537
5065 0 0 0 12.333363993093371
5066 0 0 0 13.085191952995956
5067 1 1460649 0.703125 10.310765006579459
5068 0 0 0 13.695354922674596
5069 0 0 0 14.350824989378452
5070 0 0 0 14.57774091977626
5071 1 2086420 0.7222222 14.932379010133445
5072 0 0 0 13.797383988276124
5073 0 0 0 14.13659006357193
5074 1 1295950 0.71929824 13.102384051308036
5075 0 0 0 14.647079980932176
5076 0 0 0 14.491699985228479
5077 0 0 0 14.526951941661537
5078 0 0 0 14.051393955014646
5079 0 0 0 12.475938070565462
5080 0 0 0 13.273017015308142
5081 0 0 0 11.708990903571248
5082 0 0 0 14.117038110271096
5083 1 1663446 0.73214287 12.506128055974841
5084 1 1797201 0.7758621 12.00720202177763
5085 1 1011525 0.7692308 12.570700026117265
5086 0 0 0 12.043470051139593
5087 0 0 0 12.639733031392097
5088 0 0 0 12.719195918180048
5089 0 0 0 12.484884937293828
5090 0 0 0 11.951030930504203
5091 0 0 0 13.943008030764759
5092 1 1664991 0.71428573 14.56249610055238
5093 0 0 0 13.029571971856058
5094 0 0 0 11.973386048339307
5095 1 1566432 0.7288136 12.243135017342865
5096 0 0 0 14.649542979896069
5097 0 0 0 13.421735959127545
5098 0 0 0 12.849519960582256
5099 0 0 0 13.059528078883886
5100 0 0 0 13.14953702967614
5101 1 1141650 0.72131145 12.248829007148743
5102 0 0 0 14.679388958029449
5103 0 0 0 12.076916988007724
5104 1 1801407 0.7037037 13.44222598709166
5105 0 0 0 12.015523039735854
5106 1 1505674 0.7 13.03284801542759
5107 0 0 0 12.817909941077232
5108 0 0 0 12.420792016200721
5109 0 0 0 11.856034048832953
5110 0 0 0 11.065243044868112
5111 0 0 0 12.458018027245998
5112 0 0 0 12.584513053297997
5113 0 0 0 11.950362008064985
5114 0 0 0 12.16214697342366
5115 1 1473233 0.71153843 13.040074030868709
5116 0 0 0 13.905426021665335
5117 0 0 0 12.781414901837707
5118 1 1568395 0.7169811 13.55065603274852
5119 0 0 0 13.024577987380326
5120 0 0 0 14.338150038383901
5121 0 0 0 14.402805012650788
5122 0 0 0 13.11904692556709
5123 0 0 0 14.340527006424963
5124 0 0 0 13.200646033510566
5125 0 0 0 13.252533972263336
5126 0 0 0 13.190840953029692
5127 0 0 0 13.24134599417448
5128 0 0 0 12.378392042592168
5129 0 0 0 12.987243942916393
5130 1 668402 0.72131145 12.22476304974407
5131 1 1442630 0.75438595 13.183420058339834
5132 0 0 0 13.599507976323366
5133 1 969479 0.7962963 13.027874985709786
5134 1 1157918 0.7457627 12.05675897654146
5135 0 0 0 13.551329029724002
5136 1 863993 0.70212764 13.638803968206048
5137 0 0 0 13.76870006788522
5138 0 0 0 13.78467702306807
5139 0 0 0 14.115346944890916
5140 0 0 0 13.345139101147652
5141 0 0 0 13.501105015166104
5142 0 0 0 13.109441031701863
5143 0 0 0 13.20279494393617
5144 0 0 0 13.62779806368053
5145 0 0 0 13.003651052713394
5146 0 0 0 13.815397978760302
5147 1 1560404 0.7586207 12.503774953074753
5148 0 0 0 14.010423910804093
5149 0 0 0 14.801510027609766
5150 0 0 0 13.558714068494737
5151 0 0 0 13.21986096445471
5152 1 1340266 0.75438595 13.45457904972136
5153 0 0 0 14.388227951712906
5154 1 1428597 0.71666664 13.636591960676014
5155 0 0 0 13.017892022617161
5156 0 0 0 13.029563939198852
5157 0 0 0 14.746343018487096
5158 0 0 0 14.011987019330263
5159 1 1669580 0.7586207 12.550538987852633
5160 0 0 0 12.906208052299917
5161 1 1131842 0.7 13.248195988126099
5162 1 1180533 0.703125 11.776264989748597
5163 0 0 0 14.548414968885481
5164 0 0 0 13.368741958402097
5165 1 1404052 0.75438595 13.016318902373314
5166 0 0 0 14.451932976953685
5167 0 0 0 15.062557999044657
5168 0 0 0 15.877668047323823
5169 0 0 0 14.838934992440045
5170 1 1491566 0.7017544 15.381272998638451
5171 1 1347178 0.7413793 13.89617205131799
5172 0 0 0 14.828223967924714
5173 0 0 0 15.4869279358536
5174 0 0 0 12.832562089897692
5175 0 0 0 13.870243914425373
5176 0 0 0 13.431940926238894
5177 1 1417660 0.71666664 14.248825027607381
5178 1 1448116 0.7222222 14.89559595938772
5179 1 1109370 0.71153843 15.29441901948303
5180 1 1558973 0.71428573 15.023380983620882
5181 1 1473326 0.7090909 14.953152043744922
5182 0 0 0 14.354496961459517
5183 0 0 0 13.944841106422246
5184 0 0 0 13.689517974853516
5185 0 0 0 15.969852916896343
5186 0 0 0 14.25620901864022
5187 0 0 0 14.98011697549373
5188 0 0 0 15.231556026265025
5189 0 0 0 12.971299001947045
5190 0 0 0 12.592097977176309
5191 0 0 0 13.221806031651795
5192 1 1560890 0.704918 14.454660005867481
5193 1 1022144 0.7222222 14.64469509664923
5194 0 0 0 11.032928945496678
5195 0 0 0 13.53304204531014
5196 0 0 0 13.111348962411284
5197 1 1976295 0.7241379 14.347248012199998
5198 0 0 0 15.215685940347612
5199 0 0 0 15.91345900669694
5200 1 1092830 0.7118644 14.264940982684493
5201 0 0 0 12.691359966993332
5202 0 0 0 15.076644951477647
5203 0 0 0 14.216976007446647
5204 1 1213941 0.7291667 15.914891962893307
5205 0 0 0 13.508236967027187
5206 0 0 0 14.624197967350483
5207 1 1016262 0.72131145 13.599081081338227
5208 0 0 0 13.137844041921198
5209 0 0 0 13.531064032576978
5210 0 0 0 12.193739996291697
5211 1 1512285 0.7169811 13.49382905755192
5212 0 0 0 13.610690948553383
5213 1 1655359 0.7 12.500641983933747
5214 0 0 0 13.377806986682117
5215 1 326190 0.7 12.360967928543687
5216 0 0 0 12.883228017017245
5217 0 0 0 13.609565095975995
5218 1 2088610 0.7037037 13.523885048925877
5219 0 0 0 13.88149696867913
5220 0 0 0 14.142740983515978
5221 0 0 0 14.318480039946735
5222 1 1231349 0.7037037 14.406430069357157
5223 0 0 0 14.016189961694181
5224 0 0 0 12.694291886873543
5225 0 0 0 11.660943971946836
5226 0 0 0 14.171243994496763
5227 0 0 0 12.57137709762901
5228 1 873920 0.70689654 11.744874995201826
5229 0 0 0 12.963871005922556
5230 0 0 0 11.924068909138441
5231 0 0 0 12.80292496085167
5232 0 0 0 12.639667955227196
5233 1 1336501 0.71666664 11.975512956269085
5234 1 1170927 0.7037037 11.995968990959227
5235 1 1418739 0.71153843 12.836231966502964
5236 0 0 0 13.179740984924138
5237 1 1094958 0.73333335 12.26226007565856
5238 1 1721395 0.72131145 13.510381919331849
5239 1 855115 0.7407407 14.704565983265638
5240 0 0 0 13.735799002461135
5241 1 1052360 0.7118644 13.235721969977021
5242 1 558036 0.7118644 13.388645951636136
5243 1 1140715 0.7090909 14.251203974708915
5244 0 0 0 13.73442099429667
5245 1 1970304 0.71929824 13.080448959954083
5246 0 0 0 10.946808033622801
5247 0 0 0 14.598026988096535
5248 0 0 0 13.49276292603463
5249 1 2470997 0.7407407 13.863670988939703
5250 1 1421473 0.7096774 11.767040006816387
5251 0 0 0 12.997979996725917
5252 0 0 0 14.071683981455863
5253 0 0 0 13.652252033352852
5254 1 1242338 0.7241379 14.244389021769166
5255 0 0 0 12.837328016757965
5256 1 1730004 0.72 14.39099502749741
5257 0 0 0 12.181545956991613
5258 0 0 0 13.11610999982804
5259 0 0 0 14.898246969096363
5260 1 1157560 0.72131145 13.222443056292832
5261 1 1462470 0.70689654 15.355933923274279
5262 1 1279661 0.7307692 14.850021922029555
5263 1 1384153 0.7446808 14.649132965132594
5264 0 0 0 13.958035968244076
5265 1 1053122 0.73015875 14.478642959147692
5266 0 0 0 14.505126047879457
5267 0 0 0 14.46657394990325
5268 0 0 0 14.30078805424273
5269 0 0 0 14.763791928999126
5270 0 0 0 15.172509010881186
5271 0 0 0 14.242116012610495
5272 1 1541414 0.7291667 14.953657984733582
5273 1 1505889 0.704918 14.089243020862341
5274 0 0 0 14.791282010264695
5275 0 0 0 14.481729012914002
5276 1 1067798 0.71014494 12.161088990978897
5277 0 0 0 14.78785602375865
5278 0 0 0 12.87406706251204
5279 0 0 0 13.980283052660525
5280 0 0 0 13.95580091048032
5281 0 0 0 13.765017967671156
5282 0 0 0 12.357875937595963
5283 1 575131 0.72727275 13.666649931110442
5284 0 0 0 14.138572034426033
5285 1 834819 0.7222222 13.287971029058099
5286 1 1281087 0.71929824 13.421230018138885
5287 0 0 0 13.724394957534969
5288 1 1577050 0.73214287 13.157940935343504
5289 0 0 0 12.923256028443575
5290 1 1631935 0.71153843 13.767380034551024
5291 0 0 0 13.048757915385067
5292 0 0 0 12.248056940734386
5293 0 0 0 14.30395501665771
5294 0 0 0 14.221649034880102
5295 1 1300640 0.74509805 13.537543942220509
5296 0 0 0 13.523797038942575
5297 1 2066729 0.7058824 14.373175101354718
5298 1 1293720 0.74545455 12.868036050349474
5299 0 0 0 12.406944995746017
5300 1 1985977 0.71428573 12.923998991027474
5301 0 0 0 13.10475601349026
5302 0 0 0 11.57122291624546
5303 0 0 0 13.860721024684608
5304 1 1087597 0.7 13.916541007347405
5305 0 0 0 14.649913995526731
5306 0 0 0 13.152675004675984
5307 1 1280559 0.72 13.358657015487552
5308 0 0 0 12.33747904188931
5309 1 1250974 0.7169811 14.396947110071778
5310 0 0 0 12.978528975509107
5311 0 0 0 14.19919403269887
5312 1 1295608 0.703125 11.541587999090552
5313 0 0 0 13.072385918349028
5314 0 0 0 12.734754011034966
5315 0 0 0 12.759226956404746
5316 0 0 0 14.072870020754635
5317 0 0 0 14.407939976081252
5318 0 0 0 14.041634043678641
5319 0 0 0 12.272679014131427
5320 1 1204973 0.7288136 12.344458024017513
5321 0 0 0 12.345589930191636
5322 1 1039731 0.7 12.894044048152864
5323 0 0 0 13.390654930844903
5324 0 0 0 13.231495977379382
5325 0 0 0 11.666262988001108
5326 0 0 0 14.305975055322051
5327 1 1206994 0.7118644 13.147118035703897
5328 0 0 0 13.280611950904131
5329 0 0 0 14.379478991031647
5330 0 0 0 13.29334091860801
5331 0 0 0 12.68650300335139
5332 0 0 0 12.762093916535378
5333 1 1040843 0.7037037 13.875724980607629
5334 1 986295 0.73770493 13.244835077784956
5335 0 0 0 13.13897897489369
5336 0 0 0 13.181862886995077
5337 1 1019302 0.7241379 12.117326958104968
5338 0 0 0 12.91471195872873
5339 0 0 0 13.505088980309665
5340 0 0 0 12.819548952393234
5341 0 0 0 12.527960003353655
5342 0 0 0 13.068219064734876
5343 0 0 0 12.822872959077358
5344 1 1009505 0.7096774 11.953926994465292
5345 1 1272281 0.8888889 11.838783044368029
5346 0 0 0 12.526492006145418
5347 1 1612858 0.71428573 12.295009917579591
5348 0 0 0 12.60405802167952
5349 0 0 0 11.787396972067654
5350 0 0 0 13.080168049782515
5351 0 0 0 12.45127699803561
5352 0 0 0 12.866417062468827
5353 0 0 0 14.42923303693533
5354 0 0 0 14.492260990664363
5355 1 1054792 0.71929824 13.68305692449212
5356 0 0 0 14.296467998065054
5357 1 1208808 0.7169811 13.064152910374105
5358 1 1331183 0.7619048 11.346443090587854
5359 0 0 0 13.37680802680552
5360 0 0 0 13.037675991654396
5361 0 0 0 13.153734034858644
5362 0 0 0 13.90330702997744
5363 0 0 0 13.401648961007595
5364 0 0 0 13.752909959293902
5365 1 1201963 0.74509805 13.285777997225523
5366 0 0 0 13.989778002724051
5367 0 0 0 12.474988005124032
5368 0 0 0 12.729986920021474
5369 0 0 0 13.375976006500423
5370 1 1347571 0.7755102 13.000237056985497
5371 0 0 0 12.850508908741176
5372 0 0 0 13.197612017393112
5373 1 2130448 0.7419355 11.387703008949757
5374 0 0 0 13.0912980530411
5375 0 0 0 14.539650990627706
5376 1 1346970 0.7358491 14.334331965073943
5377 0 0 0 11.753006954677403
5378 0 0 0 9.485942078754306
5379 0 0 0 11.588001972995698
5380 0 0 0 12.15383701492101
5381 0 0 0 11.263492051512003
5382 0 0 0 10.382520034909248
5383 0 0 0 13.158557005226612
5384 0 0 0 10.234465938992798
5385 0 0 0 9.747011004947126
5386 0 0 0 11.598449083976448
5387 1 1478145 0.74603176 11.039586970582604
5388 1 999337 0.7164179 10.103433043695986
5389 0 0 0 12.232108041644096
5390 1 1113211 0.73015875 11.24804699793458
5391 1 1476410 0.7 11.295343982055783
5392 0 0 0 11.057578027248383
5393 0 0 0 12.947823037393391
5394 0 0 0 10.938956984318793
5395 0 0 0 11.309572961181402
5396 0 0 0 9.194346028380096
5397 0 0 0 12.705415952950716
5398 1 1504315 0.7 13.214902952313423
5399 0 0 0 11.692091939039528
5400 1 1620101 0.7076923 10.033893981017172
5401 1 1056565 0.734375 11.981512070633471
5402 0 0 0 10.779959033243358
5403 1 1003303 0.7096774 12.079122941941023
5404 0 0 0 11.968335951678455
5405 0 0 0 9.75090404972434
5406 0 0 0 10.554988984949887
5407 1 790619 0.72131145 12.139055063016713
5408 0 0 0 12.19750999007374
5409 0 0 0 12.814897112548351
5410 0 0 0 10.750778019428253
5411 1 1201147 0.7627119 12.789882021024823
5412 0 0 0 9.442067006602883
5413 1 719540 0.73846155 11.439590947702527
5414 1 1245493 0.7205882 11.611465946771204
5415 0 0 0 12.544485041871667
5416 0 0 0 11.39911892823875
5417 0 0 0 12.996250065043569
5418 0 0 0 11.976573034189641
5419 0 0 0 10.920375003479421
5420 0 0 0 12.97366397920996
5421 1 1845821 0.7183099 10.392394033260643
5422 1 1416251 0.7058824 8.930219919420779
5423 1 1042824 0.7258065 11.856631026603281
5424 0 0 0 9.477800922468305
5425 0 0 0 11.538113001734018
5426 0 0 0 11.009161011315882
5427 0 0 0 11.273983982391655
5428 0 0 0 11.324258986860514
5429 1 1466162 0.73134327 11.283417930826545
5430 0 0 0 12.369042029604316
5431 0 0 0 11.692033964209259
5432 0 0 0 12.982107931748033
5433 1 1445086 0.73846155 10.296341963112354
5434 0 0 0 11.301912949420512
5435 1 1056565 0.74603176 12.796829920262098
5436 1 416540 0.7222222 10.140003985725343
5437 0 0 0 12.914980063214898
5438 1 88384 0.7592593 13.593804906122386
5439 0 0 0 12.377802981063724
5440 0 0 0 11.1552479211241
5441 0 0 0 11.733273975551128
5442 1 1679 0.7076923 12.005200027488172
5443 0 0 0 9.76628705393523
5444 0 0 0 7.985719013959169
5445 0 0 0 13.585936976596713
5446 0 0 0 12.482475023716688
5447 0 0 0 12.183537939563394
5448 1 1222756 0.75438595 13.295757002197206
5449 0 0 0 13.399600982666016
5450 0 0 0 12.950779986567795
5451 0 0 0 10.937295970506966
5452 1 1803153 0.7205882 11.556752026081085
5453 0 0 0 11.456249980255961
5454 0 0 0 13.175616972148418
5455 0 0 0 11.796483071520925
5456 0 0 0 11.383817996829748
5457 1 1651418 0.7083333 9.598113014362752
5458 0 0 0 13.13502702396363
5459 1 846175 0.76363635 12.275960063561797
5460 1 1418947 0.7 12.549765990115702
5461 1 1944982 0.734375 12.371700024232268
5462 0 0 0 11.435398017056286
5463 1 1308027 0.704918 11.436552973464131
5464 0 0 0 11.558837024495006
5465 0 0 0 12.23100395873189
5466 0 0 0 11.801767046563327
5467 0 0 0 10.727034998126328
5468 0 0 0 10.377696948125958
5469 0 0 0 11.425181059166789
5470 0 0 0 11.519177001900971
5471 1 1242047 0.76666665 11.05352200102061
5472 0 0 0 12.01602490618825
5473 0 0 0 10.521634016185999
5474 0 0 0 11.91079500131309
5475 0 0 0 13.195942039601505
5476 1 1090895 0.7205882 10.51119202747941
5477 0 0 0 11.584379011765122
5478 0 0 0 12.850452098064125
5479 0 0 0 10.549216996878386
5480 1 1142948 0.73913044 10.442481026984751
5481 1 1478896 0.70689654 11.81072206236422
5482 0 0 0 11.418585083447397
5483 1 1109180 0.71666664 13.625304913148284
5484 0 0 0 12.501985998824239
5485 1 1411261 0.71875 11.127611971460283
5486 0 0 0 11.944068013690412
5487 0 0 0 10.220953030511737
5488 0 0 0 11.245122994296253
5489 1 686263 0.75 11.80389104411006
5490 0 0 0 9.952319087460637
5491 0 0 0 11.01729494985193
5492 1 701131 0.70149255 12.395266094245017
5493 1 2097186 0.7 12.433566967956722
5494 1 1311257 0.71014494 11.922152945771813
5495 0 0 0 10.036036022938788
5496 0 0 0 12.3409410007298
5497 0 0 0 11.814938043244183
5498 1 1079700 0.703125 11.162496986798942
5499 0 0 0 12.177265016362071
5500 0 0 0 11.099063092842698
5501 1 1149416 0.70422536 9.423973970115185
5502 1 989072 0.73134327 11.242278036661446
5503 0 0 0 12.175003997981548
5504 1 1949433 0.71014494 10.605501011013985
5505 1 1395679 0.734375 10.750866029411554
5506 1 1013928 0.72727275 11.452076025307178
5507 1 1249690 0.76119405 11.24537200666964
5508 0 0 0 9.580363053828478
5509 0 0 0 11.685931007377803
5510 0 0 0 11.612599017098546
5511 0 0 0 10.138861020095646
5512 0 0 0 11.511841090396047
5513 1 1570371 0.72131145 10.375950951129198
5514 0 0 0 10.679697967134416
5515 0 0 0 11.256634956225753
5516 1 617507 0.7096774 12.948988005518913
5517 1 1949149 0.76119405 11.091226013377309
5518 0 0 0 12.208036030642688
5519 0 0 0 11.727466015145183
5520 0 0 0 10.501587996259332
5521 0 0 0 10.816763038747013
5522 0 0 0 11.486514005810022
5523 0 0 0 11.286396998912096
5524 1 2228037 0.74626863 11.608398985117674
5525 1 1301516 0.70149255 10.601661051623523
5526 0 0 0 11.59315905533731
5527 1 842583 0.78333336 12.140354025177658
5528 1 1508794 0.7288136 12.52691203262657
5529 0 0 0 12.34291703440249
5530 1 669607 0.703125 11.572710005566478
5531 0 0 0 11.73835399094969
5532 0 0 0 10.737110977061093
5533 0 0 0 11.482798960059881
5534 0 0 0 13.365653925575316
5535 0 0 0 9.78714507073164
5536 0 0 0 11.07707794290036
5537 1 1654449 0.7704918 12.20525591634214
5538 1 1022939 0.7121212 8.812235086224973
5539 1 1713166 0.71428573 10.769619955681264
5540 0 0 0 12.08759704604745
5541 1 1441175 0.7258065 11.149563011713326
5542 1 1627890 0.7123288 10.508542996831238
5543 0 0 0 12.351318961009383
5544 0 0 0 11.336892028339207
5545 1 1628465 0.71428573 10.38211106788367
5546 0 0 0 9.427555021829903
5547 0 0 0 12.003518058918417
5548 0 0 0 11.556196957826614
5549 1 1180203 0.734375 11.482864967547357
5550 0 0 0 12.722125044092536
5551 1 1461727 0.72727275 9.691862971521914
5552 0 0 0 11.852583033032715
5553 1 1357994 0.71875 11.608285014517605
5554 0 0 0 11.071281041949987
5555 1 128358 0.70149255 8.936614962294698
5556 0 0 0 11.848613969050348
5557 0 0 0 11.837918078526855
5558 0 0 0 11.557850986719131
5559 1 1607780 0.75409836 11.588350986130536
5560 0 0 0 8.85329197626561
5561 0 0 0 11.887817992828786
5562 1 1265646 0.7 12.76379602495581
5563 0 0 0 11.211975011974573
5564 1 1279851 0.72307694 10.166094987653196
5565 0 0 0 10.292534017935395
5566 0 0 0 11.884852079674602
5567 0 0 0 11.993417050689459
5568 1 832980 0.7096774 11.51199301239103
5569 1 2093992 0.7241379 12.296675005927682
5570 0 0 0 11.75344898365438
5571 1 2021786 0.72131145 11.366655002348125
5572 0 0 0 8.949907030910254
5573 1 1180681 0.7076923 10.417794925160706
5574 1 312486 0.78688526 11.718322988599539
5575 1 1430197 0.71428573 11.391749023459852
5576 0 0 0 9.918004972860217
5577 1 1190784 0.73770493 12.22784596029669
5578 1 1058151 0.734375 11.055657989345491
5579 1 1842790 0.7258065 10.209265048615634
5580 0 0 0 11.061786906793714
5581 0 0 0 12.285350007005036
5582 0 0 0 10.593455983325839
5583 0 0 0 8.026901981793344
5584 0 0 0 11.898742988705635
5585 1 1592638 0.74242425 9.118222980760038
5586 0 0 0 11.211225064471364
5587 1 1407995 0.72131145 12.106130947358906
5588 0 0 0 12.020926922559738
5589 0 0 0 12.294009095057845
5590 0 0 0 11.971782078035176
5591 1 714554 0.71428573 14.142333064228296
5592 0 0 0 12.797257048077881
5593 0 0 0 12.014431995339692
5594 0 0 0 14.819425996392965
5595 0 0 0 13.855749042704701
5596 1 560463 0.7058824 11.749812052585185
5597 1 878877 0.7058824 13.059444027021527
5598 0 0 0 11.238149949349463
5599 0 0 0 12.52664893399924
5600 1 1424326 0.704918 12.07854098174721
5601 0 0 0 11.651028995402157
5602 0 0 0 13.473463011905551
5603 0 0 0 13.01712600979954
5604 0 0 0 13.392852037213743
5605 0 0 0 13.297614990733564
5606 0 0 0 9.878847980871797
5607 1 896568 0.704918 12.370551936328411
5608 0 0 0 12.667326023802161
5609 0 0 0 13.016819022595882
5610 0 0 0 11.470736004412174
5611 0 0 0 11.926809092983603
5612 1 1154449 0.7352941 10.731903952546418
5613 0 0 0 12.08770798984915
5614 0 0 0 11.161769041791558
5615 0 0 0 12.030225014314055
5616 1 985832 0.7096774 13.010671944357455
5617 0 0 0 12.933891033753753
5618 0 0 0 13.524891925044358
5619 0 0 0 11.988120968453586
5620 0 0 0 10.617239982821047
5621 0 0 0 11.770553071983159
5622 0 0 0 10.825826902873814
5623 0 0 0 12.371520046144724
5624 1 1011261 0.7258065 13.28496600035578
5625 1 206161 0.73333335 12.961476924829185
5626 0 0 0 11.884417966939509
5627 1 1392488 0.71428573 12.791325920261443
5628 0 0 0 12.435593060217798
5629 0 0 0 11.789148906245828
5630 0 0 0 11.657720897346735
5631 1 1477183 0.7096774 10.597245069220662
5632 1 1450514 0.75 10.362214990891516
5633 0 0 0 10.520360083319247
5634 1 1130698 0.7258065 11.465903953649104
5635 0 0 0 11.298008961603045
5636 1 2360433 0.7027027 11.63316098973155
5637 0 0 0 10.95670706126839
5638 1 1163881 0.7076923 11.728931101970375
5639 1 699906 0.71428573 12.146007036790252
5640 0 0 0 12.936410959810019
5641 0 0 0 11.167724966071546
5642 0 0 0 11.89182698726654
5643 0 0 0 11.480226065032184
5644 1 1685835 0.7692308 10.888278018683195
5645 0 0 0 9.975502965971828
5646 0 0 0 12.451454065740108
5647 0 0 0 12.018983019515872
5648 0 0 0 9.133109007962048
5649 1 1484969 0.7258065 11.45929901394993
5650 1 1395262 0.70149255 10.701158898882568
5651 0 0 0 10.648935101926327
5652 1 1285068 0.72131145 11.091548018157482
5653 0 0 0 11.209276970475912
5654 1 1580750 0.7 11.338906944729388
5655 0 0 0 10.816931026056409
5656 0 0 0 10.800646035932004
5657 0 0 0 10.753948939964175
5658 0 0 0 11.109219980426133
5659 0 0 0 13.094745925627649
5660 1 164208 0.739726 7.961019058711827
5661 0 0 0 11.022374965250492
5662 0 0 0 11.720522888936102
5663 1 1497577 0.7205882 11.581123108044267
5664 1 1017620 0.7058824 10.665024048648775
5665 1 324321 0.72602737 8.969791932031512
5666 1 1442083 0.7164179 11.406890931539237
5667 0 0 0 9.410154074430466
5668 1 831099 0.7285714 9.903648984618485
5669 1 1617524 0.7164179 10.149863082915545
5670 0 0 0 12.09712796844542
5671 0 0 0 11.179881053976715
5672 0 0 0 8.652777061797678
5673 0 0 0 11.547226924449205
5674 1 994791 0.72307694 10.621555964462459
5675 0 0 0 8.399561047554016
5676 1 820046 0.7627119 11.943531921133399
5677 0 0 0 10.728351073339581
5678 0 0 0 11.495969956740737
5679 0 0 0 9.971720981411636
5680 1 1620197 0.72307694 12.260313960723579
5681 1 869850 0.72307694 10.700583108700812
5682 1 1403169 0.7096774 11.320909019559622
5683 0 0 0 11.224934947676957
5684 0 0 0 11.215229984372854
5685 0 0 0 13.072378933429718
5686 0 0 0 9.703696006909013
5687 0 0 0 10.970019968226552
5688 1 1637036 0.7164179 12.058369000442326
5689 0 0 0 10.78224997036159
5690 1 1490553 0.70422536 7.923172088339925
5691 0 0 0 9.956819005310535
5692 0 0 0 11.33101899176836
5693 0 0 0 10.620815912261605
5694 1 980210 0.70149255 9.542373940348625
5695 1 1325376 0.704918 12.053940910845995
5696 0 0 0 11.08036795631051
5697 0 0 0 11.520638014189899
5698 0 0 0 11.372859007678926
5699 1 1134513 0.71014494 10.189868044108152
5700 0 0 0 11.340595898218453
5701 0 0 0 11.340006021782756
5702 0 0 0 11.537534068338573
5703 1 1660287 0.78688526 10.738872922956944
5704 0 0 0 11.011481983587146
5705 0 0 0 11.391056003049016
5706 0 0 0 9.270492941141129
5707 0 0 0 11.49132999125868
5708 0 0 0 12.281132978387177
5709 1 1133668 0.7205882 11.470294906757772
5710 0 0 0 12.752642971463501
5711 1 1043353 0.73846155 11.879979050718248
5712 1 1949862 0.73015875 13.898250996135175
5713 0 0 0 13.887811917811632
5714 1 1474392 0.71929824 15.606052009388804
5715 0 0 0 14.05169500503689
5716 0 0 0 12.211194029077888
5717 0 0 0 12.521561933681369
5718 1 1424761 0.73015875 15.284067019820213
5719 0 0 0 10.825400007888675
5720 0 0 0 12.036641011945903
5721 0 0 0 11.08696695882827
5722 1 1430735 0.7258065 11.132571962662041
5723 1 1200376 0.765625 12.129948008805513
5724 0 0 0 10.893624043092132
5725 1 404009 0.75714284 9.762529050931334
5726 1 1900292 0.71428573 10.924487025476992
5727 0 0 0 12.08563707768917
5728 1 1720142 0.7076923 11.30394299980253
5729 0 0 0 10.275740991346538
5730 0 0 0 10.17215196043253
5731 1 1713166 0.71428573 9.535207995213568
5732 1 1797787 0.7017544 11.635623988695443
5733 1 1686181 0.7123288 9.82368504628539
5734 1 1274269 0.7121212 10.654438054189086
5735 0 0 0 10.386629030108452
5736 1 1299295 0.71014494 10.83573594223708
5737 0 0 0 14.675252023153007
5738 0 0 0 12.773352907970548
5739 0 0 0 10.49086800776422
5740 0 0 0 11.643880046904087
5741 0 0 0 12.091640965081751
5742 0 0 0 11.489862925373018
5743 1 2084574 0.72727275 9.4042900018394
5744 0 0 0 11.262390995398164
5745 1 1038956 0.75384617 8.83490196429193
5746 1 1026209 0.7619048 11.78567495662719
5747 0 0 0 11.394946952350438
5748 1 1253082 0.72307694 10.297768982127309
5749 0 0 0 9.423176990821958
5750 1 2355819 0.704918 12.097769998945296
5751 0 0 0 10.710386093705893
5752 0 0 0 11.658745934255421
5753 1 609547 0.7222222 13.894735020585358
5754 0 0 0 13.00543500110507
5755 0 0 0 11.78526203148067
5756 0 0 0 9.940637974068522
5757 1 1103885 0.7246377 10.351096047088504
5758 0 0 0 10.431244038045406
5759 0 0 0 10.923102032393217
5760 0 0 0 11.02774206083268
5761 0 0 0 13.603453058749437
5762 0 0 0 11.92128995899111
5763 0 0 0 12.428320944309235
5764 1 1949149 0.71014494 11.461879941634834
5765 1 1306748 0.7241379 12.668425915762782
5766 0 0 0 9.55070904456079
5767 0 0 0 12.990320916287601
5768 0 0 0 12.616420979611576
5769 0 0 0 12.026602984406054
5770 1 1389355 0.7096774 12.25706294644624
5771 0 0 0 11.174040962941945
5772 0 0 0 11.701220995746553
5773 1 536649 0.7164179 10.968804941512644
5774 1 1627283 0.7903226 11.346647050231695
5775 1 1029687 0.71428573 11.703821015544236
5776 0 0 0 10.850206017494202
5777 0 0 0 11.3802490523085
5778 0 0 0 11.565208085812628
5779 1 1449392 0.7058824 10.292357066646218
5780 0 0 0 11.578003992326558
5781 0 0 0 10.746254003606737
5782 0 0 0 11.08491700142622
5783 0 0 0 9.192220051772892
5784 0 0 0 12.084190035238862
5785 0 0 0 10.246485937386751
5786 0 0 0 8.741084020584822
5787 1 1462402 0.73770493 11.725608026608825
5788 0 0 0 11.779312044382095
5789 1 1111711 0.7794118 9.813294978812337
5790 0 0 0 9.95254295412451
5791 0 0 0 10.076847043819726
5792 0 0 0 11.156772030517459
5793 1 1085987 0.73134327 10.555831948295236
5794 0 0 0 11.473822058178484
5795 0 0 0 10.150764952413738
5796 0 0 0 10.935283033177257
5797 0 0 0 11.199746979400516
5798 0 0 0 11.583951069042087
5799 1 640983 0.7288136 11.000091908499599
5800 1 2129191 0.71428573 10.292341001331806
5801 0 0 0 10.012872982770205
5802 0 0 0 11.508250958286226
5803 0 0 0 10.240153991617262
5804 0 0 0 10.943401954136789
5805 1 1293387 0.75 11.097208014689386
5806 1 1109199 0.7121212 10.71680593304336
5807 1 493224 0.70689654 12.03600107692182
5808 0 0 0 12.107309070415795
5809 1 2140761 0.72727275 10.573759907856584
5810 1 1007155 0.703125 10.588372009806335
5811 1 1478145 0.7058824 9.236095007508993
5812 0 0 0 9.168755961582065
5813 0 0 0 10.44404599815607
5814 0 0 0 9.623326011933386
5815 0 0 0 10.541653959080577
5816 0 0 0 11.269525974057615
5817 0 0 0 9.673613007180393
5818 0 0 0 12.149426969699562
5819 0 0 0 11.372676934115589
5820 0 0 0 9.965518955141306
5821 0 0 0 11.1181759275496
5822 0 0 0 10.207318002358079
5823 0 0 0 10.052907979115844
5824 0 0 0 12.735803029499948
5825 0 0 0 10.59688301756978
5826 1 1617819 0.7118644 12.670926982536912
5827 1 1083444 0.7580645 10.311727062799037
5828 0 0 0 10.814871988259256
5829 0 0 0 10.505642974749207
5830 0 0 0 11.747673037461936
5831 0 0 0 11.89613901078701
5832 0 0 0 10.06333902478218
5833 1 1522068 0.73333335 10.999140911735594
5834 0 0 0 11.359055060893297
5835 1 1075361 0.704918 11.017189943231642
5836 1 1422390 0.71428573 12.446818058378994
5837 1 2085184 0.7090909 12.105101952329278
5838 1 1078722 0.7777778 11.603961000218987
5839 1 648693 0.7096774 11.383965029381216
5840 0 0 0 12.735910015180707
5841 0 0 0 12.203605961985886
5842 1 1969970 0.73134327 10.397391044534743
5843 1 1769400 0.7258065 11.385143036022782
5844 1 869978 0.7096774 11.608115979470313
5845 0 0 0 11.631669010967016
5846 0 0 0 10.707851964980364
5847 0 0 0 10.514295077882707
5848 1 1093671 0.72602737 9.435115032829344
5849 0 0 0 11.060541030019522
5850 1 281150 0.7741935 10.766641004011035
5851 0 0 0 12.97007198445499
5852 0 0 0 12.734707910567522
5853 1 1003943 0.71875 12.700895080342889
5854 1 1653540 0.7 11.127347010187805
5855 0 0 0 10.891954996623099
5856 0 0 0 10.879897978156805
5857 1 1612858 0.71428573 13.095406000502408
5858 0 0 0 12.593716033734381
5859 0 0 0 13.014573021791875
5860 0 0 0 11.845638044178486
5861 1 1469189 0.71014494 9.523706045001745
5862 0 0 0 12.097485014237463
5863 0 0 0 10.85748104378581
5864 1 1500269 0.7285714 9.597301948815584
5865 0 0 0 9.734541992656887
5866 0 0 0 11.434132000431418
5867 0 0 0 11.281917919404805
5868 1 1571820 0.76811594 10.153813986107707
5869 0 0 0 11.752950958907604
5870 1 1271191 0.7352941 9.54780902247876
5871 0 0 0 12.334944913163781
5872 0 0 0 9.17716498952359
5873 1 1703687 0.71428573 10.219836956821382
5874 1 682135 0.70149255 10.760453063994646
5875 1 1789779 0.703125 11.80074899457395
5876 0 0 0 10.737169999629259
5877 1 1319775 0.74025977 7.818120066076517
5878 0 0 0 10.716189048253
5879 0 0 0 7.280093966983259
5880 1 1447804 0.7352941 10.069336043670774
5881 0 0 0 9.612399036996067
5882 1 731410 0.7058824 7.556730997748673
5883 1 579063 0.71428573 7.598736905492842
5884 1 1022086 0.74358976 6.347312941215932
5885 1 1685835 0.75757575 9.722852031700313
5886 0 0 0 6.589211989194155
5887 0 0 0 8.313000085763633
5888 0 0 0 9.017476928420365
5889 0 0 0 9.228158975020051
5890 1 579063 0.7352941 9.185464004985988
5891 0 0 0 6.88591692596674
5892 1 1085245 0.70422536 11.298344004899263
5893 0 0 0 7.339333998970687
5894 0 0 0 9.813786949962378
5895 0 0 0 8.04611505009234
5896 0 0 0 10.19611896481365
5897 1 805028 0.7162162 10.270317899994552
5898 1 1190630 0.71428573 9.93699801620096
5899 0 0 0 8.146537002176046
5900 1 1310061 0.75 10.015401057898998
5901 1 1790489 0.734375 8.76234204042703
5902 0 0 0 7.873133989050984
5903 0 0 0 7.505009998567402
5904 1 1186478 0.75714284 8.610430057160556
5905 0 0 0 8.835223969072104
5906 0 0 0 8.39774904306978
5907 0 0 0 7.907902006991208
5908 1 990571 0.7222222 9.53760207630694
5909 1 1027302 0.7105263 8.321088971570134
5910 1 1533362 0.7352941 10.01294597517699
5911 1 551953 0.7123288 9.003199986182153
5912 0 0 0 9.534101001918316
5913 0 0 0 9.468904929235578
5914 0 0 0 9.762197034433484
5915 0 0 0 8.86382709722966
5916 1 1007694 0.73239434 9.910064050927758
5917 1 479363 0.71428573 6.6440950613468885
5918 0 0 0 8.080121013335884
5919 0 0 0 9.100454044528306
5920 1 719540 0.70422536 8.291981997899711
5921 1 1806038 0.71428573 9.38735599629581
5922 1 794193 0.74285716 9.585408959537745
5923 1 1542732 0.70422536 9.567483910359442
5924 1 1386210 0.7121212 12.433999916538596
5925 1 222186 0.75 7.706469972617924
5926 1 579063 0.70422536 7.516546058468521
5927 0 0 0 6.828943034633994
5928 1 1111711 0.7361111 7.9157460713759065
5929 0 0 0 7.08364206366241
5930 0 0 0 8.100748993456364
5931 0 0 0 9.827928966842592
5932 1 1184677 0.7468355 5.818558041937649
5933 1 712980 0.74626863 10.084202978760004
5934 0 0 0 8.390374016016722
5935 1 999929 0.7125 6.180342053994536
5936 0 0 0 7.944729994051158
5937 1 654992 0.7777778 8.125432999804616
5938 0 0 0 9.452975005842745
5939 0 0 0 7.201925036497414
5940 1 2468383 0.7123288 8.845724049024284
5941 1 1110544 0.7368421 8.0170159926638
5942 0 0 0 8.817628026008606
5943 0 0 0 7.3451410280540586
5944 1 1318526 0.7195122 7.7168409479781985
5945 0 0 0 6.791096064262092
5946 0 0 0 8.972876006737351
5947 1 1095253 0.7162162 9.017142932862043
5948 1 719540 0.7246377 9.177089086733758
5949 1 1686181 0.739726 8.968834998086095
5950 0 0 0 10.32110396772623
5951 0 0 0 7.1346869226545095
5952 1 809706 0.7027027 7.811508025042713
5953 1 1949433 0.7 9.49989096261561
5954 1 1696810 0.70422536 8.394460077397525
5955 0 0 0 7.387995952740312
5956 0 0 0 8.276864071376622
5957 1 129091 0.7605634 6.786915939301252
5958 1 1004367 0.73493975 5.395920015871525
5959 0 0 0 6.768277031369507
5960 0 0 0 8.994295028969646
5961 0 0 0 8.235891000367701
5962 1 1968349 0.7761194 10.47479291446507
5963 1 985832 0.703125 11.188068077899516
5964 1 645764 0.73239434 8.74196004588157
5965 1 234623 0.7536232 8.76178394537419
5966 0 0 0 7.7906399965286255
5967 0 0 0 10.468858061358333
5968 1 1567538 0.7205882 10.829970939084888
5969 1 844967 0.70666665 8.584906929172575
5970 1 1482668 0.7236842 8.000900968909264
5971 0 0 0 6.162610952742398
5972 1 1968349 0.7222222 8.450446068309247
5973 1 704348 0.7647059 12.34013494104147
5974 0 0 0 9.641338023357093
5975 1 1027302 0.7105263 8.52836505509913
5976 0 0 0 10.487228981219232
5977 0 0 0 8.630417985841632
5978 1 1506143 0.70666665 8.023951086215675
5979 0 0 0 7.401744951494038
5980 1 518097 0.7222222 7.037407020106912
5981 1 1874751 0.7076923 10.270776925608516
5982 0 0 0 9.668241022154689
5983 0 0 0 8.816560031846166
5984 0 0 0 8.672473020851612
5985 0 0 0 7.476788014173508
5986 1 1196111 0.7012987 7.62797798961401
5987 1 1091512 0.7625 5.593855050392449
5988 0 0 0 7.500031962990761
5989 1 2076392 0.73134327 8.358957013115287
5990 1 1007115 0.7222222 10.44874801300466
5991 0 0 0 7.639028946869075
5992 0 0 0 9.380700998008251
5993 0 0 0 9.243934066034853
5994 0 0 0 6.76789996214211
5995 0 0 0 9.453286998905241
5996 0 0 0 9.769755066372454
5997 1 1032492 0.7307692 7.444281945936382
5998 1 1081667 0.7638889 8.608681033365428
5999 1 453504 0.7671233 9.483838104642928
6000 0 0 0 7.761001936160028
6001 0 0 0 11.402308940887451
6002 0 0 0 9.494124911725521
6003 1 1448452 0.7222222 7.546346052549779
6004 1 1091869 0.7368421 7.065926096402109
6005 1 1542732 0.7183099 8.259060909040272
6006 1 1262694 0.7536232 10.570271988399327
6007 1 1140657 0.7916667 8.999538025818765
6008 0 0 0 7.87580490577966
6009 1 1110544 0.7195122 5.8008559281006455
6010 0 0 0 9.85661894083023
6011 0 0 0 9.023668011650443
6012 0 0 0 8.428354049101472
6013 0 0 0 6.933841970749199
6014 1 579063 0.74626863 9.408900048583746
6015 1 1776164 0.7 7.402143091894686
6016 0 0 0 8.20035906508565
6017 1 1032115 0.7285714 9.1301288921386
6018 1 1559946 0.7222222 8.12295509967953
6019 1 1968741 0.70422536 8.553402032703161
6020 0 0 0 8.467504987493157
6021 1 222186 0.7183099 9.887685999274254
6022 0 0 0 8.201365009881556
6023 1 1625770 0.71014494 8.872437989339232
6024 0 0 0 9.834439028054476
6025 0 0 0 7.430545054376125
6026 1 1984582 0.70149255 10.722550912760198
6027 1 1344861 0.7567568 8.934236015193164
6028 1 709002 0.7887324 8.288990007713437
6029 1 1841512 0.7123288 7.762508932501078
6030 0 0 0 8.706221007741988
6031 1 588684 0.7285714 9.694757987745106
6032 1 724756 0.7246377 8.703619940206409
6033 0 0 0 9.210707969032228
6034 1 1048214 0.7195122 7.406802964396775
6035 1 1027302 0.7105263 8.003763970918953
6036 0 0 0 10.083963046781719
6037 0 0 0 6.573400925844908
6038 0 0 0 8.423113031312823
6039 0 0 0 8.184459991753101
6040 1 332525 0.71014494 8.385410998016596
6041 1 1949433 0.7183099 8.958071004599333
6042 1 1984582 0.7164179 10.126692010089755
6043 0 0 0 11.269437964074314
6044 0 0 0 8.039699052460492
6045 0 0 0 9.958437061868608
6046 0 0 0 9.043121011927724
6047 1 1140657 0.72727275 6.619486957788467
6048 0 0 0 5.712512996979058
6049 1 1974372 0.7307692 7.807404035702348
6050 0 0 0 8.186075952835381
6051 0 0 0 7.57043098565191
6052 0 0 0 9.770166943781078
6053 1 999929 0.7012987 8.108793059363961
6054 0 0 0 8.268811041489244
6055 0 0 0 8.78712604753673
6056 1 1428757 0.71014494 8.525516954250634
6057 1 1337908 0.739726 8.65608500316739
6058 0 0 0 6.174278096295893
6059 1 731410 0.7164179 8.453013957478106
6060 1 1109268 0.70149255 9.298901073634624
6061 0 0 0 7.361044059507549
6062 0 0 0 8.476175949908793
6063 1 719540 0.7058824 10.934517020359635
6064 0 0 0 8.605760056525469
6065 1 712778 0.7222222 8.599648950621486
6066 1 1116357 0.72602737 9.135843021795154
6067 1 724756 0.7083333 7.238853955641389
6068 1 1984582 0.7 8.413551957346499
6069 0 0 0 8.337583974935114
6070 0 0 0 10.028006974607706
6071 0 0 0 8.063310058787465
6072 0 0 0 8.660810999572277
6073 0 0 0 8.811024948954582
6074 1 1007115 0.7222222 9.902296005748212
6075 1 709002 0.7638889 8.102723979391158
6076 0 0 0 8.932183962315321
6077 0 0 0 8.480633958242834
6078 1 719540 0.7246377 9.539208956994116
6079 1 714554 0.7058824 9.073658962734044
6080 0 0 0 9.825309971347451
6081 0 0 0 8.279105997644365
6082 0 0 0 10.050000040791929
6083 1 1077450 0.7083333 7.164495997130871
6084 0 0 0 7.741719949990511
6085 0 0 0 8.998309960588813
6086 0 0 0 11.27355801872909
6087 1 222186 0.7027027 8.431771071627736
6088 0 0 0 8.370095980353653
6089 0 0 0 7.6933440286666155
6090 0 0 0 10.190117987804115
6091 0 0 0 9.01587400585413
6092 1 505993 0.72602737 7.691612001508474
6093 0 0 0 8.43741896096617
6094 1 1976286 0.7012987 7.956109009683132
6095 0 0 0 7.558454992249608
6096 0 0 0 7.840764010325074
6097 0 0 0 7.79413606505841
6098 1 1660287 0.73846155 8.844412979669869
6099 0 0 0 9.230048046447337
6100 1 719540 0.7083333 7.213797885924578
6101 1 1456340 0.7164179 10.639476939104497
6102 0 0 0 5.742978071793914
6103 0 0 0 9.09065396990627
6104 0 0 0 8.333210949786007
6105 0 0 0 8.267348981462419
6106 1 1968349 0.7246377 9.499945095740259
6107 1 854346 0.70666665 8.384548942558467
6108 1 365411 0.7236842 8.628869079984725
6109 1 1984582 0.7121212 10.30927593819797
6110 1 1481658 0.7236842 5.586321000009775
6111 1 234623 0.71014494 9.148548007942736
6112 0 0 0 6.611044052988291
6113 0 0 0 7.673387066461146
6114 0 0 0 8.206434897147119
6115 0 0 0 10.7262940146029
6116 1 532088 0.73239434 9.539006976410747
6117 1 1519107 0.71014494 9.461338049732149
6118 1 953375 0.7051282 8.41482204850763
6119 0 0 0 8.29878798685968
6120 0 0 0 7.693968014791608
6121 0 0 0 8.346160990186036
6122 1 1375876 0.79452056 8.557272958569229
6123 0 0 0 7.253305986523628
6124 1 1082390 0.75 8.325687958858907
6125 1 938694 0.71794873 9.147298987954855
6126 0 0 0 9.442909969948232
6127 0 0 0 8.67557805031538
6128 0 0 0 8.882841095328331
6129 1 1458700 0.70422536 9.770645992830396
6130 1 1457084 0.74647886 9.480724926106632
6131 1 704348 0.7162162 8.487336919642985
6132 0 0 0 8.299587992951274
6133 0 0 0 8.992186048999429
6134 1 1293834 0.75641024 6.553097045980394
6135 0 0 0 7.163997972384095
6136 0 0 0 8.624407928436995
6137 1 1406709 0.74666667 8.038657018914819
6138 0 0 0 7.561869919300079
6139 1 1116357 0.72602737 8.559045032598078
6140 0 0 0 8.683879976160824
6141 0 0 0 10.324617032893002
6142 1 1186478 0.739726 7.612955057993531
6143 1 1079407 0.76623374 6.606211070902646
6144 1 1808737 0.70422536 8.762181969359517
6145 1 1951651 0.7162162 7.713038008660078
6146 1 1022140 0.71794873 7.78122094925493
6147 0 0 0 7.699375972151756
6148 0 0 0 5.376789951696992
6149 1 1496556 0.71014494 10.786784929223359
6150 0 0 0 6.58083101734519
6151 1 1793053 0.70422536 8.006874937564135
6152 0 0 0 7.533906027674675
6153 1 676442 0.71794873 8.398906094953418
6154 0 0 0 7.806545007042587
6155 0 0 0 11.573847034014761
6156 0 0 0 10.225213947705925
6157 0 0 0 7.726976997219026
6158 0 0 0 7.069519953802228
6159 0 0 0 7.788429036736488
6160 1 843428 0.70886075 8.056679042056203
6161 0 0 0 8.514542947523296
6162 1 1461957 0.7297297 7.68002902623266
6163 0 0 0 10.038824053481221
6164 0 0 0 7.618980947881937
6165 0 0 0 5.281692952848971
6166 0 0 0 6.2378630973398685
6167 1 883914 0.74285716 8.784094941802323
6168 1 1519305 0.7285714 8.279223926365376
6169 0 0 0 7.575757917948067
6170 1 1134570 0.71428573 10.711972019635141
6171 0 0 0 10.02365502063185
6172 1 2000221 0.70422536 9.310584980994463
6173 1 551953 0.7123288 8.100918028503656
6174 0 0 0 7.20264995470643
6175 0 0 0 8.427034015767276
6176 0 0 0 8.328530937433243
6177 1 1011208 0.7631579 8.087644004262984
6178 1 990571 0.7222222 8.653833996504545
6179 0 0 0 8.158136042766273
6180 0 0 0 7.591531029902399
6181 1 1533153 0.765625 10.321993962861598
6182 1 1105032 0.7183099 9.680641000159085
6183 1 1622447 0.7123288 9.989647893235087
6184 0 0 0 7.862358004786074
6185 1 1773130 0.7352941 9.516642079688609
6186 0 0 0 7.972321007400751
6187 1 1420488 0.75 8.427754044532776
6188 0 0 0 7.8745411010459065
6189 0 0 0 7.130787940695882
6190 1 173464 0.7027027 7.193880970589817
6191 0 0 0 9.56108805257827
6192 0 0 0 9.38380800653249
6193 1 1015326 0.7160494 6.131781963631511
6194 1 1969970 0.7205882 10.506822960451245
6195 0 0 0 8.062456035986543
6196 0 0 0 10.32091910019517
6197 1 1332786 0.7051282 9.071122971363366
6198 0 0 0 9.127874043770134
6199 1 999929 0.7012987 8.497572969645262
6200 1 984664 0.7916667 8.331437013112009
6201 0 0 0 7.524122018367052
6202 0 0 0 6.668295012786984
6203 1 731410 0.73846155 8.965905057266355
6204 1 1951651 0.7222222 9.21031297184527
6205 1 1154446 0.7236842 8.429522044025362
6206 0 0 0 7.559102959930897
6207 0 0 0 8.39487905614078
6208 0 0 0 6.6835490288212895
6209 1 999929 0.71428573 7.928687031380832
6210 0 0 0 10.303825954906642
6211 0 0 0 7.864144048653543
6212 0 0 0 7.934517925605178
6213 1 667872 0.75342464 8.707411005161703
6214 1 1434419 0.7105263 7.648063008673489
6215 0 0 0 8.895121049135923
6216 1 1807378 0.7 9.674058062955737
6217 0 0 0 10.170113993808627
6218 0 0 0 7.744956994429231
6219 0 0 0 11.794100981205702
6220 0 0 0 9.550228016451001
6221 1 1156795 0.74626863 9.46697301696986
6222 0 0 0 7.553239935077727
6223 0 0 0 6.482403026893735
6224 0 0 0 9.088507969863713
6225 0 0 0 6.119230994954705
6226 1 579063 0.7083333 7.153023965656757
6227 1 712980 0.74285716 7.8535330248996615
6228 1 1571028 0.73134327 10.705103981308639
6229 1 2016571 0.73913044 8.80760804284364
6230 0 0 0 8.934800047427416
6231 0 0 0 9.762258967384696
6232 0 0 0 9.469461045227945
6233 1 1411515 0.73134327 9.854733012616634
6234 1 1478132 0.7027027 8.765893056988716
6235 0 0 0 8.61964502837509
6236 1 2014538 0.70149255 9.622512036003172
6237 0 0 0 7.788604008965194
6238 0 0 0 7.882053963840008
6239 1 1412728 0.73134327 8.703892002813518
6240 0 0 0 7.631069980561733
6241 1 878877 0.73239434 8.104089996777475
6242 0 0 0 8.583783986978233
6243 1 1079407 0.7195122 4.759273026138544
6244 0 0 0 8.23303300421685
6245 1 1134891 0.7058824 10.111988056451082
6246 1 1167312 0.7051282 7.12418498005718
6247 0 0 0 7.2566509479656816
6248 1 698424 0.70666665 8.27514799311757
6249 0 0 0 9.755418985150754
6250 0 0 0 9.711815975606441
6251 1 234188 0.7121212 8.572088903747499
6252 0 0 0 8.395978016778827
6253 0 0 0 9.549172013066709
6254 1 719540 0.7083333 7.777040940709412
6255 0 0 0 8.260048925876617
6256 1 1084124 0.70886075 8.300876943394542
6257 1 1864426 0.77272725 11.20287599042058
6258 0 0 0 11.804076959379017
6259 0 0 0 8.993456955067813
6260 1 825513 0.74358976 6.9801469799131155
6261 1 129091 0.72602737 6.366131012327969
6262 0 0 0 8.353978977538645
6263 0 0 0 9.63516696356237
6264 1 1112961 0.72602737 9.576215059496462
6265 1 1969970 0.70422536 8.933709003031254
6266 0 0 0 6.657699937932193
6267 1 999929 0.7432432 9.515979909338057
6268 0 0 0 10.04319405183196
6269 1 1054130 0.70666665 8.858407032676041
6270 1 1617827 0.71875 9.765829076059163
6271 0 0 0 7.485162001103163
6272 0 0 0 9.516532998532057
6273 0 0 0 8.277895976789296
6274 0 0 0 9.537782985717058
6275 1 999929 0.71794873 7.769596064463258
6276 0 0 0 10.649582953192294
6277 0 0 0 8.74783901963383
6278 1 731410 0.7 6.7472499795258045
6279 0 0 0 8.831933024339378
6280 0 0 0 8.360387990251184
6281 0 0 0 8.74558207578957
6282 0 0 0 8.971808012574911
6283 0 0 0 7.858290919102728
6284 0 0 0 8.905929047614336
6285 0 0 0 10.200985008850694
6286 0 0 0 8.883479051291943
6287 0 0 0 8.612303994596004
6288 1 749103 0.7246377 8.11975507531315
6289 1 999929 0.73333335 8.504519937559962
6290 0 0 0 6.601700093597174
6291 0 0 0 7.246235967613757
6292 1 1531320 0.73239434 8.73200292699039
6293 0 0 0 8.01475194748491
6294 0 0 0 9.017840027809143
6295 0 0 0 8.413253002800047
6296 1 1091190 0.7 8.288173004984856
6297 0 0 0 8.315776940435171
6298 1 731410 0.7164179 8.979910984635353
6299 1 1077538 0.7058824 10.537349036894739
6300 0 0 0 6.898547988384962
6301 1 1481658 0.7638889 7.38453003577888
6302 0 0 0 9.521725005470216
6303 0 0 0 10.378774022683501
6304 1 1621985 0.74647886 8.324049995280802
6305 0 0 0 9.408878977410495
6306 0 0 0 8.444668026641011
6307 1 999321 0.72289157 5.2089819218963385
6308 0 0 0 8.313475991599262
6309 1 1573267 0.7051282 7.540973019786179
6310 1 1803769 0.73239434 7.598037947900593
6311 1 679943 0.7361111 9.086530073545873
6312 0 0 0 9.38373792450875
6313 0 0 0 9.611479938030243
6314 1 1413100 0.7285714 9.47715004440397
6315 0 0 0 9.251997922547162
6316 1 1093040 0.70422536 8.322017965838313
6317 1 1669678 0.7432432 8.748068008571863
6318 1 1332786 0.7307692 8.017576998099685
6319 1 825513 0.70886075 6.6470070742070675
6320 1 1692803 0.75 11.417824076488614
6321 0 0 0 8.438837016001344
6322 1 1492387 0.7105263 8.943769964389503
6323 0 0 0 8.203133009374142
6324 0 0 0 10.507199098356068
6325 1 1775722 0.74626863 9.108658065088093
6326 0 0 0 9.088087012059987
6327 1 1984582 0.7205882 9.249969036318362
6328 1 1984582 0.7205882 9.068054030649364
6329 0 0 0 10.196869960054755
6330 1 234623 0.7352941 10.087170056067407
6331 1 679943 0.72 7.735121995210648
6332 0 0 0 7.608693093061447
6333 0 0 0 9.757508058100939
6334 0 0 0 6.666817935183644
6335 1 1046459 0.71428573 7.717092987149954
6336 0 0 0 10.045779054053128
6337 0 0 0 7.7071370324119925
6338 0 0 0 8.78084299620241
6339 0 0 0 8.373774006031454
6340 1 129091 0.70666665 5.695091909728944
6341 1 1199992 0.7123288 8.983241976238787
6342 1 1332786 0.75641024 8.238793932832778
6343 0 0 0 8.874938008375466
6344 0 0 0 8.963245083577931
6345 1 856919 0.7605634 7.436549058184028
6346 0 0 0 8.399513899348676
6347 1 1509983 0.7692308 10.840589995495975
6348 0 0 0 9.554830030538142
6349 1 852917 0.7027027 8.33071197848767
6350 0 0 0 8.064439985901117
6351 0 0 0 8.185505052097142
6352 1 453504 0.7671233 8.739902987144887
6353 1 1616072 0.7285714 8.596590021625161
6354 0 0 0 7.499242085032165
6355 1 1026111 0.7083333 10.43631590437144
6356 1 1571821 0.73417723 6.567706004716456
6357 1 222186 0.7285714 10.352736921049654
6358 0 0 0 10.202475939877331
6359 1 918063 0.70666665 8.616631967015564
6360 0 0 0 7.420375943183899
6361 1 719540 0.7246377 8.889916935004294
6362 0 0 0 7.972266990691423
6363 0 0 0 9.829072980210185
6364 1 1232687 0.7027027 8.527974016033113
6365 1 817377 0.70666665 7.203330984339118
6366 1 1489296 0.7297297 7.723908987827599
6367 1 1613747 0.7051282 6.743086967617273
6368 0 0 0 7.507823058404028
6369 0 0 0 6.144089042209089
6370 1 1984582 0.7164179 10.193314985372126
6371 0 0 0 8.31129401922226
6372 1 1499158 0.72727275 9.673531050793827
6373 1 1781655 0.73417723 7.147153024561703
6374 0 0 0 10.80064894631505
6375 0 0 0 5.430423887446523
6376 0 0 0 10.050134966149926
6377 0 0 0 6.245046970434487
6378 1 1572279 0.71428573 6.175196031108499
6379 1 918063 0.721519 5.275297909975052
6380 1 1148796 0.70238096 5.842944025062025
6381 0 0 0 4.620320978574455
6382 1 407191 0.7647059 7.203027023933828
6383 1 1009462 0.75308645 5.847291089594364
6384 1 407191 0.7536232 6.564117968082428
6385 0 0 0 6.332113989628851
6386 0 0 0 6.773628061637282
6387 1 1971525 0.7567568 6.720829987898469
6388 1 1696810 0.7027027 6.790226907469332
6389 0 0 0 4.094372969120741
6390 1 1184677 0.70238096 3.919337992556393
6391 0 0 0 4.917208920232952
6392 0 0 0 7.325863000005484
6393 0 0 0 5.30014606192708
6394 1 1041172 0.76623374 6.517485016956925
6395 0 0 0 4.326589987613261
6396 0 0 0 5.203845910727978
6397 1 1696810 0.7123288 7.115089916624129
6398 0 0 0 7.154310937039554
6399 0 0 0 5.412661004811525
6400 1 129091 0.7027027 6.298952968791127
6401 0 0 0 5.820214049890637
6402 1 400210 0.7647059 5.431212950497866
6403 1 345288 0.7605634 6.810827064327896
6404 1 999321 0.7093023 3.929487895220518
6405 1 1520662 0.74358976 6.240859976969659
6406 1 407191 0.7536232 6.705322070047259
6407 1 407191 0.73239434 6.188464001752436
6408 0 0 0 7.737937965430319
6409 0 0 0 5.349571001715958
6410 1 1191367 0.7037037 6.1567999655380845
6411 1 1650650 0.7051282 5.286726984195411
6412 1 1081603 0.7411765 5.576317082159221
6413 1 234623 0.7222222 7.093574968166649
6414 0 0 0 5.649656988680363
6415 1 1520662 0.74358976 6.008706986904144
6416 1 1043890 0.73417723 6.099198013544083
6417 1 486882 0.7027027 5.704454961232841
6418 1 1077466 0.75 7.1985149988904595
6419 1 1022086 0.70238096 4.3369600316509604
6420 0 0 0 5.261168931610882
6421 1 1393898 0.72289157 7.2263439651578665
6422 0 0 0 5.322140990756452
6423 0 0 0 7.490537012927234
6424 1 1712177 0.7125 4.2985581094399095
6425 1 407191 0.7536232 6.431565037928522
6426 1 1452000 0.7625 4.414426977746189
6427 0 0 0 7.360085961408913
6428 0 0 0 7.146754069253802
6429 0 0 0 5.606665043160319
6430 0 0 0 5.2004780154675245
6431 0 0 0 4.35199704952538
6432 0 0 0 3.9865690050646663
6433 0 0 0 6.514257984235883
6434 0 0 0 4.3120919726789
6435 1 999321 0.74390244 4.808489000424743
6436 1 1266812 0.7702703 7.635609013959765
6437 1 1596243 0.739726 6.02070998866111
6438 0 0 0 4.445211961865425
6439 1 832842 0.72619045 4.3821410508826375
6440 1 1388241 0.72 6.680603954009712
6441 0 0 0 7.749545970000327
6442 1 1566713 0.74666667 6.160049000754952
6443 1 1974076 0.7432432 7.120353984646499
6444 0 0 0 8.005267009139061
6445 0 0 0 6.998511962592602
6446 0 0 0 4.9924509366974235
6447 1 1943211 0.70666665 5.975511041469872
6448 1 1009462 0.75949365 7.457335013896227
6449 1 1226791 0.74025977 6.1255949549376965
6450 0 0 0 5.3927109111100435
6451 0 0 0 5.701373098418117
6452 1 938694 0.73170733 6.048328010365367
6453 0 0 0 5.272630951367319
6454 0 0 0 5.244293017312884
6455 0 0 0 5.677988054230809
6456 1 1974076 0.7432432 6.656469078734517
6457 0 0 0 6.445538951084018
6458 0 0 0 4.726541927084327
6459 0 0 0 6.293001933954656
6460 0 0 0 6.557613960467279
6461 0 0 0 4.460641066543758
6462 1 1190941 0.70731705 5.221660016104579
6463 1 365411 0.7 7.0695619797334075
6464 0 0 0 4.576515988446772
6465 0 0 0 4.298790940083563
6466 1 1520662 0.74358976 5.903264041990042
6467 1 1696810 0.7123288 6.599890999495983
6468 1 1226791 0.7468355 4.923869972117245
6469 1 1081603 0.70454544 5.42195001617074
6470 1 1226791 0.7468355 4.762732074595988
6471 0 0 0 6.24541996512562
6472 1 1949433 0.76811594 8.125100983306766
6473 1 1388241 0.70666665 6.658353027887642
6474 1 1022086 0.72839504 5.144306109286845
6475 0 0 0 5.0711509538814425
6476 0 0 0 4.740062984637916
6477 0 0 0 6.936097983270884
6478 1 1130231 0.7083333 7.182467030361295
6479 1 345288 0.72 5.286389030516148
6480 1 407191 0.7647059 7.025242899544537
6481 0 0 0 7.586213992908597
6482 0 0 0 7.205475005321205
6483 0 0 0 4.351255018264055
6484 1 345288 0.72 5.659171962179244
6485 0 0 0 5.2264840342104435
6486 1 1009462 0.74390244 5.752447992563248
6487 1 407191 0.7536232 7.236115983687341
6488 0 0 0 5.169747048057616
6489 1 1984582 0.7246377 8.22660606354475
6490 0 0 0 6.190309999510646
6491 1 981218 0.75949365 5.751249031163752
6492 1 1081603 0.7 4.740930045954883
6493 1 1226791 0.74025977 7.038015057332814
6494 1 1044752 0.7093023 5.010267021134496
6495 1 1226791 0.7468355 4.901448031887412
6496 1 918063 0.721519 5.346641992218792
6497 1 1972081 0.7222222 7.300072000361979
6498 1 1711688 0.7176471 5.903042969293892
6499 0 0 0 6.717319949530065
6500 1 1148796 0.72289157 6.019138032570481
6501 1 1974076 0.7432432 6.671597948297858
6502 1 1081603 0.70454544 5.158068030141294
6503 0 0 0 6.558347959071398
6504 0 0 0 5.2089449018239975
6505 0 0 0 6.091382005251944
6506 0 0 0 6.095205899327993
6507 1 400210 0.7647059 5.644685006700456
6508 1 1190941 0.7108434 4.951445036567748
6509 0 0 0 5.701727932319045
6510 1 1444322 0.7411765 5.83707494661212
6511 0 0 0 7.015759008936584
6512 1 1596243 0.739726 6.69501896481961
6513 1 838895 0.7532467 7.056456059217453
6514 1 1945002 0.70212764 3.4355889074504375
6515 1 1091512 0.7011494 4.129964974708855
6516 1 1569812 0.71428573 5.786792025901377
6517 1 400210 0.8117647 4.634959972463548
6518 0 0 0 5.289503955282271
6519 1 1888619 0.74666667 7.936495938338339
6520 1 1153835 0.7125 6.1384630389511585
6521 1 407191 0.73239434 6.769648985937238
6522 0 0 0 8.414156036451459
6523 1 863893 0.75342464 8.945345995016396
6524 0 0 0 7.179064094088972
6525 0 0 0 7.0110129890963435
6526 0 0 0 5.489617004059255
6527 1 1093245 0.7356322 5.011590081267059
6528 1 1137675 0.7294118 5.062571028247476
6529 0 0 0 5.329572013579309
6530 1 129091 0.7027027 6.879505002871156
6531 1 1696024 0.7162162 5.824282066896558
6532 0 0 0 4.805080941878259
6533 1 1022086 0.70238096 4.625804955139756
6534 0 0 0 8.583521004766226
6535 1 1043890 0.725 6.284096976742148
6536 1 1022086 0.70238096 4.746831022202969
6537 0 0 0 7.456828025169671
6538 1 1974076 0.72 7.053390028886497
6539 1 838895 0.7468355 5.712400074116886
6540 0 0 0 4.018692998215556
6541 1 1696024 0.7162162 5.4915170185267925
6542 1 1065538 0.7108434 6.330310017801821
6543 1 1091512 0.74698794 4.727064981125295
6544 0 0 0 5.557030905038118
6545 1 1226791 0.7037037 4.91273298393935
6546 1 655803 0.75 5.372163956053555
6547 0 0 0 5.752871977165341
6548 1 848915 0.7375 5.360007053241134
6549 0 0 0 5.367544945329428
6550 0 0 0 4.1466980474069715
6551 0 0 0 4.1609040927141905
6552 0 0 0 5.798042984679341
6553 0 0 0 6.823833915404975
6554 1 1558157 0.7160494 4.819690948352218
6555 1 1344211 0.78205127 7.209445000626147
6556 0 0 0 5.704490002244711
6557 0 0 0 5.504228989593685
6558 0 0 0 5.199010018259287
6559 0 0 0 5.647436017170548
6560 1 1058927 0.7125 5.539203062653542
6561 1 129091 0.7027027 6.6948989406228065
6562 1 1163256 0.70731705 6.702635088004172
6563 1 17454 0.74025977 4.397923941724002
6564 0 0 0 5.715690087527037
6565 1 1101338 0.75641024 6.162269040942192
6566 1 407191 0.73239434 6.20553910266608
6567 1 1226791 0.74025977 6.128111039288342
6568 0 0 0 5.267446045763791
6569 1 1184677 0.72289157 3.9934510132297873
6570 1 1572367 0.72839504 6.69219100382179
6571 1 709320 0.72839504 6.729156011715531
6572 0 0 0 4.888335010036826
6573 0 0 0 7.733621052466333
6574 0 0 0 5.249760928563774
6575 1 1558157 0.7160494 4.423885955475271
6576 0 0 0 7.136094965972006
6577 1 392091 0.71428573 8.627956034615636
6578 1 1138458 0.70238096 5.7481329422444105
6579 0 0 0 5.313717992976308
6580 0 0 0 4.441865952685475
6581 1 1266812 0.7702703 7.620404940098524
6582 1 1971525 0.7567568 6.638780003413558
6583 1 991576 0.7162162 6.737643969245255
6584 1 407191 0.7536232 6.541277980431914
6585 0 0 0 5.8159660547971725
6586 1 394217 0.7105263 7.205113070085645
6587 1 1148796 0.73170733 6.67896494269371
6588 0 0 0 6.157201947644353
6589 1 1566712 0.7037037 5.05448505282402
6590 1 1566677 0.7209302 4.605171969160438
6591 0 0 0 5.00365300104022
6592 0 0 0 5.790874012745917
6593 1 129091 0.74647886 7.401103968732059
6594 0 0 0 6.706801010295749
6595 1 1573267 0.7368421 8.443078026175499
6596 0 0 0 5.251563037745655
6597 0 0 0 5.684652016498148
6598 1 1393898 0.72289157 7.733223959803581
6599 1 1154446 0.7375 5.276091978885233
6600 0 0 0 5.113342893309891
6601 1 1081603 0.71910113 4.469717037864029
6602 0 0 0 6.3505739672109485
6603 0 0 0 6.191015942022204
6604 1 357450 0.72 5.295088980346918
6605 0 0 0 6.742074969224632
6606 0 0 0 5.263686063699424
6607 0 0 0 6.7664859816432
6608 1 407191 0.7536232 7.269920082762837
6609 1 407191 0.7536232 7.302875979803503
6610 0 0 0 7.260248996317387
6611 0 0 0 4.761816933751106
6612 0 0 0 4.759378032758832
6613 0 0 0 6.745027960278094
6614 1 407191 0.7536232 7.2431269800290465
6615 0 0 0 7.203237968496978
6616 0 0 0 8.370372001081705
6617 0 0 0 4.815708962269127
6618 1 834761 0.73417723 7.246820023283362
6619 0 0 0 5.57619403116405
6620 0 0 0 7.202040986157954
6621 0 0 0 5.25895890314132
6622 0 0 0 5.781908053904772
6623 1 28568 0.7808219 6.717356038279831
6624 1 407191 0.7536232 7.214769953861833
6625 0 0 0 6.317493040114641
6626 0 0 0 5.261622020043433
6627 0 0 0 3.696826985105872
6628 0 0 0 8.425684063695371
6629 0 0 0 4.850183962844312
6630 1 856290 0.7625 6.668905960395932
6631 0 0 0 5.2263051038607955
6632 0 0 0 7.280092919245362
6633 1 1572279 0.71428573 6.389982998371124
6634 0 0 0 3.969735000282526
6635 1 129091 0.7027027 6.549418903887272
6636 0 0 0 6.257083034142852
6637 0 0 0 5.776745965704322
6638 0 0 0 6.813271902501583
6639 1 1696024 0.7162162 5.289155058562756
6640 0 0 0 3.7184059619903564
6641 0 0 0 4.384321975521743
6642 0 0 0 4.72620502114296
6643 1 813110 0.71428573 6.268177065066993
6644 0 0 0 4.705479019321501
6645 1 370562 0.70886075 7.057963986881077
6646 1 345288 0.72 5.82518195733428
6647 1 719540 0.7123288 7.525332039222121
6648 0 0 0 6.968270987272263
6649 0 0 0 4.684493062086403
6650 0 0 0 4.956517950631678
6651 0 0 0 5.985387018881738
6652 0 0 0 6.40230905264616
6653 0 0 0 7.9821780091151595
6654 1 929519 0.7468355 6.445948034524918
6655 1 1123499 0.74725276 3.6449020262807608
6656 1 234623 0.7123288 7.532490999437869
6657 1 1153835 0.721519 6.860248977318406
6658 0 0 0 6.366882938891649
6659 0 0 0 4.408705048263073
6660 0 0 0 4.724183003418148
6661 1 345288 0.72 5.770148942247033
6662 1 863333 0.75 6.26122101675719
6663 1 1143800 0.71590906 3.9178020088002086
6664 0 0 0 4.530602949671447
6665 0 0 0 5.318779032677412
6666 1 840519 0.76829267 5.384529009461403
6667 1 864089 0.73255813 4.82983305118978
6668 0 0 0 6.179666030220687
6669 1 1081603 0.76744187 4.516222979873419
6670 1 1566713 0.7916667 7.301981910131872
6671 1 407191 0.73239434 6.7229949636384845
6672 0 0 0 5.584427039138973
6673 1 1081603 0.71590906 4.843548987992108
6674 1 704348 0.70886075 5.817467928864062
6675 1 1184677 0.76623374 6.000316934660077
6676 1 1191367 0.72839504 5.317750968970358
6677 1 1190941 0.7108434 4.873871919699013
6678 1 407191 0.7536232 6.599859916605055
6679 0 0 0 5.258573917672038
6680 0 0 0 4.4978579971939325
6681 0 0 0 5.679075024090707
6682 1 1081603 0.7411765 6.061375024728477
6683 1 407191 0.73239434 6.41845294740051
6684 1 407191 0.7536232 6.856710999272764
6685 1 1974076 0.7432432 6.7482820013538
6686 0 0 0 7.81373493373394
6687 1 1143800 0.73255813 4.511318053118885
6688 0 0 0 7.1825230261310935
6689 0 0 0 5.322913057170808
6690 1 1022086 0.7195122 5.294707021676004
6691 1 1013339 0.7671233 7.737606996670365
6692 1 1441837 0.70454544 4.8586759949103
6693 1 407191 0.73239434 6.800504052080214
6694 1 407191 0.7536232 7.178171072155237
6695 0 0 0 7.1639170637354255
6696 1 1566677 0.72289157 5.91984495986253
6697 1 370562 0.7631579 6.667409907095134
6698 1 407191 0.7536232 6.491972948424518
6699 0 0 0 4.773941007442772
6700 0 0 0 5.425577983260155
6701 1 365411 0.7 6.560596986673772
6702 0 0 0 6.698554032482207
6703 0 0 0 5.300963064655662
6704 1 1195200 0.75949365 5.7499679969623685
6705 0 0 0 6.73524197191
6706 0 0 0 4.81049797963351
6707 0 0 0 6.587083917111158
6708 0 0 0 7.811918039806187
6709 0 0 0 6.384772015735507
6710 0 0 0 4.917258047498763
6711 1 1566712 0.7037037 4.907485912553966
6712 1 407191 0.7536232 6.638512015342712
6713 0 0 0 5.841427017003298
6714 1 1596243 0.739726 6.2252250500023365
6715 1 1266812 0.7702703 7.99749291036278
6716 1 704348 0.7368421 6.984065985307097
6717 1 1566713 0.71428573 5.998254055157304
6718 1 129091 0.74647886 6.71480898745358
6719 1 1120505 0.70666665 7.858742028474808
6720 1 1184677 0.7160494 4.9880919978022575
6721 0 0 0 4.067437024787068
6722 1 1191367 0.7368421 7.907302933745086
6723 1 1444322 0.7411765 5.371929029934108
6724 1 1120505 0.7012987 6.76736596506089
6725 0 0 0 7.56556901615113
6726 1 989156 0.70731705 4.826031974516809
6727 0 0 0 5.875848000869155
6728 1 823513 0.72 6.234409054741263
6729 1 1013339 0.7567568 7.1910739643499255
6730 0 0 0 6.086954963393509
6731 1 1123499 0.72527474 4.178237984888256
6732 0 0 0 4.855080042034388
6733 1 1226791 0.7037037 5.092250998131931
6734 1 1187460 0.74390244 5.683548981323838
6735 0 0 0 5.485869012773037
6736 1 1734743 0.7411765 5.683014984242618
6737 0 0 0 6.397792953066528
6738 0 0 0 5.590128945186734
6739 1 1153835 0.7037037 5.496326950378716
6740 1 1081603 0.7282609 3.095189924351871
6741 1 365411 0.7160494 5.916291032917798
6742 1 1274483 0.7195122 5.996647058054805
6743 0 0 0 5.530818016268313
6744 1 1153835 0.721519 6.672682939097285
6745 1 1573267 0.7368421 8.295877021737397
6746 1 1187460 0.7625 6.542932940647006
6747 0 0 0 5.070170038379729
6748 1 407191 0.7536232 7.012115092948079
6749 1 1566677 0.72289157 6.076017045415938
6750 1 1566677 0.7209302 5.100869107991457
6751 1 1120505 0.70666665 8.970969007350504
6752 0 0 0 5.510443006642163
6753 0 0 0 5.421775043942034
6754 0 0 0 5.991256912238896
6755 1 394217 0.7105263 7.59095000103116
6756 1 1148796 0.72289157 6.542476010508835
6757 0 0 0 7.472755969502032
6758 1 999321 0.74390244 4.932713927701116
6759 0 0 0 7.167045027017593
6760 1 1120505 0.7012987 7.142637972719967
6761 1 1974076 0.72 6.955899065360427
6762 1 1558157 0.7160494 4.532952909357846
6763 1 1226791 0.74025977 6.280125002376735
6764 1 918063 0.73417723 5.448654992505908
6765 1 836944 0.71428573 6.853780010715127
6766 0 0 0 4.588466021232307
6767 0 0 0 7.288173073902726
6768 0 0 0 5.503667052835226
6769 0 0 0 5.028842017054558
6770 0 0 0 5.719100008718669
6771 1 1511696 0.721519 6.130072986707091
6772 1 1393898 0.72289157 7.247733999975026
6773 1 1032492 0.75949365 5.45907998457551
6774 0 0 0 4.922627005726099
6775 1 1300379 0.7125 6.563159986399114
6776 0 0 0 5.535359960049391
6777 1 1441837 0.70454544 4.685553954914212
6778 0 0 0 7.0684029487892985
6779 1 486882 0.7027027 5.89050492271781
6780 1 1011313 0.7468355 7.247583940625191
6781 0 0 0 5.680836969986558
6782 0 0 0 4.399596014991403
6783 0 0 0 6.263870978727937
6784 0 0 0 4.435167997144163
6785 1 1138458 0.7590361 5.157017963938415
6786 0 0 0 6.61605701316148
6787 0 0 0 5.708204000256956
6788 0 0 0 5.213448079302907
6789 1 1393898 0.72289157 8.01319896709174
6790 0 0 0 4.849268007092178
6791 0 0 0 4.320255015045404
6792 1 1166146 0.7037037 4.955183016136289
6793 0 0 0 4.607870010659099
6794 1 407191 0.7647059 7.205558940768242
6795 0 0 0 5.675490014255047
6796 0 0 0 5.746987066231668
6797 0 0 0 6.2835069838911295
6798 1 1009462 0.74698794 5.012982990592718
6799 0 0 0 5.1398948999121785
6800 0 0 0 4.69749397598207
6801 0 0 0 6.646350957453251
6802 1 1153835 0.7125 5.742916953749955
6803 1 1558157 0.7160494 4.407941014505923
6804 0 0 0 6.568358046934009
6805 1 1303735 0.7160494 5.20417292136699
6806 0 0 0 4.3667430290952325
6807 1 842478 0.7692308 3.0707940459251404
6808 0 0 0 4.434722010046244
6809 1 1566712 0.7307692 5.681534996256232
6810 0 0 0 3.644654992967844
6811 0 0 0 5.166718037799001
6812 1 357450 0.72 5.266757914796472
6813 1 365411 0.7 6.554818945005536
6814 1 1067034 0.725 5.197785096243024
6815 0 0 0 4.462694050744176
6816 1 1226791 0.74025977 6.26608298625797
6817 0 0 0 3.2432490261271596
6818 0 0 0 5.781180923804641
6819 1 938694 0.71428573 5.639554001390934
6820 0 0 0 5.676112021319568
6821 1 357450 0.72 5.8130830293521285
6822 0 0 0 7.87250604480505
6823 1 1187460 0.73493975 5.608559004031122
6824 1 1566712 0.7037037 5.239474005065858
6825 0 0 0 8.557645953260362
6826 0 0 0 5.455550039187074
6827 0 0 0 6.940964027307928
6828 1 1226791 0.74025977 6.476189941167831
6829 1 1300379 0.7125 6.530759041197598
6830 0 0 0 6.434123031795025
6831 1 1091512 0.7176471 4.58620092831552
6832 1 1566712 0.7307692 5.784432054497302
6833 1 1022086 0.7160494 5.9250760823488235
6834 1 1696024 0.7162162 5.887466948479414
6835 0 0 0 4.972420982085168
6836 0 0 0 6.17475900799036
6837 1 1081603 0.7 4.8811150481924415
6838 1 848915 0.7375 5.5992420529946685
6839 1 1166146 0.7468355 5.266872001811862
6840 1 357450 0.72 5.7460550451651216
6841 0 0 0 5.3601349936798215
6842 1 1596243 0.7297297 5.75172808021307
6843 0 0 0 5.1558279665187
6844 1 1153835 0.7125 5.8682740200310946
6845 0 0 0 5.6972409365698695
6846 0 0 0 5.2286069840192795
6847 1 407191 0.7647059 6.968887988477945
6848 0 0 0 6.5710010239854455
6849 0 0 0 5.191239062696695
6850 1 1118977 0.74285716 8.45567905344069
6851 1 1022086 0.7108434 4.831580095924437
6852 0 0 0 6.687851040624082
6853 1 357450 0.72 5.655469023622572
6854 0 0 0 4.491570056416094
6855 1 820185 0.73493975 5.6794710690155625
6856 1 407191 0.7647059 7.683946983888745
6857 1 1166146 0.7468355 5.36623306106776
6858 1 840337 0.7386364 4.445555969141424
6859 0 0 0 5.788811948150396
6860 1 1974076 0.72 7.2516819927841425
6861 0 0 0 6.8897899473086
6862 1 1067514 0.75 7.762754103168845
6863 0 0 0 4.501173971220851
6864 0 0 0 5.866408930160105
6865 0 0 0 4.57036797888577
6866 0 0 0 4.635433084331453
6867 1 655803 0.75 5.747082992456853
6868 0 0 0 5.708046955987811
6869 1 1153835 0.7037037 5.654920940287411
6870 1 1676321 0.7183099 7.225385052151978
6871 1 1067514 0.75 7.7198309591040015
6872 0 0 0 6.503777112811804
6873 1 1079407 0.7375 5.60821604449302
6874 0 0 0 4.688445013016462
6875 1 938694 0.74390244 5.395523039624095
6876 0 0 0 5.4547450272366405
6877 1 1320412 0.7010309 3.051765961572528
6878 1 1081603 0.7173913 3.4946639789268374
6879 0 0 0 5.136467050760984
6880 1 1073169 0.7011494 4.553761915303767
6881 1 840846 0.7083333 3.2419790513813496
6882 0 0 0 2.95931298751384
6883 1 840846 0.7083333 3.34386492613703
6884 0 0 0 4.537513945251703
6885 1 840846 0.7083333 3.2377579482272267
6886 1 840846 0.7083333 3.167515038512647
6887 1 840846 0.7083333 3.1548039987683296
6888 0 0 0 4.605057998560369
6889 1 840846 0.7083333 3.1670089811086655
6890 1 926714 0.71428573 3.452197997830808
6891 1 1081603 0.7282609 3.124793991446495
6892 1 944049 0.7311828 3.153771976940334
6893 0 0 0 4.530670936219394
6894 1 515885 0.75 3.4799890127032995
6895 1 944049 0.7311828 3.173146047629416
6896 1 1320412 0.7010309 3.1316919485107064
6897 1 840846 0.7083333 3.1886249780654907
6898 0 0 0 2.6425010291859508
6899 1 944049 0.7311828 3.135674982331693
6900 0 0 0 3.9005789440125227
6901 1 431270 0.76666665 3.6658389726653695
6902 1 840846 0.7083333 3.1049109529703856
6903 0 0 0 5.030883010476828
6904 0 0 0 4.964996944181621
6905 1 944049 0.7311828 3.04422399494797
6906 1 1053639 0.75555557 2.9056969797238708
6907 0 0 0 2.4978250730782747
6908 1 926714 0.71428573 3.241540980525315
6909 1 944049 0.7311828 2.95150198508054
6910 1 840846 0.7083333 3.0365700367838144
6911 0 0 0 4.505223943851888
6912 0 0 0 4.5695980079472065
6913 1 1440673 0.7790698 4.119114018976688
6914 1 840846 0.7083333 3.2470730366185308
6915 0 0 0 5.340159987099469
6916 1 840846 0.7083333 3.2622350845485926
6917 1 431270 0.76666665 3.76384099945426
6918 1 1213834 0.7032967 3.9592799730598927
6919 0 0 0 4.124136990867555
6920 0 0 0 3.791801049374044
6921 0 0 0 4.406306077726185
6922 0 0 0 4.397452925331891
6923 0 0 0 3.920722985640168
6924 1 944049 0.7311828 3.1886440701782703
6925 1 926714 0.71428573 3.420485067181289
6926 1 840846 0.7083333 3.151208977214992
6927 0 0 0 2.6838280027732253
6928 1 1081603 0.7282609 3.0145769705995917
6929 1 1081603 0.7613636 3.9928980404511094
6930 1 840846 0.7083333 3.169833100400865
6931 1 1081603 0.72043014 3.0454250518232584
6932 1 840846 0.7083333 3.150235046632588
6933 1 431270 0.76666665 3.4300179686397314
6934 0 0 0 3.4248000010848045
6935 1 840846 0.7083333 2.8906919760629535
6936 1 944049 0.7311828 2.8959850315004587
6937 1 840846 0.7083333 2.9950080206617713
6938 1 944049 0.7311828 2.8893090784549713
6939 0 0 0 3.707496915012598
6940 1 944049 0.7311828 2.9165169689804316
6941 1 840846 0.7083333 2.9733419651165605
6942 1 840846 0.7083333 2.9441819060593843
6943 0 0 0 4.807582939974964
6944 1 1081603 0.75555557 3.4775540698319674
6945 1 1320412 0.7010309 3.2210429199039936
6946 1 840846 0.7083333 3.177592996507883
6947 1 944049 0.7311828 3.0922680161893368
6948 1 944049 0.7311828 3.082836978137493
6949 1 1081603 0.7282609 3.000764991156757
6950 1 840846 0.7083333 3.0335719930008054
6951 1 840846 0.7083333 3.0837239464744925
6952 1 840846 0.7083333 3.2422670628875494
6953 0 0 0 4.239534959197044
6954 0 0 0 5.198847036808729
6955 1 993226 0.7176471 4.662028979510069
6956 1 944049 0.7311828 3.2676290720701218
6957 1 840846 0.7083333 3.227289067581296
6958 1 840846 0.7083333 3.252896945923567
6959 1 515885 0.75 3.5522879334166646
6960 1 840846 0.7083333 3.220986924134195
6961 1 1213834 0.7032967 3.8842830108478665
6962 0 0 0 4.998599993996322
6963 1 944049 0.7311828 3.065994009375572
6964 0 0 0 4.436572082340717
6965 0 0 0 5.36073197145015
6966 1 926714 0.71428573 3.2311190152540803
6967 1 515885 0.75 3.2306989887729287
6968 0 0 0 3.6867460003122687
6969 0 0 0 4.102964070625603
6970 1 1081603 0.71276593 2.6756100123748183
6971 1 926714 0.71428573 3.2390740234404802
6972 0 0 0 2.750323968939483
6973 1 1333770 0.71568626 2.941546030342579
6974 1 515885 0.75 3.291410976089537
6975 1 1837944 0.7590361 6.126445019617677
6976 0 0 0 2.7695930330082774
6977 1 840846 0.7083333 3.1627760035917163
6978 0 0 0 4.366980050690472
6979 0 0 0 3.965430078096688
6980 1 840846 0.7083333 3.2340860925614834
6981 1 944049 0.7311828 3.09377396479249
6982 1 926714 0.71428573 3.506780951283872
6983 1 840846 0.7083333 3.2150979386642575
6984 0 0 0 5.299943033605814
6985 1 1081603 0.73626375 3.2603030558675528
6986 0 0 0 4.367282032035291
6987 0 0 0 4.357561003416777
6988 0 0 0 3.918398986570537
6989 1 926714 0.71428573 3.4215410705655813
6990 1 840846 0.7083333 3.0872079078108072
6991 1 926714 0.71428573 3.3712269505485892
6992 1 377570 0.7244898 2.6344539364799857
6993 0 0 0 4.298795014619827
6994 1 840846 0.7083333 3.1319899717345834
6995 0 0 0 5.217371042817831
6996 0 0 0 5.333926063030958
6997 1 1213834 0.7032967 4.0024720365181565
6998 1 840846 0.7083333 3.2917800126597285
6999 1 377570 0.7244898 2.7688289992511272
7000 0 0 0 5.307834944687784
7001 1 840846 0.7083333 3.14605503808707
7002 1 944049 0.7311828 3.1115489546209574
7003 1 840846 0.7083333 3.1530039850622416
7004 1 926714 0.71428573 3.471751930192113
7005 1 840846 0.7083333 3.1627730932086706
7006 1 840846 0.7083333 3.09893605299294
7007 0 0 0 4.4037370244041085
7008 1 840846 0.7083333 3.0461070127785206
7009 1 944049 0.7311828 3.1184740364551544
7010 0 0 0 4.351929994300008
7011 1 431270 0.76666665 3.596528898924589
7012 1 944049 0.7311828 2.8655999340116978
7013 1 1320412 0.7010309 2.959304954856634
7014 0 0 0 2.530227997340262
7015 1 926714 0.71428573 3.5992369521409273
7016 0 0 0 5.237006000243127
7017 1 1333770 0.71568626 3.1413730466738343
7018 0 0 0 5.323818069882691
7019 1 944049 0.7311828 3.187777940183878
7020 1 840846 0.7083333 3.1123149674385786
7021 1 840846 0.7083333 3.1473959097638726
7022 1 1320412 0.7010309 3.1316590029746294
7023 1 926714 0.71428573 3.4280770923942327
7024 0 0 0 2.873901976272464
7025 1 840846 0.7083333 3.1423430191352963
7026 1 944049 0.7311828 3.0407309532165527
7027 0 0 0 5.246718996204436
7028 1 944049 0.7311828 3.154502948746085
7029 1 840846 0.7083333 3.1084780348464847
7030 1 1081603 0.752809 3.9337999187409878
7031 1 926714 0.71428573 3.549176035448909
7032 1 1213834 0.7032967 3.969375044107437
7033 1 1780878 0.7692308 0.48843096010386944
7034 1 942245 0.8181818 0.47762098256498575
7035 1 348885 0.7777778 0.4609049065038562
7036 1 534251 0.71428573 0.4897270118817687
7037 1 534251 0.71428573 0.4849320976063609
7038 1 1971156 0.72727275 0.47297903802245855
7039 1 598624 0.71428573 0.480809947475791
7040 1 598624 0.71428573 0.48616097774356604
7041 1 89596 0.8 0.47908106353133917
7042 1 328950 0.71428573 0.45472104102373123
7043 1 347336 0.71428573 0.457697082310915
7044 1 501073 0.71428573 0.45626796782016754
7045 1 1684608 0.71428573 0.4885700764134526
7046 1 501073 0.71428573 0.4564489936456084
7047 1 1425522 0.7777778 0.4820600152015686
7048 1 1967209 0.72727275 0.47484005335718393
7049 1 1703900 0.7692308 0.4969249712303281
7050 1 1703900 0.7692308 0.4845500225201249
7051 1 598624 0.71428573 0.480370013974607
7052 1 15575 0.72727275 0.4749830113723874
7053 1 367598 0.75 0.45426306314766407
7054 1 598624 0.71428573 0.4709460772573948
7055 1 1964157 0.7692308 0.46956201549619436
7056 1 35112 0.8333333 0.688504078425467
7057 1 1961116 0.75 0.5083300638943911
7058 1 360119 0.71428573 0.812385929748416
7059 1 1962433 0.7368421 0.8839539950713515
7060 0 0 0 0.5997269181534648
7061 1 2117243 0.7058824 0.7223580032587051
7062 1 1189613 0.7692308 1.0060559725388885
7063 1 1865607 0.8095238 0.7065529935061932
7064 0 0 0 0.787279917858541
7065 1 2117661 0.7619048 0.6676060147583485
7066 1 426592 0.75 0.8993210503831506
7067 1 2126196 0.7368421 0.7749480428174138
7068 0 0 0 0.5919680697843432
7069 1 1965062 0.71428573 0.4723690217360854
7070 1 1448413 0.77272725 0.7634450448676944
7071 0 0 0 0.7424299838021398
7072 1 2140410 0.7 0.7521370425820351
7073 1 1963930 0.71428573 0.7940339855849743
7074 1 1910978 0.7894737 0.5880160024389625
7075 1 293224 0.7 0.9967390215024352
7076 1 232152 0.7619048 0.6988520035520196
7077 1 417455 0.7 0.623292988166213
7078 1 660748 0.7368421 0.7582580437883735
7079 1 1400424 0.7368421 0.7774030091241002
7080 1 499940 0.7058824 0.7804379565641284
7081 1 1891906 0.72727275 0.7367479847744107
7082 1 1965629 0.7222222 0.5849730223417282
7083 1 1978405 0.7368421 0.709831016138196
7084 1 279009 0.8125 0.5279569886624813
7085 1 1962433 0.7368421 0.9127149824053049
7086 1 1141731 0.73913044 0.9028519270941615
7087 1 2305316 0.7692308 0.4902399377897382
7088 1 277773 0.8235294 0.6621800130233169
7089 1 1297070 0.8095238 0.6459590513259172
7090 1 819437 0.73333335 0.5839900113642216
7091 1 74689 0.77272725 0.7214579964056611
7092 1 607279 0.7916667 0.9513910626992583
7093 1 1949771 0.76 0.8986969478428364
7094 1 1964588 0.7368421 0.8513280190527439
7095 1 1549376 0.8666667 0.5095209926366806
7096 1 1762520 0.7647059 0.6743889534845948
7097 1 1962478 0.7619048 0.9733319748193026
7098 1 959840 0.7777778 0.6101909093558788
7099 1 31737 0.7894737 0.563059002161026
7100 1 1962832 0.7368421 0.5786200053989887
7101 1 1963610 0.71428573 0.5120009882375598
7102 1 71795 0.7619048 0.6636650068685412
7103 1 448565 0.72727275 0.7461910136044025
7104 1 640977 0.75 0.7543069077655673
7105 1 156183 0.7368421 0.6299630040302873
7106 1 2450244 0.75 0.8997140685096383
7107 1 181151 0.7894737 0.8262729970738292
7108 1 1668724 0.7894737 0.6823010044172406
7109 1 1617801 0.7894737 0.5688819801434875
7110 1 166135 0.7 0.9743680711835623
7111 1 1968188 0.7058824 0.49983093049377203
7112 1 1959400 0.73913044 0.8217589929699898
7113 1 1040842 0.7083333 0.9265500120818615
7114 1 1965062 0.71428573 0.465902965515852
7115 1 398606 0.7083333 1.095732906833291
7116 1 2226616 0.75 0.7931370055302978
7117 1 395769 0.8181818 0.4783079493790865
7118 1 969631 0.77272725 0.7089049322530627
7119 1 640121 0.71428573 0.9506481001153588
7120 1 1677491 0.75 0.5612839013338089
7121 1 39946 0.7 0.773239997215569
7122 1 143867 0.7 0.9976429864764214
7123 1 291693 0.75 0.7355279522016644
7124 1 1969514 0.72727275 0.7520089857280254
7125 1 1675060 0.7222222 0.7090449798852205
7126 1 1821578 0.75 0.9281199891120195
7127 1 185487 0.8333333 0.5800549406558275
7128 1 2292314 0.72727275 0.7268399931490421
7129 1 1699560 0.7894737 0.5839279619976878
7130 1 719478 0.7916667 0.9787700837478042
7131 1 1963200 0.75 0.9773770580068231
7132 1 62775 0.7 0.9833400836214423
7133 1 661217 0.7222222 0.6686371052637696
7134 1 1695623 0.7894737 0.8396289777010679
7135 1 62775 0.7 0.9755509672686458
7136 1 1299558 0.77272725 0.7188039598986506
7137 1 1671914 0.75 0.8592279627919197
7138 1 659802 0.7619048 1.0000569745898247
7139 1 1807074 0.7058824 0.6213909946382046
7140 1 1967228 0.75 0.5879109958186746
7141 0 0 0 0.59093302115798
7142 1 1079181 0.75 0.8974950760602951
7143 0 0 0 0.8367190603166819
7144 1 981122 0.75 0.8758259937167168
7145 1 1171367 0.73913044 0.777006964199245
7146 1 928453 0.75 1.01618398912251
7147 1 28570 0.7058824 0.6143420469015837
7148 1 8969 0.8125 0.5164929898455739
7149 1 403421 0.7058824 0.6293199257925153
7150 1 1436967 0.7894737 0.683638034388423
7151 1 96961 0.7368421 0.5588519852608442
7152 1 1712811 0.72 0.9168349206447601
7153 1 17393 0.73913044 0.8692039409652352
7154 1 1964807 0.71428573 0.4935270408168435
7155 1 178283 0.8333333 0.5508719477802515
7156 1 2446066 0.7058824 0.46923302579671144
7157 1 518521 0.7826087 0.8215110283344984
7158 1 166135 0.7368421 0.7052989676594734
7159 1 843748 0.7777778 0.7268500048667192
7160 1 1507735 0.7619048 0.936702941544354
7161 1 969586 0.7368421 0.8687200024724007
7162 1 1586009 0.77272725 0.6683049723505974
7163 1 1299731 0.7619048 0.6836419925093651
7164 1 1781941 0.7777778 0.6877759005874395
7165 1 1778311 0.7619048 0.9443139424547553
7166 1 1503435 0.7647059 0.5006220890209079
7167 1 1961202 0.7058824 0.7026619277894497
7168 1 1964889 0.7777778 0.5372670711949468
7169 1 1347129 0.7916667 0.865046982653439
7170 1 1782004 0.77272725 0.7439389592036605
7171 1 878306 0.78571427 0.45899301767349243
7172 1 1457843 0.73913044 1.0517140617594123
7173 1 1580247 0.7222222 0.7383170304819942
7174 1 445215 0.7894737 0.5579569842666388
7175 1 2421751 0.7083333 0.7864719955250621
7176 1 325802 0.7 0.9295659838244319
7177 1 183713 0.7 1.07197102624923
7178 1 1782004 0.72727275 0.6781460251659155
7179 1 1962062 0.77272725 0.8189249783754349
7180 1 465576 0.75 0.7346710190176964
7181 1 24633 0.75 0.9760450338944793
7182 1 468524 0.71428573 0.6308569572865963
7183 1 1642674 0.7894737 0.6110400427132845
7184 1 928488 0.7368421 0.8635970298200846
7185 1 1969920 0.71428573 0.6837940309196711
7186 1 712404 0.8333333 0.5407240241765976
7187 1 942245 0.71428573 0.5254469579085708
7188 1 956469 0.7 0.6058049621060491
7189 1 503196 0.75 0.8924219291657209
7190 1 1968153 0.8125 0.537065090611577
7191 1 1695535 0.75 0.49582996871322393
7192 1 1695673 0.77272725 0.7251939969137311
7193 1 40845 0.75 0.47097099013626575
7194 1 96961 0.7368421 0.54377899505198
7195 1 1968910 0.75 0.8389230351895094
7196 1 1559381 0.7916667 0.8514500223100185
7197 1 581234 0.71428573 0.7768599316477776
7198 1 548116 0.72727275 1.0244189761579037
7199 1 98538 0.73913044 0.8685539942234755
7200 1 205630 0.75 0.9417119435966015
7201 1 1174354 0.71428573 1.1069229803979397
7202 1 1670638 0.7647059 0.5455670179799199
7203 1 472396 0.875 0.603449996560812
7204 1 951508 0.7777778 0.5740399938076735
7205 1 472396 0.7 1.129239914007485
7206 1 1905570 0.71428573 1.113970996811986
7207 1 178288 0.71428573 0.5569029599428177
7208 1 1692795 0.72 0.9228580165654421
7209 1 2431005 0.75 0.7556489435955882
7210 1 43657 0.7647059 0.5924409488216043
7211 0 0 0 0.6141599733382463
7212 1 1968575 0.7 0.7510960567742586
7213 1 1679526 0.72727275 0.7493679877370596
7214 1 159530 0.7826087 0.8711869595572352
7215 1 1757910 0.7058824 0.6000540452077985
7216 1 1706503 0.73913044 0.7657520473003387
7217 1 1293705 0.7083333 0.7678100373595953
7218 1 1673976 0.7368421 0.8955399971455336
7219 0 0 0 0.4920799983665347
7220 1 1910976 0.76 0.9638608898967505
7221 0 0 0 0.45842002145946026
7222 1 344118 0.71428573 0.5105719901621342
7223 1 138777 0.75 0.8843060350045562
7224 1 1633533 0.75 1.003329991362989
7225 1 172568 0.82608694 0.8237770525738597
7226 1 457942 0.8235294 0.553225982002914
7227 1 1602917 0.7777778 0.5374990869313478
7228 1 72509 0.7619048 0.6159989861771464
7229 1 7863 0.7368421 0.7428909884765744
7230 1 1589425 0.75 0.8543051080778241
7231 1 1588531 0.7 0.5777899641543627
7232 1 2360142 0.71428573 1.0988019639626145
7233 1 142491 0.73913044 1.0558150243014097
7234 1 986297 0.71428573 0.5035939393565059
7235 1 445370 0.7222222 0.5569270579144359
7236 1 2237130 0.7368421 0.7604920538142323
7237 1 164155 0.72727275 0.7225549779832363
7238 1 1701378 0.78571427 0.4806510405614972
7239 1 2233529 0.7083333 1.096975989639759
7240 1 1961116 0.75 0.4987199790775776
7241 1 1701526 0.7058824 0.6181190256029367
7242 1 1962833 0.7368421 0.5711360136047006
7243 1 122348 0.7619048 0.6781619740650058
7244 1 1572659 0.7 0.5825039697811007
7245 1 1963610 0.73333335 0.5718260072171688
7246 1 1963122 0.7 0.5913999630138278
7247 1 1660061 0.8235294 0.5496060475707054
7248 1 1689811 0.7222222 0.6891780067235231
7249 1 1968910 0.8888889 0.6641310174018145
7250 1 288300 0.75 0.8981070714071393
7251 1 18156 0.7368421 0.6511560641229153
7252 1 2026039 0.7619048 0.7028010440990329
7253 0 0 0 0.9551310213282704
7254 1 1778311 0.7058824 0.49280200619250536
7255 1 743871 0.78571427 0.467178993858397
7256 1 1963471 0.7777778 0.701193930581212
7257 1 1500326 0.7777778 0.6654189201071858
7258 1 652675 0.7 0.5770319839939475
7259 1 2137525 0.7368421 0.5978900007903576
7260 1 455305 0.75 0.6089990492910147
7261 1 1985399 0.7368421 0.5609000800177455
7262 1 1961116 0.75 0.4996639909222722
7263 1 280888 0.73913044 0.900501967407763
7264 1 281312 0.71428573 0.46139408368617296
7265 1 1967867 0.7368421 0.5365869728848338
7266 1 1073600 0.7 0.9940310847014189
7267 1 1963862 0.77272725 0.8702559862285852
7268 1 1086668 0.72727275 0.6276300409808755
7269 1 1097686 0.75 0.5378349451348186
7270 1 1968153 0.7058824 0.5822459934279323
7271 1 472493 0.7894737 0.8594070095568895
7272 1 621006 0.7368421 0.5665490170940757
7273 1 1241773 0.7368421 0.6759120151400566
7274 1 1910159 0.7083333 0.7640860276296735
7275 1 1924167 0.8 0.7741489680483937
7276 1 1722341 0.7619048 0.8698300225660205
7277 1 1925489 0.7777778 0.6916709244251251
7278 1 1735814 0.7894737 0.5666019860655069
7279 1 1534100 0.8333333 0.5433179903775454
7280 1 1964838 0.7222222 0.7097789784893394
7281 1 1924168 0.75 0.8588819764554501
7282 1 445946 0.7058824 0.5963329458609223
7283 1 891088 0.75 0.5057500675320625
7284 1 96109 0.7647059 0.6898830179125071
7285 1 447801 0.7777778 0.7130220765247941
7286 1 1705892 0.75 0.5741229979321361
7287 1 1960701 0.8125 0.5048069870099425
7288 1 1970573 0.7 0.92644605319947
7289 1 1551141 0.7222222 0.5885650170966983
7290 1 1302198 0.7368421 0.5663998890668154
7291 1 841339 0.7307692 1.056067063473165
7292 1 1967064 0.7368421 0.8499330142512918
7293 1 549595 0.73913044 0.7680520648136735
7294 1 72978 0.8666667 0.5159321008250117
7295 1 620779 0.75 0.8860790403559804
7296 1 1457348 0.8095238 0.7186409784480929
7297 1 1596516 0.7058824 0.6020639557391405
7298 1 1608475 0.7619048 0.9583530481904745
7299 1 9088 0.7058824 0.6177560426294804
7300 1 128009 0.7368421 0.8557160617783666
7301 1 933893 0.75 0.46260596718639135
7302 1 2140410 0.7 0.6903859321027994
7303 1 640121 0.7222222 0.5318740149959922
7304 1 585568 0.7916667 0.8388370042666793
7305 1 735379 0.7619048 0.6802889984101057
7306 1 1968295 0.7083333 1.0758069111034274
7307 1 2005271 0.7058824 0.49596698954701424
7308 1 1967614 0.7058824 0.7005599327385426
7309 1 843748 0.7368421 0.8655800484120846
7310 1 350827 0.7 1.1280350154265761
7311 1 397142 0.7647059 0.6601400673389435
7312 1 764693 0.7894737 0.8340359199792147
7313 1 160088 0.72727275 0.6078289588913321
7314 1 9217 0.71428573 0.6970800459384918
7315 1 2451717 0.7826087 0.7198710227385163
7316 1 1137948 0.73333335 0.5501200212165713
7317 1 1403034 0.7 0.6014499813318253
7318 1 1586009 0.77272725 0.6556599400937557
7319 1 541913 0.75 0.7505499524995685
7320 1 643369 0.7894737 0.7158389780670404
7321 1 2398977 0.7368421 0.6594150327146053
7322 1 25318 0.8 0.5920020630583167
7323 1 453331 0.75 0.7135439664125443
7324 1 281312 0.71428573 0.46569493133574724
7325 1 1405208 0.76 1.027768012136221
7326 1 1779783 0.8333333 0.47353794798254967
7327 1 2259688 0.7619048 0.6389940390363336
7328 1 346716 0.75 0.605094013735652
7329 1 1245136 0.8 0.6406198954209685
7330 1 128009 0.7368421 0.8456740761175752
7331 1 2006389 0.7368421 0.6160649936646223
7332 1 1963946 0.75 0.9193869773298502
7333 1 1963122 0.7 0.591228948906064
7334 1 1730951 0.71428573 0.4993230104446411
7335 1 1990642 0.7777778 0.549420015886426
7336 1 1171066 0.7619048 0.6543929921463132
7337 1 2156631 0.7777778 0.5245589418336749
7338 1 180897 0.7894737 0.8193319663405418
7339 1 62114 0.7894737 0.729482970200479
7340 1 1966706 0.75 0.7174250204116106
7341 1 1932954 0.8 0.5396120250225067
7342 1 2237130 0.7368421 0.7623280398547649
7343 1 1535318 0.7916667 0.9019760182127357
7344 1 1675461 0.75 0.4968629218637943
7345 1 861848 0.7826087 0.7877470925450325
7346 1 1530322 0.875 0.5466250004246831
7347 1 2393706 0.75 0.8922250708565116
7348 1 1240278 0.7894737 0.6063070613890886
7349 1 1860792 0.75 0.9434249950572848
7350 1 614728 0.78571427 0.48863294068723917
7351 1 1924167 0.8 0.7810309762135148
7352 0 0 0 0.8172061061486602
7353 1 795506 0.71428573 0.7919290801510215
7354 1 1648408 0.7368421 0.6751070031896234
7355 1 1715387 0.75 0.9469869546592236
7356 1 121657 0.7894737 0.5782910156995058
7357 1 142491 0.71428573 0.6791100604459643
7358 1 1966379 0.75 0.8496280061081052
7359 1 1812920 0.75 0.750628998503089
7360 1 1734387 0.72727275 1.0216630762442946
7361 1 1300146 0.85714287 0.9113730629906058
7362 1 640121 0.71428573 0.9373219218105078
7363 1 1968910 0.75 0.864884932525456
7364 1 867203 0.7 0.6143170176073909
7365 1 185038 0.71428573 0.9057959541678429
7366 1 1586009 0.77272725 0.701995100826025
7367 1 745382 0.71428573 0.842205947265029
7368 1 2096014 0.75 1.0236190864816308
7369 1 448565 0.72727275 0.7546689594164491
7370 1 634105 0.7916667 0.8663850603625178
7371 1 1695623 0.75 1.0145819978788495
7372 1 2213089 0.7619048 0.9520429885014892
7373 1 1965567 0.73333335 0.4913780139759183
7374 1 1985399 0.7368421 0.5600429140031338
7375 1 1965052 0.72727275 1.0392609983682632
7376 1 1855912 0.75 0.5088869947940111
7377 1 617914 0.73333335 0.470730010420084
7378 1 1934445 0.7619048 0.9582570055499673
7379 1 398841 0.7368421 0.9179150220006704
7380 1 1967064 0.7368421 0.8640410378575325
7381 1 1734527 0.73333335 0.5512370262295008
7382 1 942245 0.71428573 0.5314880982041359
7383 1 1452867 0.76 0.9218649938702583
7384 1 1933515 0.75 0.9795910445973277
7385 1 334506 0.7777778 0.7174769416451454
7386 1 1824450 0.73913044 0.7477470207959414
7387 1 417054 0.7894737 0.5601219600066543
7388 1 160897 0.8 0.5052200285717845
7389 1 132704 0.78571427 0.4715740215033293
7390 1 1623882 0.7222222 0.7772899698466063
7391 1 1968188 0.7058824 0.5035100039094687
7392 1 276523 0.7647059 0.6578050088137388
7393 1 388190 0.73913044 0.8676799479871988
7394 1 372971 0.7 0.7796189747750759
7395 1 1965629 0.7222222 0.5686909426003695
7396 1 1049745 0.7 0.9638690389692783
7397 1 1663318 0.7222222 0.535300001502037
7398 1 1968564 0.71428573 1.0579780209809542
7399 1 28269 0.7894737 0.5803530802950263
7400 1 1968910 0.71428573 1.068426063284278
7401 1 1617801 0.7894737 0.5724859656766057
7402 1 969564 0.8235294 0.572666060179472
7403 1 1691891 0.73333335 0.6036449922248721
7404 1 1811227 0.7 0.6114129209890962
7405 1 2305316 0.7692308 0.5257870070636272
7406 1 1965052 0.72727275 1.1713019339367747
7407 0 0 0 1.0331389494240284
7408 1 1702847 0.7777778 0.7031750865280628
7409 1 67746 0.7916667 1.049489015713334
7410 1 1969933 0.7222222 0.8572149090468884
7411 1 981122 0.75 1.016857917420566
7412 1 1689614 0.77272725 0.7899659685790539
7413 1 1963153 0.7647059 0.6135409930720925
7414 1 333692 0.71428573 0.7072939770296216
7415 1 1961202 0.7058824 0.7490760181099176
7416 1 1526942 0.75 1.0324169415980577
7417 1 1925490 0.7368421 0.7868940010666847
7418 1 928488 0.7368421 0.9270820301026106
7419 1 1910657 0.71428573 0.9422609582543373
7420 1 378476 0.71428573 0.9192029247060418
7421 1 1993699 0.7 0.6449139909818769
7422 1 28570 0.7058824 0.6139709148555994
7423 1 376911 0.7222222 0.7583689875900745
7424 1 496033 0.72727275 0.7797960424795747
7425 1 1855912 0.75 0.5443019326776266
7426 1 1731625 0.7692308 1.0658650426194072
7427 1 1778561 0.7222222 0.7824749918654561
7428 1 1967540 0.72727275 1.0628070449456573
7429 1 389820 0.7 0.5922230193391442
7430 1 1280615 0.77272725 0.7425050716847181
7431 1 447801 0.7368421 0.8886520517989993
7432 1 1990626 0.75 0.930176000110805
7433 1 1936842 0.7894737 0.9099979652091861
7434 1 362564 0.7307692 1.0441010817885399
7435 1 547280 0.75 0.9002540027722716
7436 1 1967064 0.7368421 0.9038069983944297
7437 1 1899842 0.7368421 0.5887829465791583
7438 1 1679526 0.72727275 0.7502569351345301
7439 1 165407 0.77272725 0.7425890071317554
7440 1 1780527 0.7619048 0.8334079757332802
7441 1 1848314 0.77272725 0.6946040084585547
7442 1 60030 0.71428573 1.1138520203530788
7443 1 1017284 0.7037037 1.0193639900535345
7444 1 1828511 0.72727275 0.6865509785711765
7445 1 395769 0.8181818 0.48575096298009157
7446 1 372053 0.75 0.9733340702950954
7447 1 1842230 0.71428573 1.1453490005806088
7448 1 276523 0.7647059 0.689542037434876
7449 1 1166975 0.73913044 0.7879689801484346
7450 1 40845 0.75 0.482385978102684
7451 1 1704135 0.75 0.8998509729281068
7452 1 1394463 0.7647059 0.6777169182896614
7453 1 650331 0.75 1.017992035485804
7454 1 730052 0.7058824 0.5091020138934255
7455 1 1964814 0.7368421 0.8827609708532691
7456 1 1771302 0.7777778 0.5481719272211194
7457 1 1925489 0.7777778 0.7043930236250162
7458 1 1706503 0.73913044 0.755458022467792
7459 1 1660061 0.8235294 0.5415239138528705
7460 1 1963862 0.72727275 0.7715519750490785
7461 1 1966376 0.7 0.5960199050605297
7462 1 447773 0.7916667 0.832234974950552
7463 1 450401 0.72 1.0364130139350891
7464 1 25297 0.7058824 0.6232070736587048
7465 1 383449 0.72727275 1.0370550444349647
7466 1 43643 0.7619048 0.7375340210273862
7467 1 465576 0.75 0.7638119859620929
7468 1 1454170 0.7083333 0.799015979282558
7469 1 1646238 0.7916667 0.9428319754078984
7470 1 1634434 0.82608694 1.0389729868620634
7471 1 1970274 0.75 0.6117629818618298
7472 1 395769 0.8181818 0.5088220350444317
7473 1 125485 0.75 0.8952529169619083
7474 1 940519 0.7826087 0.8437599753960967
7475 1 607858 0.75 0.5392769817262888
7476 1 86306 0.72 1.0658439714461565
7477 1 1964164 0.75 0.6589859258383512
7478 1 304102 0.7 0.6046070484444499
7479 1 1967554 0.75 0.5702120251953602
7480 1 293572 0.8333333 0.5733979633077979
7481 1 1969920 0.7894737 0.5613879766315222
7482 1 1462558 0.76 0.8965400047600269
7483 1 1812920 0.75 0.7889170665293932
7484 1 139028 0.7777778 0.729296007193625
7485 1 2012470 0.71428573 0.523670925758779
7486 1 934477 0.7368421 0.924087013117969
7487 1 1887649 0.8 0.9273788891732693
7488 0 0 0 0.8452519541606307
7489 1 1938818 0.7222222 0.7127040298655629
7490 1 830583 0.7037037 1.126040006056428
7491 1 1969933 0.7222222 0.7937710033729672
7492 0 0 0 1.0401969775557518
7493 1 1965891 0.71428573 0.7863258942961693
7494 1 445215 0.7894737 0.5739859770983458
7495 1 1962372 0.7222222 0.5071100313216448
7496 1 1797630 0.71428573 1.0777530260384083
7497 1 1992890 0.7647059 0.6137279560789466
7498 1 358663 0.73913044 0.7609800668433309
7499 1 624353 0.78571427 0.5096810637041926
7500 1 397699 0.72 0.9017239790409803
7501 1 1978405 0.7368421 0.719433999620378
7502 1 1823107 0.78571427 0.53211092017591
7503 1 1968910 0.8888889 0.6551239639520645
7504 1 691123 0.75 0.8749279659241438
7505 1 1936842 0.7894737 0.9033670648932457
7506 1 2356090 0.72727275 0.7220619590952992
7507 1 1964583 0.7647059 0.6915680132806301
7508 1 2002811 0.71428573 0.6848729681223631
7509 1 2162562 0.8 0.6106209475547075
7510 1 1394463 0.7647059 0.6583370268344879
7511 1 445370 0.7222222 0.5914359353482723
7512 1 1820495 0.82608694 0.8969909977167845
7513 1 977281 0.7894737 0.6891450611874461
7514 1 1828915 0.75 0.7476570317521691
7515 1 1634813 0.71428573 1.0948750423267484
7516 1 249971 0.7083333 0.9147139498963952
7517 1 1166975 0.73913044 0.7446020608767867
7518 1 360505 0.84210527 0.6957580335438251
7519 1 1924166 0.75 0.8683090563863516
7520 1 39524 0.7058824 0.5401390371844172
7521 1 625116 0.72727275 0.6274289917200804
7522 1 166135 0.75 0.9651180589571595
7523 1 160498 0.7647059 0.7255580276250839
7524 1 178374 0.8125 0.620792037807405
7525 1 991221 0.7692308 1.027213060297072
7526 1 1914131 0.84210527 0.6215620087459683
7527 1 159869 0.7647059 0.662779901176691
7528 1 28504 0.7 0.6038789870217443
7529 1 1221861 0.8235294 0.6802640855312347
7530 1 1860792 0.75 0.9594340808689594
7531 1 1735091 0.7647059 0.5300838965922594
7532 1 1596895 0.7222222 0.5322149954736233
7533 0 0 0 0.7808019872754812
7534 1 299896 0.72727275 0.8979809936136007
7535 1 276523 0.75 0.5742650246247649
7536 1 233750 0.7307692 0.914782052859664
7537 1 1442864 0.7058824 0.6002099253237247
7538 1 1906439 0.72727275 0.61846396420151
7539 1 1503435 0.7647059 0.5158669082447886
7540 1 994259 0.7777778 0.5366170080378652
7541 1 794389 0.77272725 0.695548951625824
7542 1 614824 0.7083333 1.0841100011020899
7543 1 1963862 0.72727275 0.7440680637955666
7544 1 1964889 0.7 0.7342150202021003
7545 1 1270536 0.7826087 0.7391179678961635
7546 1 136569 0.7692308 0.4595210775732994
7547 1 60030 0.75 0.8414140902459621
7548 1 1968910 0.71428573 1.0708989575505257
7549 1 1963478 0.7647059 0.532679958269
7550 0 0 0 0.5837490316480398
7551 1 1963610 0.73333335 0.5632520187646151
7552 1 1526942 0.75 1.0229659965261817
7553 1 1961012 0.71428573 0.6792829371988773
7554 1 2225112 0.8 0.6152119021862745
7555 1 1888069 0.7058824 0.6118579767644405
7556 1 982282 0.7241379 3.610221901908517
7557 1 617022 0.75 5.869720014743507
7558 1 1581670 0.7058824 2.611977979540825
7559 1 2216463 0.75 4.431228036992252
7560 0 0 0 1.935933018103242
7561 1 2457368 0.75 2.652010996825993
7562 1 1597384 0.71428573 2.432635985314846
7563 1 179446 0.7741935 4.419105942361057
7564 0 0 0 2.8236540965735912
7565 1 860501 0.7058824 5.605896934866905
7566 1 444714 0.7307692 1.8677989719435573
7567 1 1073765 0.7878788 4.690740955993533
7568 1 196696 0.75757575 4.877594066783786
7569 1 961203 0.7096774 2.98210303299129
7570 1 2398038 0.7058824 5.654149921610951
7571 1 1122821 0.8076923 2.362497034482658
7572 1 1905826 0.73333335 4.068239009939134
7573 1 1439134 0.75 4.8461019759997725
7574 1 1453983 0.7058824 6.057922029867768
7575 1 1175294 0.8125 4.406999098137021
7576 1 1298903 0.75757575 4.790810984559357
7577 1 1189009 0.75 4.913303069770336
7578 1 1572448 0.78571427 3.7893049884587526
7579 1 556812 0.75 4.880283959209919
7580 0 0 0 2.0083929412066936
7581 1 579518 0.7058824 5.496786092408001
7582 1 1609348 0.8148148 1.554241986013949
7583 1 1730934 0.71875 4.595517995767295
7584 1 1202310 0.73333335 3.2456369372084737
7585 1 1060544 0.7222222 5.951907020062208
7586 1 1322392 0.7741935 2.547604963183403
7587 1 2120262 0.76 1.467268099077046
7588 1 1704733 0.7586207 2.4807460140436888
7589 1 1630819 0.75 2.7661380590870976
7590 1 1265643 0.71428573 2.9919990338385105
7591 1 193509 0.8 2.592694014310837
7592 1 1613760 0.7878788 4.9531180411577225
7593 1 502335 0.7586207 3.1880990136414766
7594 1 422929 0.7 2.922966959886253
7595 1 1128408 0.75 2.341735060326755
7596 1 11997 0.71428573 2.5800321018323302
7597 1 1777938 0.7916667 2.2083279909566045
7598 1 1494835 0.7297297 6.034041056409478
7599 1 208884 0.71428573 5.4068759782239795
7600 1 534120 0.8148148 2.59968894533813
7601 1 566744 0.8 1.8915169639512897
7602 1 1509616 0.7241379 2.9733849223703146
7603 1 829824 0.7419355 2.4321209639310837
7604 1 590742 0.7241379 2.5762569857761264
7605 1 1981768 0.7307692 1.425457070581615
7606 1 820356 0.71875 4.148281994275749
7607 1 141637 0.7307692 2.0142270950600505
7608 1 186714 0.7 3.8860440254211426
7609 1 595710 0.73333335 3.8930029841139913
7610 1 113749 0.7058824 3.562118043191731
7611 1 249970 0.75 2.361465012654662
7612 1 517123 0.71875 4.657270037569106
7613 1 1421875 0.73333335 2.8288420289754868
7614 1 663029 0.7058824 5.626823985949159
7615 1 221952 0.73913044 1.5200639609247446
7616 1 2115981 0.71875 4.685936030000448
7617 1 1262747 0.7096774 6.074892007745802
7618 1 223840 0.7619048 1.1720029870048165
7619 1 1689017 0.7777778 3.1614979961887
7620 1 2134995 0.8333333 3.912016050890088
7621 1 1627108 0.7352941 5.191980046220124
7622 1 2246889 0.7096774 3.515591030009091
7623 1 1156726 0.7368421 5.693124025128782
7624 1 1211366 0.8 2.9900301015004516
7625 1 1036304 0.78125 2.491901977919042
7626 1 1265869 0.71875 4.697361961007118
7627 1 1245308 0.8 1.1869040317833424
7628 1 1798937 0.8 2.145150094293058
7629 1 1621508 0.78571427 3.0075550312176347
7630 1 1171064 0.74285716 3.8308140356093645
7631 1 323892 0.8 3.409016993828118
7632 1 299896 0.72 2.4462291039526463
7633 1 1628133 0.7037037 2.195660024881363
7634 1 154287 0.7241379 2.4533389369025826
7635 1 615321 0.7352941 6.205412093549967
7636 1 2453234 0.72727275 4.228929057717323
7637 1 1264951 0.76666665 5.204460001550615
7638 1 12425 0.72 1.9216019427403808
7639 1 1533700 0.8518519 2.2377040004357696
7640 1 1508691 0.7222222 4.515108070336282
7641 1 1277014 0.71794873 4.754726076498628
7642 1 1140940 0.73333335 3.698004991747439
7643 1 1217836 0.7407407 3.2552219927310944
7644 1 355998 0.7692308 1.5503220492973924
7645 1 1794671 0.79310346 3.7079009925946593
7646 1 1632266 0.71875 4.049899987876415
7647 1 1111882 0.8 4.42721601575613
7648 1 1530899 0.77272725 1.4463269617408514
7649 1 659387 0.8076923 2.1184090292081237
7650 1 586598 0.7037037 3.7698589731007814
7651 1 1296520 0.75 4.9443319439888
7652 1 1779686 0.79310346 2.616279060021043
7653 1 1125778 0.7368421 5.92727295588702
7654 1 649474 0.7307692 1.6639549285173416
7655 1 538209 0.75 2.7115779230371118
7656 1 21700 0.7307692 1.8804060528054833
7657 1 1436967 0.7619048 1.237579039297998
7658 1 1797421 0.73333335 5.254977033473551
7659 0 0 0 2.8542239451780915
7660 1 1808808 0.75757575 4.279854940250516
7661 1 2268750 0.7777778 3.45773296430707
7662 1 586500 0.7419355 4.529497004114091
7663 1 1655130 0.77272725 1.1794059537351131
7664 1 32096 0.7058824 4.076928016729653
7665 1 825118 0.7407407 1.9011859549209476
7666 1 2212352 0.7407407 1.887848018668592
7667 1 197402 0.75 1.6539860516786575
7668 1 704480 0.73913044 1.6387179493904114
7669 1 2121701 0.76666665 2.4776209611445665
7670 1 1829057 0.7 5.019790027290583
7671 1 1649066 0.71875 3.9100770372897387
7672 1 1935553 0.8148148 2.375366981141269
7673 1 1121935 0.7241379 3.6771489540115
7674 1 1048468 0.85714287 3.771228948608041
7675 1 816660 0.7586207 3.937373054213822
7676 1 852827 0.75757575 5.523728905245662
7677 1 975375 0.71428573 2.6007649721577764
7678 1 244201 0.7692308 1.8627860117703676
7679 1 2262614 0.7419355 4.778136033564806
7680 1 1906969 0.71875 4.168546991422772
7681 1 2130511 0.78571427 3.2239239662885666
7682 1 1234448 0.75 3.943642950616777
7683 1 264104 0.71875 4.95587894693017
7684 1 1686291 0.7878788 5.085641052573919
7685 1 1586010 0.7826087 1.0912970174103975
7686 1 10358 0.7741935 3.5151930060237646
7687 1 957549 0.75 3.4987060353159904
7688 1 1458812 0.73333335 4.15261706802994
7689 1 454277 0.7419355 4.877598024904728
7690 1 1679261 0.7 3.9339649956673384
7691 1 70004 0.7 4.0122970240190625
7692 1 1257656 0.73333335 2.9158550314605236
7693 1 1116574 0.75 3.9641890907660127
7694 1 1062538 0.75757575 5.230690003372729
7695 1 1617801 0.75 1.7694260459393263
7696 1 1707516 0.7586207 4.592370940372348
7697 1 1186497 0.8125 3.5134359495714307
7698 1 1130743 0.73333335 3.9474470540881157
7699 1 1142984 0.75 2.6658769929781556
7700 1 1159164 0.76 1.4282340416684747
7701 0 0 0 5.272596958093345
7702 1 301776 0.7586207 3.454774967394769
7703 1 557951 0.7741935 4.606039961799979
7704 1 1552741 0.75 2.474592998623848
7705 1 271184 0.75 3.4126590471714735
7706 1 533839 0.72727275 5.4866960272192955
7707 1 1279791 0.7027027 6.635839003138244
7708 1 1970866 0.7037037 2.6734910206869245
7709 1 31612 0.7826087 1.5565010253340006
7710 1 1003888 0.8333333 3.0787369469180703
7711 1 992392 0.7419355 4.581348970532417
7712 1 434589 0.7419355 3.3570100786164403
7713 1 1645126 0.72727275 1.591506996192038
7714 1 389604 0.75757575 5.076706991530955
7715 0 0 0 1.9112089648842812
7716 1 1809278 0.7647059 4.930110997520387
7717 1 1550725 0.71875 4.785808036103845
7718 1 1694095 0.7307692 1.905484008602798
7719 1 1992586 0.7692308 2.2590369917452335
7720 0 0 0 3.036141977645457
7721 1 1703893 0.75 2.7271920116618276
7722 1 1711320 0.75 1.9140469375997782
7723 1 1650716 0.7777778 3.2023219391703606
7724 1 1048340 0.8125 3.129997057840228
7725 1 1570259 0.7419355 4.000697052106261
7726 1 1256579 0.8064516 4.201177973300219
7727 1 1046659 0.7741935 3.5069399746134877
7728 1 1194208 0.72727275 5.455353995785117
7729 1 660007 0.7586207 3.2953249756246805
7730 1 1256355 0.7 4.326228983700275
7731 1 1040331 0.75757575 5.32764196395874
7732 1 1960265 0.75 3.395268926396966
7733 1 1436262 0.73333335 3.518694080412388
7734 1 1053876 0.72727275 4.943507025018334
7735 1 1112610 0.82758623 3.343518008477986
7736 1 1511017 0.7241379 5.249096895568073
7737 1 1549566 0.7741935 3.7058599991723895
7738 1 372053 0.71428573 1.3365099439397454
7739 1 2247518 0.71428573 2.9419539496302605
7740 1 145719 0.7222222 5.5155709851533175
7741 1 139370 0.76 1.445448026061058
7742 1 1558591 0.75757575 5.005537997931242
7743 1 1667510 0.72727275 5.4855679627507925
7744 1 1077708 0.78125 4.394482006318867
7745 1 626798 0.79310346 3.049741964787245
7746 0 0 0 3.990494064055383
7747 1 314872 0.7586207 4.857202060520649
7748 1 393645 0.8076923 1.4172359369695187
7749 1 347681 0.71875 4.785610013641417
7750 1 1276462 0.88461536 2.747468068264425
7751 1 1139478 0.7037037 3.0335061019286513
7752 1 2473744 0.76666665 4.795619985088706
7753 1 1536568 0.7241379 2.538008033297956
7754 1 893201 0.71875 2.924525993876159
7755 1 783931 0.7741935 4.5618260046467185
7756 1 524987 0.7419355 3.4706569276750088
7757 1 339510 0.83870965 4.462376004084945
7758 1 1664224 0.7777778 2.128146938048303
7759 1 1376362 0.8125 5.472428980283439
7760 1 199382 0.75 2.1374550415202975
7761 1 2355460 0.74285716 3.9922669529914856
7762 1 1756080 0.75 5.178162013180554
7763 1 1308496 0.71428573 5.054884008131921
7764 1 938333 0.76 2.3173369700089097
7765 1 143329 0.73333335 3.506081993691623
7766 1 463132 0.7407407 2.4802880361676216
7767 1 1578726 0.7586207 2.3476650239899755
7768 1 288170 0.8 1.4159160200506449
7769 1 932733 0.82758623 2.9711589450016618
7770 1 241203 0.7586207 3.606896032579243
7771 1 1571786 0.72727275 4.7900129575282335
7772 1 10258 0.76666665 4.321451997384429
7773 1 7877 0.7586207 5.433953017927706
7774 1 2448146 0.7419355 2.9774639988318086
7775 1 925 0.7241379 2.702676923945546
7776 1 1676662 0.72 2.462930977344513
7777 1 445752 0.7096774 2.9392759315669537
7778 1 1001912 0.7058824 4.803927964530885
7779 1 659180 0.76666665 3.2357509480789304
7780 1 1113262 0.78125 3.4302909625694156
7781 1 1640549 0.71875 4.633525968529284
7782 1 2020417 0.7419355 4.42873896099627
7783 1 1119589 0.7777778 2.0950939506292343
7784 1 145895 0.75 4.413029062561691
7785 1 538882 0.75 4.161883029155433
7786 1 2158023 0.76666665 3.916327957995236
7787 1 274362 0.8181818 3.864679019898176
7788 1 945054 0.75 3.2702749595046043
7789 1 2253045 0.7 4.144268925301731
7790 1 76978 0.72727275 5.212877062149346
7791 1 1186967 0.7741935 3.465272020548582
7792 1 648600 0.7419355 2.6376720052212477
7793 1 2437871 0.71875 4.7813160344958305
7794 1 1558033 0.71428573 2.956978976726532
7795 1 1963200 0.75 0.9712959872558713
7796 1 1631257 0.71428573 2.1538930013775826
7797 0 0 0 2.5809359503909945
7798 1 213102 0.74285716 4.522113013081253
7799 1 1663255 0.7037037 2.0897180074825883
7800 1 1078975 0.75 3.2012639567255974
7801 1 249912 0.8148148 2.2947810357436538
7802 1 483315 0.73333335 4.088343004696071
7803 1 153775 0.72727275 4.908815957605839
7804 1 572491 0.7419355 4.21447295229882
7805 1 1015833 0.8 1.2581950286403298
7806 1 1165355 0.7419355 3.858883981592953
7807 1 1477396 0.76666665 3.704376984387636
7808 1 444845 0.7307692 1.6973980236798525
7809 1 1654856 0.7 4.043283988721669
7810 1 1074622 0.8148148 2.9858710477128625
7811 1 421257 0.7 3.2447599805891514
7812 1 2451145 0.73333335 3.449771087616682
7813 1 1634431 0.7714286 5.489223054610193
7814 1 1908938 0.78571427 4.193851025775075
7815 1 1511017 0.7777778 3.35058500058949
7816 1 49001 0.86206895 3.993669059127569
7817 1 1106227 0.8076923 1.6031720442697406
7818 1 1545492 0.7037037 1.6602739924564958
7819 1 1057167 0.75757575 4.338187980465591
7820 1 1910813 0.75757575 4.967047949321568
7821 1 2315194 0.7741935 5.307120969519019
7822 1 1629073 0.75 5.088822916150093
7823 1 1911289 0.78571427 3.5836469614878297
7824 1 1172470 0.8 3.4023839980363846
7825 0 0 0 5.034885951317847
7826 1 1442979 0.75 2.445424092002213
7827 1 1964042 0.73913044 1.3130760053172708
7828 1 1086226 0.7 4.104192019440234
7829 1 510478 0.72727275 4.300686996430159
7830 1 1490435 0.8064516 5.320766009390354
7831 1 630186 0.7058824 4.92638093419373
7832 1 21487 0.79310346 4.175664042122662
7833 1 502989 0.75 1.7165020108222961
7834 1 510926 0.7058824 5.559160024859011
7835 1 2377318 0.75 2.639566082507372
7836 1 870030 0.7297297 5.172968958504498
7837 1 482445 0.76666665 4.311605007387698
7838 1 1404200 0.72727275 3.6758779315277934
7839 1 1623420 0.7407407 2.8904000064358115
7840 1 141186 0.71875 4.971825983375311
7841 1 568905 0.76666665 3.454433986917138
7842 1 873759 0.7741935 4.9250469310209155
7843 1 1965582 0.75 3.3174389973282814
7844 1 426294 0.7419355 3.7758999969810247
7845 1 1727243 0.8636364 1.2595599982887506
7846 1 102757 0.78125 2.6642910670489073
7847 1 2393533 0.7 4.113294999115169
7848 1 857986 0.71428573 2.1761259995400906
7849 1 1994001 0.7058824 5.616582930088043
7850 1 1759246 0.75 1.7478999216109514
7851 1 1291161 0.8518519 2.7730019064620137
7852 1 940909 0.7241379 2.440948039293289
7853 1 316042 0.75 5.123376962728798
7854 1 1664771 0.7878788 5.075698951259255
7855 1 1674419 0.73333335 3.74258600641042
7856 1 1672415 0.7307692 2.023001085035503
7857 1 1174347 0.75 4.272624966688454
7858 1 1273209 0.7 3.884167061187327
7859 1 1347327 1.0 2.922056009992957
7860 1 1464214 0.75 5.17747993580997
7861 1 518686 0.7647059 5.935597931966186
7862 1 661716 0.7777778 3.277283045463264
7863 1 722823 0.7037037 2.979082055389881
7864 0 0 0 4.2399989906698465
7865 0 0 0 1.7281720647588372
7866 1 634684 0.7586207 2.655428950674832
7867 1 1458660 0.7826087 1.193976029753685
7868 1 1358116 0.8064516 4.1689310455694795
7869 1 1266039 1.0 2.698507043533027
7870 1 20465 0.73333335 3.4401469165459275
7871 1 1569519 0.75 1.5669700223952532
7872 1 342532 0.7 3.013423061929643
7873 1 1272716 0.75 1.7793069127947092
7874 1 1677057 0.7352941 4.990450921468437
7875 1 1903269 0.7777778 3.2985570142045617
7876 1 1046065 0.7058824 6.42629899084568
7877 1 1591629 0.7741935 3.142713918350637
7878 1 2283755 0.7352941 5.232011084444821
7879 1 1858213 0.7741935 4.427919047884643
7880 1 142888 0.75 4.532353952527046
7881 1 1713067 0.73913044 1.3391240499913692
7882 1 910880 0.7083333 1.7491389298811555
7883 1 1419774 0.75 5.614206078462303
7884 1 1807901 0.7407407 2.5044699432328343
7885 1 1454238 0.7307692 3.0183919006958604
7886 1 437428 0.84615386 2.1164260106161237
7887 1 1467166 0.7692308 2.6256609708070755
7888 1 1653198 0.7307692 3.364388016052544
7889 1 1620426 0.7777778 3.1147049739956856
7890 0 0 0 2.910770010203123
7891 1 981579 0.7 2.912099938839674
7892 1 1963946 0.8 0.9964420460164547
7893 1 1565338 0.75 4.899343010038137
7894 1 1899221 0.7878788 4.83329501003027
7895 1 195711 0.7307692 1.5808779280632734
7896 1 1068444 0.71428573 4.780929069966078
7897 1 1467975 0.8484849 4.707286017946899
7898 1 666734 0.78571427 3.487195004709065
7899 1 1157340 0.7741935 4.532665014266968
7900 1 275096 0.73333335 4.21852502040565
7901 1 747463 0.79310346 1.7601290019229054
7902 1 479100 0.73333335 3.8377370219677687
7903 1 1433186 0.7826087 1.5598610043525696
7904 1 238112 0.75 1.5020230785012245
7905 1 734023 0.8181818 4.746849997900426
7906 1 2355439 0.7 3.6568669602274895
7907 1 412652 0.71428573 1.0549519211053848
7908 1 1300146 0.75 1.6598639776930213
7909 1 1234534 0.78571427 3.5260809818282723
7910 1 1933714 0.7368421 5.569088039919734
7911 1 1704053 0.7586207 3.8978939410299063
7912 1 1582928 0.7586207 2.7081338921561837
7913 1 1399012 1.0 1.2630498968064785
7914 1 451068 0.7419355 3.574199043214321
7915 1 2018489 0.7037037 2.7801040560007095
7916 1 600797 0.75757575 4.874113015830517
7917 1 6476 0.7241379 3.480399027466774
7918 1 42674 0.8076923 2.1211529383435845
7919 0 0 0 2.580889966338873
7920 1 201273 0.75 5.343203083612025
7921 0 0 0 3.378588007763028
7922 1 847645 0.8125 4.766924073919654
7923 1 2461366 0.71875 3.7286749575287104
7924 1 452856 0.7826087 1.5072759706526995
7925 1 1321168 0.75 6.052287993952632
7926 1 673776 0.7586207 5.167805007658899
7927 1 2388043 0.7741935 5.065747885964811
7928 0 0 0 5.279319011606276
7929 1 184881 0.75 3.254694980569184
7930 1 1195248 0.8064516 3.9982619928196073
7931 1 1452057 0.7631579 5.069275968708098
7932 1 1079429 0.71428573 1.1327039683237672
7933 1 1157106 0.72727275 5.352981039322913
7934 1 1030729 0.7647059 4.253139952197671
7935 1 2172357 0.74285716 5.1227950025349855
7936 1 439558 0.73333335 3.7762189749628305
7937 1 1554594 0.7 4.129573004320264
7938 1 1421789 0.79310346 2.383443061262369
7939 1 346817 0.7241379 2.699914970435202
7940 1 2455037 0.7352941 5.268041975796223
7941 1 735661 0.8 1.5056600095704198
7942 1 869915 0.7878788 3.0745050171390176
7943 1 1938071 0.73913044 1.849327003583312
7944 1 1970866 0.7307692 1.8497989512979984
7945 1 410818 0.7741935 3.098379005677998
7946 1 716819 0.7307692 1.9482779316604137
7947 1 1466643 0.8 4.200684023089707
7948 1 748577 0.76666665 2.546036965213716
7949 1 10845 0.75 3.253745031543076
7950 1 1521553 0.7241379 3.4836679697036743
7951 1 630184 0.7777778 1.4354819431900978
7952 1 833350 0.7647059 5.9987109852954745
7953 1 490252 0.7407407 2.712797955609858
7954 1 448652 0.7352941 3.3995300764217973
7955 1 1571464 0.72727275 5.562823032960296
7956 1 666353 0.7407407 2.7972599491477013
7957 1 598202 0.75 5.4965210147202015
7958 1 1448714 0.75757575 5.953117972239852
7959 1 1689180 0.7777778 2.243947936221957
7960 1 1165792 0.7105263 6.261028931476176
7961 1 518655 0.7096774 4.134182003326714
7962 1 1001780 0.7567568 6.0576871037483215
7963 0 0 0 1.1020080419257283
7964 1 231654 0.78125 4.180100979283452
7965 1 537773 0.71428573 1.4725798973813653
7966 1 443758 0.7083333 2.0843329839408398
7967 1 1987104 0.75 3.8398699834942818
7968 1 556051 0.7241379 1.9064659718424082
7969 1 24777 0.7741935 4.329857067205012
7970 1 1350568 0.78571427 2.2272219648584723
7971 1 659833 0.7419355 2.8022369369864464
7972 1 83167 0.7307692 1.3944089878350496
7973 1 1968818 0.7307692 2.8829979710280895
7974 1 1566224 0.8125 3.157246974296868
7975 1 2159389 0.75 4.691697075031698
7976 1 1378389 0.7037037 3.906122059561312
7977 1 1173099 0.7058824 5.923017975874245
7978 1 2199327 0.75 1.864714897237718
7979 1 1299215 0.71875 3.8255309918895364
7980 1 1301619 0.76 2.3242239840328693
7981 1 1143288 0.7027027 4.784908960573375
7982 1 1626000 0.75 3.3711569849401712
7983 1 1969281 0.7692308 2.405841019935906
7984 1 116528 0.7777778 3.3063709270209074
7985 1 2272379 0.75 2.3699799785390496
7986 1 1176047 0.8 5.346557009033859
7987 0 0 0 5.185734946280718
7988 1 764857 0.7777778 1.726062037050724
7989 1 1170645 0.7058824 2.9492259491235018
7990 1 390744 0.78125 4.840175970457494
7991 1 379473 0.7105263 4.20145399402827
7992 1 930871 0.73333335 3.777201985940337
7993 1 1669083 0.71428573 3.0204280046746135
7994 1 2199328 0.71428573 2.5903600035235286
7995 1 1483061 0.75 3.2090700697153807
7996 1 2436753 0.7692308 2.4454189697280526
7997 1 1096453 0.71875 4.7821319894865155
7998 1 388559 0.7419355 5.006532999686897
7999 1 1261897 0.71875 5.02926402259618
8000 1 2115778 0.78125 4.3400609865784645
8001 1 451339 0.75 1.9554300233721733
8002 1 305184 0.75757575 5.801946041174233
8003 1 1073788 0.75 2.814512001350522
8004 1 443778 0.7777778 1.7219929723069072
8005 1 1042380 0.8333333 3.9861869299784303
8006 1 1910393 0.76666665 2.609466086141765
8007 1 1626528 0.79310346 3.0033589573577046
8008 1 472559 0.78571427 2.4002071004360914
8009 1 1433186 0.73913044 1.26582698430866
8010 1 844858 0.72 2.3689829977229238
8011 1 1260325 0.7307692 2.9705550987273455
8012 1 423727 0.7407407 4.148896900005639
8013 1 1293783 0.7241379 3.471316071227193
8014 1 1160567 0.71428573 3.9929329650476575
8015 0 0 0 1.8962830072268844
8016 1 43213 0.75 1.6709720948711038
8017 1 1553497 0.75 2.6106119621545076
8018 1 1270379 0.73913044 1.9118129275739193
8019 1 1418407 0.7419355 2.463501994498074
8020 1 1530839 0.7241379 4.297859035432339
8021 1 1671670 0.75 5.024181096814573
8022 1 77752 0.76666665 3.192000091075897
8023 1 32729 0.71428573 2.6687909848988056
8024 1 355638 0.72727275 5.695817992091179
8025 1 994185 0.7222222 4.053819924592972
8026 1 1450433 0.7407407 1.9920929335057735
8027 1 1169226 0.71875 4.802132956683636
8028 1 1935548 0.7586207 3.8396440213546157
8029 1 407101 0.78571427 3.166576032526791
8030 1 2199771 0.7619048 1.287305960431695
8031 1 1117442 0.75 3.6011809716001153
8032 1 499981 0.7419355 3.7434969563037157
8033 1 1628591 0.7878788 4.194112960249186
8034 1 1346388 1.0 3.4325679298490286
8035 1 1119569 0.75757575 3.6165649071335793
8036 1 2019095 0.7741935 3.4492999548092484
8037 1 22584 0.7419355 4.460569005459547
8038 1 663997 0.7307692 1.8380229594185948
8039 1 2469658 0.8148148 2.426613005809486
8040 1 1553299 0.8064516 3.178951912559569
8041 1 1317765 0.7941176 3.5181689308956265
8042 1 1408860 0.71428573 3.0937070259824395
8043 1 578349 0.71428573 3.1186810228973627
8044 1 1952088 0.78125 5.082010058686137
8045 1 1110437 0.7058824 6.835628068074584
8046 1 1516382 0.8076923 2.0742699271067977
8047 1 245653 0.7 3.6091520451009274
8048 1 1735041 0.7307692 1.2631170684471726
8049 1 1050280 0.7352941 4.630893934518099
8050 1 803474 0.72727275 4.958803998306394
8051 1 956533 0.72727275 4.6101079788059
8052 1 1963191 0.7241379 2.785447984933853
8053 1 1015435 0.8 4.2151500238105655
8054 1 760963 0.7037037 2.575273043476045
8055 1 1420103 0.8 4.212661064229906
8056 1 1061958 0.7380952 10.071786004118621
8057 1 663416 0.725 8.154000039212406
8058 1 1015477 0.7111111 12.280759983696043
8059 1 1196003 0.73913044 11.859059915877879
8060 1 2449033 0.8 9.373301058076322
8061 1 1146464 0.7647059 4.682099912315607
8062 1 1441321 0.73170733 10.397075908258557
8063 1 1073402 0.74285716 6.381058949045837
8064 1 1691303 0.75555557 11.025922955013812
8065 1 2049192 0.7894737 9.884780971333385
8066 1 1558866 0.7837838 10.824098018929362
8067 1 1553283 0.8095238 13.823790941387415
8068 0 0 0 13.415510999038815
8069 1 1471643 0.7111111 15.480945003218949
8070 1 477121 0.7777778 8.62082396633923
8071 1 1731904 0.75 11.14284002687782
8072 1 1128805 0.7714286 8.124032989144325
8073 1 575808 0.71794873 15.361614990979433
8074 1 1079160 0.7446808 19.216796034015715
8075 1 1128617 0.7948718 18.362886970862746
8076 1 1520427 0.81395346 28.336809016764164
8077 1 1444103 0.7368421 19.971502013504505
8078 1 1099524 0.7058824 14.52390302438289
8079 1 663345 0.7297297 20.005925907753408
8080 1 1356187 0.90909094 13.451943057589233
8081 1 1317348 0.75 22.893884917721152
8082 1 1078086 0.80487806 21.03673294186592
8083 1 1483750 0.8181818 11.950587038882077
8084 1 1032529 0.7111111 26.63863101042807
8085 1 653279 0.7631579 21.12974098417908
8086 1 1686405 0.74358976 22.625521989539266
8087 1 1467787 0.7352941 15.58427489362657
8088 1 1084840 0.8125 9.236167999915779
8089 1 1051815 0.7446808 25.262949988245964
8090 1 721435 0.74358976 20.539087941870093
8091 1 1454121 0.74358976 18.106063012965024
8092 1 1394917 0.71428573 14.009392005391419
8093 1 1057599 0.7948718 22.323859040625393
8094 1 322526 0.74358976 21.789056016132236
8095 1 1175785 0.8 17.198662040755153
8096 1 2121608 0.71428573 13.510197983123362
8097 1 1557378 0.7941176 16.983343986794353
8098 1 1576146 0.8108108 21.469960920512676
8099 1 454739 0.75757575 12.767855077981949
8100 1 1773446 0.78571427 22.53791398834437
8101 1 1024987 0.74285716 20.349269965663552
8102 1 841312 0.74358976 18.541497993282974
8103 1 1061286 0.74285716 14.752119896002114
8104 1 1439681 0.75 21.517751971259713
8105 1 1063036 0.7906977 25.754394009709358
8106 1 540628 0.7878788 12.83979311119765
8107 1 1548743 0.7894737 17.79038703534752
8108 1 1498103 0.7567568 20.768886082805693
8109 1 1220951 0.73333335 25.271350983530283
8110 1 1741839 0.7948718 16.90796297043562
8111 1 562927 0.7777778 19.105484010651708
8112 1 1733136 0.75 18.495536991395056
8113 1 2055994 0.7647059 12.57150003220886
8114 1 655943 0.7027027 16.322643030434847
8115 1 923381 0.7837838 17.777789034880698
8116 1 476549 0.8064516 12.287160032428801
8117 1 1174224 0.8108108 17.54352997522801
8118 1 1078506 0.7631579 14.927376061677933
8119 1 611754 0.7647059 13.966373051516712
8120 1 1705590 0.74285716 12.686094036325812
8121 1 2113627 0.7906977 20.869572996161878
8122 1 858157 0.71794873 19.68886097893119
8123 1 1623760 0.73333335 24.831132031977177
8124 1 1473314 0.71794873 20.733625977300107
8125 1 537731 0.7 23.055837955325842
8126 1 1474725 0.7619048 13.95620999392122
8127 1 1562830 0.7631579 13.702417956665158
8128 1 312235 0.7777778 16.149561037309468
8129 1 990846 0.7714286 17.972870031371713
8130 1 2106246 0.7948718 23.329533054493368
8131 1 14346 0.72727275 13.493072940036654
8132 0 0 0 24.42774490918964
8133 1 1094195 0.7105263 17.949262051843107
8134 1 827365 0.7941176 12.64281605836004
8135 1 720196 0.7692308 24.076050030998886
8136 1 1460487 0.7777778 23.10413494706154
8137 1 1306550 0.7619048 21.68845501728356
8138 1 1431583 0.80487806 23.954447940923274
8139 1 987160 0.8095238 24.19930195901543
8140 1 726168 0.725 25.639861938543618
8141 1 1988668 0.725 22.415329003706574
8142 1 554837 0.75 19.53445898834616
8143 1 1096050 0.7948718 20.580442971549928
8144 1 11358 0.75 23.90473207924515
8145 1 1254040 0.71428573 26.710967998951674
8146 1 1333615 0.82051283 19.337135017849505
8147 1 1392989 0.7804878 22.059361916035414
8148 1 1980117 0.7567568 13.091911911033094
8149 1 1504375 0.80487806 20.49901697319001
8150 1 1396136 0.7222222 13.882845058105886
8151 1 426950 0.81578946 19.958175951614976
8152 1 853348 0.7297297 14.281478011980653
8153 1 1462856 0.8 20.330932922661304
8154 1 1428456 0.7659575 24.59354291204363
8155 1 1095621 0.775 15.80781803932041
8156 1 1705777 0.775 22.628417937085032
8157 1 518763 0.7058824 12.862589093856514
8158 1 1779707 0.7567568 23.142879945226014
8159 1 1177886 0.75 21.64578903466463
8160 1 1308141 0.725 19.125362974591553
8161 1 1302915 0.74358976 17.51813606824726
8162 0 0 0 18.526173080317676
8163 1 1629851 0.7631579 15.380067052319646
8164 1 1549291 0.7619048 20.7100739935413
8165 1 1061943 0.70731705 27.82615297473967
8166 1 544284 0.76744187 19.036813988350332
8167 1 1525759 0.7619048 22.973427083343267
8168 1 1500044 0.8055556 18.94502399954945
8169 1 1378040 0.7837838 19.920542952604592
8170 1 1654586 0.8378378 17.489837016910315
8171 1 1274215 0.73170733 21.78218006156385
8172 1 2217561 0.7368421 16.307102981954813
8173 1 1585385 0.7368421 16.5809370810166
8174 1 1623439 0.7714286 14.795252936892211
8175 1 1452403 0.7941176 15.087667969055474
8176 1 493157 0.75757575 11.568282963708043
8177 1 1489793 0.75 11.839643935672939
8178 1 1191057 0.73170733 20.26692603249103
8179 1 1610134 0.7714286 18.953908933326602
8180 1 1046528 0.8 13.487673015333712
8181 1 1497381 0.75 15.157383983023465
8182 1 1709209 0.71428573 23.92178401350975
8183 0 0 0 24.87363596446812
8184 1 1298288 0.8064516 10.187677922658622
8185 1 1728798 0.81578946 17.800895031541586
8186 1 848243 0.7352941 16.688811010681093
8187 1 648384 0.75757575 15.976983937434852
8188 1 1401424 0.7105263 23.299672990106046
8189 1 1272618 0.8108108 18.030266975983977
8190 1 1517669 0.725 25.432572001591325
8191 1 1030830 0.7234042 27.48142508789897
8192 1 1466326 0.725 12.62391300406307
8193 1 2088436 0.8 16.134553006850183
8194 1 1260833 0.7777778 10.19541802816093
8195 1 1243119 0.8 8.696392993442714
8196 1 1508600 0.74358976 20.197195932269096
8197 1 1136545 0.7631579 20.026550977490842
8198 1 1915605 0.7297297 14.405692927539349
8199 1 1127161 0.70454544 27.46030199341476
8200 1 1475932 0.7297297 17.166996956802905
8201 1 2386331 0.75609756 26.701985974796116
8202 1 1241479 0.84375 11.199381086044014
8203 1 447524 0.7692308 21.30839799065143
8204 1 1512196 0.76744187 24.058973067440093
8205 1 1888410 0.7027027 19.797421991825104
8206 1 1303044 0.71428573 25.625714100897312
8207 1 2431754 0.75 24.597095092758536
8208 1 1045781 0.8333333 9.180349996313453
8209 1 1405724 0.75 9.320249082520604
8210 1 1255082 0.7714286 10.988134890794754
8211 1 1189074 0.80487806 21.258498076349497
8212 1 1795903 0.71794873 22.48368808068335
8213 1 1905834 0.7222222 22.045686026103795
8214 1 1966483 0.7222222 14.886987046338618
8215 1 995994 0.70731705 21.731094922870398
8216 1 807384 0.81578946 20.946888951584697
8217 1 1700028 0.8 10.94638998620212
8218 1 1648100 0.7567568 19.29881505202502
8219 1 1428846 0.81578946 18.37469602469355
8220 1 1104332 0.7804878 24.625847931019962
8221 1 2048659 0.7222222 14.700878993608057
8222 1 764347 0.7222222 19.16159293614328
8223 1 840543 0.74285716 10.361464926972985
8224 1 1063288 0.75 12.50220404472202
8225 1 1291639 0.7567568 8.130236994475126
8226 1 1291702 0.71428573 12.076916988007724
8227 1 1660545 0.7837838 8.181523997336626
8228 1 458424 0.74358976 9.869997971691191
8229 1 1621951 0.825 7.266739034093916
8230 1 1586809 0.7567568 7.423856994137168
8231 1 1740549 0.75 12.254934990778565
8232 1 945600 0.7297297 9.100005961954594
8233 1 1472701 0.7777778 6.68658409267664
8234 1 1472934 0.7714286 9.663832024671137
8235 1 861639 0.70454544 12.017084052786231
8236 1 1470733 0.78571427 11.830458999611437
8237 1 964465 0.7567568 7.053607027046382
8238 1 882484 0.78125 4.699980025179684
8239 1 430688 0.8 7.334579015150666
8240 1 554726 0.775 7.705978932790458
8241 1 684134 0.7 10.91936498414725
8242 1 1276726 0.7777778 7.533048978075385
8243 1 1497397 0.8378378 6.875097984448075
8244 1 1527077 0.77272725 10.818394017405808
8245 1 1026733 0.7105263 5.265788990072906
8246 1 1564413 0.825 9.972790954634547
8247 1 2075260 0.7837838 9.823139989748597
8248 1 1119033 0.7567568 8.441806072369218
8249 1 240855 0.7894737 9.639122989028692
8250 1 1425220 0.7777778 6.596241961233318
8251 1 1725862 0.77272725 10.52156591322273
8252 1 87544 0.7714286 7.131282007321715
8253 1 1048483 0.7352941 7.605939987115562
8254 1 1073470 0.75609756 10.53905498702079
8255 1 2027849 0.7894737 7.627181010320783
8256 1 1574743 0.75609756 11.499898973852396
8257 1 482210 0.71794873 11.730693047866225
8258 1 1512462 0.78125 5.373187945224345
8259 1 1626490 0.7714286 6.396548007614911
8260 1 631033 0.7692308 9.955925983376801
8261 1 292709 0.7714286 6.856397958472371
8262 1 1135593 0.7297297 9.101186995394528
8263 1 1394656 0.74358976 8.180428994819522
8264 1 820267 0.7777778 9.320680983364582
8265 1 1796226 0.7380952 9.620987926609814
8266 1 1133547 0.7631579 8.459941949695349
8267 1 869935 0.84210527 8.190052933059633
8268 1 1262468 0.7352941 6.790490006096661
8269 1 192930 0.7297297 7.444031070917845
8270 1 1547904 0.7692308 9.348551044240594
8271 0 0 0 10.986816952936351
8272 1 787019 0.75 9.046101942658424
8273 1 1708168 0.7368421 9.874750045128167
8274 1 1138682 0.7692308 7.935957983136177
8275 1 704839 0.74358976 6.667761015705764
8276 1 719370 0.7619048 10.533456923440099
8277 1 302029 0.75757575 6.191960070282221
8278 1 560713 0.7567568 6.606310955248773
8279 1 1475319 0.74358976 6.33454299531877
8280 1 1492919 0.73333335 11.875953059643507
8281 1 2031614 0.7948718 8.199919015169144
8282 1 996140 0.74418604 10.21076098550111
8283 1 1654772 0.7567568 7.5389069970697165
8284 1 1272326 0.7368421 9.105172008275986
8285 1 1513214 0.71794873 10.073555982671678
8286 1 1292214 0.7941176 8.221387048251927
8287 1 1457999 0.7714286 6.9487919099628925
8288 1 738972 0.74285716 8.780261967331171
8289 1 1921934 0.74358976 7.405341020785272
8290 1 1481511 0.70731705 12.068442068994045
8291 1 1422405 0.75 8.399376063607633
8292 1 1715265 0.71428573 9.020900004543364
8293 1 356546 0.7631579 8.506588055752218
8294 1 1508548 0.775 9.53076803125441
8295 1 1109065 0.7368421 6.9539479445666075
8296 1 2227382 0.7631579 9.910511900670826
8297 1 1706924 0.74285716 7.306913030333817
8298 1 1907887 0.8 9.436924941837788
8299 1 1127941 0.73170733 11.932455003261566
8300 1 1169636 0.8 10.772115900181234
8301 1 1490435 0.78125 5.978620960377157
8302 1 630286 0.7741935 5.357648013159633
8303 1 1961930 0.8333333 7.484517991542816
8304 1 1243513 0.75 10.732869035564363
8305 1 2048484 0.79545456 11.522101005539298
8306 1 619524 0.72727275 12.60046090465039
8307 1 1123173 0.7777778 6.628533010371029
8308 1 1465332 0.7297297 7.501572952605784
8309 1 426192 0.8333333 10.211455984972417
8310 1 2114024 0.74358976 10.109422029927373
8311 1 1770262 0.7837838 8.307807962410152
8312 1 572295 0.7222222 9.301413898356259
8313 1 1121037 0.7894737 9.085395955480635
8314 1 569535 0.71875 4.919394035823643
8315 1 1022380 0.7291667 12.546901940368116
8316 1 2068074 0.8095238 10.083963978104293
8317 1 1843653 0.775 8.205682970583439
8318 1 2092384 0.7878788 4.831089987419546
8319 1 1124944 0.7297297 7.41069798823446
8320 1 1538980 0.7837838 8.4475870244205
8321 1 1498657 0.71794873 10.747113032266498
8322 1 1280712 0.7837838 9.278809884563088
8323 1 1566244 0.71794873 8.479476091451943
8324 1 1402384 0.7894737 9.055454982444644
8325 1 855566 0.75 11.680931085720658
8326 1 660931 0.775 8.988857036456466
8327 1 1346648 0.7297297 6.500151939690113
8328 1 1587431 0.7692308 9.221034939400852
8329 1 1183844 0.7777778 6.8793430691584945
8330 1 455710 0.72727275 5.825022934004664
8331 1 1015715 0.7254902 12.306247022934258
8332 1 364453 0.75 9.375689085572958
8333 1 1183307 0.7 10.635045007802546
8334 1 1137473 0.7777778 7.402877090498805
8335 1 1377244 0.71428573 10.13257005251944
8336 1 1469168 0.7209302 9.062380995601416
8337 1 2258750 0.7297297 7.52204202581197
8338 1 1006290 0.75 9.603535989299417
8339 1 1125499 0.7631579 7.525937049649656
8340 1 1757796 0.7804878 10.619240929372609
8341 1 123284 0.72727275 5.202663945965469
8342 1 1023892 0.73333335 5.039748968556523
8343 1 1594322 0.7894737 5.4336360190063715
8344 1 1456955 0.74358976 8.726618019863963
8345 1 1062409 0.73170733 10.520224925130606
8346 1 1899932 0.71875 8.39961611200124
8347 1 1493444 0.75 6.804159958846867
8348 1 2383728 0.75 11.73072902020067
8349 1 479840 0.78125 5.56608394253999
8350 1 1059286 0.8235294 6.004511029459536
8351 1 1552318 0.7741935 5.491017014719546
8352 1 563671 0.74285716 6.74639199860394
8353 1 510304 0.80487806 10.833916021510959
8354 1 34215 0.8235294 5.9069020207971334
8355 1 1299103 0.7647059 6.588087999261916
8356 1 1280323 0.7209302 11.79619797039777
8357 1 110903 0.7837838 8.201744058169425
8358 1 1290607 0.7714286 6.397509947419167
8359 1 1055038 0.84615386 7.4602499371394515
8360 1 901436 0.75 7.082419935613871
8361 1 1373576 0.71428573 6.176205934025347
8362 1 28751 0.75 6.957667996175587
8363 1 1604587 0.7096774 6.846255040727556
8364 1 781779 0.7894737 8.24606604874134
8365 1 1239813 0.75 8.745144004933536
8366 1 1018468 0.7647059 6.3198310090228915
8367 1 617938 0.82758623 3.8978770608082414
8368 0 0 0 7.662044954486191
8369 1 1475832 0.7894737 7.247000001370907
8370 1 1161127 0.7906977 9.910215041600168
8371 1 1611164 0.7714286 4.843325004912913
8372 1 1272598 0.7619048 9.177166037261486
8373 1 2105754 0.8333333 9.268469992093742
8374 1 461767 0.75757575 6.328025017865002
8375 1 2442932 0.8 5.811744020320475
8376 1 4328 0.72727275 5.873152986168861
8377 1 1072808 0.75 9.88895702175796
8378 1 1451740 0.7777778 7.8155259834602475
8379 1 1363845 0.7804878 9.94745607022196
8380 1 1549696 0.7619048 10.517047019675374
8381 1 1401911 0.7826087 11.518998071551323
8382 1 1162754 0.7692308 10.615075007081032
8383 1 1167171 0.8064516 5.449827993288636
8384 1 1294522 0.78125 6.920774932950735
8385 1 573017 0.7368421 8.04623099975288
8386 1 580307 0.7297297 11.400537914596498
8387 1 1013667 0.80487806 11.796620092354715
8388 1 1529747 0.725 15.287554007954895
8389 0 0 0 17.340178950689733
8390 1 219585 0.7222222 10.916220024228096
8391 1 1485750 0.725 16.41956891398877
8392 1 1192162 0.75 14.32674191892147
8393 1 1468238 0.75757575 7.073031971231103
8394 1 1095546 0.71428573 15.022302977740765
8395 1 1433073 0.7777778 10.371014010161161
8396 1 1241144 0.7368421 13.486113981343806
8397 1 1609916 0.7368421 13.42943508643657
8398 1 1987769 0.8 13.407788006588817
8399 1 1552586 0.8 12.551520951092243
8400 0 0 0 7.626820006407797
8401 1 1112460 0.82857144 6.817364017479122
8402 1 1303029 0.7222222 9.730649995617568
8403 1 1018350 0.7297297 10.295521933585405
8404 1 1207448 0.7948718 8.581405971199274
8405 1 1482717 0.7777778 13.940779957920313
8406 1 1549895 0.70731705 10.983771062456071
8407 1 1071519 0.71794873 10.049410979263484
8408 1 1552942 0.8095238 11.96819101460278
8409 1 1599109 0.81578946 7.486104033887386
8410 1 1486198 0.77272725 12.498795986175537
8411 1 876061 0.8484849 7.469058036804199
8412 1 156595 0.75757575 8.440887904725969
8413 1 592618 0.75 7.859546924009919
8414 1 1838953 0.8333333 11.243102955631912
8415 1 1177958 0.70731705 13.541982974857092
8416 1 1273031 0.70731705 11.358840973116457
8417 1 1502733 0.75 9.225153946317732
8418 1 140840 0.7894737 13.265848974697292
8419 1 1056035 0.78571427 13.477411936037242
8420 1 1006142 0.7631579 10.884160990826786
8421 1 1635678 0.7647059 8.190925000235438
8422 1 1946077 0.75 12.614756939001381
8423 1 502047 0.7647059 8.598150918260217
8424 1 1549802 0.78125 6.966584944166243
8425 1 1113467 0.8095238 12.611094978637993
8426 1 1158325 0.7777778 8.565669995732605
8427 1 1664086 0.7222222 8.337735082022846
8428 1 1274769 0.7631579 10.953215998597443
8429 1 1613854 0.7352941 7.094988017342985
8430 1 1186459 0.70731705 12.005020980723202
8431 1 1207870 0.80487806 10.935329017229378
8432 1 1075276 0.7941176 7.286828011274338
8433 1 1444520 0.7297297 8.59569909516722
8434 0 0 0 10.233816923573613
8435 1 395478 0.7368421 12.006956967525184
8436 1 611884 0.74418604 14.033903949894011
8437 1 1305299 0.7741935 6.870006094686687
8438 1 2216185 0.72727275 14.091910910792649
8439 0 0 0 11.287168017588556
8440 1 2093772 0.775 11.564736953005195
8441 1 2052497 0.71794873 9.3038430204615
8442 1 1000885 0.7 13.492962927557528
8443 1 1474994 0.7352941 7.133948034606874
8444 1 1464298 0.8181818 6.032402976416051
8445 1 1159552 0.73170733 11.347044026479125
8446 1 1511923 0.74285716 8.367682923562825
8447 1 840889 0.75 10.750293033197522
8448 1 1555681 0.80487806 12.673994991928339
8449 1 1256411 0.71428573 12.059373082593083
8450 1 1662618 0.76744187 13.625934021547437
8451 1 1506975 0.71794873 10.8102320227772
8452 1 973421 0.8 7.881795987486839
8453 1 2295295 0.7777778 12.750559020787477
8454 1 1275578 0.80487806 11.51636301074177
8455 1 1252740 0.74285716 7.711383048444986
8456 1 1096968 0.7708333 14.195961994118989
8457 1 1713115 0.74285716 6.091488990932703
8458 1 2388290 0.8 5.461008055135608
8459 1 1005288 0.7105263 9.270417969673872
8460 1 398411 0.7 8.281642920337617
8461 1 1658904 0.7111111 11.694872984662652
8462 1 1349169 0.82051283 8.446918916888535
8463 1 1214411 0.7647059 4.988964996300638
8464 1 2451434 0.7647059 6.312494981102645
8465 1 543376 0.7894737 7.555245072580874
8466 1 1627555 0.77272725 11.344444006681442
8467 1 1630466 0.75 7.4192340252920985
8468 1 1148021 0.7 7.402895018458366
8469 1 1451973 0.72727275 5.994820035994053
8470 1 1001746 0.8095238 9.516395046375692
8471 1 1711131 0.75 11.778925894759595
8472 1 1333062 0.7714286 7.488552015274763
8473 1 1174452 0.7714286 8.33401596173644
8474 1 833811 0.71428573 7.671974948607385
8475 1 1049360 0.71794873 9.777514962479472
8476 1 1854610 0.76666665 5.913013941608369
8477 1 1118067 0.7647059 5.395225016400218
8478 1 1510819 0.8666667 4.669302958063781
8479 1 1686405 0.7894737 8.733352064155042
8480 1 2074569 0.8 7.776801940053701
8481 1 1586809 0.71794873 9.381399024277925
8482 1 495893 0.74285716 7.788370014168322
8483 1 2371157 0.7837838 9.610957931727171
8484 1 531324 0.7692308 10.191224049776793
8485 1 1574288 0.75 10.16465702559799
8486 1 1252550 0.71428573 6.124901934526861
8487 1 1465448 0.74285716 5.198767990805209
8488 1 903433 0.71428573 6.915873964317143
8489 1 1211356 0.7346939 11.8065100396052
8490 1 563671 0.74285716 6.455810042098165
8491 1 1190202 0.7 12.081408989615738
8492 1 1418534 0.71794873 9.948297985829413
8493 1 421710 0.73170733 11.19107089471072
8494 1 717437 0.75 9.41401591990143
8495 1 1006624 0.7647059 5.9262479189783335
8496 1 601168 0.7692308 7.3706499533727765
8497 1 1065358 0.7567568 6.976658012717962
8498 1 564588 0.7173913 11.752782040275633
8499 1 2282706 0.7878788 8.451738045550883
8500 1 1309159 0.7105263 6.733745103701949
8501 1 463031 0.8 9.343145065940917
8502 1 1438939 0.8 11.762995971366763
8503 1 1488707 0.7647059 5.079577094875276
8504 1 809820 0.7692308 9.944966062903404
8505 1 1881477 0.7567568 7.070415071211755
8506 1 1377943 0.7619048 9.965703007765114
8507 1 461284 0.75757575 6.3813450979068875
8508 1 1570488 0.7906977 9.91932605393231
8509 1 44139 0.7368421 8.763056015595794
8510 1 1453158 0.7692308 7.559458026662469
8511 1 1482400 0.7906977 10.87652100250125
8512 1 1410316 0.75609756 10.894728009589016
8513 1 2075973 0.7083333 11.966520920395851
8514 1 151971 0.73333335 12.159914942458272
8515 1 388469 0.7297297 10.220960946753621
8516 1 1300054 0.7 11.332822032272816
8517 1 1556935 0.7105263 8.50526406429708
8518 1 1676703 0.78571427 3.5271510714665055
8519 1 2378000 0.72727275 5.918095004744828
8520 1 945936 0.78571427 10.829859995283186
8521 1 1270936 0.7692308 10.225094039924443
8522 1 2042494 0.74285716 6.463631987571716
8523 1 1486761 0.75 8.519565919414163
8524 1 2413776 0.76666665 5.5637740297243
8525 1 1009591 0.73170733 10.313590057194233
8526 1 782046 0.75757575 4.936560057103634
8527 1 1616979 0.725 7.312187924981117
8528 1 1452767 0.7058824 6.083940039388835
8529 1 1043827 0.78571427 9.384776931256056
8530 1 2072460 0.80487806 9.115466964431107
8531 1 48633 0.7941176 6.066238973289728
8532 1 1180393 0.75757575 5.322515033185482
8533 1 742788 0.8235294 6.362705025821924
8534 1 1111555 0.7297297 7.170842960476875
8535 1 243529 0.78571427 11.14757708273828
8536 1 648830 0.71428573 8.532965905033052
8537 1 1594557 0.7297297 8.302656002342701
8538 1 1571570 0.7714286 7.834564079530537
8539 1 719120 0.7777778 12.36048899590969
8540 1 42890 0.7619048 9.201032109558582
8541 1 1099580 0.84615386 8.219413924962282
8542 1 2078684 0.72727275 10.340976994484663
8543 1 665422 0.75 7.03001394867897
8544 1 1803619 0.75757575 8.481050026603043
8545 1 655159 0.71428573 6.022916990332305
8546 1 1609785 0.81395346 11.281452956609428
8547 1 991711 0.7222222 9.083430981263518
8548 1 1005352 0.8 8.60149203799665
8549 1 626283 0.78571427 10.260717011988163
8550 1 1615254 0.71794873 9.179740911349654
8551 1 2386788 0.725 8.708923938684165
8552 1 1281931 0.73333335 10.850552003830671
8553 1 1114568 0.775 9.01143706869334
8554 1 626461 0.7297297 8.632321958430111
8555 1 1558142 0.7380952 11.885729967616498
8556 1 440233 0.76744187 11.634705937467515
8557 1 1196790 0.7222222 12.751254951581359
8558 0 0 0 12.742388993501663
8559 1 1120568 0.75510204 13.465309049934149
8560 1 1207719 0.79591835 12.270541046746075
8561 1 601749 0.7446808 14.166856068186462
8562 1 1495564 0.754717 13.73162807431072
8563 1 1107979 0.75510204 14.560600044205785
8564 1 1048150 0.7692308 14.3362459493801
8565 1 1492887 0.8039216 13.860743958503008
8566 1 1267059 0.7446808 12.811307096853852
8567 1 2111401 0.76 12.47076690196991
8568 1 1529680 0.70212764 14.43724101409316
8569 1 654827 0.73333335 12.6587770646438
8570 1 1139333 0.78 14.267600956372917
8571 1 1043130 0.8043478 14.034619904123247
8572 1 1301059 0.7826087 13.625010033138096
8573 1 1061424 0.74509805 14.269404928199947
8574 1 974484 0.80851066 12.91398296598345
8575 1 846458 0.78723407 12.945696013048291
8576 1 1077087 0.75510204 14.157151919789612
8577 1 1483664 0.7708333 12.312713079154491
8578 1 1802573 0.73333335 12.230689986608922
8579 1 662314 0.78571427 10.08456398267299
8580 1 1002422 0.7906977 10.578442947007716
8581 1 1453380 0.7209302 12.138861929997802
8582 1 1650058 0.7647059 12.681082007475197
8583 1 1207035 0.7826087 12.081298977136612
8584 1 983643 0.79545456 12.267971062101424
8585 1 1159607 0.74509805 13.08101904578507
8586 0 0 0 13.901902944780886
8587 1 2064489 0.7234042 12.26053899154067
8588 1 1954987 0.7209302 12.786053004674613
8589 1 1405317 0.82222223 12.958263047039509
8590 1 1626587 0.82608694 13.133954023942351
8591 1 1266774 0.7924528 13.727216981351376
8592 1 1191475 0.754717 13.90994805842638
8593 1 1567017 0.78 12.389309937134385
8594 1 1300961 0.73913044 12.725276988931
8595 1 1117086 0.7346939 12.662676977925003
8596 1 1794113 0.7948718 9.258490055799484
8597 1 2090471 0.7358491 12.707373010925949
8598 1 2075689 0.7307692 12.733147013932467
8599 1 1370208 0.84090906 11.243436019867659
8600 1 1012256 0.71428573 13.066511950455606
8601 1 1223057 0.76086956 12.366098002530634
8602 1 1124876 0.71153843 14.394889934919775
8603 1 1345717 0.75 12.586121098138392
8604 1 1184507 0.7755102 13.990522013045847
8605 0 0 0 11.51234598364681
8606 1 1037577 0.7659575 12.557441950775683
8607 1 1413520 0.74509805 13.605431071482599
8608 1 586189 0.71153843 13.215771992690861
8609 1 560769 0.72727275 12.012706021778286
8610 1 620307 0.7708333 13.752436963841319
8611 1 2027748 0.77272725 12.863585026934743
8612 1 1003804 0.74 13.337208074517548
8613 1 1665947 0.7692308 14.543575933203101
8614 1 1296966 0.7916667 14.543361961841583
8615 1 677264 0.7692308 14.964304980821908
8616 1 1339363 0.7083333 14.822478988207877
8617 1 837390 0.77272725 11.576329939998686
8618 1 1652765 0.7619048 13.504811096936464
8619 1 1138795 0.7708333 13.022150960750878
8620 1 2052308 0.7234042 15.063575003296137
8621 1 1615557 0.7173913 13.344909995794296
8622 1 1199156 0.77272725 12.159021920524538
8623 1 1426988 0.8 12.814835063181818
8624 1 1556475 0.7826087 11.298523982986808
8625 1 2455793 0.7777778 12.044301955029368
8626 1 1502279 0.76 12.976472964510322
8627 1 2174224 0.74 13.746015960350633
8628 1 1010627 0.7346939 14.020247966982424
8629 1 991628 0.7755102 12.412413954734802
8630 1 2035625 0.73170733 13.033741968683898
8631 1 1409602 0.82222223 11.626997031271458
8632 1 562683 0.7291667 13.22801096830517
8633 1 1111709 0.78846157 13.154421001672745
8634 1 1295425 0.78571427 11.477424995973706
8635 1 1575050 0.75 13.534503988921642
8636 1 1289075 0.7916667 12.827484053559601
8637 1 2062520 0.84 12.529651983641088
8638 1 1174968 0.7254902 13.67671205662191
8639 1 1062901 0.7234042 12.22115196287632
8640 1 843569 0.80851066 12.940143002197146
8641 1 1841995 0.75510204 14.139792998321354
8642 1 1192740 0.78431374 13.910557026974857
8643 1 1567885 0.8181818 11.640756973065436
8644 1 492665 0.71428573 12.806694023311138
8645 1 1667201 0.75510204 14.042827999219298
8646 1 1157450 0.78 13.9295170083642
8647 1 1641772 0.78723407 13.826851965859532
8648 1 1047247 0.76086956 12.92186207138002
8649 1 1665377 0.74358976 12.458732002414763
8650 1 1498969 0.825 10.08048397488892
8651 1 817601 0.75 14.043178060092032
8652 1 1129206 0.77272725 14.483645907603204
8653 1 1460093 0.74418604 12.177343014627695
8654 1 1530164 0.74509805 13.491902966052294
8655 1 1592111 0.7446808 12.724725995212793
8656 1 1389458 0.82222223 10.864126961678267
8657 1 1286010 0.79545456 12.73095898795873
8658 1 197422 0.84444445 11.666046921163797
8659 1 636820 0.74509805 12.930094031617045
8660 1 524626 0.7916667 12.613705010153353
8661 1 1041223 0.7647059 13.109671068377793
8662 1 1265248 0.78 13.013891992159188
8663 1 582057 0.8 12.633590959012508
8664 1 1157820 0.7446808 13.199309934861958
8665 1 1058247 0.7209302 12.766113970428705
8666 1 2111593 0.7446808 12.219158932566643
8667 1 1531467 0.7735849 13.697955990210176
8668 1 1785566 0.7777778 13.39026796631515
8669 1 1526736 0.8648649 8.848368073813617
8670 1 922465 0.73333335 12.750815018080175
8671 1 132366 0.7111111 13.357346062548459
8672 1 1260561 0.82222223 11.555018019862473
8673 1 1315175 0.7173913 13.770044082775712
8674 1 2008543 0.7708333 13.882188010029495
8675 1 130017 0.74509805 14.101869892328978
8676 1 810342 0.7818182 13.722338946536183
8677 0 0 0 13.71490303426981
8678 1 1047782 0.71428573 13.74821993522346
8679 1 860721 0.7234042 13.751656981185079
8680 1 1492126 0.7647059 14.339396031573415
8681 1 1538779 0.7173913 13.942264020442963
8682 1 1538779 0.7906977 12.037003063596785
8683 1 1490117 0.7209302 11.539589031599462
8684 1 1134901 0.75 12.653423938900232
8685 1 1170285 0.7254902 13.516120961867273
8686 1 859283 0.7083333 11.734014027751982
8687 1 1624807 0.7755102 13.846549089066684
8688 1 669686 0.7291667 13.823249959386885
8689 1 1614080 0.75 14.677766943350434
8690 1 1663755 0.7254902 14.037259970791638
8691 1 1497551 0.7446808 14.013336971402168
8692 1 471201 0.7254902 14.76826099678874
8693 1 1092795 0.74 13.884183019399643
8694 1 841859 0.75 13.608608045615256
8695 1 1594766 0.7254902 13.421519077382982
8696 1 1624641 0.7631579 10.386092006228864
8697 1 1275823 0.7173913 13.207867974415421
8698 1 826853 0.8181818 10.782063938677311
8699 1 1555469 0.72727275 11.862501967698336
8700 1 1634653 0.7 13.758035958744586
8701 1 1072679 0.75438595 13.812603079713881
8702 1 2093901 0.77272725 12.528036022558808
8703 1 1156667 0.76744187 12.202871032059193
8704 1 1300173 0.82222223 12.243288103491068
8705 1 1928717 0.7619048 12.680960004217923
8706 1 1487948 0.7380952 13.02869594655931
8707 1 1641245 0.78 13.936645002104342
8708 1 1341021 0.8113208 13.768602977506816
8709 1 1428573 0.7916667 12.110676965676248
8710 1 1697386 0.75 12.988163973204792
8711 1 1083472 0.7826087 12.127273017540574
8712 1 1295912 0.75510204 12.80873001087457
8713 1 1610915 0.7777778 12.317402986809611
8714 1 2070366 0.75510204 12.72397895809263
8715 1 1567855 0.78431374 13.73726804740727
8716 1 1078591 0.7111111 13.347587897442281
8717 1 1505395 0.7735849 12.832344975322485
8718 1 618396 0.72727275 12.947826995514333
8719 1 1571376 0.75510204 12.687133043073118
8720 1 2094902 0.7083333 12.882646988146007
8721 1 1630424 0.7777778 14.07005696091801
8722 1 1802718 0.73913044 14.335826970636845
8723 1 1573733 0.7659575 13.458749046549201
8724 1 1268420 0.7708333 13.705917983315885
8725 1 1171767 0.7708333 14.038617024198174
8726 1 1338726 0.7083333 14.643611037172377
8727 1 1143746 0.73170733 12.475076015107334
8728 1 1558414 0.7358491 14.426492969505489
8729 1 834844 0.82978725 12.903045048005879
8730 1 1446478 0.8 12.78218801598996
8731 1 1792012 0.79545456 11.820079991593957
8732 1 1336077 0.81632656 13.01639003213495
8733 1 1450707 0.7659575 13.061746023595333
8734 1 1156677 0.8541667 12.292665080167353
8735 0 0 0 13.725991011597216
8736 1 1117461 0.8181818 13.684493023902178
8737 1 1575366 0.8541667 15.451711020432413
8738 1 1482510 0.7906977 14.513558009639382
8739 1 1284363 0.7708333 14.501572004519403
8740 1 1106824 0.74 16.35645399801433
8741 1 1596719 0.78571427 13.105980935506523
8742 1 1296906 0.7708333 14.025805983692408
8743 1 1180853 0.7708333 16.670722980052233
8744 1 546983 0.76744187 14.207754982635379
8745 1 1063684 0.7692308 14.370672986842692
8746 1 1796677 0.7755102 13.905568979680538
8747 1 1402405 0.8125 14.694877085275948
8748 1 1630780 0.8095238 13.762890012003481
8749 1 2109611 0.71428573 16.7772329878062
8750 1 1612368 0.70212764 15.17316303215921
8751 1 1062294 0.75 13.724470976740122
8752 1 1196803 0.7446808 14.401748077943921
8753 1 1084316 0.78431374 14.744468964636326
8754 1 2093873 0.70212764 14.734158990904689
8755 1 1349290 0.8 12.984588975086808
8756 1 1437505 0.82978725 13.922668993473053
8757 1 1342945 0.7708333 14.9189269868657
8758 1 1435939 0.8 13.948020990937948
8759 1 2363315 0.72 14.10318398848176
8760 1 325349 0.7777778 13.075534021481872
8761 1 1035446 0.7916667 12.612047023139894
8762 1 1011261 0.7818182 13.233224977739155
8763 1 1119692 0.7692308 13.38779996149242
8764 1 1407006 0.7826087 13.450267957523465
8765 1 1442168 0.79545456 12.536805937997997
8766 1 1052101 0.7592593 15.014273929409683
8767 1 549840 0.7708333 15.41972195263952
8768 1 275538 0.8108108 11.858550016768277
8769 1 1482567 0.7826087 16.848359955474734
8770 1 1139395 0.77272725 14.932380057871342
8771 1 1398193 0.7804878 13.328110100701451
8772 1 1010771 0.7254902 15.505420975387096
8773 1 1874237 0.76744187 13.52130703162402
8774 1 441115 0.7173913 15.044191968627274
8775 1 1273268 0.76 15.726733021438122
8776 1 1452973 0.7708333 15.050793997943401
8777 1 1111356 0.81395346 11.948391096666455
8778 1 1566785 0.7755102 14.329698053188622
8779 1 1591752 0.7647059 13.85267497971654
8780 1 980320 0.72727275 12.061652960255742
8781 1 272790 0.7346939 13.823232031427324
8782 1 1010311 0.74418604 12.016503023914993
8783 1 1008372 0.7735849 13.008152018301189
8784 1 1453380 0.7209302 12.405487010255456
8785 1 2083227 0.75 13.453074032440782
8786 1 1252034 0.8604651 12.067128089256585
8787 1 1483786 0.74418604 12.701733969151974
8788 1 535821 0.8113208 13.627207023091614
8789 1 1255261 0.7906977 12.750969966873527
8790 1 1359211 0.8043478 12.74508098140359
8791 1 1478411 0.7777778 12.897007982246578
8792 1 430174 0.725 11.182206915691495
8793 1 981908 0.7592593 12.877983041107655
8794 1 1607345 0.76 13.25303001794964
8795 1 1171919 0.8076923 13.553401920944452
8796 1 1016103 0.73333335 14.042511000297964
8797 1 1149212 0.7234042 13.467713026329875
8798 1 1483762 0.725 12.592463986948133
8799 1 1622056 0.7755102 13.00829101819545
8800 1 1620044 0.7708333 13.33389908540994
8801 1 1821237 0.70212764 14.33680800255388
8802 1 817445 0.7659575 12.491088011302054
8803 1 1070196 0.82222223 12.501235003583133
8804 1 1191899 0.7407407 13.589230016805232
8805 1 1298206 0.7346939 13.358774012885988
8806 1 1153850 0.7755102 12.893759994767606
8807 1 552356 0.8 13.168873963877559
8808 1 1254856 0.7735849 13.328673085197806
8809 1 1447365 0.76744187 12.71481893491
8810 1 1350172 0.75510204 13.496871921233833
8811 1 515951 0.78723407 12.65931990928948
8812 1 842848 0.7346939 13.713800930418074
8813 1 790867 0.78571427 12.984314933419228
8814 1 1619027 0.76744187 12.865609023720026
8815 1 129687 0.7234042 14.41022998187691
8816 1 1185099 0.7619048 11.594119016081095
8817 1 2091534 0.75 13.869174988940358
8818 1 823239 0.7346939 13.628902030177414
8819 1 1064694 0.73333335 13.15960695501417
8820 1 1576207 0.7708333 13.08524003252387
8821 1 1170390 0.7358491 13.764886069111526
8822 1 1240429 0.7619048 11.695723049342632
8823 1 1290211 0.80851066 13.705748016946018
8824 1 262996 0.7446808 13.84369598235935
8825 1 1500894 0.84090906 12.13644607923925
8826 1 1554378 0.74 14.126354013569653
8827 1 1472201 0.74 14.578337082639337
8828 1 1283967 0.7111111 13.812966062687337
8829 1 2088966 0.78571427 14.480357989668846
8830 1 1514279 0.8076923 13.692567008547485
8831 1 627270 0.74509805 14.331863960251212
8832 1 1894923 0.79545456 12.779698939993978
8833 1 1495760 0.7647059 13.990454957820475
8834 1 1381970 0.7826087 11.729990015737712
8835 1 1094359 0.78571427 10.065576061606407
8836 1 1268037 0.76086956 12.213899055495858
8837 1 2087577 0.71153843 13.574818964116275
8838 1 1428725 0.7708333 13.696898939087987
8839 1 1083802 0.84444445 10.30693098437041
8840 1 1821137 0.74 14.256690046750009
8841 1 1062589 0.76086956 12.845182092860341
8842 1 1086613 0.7916667 13.205336057581007
8843 1 1478864 0.7307692 13.543051900342107
8844 1 1193555 0.8043478 13.068350963294506
8845 1 1159141 0.8125 12.066833907738328
8846 1 1470878 0.75 13.546179980039597
8847 1 1068126 0.7777778 11.657607974484563
8848 1 1090109 0.75 12.659051921218634
8849 1 1504375 0.75 11.48559502325952
8850 1 1405346 0.7254902 13.099645031616092
8851 1 592858 0.7826087 11.551299947313964
8852 1 1500930 0.775 11.242163949646056
8853 1 1007660 0.7777778 12.952469056472182
8854 1 1289617 0.84615386 12.32499594334513
8855 1 1542913 0.76 13.240996049717069
8856 1 1251504 0.82 11.914072092622519
8857 1 1173715 0.75 12.751311995089054
8858 1 658092 0.78 13.289775000885129
8859 1 1461633 0.73913044 13.095657923258841
8860 1 1229310 0.76 13.127016951330006
8861 1 1165292 0.76086956 12.734992080368102
8862 1 640257 0.74418604 13.364288955926895
8863 1 1730962 0.76744187 12.237461050972342
8864 1 1093845 0.74509805 13.222369947470725
8865 1 731267 0.82222223 11.69198495335877
8866 1 772437 0.7346939 12.960064108483493
8867 1 1408003 0.7380952 12.98448909074068
8868 1 1072949 0.8269231 12.806997983716428
8869 1 1496802 0.76 12.730933027341962
8870 1 1440444 0.82 12.477846001274884
8871 1 2416071 0.7735849 12.479537050239742
8872 1 2048404 0.75510204 11.789081036113203
8873 1 1499561 0.7659575 12.004105024971068
8874 1 1550806 0.71929824 13.491087011061609
8875 1 1652848 0.7307692 12.81468803063035
8876 1 1406602 0.80851066 12.290187063626945
8877 1 1231763 0.7254902 12.718246085569263
8878 1 1950983 0.77272725 10.678327991627157
8879 1 2453891 0.8043478 12.868569931015372
8880 1 1590810 0.78846157 14.227765961550176
8881 1 1060597 0.72 13.891212991438806
8882 1 1504132 0.7708333 12.758835917338729
8883 1 1413476 0.82978725 12.081608991138637
8884 1 1156589 0.72727275 13.20305501576513
8885 1 1504638 0.7446808 13.408463913947344
8886 1 1336308 0.7380952 11.75532303750515
8887 1 1435985 0.7647059 13.254372985102236
8888 1 1089538 0.7647059 12.958689942024648
8889 1 1463709 0.71428573 12.843229924328625
8890 1 1419728 0.7291667 11.555560980923474
8891 1 2359662 0.7916667 12.150618014857173
8892 1 462211 0.7708333 12.674366938881576
8893 1 1554592 0.7037037 13.158694957382977
8894 1 1253339 0.75555557 12.478507007472217
8895 1 1445525 0.8181818 11.445009033195674
8896 1 1518290 0.7735849 12.721819919534028
8897 1 1278607 0.7619048 11.540457024239004
8898 1 1126724 0.73333335 12.858989997766912
8899 1 1027473 0.73913044 13.049365021288395
8900 1 1799832 0.78846157 12.317475979216397
8901 1 1451499 0.7222222 13.282378087751567
8902 1 1843503 0.75510204 12.827551923692226
8903 1 1131559 0.7916667 11.56218396499753
8904 1 2434042 0.7234042 10.751071036793292
8905 1 1035741 0.78 12.637912994250655
8906 1 2119543 0.7619048 10.514767025597394
8907 1 1069768 0.80851066 12.472348054870963
8908 1 1627409 0.7058824 13.872959068976343
8909 1 494684 0.75 13.116789981722832
8910 1 1455491 0.82222223 11.392074986360967
8911 1 1016690 0.7735849 12.996215955354273
8912 1 1014872 0.78846157 12.85229402128607
8913 1 1573534 0.72727275 12.343467096798122
8914 1 1035137 0.7647059 13.011647970415652
8915 1 1298597 0.7446808 13.610932976007462
8916 1 876411 0.8125 12.301990995183587
8917 1 1203739 0.79591835 12.58260803297162
8918 1 1446317 0.82222223 11.745309922844172
8919 1 1168716 0.76744187 11.885849060490727
8920 0 0 0 11.078965035267174
8921 0 0 0 12.860135990194976
8922 1 1360599 0.82608694 12.633342994377017
8923 1 1761134 0.7111111 12.197297066450119
8924 1 1622291 0.7058824 13.591805007308722
8925 1 1478668 0.75 12.973355944268405
8926 1 1446081 0.75510204 13.127897051163018
8927 1 959528 0.7592593 13.898867066018283
8928 1 988926 0.7307692 12.948652962222695
8929 1 1205998 0.7291667 14.583311043679714
8930 1 1463496 0.7755102 14.362990041263402
8931 1 587189 0.7619048 12.245073914527893
8932 1 1511844 0.7777778 13.593386043794453
8933 1 1611428 0.7826087 12.709340080618858
8934 1 1007133 0.76 12.710988987237215
8935 1 1504935 0.7307692 13.84353800676763
8936 1 1400209 0.7826087 12.181838043034077
8937 1 1118162 0.7291667 12.41222198586911
8938 1 1498999 0.7692308 12.701187981292605
8939 1 2047811 0.78 12.730134068988264
8940 1 1243390 0.7307692 13.229912961833179
8941 1 1560850 0.74 12.897337903268635
8942 1 1547703 0.8043478 10.832197964191437
8943 1 1631263 0.78723407 12.690445990301669
8944 1 741875 0.72 12.901991023682058
8945 1 1850598 0.7346939 12.544206925667822
8946 1 842761 0.7291667 11.953957960940897
8947 1 1298141 0.7692308 10.340946028009057
8948 1 1435866 0.8039216 12.479726923629642
8949 1 1377912 0.7659575 12.29591597802937
8950 1 1155453 0.75 12.810898013412952
8951 1 1183815 0.79545456 11.017214972525835
8952 1 1294001 0.76086956 13.44998402055353
8953 1 2094533 0.71153843 13.864084030501544
8954 1 1361749 0.8604651 11.904385988600552
8955 1 2070164 0.7291667 12.136799050495028
8956 1 1662519 0.8 10.304633993655443
8957 1 1182924 0.75 13.279305072501302
8958 1 1565676 0.8333333 12.457808945327997
8959 1 1116454 0.7916667 12.752861017361283
8960 1 2110302 0.76086956 13.226634007878602
8961 1 2088614 0.72727275 14.059862005524337
8962 1 2340943 0.7380952 11.859533959068358
8963 1 1167369 0.75 12.495697010308504
8964 1 805077 0.7291667 13.03913607262075
8965 1 1490563 0.75 12.97249598428607
8966 1 1188370 0.75 13.68954498320818
8967 1 2346318 0.74509805 12.63400400057435
8968 0 0 0 13.289496069774032
8969 1 1062072 0.825 10.158727993257344
8970 1 1098512 0.7291667 12.82212301157415
8971 1 1431920 0.79545456 11.892752954736352
8972 1 1147095 0.7962963 12.510490021668375
8973 1 1408601 0.7692308 12.78297498356551
8974 1 1595041 0.7755102 13.244178029708564
8975 1 1897076 0.7169811 13.74852191656828
8976 1 1203549 0.8043478 11.60979294218123
8977 1 1572389 0.78 12.929302989505231
8978 1 1032770 0.76 12.891034013591707
8979 1 1195142 0.79545456 11.244295979849994
8980 1 1425278 0.7777778 13.212922029197216
8981 1 1400844 0.85 8.837300003506243
8982 1 580237 0.7619048 10.642710025422275
8983 1 1092048 0.71428573 12.848093989305198
8984 1 639139 0.7659575 13.308994006365538
8985 1 1113097 0.7446808 12.937247985973954
8986 1 1059491 0.76086956 11.45634800195694
8987 1 2089604 0.8 12.474979041144252
8988 1 2052580 0.79545456 11.82650402188301
8989 1 1591431 0.7291667 12.781218043528497
8990 1 1506892 0.7173913 11.292911018244922
8991 1 1053156 0.78431374 12.419772916473448
8992 1 1382472 0.75 13.04657501168549
8993 1 1031638 0.78431374 12.666705995798111
8994 1 626865 0.7755102 12.364763068035245
8995 1 1010949 0.7083333 12.855351087637246
8996 1 1454964 0.73333335 12.678039027377963
8997 0 0 0 13.6712989769876
8998 1 1473279 0.76 13.179500005207956
8999 1 1575241 0.8125 11.679072980768979
9000 1 1511044 0.7413793 13.378183939494193
9001 1 1292162 0.7708333 13.366951025091112
9002 1 629313 0.75 12.313245912082493
9003 1 1001053 0.7777778 13.17799894604832
9004 1 1294145 0.7173913 13.000610982999206
9005 1 1624936 0.7619048 12.300787027925253
9006 1 1419765 0.72727275 13.490671990439296
9007 1 1742765 0.7037037 13.847765978425741
9008 1 1047176 0.7708333 13.193654012866318
9009 1 1146415 0.7948718 9.802759042941034
9010 1 1518260 0.71153843 13.934739050455391
9011 1 1255659 0.76 12.833000044338405
9012 1 1415752 0.75 12.353836093097925
9013 1 1058773 0.8 12.889940990135074
9014 1 1585365 0.72 13.01463192794472
9015 1 672866 0.74418604 12.576242908835411
9016 1 1603866 0.7111111 12.917758896946907
9017 1 1445230 0.7380952 11.473322985693812
9018 1 1553731 0.78 12.32146704569459
9019 1 1488023 0.7755102 12.423837906681001
9020 1 2021571 0.80851066 12.267938000150025
9021 1 989947 0.82 13.903886079788208
9022 1 1407223 0.7380952 11.064163991250098
9023 1 1109918 0.71153843 12.74511101655662
9024 1 1652602 0.8181818 11.103586060926318
9025 1 1130546 0.75 12.83659297041595
9026 1 1445126 0.78846157 14.76290205027908
9027 1 1609719 0.7111111 16.65215694811195
9028 1 2041356 0.77272725 16.13988494500518
9029 1 1592108 0.8076923 17.347382032312453
9030 1 1071632 0.81395346 14.844714081846178
9031 1 1418739 0.73913044 16.6271940106526
9032 1 1022006 0.7358491 14.551515108905733
9033 1 525370 0.7209302 13.245936017483473
9034 1 1586767 0.82222223 13.43607495073229
9035 1 2090558 0.76086956 13.265057001262903
9036 1 1167638 0.75 14.088065014220774
9037 1 1319547 0.71153843 14.875354012474418
9038 1 1607060 0.79545456 12.885569944046438
9039 1 989983 0.75 15.714142937213182
9040 1 1664861 0.71428573 15.938080032356083
9041 1 1174394 0.78723407 14.35573201160878
9042 1 1402710 0.7346939 14.266113983467221
9043 1 1144370 0.74 14.442458050325513
9044 1 2093865 0.7592593 14.054046012461185
9045 1 1405695 0.76086956 12.912678066641092
9046 1 2106524 0.7592593 13.32348003052175
9047 1 2089417 0.754717 14.373965095728636
9048 1 1608492 0.84444445 12.46855896897614
9049 1 2071123 0.78 13.504208996891975
9050 1 1087170 0.7380952 13.354672002606094
9051 1 1209323 0.72727275 12.539981049485505
9052 1 570957 0.80487806 11.690323008224368
9053 1 1133250 0.75438595 13.533529941923916
9054 1 1533470 0.7346939 13.953908928669989
9055 1 1610370 0.8 11.852334951981902
9056 1 1242234 0.7457627 12.270895997062325
9057 1 1984381 0.72727275 12.800561031326652
9058 0 0 0 13.045620056800544
9059 1 1611286 0.78846157 12.594202067703009
9060 1 1516084 0.8039216 13.163605937734246
9061 1 1437573 0.8035714 12.819580966606736
9062 1 1113218 0.71428573 13.31087399739772
9063 1 621492 0.76666665 11.850783019326627
9064 1 823367 0.7846154 11.883019004017115
9065 1 1798222 0.78688526 12.893041945062578
9066 1 1177599 0.7096774 14.067073003388941
9067 1 1055971 0.71666664 14.72213095985353
9068 1 1118230 0.76785713 13.585133012384176
9069 1 1113161 0.74545455 12.724841944873333
9070 1 1413200 0.7758621 13.371236040256917
9071 1 1363381 0.7288136 13.011364033445716
9072 1 1632061 0.7647059 14.594417065382004
9073 1 1501851 0.8035714 13.308527995832264
9074 1 1559380 0.76363635 13.07401095982641
9075 1 1044795 0.7586207 14.083279063925147
9076 1 1096652 0.8103448 13.738849083893001
9077 1 1502192 0.71428573 15.38724999409169
9078 1 1675048 0.7222222 13.559978920966387
9079 1 841347 0.73770493 12.413945980370045
9080 1 1630097 0.7307692 13.587330002337694
9081 1 498137 0.7826087 13.558414997532964
9082 1 224358 0.7924528 14.557929942384362
9083 1 2216185 0.74 14.19883593916893
9084 1 1100108 0.80701756 14.205981977283955
9085 1 1267474 0.85714287 12.527710059657693
9086 1 1965588 0.7818182 14.537952025420964
9087 1 853239 0.81632656 14.889407902956009
9088 1 1033358 0.75 13.189596007578075
9089 1 1609638 0.82 13.741447008214891
9090 1 1293742 0.7818182 15.22741501685232
9091 1 1523744 0.78333336 13.541391002945602
9092 1 1170735 0.71929824 13.510177028365433
9093 1 1963898 0.7894737 14.222893980331719
9094 1 1392671 0.7627119 15.611662995070219
9095 1 126879 0.7741935 14.83748306054622
9096 1 1471943 0.7777778 13.725389959290624
9097 1 1517146 0.7758621 13.118556002154946
9098 1 1520724 0.7962963 13.65225703921169
9099 1 1170534 0.74 14.409412979148328
9100 1 1442741 0.7413793 12.82148901373148
9101 1 991586 0.76785713 12.8166270442307
9102 1 1296530 0.80701756 13.313709991052747
9103 1 1634926 0.7368421 12.945287977345288
9104 1 1574023 0.7254902 13.680192059837282
9105 1 1577040 0.7586207 12.612088001333177
9106 1 1492805 0.7647059 14.231207896955311
9107 1 1479562 0.71153843 13.548893039114773
9108 1 1471913 0.76 13.598209945484996
9109 1 1380549 0.71929824 13.213038095273077
9110 1 1064637 0.7592593 13.807037030346692
9111 1 1103338 0.7894737 12.113817036151886
9112 1 1036569 0.7704918 13.738351059146225
9113 1 835119 0.7627119 12.573591084219515
9114 1 1036910 0.7719298 12.184074032120407
9115 1 1609029 0.73214287 12.741143931634724
9116 1 1445690 0.8490566 12.482548947446048
9117 1 1664463 0.7777778 13.568372000008821
9118 1 1612157 0.73333335 13.498732005245984
9119 1 1668203 0.8039216 13.630305067636073
9120 1 1091985 0.71428573 12.54229003097862
9121 1 1649814 0.8035714 12.218503979966044
9122 1 1622895 0.72727275 13.927349937148392
9123 1 1174877 0.7580645 12.662854976952076
9124 1 1503815 0.7966102 13.146539917215705
9125 1 1614510 0.8367347 13.70114297606051
9126 1 1649762 0.7719298 14.279639930464327
9127 1 1621518 0.75 13.594943913631141
9128 1 826213 0.8035714 13.46628402825445
9129 1 1063363 0.78571427 12.819802039302886
9130 1 1520604 0.7966102 13.999494956806302
9131 1 1409637 0.7647059 13.82035098504275
9132 1 1159237 0.80701756 13.477834989316761
9133 1 1595852 0.754717 15.715980902314186
9134 1 962807 0.7735849 16.54447300825268
9135 1 2085452 0.7818182 17.288173898123205
9136 1 1616165 0.7592593 17.424738965928555
9137 1 1464867 0.7368421 16.92546298727393
9138 1 1019956 0.754717 17.080705030821264
9139 1 1141682 0.7777778 16.83258102275431
9140 1 1419755 0.79310346 15.843868954107165
9141 1 1471164 0.8 16.116237035021186
9142 1 1508695 0.7368421 14.554055989719927
9143 1 1541825 0.8235294 15.871668001636863
9144 1 1628148 0.78571427 15.856869984418154
9145 1 1301126 0.75 15.842018066905439
9146 1 1627256 0.7619048 14.010022045113146
9147 1 1403826 0.7241379 16.528846928849816
9148 1 1254785 0.7735849 15.961647033691406
9149 1 1196998 0.7222222 15.799414017237723
9150 1 1621451 0.73214287 17.499800072982907
9151 1 2042885 0.7592593 14.774387003853917
9152 1 1178275 0.78333336 13.131199055351317
9153 1 1021657 0.8 12.439841055311263
9154 1 2047810 0.7457627 12.296878965571523
9155 1 2022395 0.74545455 13.446980039589107
9156 1 1071447 0.7037037 15.108990017324686
9157 1 1662738 0.8148148 13.637272990308702
9158 1 1003303 0.75 13.481018017046154
9159 1 856156 0.7924528 14.045171905308962
9160 1 1424682 0.7719298 14.010195969603956
9161 1 1611648 0.7818182 15.389111009426415
9162 1 1418001 0.7368421 14.360789908096194
9163 1 1552973 0.7818182 14.345551026053727
9164 1 1409135 0.7358491 15.186749980784953
9165 1 1917865 0.7735849 14.912297949194908
9166 1 1144885 0.79310346 14.111729920841753
9167 1 1852719 0.7818182 14.088583993725479
9168 1 1532350 0.7719298 14.090294018387794
9169 1 92412 0.71929824 13.51933495607227
9170 1 1143420 0.73214287 13.95716902334243
9171 1 1038744 0.7704918 13.52305500768125
9172 1 1471594 0.78333336 12.135067954659462
9173 1 1169769 0.80701756 13.103506993502378
9174 1 1054415 0.8039216 12.67393701709807
9175 1 1850635 0.7592593 12.996971025131643
9176 1 1121395 0.73770493 12.477823067456484
9177 1 998705 0.7592593 12.789972010068595
9178 1 1097311 0.78333336 11.823646957054734
9179 1 1300636 0.7407407 13.06821103207767
9180 1 1150878 0.78688526 12.073190999217331
9181 1 1151678 0.7457627 12.434949050657451
9182 1 1342850 0.7962963 13.904331950470805
9183 1 1341088 0.78688526 12.316520093008876
9184 1 1163101 0.7580645 13.062848011031747
9185 1 1155183 0.7586207 14.177137054502964
9186 1 1081325 0.7413793 13.799056061543524
9187 1 1416288 0.8035714 12.12013396434486
9188 1 1525351 0.7755102 12.864241958595812
9189 1 1976076 0.74545455 13.109000981785357
9190 1 1130081 0.7903226 12.349457014352083
9191 1 852574 0.73770493 10.948612936772406
9192 1 1627086 0.72727275 12.933265999890864
9193 1 1467090 0.84745765 11.677540955133736
9194 1 1668203 0.78431374 13.0007469560951
9195 1 535718 0.7307692 12.979408027604222
9196 1 2045557 0.7407407 12.614734005182981
9197 1 862908 0.7627119 11.854539974592626
9198 1 1191559 0.8196721 11.936941999010742
9199 1 1383539 0.754717 14.095779042690992
9200 1 1494374 0.80701756 12.847753008827567
9201 1 1180686 0.7924528 12.740170932374895
9202 1 2109210 0.74545455 12.787467916496098
9203 1 1114681 0.8360656 11.646183906123042
9204 1 1796640 0.80701756 11.801882996223867
9205 1 1416382 0.8 13.243425055406988
9206 1 989041 0.8269231 13.217512983828783
9207 1 1612502 0.73015875 11.527798022143543
9208 1 1445726 0.7592593 13.172123930417001
9209 1 1234166 0.7586207 12.439879006706178
9210 1 1019542 0.71666664 12.28940999135375
9211 1 1637036 0.8 13.290639035403728
9212 1 1069498 0.7719298 12.135280994698405
9213 1 1024735 0.7288136 12.8284270176664
9214 1 1090083 0.7704918 13.200839050114155
9215 1 1141585 0.8301887 13.839396997354925
9216 1 1044950 0.7358491 13.168387929908931
9217 1 1343890 0.7894737 13.444559997878969
9218 1 702114 0.8269231 12.927595060318708
9219 1 1004027 0.73214287 12.773455935530365
9220 1 1167005 0.74545455 13.099251897074282
9221 1 1016422 0.8245614 11.593059985898435
9222 1 1085717 0.7241379 12.252310058102012
9223 1 1481100 0.71153843 14.574575005099177
9224 1 994223 0.71428573 13.06037395261228
9225 1 1440223 0.7818182 13.414580025710166
9226 1 2075407 0.7719298 12.685072026215494
9227 1 1332578 0.72131145 13.686483027413487
9228 1 1402271 0.76785713 14.16566502302885
9229 1 2346544 0.7777778 13.021925929933786
9230 0 0 0 12.119163060560822
9231 1 1303023 0.754717 14.263044926337898
9232 1 1602759 0.7288136 11.853263014927506
9233 1 1561749 0.8035714 12.266275007277727
9234 1 1491403 0.7704918 11.937201023101807
9235 1 1549977 0.779661 13.301832019351423
9236 1 1052919 0.7118644 13.0100860260427
9237 1 1407029 0.7592593 12.854730011895299
9238 1 1384464 0.7924528 12.693119933828712
9239 1 1953562 0.71666664 13.30302795395255
9240 1 1506662 0.73770493 12.187027023173869
9241 1 1501436 0.75 12.995122000575066
9242 1 1110472 0.75 12.892441009171307
9243 1 1795009 0.75438595 13.177382992580533
9244 1 1436901 0.7777778 12.635026010684669
9245 1 1404576 0.8135593 12.44826102629304
9246 1 1798030 0.78333336 12.83129898365587
9247 1 1335588 0.8214286 12.655931990593672
9248 1 1021611 0.7777778 13.424191041849554
9249 1 714554 0.8245614 13.309364905580878
9250 1 1008870 0.7358491 12.977666105143726
9251 1 1189668 0.7419355 12.067483039572835
9252 1 1213411 0.7258065 11.893093935213983
9253 1 1637588 0.78431374 13.764271046966314
9254 1 1047909 0.72727275 12.595647014677525
9255 1 1975779 0.75 12.965467991307378
9256 1 1293640 0.7586207 10.910516022704542
9257 1 1228096 0.78333336 12.042034999467432
9258 1 1489938 0.76 13.034777017310262
9259 1 2033718 0.8076923 12.782110017724335
9260 1 1486923 0.7962963 12.807363993488252
9261 1 1210042 0.7692308 12.7011010190472
9262 1 1063930 0.7241379 12.080995016731322
9263 1 1468292 0.75 12.738115037791431
9264 1 981740 0.7592593 12.550604064017534
9265 1 733994 0.7358491 13.415866065770388
9266 1 399582 0.7818182 12.426316970959306
9267 1 1530643 0.75384617 11.447489028796554
9268 1 1607172 0.7894737 12.122169020585716
9269 1 1077094 0.8 12.599940062500536
9270 1 2138018 0.74545455 12.949459021911025
9271 1 1459013 0.8245614 12.084519024938345
9272 1 1983872 0.8148148 13.393913977779448
9273 1 1133941 0.7407407 13.479902991093695
9274 1 164537 0.75 14.600662980228662
9275 1 1093480 0.71428573 13.931237976066768
9276 1 1275936 0.79310346 12.860788963735104
9277 1 1036865 0.7647059 14.16155498009175
9278 1 1420647 0.8269231 13.933497946709394
9279 1 1282420 0.76785713 12.750169960781932
9280 1 1528576 0.71929824 14.125442947261035
9281 1 1728947 0.7586207 13.343580067157745
9282 1 1102935 0.79310346 13.66906997282058
9283 1 1047642 0.7627119 12.682296917773783
9284 1 1865792 0.78431374 13.998210080899298
9285 1 1213299 0.7592593 13.899688026867807
9286 1 1556419 0.7777778 12.793873087503016
9287 1 1366301 0.7627119 13.223816989921033
9288 1 964742 0.7368421 13.201056979596615
9289 1 1044367 0.76363635 13.827621005475521
9290 1 2097186 0.7777778 13.787135016173124
9291 1 1373165 0.7288136 12.753930990584195
9292 1 987568 0.7735849 13.479626039043069
9293 1 1485196 0.754717 12.880094000138342
9294 1 1073153 0.72131145 13.362987083382905
9295 1 1629854 0.8541667 13.288713991641998
9296 1 1571944 0.7719298 13.410366023890674
9297 1 2347158 0.75 13.4295440511778
9298 1 1612348 0.76785713 12.646908988244832
9299 1 1449392 0.8333333 11.561108054593205
9300 1 1109115 0.7457627 11.829352006316185
9301 1 2260453 0.7222222 13.179241097532213
9302 1 1131787 0.8333333 11.937332921661437
9303 1 1078913 0.7288136 12.483390048146248
9304 1 1021964 0.7118644 13.05321604013443
9305 1 281002 0.7777778 12.210255023092031
9306 1 1433945 0.7586207 12.422336032614112
9307 1 1144883 0.7758621 12.884810101240873
9308 1 1299566 0.76785713 12.97232392244041
9309 1 1608633 0.7647059 13.489750912413001
9310 1 1524205 0.7924528 12.539281975477934
9311 1 671177 0.75 12.431108974851668
9312 1 1049941 0.70689654 12.335516978055239
9313 1 1325834 0.78571427 13.113068998791277
9314 1 333008 0.7894737 12.193334987387061
9315 1 632191 0.7708333 12.677133083343506
9316 1 1651443 0.71428573 12.489504064433277
9317 1 1516335 0.8039216 13.397415983490646
9318 1 1565292 0.7735849 13.933134032413363
9319 1 1192267 0.7254902 13.634882983751595
9320 1 1722963 0.7017544 12.708315043710172
9321 1 1167591 0.7719298 12.398160994052887
9322 1 1632243 0.75409836 11.673563974909484
9323 1 1097154 0.8269231 13.54731700848788
9324 1 533724 0.7916667 13.675722060725093
9325 1 1203837 0.84615386 12.097432976588607
9326 1 1570397 0.8367347 11.848162044771016
9327 1 1486675 0.7966102 11.770193930715322
9328 1 1455862 0.8448276 11.301385005936027
9329 1 1302506 0.7407407 11.655990965664387
9330 1 827684 0.7592593 12.759411940351129
9331 1 1492888 0.78571427 11.915726005099714
9332 1 1029856 0.7413793 13.677696930244565
9333 1 1065267 0.71428573 14.211527071893215
9334 1 1346366 0.78333336 12.08199595566839
9335 1 1532032 0.7619048 12.005495955236256
9336 1 1501827 0.75409836 12.190959067083895
9337 1 1133021 0.75409836 11.99801405891776
9338 1 1525157 0.7619048 11.65880891494453
9339 1 1284557 0.7719298 13.035952113568783
9340 1 2082820 0.76785713 13.76474997960031
9341 0 0 0 15.230415971018374
9342 1 1477659 0.75 14.055885025300086
9343 1 1506343 0.8135593 12.089202995412052
9344 1 1237044 0.8301887 12.572058942168951
9345 1 1184551 0.8076923 12.808045954443514
9346 1 1350168 0.8 13.30283295828849
9347 1 1794327 0.7647059 15.104542952030897
9348 1 1516142 0.8 15.193951083347201
9349 1 1286998 0.7258065 14.564417069777846
9350 1 1418712 0.7307692 16.562330070883036
9351 1 770622 0.82 15.874376054853201
9352 1 1227364 0.7818182 14.676615013740957
9353 1 1050559 0.7894737 14.462373103015125
9354 1 1500517 0.7647059 16.45959191955626
9355 1 2089343 0.76 15.111900051124394
9356 1 1752345 0.8301887 14.02330701239407
9357 1 1344005 0.7692308 14.121024054475129
9358 1 1626229 0.7735849 14.683812973089516
9359 1 1120242 0.8 14.12078202702105
9360 1 1410600 0.78571427 13.37160193361342
9361 1 989494 0.74509805 14.733553980477154
9362 1 1617952 0.7627119 13.47411295864731
9363 1 1094447 0.75 13.369828928261995
9364 1 1971023 0.80701756 14.15775204077363
9365 1 1641267 0.73214287 13.85378499981016
9366 1 1357261 0.7777778 13.104883953928947
9367 1 1796790 0.7777778 13.850342016667128
9368 1 1466244 0.83928573 13.666615006513894
9369 1 2107677 0.7222222 14.514848007820547
9370 1 1101921 0.78688526 12.767718988470733
9371 1 1524944 0.7758621 12.584623997099698
9372 1 1475238 0.734375 11.571543058380485
9373 1 1547987 0.7924528 13.233082019723952
9374 1 1063280 0.7413793 13.784885057248175
9375 1 1118754 0.7288136 12.27520196698606
9376 1 1453661 0.7924528 12.615637970156968
9377 1 1649756 0.75 12.811988010071218
9378 1 1973450 0.754717 12.785344035364687
9379 1 1951938 0.8181818 13.290184899233282
9380 1 1460494 0.7735849 13.718248927034438
9381 1 1474798 0.7169811 14.684995985589921
9382 1 1496572 0.73214287 13.549403054639697
9383 1 1302180 0.704918 13.48244899418205
9384 1 1448425 0.76666665 13.176489039324224
9385 1 1272259 0.81632656 13.936493080109358
9386 1 1062164 0.73134327 12.37238198518753
9387 1 1267842 0.7719298 12.29030906688422
9388 1 1170597 0.76785713 12.546492042019963
9389 1 1423919 0.79310346 11.777279083617032
9390 1 1683672 0.7090909 12.936399085447192
9391 1 1665722 0.7777778 12.239972013048828
9392 1 1132258 0.7924528 12.326115975156426
9393 1 1191138 0.7457627 12.566777062602341
9394 1 1512030 0.7291667 14.662986039184034
9395 1 998118 0.8545455 13.259200961329043
9396 1 1086137 0.7777778 14.3504609586671
9397 1 807296 0.71666664 13.625707942992449
9398 1 1463463 0.78846157 14.2779559828341
9399 1 857571 0.7586207 14.466335996985435
9400 1 1651875 0.754717 13.544991030357778
9401 1 1481055 0.7592593 13.517439016140997
9402 1 1525050 0.7358491 13.574004988186061
9403 1 1591252 0.7924528 13.341749086976051
9404 1 1207366 0.8 11.732974089682102
9405 1 719130 0.7096774 12.506527011282742
9406 1 1607236 0.754717 13.229071046225727
9407 1 625487 0.7288136 12.468867003917694
9408 1 1003678 0.7741935 11.627091909758747
9409 1 1021376 0.79310346 11.352186906151474
9410 1 1873108 0.71666664 13.407579041086137
9411 1 1099344 0.8245614 13.51713901385665
9412 1 1622627 0.8181818 12.73429102730006
9413 1 1201203 0.7457627 13.320327969267964
9414 1 1624387 0.8148148 12.248403043486178
9415 1 1432972 0.78571427 12.657633982598782
9416 1 1255243 0.78688526 11.85532205272466
9417 1 1461127 0.7586207 11.738155037164688
9418 1 1521485 0.76363635 13.93173506949097
9419 1 1613964 0.75 14.160985010676086
9420 1 1256245 0.8333333 12.622926966287196
9421 1 1074361 0.73214287 14.274107059463859
9422 1 224358 0.8 12.311093974858522
9423 1 636146 0.7627119 12.225892045535147
9424 1 1205468 0.7818182 13.324211002327502
9425 1 1717269 0.8035714 12.088963063433766
9426 1 1607394 0.74 13.15140607766807
9427 1 1473245 0.7592593 12.735620024614036
9428 1 1615947 0.7592593 12.742232996970415
9429 1 1591888 0.7241379 11.764075956307352
9430 1 224034 0.734375 11.142757022753358
9431 1 1281876 0.7777778 11.476429994218051
9432 1 1567114 0.8214286 11.941488948650658
9433 1 1409421 0.7692308 13.152571045793593
9434 1 1326041 0.7777778 12.90630898438394
9435 1 191180 0.74509805 13.277590973302722
9436 1 1180771 0.78431374 14.433264965191483
9437 1 1086466 0.7592593 12.632582918740809
9438 1 2415549 0.7222222 12.700522900559008
9439 1 2091149 0.7708333 12.658452964387834
9440 1 1793928 0.72131145 12.509291991591454
9441 1 981314 0.78571427 13.215516926720738
9442 1 2089990 0.7592593 13.386306934989989
9443 1 1021030 0.75 11.769408010877669
9444 1 1476102 0.7647059 13.487030984833837
9445 1 1986912 0.7222222 12.563002994284034
9446 1 1005396 0.8301887 12.999931001104414
9447 1 1152288 0.7966102 12.376789003610611
9448 1 1046313 0.76 14.106536051258445
9449 1 1163801 0.7096774 11.718983994796872
9450 0 0 0 12.701280997134745
9451 1 818343 0.7741935 12.240885989740491
9452 1 1011668 0.74545455 12.818285031244159
9453 1 1082918 0.7076923 12.345103896223009
9454 1 1555135 0.7894737 12.681232998147607
9455 0 0 0 13.812773977406323
9456 1 1484526 0.76785713 11.781580047681928
9457 1 1448019 0.8 11.524423025548458
9458 1 1438474 0.83928573 12.172300019301474
9459 1 1038233 0.7818182 12.449512956663966
9460 1 1361899 0.74545455 12.876919005066156
9461 1 1612889 0.7413793 12.221268028952181
9462 1 1006047 0.7457627 12.405502959154546
9463 1 1525653 0.7457627 12.18019099906087
9464 1 1285646 0.7368421 13.896419084630907
9465 1 1344525 0.8269231 13.017704943194985
9466 1 1623597 0.8113208 13.080193079076707
9467 1 2416071 0.75 14.454855001531541
9468 1 1485052 0.78333336 12.618600041605532
9469 1 829442 0.7258065 12.569558923132718
9470 1 1203448 0.75384617 11.780231026932597
9471 1 1543155 0.7586207 12.91271101217717
9472 1 1609397 0.84 13.116964022628963
9473 1 1260029 0.7936508 13.139051967300475
9474 1 982311 0.734375 10.966578032821417
9475 1 988974 0.7413793 12.846767902374268
9476 1 1798120 0.8214286 13.255325029604137
9477 1 298486 0.74545455 12.651163968257606
9478 1 2069280 0.7962963 13.60961003229022
9479 1 964742 0.7241379 13.202526955865324
9480 1 1743329 0.7586207 13.160299975425005
9481 1 1332980 0.78571427 13.43803305644542
9482 1 1447149 0.7962963 12.401195941492915
9483 1 1662762 0.7368421 13.213508995249867
9484 1 1254293 0.8214286 13.1954459939152
9485 1 833298 0.77272725 11.441097944043577
9486 1 1004765 0.8214286 14.28335695527494
9487 1 547953 0.81632656 13.202643021941185
9488 1 1555008 0.7169811 13.90568702481687
9489 1 1347500 0.76666665 12.818361981771886
9490 1 1532110 0.7962963 13.91738303937018
9491 1 2093973 0.75 14.338340959511697
9492 1 1097750 0.76363635 14.67786799184978
9493 1 1232024 0.7407407 13.444236945360899
9494 1 1218194 0.754717 13.321422971785069
9495 1 1129478 0.78571427 14.333644998259842
9496 1 1454484 0.78 13.656847993843257
9497 1 1606081 0.7894737 13.879075995646417
9498 1 1743131 0.8039216 14.102956047281623
9499 1 651033 0.7704918 12.334526982158422
9500 1 1096592 0.7962963 13.846051995642483
9501 1 1471955 0.7413793 14.22274298965931
9502 1 1023672 0.80701756 12.821953045204282
9503 1 2362922 0.71428573 13.145237928256392
9504 1 1131465 0.75409836 12.493524001911283
9505 1 1004360 0.7173913 12.970117968507111
9506 1 1007171 0.74242425 11.425754986703396
9507 1 1507546 0.7368421 13.047364889644086
9508 1 1842975 0.75 14.358622953295708
9509 1 1432087 0.73333335 12.998713995330036
9510 1 1527797 0.75 13.999928021803498
9511 1 1484562 0.84210527 13.42179998755455
9512 1 838671 0.7692308 13.382264063693583
9513 1 1125667 0.8039216 13.262590975500643
9514 1 1167725 0.7457627 12.686579953879118
9515 1 1532677 0.7083333 13.912656926549971
9516 1 1664270 0.8 12.88989104796201
9517 1 1611990 0.74545455 14.16073995642364
9518 1 139882 0.74509805 12.679285951890051
9519 1 1347894 0.7586207 13.461794937029481
9520 1 590244 0.7619048 10.733596980571747
9521 1 1608056 0.73333335 11.647215927951038
9522 1 1491179 0.78571427 12.585762073285878
9523 1 1055044 0.76785713 12.914060964249074
9524 1 1595403 0.7777778 14.477986958809197
9525 1 1457660 0.76785713 12.178784003481269
9526 1 842951 0.78688526 11.80803996976465
9527 1 1489635 0.71929824 12.302346993237734
9528 1 828026 0.75 12.520352960564196
9529 1 1454830 0.7647059 12.911860947497189
9530 1 1016303 0.7222222 12.623423943296075
9531 1 1529539 0.83928573 12.415245990268886
9532 1 1138773 0.7352941 11.18519704323262
9533 1 1299800 0.78688526 11.293569928966463
9534 1 1560407 0.74603176 11.907884036190808
9535 1 213954 0.7818182 13.599590049125254
9536 1 977888 0.84 13.231714023277164
9537 1 1258705 0.80701756 12.331143021583557
9538 1 1432332 0.779661 12.367121991701424
9539 1 1437205 0.7647059 13.577532023191452
9540 1 837439 0.7966102 11.992968968115747
9541 1 1627230 0.7777778 13.420735951513052
9542 1 1124725 0.779661 13.194688013754785
9543 1 1066505 0.7719298 12.043840950354934
9544 1 1988145 0.72727275 14.291792991571128
9545 1 1461063 0.7254902 14.40933404956013
9546 1 1471882 0.78846157 14.150938019156456
9547 1 1487825 0.8103448 13.029598980210721
9548 1 1416125 0.7894737 12.16531393583864
9549 1 857226 0.7121212 11.894598021171987
9550 0 0 0 12.252349057234824
9551 1 1084997 0.7592593 12.43028196040541
9552 1 1180880 0.71666664 12.799455085769296
9553 1 1633702 0.78571427 12.059272965416312
9554 1 1114154 0.7692308 12.169562978670001
9555 1 1501237 0.8214286 11.998594040051103
9556 1 1475099 0.7878788 11.029700981453061
9557 1 669821 0.7285714 11.73438096884638
9558 1 1622073 0.7719298 11.641856050118804
9559 1 1204492 0.78125 11.577359982766211
9560 1 665218 0.75409836 11.379798059351742
9561 1 1526466 0.8103448 13.2807029876858
9562 1 1185607 0.7846154 10.860210051760077
9563 1 1614113 0.7826087 10.10856800712645
9564 1 165884 0.7878788 10.045382077805698
9565 1 1416672 0.7910448 10.37452497985214
9566 1 1144667 0.8030303 10.041077039204538
9567 1 1125114 0.77272725 9.683890966698527
9568 1 1025070 0.73770493 11.351653025485575
9569 1 579063 0.7846154 9.357634000480175
9570 1 1146273 0.78688526 12.046538991853595
9571 1 1079976 0.7903226 11.9332040194422
9572 1 426527 0.7704918 11.529266950674355
9573 1 1475857 0.7894737 11.908491025678813
9574 1 1058547 0.7205882 9.986769990064204
9575 1 1228967 0.8125 10.291508981026709
9576 1 1114681 0.7777778 12.1248799841851
9577 1 1420064 0.7692308 10.267687030136585
9578 1 1983687 0.75438595 12.76944309938699
9579 1 1557475 0.734375 10.186103056184947
9580 1 1028411 0.75757575 12.279090005904436
9581 1 1451777 0.8245614 12.788143008947372
9582 1 1012183 0.7692308 10.833811946213245
9583 1 1969970 0.7777778 11.550456983968616
9584 1 1517699 0.7741935 13.33086600061506
9585 1 627072 0.78125 12.226221966557205
9586 1 1470744 0.7887324 9.52067505568266
9587 1 1294152 0.8095238 11.737297987565398
9588 1 1444448 0.852459 12.108659953810275
9589 1 1349281 0.78688526 11.56394206918776
9590 1 1104209 0.7692308 10.204168036580086
9591 1 1043802 0.71428573 11.415919987484813
9592 1 1984582 0.8196721 10.293230996467173
9593 1 1482067 0.7761194 8.670049021020532
9594 1 1417083 0.8035714 11.858792044222355
9595 1 1445498 0.7419355 11.218764004297554
9596 1 868851 0.7746479 9.332171990536153
9597 1 1389195 0.77272725 10.391339077614248
9598 1 1294013 0.7619048 10.457283002324402
9599 1 1560462 0.7761194 10.962194995954633
9600 1 1560050 0.8 11.079679010435939
9601 1 1167686 0.7936508 11.634270078502595
9602 1 1446395 0.73333335 11.052108951844275
9603 1 1443138 0.7246377 9.734055027365685
9604 1 1059862 0.78571427 13.115153065882623
9605 1 1562525 0.7580645 12.461773003451526
9606 1 1295540 0.72131145 12.68438110128045
9607 1 1634623 0.72307694 11.82792300824076
9608 1 801252 0.77272725 10.917860083281994
9609 1 1340301 0.78333336 11.742133996449411
9610 1 719540 0.734375 11.784696020185947
9611 1 1056724 0.80597013 9.188908035866916
9612 1 1082671 0.765625 11.132938088849187
9613 1 1269369 0.75 9.637870010919869
9614 1 1608568 0.76811594 10.7838079566136
9615 1 1078421 0.8196721 11.984048062004149
9616 1 1949149 0.75757575 11.131888022646308
9617 1 1275840 0.75409836 12.122735031880438
9618 1 1246659 0.8 13.123604003340006
9619 1 984708 0.75384617 12.753051007166505
9620 1 1081448 0.8196721 11.065080063417554
9621 1 1100449 0.7258065 12.329867924563587
9622 1 1596626 0.75714284 10.75245498213917
9623 1 1302401 0.78333336 11.782102985307574
9624 1 1524128 0.7413793 12.047891970723867
9625 1 1480231 0.74242425 12.394199031405151
9626 1 1470623 0.7704918 12.13980303145945
9627 1 906483 0.7580645 11.472815996967256
9628 1 866388 0.71014494 7.739846943877637
9629 1 1029966 0.7246377 10.812402004376054
9630 1 641282 0.72727275 11.609159992076457
9631 1 1503265 0.8064516 11.869605048559606
9632 1 821874 0.76119405 12.042724061757326
9633 1 842259 0.7536232 9.337399038486183
9634 1 1664538 0.7704918 11.504529975354671
9635 1 1158764 0.7586207 11.79380901157856
9636 1 826123 0.7887324 8.313569007441401
9637 1 1986912 0.74545455 13.617607997730374
9638 1 1094939 0.8305085 12.958911014720798
9639 1 1001140 0.75 10.747845051810145
9640 1 1520602 0.76363635 12.500951997935772
9641 1 1445058 0.7419355 11.830340954475105
9642 1 1318368 0.7777778 12.259665061719716
9643 1 995877 0.828125 11.458105989731848
9644 1 1965756 0.8196721 12.705603032372892
9645 1 1099521 0.8153846 9.799307095818222
9646 1 1365518 0.8153846 10.519693954847753
9647 1 1344402 0.75409836 12.726214015856385
9648 1 1769400 0.78333336 12.412809999659657
9649 1 985832 0.73770493 11.98684109840542
9650 1 1901537 0.7704918 13.009050977416337
9651 1 588684 0.7910448 10.947083937935531
9652 1 225487 0.7878788 10.601845104247332
9653 1 392091 0.7692308 11.191055993549526
9654 1 627750 0.8153846 9.503694018349051
9655 1 1060214 0.74285716 11.347127961926162
9656 1 704348 0.8333333 10.204202961176634
9657 1 388399 0.7288136 11.777522973716259
9658 1 1580922 0.7419355 13.170244987122715
9659 1 558023 0.74285716 12.172951945103705
9660 1 1462205 0.75 11.073917034082115
9661 1 1020980 0.7121212 11.549117043614388
9662 1 1255414 0.7627119 12.39399693440646
9663 1 1445877 0.73333335 9.553512092679739
9664 1 588684 0.7 11.608157074078918
9665 1 1291915 0.74242425 9.389078011736274
9666 1 1233022 0.8305085 12.822233024053276
9667 1 2234177 0.8196721 11.466240044683218
9668 1 700833 0.7741935 12.62523396871984
9669 1 1175789 0.78333336 13.368897954933345
9670 1 1129833 0.7941176 11.252646101638675
9671 1 668197 0.7846154 11.698481044732034
9672 1 1463843 0.8196721 12.041784939356148
9673 1 1629133 0.72131145 11.356086935847998
9674 1 1156984 0.7586207 11.898074066266418
9675 1 645152 0.78688526 11.121580959297717
9676 1 1189992 0.76119405 9.462728979997337
9677 1 1440203 0.7285714 10.811559041030705
9678 1 1007709 0.77272725 11.212956975214183
9679 1 4693 0.8196721 11.616615927778184
9680 1 1124187 0.7580645 12.180357007309794
9681 1 675844 0.8333333 10.501370998099446
9682 1 1432608 0.8181818 11.395250912755728
9683 1 700833 0.7741935 11.95364398881793
9684 1 1655195 0.75384617 11.449999990873039
9685 1 1193761 0.74285716 9.691227925941348
9686 1 824595 0.84126985 11.073525063693523
9687 1 1633643 0.74626863 11.709345038980246
9688 1 1507405 0.78688526 11.7410080274567
9689 1 1889140 0.76666665 12.187090003862977
9690 1 1528101 0.77272725 8.609371026977897
9691 1 1063629 0.80701756 11.224244954064488
9692 1 1521151 0.74603176 11.670509004034102
9693 1 1069744 0.796875 9.97159699909389
9694 1 925635 0.7704918 11.76720904186368
9695 1 1246447 0.76811594 9.590763016603887
9696 1 1086208 0.8153846 10.179969947785139
9697 1 455623 0.7808219 7.442433037795126
9698 1 714554 0.765625 10.50953392405063
9699 1 828934 0.74242425 11.055616079829633
9700 1 1308392 0.73770493 11.501615052111447
9701 1 1128247 0.7083333 8.742436999455094
9702 1 1975492 0.84126985 11.071834014728665
9703 1 1163726 0.7846154 10.802859906107187
9704 1 1389438 0.7741935 11.137565947137773
9705 1 429702 0.8032787 10.609313030727208
9706 1 1460508 0.73333335 12.896426022052765
9707 1 907949 0.80597013 10.337657993659377
9708 1 1201916 0.71875 11.808193055912852
9709 1 1196242 0.7205882 10.565001051872969
9710 1 1334329 0.8 11.48723706137389
9711 1 1094295 0.7794118 9.965145029127598
9712 1 1509689 0.72727275 10.634687962010503
9713 1 1515002 0.8 11.982462019659579
9714 1 1900760 0.7894737 12.51703395973891
9715 1 723610 0.83870965 11.066738981753588
9716 1 1625967 0.8196721 10.12618700042367
9717 1 1210115 0.79452056 9.362480021081865
9718 1 846014 0.8032787 10.047532967291772
9719 1 1001349 0.81666666 10.9802809311077
9720 1 1507018 0.8153846 10.770661057904363
9721 1 1052944 0.7619048 11.572133982554078
9722 1 1988579 0.7285714 9.467507945373654
9723 1 1030101 0.8153846 10.0122099975124
9724 1 947846 0.765625 10.127404006198049
9725 1 530250 0.8196721 11.829413939267397
9726 1 1973761 0.779661 11.223405948840082
9727 1 2042374 0.78333336 11.508816969580948
9728 1 1092268 0.8135593 11.551318923011422
9729 1 704348 0.7536232 10.38009999319911
9730 1 1194229 0.8032787 11.675358982756734
9731 1 1749697 0.7741935 10.370471980422735
9732 1 836773 0.75 12.166792061179876
9733 1 989566 0.8125 11.166095966473222
9734 1 1211910 0.7619048 11.90195803064853
9735 1 1361698 0.8153846 10.526846977882087
9736 1 851580 0.78688526 11.108656995929778
9737 1 844169 0.76811594 9.9812769331038
9738 1 1010172 0.75757575 10.5953459860757
9739 1 579063 0.75757575 8.603964000940323
9740 1 1373015 0.75384617 11.30741205997765
9741 1 1114681 0.78125 11.908586020581424
9742 1 617136 0.76119405 10.731057031080127
9743 1 1087434 0.7761194 9.780485997907817
9744 1 1172691 0.7580645 11.105042998678982
9745 1 1844200 0.72131145 12.069051968865097
9746 1 1630474 0.7627119 12.35133910086006
9747 1 975381 0.73333335 11.831572977826
9748 1 1621457 0.77272725 11.389152961783111
9749 1 1422041 0.7741935 11.49612304288894
9750 1 1295722 0.73134327 10.5576979694888
9751 1 883914 0.7647059 10.902993031777442
9752 1 804570 0.75757575 10.467879008501768
9753 1 1082876 0.7741935 10.647083981893957
9754 1 1509117 0.7741935 10.092907003127038
9755 1 667872 0.7162162 8.672858006320894
9756 1 989566 0.8125 11.06075698044151
9757 1 1178726 0.7894737 12.17569294385612
9758 1 1261069 0.72727275 10.861433926038444
9759 1 1544061 0.76363635 12.775760027579963
9760 1 1073249 0.73770493 11.648511979728937
9761 1 1630474 0.7627119 11.959797004237771
9762 1 1175438 0.8028169 11.152775026857853
9763 1 1474701 0.78688526 10.541522991843522
9764 1 1407523 0.8135593 11.188934091478586
9765 1 1181333 0.7741935 11.417694971896708
9766 1 1503265 0.8064516 12.310103047639132
9767 1 1225849 0.78688526 11.493127094581723
9768 1 1404569 0.78688526 11.300915968604386
9769 1 1527369 0.7758621 11.533299926668406
9770 1 1437178 0.779661 12.4133670469746
9771 1 1574598 0.7966102 13.005624990910292
9772 1 1561114 0.8103448 11.860038037411869
9773 1 1450163 0.79310346 11.512816068716347
9774 1 1026310 0.796875 10.900696972385049
9775 1 1485664 0.75409836 11.23569393530488
9776 1 1170561 0.75714284 9.180972003377974
9777 1 1261069 0.765625 11.19787700008601
9778 1 1970471 0.7941176 9.728286997415125
9779 1 1110765 0.8169014 7.475993945263326
9780 1 1128906 0.765625 10.984280961565673
9781 1 1423625 0.75757575 11.835976969450712
9782 1 1258622 0.7966102 12.158176046796143
9783 1 1430159 0.8095238 10.00953500624746
9784 1 894710 0.75 11.1499079503119
9785 1 1086144 0.765625 12.018238077871501
9786 1 1984582 0.75384617 10.065758018754423
9787 1 1901537 0.7741935 12.22528493963182
9788 1 1274719 0.7777778 11.237591970711946
9789 1 1263538 0.7761194 9.537213947623968
9790 1 1011208 0.8028169 11.101532960310578
9791 1 1257506 0.70149255 11.285335989668965
9792 1 1557050 0.8103448 12.731135007925332
9793 1 1079549 0.7076923 11.36660494375974
9794 1 1478052 0.7419355 12.620578985661268
9795 1 1004895 0.72727275 11.007533990778029
9796 1 1417985 0.83076924 10.026082978583872
9797 1 1662748 0.8125 11.789839016273618
9798 1 1635762 0.81666666 12.108365073800087
9799 1 1732385 0.7826087 10.41101198643446
9800 1 1180799 0.76119405 10.683547938242555
9801 1 1557572 0.82539684 12.448003981262445
9802 1 455623 0.7941176 10.889203986153007
9803 1 1974018 0.7794118 9.22393798828125
9804 1 1662973 0.8 10.269457940012217
9805 1 1413307 0.75757575 10.52597293164581
9806 1 1091533 0.7647059 8.714602096006274
9807 1 1407683 0.8125 10.973855038173497
9808 1 1339210 0.8125 10.387634974904358
9809 1 1104532 0.7794118 9.808255010284483
9810 1 1026088 0.78125 11.556728044524789
9811 1 868851 0.7605634 10.58052305597812
9812 1 1129811 0.8142857 8.482053061015904
9813 1 975308 0.8235294 10.157653014175594
9814 1 1132546 0.7741935 12.15590606443584
9815 1 1082887 0.7352941 10.431046015582979
9816 1 1415072 0.7910448 10.761444107629359
9817 1 719469 0.796875 11.21287397108972
9818 1 1440251 0.75384617 10.12757804710418
9819 1 989156 0.8142857 8.554224972613156
9820 1 1513898 0.7741935 11.570306029170752
9821 1 1298074 0.76119405 10.124691994860768
9822 1 1288406 0.84210527 12.545431964099407
9823 1 1065717 0.8 11.529940995387733
9824 1 1028503 0.7878788 10.190589004196227
9825 1 1154449 0.7692308 11.147515033371747
9826 1 1172029 0.7246377 9.668137063272297
9827 1 1516010 0.75409836 11.14664797205478
9828 1 1113004 0.8360656 10.536800953559577
9829 1 1972528 0.7619048 12.474555056542158
9830 1 1025522 0.72727275 10.650910902768373
9831 1 860140 0.74626863 8.633936988189816
9832 1 1436491 0.78125 10.13531000353396
9833 1 1263418 0.79710144 8.583810995332897
9834 1 984126 0.7941176 8.829601923935115
9835 1 1528226 0.7916667 10.10485296137631
9836 1 1279213 0.72727275 12.45375198777765
9837 1 889936 0.8 10.802633012644947
9838 1 1968745 0.7536232 10.658091050572693
9839 1 1943211 0.74242425 10.808443068526685
9840 1 1676604 0.8095238 10.631190030835569
9841 1 1480327 0.76119405 10.024547926150262
9842 1 1609395 0.75 12.133728014305234
9843 1 1230660 0.75 8.754048962146044
9844 1 1663020 0.8 12.077749008312821
9845 1 1138121 0.72131145 11.027781991288066
9846 1 1436491 0.78125 10.2812759578228
9847 1 1662973 0.75757575 10.42826403863728
9848 1 1790955 0.79710144 9.863546001724899
9849 1 1943211 0.8095238 10.330247925594449
9850 1 995716 0.765625 11.26093603670597
9851 1 719540 0.7903226 11.107168043963611
9852 1 1570235 0.78125 11.279023019596934
9853 1 1063045 0.81666666 11.623800965026021
9854 1 995375 0.7714286 8.617147919721901
9855 1 1027842 0.7714286 8.771868073381484
9856 1 1874200 0.703125 10.59316098690033
9857 1 1267358 0.7076923 11.54206704813987
9858 1 1019928 0.7741935 11.394949979148805
9859 1 1984812 0.7794118 10.384391993284225
9860 1 1780767 0.8214286 12.069166055880487
9861 1 1523612 0.765625 10.766147053800523
9862 1 1557475 0.74603176 11.10586291179061
9863 1 1404920 0.71428573 11.170497979037464
9864 1 668082 0.7910448 10.987665969878435
9865 1 1039509 0.8 10.734729003161192
9866 1 400776 0.7758621 12.205583043396473
9867 1 1626589 0.7704918 11.78057596553117
9868 1 1943211 0.7692308 10.457947966642678
9869 1 1092579 0.83870965 11.216519051231444
9870 1 1620662 0.8245614 11.750918929465115
9871 1 1007184 0.8360656 10.905841016210616
9872 1 1413718 0.852459 11.43727102316916
9873 1 1790536 0.81666666 11.205359012819827
9874 1 1279851 0.7580645 11.541526997461915
9875 1 1133810 0.72131145 11.842678999528289
9876 1 1164855 0.7916667 8.53115995414555
9877 1 1204609 0.7619048 12.108698021620512
9878 1 1037144 0.82258064 11.492450023069978
9879 1 1146732 0.75384617 11.143708950839937
9880 1 1473480 0.8 11.055668932385743
9881 1 854939 0.828125 10.000247973948717
9882 1 1412431 0.8305085 11.321941972710192
9883 1 1037477 0.7837838 8.129919995553792
9884 1 1068043 0.73770493 11.16211200132966
9885 1 1013791 0.7936508 10.985340923070908
9886 1 1790489 0.779661 11.208888026885688
9887 1 796098 0.74603176 11.570003000088036
9888 1 2141327 0.7741935 12.274915934540331
9889 1 1157474 0.82539684 11.268037022091448
9890 1 1178112 0.78333336 12.061567977070808
9891 1 1147564 0.71875 11.560263927094638
9892 1 231453 0.7761194 10.522374999709427
9893 1 1310061 0.77272725 10.545169934630394
9894 1 1462250 0.7580645 11.481106979772449
9895 1 1649817 0.8125 10.363121051341295
9896 1 1833337 0.73770493 11.55037700664252
9897 1 700833 0.8135593 12.097319937311113
9898 1 1842746 0.796875 8.613654994405806
9899 1 1639865 0.80701756 10.921654058620334
9900 1 1457770 0.78571427 8.484966005198658
9901 1 1653173 0.796875 10.975600918754935
9902 1 1972528 0.75757575 10.533294989727437
9903 1 1528619 0.8064516 11.381659074686468
9904 1 1420488 0.8088235 8.635908016003668
9905 1 1572011 0.7536232 8.771899971179664
9906 1 1124725 0.8333333 11.511633056215942
9907 1 985992 0.75757575 10.330162942409515
9908 1 1157392 0.86885244 10.796366026625037
9909 1 1608917 0.73239434 10.783844976685941
9910 1 1159769 0.703125 11.974542052485049
9911 1 1325474 0.74603176 10.897766915149987
9912 1 1691801 0.86885244 10.3529819753021
9913 1 1501084 0.8032787 11.414813925512135
9914 1 1484762 0.7419355 10.901293950155377
9915 1 1776164 0.8064516 10.448120068758726
9916 0 0 0 14.055340085178614
9917 1 1184338 0.7536232 10.244244011119008
9918 1 1624958 0.7741935 10.756448959000409
9919 1 1984582 0.7777778 10.35415194928646
9920 1 521908 0.76666665 13.079080963507295
9921 1 1278956 0.73846155 11.084593017585576
9922 1 824507 0.7536232 10.779634932987392
9923 1 1134004 0.704918 12.156857992522418
9924 1 712980 0.7936508 11.548764072358608
9925 1 820293 0.7714286 8.677104953676462
9926 1 693371 0.7966102 13.283114065416157
9927 1 1532235 0.7647059 10.254918015561998
9928 1 1175438 0.8028169 10.088409995660186
9929 1 1459297 0.75 11.685434030368924
9930 1 1043155 0.7288136 12.057819054462016
9931 1 529500 0.76666665 11.323031038045883
9932 1 1984812 0.75714284 9.974843938834965
9933 1 1971669 0.7058824 8.777061011642218
9934 1 1514005 0.78125 11.622541001997888
9935 1 1579415 0.7936508 11.152869905345142
9936 1 1620134 0.7619048 11.681291041895747
9937 1 1427083 0.73913044 9.419159032404423
9938 1 1573929 0.75 11.904992046765983
9939 1 1190981 0.71428573 10.999578051269054
9940 1 551953 0.75 11.133313993923366
9941 1 1259993 0.8 12.042728019878268
9942 1 1640028 0.73134327 11.714549968019128
9943 1 627904 0.7164179 9.823972941376269
9944 1 1224238 0.7619048 10.836206027306616
9945 1 1631317 0.8035714 12.063557980582118
9946 1 1158625 0.8 10.37521893158555
9947 1 1424840 0.779661 11.983299977146089
9948 1 825797 0.7580645 10.386204929091036
9949 1 1097222 0.82539684 10.46251505613327
9950 1 1649205 0.76119405 11.497396975755692
9951 1 2081098 0.84210527 11.290639988146722
9952 1 655764 0.7288136 10.49751101527363
9953 1 801664 0.78688526 10.94910898245871
9954 1 1465526 0.75 8.65317799616605
9955 1 1468287 0.76666665 10.939200990833342
9956 1 1298800 0.8103448 11.538175051100552
9957 1 1331289 0.7741935 10.561372037045658
9958 1 1015670 0.7777778 12.664812034927309
9959 1 1296472 0.7647059 11.252079042606056
9960 1 996318 0.7741935 12.069443007931113
9961 1 1101828 0.7536232 10.703700012527406
9962 1 1098479 0.72307694 11.579164885915816
9963 1 1524128 0.7413793 13.256653095595539
9964 1 1516638 0.75714284 10.756770032458007
9965 1 1407386 0.75 12.814564048312604
9966 1 1843676 0.7761194 10.35792101174593
9967 1 1193761 0.7352941 10.670979041606188
9968 1 684671 0.7605634 10.578913963399827
9969 1 719760 0.75 11.239344021305442
9970 1 990373 0.85 12.237699935212731
9971 1 1745480 0.78125 11.561236926354468
9972 1 1553710 0.8196721 11.296997079625726
9973 1 833092 0.84126985 10.594652034342289
9974 1 993415 0.75409836 10.849526966921985
9975 1 1985662 0.8064516 11.062785983085632
9976 1 1013135 0.7076923 11.207652976736426
9977 1 1127514 0.7118644 11.661719996482134
9978 1 1622943 0.79710144 10.215242975391448
9979 1 1400701 0.75 10.29982604086399
9980 1 1678043 0.75438595 12.214108020998538
9981 1 985832 0.71428573 10.893349070101976
9982 1 1623356 0.7903226 12.353920028544962
9983 1 1138859 0.8333333 12.132773990742862
9984 1 817017 0.7586207 13.083289028145373
9985 1 1459775 0.8360656 11.289873044006526
9986 1 1598369 0.71929824 11.742357048206031
9987 1 2439516 0.75 10.697219986468554
9988 1 719540 0.75757575 10.690769064240158
9989 1 1606840 0.75384617 11.201951070688665
9990 1 1316105 0.8032787 12.207099003717303
9991 1 1595323 0.779661 12.373741948977113
9992 1 1808183 0.73846155 10.724188992753625
9993 1 529035 0.72307694 13.106925995089114
9994 1 389881 0.75 10.213681031018496
9995 1 1113675 0.7123288 8.6589161073789
9996 1 2075400 0.73846155 11.22339500579983
9997 1 815547 0.75409836 11.343818972818553
9998 1 1042853 0.74626863 10.622055968269706
9999 1 719540 0.75384617 11.254769982770085
10000 1 1972760 0.8 11.317251017317176
10001 1 1410421 0.77272725 11.223342036828399
10002 1 1281227 0.75 12.423709966242313
10003 1 1573380 0.78125 10.464836959727108
10004 1 1626642 0.7692308 10.098950937390327
10005 1 824848 0.77272725 9.304836974479258
10006 1 1640736 0.75 10.416956036351621
10007 1 1793434 0.73134327 10.115175042301416
10008 1 1844997 0.796875 11.187341995537281
10009 1 588684 0.74242425 12.359785963781178
10010 1 1171196 0.8196721 11.492213001474738
10011 1 1640882 0.7941176 9.425719967111945
10012 1 2083866 0.779661 11.832067044451833
10013 1 1465345 0.7733333 8.585938019677997
10014 1 995830 0.7619048 11.16808201186359
10015 1 1630557 0.7580645 12.439219048246741
10016 1 1131747 0.7777778 12.617734959349036
10017 1 1416987 0.8103448 12.235220987349749
10018 1 704348 0.75 12.031758087687194
10019 1 1035424 0.7936508 11.99155196081847
10020 1 1055850 0.70689654 12.9654579795897
10021 1 1611681 0.78333336 12.704365071840584
10022 1 2083464 0.75 12.064863927662373
10023 1 1037557 0.82539684 11.796611943282187
10024 1 1442390 0.8103448 12.984966044314206
10025 1 651451 0.7966102 12.522912002168596
10026 1 1204492 0.8032787 12.363045942038298
10027 1 1196806 0.75 15.052546048536897
10028 1 1018973 0.76811594 10.439181001856923
10029 1 1459043 0.7619048 12.678573024459183
10030 1 816989 0.7457627 12.02294195536524
10031 1 1650306 0.7288136 12.638577027246356
10032 1 1336746 0.80597013 10.74676401913166
10033 1 234623 0.77272725 10.057519073598087
10034 1 1525139 0.71014494 10.598383960314095
10035 1 1651463 0.7692308 10.909780045039952
10036 1 1261069 0.72727275 11.112782987765968
10037 1 1547190 0.78688526 11.538445018231869
10038 1 1452947 0.8 11.304156039841473
10039 1 1350998 0.8 12.74335291236639
10040 1 1056565 0.73134327 10.812800959683955
10041 1 727972 0.71014494 10.951739037409425
10042 1 1840760 0.78125 10.491570108570158
10043 1 1069744 0.75384617 11.251310002990067
10044 1 1272364 1.0 11.517529957927763
10045 1 1477963 0.7692308 11.849143076688051
10046 1 1497113 0.7352941 11.901904013939202
10047 1 1161609 0.75757575 12.861086055636406
10048 1 1560462 0.7941176 11.035674018785357
10049 1 1632865 0.8305085 11.882658931426704
10050 1 1486763 0.7741935 12.189520057290792
10051 1 1453131 0.739726 9.345968021079898
10052 1 1789876 0.7903226 10.905131930485368
10053 1 779721 0.75757575 10.517833987250924
10054 1 1415893 0.74603176 11.260043946094811
10055 1 1656947 0.75438595 13.157287030480802
10056 1 370562 0.7777778 8.739528944715858
10057 1 1454646 0.739726 7.574212970212102
10058 1 129091 0.7536232 7.733125006780028
10059 1 407191 0.7536232 6.578402011655271
10060 1 1396279 0.75 8.105786051601171
10061 1 1594056 0.80597013 9.71045100595802
10062 1 1567538 0.7794118 8.742373087443411
10063 1 407191 0.7536232 6.538738030940294
10064 1 1104780 0.75949365 6.76049804314971
10065 1 1580922 0.74242425 9.747985983267426
10066 1 1426924 0.7941176 8.671498042531312
10067 1 1310061 0.7536232 8.743081940338016
10068 1 1460364 0.76 7.657991023734212
10069 1 2016571 0.76119405 10.583729017525911
10070 1 704348 0.75 9.689267026260495
10071 1 1528226 0.75 10.10338100604713
10072 1 1202958 0.8 8.492295979522169
10073 1 1266812 0.7733333 7.364787976257503
10074 1 1351641 0.8358209 9.182028006762266
10075 1 1150426 0.80263156 6.528905942104757
10076 1 1491458 0.75342464 7.5522009283304214
10077 1 1293387 0.78571427 8.627181057818234
10078 1 1411338 0.8 8.662683074362576
10079 1 1572367 0.8194444 9.279215009883046
10080 1 1065623 0.7972973 7.085168967023492
10081 1 724756 0.7647059 8.340899017639458
10082 1 1022665 0.7536232 7.867219974286854
10083 1 1054739 0.77272725 10.689464048482478
10084 1 1851472 0.7866667 6.622486049309373
10085 1 1064065 0.7826087 9.428694960661232
10086 1 1200487 0.7702703 6.623961962759495
10087 1 1393938 0.8484849 9.176890016533434
10088 1 888621 0.78571427 9.71840403508395
10089 1 407191 0.7878788 7.570335059426725
10090 1 1096966 0.7631579 7.67999398522079
10091 1 337850 0.8076923 7.58241699077189
10092 1 1148997 0.7536232 8.232519961893559
10093 1 719540 0.7352941 8.969582966528833
10094 1 1519426 0.7794118 11.321868980303407
10095 1 829282 0.78205127 7.210462004877627
10096 1 1021128 0.8382353 9.622918907552958
10097 1 1145047 0.7083333 9.467541938647628
10098 1 307160 0.8028169 8.820442017167807
10099 1 1014394 0.7941176 10.426623048260808
10100 1 1273869 0.7285714 8.90329701360315
10101 1 1107890 0.78571427 9.371401043608785
10102 1 1467735 0.72727275 7.655540015548468
10103 1 407191 0.7647059 7.615338079631329
10104 1 392091 0.77272725 11.205107090063393
10105 1 1237997 0.8382353 9.656185051426291
10106 1 1949294 0.8108108 7.8678790014237165
10107 1 1184257 0.78571427 9.83441702555865
10108 1 1676321 0.7878788 8.77091905567795
10109 1 2370704 0.82608694 7.901499047875404
10110 1 1255817 0.7916667 7.792423013597727
10111 1 48839 0.77922076 7.72083003539592
10112 1 407191 0.7647059 7.165675051510334
10113 1 831040 0.8169014 8.856261032633483
10114 1 843514 0.7837838 7.911715074442327
10115 1 999321 0.8 7.780770072713494
10116 1 1267771 0.7647059 7.825545966625214
10117 1 1337908 0.7777778 8.316755993291736
10118 1 240002 0.7916667 7.57513998541981
10119 1 714554 0.7647059 7.845280924811959
10120 1 1968349 0.8153846 10.453142109327018
10121 1 858120 0.79452056 8.522166986949742
10122 1 825513 0.8169014 8.893379010260105
10123 1 1573267 0.82191783 8.146508014760911
10124 1 1573267 0.8309859 9.410683996975422
10125 1 1155804 0.84126985 9.315718081779778
10126 1 1875148 0.75 11.26808300614357
10127 1 1573267 0.7631579 7.783040986396372
10128 1 1281482 0.75757575 10.567661956883967
10129 1 1403759 0.72602737 7.287335931323469
10130 1 407191 0.7536232 6.536638014949858
10131 1 978453 0.7419355 9.25034994725138
10132 1 1607627 0.79710144 8.396261022426188
10133 1 407191 0.82539684 9.44897101726383
10134 1 1001386 0.7777778 7.717110915109515
10135 1 1467735 0.8333333 8.123381994664669
10136 1 1951651 0.78571427 9.068004903383553
10137 1 667872 0.7567568 8.428505039773881
10138 1 1133505 0.7671233 7.44873599614948
10139 1 1968349 0.7285714 8.971635019406676
10140 1 1573267 0.8333333 7.779469946399331
10141 1 1148997 0.7536232 8.479736978188157
10142 1 413369 0.7875 6.804401054978371
10143 1 1499298 0.7638889 7.375705987215042
10144 1 1078690 0.8115942 9.756194893270731
10145 1 1972317 0.7846154 10.351228062063456
10146 1 1169972 0.8088235 9.812019998207688
10147 1 1184677 0.75641024 5.7525120209902525
10148 1 1610577 0.79710144 8.354024030268192
10149 1 1066977 0.74647886 9.667781996540725
10150 1 1172322 0.75384617 12.137949001044035
10151 1 1018504 0.7702703 8.21065402124077
10152 1 2263629 0.79012346 7.22266105003655
10153 1 1179277 0.7532467 6.530583021230996
10154 1 829702 0.80263156 6.580948014743626
10155 1 1087335 0.7702703 7.670573075301945
10156 1 367266 0.7123288 9.039324009791017
10157 1 1654051 0.8358209 10.084050940349698
10158 1 1066368 0.7887324 9.027387015521526
10159 1 1004369 0.8115942 9.793632081709802
10160 1 1316443 0.8153846 10.447364067658782
10161 1 1063634 0.77272725 9.583786013536155
10162 1 2221553 0.71428573 5.3717331029474735
10163 1 129091 0.75 6.16553402505815
10164 1 1217671 0.7567568 8.78059002570808
10165 1 1531480 0.8 7.386856013908982
10166 1 1217581 0.8484849 8.407440967857838
10167 1 250150 0.8055556 7.593196001835167
10168 1 1339359 0.75384617 8.912722929380834
10169 1 1608725 0.7352941 9.237081045284867
10170 1 1162215 0.8208955 7.754632970318198
10171 1 712778 0.73913044 10.463388985954225
10172 1 1580922 0.74626863 8.76913103275001
10173 1 1087873 0.7848101 6.258077104575932
10174 1 1337908 0.8115942 9.327552048489451
10175 1 1081667 0.7671233 7.133699022233486
10176 1 1687355 0.7183099 8.11581697780639
10177 1 1176724 0.721519 7.111639017239213
10178 1 1730237 0.7714286 9.193621925078332
10179 1 1943211 0.7761194 8.739760029129684
10180 1 1515752 0.82857144 7.54872802644968
10181 1 1566712 0.77922076 5.30312501359731
10182 1 1184257 0.7714286 8.513451088219881
10183 1 827043 0.7714286 9.164158022031188
10184 1 714554 0.72727275 9.656572015956044
10185 1 1292907 0.8082192 8.442758000455797
10186 1 367266 0.8142857 8.59008391853422
10187 1 808336 0.7826087 8.186309016309679
10188 1 1673391 0.796875 10.19087596796453
10189 1 1134570 0.80597013 8.999112993478775
10190 1 332147 0.80597013 8.566480944864452
10191 1 1566713 0.8 7.596299052238464
10192 1 1971525 0.78571427 8.057235041633248
10193 1 1118857 0.7468355 6.1593480641022325
10194 1 1900758 0.7941176 7.387047982774675
10195 1 1272483 0.75342464 7.703498005867004
10196 1 1189269 0.7763158 6.532328901812434
10197 1 1423148 0.7671233 8.154422044754028
10198 1 1467735 0.7702703 7.805575965903699
10199 1 1184677 0.8108108 6.768611026927829
10200 1 1037557 0.75 8.718161028809845
10201 1 165884 0.76811594 7.996781030669808
10202 1 579063 0.75 7.670460967347026
10203 1 1773130 0.74626863 8.851105929352343
10204 1 1572279 0.7361111 9.344471036456525
10205 1 862672 0.7777778 7.641057949513197
10206 1 1667097 0.8235294 8.712906041182578
10207 1 237217 0.75342464 11.528959963470697
10208 1 1295722 0.77272725 10.844922042451799
10209 1 287799 0.7761194 9.426409029401839
10210 1 1033519 0.7222222 9.50756506063044
10211 1 1115189 0.7285714 7.526249974034727
10212 1 1097990 0.85294116 8.533527026884258
10213 1 1274483 0.7972973 8.636109996587038
10214 1 1010562 0.7866667 7.491443073377013
10215 1 1616670 0.8 7.691958919167519
10216 1 1091512 0.75949365 7.16901000123471
10217 1 1518171 0.7352941 8.785155019722879
10218 1 1448930 0.7631579 6.559278001077473
10219 1 1094279 0.7638889 8.22634098585695
10220 1 1039990 0.74647886 9.97484102845192
10221 1 370562 0.72727275 6.787302088923752
10222 1 1507270 0.7941176 8.568254997953773
10223 1 1057393 0.72 7.598294992931187
10224 1 1560142 0.7777778 8.010793011635542
10225 1 700833 0.7164179 9.276289958506823
10226 1 1966742 0.79268295 5.162843037396669
10227 1 831040 0.8169014 8.695006021298468
10228 1 407191 0.7536232 6.75945496186614
10229 1 1973912 0.8028169 8.388009038753808
10230 1 175445 0.8235294 8.462272002361715
10231 1 1232687 0.7794118 9.349594009108841
10232 1 1140172 0.7746479 8.166098967194557
10233 1 1016430 0.81578946 7.91413604747504
10234 1 719540 0.75757575 10.908921947702765
10235 1 222186 0.7761194 11.137989931739867
10236 1 1293387 0.78571427 9.477572981268167
10237 1 1342021 0.7638889 8.347290917299688
10238 1 1417046 0.85294116 8.791890926659107
10239 1 1382687 0.73913044 9.900434059090912
10240 1 1096966 0.7972973 8.531118044629693
10241 1 1018504 0.7808219 8.332934929057956
10242 1 407191 0.7878788 8.22117505595088
10243 1 1566712 0.7972973 7.139583001844585
10244 1 122803 0.72839504 7.634424022398889
10245 1 129091 0.75 6.59123994410038
10246 1 1189724 0.8082192 8.125431020744145
10247 1 1949294 0.8169014 9.2528669629246
10248 1 1973912 0.8055556 7.60895200073719
10249 1 1573267 0.7972973 8.177380077540874
10250 1 1515578 0.7826087 8.20896599907428
10251 1 719540 0.7205882 9.88403707742691
10252 1 1168530 0.73333335 5.993764032609761
10253 1 749103 0.7352941 9.298276039771736
10254 1 1511751 0.8208955 8.492205990478396
10255 1 1079407 0.7948718 5.039331968873739
10256 1 1973912 0.8055556 7.378678070381284
10257 1 367266 0.8142857 8.481177035719156
10258 1 1562702 0.74285716 8.559496025554836
10259 1 1432608 0.7297297 7.501889951527119
10260 1 1411488 0.8 9.85413696616888
10261 1 1274483 0.8051948 7.190857082605362
10262 1 1566713 0.79710144 8.692360948771238
10263 1 852917 0.7222222 9.318585973232985
10264 1 1096966 0.7972973 8.005204028449953
10265 1 1032115 0.74285716 9.737179963849485
10266 1 1943211 0.76119405 9.766170056536794
10267 1 240008 0.8051948 6.51467707939446
10268 1 2021989 0.7580645 10.202974081039429
10269 1 1086748 0.7794118 10.488316998817027
10270 1 490315 0.8055556 9.811709984205663
10271 1 695062 0.75 9.16731997858733
10272 1 1580922 0.74242425 10.074351099319756
10273 1 1022086 0.82666665 6.427023094147444
10274 1 684241 0.86567163 11.326259933412075
10275 1 704348 0.7777778 7.957888999953866
10276 1 695062 0.7910448 8.791523985564709
10277 1 1221889 0.73913044 9.903106023557484
10278 1 1189269 0.75 7.166944909840822
10279 1 1184677 0.75641024 5.231547052972019
10280 1 1973308 0.7794118 8.585226023569703
10281 1 1973912 0.8382353 9.066381957381964
10282 1 1019311 0.8356164 7.546145003288984
10283 1 1971525 0.78571427 8.221438038162887
10284 1 1239064 0.73134327 8.889611926861107
10285 1 1666796 0.8082192 7.072532083839178
10286 1 667872 0.7746479 9.374797926284373
10287 1 1292907 0.7866667 8.741171914152801
10288 1 404527 0.7468355 6.788659957237542
10289 1 1338784 0.75714284 8.71262897271663
10290 1 1058544 0.73239434 7.779855979606509
10291 1 1671474 0.75 8.565576979890466
10292 1 579063 0.74626863 8.604859001934528
10293 1 1553061 0.7808219 8.905027993023396
10294 1 1184257 0.78571427 9.357704082503915
10295 1 407191 0.7536232 7.285253959707916
10296 1 1102899 0.74285716 9.0607819147408
10297 1 1573267 0.7763158 7.165851071476936
10298 1 1984582 0.74242425 9.977864101529121
10299 1 1073294 0.73913044 8.594020968303084
10300 1 486882 0.75 7.986311917193234
10301 1 2242799 0.8051948 6.510682986117899
10302 1 1017782 0.7714286 8.29873897600919
10303 1 1185486 0.7605634 10.080503998324275
10304 1 1267771 0.7647059 8.130299975164235
10305 1 129091 0.8030303 8.981234044767916
10306 1 1439660 0.7246377 10.786618920974433
10307 1 1076908 0.7567568 7.897704024799168
10308 1 869781 0.8153846 9.437742992304265
10309 1 1415695 0.8333333 8.53358895983547
10310 1 809706 0.7222222 9.09094198141247
10311 1 1195088 0.8095238 9.51551808975637
10312 1 1515752 0.82857144 7.521532010287046
10313 1 1130231 0.7285714 8.285608026199043
10314 1 1107847 0.8181818 7.196584949269891
10315 1 1973912 0.8055556 8.266114047728479
10316 1 1133753 0.8051948 7.785848923958838
10317 1 679943 0.7808219 8.391203940846026
10318 0 0 0 8.426927030086517
10319 1 1968349 0.77272725 10.500494972802699
10320 1 1573267 0.7368421 7.696108892560005
10321 1 1666796 0.8082192 7.342618075199425
10322 1 708832 0.7936508 9.927005972713232
10323 1 731410 0.72727275 8.901244029402733
10324 1 1492509 0.8 11.179352062754333
10325 1 1247556 0.79710144 7.836321950890124
10326 1 240008 0.8051948 6.412446033209562
10327 1 1572253 0.74647886 8.199742063879967
10328 1 1358271 0.7746479 7.515799021348357
10329 1 1560548 0.7794118 9.148571058176458
10330 1 1107006 0.75 8.236648980528116
10331 1 995534 0.7837838 8.12722707632929
10332 1 1009715 0.7916667 8.17352591548115
10333 1 1370717 0.8064516 10.181053075939417
10334 1 1573267 0.7763158 6.498949020169675
10335 1 1190330 0.7714286 7.550411974079907
10336 1 407191 0.7647059 6.957164965569973
10337 1 667872 0.74666667 7.602527039125562
10338 1 1616973 0.75714284 9.678303031250834
10339 1 1104106 0.7746479 10.04303793888539
10340 1 1563488 0.7352941 9.648813982494175
10341 1 1077098 0.75757575 10.188926011323929
10342 1 1511418 0.8142857 9.362629964016378
10343 1 1129833 0.8028169 8.253585896454751
10344 1 1619085 0.8055556 9.570127003826201
10345 1 1447199 0.71794873 8.430039044469595
10346 1 719540 0.7878788 8.509026956744492
10347 1 1337908 0.8115942 9.09838906954974
10348 1 1254320 0.7777778 8.058852981775999
10349 1 1952097 0.8030303 9.985251002945006
10350 1 1378449 0.82666665 7.077364018186927
10351 1 1423148 0.7671233 8.811963954940438
10352 1 1712177 0.7432432 7.487292983569205
10353 1 838918 0.74666667 8.142875041812658
10354 1 407191 0.8 8.017456042580307
10355 1 2221553 0.75 7.573115988634527
10356 1 1174922 0.8082192 6.7172429990023375
10357 1 1797585 0.7794118 8.602254907600582
10358 1 1952370 0.75384617 10.142056038603187
10359 1 1174545 0.7468355 5.66324801184237
10360 1 1864426 0.7910448 9.369611972942948
10361 1 790753 0.8450704 8.096160017885268
10362 1 1572279 0.7746479 8.897644933313131
10363 1 1000758 0.8196721 10.372990043833852
10364 1 1186563 0.7746479 8.815332083031535
10365 1 579910 0.75 9.315241011790931
10366 1 1950067 0.7246377 9.950748994015157
10367 1 579063 0.7647059 7.856045966036618
10368 1 407191 0.7878788 7.702182978391647
10369 1 1974237 0.7878788 11.085605015978217
10370 1 1057061 0.74647886 8.31704307347536
10371 1 1310061 0.75 10.161062004044652
10372 1 995534 0.8082192 7.822962012141943
10373 1 1611084 0.7794118 9.719452005811036
10374 1 413369 0.7875 7.274667965248227
10375 1 1635219 0.7352941 9.293059003539383
10376 1 1454646 0.7746479 8.387779933400452
10377 1 1088152 0.7631579 10.373665951192379
10378 1 1943211 0.84126985 9.871497983112931
10379 1 1473987 0.8142857 8.66522395517677
10380 1 1686181 0.8028169 8.808296988718212
10381 1 1058544 0.73239434 7.7173259342089295
10382 1 1094360 0.8115942 9.625578997656703
10383 1 1571821 0.75641024 6.5831729443743825
10384 1 989795 0.79012346 6.000027991831303
10385 1 1973912 0.8055556 7.4710079934448
10386 1 1970471 0.7794118 11.161530972458422
10387 1 1409596 0.76 7.649400969967246
10388 1 2011536 0.79710144 9.862195001915097
10389 1 836084 0.7808219 6.984676001593471
10390 1 1337908 0.7777778 8.187397965230048
10391 1 987085 0.72727275 6.54131593182683
10392 1 407191 0.7647059 6.967925000935793
10393 1 1177574 0.7536232 9.512349963188171
10394 1 2000221 0.73913044 10.837818030267954
10395 1 1953012 0.74626863 9.016306954436004
10396 1 129091 0.7536232 8.278995985165238
10397 1 129091 0.7910448 8.693672018125653
10398 1 935430 0.8055556 8.213432971388102
10399 1 1226791 0.7887324 8.683260064572096
10400 1 862672 0.7777778 7.161910994909704
10401 1 1165181 0.7763158 6.776179070584476
10402 1 1512263 0.7702703 7.724493974819779
10403 1 332147 0.80597013 8.630539057776332
10404 1 823513 0.7826087 8.396925986744463
10405 1 1189269 0.76623374 7.1090529672801495
10406 1 543642 0.8055556 9.94773709680885
10407 1 1573267 0.7837838 8.694210089743137
10408 1 1320175 0.765625 11.73237303737551
10409 1 1098814 0.7671233 10.011698002927005
10410 1 1074039 0.7605634 8.55520402546972
10411 1 1133486 0.7916667 8.405181928537786
10412 1 1134296 0.81333333 6.882532965391874
10413 1 1125389 0.75342464 8.889834978617728
10414 1 1492509 0.7763158 7.119699032045901
10415 1 336826 0.8115942 8.883225033059716
10416 1 1972081 0.7846154 10.727087035775185
10417 1 1342065 0.8115942 8.266963995993137
10418 1 597111 0.7638889 8.343456080183387
10419 1 1265042 0.7536232 7.683291914872825
10420 1 1015326 0.7808219 8.666434907354414
10421 1 790753 0.8450704 7.435659994371235
10422 1 1232687 0.84615386 9.426543023437262
10423 1 579063 0.7352941 8.123798063024879
10424 1 1163256 0.7733333 9.618791053071618
10425 1 987513 0.75384617 10.170329012908041
10426 1 1520672 0.82857144 8.77961900550872
10427 1 1429134 0.7941176 9.40935907419771
10428 1 129091 0.73239434 7.620661985129118
10429 1 1041172 0.8 7.076138048432767
10430 1 1087873 0.7848101 6.545432028360665
10431 1 345288 0.75 6.633908022195101
10432 1 1731224 0.8088235 9.470473974943161
10433 1 987123 0.79452056 8.14824493136257
10434 1 1205209 0.72602737 9.40791005268693
10435 0 0 0 8.587092044763267
10436 1 486882 0.76119405 8.595171035267413
10437 1 1155916 0.81578946 6.646124995313585
10438 1 823513 0.7714286 8.15574696753174
10439 1 1226791 0.85294116 8.932819007895887
10440 1 1007115 0.8 9.028999018482864
10441 1 1971525 0.8 7.952872081659734
10442 1 1488703 0.7916667 6.76235998980701
10443 1 1773159 0.7605634 9.029007982462645
10444 1 407191 0.8 9.192332974635065
10445 1 1441827 0.7763158 6.5264650620520115
10446 1 1505381 0.7894737 6.759744952432811
10447 1 407191 0.7878788 7.7818999998271465
10448 1 1058174 0.78571427 8.810793049633503
10449 1 1084772 0.7794118 9.469214011915028
10450 1 1310061 0.7826087 8.965969900600612
10451 1 1018504 0.7808219 8.18467908538878
10452 1 2359951 0.71428573 8.782238001003861
10453 1 1529965 0.828125 9.622999001294374
10454 1 1692803 0.7794118 9.137363987974823
10455 1 1001386 0.739726 7.6408820459619164
10456 1 1328970 0.73913044 8.585324976593256
10457 1 712778 0.78571427 8.111443021334708
10458 1 1297569 0.75384617 8.582022972404957
10459 1 998932 0.7910448 8.95154697354883
10460 1 1057397 0.79710144 8.605049108155072
10461 1 1014130 0.8309859 8.686434011906385
10462 1 1007115 0.7887324 8.739778073504567
10463 1 1086388 0.8115942 8.680079015903175
10464 1 2005026 0.7625 7.30660802219063
10465 1 1973912 0.82857144 8.832999970763922
10466 1 868851 0.7746479 9.897166048176587
10467 1 1116778 0.82666665 7.195312064141035
10468 1 704348 0.74647886 10.145475971512496
10469 1 1427131 0.8382353 9.082333999685943
10470 1 1025694 0.7808219 7.884697988629341
10471 1 652347 0.8115942 8.251620922237635
10472 1 1493190 0.7605634 7.92916095815599
10473 1 894441 0.7605634 7.3308690916746855
10474 1 1184257 0.8208955 10.820552939549088
10475 1 1580922 0.7846154 9.036435978487134
10476 1 1712177 0.8082192 6.209049024619162
10477 1 1531320 0.73239434 8.328295079991221
10478 1 1089093 0.78571427 9.529061033390462
10479 1 1162414 0.7916667 8.317211992107332
10480 1 1022086 0.8 6.8267229944467545
10481 1 1625998 0.82894737 6.879479973576963
10482 1 1342065 0.8208955 9.452344966121018
10483 1 1947766 0.8088235 8.878373075276613
10484 1 679943 0.8028169 8.264813921414316
10485 1 1943211 0.84126985 10.739305056631565
10486 1 1039990 0.74647886 10.092375916428864
10487 1 1560548 0.76811594 9.106740006245673
10488 1 1056088 0.74285716 8.081258041784167
10489 1 1249690 0.79710144 9.08240198623389
10490 1 1036052 0.7714286 8.606167044490576
10491 1 1181933 0.83116883 6.187109975144267
10492 1 1194606 0.72 6.677182973362505
10493 1 1232687 0.76811594 8.790606050752103
10494 1 579063 0.7352941 8.086165995337069
10495 1 1428059 0.76623374 6.520132999867201
10496 1 1076356 0.8055556 8.592437021434307
10497 1 1668055 0.7887324 8.312784018926322
10498 1 814683 0.7808219 8.958082995377481
10499 1 1003071 0.8055556 8.175520924851298
10500 1 1193654 0.7605634 9.252457995899022
10501 1 1121433 0.72 9.562280029058456
10502 1 370562 0.8 10.113596101291478
10503 1 69438 0.78205127 7.220412022434175
10504 1 1573267 0.8082192 8.3823959575966
10505 1 712778 0.74285716 9.934211033396423
10506 1 1003514 0.7468355 7.185701979324222
10507 1 1157374 0.75949365 7.192063028924167
10508 1 1354390 0.8115942 10.58796199504286
10509 1 706472 0.7887324 9.098798036575317
10510 1 1096966 0.73417723 6.991842994466424
10511 1 1731224 0.75342464 7.481843000277877
10512 1 367266 0.7605634 9.753250982612371
10513 1 1714351 0.77922076 8.552301907911897
10514 1 1004367 0.75609756 5.7631280506029725
10515 1 1101046 0.7808219 7.618112023919821
10516 1 579063 0.7246377 7.50953599344939
10517 1 1351641 0.8358209 8.717054035514593
10518 1 579063 0.74626863 8.65518010687083
10519 1 679943 0.7432432 7.478812010958791
10520 1 1543240 0.7123288 9.487056056968868
10521 1 1096966 0.73417723 7.093321997672319
10522 1 712778 0.72 7.0517800049856305
10523 1 1014448 0.75 8.272035978734493
10524 1 1156956 0.78205127 7.066874066367745
10525 1 1314561 0.7721519 7.107404991984367
10526 1 1039990 0.8115942 9.19951603282243
10527 1 788461 0.75342464 8.45466903410852
10528 1 1625998 0.82894737 7.10290705319494
10529 1 1795352 0.7794118 9.470785968005657
10530 1 530082 0.7972973 8.871844969689846
10531 1 1403498 0.72727275 8.544516982510686
10532 1 1531897 0.79710144 7.964543998241425
10533 1 1686181 0.7972973 7.093414897099137
10534 1 983983 0.79710144 7.733796956017613
10535 1 1143800 0.75609756 5.103731993585825
10536 1 264778 0.74358976 6.622126093134284
10537 1 712980 0.74285716 8.1714759580791
10538 1 1188658 0.7887324 8.703215047717094
10539 1 392091 0.7910448 8.767716004513204
10540 1 392091 0.7352941 9.34680795762688
10541 1 731410 0.7619048 10.355300037190318
10542 1 1579762 0.7183099 9.085980011150241
10543 1 1949294 0.7972973 7.8128420282155275
10544 1 1274483 0.7368421 8.72487889137119
10545 1 805028 0.7162162 9.635761030949652
10546 1 1976516 0.7846154 11.113364016637206
10547 1 1664709 0.7808219 8.263859897851944
10548 1 1061249 0.7567568 9.521579020656645
10549 1 1500885 0.74647886 8.895386010408401
10550 1 898528 0.7638889 8.141777012497187
10551 1 1310061 0.76811594 8.679365972056985
10552 1 1616670 0.8 8.053165976889431
10553 1 407191 0.7536232 6.8530949065461755
10554 1 813775 0.7285714 10.162830934859812
10555 1 1352197 0.7972973 7.817843928933144
10556 1 1150426 0.77922076 6.9741599727422
10557 1 851226 0.7777778 3.610849962569773
10558 1 993226 0.74698794 5.036695045419037
10559 1 1077466 0.75308645 7.287565967999399
10560 1 1060723 0.8028169 8.38579295668751
10561 1 1086542 0.8072289 5.306047038175166
10562 1 1040204 0.7804878 6.389823043718934
10563 1 873084 0.7721519 6.968530942685902
10564 1 1191367 0.72839504 5.6010030675679445
10565 1 1669678 0.7763158 6.917312974110246
10566 1 1081603 0.7906977 4.355696961283684
10567 1 1836683 0.8433735 4.629147006198764
10568 1 1138458 0.7875 5.804842920042574
10569 1 866868 0.7590361 4.805119009688497
10570 1 1721980 0.7590361 6.274490035139024
10571 1 240008 0.775 6.074712029658258
10572 1 873084 0.8076923 6.867043091915548
10573 1 1131977 0.7710843 5.875454982742667
10574 1 873084 0.79746836 6.241671973839402
10575 1 1189269 0.7631579 7.211531978100538
10576 1 1093245 0.8313253 4.775802954100072
10577 1 1142235 0.7777778 2.964759012684226
10578 1 109474 0.825 5.604923004284501
10579 1 1226791 0.74025977 6.572998943738639
10580 1 1441837 0.81707317 4.910935997031629
10581 1 1009381 0.7625 5.757139064371586
10582 1 1440673 0.825 5.637770984321833
10583 1 1183528 0.82051283 6.456717033870518
10584 1 873084 0.7721519 6.867888034321368
10585 1 1491008 0.8 6.614204961806536
10586 1 1226791 0.74358976 5.40750497020781
10587 1 1150250 0.7692308 6.288132979534566
10588 1 873084 0.80263156 7.828536909073591
10589 1 1342007 0.79746836 5.424345028586686
10590 1 1144258 0.7922078 5.3289009956642985
10591 1 709444 0.8125 5.841145990416408
10592 1 815406 0.7848101 5.362850031815469
10593 1 1150250 0.77922076 6.664020009338856
10594 1 1081603 0.73333335 3.770233946852386
10595 1 842478 0.79545456 3.6882630083709955
10596 1 821172 0.7887324 7.772397017106414
10597 1 1833959 0.84810126 5.162013927474618
10598 1 1118915 0.80487806 4.308104980736971
10599 1 836289 0.835443 4.343189066275954
10600 1 1501594 0.8194444 7.252737996168435
10601 1 1831035 0.82051283 5.3048309637233615
10602 1 704348 0.71428573 7.195055950433016
10603 1 1444322 0.8375 5.676269065588713
10604 1 1015075 0.80487806 4.789426922798157
10605 1 240008 0.8181818 7.103979936800897
10606 1 222186 0.73333335 7.130894926376641
10607 1 240008 0.7777778 5.524148000404239
10608 1 1428059 0.75641024 7.0512499660253525
10609 1 240008 0.84210527 7.111442042514682
10610 1 1081603 0.73333335 3.953184001147747
10611 1 655803 0.8148148 5.779032944701612
10612 1 990372 0.8148148 4.742271965369582
10613 1 1949294 0.7692308 5.4055830696597695
10614 1 1183528 0.7777778 5.159738007932901
10615 1 1415695 0.8356164 6.523078074678779
10616 1 1491008 0.71428573 3.7615830078721046
10617 1 709444 0.8125 5.760079016909003
10618 1 1299341 0.8313253 4.863723064772785
10619 1 1081603 0.7764706 5.198733066208661
10620 1 694736 0.8227848 6.250860053114593
10621 1 873084 0.75609756 5.316660040989518
10622 1 1081603 0.8072289 5.5012189550325274
10623 1 1440673 0.79761904 4.363020998425782
10624 1 873084 0.83116883 6.401106948032975
10625 1 1025899 0.74390244 5.734297097660601
10626 1 840337 0.8072289 5.020297016017139
10627 1 979375 0.73626375 3.727789968252182
10628 1 997062 0.7654321 5.752724013291299
10629 1 1566712 0.7692308 5.383915966376662
10630 1 1161492 0.7294118 5.029984982684255
10631 1 873084 0.7948718 6.962876999750733
10632 1 1081603 0.8452381 4.02445497456938
10633 1 1009778 0.79012346 5.015395930968225
10634 1 1491008 0.71428573 4.0751120541244745
10635 1 1081603 0.77272725 4.234137944877148
10636 1 1016912 0.79746836 5.855412920936942
10637 1 1081603 0.77272725 4.25132701639086
10638 1 873084 0.775 6.348155089654028
10639 1 2098018 0.76623374 7.343810983002186
10640 1 1081603 0.74444443 3.6934680538251996
10641 1 1053639 0.7882353 4.770285100676119
10642 1 939116 0.7777778 6.208834005519748
10643 1 1022086 0.7380952 3.9996799314394593
10644 1 1053639 0.74444443 3.3021640265360475
10645 1 261162 0.835443 5.704676965251565
10646 1 1226791 0.74025977 6.516868015751243
10647 1 1223538 0.7948718 6.627599010244012
10648 1 1166146 0.7733333 6.64502801373601
10649 1 1299341 0.8313253 4.3397939298301935
10650 1 1226791 0.74025977 6.028575007803738
10651 1 1077466 0.84415585 6.590101053006947
10652 1 1491008 0.75 4.3665890116244555
10653 1 1024767 0.79746836 5.508671049028635
10654 1 1669678 0.7763158 6.457034032791853
10655 1 240008 0.7777778 5.140966968610883
10656 1 873084 0.7721519 7.312519010156393
10657 1 837522 0.73170733 6.739559001289308
10658 1 1150426 0.77922076 7.221846957691014
10659 1 1085126 0.76623374 7.620495045557618
10660 1 939116 0.7777778 6.047642906196415
10661 1 851226 0.76086956 2.9661450535058975
10662 1 240008 0.7777778 5.523321917280555
10663 1 938694 0.83116883 6.44815294072032
10664 1 1511696 0.7894737 6.501027964986861
10665 1 845476 0.82666665 7.162975030951202
10666 1 222186 0.73333335 6.647498928941786
10667 1 1491008 0.75 4.45594300981611
10668 1 694736 0.8227848 5.664771888405085
10669 1 1022086 0.79746836 4.318188992328942
10670 1 704348 0.71428573 6.515374989248812
10671 1 1781080 0.8333333 5.524228909052908
10672 1 1077466 0.76829267 5.211601033806801
10673 1 1250702 0.835443 5.159430904313922
10674 1 1081603 0.7906977 4.450606997124851
10675 1 1573267 0.80263156 6.623102002777159
10676 1 815406 0.7948718 6.018265965394676
10677 1 240008 0.84210527 7.076538051478565
10678 1 1521697 0.8051948 5.980305024422705
10679 1 863333 0.72619045 4.7050160355865955
10680 1 1491008 0.71428573 3.910547005943954
10681 1 845476 0.7721519 5.157595034688711
10682 1 871240 0.78313255 4.862810950726271
10683 1 845476 0.8051948 6.084079970605671
10684 1 851226 0.7752809 3.8332350086420774
10685 1 815439 0.8 5.460222950205207
10686 1 240008 0.775 5.86367305368185
10687 1 1831035 0.7777778 4.622893990017474
10688 1 873084 0.7176471 4.464921075850725
10689 1 1249397 0.82894737 6.183212040923536
10690 1 240008 0.775 5.814081989228725
10691 1 873084 0.73493975 5.398524925112724
10692 1 240008 0.7590361 4.48029104154557
10693 1 1560451 0.8076923 5.198272992856801
10694 1 58790 0.7375 6.69516297057271
10695 1 1081603 0.79518074 5.723975948058069
10696 1 1086542 0.8271605 5.676647066138685
10697 1 1183528 0.7848101 7.185478927567601
10698 1 1711841 0.8095238 5.6428429670631886
10699 1 1081603 0.8117647 4.080208018422127
10700 1 2472414 0.8082192 5.71854505687952
10701 1 1081603 0.80487806 6.132686976343393
10702 1 811405 0.7468355 7.750930963084102
10703 1 822534 0.7 5.35966397728771
10704 1 1519228 0.7922078 6.07446301728487
10705 1 1093245 0.8313253 4.661413957364857
10706 1 1081603 0.7816092 4.038685001432896
10707 1 2095327 0.7311828 4.204980912618339
10708 1 1072031 0.80487806 5.8332179905846715
10709 1 993226 0.7922078 8.141867001540959
10710 1 1012144 0.775 6.941592087969184
10711 1 1013339 0.7808219 6.87244301661849
10712 1 1060723 0.7916667 7.29463598690927
10713 1 1342007 0.7721519 6.082194042392075
10714 1 1150250 0.75 5.616563954390585
10715 1 1150250 0.7468355 6.626595044508576
10716 1 1566712 0.7692308 5.20299794152379
10717 1 1081603 0.7586207 5.113975959829986
10718 1 809645 0.74390244 6.5016970038414
10719 1 990372 0.80246913 5.642229923978448
10720 1 1183528 0.8076923 6.837402004748583
10721 1 1067514 0.8378378 6.745729013346136
10722 1 993226 0.71428573 5.798334954306483
10723 1 1068180 0.79268295 5.0203719874843955
10724 1 1350843 0.72 6.832162034697831
10725 1 1440673 0.79761904 4.194642999209464
10726 1 240008 0.7777778 5.812893970869482
10727 1 1521697 0.8051948 6.297031999565661
10728 1 1068617 0.8095238 4.726478015072644
10729 1 1174922 0.8082192 7.297627977095544
10730 1 1150250 0.81578946 6.729400018230081
10731 1 1137675 0.76829267 5.3792300168424845
10732 1 1193233 0.80263156 6.392340990714729
10733 1 240008 0.7590361 5.4359110072255135
10734 1 1504757 0.7671233 7.4474739376455545
10735 1 1038904 0.7948718 6.610624957829714
10736 1 1183528 0.7875 6.589098018594086
10737 1 836289 0.8648649 7.596932933665812
10738 1 637180 0.81578946 7.087116944603622
10739 1 873084 0.7721519 7.584894890896976
10740 1 1081603 0.74725276 3.3469069749116898
10741 1 1223538 0.7948718 6.950021022930741
10742 1 1067514 0.8378378 7.010302040725946
10743 1 1067514 0.8378378 6.934853037819266
10744 1 731284 0.7777778 6.347167072817683
10745 1 1393898 0.8974359 5.385605967603624
10746 1 240008 0.84210527 7.418042980134487
10747 1 873084 0.7875 5.930693005211651
10748 1 1191367 0.72839504 5.8356550289317966
10749 1 833463 0.7848101 5.311505985446274
10750 1 1560721 0.8333333 5.702615948393941
10751 1 1441837 0.81707317 5.2389350021258
10752 1 1721980 0.7590361 5.876057897694409
10753 1 1081603 0.7764706 4.8932620557025075
10754 1 240008 0.7777778 5.195403005927801
10755 1 821172 0.8142857 7.897329982370138
10756 1 261162 0.835443 5.21281803958118
10757 1 240008 0.775 5.69864409044385
10758 1 1142235 0.76666665 2.9087610309943557
10759 1 1068180 0.79268295 4.925996996462345
10760 1 1073169 0.8076923 7.379018003121018
10761 1 1016912 0.75 4.1373909916728735
10762 1 1409596 0.8 6.742478930391371
10763 1 1142235 0.8117647 3.8598140235990286
10764 1 873084 0.7948718 6.9376000901684165
10765 1 1949294 0.7692308 5.89676306117326
10766 1 1081603 0.74725276 3.037034999579191
10767 1 704348 0.72727275 6.28612597938627
10768 1 1081603 0.7816092 3.790081012994051
10769 1 655803 0.8148148 5.1890779286623
10770 1 1093245 0.8313253 4.439914016984403
10771 1 400210 0.8518519 5.823976942338049
10772 1 1761802 0.7916667 6.271632038988173
10773 1 1142235 0.7816092 4.1250670328736305
10774 1 240008 0.7590361 4.8456930089741945
10775 1 1249397 0.82894737 6.759603973478079
10776 1 851658 0.7721519 5.680838949047029
10777 1 836289 0.825 4.750587046146393
10778 1 1177038 0.8101266 5.55033702403307
10779 1 1441837 0.81707317 4.925857996568084
10780 1 1183528 0.8181818 6.659164908342063
10781 1 370562 0.7837838 7.827456924133003
10782 1 1949294 0.7692308 5.966728087514639
10783 1 1573267 0.7922078 6.073137978091836
10784 1 1081603 0.7613636 4.131734021939337
10785 1 1081603 0.75 4.5295830350369215
10786 1 1009462 0.75609756 5.566013976931572
10787 1 1150426 0.7848101 5.672999890521169
10788 1 833111 0.77011496 4.755215020850301
10789 1 863895 0.79268295 5.438382038846612
10790 1 1440673 0.8072289 4.735770984552801
10791 1 261162 0.835443 5.493932985700667
10792 1 240008 0.7590361 4.8363880487158895
10793 1 1949294 0.7692308 5.787243950180709
10794 1 1501594 0.8194444 6.832716055214405
10795 1 811200 0.79746836 5.973949912004173
10796 1 1672237 0.7906977 4.684148007072508
10797 1 821172 0.7808219 6.995663046836853
10798 1 1193233 0.8243243 7.029726984910667
10799 1 1154446 0.82666665 6.273984094150364
10800 1 240008 0.7590361 4.9098460003733635
10801 1 840337 0.85365856 4.987766034901142
10802 1 1016772 0.7692308 6.061748950742185
10803 1 1195135 0.7752809 4.132983041927218
10804 1 240008 0.775 6.286896066740155
10805 1 1521697 0.7721519 5.7115929666906595
10806 1 1535844 0.8333333 4.278906038962305
10807 1 1150250 0.73417723 7.175654987804592
10808 1 1067299 0.72289157 4.859472974203527
10809 1 1137675 0.78205127 8.209685911424458
10810 1 1114782 0.75308645 5.705456947907805
10811 1 1154446 0.7972973 7.911217049695551
10812 1 1009381 0.7848101 6.041993037797511
10813 1 1154446 0.81578946 5.734990001656115
10814 1 1016912 0.7875 4.73900290671736
10815 1 990372 0.7804878 5.526990047656
10816 1 1114782 0.78205127 7.194053032435477
10817 1 357450 0.7638889 6.197648937813938
10818 1 939116 0.8125 5.631826003082097
10819 1 1150426 0.7922078 7.393824984319508
10820 1 1949149 0.7567568 6.684427964501083
10821 1 1016912 0.84 7.178338011726737
10822 1 1831035 0.82051283 5.767985014244914
10823 1 1081603 0.8271605 6.253136903978884
10824 1 939116 0.7710843 5.3553980542346835
10825 1 267717 0.7721519 6.618660059757531
10826 1 1154446 0.7532467 7.311503053642809
10827 1 956788 0.8148148 5.723323090933263
10828 1 827489 0.8 7.226813002489507
10829 1 1415695 0.8356164 7.226380985230207
10830 1 1491008 0.8 6.351739983074367
10831 1 999321 0.7777778 4.617613973096013
10832 1 81388 0.7625 4.926462075673044
10833 1 1009462 0.76829267 5.253309034742415
10834 1 1068180 0.7647059 4.48743999004364
10835 1 1672237 0.7906977 5.072991014458239
10836 1 1441837 0.81707317 5.3253809455782175
10837 1 1193233 0.77922076 6.052659009583294
10838 1 1030713 0.825 5.683826981112361
10839 1 1573267 0.7692308 6.189089035615325
10840 1 240008 0.84210527 7.204288034699857
10841 1 1024767 0.775 6.150168017484248
10842 1 1068180 0.7804878 5.256845033727586
10843 1 1781080 0.8333333 5.765011999756098
10844 1 1226791 0.74358976 5.2177379839122295
10845 1 1030713 0.825 5.377092980779707
10846 1 993226 0.8051948 6.657171994447708
10847 1 370562 0.7733333 6.729553919285536
10848 1 1081603 0.7882353 4.488729988224804
10849 1 1492387 0.75641024 5.721305031329393
10850 1 1079799 0.7625 6.5589789301157
10851 1 1009381 0.77922076 7.065190002322197
10852 1 1081603 0.7613636 4.006139002740383
10853 1 48839 0.7875 5.495511926710606
10854 1 1521697 0.7468355 6.111618014983833
10855 1 1093245 0.8313253 4.793229978531599
10856 1 1105991 0.85 5.0997210200876
10857 1 1118388 0.8333333 6.039298023097217
10858 1 1573267 0.82666665 6.132245063781738
10859 1 1085024 0.8552632 6.140001933090389
10860 1 1081603 0.8023256 4.116609925404191
10861 1 1491008 0.71428573 3.990141092799604
10862 1 1024767 0.79012346 5.157853942364454
10863 1 1067299 0.75641024 6.211232976056635
10864 1 1118915 0.75581396 3.5786160733550787
10865 1 240008 0.7590361 4.348844988271594
10866 1 1491008 0.8 5.936329951509833
10867 1 1161492 0.75609756 5.5413939990103245
10868 1 851226 0.7802198 2.8715209336951375
10869 1 694736 0.8227848 5.725948954932392
10870 1 1092524 0.7875 5.61753602232784
10871 1 990372 0.8227848 5.501660984009504
10872 1 1053639 0.8068182 2.9699529986828566
10873 1 873084 0.7848101 6.238827016204596
10874 1 1226791 0.74358976 5.105579970404506
10875 1 1053639 0.7764706 4.492211970500648
10876 1 1226791 0.74358976 5.083619966171682
10877 1 1560451 0.81578946 6.20790000539273
10878 1 709444 0.8125 5.7334150187671185
10879 1 993226 0.74698794 4.769040970131755
10880 1 1491008 0.77922076 5.062835989519954
10881 1 1085024 0.8552632 5.659083952195942
10882 1 1464790 0.7654321 4.045406938530505
10883 1 1226791 0.74358976 5.552447983063757
10884 1 1081603 0.8313253 4.558461019769311
10885 1 240008 0.7777778 5.471259937621653
10886 1 2014639 0.8372093 3.932322026230395
10887 1 821172 0.82857144 7.344583049416542
10888 1 417915 0.7882353 4.756200942210853
10889 1 1521697 0.8051948 6.2525339890271425
10890 1 1350843 0.72 7.356421905569732
10891 1 1183528 0.7848101 7.265856955200434
10892 1 1123652 0.7804878 5.585393984802067
10893 1 1158408 0.80263156 5.071006948128343
10894 1 1006239 0.8108108 7.204517023637891
10895 1 1440673 0.8072289 4.4833889696747065
10896 1 1440673 0.8072289 4.50584408827126
10897 1 979375 0.8333333 4.486931953579187
10898 1 1114782 0.8051948 6.8400680320337415
10899 1 1081603 0.7882353 4.394677933305502
10900 1 993226 0.7922078 6.924569956026971
10901 1 1016912 0.7875 4.758644965477288
10902 1 1161492 0.7654321 6.008173921145499
10903 1 1501594 0.8194444 6.448565050959587
10904 1 1342007 0.79746836 5.095112952403724
10905 1 1409596 0.75 6.507631973363459
10906 1 1226791 0.74358976 5.108413984999061
10907 1 1085024 0.8552632 5.60463999863714
10908 1 1131977 0.7710843 5.200195009820163
10909 1 1393898 0.8974359 5.227444926276803
10910 1 1016912 0.84 6.2967430567368865
10911 1 993226 0.73170733 5.653123022057116
10912 1 1566713 0.82857144 7.003088016062975
10913 1 1441837 0.81707317 4.687946988269687
10914 1 1067299 0.7625 4.6830070205032825
10915 1 558023 0.81333333 6.406420026905835
10916 1 851658 0.76623374 6.595965940505266
10917 1 1393898 0.8974359 5.312382010743022
10918 1 1183528 0.79746836 6.10986992251128
10919 1 1226791 0.74025977 6.672132993116975
10920 1 1223538 0.7948718 6.646528956480324
10921 1 1016912 0.8076923 5.620302050374448
10922 1 240008 0.775 5.923612974584103
10923 1 1030713 0.825 5.178535939194262
10924 1 275461 0.7356322 4.45121806114912
10925 1 1144258 0.7922078 5.712772021070123
10926 1 1135095 0.74390244 5.5378049146384
10927 1 694736 0.8227848 6.025263923220336
10928 1 1138735 0.8125 6.046709953807294
10929 1 267717 0.7721519 6.559883011505008
10930 1 999321 0.7777778 4.39992593601346
10931 1 1560451 0.8076923 5.034045083448291
10932 1 1030713 0.825 5.68027701228857
10933 1 1081603 0.7816092 3.8641580613330007
10934 1 1669678 0.7763158 6.845774012617767
10935 1 1053639 0.7816092 3.7920339964330196
10936 1 1223538 0.7948718 6.238804082386196
10937 1 1142235 0.8117647 3.710346994921565
10938 1 1150426 0.7894737 7.885999977588654
10939 1 1848384 0.85915494 9.331253007985651
10940 1 987103 0.8101266 6.1796699883416295
10941 1 1491008 0.75 4.665561020374298
10942 1 240008 0.775 6.098276004195213
10943 1 240008 0.7777778 5.694783991202712
10944 1 1016912 0.7875 5.255092983134091
10945 1 1249397 0.82894737 5.969368037767708
10946 1 1501594 0.8194444 6.509079015813768
10947 1 1097990 0.7972973 6.058286991901696
10948 1 1094336 0.77922076 6.6402379889041185
10949 1 1188764 0.7654321 4.773008986376226
10950 1 1145626 0.7407407 7.053851033560932
10951 1 2095327 0.7311828 4.132223082706332
10952 1 1081603 0.75555557 3.3458909019827843
10953 1 1142235 0.79310346 3.542235936038196
10954 1 1492905 0.8101266 5.449665943160653
10955 1 1016912 0.75 3.8988710148259997
10956 1 1024767 0.79746836 6.083792075514793
10957 1 1148796 0.79746836 6.571745034307241
10958 1 1081603 0.8214286 4.7824939247220755
10959 1 1048414 0.81707317 5.156661034561694
10960 1 1067299 0.7375 5.570193054154515
10961 1 1081603 0.7790698 4.682669998146594
10962 1 1226791 0.74358976 5.248615983873606
10963 1 1183528 0.8181818 6.530646001920104
10964 1 1154446 0.8243243 6.540935952216387
10965 1 731284 0.7777778 6.495266919955611
10966 1 990372 0.8227848 5.620962008833885
10967 1 1455108 0.79746836 6.118485936895013
10968 1 1455108 0.79746836 6.1130180256441236
10969 1 240008 0.8181818 7.056107046082616
10970 1 1053639 0.73626375 3.108939970843494
10971 1 558023 0.81333333 6.465274025686085
10972 1 1081603 0.73626375 3.7634919863194227
10973 1 1135095 0.74390244 6.19324401486665
10974 1 1183528 0.7875 6.885856972075999
10975 1 881899 0.8108108 9.373601991683245
10976 1 1166146 0.7894737 6.319885025732219
10977 1 694736 0.8227848 7.202790933661163
10978 1 1491008 0.77922076 6.6533900098875165
10979 1 1105991 0.8125 7.425944088026881
10980 1 1041615 0.835443 7.120635011233389
10981 1 1081603 0.7613636 5.09414600674063
10982 1 2014639 0.8372093 5.032612010836601
10983 1 1492387 0.75641024 7.579085999168456
10984 1 1081603 0.8414634 6.243112031370401
10985 1 1491008 0.77922076 6.952711963094771
10986 1 1067299 0.7375 6.9683820474892855
10987 1 1167045 0.8051948 8.918525069020689
10988 1 851226 0.7692308 4.235008964315057
10989 1 240008 0.8181818 8.769273990765214
10990 1 1150250 0.75949365 7.803043001331389
10991 1 1440673 0.81707317 5.895979003980756
10992 1 856290 0.8101266 7.336854003369808
10993 1 1491008 0.75 5.933712003752589
10994 1 1144258 0.81578946 7.099937996827066
10995 1 1560451 0.81578946 8.333340985700488
10996 1 1393898 0.8974359 7.095413981005549
10997 1 1081603 0.79310346 4.919401020742953
10998 1 938694 0.83116883 8.060546009801328
10999 1 417915 0.7882353 5.905213998630643
11000 1 1081603 0.77011496 5.420555011369288
11001 1 1142235 0.7790698 5.4177409037947655
11002 1 1077466 0.75 9.488317999057472
11003 1 993226 0.73170733 7.324281032197177
11004 1 1491008 0.77922076 6.8244560388848186
11005 1 709444 0.8125 7.571586058475077
11006 1 873084 0.8051948 8.759347023442388
11007 1 709444 0.8125 7.649592007510364
11008 1 1016912 0.79746836 6.923864013515413
11009 1 873084 0.8 6.910452037118375
11010 1 655803 0.8148148 6.809462909586728
11011 1 1081603 0.7816092 5.385342054069042
11012 1 815406 0.8076923 7.550889975391328
11013 1 1053639 0.7906977 5.586515064351261
11014 1 1188764 0.7654321 7.128598052076995
11015 1 873084 0.7654321 7.576471078209579
11016 1 1123499 0.7906977 6.305629038251936
11017 1 1041615 0.8271605 6.714620976708829
11018 1 1226791 0.74358976 7.292787893675268
11019 1 873084 0.7922078 9.71363706048578
11020 1 845476 0.81333333 8.815448032692075
11021 1 939116 0.8125 7.116427063010633
11022 1 267717 0.7710843 6.330048083327711
11023 1 1030713 0.825 7.334540016017854
11024 1 1138458 0.82051283 8.581995964050293
11025 1 1093245 0.8313253 6.221188930794597
11026 1 1097990 0.7733333 7.490187999792397
11027 1 1077466 0.775 7.810299983248115
11028 1 1761802 0.7916667 6.634976016357541
11029 1 1016912 0.79746836 6.261172005906701
11030 1 1024767 0.7654321 5.999887944199145
11031 1 873084 0.82894737 7.597681018523872
11032 1 1560451 0.81578946 6.892121979035437
11033 1 1226791 0.74358976 5.750365904532373
11034 1 1193233 0.7866667 7.336796028539538
11035 1 1079799 0.75308645 6.2543959356844425
11036 1 1181206 0.75 3.7131819408386946
11037 1 417915 0.7882353 4.396553966216743
11038 1 1060209 0.81578946 6.479428964667022
11039 1 809645 0.75308645 6.407901062630117
11040 1 1105991 0.8227848 6.221660994924605
11041 1 240008 0.84210527 6.719575962051749
11042 1 1081603 0.74157304 4.115310963243246
11043 1 1131977 0.8271605 5.787016940303147
11044 1 828675 0.7375 4.837862914428115
11045 1 2472414 0.8082192 6.157065043225884
11046 1 993226 0.84415585 6.175871007144451
11047 1 1161492 0.79012346 5.851033027283847
11048 1 704348 0.72727275 6.707884022034705
11049 1 820185 0.84415585 6.159009994007647
11050 1 840337 0.81707317 5.669152014888823
11051 1 1148796 0.75 7.058740011416376
11052 1 1013339 0.7368421 6.501039024442434
11053 1 1150426 0.78205127 6.386784021742642
11054 1 240008 0.7590361 4.4513760367408395
11055 1 851658 0.76623374 6.665749009698629
11056 1 1440673 0.7882353 3.881848999299109
11057 1 602764 0.75789475 2.4058899143710732
11058 1 2014726 0.7659575 3.406632924452424
11059 1 2429897 0.78651685 2.9616199899464846
11060 1 2014726 0.7659575 3.465570043772459
11061 1 836289 0.835443 4.770072060637176
11062 1 1440673 0.7882353 3.923665964975953
11063 1 1041615 0.8192771 4.4145319843664765
11064 1 2429897 0.78651685 3.130358993075788
11065 1 457738 0.7741935 3.1336270039901137
11066 1 836289 0.835443 4.759985953569412
11067 1 1440673 0.7882353 3.9685380179435015
11068 1 836289 0.8125 4.690925939939916
11069 1 602764 0.75789475 2.5063869543373585
11070 1 1041615 0.8072289 4.496537963859737
11071 1 1440673 0.7790698 3.9015470538288355
11072 1 1086542 0.7816092 3.8880029460415244
11073 1 1081603 0.74725276 3.067968995310366
11074 1 1041615 0.81707317 4.794794018380344
11075 1 1440673 0.7882353 4.053518990986049
11076 1 1440673 0.7882353 3.8588240277022123
11077 1 1081603 0.7311828 2.873776014894247
11078 1 1440673 0.7790698 4.161685006693006
11079 1 564135 0.8 3.4423869801685214
11080 1 1440673 0.7882353 4.035779042169452
11081 1 1440673 0.7882353 4.028043011203408
11082 1 564135 0.8 3.5209819907322526
11083 1 836289 0.79518074 4.044307046569884
11084 1 1016912 0.73255813 3.639274975284934
11085 1 1142235 0.7802198 2.6068059960380197
11086 1 1941398 0.8045977 3.334736917167902
11087 1 836289 0.835443 4.777665017172694
11088 1 1440673 0.7790698 4.106760025024414
11089 1 1081603 0.74725276 3.0949879437685013
11090 1 836289 0.825 4.6828510239720345
11091 1 1077466 0.74418604 4.405045998282731
11092 1 1440673 0.7790698 3.958632005378604
11093 1 1941398 0.8045977 3.360845963470638
11094 1 1440673 0.7790698 3.941818024031818
11095 1 602764 0.75789475 2.3759889882057905
11096 1 564135 0.8 3.2939460361376405
11097 1 1440673 0.7790698 3.9492290234193206
11098 1 1440673 0.7882353 3.9905610028654337
11099 1 1081603 0.75555557 3.338542068377137
11100 1 1440673 0.7882353 3.8820659974589944
11101 1 1195135 0.8043478 2.305677975527942
11102 1 1198814 0.83950615 5.089870071969926
11103 1 836289 0.80487806 3.7333539221435785
11104 1 2014726 0.7659575 3.4437760477885604
11105 1 1440673 0.7882353 3.761707106605172
11106 1 1440673 0.7882353 3.741087974049151
11107 1 836289 0.79518074 3.686634940095246
11108 1 1198814 0.81395346 3.629861050285399
11109 1 886535 0.75 4.334214958362281
11110 1 1941398 0.8045977 3.2003880478441715
11111 1 564135 0.8 3.1220100354403257
11112 1 836289 0.8271605 3.7018260918557644
11113 1 2429897 0.78651685 2.9450160218402743
11114 1 836289 0.8148148 4.075968987308443
11115 1 457738 0.7741935 3.132229088805616
11116 1 1941398 0.8045977 3.3656139858067036
11117 1 1440673 0.7790698 4.0222411043941975
11118 1 1440673 0.7882353 3.6655659787356853
11119 1 2014726 0.7659575 3.6998179275542498
11120 1 1440673 0.7882353 3.7288630846887827
11121 1 602764 0.75789475 2.3399589117616415
11122 1 886535 0.75 4.410365014337003
11123 1 1440673 0.7790698 3.8922600215300918
11124 1 1086542 0.8095238 4.3471690732985735
11125 1 1440673 0.7882353 4.0970249101519585
11126 1 833111 0.8372093 3.4832350211218
11127 1 1776586 0.85714287 0.4321150481700897
11128 1 367598 0.8888889 0.4546460695564747
11129 1 406172 0.8888889 0.43844198808074
11130 1 976455 0.8181818 0.4525580443441868
11131 1 1799538 0.8181818 0.4482000367715955
11132 1 1425522 0.8888889 0.46572601422667503
11133 1 171720 0.875 0.4557330394163728
11134 1 13012 0.8888889 0.46955596189945936
11135 1 450042 0.875 0.4355859709903598
11136 1 13012 0.8888889 0.46630704309791327
11137 1 395769 0.9 0.45796798076480627
11138 1 13012 0.8888889 0.4741279408335686
11139 1 1966038 1.0 0.43618492782115936
11140 1 1678182 0.85714287 0.4357709549367428
11141 1 149535 0.8 0.469085993245244
11142 1 1630850 0.8 0.47326600179076195
11143 1 406172 0.8888889 0.4335039993748069
11144 1 1575713 1.0 0.43514196295291185
11145 1 178281 0.8181818 0.46248198486864567
11146 1 470475 0.85714287 0.42972899973392487
11147 1 1459038 0.8888889 0.43258105870336294
11148 1 278036 0.8888889 0.4488350823521614
11149 1 178281 0.8181818 0.4561039386317134
11150 1 278036 0.8888889 0.4429599503055215
11151 1 1669974 0.8888889 0.44130103196948767
11152 1 1967575 0.8888889 0.45756902545690536
11153 1 1969602 0.8888889 0.4559099907055497
11154 1 173355 0.875 0.4351200768724084
11155 1 367598 0.8888889 0.4624989815056324
11156 1 296193 0.8888889 0.4339690785855055
11157 1 1795410 0.8333333 0.43332402128726244
11158 1 1425522 0.8888889 0.4645489389076829
11159 1 395769 0.9 0.4584940616041422
11160 1 1562909 0.8888889 0.43280806858092546
11161 1 1459038 0.8888889 0.4330389201641083
11162 1 1425522 0.8888889 0.47553901094943285
11163 1 15575 0.8181818 0.4739239811897278
11164 1 1137419 0.8095238 0.7236959645524621
11165 1 80764 0.85714287 0.9149790275841951
11166 1 222657 0.84210527 0.7653359789401293
11167 1 578128 0.84210527 0.6219819188117981
11168 1 138871 0.85 0.7630859035998583
11169 1 824227 0.8 0.7797369034960866
11170 1 345061 0.9047619 0.7547850254923105
11171 1 1596516 0.9230769 0.4701660946011543
11172 1 489285 0.8 0.6824039155617356
11173 1 1967844 0.85714287 0.7505710236728191
11174 1 6965 0.8636364 0.856494065374136
11175 1 297617 0.8 0.9008310735225677
11176 1 1019697 0.84210527 0.6340779364109039
11177 1 1497419 0.8333333 0.9421419817954302
11178 1 303440 0.8333333 0.5617770366370678
11179 1 1945762 0.8181818 0.6912860553711653
11180 1 447801 0.8666667 0.5163790192455053
11181 1 80764 0.8095238 0.8607859490439296
11182 1 598624 0.8 0.5002859979867935
11183 1 993461 0.95238096 0.8712229318916798
11184 1 412652 0.8333333 0.6191519787535071
11185 1 1696750 0.88235295 0.6125699728727341
11186 1 2382942 0.875 0.5510280607268214
11187 1 1914131 0.8947368 0.6583529757335782
11188 1 8881 0.8125 0.5658470327034593
11189 1 454901 0.84210527 0.619148020632565
11190 1 578128 0.84210527 0.6547600496560335
11191 1 1860792 0.875 0.5519029218703508
11192 1 1963862 0.85714287 0.7946330588310957
11193 1 231994 0.8636364 0.7873550057411194
11194 1 2243956 0.8947368 0.6572800921276212
11195 1 1747484 0.8333333 0.7215859368443489
11196 1 139273 0.9 0.7351250387728214
11197 1 153562 0.84210527 0.6165009690448642
11198 1 1167841 0.875 0.5968080367892981
11199 1 291039 0.85714287 0.7022659992799163
11200 1 1188591 0.85 0.758620910346508
11201 1 1675766 0.8235294 0.6416310789063573
11202 1 396351 0.8888889 0.6459410069510341
11203 1 1384313 0.84210527 0.7064319215714931
11204 1 1661713 0.8235294 0.5362009396776557
11205 1 1967140 0.8235294 0.5490939365699887
11206 1 469613 0.82608694 0.9296099888160825
11207 1 1302410 0.8 0.8437290089204907
11208 1 1925491 0.8 0.9742090478539467
11209 1 98538 0.8636364 0.8924759458750486
11210 1 983274 0.82608694 0.8986409520730376
11211 1 1442864 0.8125 0.5961009301245213
11212 1 12425 0.9 0.7160420063883066
11213 1 1738244 0.8095238 0.6865409668534994
11214 1 1910978 0.94736844 0.7396220462396741
11215 1 1695184 0.8 0.627364031970501
11216 1 138871 0.85 0.7709360215812922
11217 1 2429392 0.8181818 0.7331320084631443
11218 1 962300 0.88235295 0.5530590424314141
11219 1 767599 0.85714287 0.5054339999333024
11220 1 1854733 0.82608694 0.8558019762858748
11221 1 746787 0.7894737 0.6846809992566705
11222 1 1019697 0.8947368 0.6731878966093063
11223 1 643369 0.84210527 0.8103849831968546
11224 1 31737 0.85 0.6638119230046868
11225 1 138871 0.85 0.7773999823257327
11226 1 277322 0.8235294 0.6423610029742122
11227 1 1678286 0.84210527 0.6138070020824671
11228 1 31737 0.7894737 0.55943604093045
11229 1 1695184 0.8 0.6078220903873444
11230 1 138871 0.85 0.7703109877184033
11231 1 1968188 0.875 0.5172019591554999
11232 1 566343 0.8 0.5015459610149264
11233 1 2019893 0.875 0.5087209865450859
11234 1 1778506 0.8333333 0.5900469841435552
11235 1 46582 0.93333334 0.5374620668590069
11236 1 195232 0.9047619 0.7771899690851569
11237 1 2466397 0.9411765 0.6173619767650962
11238 1 1668724 0.8 0.9531601099297404
11239 1 52610 0.8666667 0.5754900630563498
11240 1 1924168 0.7894737 0.6967249792069197
11241 1 596375 0.8666667 0.543735921382904
11242 1 486280 0.84210527 0.6155979353934526
11243 1 994259 0.9411765 0.5426629213616252
11244 1 1630727 0.7894737 0.8356900652870536
11245 1 1246414 0.875 0.5536190001294017
11246 1 474234 0.84615386 0.4966519773006439
11247 1 161983 0.9375 0.5329230334609747
11248 1 1678656 0.93333334 0.5045529687777162
11249 1 1854807 0.8947368 0.6092839175835252
11250 1 1961202 0.85714287 0.506301992572844
11251 1 96961 0.85 0.7817919831722975
11252 1 1961012 0.9 0.7113610627129674
11253 1 1909564 0.8235294 0.645589898340404
11254 1 650161 0.84210527 0.6317190127447248
11255 1 1645126 0.88235295 0.5722009809687734
11256 1 1302410 0.8 0.7806620560586452
11257 1 598624 0.8 0.5221510073170066
11258 1 1585108 0.8095238 0.9582990314811468
11259 1 1925491 0.8 0.9615930030122399
11260 1 596375 0.85714287 0.5197779973968863
11261 1 596375 0.9285714 0.5478179082274437
11262 1 1824434 0.88235295 0.5564439343288541
11263 1 1338616 0.85714287 0.8864490082487464
11264 1 746787 0.7894737 0.769349979236722
11265 1 2017015 0.8 0.6086060311645269
11266 1 1522881 0.8235294 0.5662599578499794
11267 1 2017015 0.8 0.6795200752094388
11268 1 326888 0.8181818 0.9401270654052496
11269 1 1648408 0.8125 0.5671899998560548
11270 1 232426 0.8888889 0.7817200385034084
11271 1 1961754 0.8235294 0.5975899985060096
11272 1 1630727 0.875 0.6059430306777358
11273 1 1925489 0.7777778 0.8082500426098704
11274 1 1121676 0.85714287 0.7838290184736252
11275 1 454901 0.84210527 0.6718389922752976
11276 1 2133072 0.8 0.7149690063670278
11277 1 1700674 0.82608694 0.9338379604741931
11278 1 591023 0.8947368 0.8976800600066781
11279 1 332660 0.8636364 0.9832800133153796
11280 1 1090737 0.85 0.8136579999700189
11281 1 8496 0.9 0.8611519588157535
11282 1 1691746 0.8 0.7664549630135298
11283 1 1678837 0.84210527 0.7438500178977847
11284 1 1136461 0.8947368 0.7148239528760314
11285 1 1500326 0.8235294 0.6520790047943592
11286 1 13276 0.85714287 0.6507259095087647
11287 1 1965745 0.9411765 0.6658269558101892
11288 1 432226 0.8181818 0.8783170487731695
11289 1 2359946 0.8947368 0.7260560523718596
11290 1 1945762 0.8181818 0.8486530277878046
11291 1 1660060 0.7777778 0.7311179069802165
11292 1 1965745 0.9411765 0.9347359882667661
11293 1 691123 0.8 1.1582369916141033
11294 1 784744 0.8 0.7552379975095391
11295 1 1661713 0.8333333 0.6413069786503911
11296 1 157648 0.9411765 0.6530560785904527
11297 1 1963862 0.85714287 0.9232480078935623
11298 1 1319013 0.9166667 0.5674730055034161
11299 1 1963862 0.85714287 0.9332139743492007
11300 1 1967535 0.8333333 0.654903007671237
11301 1 295542 0.8888889 0.7935899775475264
11302 1 1964859 0.8636364 0.9331719484180212
11303 1 1957934 0.8 0.7485860260203481
11304 1 1860792 0.875 0.6317590596154332
11305 1 502105 0.82608694 1.028931001201272
11306 1 598624 0.8 0.5635679699480534
11307 1 1857699 0.84210527 0.7323720492422581
11308 1 735379 0.85714287 0.8958870312198997
11309 1 1668724 0.8 1.0628129821270704
11310 1 2277260 0.8 0.8360350038856268
11311 1 1383866 0.8888889 0.7291099755093455
11312 1 1762516 0.9411765 0.676996074616909
11313 1 453380 0.8888889 0.6640260107815266
11314 1 1210062 0.85 0.7312659872695804
11315 1 1683455 0.8 0.6892700912430882
11316 1 606721 0.8666667 0.5792028969153762
11317 1 2140411 0.875 0.5874390481039882
11318 1 1675461 0.8235294 0.5760189378634095
11319 1 833767 0.8095238 0.7948559941723943
11320 1 1420284 0.8333333 0.8082380518317223
11321 1 1906438 0.8235294 0.6817050743848085
11322 1 314248 0.8888889 0.7033459842205048
11323 1 1969559 0.8636364 0.9407979669049382
11324 1 1209149 0.88235295 0.6161479977890849
11325 1 397142 0.8125 0.68926892708987
11326 1 1859329 0.85714287 0.9354400681331754
11327 1 87927 0.8 0.8686099899932742
11328 1 298030 0.84210527 0.8899180684238672
11329 1 1925491 0.8 1.0206620208919048
11330 1 1662476 0.85 0.7251610513776541
11331 1 295542 0.8888889 0.7031459826976061
11332 1 1028297 0.8636364 0.8929219329729676
11333 1 2267829 0.8333333 0.619861064478755
11334 1 87591 0.8333333 1.0212919441983104
11335 1 1341532 1.0 0.5485040601342916
11336 1 1629941 0.85 0.7190250325948
11337 1 505621 0.85714287 0.7068309932947159
11338 1 1762516 0.8888889 0.6921479944139719
11339 1 1143154 0.82608694 0.8195850532501936
11340 1 1820399 0.8 0.5891670007258654
11341 1 1622849 0.8 0.5316620226949453
11342 1 1662880 0.84210527 0.8215010166168213
11343 1 1762516 0.9411765 0.6501170573756099
11344 1 1965535 0.85 0.7120920345187187
11345 1 1654963 0.7894737 0.6326539441943169
11346 1 1354348 0.8888889 0.7162130204960704
11347 1 1093783 0.8095238 0.7523830281570554
11348 1 342591 0.8 0.8065099827945232
11349 1 1678656 0.93333334 0.5386839620769024
11350 1 138871 0.85 0.8125359890982509
11351 1 60381 0.7777778 0.6526509532704949
11352 1 2020054 0.8 0.7440650369971991
11353 1 1925490 0.7894737 0.8645349880680442
11354 1 1963946 0.84210527 0.8212380344048142
11355 1 1963862 0.85714287 0.8121830178424716
11356 1 474075 0.88235295 0.6073330296203494
11357 1 96961 0.85 0.7941289804875851
11358 1 662281 0.8235294 0.5647429497912526
11359 1 1336859 0.84615386 0.5284009966999292
11360 1 505871 0.8636364 0.9343730052933097
11361 1 42591 0.7894737 0.6030680378898978
11362 1 578128 0.84210527 0.6757680093869567
11363 1 369449 0.84210527 0.6905019981786609
11364 1 1522881 0.9411765 0.5976259708404541
11365 1 200352 0.85714287 0.8048490853980184
11366 1 1687042 0.8 0.8412479655817151
11367 1 33508 0.8636364 0.8910699980333447
11368 1 248091 0.85714287 0.8670779643580317
11369 1 1711072 0.8333333 0.5852049216628075
11370 1 1483338 0.88235295 0.5967010511085391
11371 1 464105 0.84210527 0.8971450151875615
11372 1 1854807 0.8947368 0.6448810454457998
11373 1 2374468 0.85714287 0.8792240405455232
11374 1 1033542 0.9444444 0.6335900397971272
11375 1 2120755 0.84615386 0.4940340295433998
11376 1 222510 0.88235295 0.5657110596075654
11377 1 1961354 0.8695652 0.948118045926094
11378 1 2017015 0.8 0.5909559549763799
11379 1 185487 0.84210527 0.6920319283381104
11380 1 1906438 0.8235294 0.6393259391188622
11381 1 138871 0.85 0.8058230159804225
11382 1 1354348 0.8888889 0.6893959362059832
11383 1 832167 0.9411765 0.6146770901978016
11384 1 1209149 0.9375 0.5519730038940907
11385 1 1777085 0.8333333 0.5829939618706703
11386 1 640121 0.8333333 0.5929340841248631
11387 1 11371 0.8333333 0.749099999666214
11388 1 879595 0.8333333 0.5931340856477618
11389 1 1934482 0.84210527 0.6949800299480557
11390 1 1961442 0.88235295 0.5446929717436433
11391 1 1396202 0.84210527 0.7852410199120641
11392 1 1555186 0.8181818 0.8542550494894385
11393 1 1899842 0.8095238 0.9406469762325287
11394 1 1963862 0.85714287 0.8090490009635687
11395 1 42591 0.7894737 0.5836100317537785
11396 1 662134 0.8181818 0.8443689439445734
11397 1 1641539 0.8333333 0.966230989433825
11398 1 531452 0.8095238 0.6943519692867994
11399 1 962567 0.90909094 0.8720100158825517
11400 1 1762516 0.9411765 0.61738898511976
11401 1 230993 0.88235295 0.6731690373271704
11402 1 1529919 0.8636364 0.9451339719817042
11403 1 137758 0.8181818 0.8804340614005923
11404 1 1966958 0.8666667 0.5783910164609551
11405 1 1553402 0.7777778 0.7624930003657937
11406 1 643010 0.8181818 0.9166070958599448
11407 1 1085573 0.8095238 0.7555360207334161
11408 1 1967064 0.8235294 0.642879051156342
11409 1 193747 0.8 0.5915439687669277
11410 1 489285 0.8 0.7279430283233523
11411 1 595068 0.7894737 0.5982270231470466
11412 1 1535097 0.85 0.6514859851449728
11413 1 1125472 0.7894737 0.6059149745851755
11414 1 288300 0.88235295 0.5889249732717872
11415 1 1856072 0.8333333 0.9551700204610825
11416 1 2017015 0.8 0.5920340772718191
11417 1 1471974 0.88235295 0.5750189302489161
11418 1 195218 0.8095238 0.9102600160986185
11419 1 1899842 0.8095238 0.9820390259847045
11420 1 619193 0.88235295 0.6493910914286971
11421 1 2219008 0.8095238 0.7326019695028663
11422 1 2027211 0.875 0.5619620205834508
11423 1 581234 0.8095238 0.9204240050166845
11424 1 1965678 0.8125 0.5419120425358415
11425 1 1384313 0.8 0.8869149023666978
11426 1 1960727 0.85 0.6918000290170312
11427 1 1762516 0.8888889 0.7171439938247204
11428 1 2385173 0.85714287 0.4964660620316863
11429 1 486280 0.84210527 0.6274209590628743
11430 1 140692 0.85714287 0.7606949657201767
11431 1 1925494 0.94736844 0.7616409566253424
11432 1 103379 0.88235295 0.5931099876761436
11433 1 1967801 0.8 0.6780358962714672
11434 1 1660060 0.7777778 0.5950180348008871
11435 1 318314 0.9230769 0.5056639201939106
11436 1 1279902 0.9411765 0.5996640538796782
11437 1 1965678 0.8125 0.5317870527505875
11438 1 1965745 0.9411765 0.5665069911628962
11439 1 1914131 0.84210527 0.6450039800256491
11440 1 1027606 0.8181818 0.8255579741671681
11441 1 1300146 0.85714287 0.932228984311223
11442 1 2017015 0.8 0.59171998873353
11443 1 1662880 0.84210527 0.837388914078474
11444 1 354942 0.8947368 0.8747170213609934
11445 1 1965854 0.8 0.97976706456393
11446 1 357184 0.8333333 0.9606240782886744
11447 1 1535097 0.85 0.6516349967569113
11448 1 8852 0.82608694 0.9270310401916504
11449 1 598624 0.8 0.5204710178077221
11450 1 2461507 0.8125 0.5207819631323218
11451 1 746787 0.7894737 0.7060180651023984
11452 1 568305 0.84210527 0.6436000112444162
11453 1 824227 0.84210527 0.7158529479056597
11454 1 531452 0.8095238 0.7731880759820342
11455 1 1036666 0.84210527 0.6826090393587947
11456 1 157648 0.9411765 0.5876589566469193
11457 1 1090737 0.85 0.7168409647420049
11458 1 1732920 0.84615386 0.5219519371166825
11459 1 983274 0.82608694 0.9676379850134254
11460 1 1494495 0.8 0.6820369744673371
11461 1 231815 0.84210527 0.6243860116228461
11462 1 223840 0.8 0.9573718998581171
11463 1 295542 0.8888889 0.6624360103160143
11464 1 1961070 0.8095238 0.990447006188333
11465 1 1888069 0.8666667 0.56630396284163
11466 1 1965507 0.8125 0.5745440721511841
11467 1 1663318 0.8947368 0.795364030636847
11468 1 1125472 0.84210527 0.6439799908548594
11469 1 1083264 0.95 0.7710340432822704
11470 1 2011504 0.8888889 0.6436629919335246
11471 1 1624426 0.7916667 0.9494019905105233
11472 1 1695184 0.8 0.659123994410038
11473 1 936147 0.85714287 0.5419440567493439
11474 1 1965052 0.84210527 0.6430660141631961
11475 1 1968564 0.8 1.0159139055758715
11476 1 685030 0.9 0.7798679871484637
11477 1 1668724 0.8 0.975870992988348
11478 1 1628882 0.9 0.7049679988995194
11479 1 558971 0.7894737 0.5975899985060096
11480 1 1421713 0.8947368 0.7095560431480408
11481 1 502105 0.82608694 0.8273939602077007
11482 1 1874201 0.85714287 0.8119361009448767
11483 1 692640 0.7916667 0.9333890629932284
11484 1 180304 0.8888889 0.7489010458812118
11485 1 1968564 0.84210527 0.8483099518343806
11486 1 1989674 0.8636364 0.9237700141966343
11487 1 1707686 0.84210527 0.6667770212516189
11488 1 2017015 0.8 0.5783849628642201
11489 1 1688992 0.9411765 0.5652910331264138
11490 1 444714 0.8636364 0.8506089216098189
11491 1 229626 0.8947368 0.6930279778316617
11492 1 1961395 0.8888889 0.7291879737749696
11493 1 1962372 0.84210527 0.6308859447017312
11494 1 1283416 0.8888889 0.7132550235837698
11495 1 397906 0.875 0.5420739762485027
11496 1 1967227 0.8333333 0.6934310076758265
11497 1 2359597 0.7894737 0.6760080577805638
11498 1 2156631 0.8947368 0.6672919262200594
11499 1 962300 0.88235295 0.5643749609589577
11500 1 650161 0.84210527 0.6652980810031295
11501 1 1535097 0.85 0.6594400620087981
11502 1 1634155 0.8095238 0.8364999666810036
11503 1 2368099 0.84210527 0.8135959506034851
11504 1 691123 0.8 0.9464329341426492
11505 1 1946041 0.8095238 0.7470760028809309
11506 1 560831 0.82608694 0.9083480108529329
11507 1 1559281 0.9411765 0.6236030021682382
11508 1 125527 0.84210527 0.6272658938542008
11509 1 445682 0.85714287 0.5115240346640348
11510 1 1865518 0.8888889 0.7183279376477003
11511 1 1580247 0.9285714 0.6205610698089004
11512 1 749237 0.85 0.6848180200904608
11513 1 80580 0.85714287 0.7844840874895453
11514 1 1860792 0.875 0.5556739633902907
11515 1 1672749 0.85 0.6940729217603803
11516 1 2243171 0.8235294 0.5989590426906943
11517 1 1648408 0.8125 0.5329400300979614
11518 1 344638 0.8888889 0.6531410617753863
11519 1 1762516 0.8888889 0.6904590409249067
11520 1 591023 0.8947368 0.7694449741393328
11521 1 547879 0.8 0.6351110059767962
11522 1 211745 0.8947368 0.6808500038459897
11523 1 1906438 0.8235294 0.644217012450099
11524 1 2209661 0.82608694 0.8326669922098517
11525 1 1860792 0.9375 0.5739800399169326
11526 1 1961754 0.8333333 0.642803031951189
11527 1 1857699 0.84210527 0.6677450146526098
11528 1 465510 0.9 0.6858089473098516
11529 1 1966992 0.84615386 0.4787739599123597
11530 1 1967227 0.8333333 0.6961210165172815
11531 1 575406 0.9375 0.5730809643864632
11532 1 2117243 0.8 0.5690939724445343
11533 1 1964157 0.8 0.5434519844129682
11534 1 1963478 0.8 0.9430699283257127
11535 1 526209 0.9444444 0.6457311101257801
11536 1 1532143 0.8125 0.6021439330652356
11537 1 1964525 0.8333333 0.4934279713779688
11538 1 1602917 0.8888889 0.6120919715613127
11539 1 1572110 0.8181818 0.7745500188320875
11540 1 1663318 0.8333333 0.609923037700355
11541 1 2123572 0.85714287 0.8267080411314964
11542 1 1962163 0.8125 0.6044380133971572
11543 1 1487143 0.8095238 0.8648999501019716
11544 1 1068484 0.875 0.5919949617236853
11545 1 356778 0.8333333 0.5948229227215052
11546 1 1924166 0.8 1.006020000204444
11547 1 31813 0.84210527 0.8710291003808379
11548 1 372053 0.8333333 0.7169569144025445
11549 1 1662880 0.84210527 0.8248299127444625
11550 1 2123572 0.9047619 0.9372120257467031
11551 1 223693 0.8333333 0.710400054231286
11552 1 558971 0.7894737 0.6076990393921733
11553 1 1889743 0.85 1.2841729912906885
11554 1 596375 0.85714287 0.5553519586101174
11555 1 1730647 0.84210527 0.6735560018569231
11556 1 1960727 0.85 0.7108909776434302
11557 1 959814 0.8888889 0.6625039968639612
11558 1 1832174 0.8888889 0.6013230886310339
11559 1 191891 0.8333333 0.7832320407032967
11560 1 1773177 0.85714287 0.8354459423571825
11561 1 124532 0.8888889 0.6889459909871221
11562 1 2119558 0.8125 0.5814570467919111
11563 1 427125 0.8 0.9775890503078699
11564 1 125527 0.84210527 0.7082900265231729
11565 1 1963862 0.85714287 0.8524389704689384
11566 1 2439803 0.8333333 0.6399250123649836
11567 1 1946041 0.8095238 0.7409759564325213
11568 1 1125472 0.84210527 0.7618550444021821
11569 1 1946041 0.8095238 0.7376250578090549
11570 1 1899842 0.85 0.8416069904342294
11571 1 1860792 0.875 0.5706719821318984
11572 1 333047 0.7777778 0.6931299576535821
11573 1 1934750 0.8181818 0.7981410017237067
11574 1 1507735 0.8 0.8853969629853964
11575 1 2242657 0.85714287 0.5218689329922199
11576 1 366960 0.84615386 0.5088259931653738
11577 1 650161 0.84210527 0.677959993481636
11578 1 948797 0.8 1.0130660375580192
11579 1 643010 0.8181818 0.8446959545835853
11580 1 1283416 0.88235295 0.6060260348021984
11581 1 48907 0.8235294 0.5931119667366147
11582 1 1668724 0.8 0.983488978818059
11583 1 922534 0.8333333 0.7447360549122095
11584 1 1662880 0.84210527 0.8378319907933474
11585 1 1992890 0.88235295 0.6554370047524571
11586 1 1967227 0.8333333 0.7297910051420331
11587 1 1730951 0.85714287 0.561036984436214
11588 1 1925491 0.8 0.993805006146431
11589 1 1487143 0.8095238 0.8368990384042263
11590 1 746787 0.7894737 0.7516789482906461
11591 1 825123 0.8947368 0.7422110065817833
11592 1 1963478 0.8 0.9801770793274045
11593 1 1487143 0.85 0.7054460002109408
11594 1 1396202 0.8 0.9353290079161525
11595 1 1130658 0.85714287 0.7165130227804184
11596 1 1909564 0.8235294 0.6743819685652852
11597 1 1538483 0.8333333 0.6122009363025427
11598 1 1965507 0.8125 0.5778069607913494
11599 1 1802518 0.84210527 0.6397560937330127
11600 1 1718869 0.8 0.49439293798059225
11601 1 474234 0.84615386 0.5211250390857458
11602 1 1965745 0.9411765 0.5674430867657065
11603 1 1906055 0.8 0.6501000607386231
11604 1 1963862 0.85714287 0.8069929899647832
11605 1 1125472 0.7894737 0.622553052380681
11606 1 1238146 0.82608694 0.8123900042846799
11607 1 1890916 0.8888889 0.6003919988870621
11608 1 1857860 0.8181818 0.8073999779298902
11609 1 666976 0.8181818 0.8194609545171261
11610 1 139254 0.88235295 0.5780089413747191
11611 1 80449 0.8888889 0.7020620396360755
11612 1 1965854 0.84210527 0.7735301041975617
11613 1 1634813 0.88235295 0.6130120018497109
11614 1 1019697 0.8 0.7575449999421835
11615 1 758654 0.8888889 0.6178079638630152
11616 1 240875 0.8181818 0.8209130028262734
11617 1 544027 0.8 0.6167689571157098
11618 1 488868 0.8 0.5228930385783315
11619 1 1688055 0.8666667 0.7451039273291826
11620 1 1395889 0.82608694 0.9188790572807193
11621 1 1399203 0.8947368 0.6775789661332965
11622 1 1854807 0.8947368 0.6258949870243669
11623 1 156183 0.7894737 0.706279999576509
11624 1 1659111 0.85 0.78807701356709
11625 1 1596373 0.94736844 0.6891369121149182
11626 1 1669916 0.88235295 0.6417589029297233
11627 1 127327 0.8947368 0.6689480505883694
11628 1 1711279 0.84210527 0.6423169979825616
11629 1 1924167 0.84210527 0.7435929728671908
11630 1 1354348 0.8888889 0.7074099266901612
11631 1 1777932 0.9 1.051535946317017
11632 1 1961754 0.8333333 0.7184259593486786
11633 1 361619 0.84210527 0.7174300262704492
11634 1 1354348 1.0 0.6702409591525793
11635 1 157648 0.9411765 0.6435709074139595
11636 1 1965535 0.85 0.818156055174768
11637 1 243011 0.95 0.9070410160347819
11638 1 1384313 0.8 0.86706702131778
11639 1 217812 0.8181818 0.9432489750906825
11640 1 1966594 0.8636364 1.0121599771082401
11641 1 1136461 0.9 0.8458000374957919
11642 1 1458613 0.85 0.7376689463853836
11643 1 2245453 0.8695652 1.0492210276424885
11644 1 833767 0.85714287 0.8925979491323233
11645 1 276183 0.8333333 0.8147431071847677
11646 1 767599 0.85714287 0.5491180345416069
11647 1 1565985 0.7894737 0.6707699503749609
11648 1 748752 0.9047619 0.9318949887529016
11649 1 2240560 0.8 0.6404320010915399
11650 1 1257094 0.9047619 0.9109260281547904
11651 1 1450584 0.8947368 0.7068479899317026
11652 1 746787 0.7894737 0.7714929524809122
11653 1 1898713 0.84210527 0.663096085190773
11654 1 477541 0.8333333 0.6059759762138128
11655 1 601260 0.85 0.7376869907602668
11656 1 1678837 0.84210527 0.6942320615053177
11657 1 1364461 0.85 0.886825961060822
11658 1 1053283 0.8333333 0.6158200558274984
11659 1 1678656 0.93333334 0.5511599592864513
11660 1 1962478 0.8947368 0.797593966126442
11661 1 1535097 0.85 0.6697699427604675
11662 1 1965052 0.84210527 0.6595230661332607
11663 1 1156023 0.8333333 0.5158410640433431
11664 1 241203 0.92 1.9352519884705544
11665 1 1294956 0.88461536 1.5557700535282493
11666 1 1593784 0.88461536 1.9446950173005462
11667 1 2447622 0.8518519 2.3372650612145662
11668 1 1369951 0.79310346 4.82014799490571
11669 1 383729 0.8235294 4.606936941854656
11670 1 1378365 0.8125 4.1197879472747445
11671 1 1859245 0.8333333 5.155456950888038
11672 1 1497984 0.9259259 2.2170169977471232
11673 1 2463737 0.8 4.599109059199691
11674 1 2252803 0.8 2.5894560385495424
11675 1 1116024 0.87096775 3.8412529975175858
11676 1 1483326 0.86206895 2.7484669117257
11677 1 14958 0.86206895 4.3835429241880774
11678 1 1719600 0.84 2.2902650525793433
11679 1 2473949 0.89285713 3.2082030083984137
11680 1 1124673 0.8 4.752804059535265
11681 1 2095035 0.82857144 4.8479411052539945
11682 1 502228 0.79310346 3.43368505127728
11683 1 1520916 0.85294116 4.448218969628215
11684 1 642719 0.88 1.9742889562621713
11685 1 1705234 0.84615386 2.0989140029996634
11686 1 1850912 0.84615386 1.4919169479981065
11687 1 1024915 0.7941176 3.655986045487225
11688 1 1193266 0.84615386 1.315142959356308
11689 1 1779002 0.8181818 1.1159480782225728
11690 1 1362021 0.84375 3.837081021629274
11691 1 872108 0.82758623 3.9496750105172396
11692 1 636802 0.7916667 2.166998921893537
11693 1 1642307 0.82758623 4.693351918831468
11694 1 1616070 0.8965517 4.1884040692821145
11695 1 1458298 0.7916667 1.6902689822018147
11696 1 1899932 0.8214286 4.518754896707833
11697 1 845778 0.8666667 4.131444031372666
11698 1 447944 0.8333333 3.086115000769496
11699 1 1586010 0.82608694 1.2392980279400945
11700 1 617938 0.8 5.08876598905772
11701 1 1069482 0.875 1.418272964656353
11702 1 626271 0.83870965 3.4609170397743583
11703 1 491419 0.8148148 3.4989300183951855
11704 1 1149461 0.8666667 3.216298995539546
11705 1 1707516 0.88461536 2.76047398801893
11706 1 1964866 0.8518519 3.2335659489035606
11707 1 481925 0.8888889 2.316911006346345
11708 1 642719 0.84615386 2.4528270587325096
11709 1 1604587 0.8518519 3.401660011149943
11710 1 389462 0.8181818 3.984758979640901
11711 1 1164393 0.8333333 3.8622309220954776
11712 1 1925492 0.8181818 1.1126369936391711
11713 1 754223 0.8076923 3.01658408716321
11714 1 2351808 0.875 1.5744119882583618
11715 1 666734 0.78571427 3.5960270324721932
11716 1 1650180 0.8214286 4.130330053158104
11717 1 1805671 0.82758623 4.704597988165915
11718 1 608945 0.8333333 2.9500459786504507
11719 1 946449 0.79310346 3.0294200405478477
11720 1 2128351 0.875 4.184736986644566
11721 1 1060256 0.875 4.067139932885766
11722 1 692693 0.8965517 2.9807320097461343
11723 1 1044421 0.875 1.251857029274106
11724 1 15048 0.8666667 4.664374981075525
11725 1 1186958 0.82608694 0.8971550269052386
11726 1 423556 0.8 2.476222929544747
11727 1 2199327 0.9230769 1.9453630084171891
11728 1 1270379 0.77272725 1.4008140424266458
11729 1 2199334 0.83870965 3.389802062883973
11730 1 1048530 0.8484849 4.02350106742233
11731 1 1007800 0.82608694 1.6072089783847332
11732 1 2215048 0.82758623 4.212860018014908
11733 1 557033 0.79310346 3.7148570409044623
11734 1 1525722 0.8695652 1.5521850436925888
11735 1 1729166 0.8064516 5.503280903212726
11736 1 1118284 0.8235294 4.557059961371124
11737 1 1908909 0.79310346 4.230986000038683
11738 1 2079221 0.8518519 2.7352869510650635
11739 1 551830 0.8333333 3.437130944803357
11740 1 805226 0.8484849 4.432014073245227
11741 1 821299 0.84 1.2260830262675881
11742 1 903839 0.875 1.2595480075106025
11743 1 1618496 0.84 2.1959159057587385
11744 1 1699881 0.85714287 3.5239740973338485
11745 1 1791026 0.8076923 3.3138709841296077
11746 1 1170323 0.7878788 3.841992001980543
11747 1 979439 0.82758623 4.144669976085424
11748 1 477005 0.8 2.7232218999415636
11749 1 1586010 0.82608694 1.3202569680288434
11750 1 1970935 0.8695652 1.1390800355002284
11751 1 2451776 0.8181818 1.5445289900526404
11752 1 1803619 0.86206895 5.042928038164973
11753 1 1491697 0.87096775 4.251401987858117
11754 1 61138 0.8333333 3.489286988042295
11755 1 843885 0.90625 4.864354967139661
11756 1 1970255 0.8 2.6848819106817245
11757 1 1598601 0.88 2.0346459932625294
11758 1 2019100 0.95454544 1.3472179416567087
11759 1 1103117 0.85714287 2.38350301515311
11760 1 1144746 0.93333334 3.7998580373823643
11761 1 1961012 0.9 0.8144569583237171
11762 1 1712995 0.83870965 3.1842420576140285
11763 1 172498 0.9230769 2.3323819041252136
11764 1 1980359 0.83870965 5.184145993553102
11765 1 847316 0.84 1.3968120329082012
11766 1 1165208 0.87096775 3.2347230007871985
11767 1 1067033 0.8518519 2.821687958203256
11768 1 592406 0.8181818 1.3672109926119447
11769 1 1934445 0.8095238 1.1325629893690348
11770 1 427959 0.88235295 5.046896985732019
11771 1 540193 0.8214286 3.281545010395348
11772 1 505498 0.8518519 3.1393610406666994
11773 1 1700970 0.8333333 4.039204912260175
11774 1 275538 0.83870965 3.522524028085172
11775 1 1798794 0.8 2.561872941441834
11776 1 1559894 0.86206895 2.958955941721797
11777 1 1034438 0.9230769 2.1898900158703327
11778 1 1469366 0.8333333 4.347398062236607
11779 1 1421689 0.8064516 4.033392993733287
11780 1 1521267 0.8518519 3.223403007723391
11781 1 230587 0.8518519 3.16116597969085
11782 1 1256161 0.84375 3.329942934215069
11783 1 235058 0.8518519 3.189107053913176
11784 1 141637 0.8148148 3.457671031355858
11785 1 1782342 0.9259259 2.1545920753851533
11786 1 1409118 0.83870965 3.3500459976494312
11787 1 1001310 0.84615386 1.599196926690638
11788 1 1057555 0.9 3.7116939201951027
11789 1 936938 0.8076923 2.3783829528838396
11790 1 1924169 0.8 0.9465469047427177
11791 1 1560081 0.8181818 4.235039930790663
11792 1 814543 0.88461536 1.9105840474367142
11793 1 878591 0.82758623 2.8958789771422744
11794 1 1961838 0.8333333 1.4986180467531085
11795 1 1797188 0.89285713 2.9976730002090335
11796 1 1550419 0.90625 4.670304944738746
11797 1 1966524 0.88461536 2.2036730078980327
11798 1 576627 0.8064516 4.87879291176796
11799 1 1678686 0.8518519 2.195382956415415
11800 1 1934480 0.8333333 1.9942380022257566
11801 1 1968252 0.82608694 1.664395909756422
11802 1 1864111 0.9 0.9537130827084184
11803 1 1198619 0.82758623 3.5367589443922043
11804 1 1460388 0.8888889 3.459058003500104
11805 1 1704135 0.8076923 2.1739889634773135
11806 1 1003888 0.9310345 3.1540009658783674
11807 1 1182759 0.8214286 3.508788999170065
11808 1 1793014 0.83870965 3.585021011531353
11809 1 236544 0.86206895 4.566620918922126
11810 1 1965608 0.8333333 2.1328090224415064
11811 1 1054880 0.8214286 3.4194879699498415
11812 1 397789 0.8214286 4.289834061637521
11813 1 1525196 0.8064516 5.426052957773209
11814 1 1274245 0.7916667 1.7758960602805018
11815 1 761395 0.8076923 2.5870699901133776
11816 1 2119603 0.86206895 3.259524004533887
11817 1 1852803 0.8148148 2.3003959795460105
11818 1 1414468 0.88461536 2.5753320660442114
11819 1 1133337 0.85714287 4.052822943776846
11820 1 586104 0.83870965 3.560950979590416
11821 1 893891 0.8636364 1.3765759067609906
11822 1 1499398 0.8181818 4.853788996115327
11823 1 968715 0.8064516 3.7000280572101474
11824 1 1887650 0.875 2.004045993089676
11825 1 13991 0.86206895 4.534858977422118
11826 1 1400744 0.7916667 2.397035015746951
11827 1 287048 0.87096775 4.143139929510653
11828 1 907355 0.9166667 1.3706240570172668
11829 1 2409256 0.90909094 0.9090779349207878
11830 1 155914 0.8076923 3.1813799869269133
11831 1 2018007 0.86206895 4.606379079632461
11832 1 358908 0.8888889 2.3599039996042848
11833 1 1445003 0.83870965 5.066824029199779
11834 1 1991438 0.79310346 4.8822780372574925
11835 1 545275 0.86206895 4.794765030965209
11836 1 2212710 0.8518519 2.2014309652149677
11837 1 247880 0.8181818 4.942212020978332
11838 1 2164564 0.84375 3.636486013419926
11839 1 1461707 0.79310346 1.8912659725174308
11840 1 1183578 0.85714287 3.4693150082603097
11841 1 1790621 0.8214286 2.321013016626239
11842 1 1188594 0.84375 4.327422007918358
11843 1 443690 0.8125 5.3191720508039
11844 1 817472 0.88461536 2.136768074706197
11845 1 1800168 0.8965517 2.8202569810673594
11846 1 626533 0.85714287 4.192742984741926
11847 1 1400744 0.7916667 2.2580079967156053
11848 1 221830 0.86206895 2.4156669387593865
11849 1 233763 0.84615386 3.284962964244187
11850 1 1593059 0.82758623 5.170934950001538
11851 1 1550297 0.84375 4.471344989724457
11852 1 1707209 0.88461536 2.479956019669771
11853 1 1116916 0.88 1.6587210120633245
11854 1 575502 0.87096775 3.3987410133704543
11855 1 1719600 0.84 2.3500219685956836
11856 1 1074434 0.8333333 3.2029800349846482
11857 1 1970255 0.8636364 1.210973015986383
11858 1 789771 0.8064516 5.430113989859819
11859 1 1182759 0.79310346 4.404129926115274
11860 1 1532909 0.8666667 3.5738839069381356
11861 1 1549231 0.8333333 3.354221931658685
11862 1 1179003 0.84615386 1.7018570797517896
11863 1 1491795 0.8125 3.3631579717621207
11864 1 1108613 0.8484849 4.095294047147036
11865 1 1967324 0.85714287 1.2058779830113053
11866 1 218258 0.8148148 3.0340919038280845
11867 1 143988 0.88 1.544718979857862
11868 1 1462264 0.8 4.724189988337457
11869 1 1270379 0.77272725 1.4682610053569078
11870 1 1082807 0.85714287 0.7915189489722252
11871 1 2075144 0.9 3.739250940270722
11872 1 1973219 0.84375 4.071936942636967
11873 1 1416608 0.8148148 3.624398959800601
11874 1 1459413 0.85294116 4.78958198800683
11875 1 1624165 0.8214286 4.729966982267797
11876 1 1111432 0.9230769 2.6126749580726027
11877 1 1123213 0.8181818 5.127615062519908
11878 1 986277 0.9130435 1.2948730727657676
11879 1 1470119 0.83870965 3.4881209721788764
11880 1 836758 0.86206895 4.562497953884304
11881 1 1649320 0.84 1.6955320024862885
11882 1 2250314 0.86206895 4.625728004612029
11883 1 1710917 0.8965517 3.990852041170001
11884 1 1067708 0.7916667 1.867366023361683
11885 1 1511232 0.8064516 3.5656350664794445
11886 1 1477532 0.8636364 1.2442950392141938
11887 1 504902 0.8695652 1.6649449244141579
11888 1 361056 0.88 2.111356006935239
11889 1 1180393 0.8333333 2.951099071651697
11890 1 1968810 0.8333333 5.169118987396359
11891 1 1044421 0.875 1.3234539655968547
11892 1 1161128 0.86206895 3.8617419777438045
11893 1 1458660 0.9047619 0.8902209810912609
11894 1 169252 0.90909094 1.1901389807462692
11895 1 1337770 0.79310346 4.118476994335651
11896 1 738969 0.8 2.5103760417550802
11897 1 2344852 0.88 1.9486149540171027
11898 1 1116024 0.87096775 3.7890130188316107
11899 1 1762518 0.8148148 2.9431500006467104
11900 1 1026236 0.84 1.58021692186594
11901 1 1230565 0.82758623 4.513341002166271
11902 1 1930837 0.83870965 2.9079619562253356
11903 1 1018994 0.82758623 4.5554389944300056
11904 1 791423 0.8333333 4.324142006225884
11905 1 367767 0.8518519 2.1844819420948625
11906 1 1443096 0.8518519 2.226891927421093
11907 1 602164 0.88 1.4760619960725307
11908 1 703762 0.8148148 3.598402952775359
11909 1 1007800 0.8636364 1.2534860288724303
11910 1 600254 0.8181818 4.260314046405256
11911 1 1167820 0.86206895 2.519178087823093
11912 1 1884845 0.8666667 3.471196978352964
11913 1 1526227 0.8666667 3.399078967049718
11914 1 1284942 0.875 3.7492549745365977
11915 1 659180 0.8888889 2.1802569972351193
11916 1 64204 0.8333333 2.1445490419864655
11917 1 1137419 0.8 2.5072370190173388
11918 1 1207039 0.86206895 4.013560013845563
11919 1 1727243 0.7916667 2.27412604726851
11920 1 33943 0.88461536 1.5306549612432718
11921 1 1009312 0.8484849 4.7162550035864115
11922 1 1791680 0.875 1.398318912833929
11923 1 1680926 0.83870965 3.5762680927291512
11924 1 703838 0.8333333 4.856660962104797
11925 1 1034438 0.88461536 2.0605979952961206
11926 1 1016798 0.90909094 0.9107741061598063
11927 1 1477077 0.83870965 4.094938049092889
11928 1 1887650 0.875 2.0514559000730515
11929 1 1505870 0.89285713 2.823541988618672
11930 1 1934480 0.82608694 1.3750650687143207
11931 1 1049636 0.8148148 2.950925030745566
11932 1 1789364 0.8888889 2.7971050003543496
11933 1 2252803 0.8 2.6686310302466154
11934 1 1426789 0.8076923 3.3329969737678766
11935 1 1699471 0.8333333 2.5949369883164763
11936 1 1618346 0.82758623 4.592816112563014
11937 1 843885 0.90625 4.58886194974184
11938 1 825511 0.8181818 4.128808039240539
11939 1 847316 0.84 1.6229590401053429
11940 1 1655184 0.8666667 3.1757999677211046
11941 1 1884400 0.7941176 4.225688986480236
11942 1 181985 0.9166667 1.9732830114662647
11943 1 434856 0.86206895 3.860002034343779
11944 1 1560001 0.8888889 2.3793689906597137
11945 1 1594902 0.92 2.116353949531913
11946 1 1652426 0.9032258 3.8341929903253913
11947 1 1413528 0.84615386 1.3897999888285995
11948 1 1727180 0.7916667 2.184345037676394
11949 1 1101936 0.875 4.023980000056326
11950 1 768418 0.8333333 3.0330910813063383
11951 1 469887 0.8064516 4.488313919864595
11952 1 407110 0.8965517 4.46394004393369
11953 1 1613402 0.8333333 3.2072289614006877
11954 1 1694720 0.84 1.961302012205124
11955 1 1257656 0.89285713 2.6983630377799273
11956 1 1018075 0.84615386 2.0148230250924826
11957 1 609346 0.8695652 1.3319809222593904
11958 1 1044421 0.8333333 1.11554900649935
11959 1 153775 0.87096775 4.313352983444929
11960 1 1474083 0.88461536 2.2069610422477126
11961 1 491596 0.9285714 2.654701005667448
11962 1 1391426 0.84615386 1.3855010038241744
11963 1 1632993 0.82758623 4.534531035460532
11964 1 577405 0.9230769 1.8663440132513642
11965 1 30463 0.8214286 3.1688810558989644
11966 1 753743 0.8965517 2.9785799561068416
11967 1 1098886 0.88 2.1474199602380395
11968 1 1452523 0.84 2.2487109526991844
11969 1 32183 0.92 1.880799070931971
11970 1 2072557 0.8181818 4.436835064552724
11971 1 1639030 0.8 2.4079190334305167
11972 1 1171371 0.8333333 3.1550360145047307
11973 1 1546354 0.8235294 4.959327983669937
11974 1 1557210 0.86206895 4.212090978398919
11975 1 2252331 0.8333333 1.9844769267365336
11976 1 1234448 0.84615386 2.755227033048868
11977 1 1086367 0.88235295 4.665014101192355
11978 1 1125332 0.88 1.6484139487147331
11979 1 661142 0.8064516 4.480511066503823
11980 1 1700970 0.8333333 4.379811929538846
11981 1 871247 0.8333333 3.3103720052167773
11982 1 1419181 0.8333333 5.029428983107209
11983 1 1860986 0.96 1.9723490113392472
11984 1 1175169 0.8064516 3.1552199507132173
11985 1 257686 0.85294116 4.575205035507679
11986 1 1665887 0.8787879 4.345729947090149
11987 1 1653308 0.8518519 3.1491010449826717
11988 1 1279902 0.85 0.8735209703445435
11989 1 1276076 0.9583333 1.809863024391234
11990 1 1786056 0.85714287 4.220666014589369
11991 1 1164246 0.83870965 3.3168450463563204
11992 1 1859245 0.88461536 2.0908339647576213
11993 1 601004 0.9166667 1.5513499965891242
11994 1 814273 0.875 4.675951902754605
11995 1 1967957 0.8695652 1.2885830365121365
11996 1 1312032 0.9583333 1.415362930856645
11997 1 86005 0.875 1.5015490353107452
11998 1 42362 0.8181818 1.2529990635812283
11999 1 1034285 0.8965517 2.9200799763202667
12000 1 738972 0.89285713 2.6932130567729473
12001 1 1555186 0.8076923 2.9951510950922966
12002 1 1439685 0.8666667 2.9277789872139692
12003 1 562424 0.84615386 1.582611002959311
12004 1 2424074 0.88461536 2.817913074977696
12005 1 1198619 0.82758623 3.5004999954253435
12006 1 1679078 0.83870965 3.6509749479591846
12007 1 1978120 0.93333334 4.009291063994169
12008 1 1075634 0.78571427 3.7604550598189235
12009 1 741786 0.8695652 1.1578300036489964
12010 1 250679 0.7941176 4.613920929841697
12011 1 1287339 0.7878788 3.192754928022623
12012 1 1470784 0.8064516 2.413396956399083
12013 1 577581 0.8518519 2.139132935553789
12014 1 366218 0.88461536 2.944640931673348
12015 1 1346388 0.82758623 2.5838869623839855
12016 1 1557662 0.8148148 3.4398010466247797
12017 1 1104497 0.84 2.4146270006895065
12018 1 536233 0.8 5.684344912879169
12019 1 658077 0.83870965 4.130430053919554
12020 1 1278811 0.8214286 2.4436209350824356
12021 1 1244578 0.90625 4.661024897359312
12022 1 1515224 0.8148148 2.949387999251485
12023 1 2197095 0.8695652 1.099132001399994
12024 1 1741623 0.87096775 3.887514933012426
12025 1 1499307 0.82758623 2.274670056067407
12026 1 1078466 0.8333333 5.023239995352924
12027 1 825085 0.82758623 2.485553966835141
12028 1 518774 0.79310346 5.146083072759211
12029 1 1178222 0.83870965 3.5956570645794272
12030 1 1164246 0.83870965 3.493304015137255
12031 1 2028184 0.79310346 3.8241370348259807
12032 1 1301611 0.8965517 3.1669660238549113
12033 1 1034438 0.84615386 1.5722360694780946
12034 1 851366 0.86206895 4.500622977502644
12035 1 1791715 0.84 2.0396150648593903
12036 1 824314 0.79310346 4.321580054238439
12037 1 2128351 0.84375 4.332124022766948
12038 1 1320014 0.8148148 2.511159982532263
12039 1 2053164 0.9 3.9456860395148396
12040 1 1665151 0.85714287 2.464718068949878
12041 1 1620951 0.8333333 3.075494081713259
12042 1 158549 0.8214286 2.842706977389753
12043 1 1525160 0.82758623 3.487725043669343
12044 1 1560808 0.8 2.6783300563693047
12045 1 1661509 0.87096775 4.122652928344905
12046 1 1429823 0.85714287 5.087302997708321
12047 1 934415 0.82608694 1.3845780631527305
12048 1 1457482 0.8181818 4.683705046772957
12049 1 1467799 0.8 4.527584067545831
12050 1 667959 0.8695652 1.5866300091147423
12051 1 263144 0.875 1.5356539515778422
12052 1 1701517 0.85 0.7799470331519842
12053 1 1027653 0.87096775 4.25631005782634
12054 1 271281 0.8076923 2.3510640021413565
12055 1 26580 0.92 2.0066049182787538
12056 1 1067285 0.88 1.5603560023009777
12057 1 285798 0.8148148 2.3449499858543277
12058 1 655141 0.83870965 3.594988025724888
12059 1 1303086 0.8333333 4.501322982832789
12060 1 1707528 0.8076923 3.3298369962722063
12061 1 1680452 0.83870965 3.3276709727942944
12062 1 1710854 0.8181818 1.3916670577600598
12063 1 821299 0.84 1.3727420009672642
12064 1 394859 0.8214286 3.114605089649558
12065 1 1908843 0.82758623 3.456186968833208
12066 1 1689017 0.8148148 3.6482979776337743
12067 1 1910976 0.88 1.6849159728735685
12068 1 1910975 0.875 1.5293199103325605
12069 1 536916 0.8214286 4.04604896903038
12070 1 181336 0.8333333 1.338533009402454
12071 1 1322464 0.9166667 1.2303750263527036
12072 1 1709359 0.9130435 1.199244987219572
12073 1 2013745 0.84615386 2.915652934461832
12074 1 1232348 0.7941176 4.2512500658631325
12075 1 1876041 0.79310346 3.78446897957474
12076 1 821299 0.88 1.5120269963517785
12077 1 917343 0.82758623 2.4874939117580652
12078 1 570521 0.8214286 4.435700015164912
12079 1 1265304 0.79310346 2.288572955876589
12080 1 1416446 0.9 0.9163060458377004
12081 1 1586008 0.82608694 1.1189259821549058
12082 1 1259902 0.8666667 3.1488430686295033
12083 1 1556493 0.8695652 1.2724290136247873
12084 1 51029 0.8695652 1.594866975210607
12085 1 1636240 0.87096775 4.117984906770289
12086 1 1100146 0.84375 4.245137097314
12087 1 1605545 0.8666667 4.214048036374152
12088 1 1079188 0.88235295 4.619420971721411
12089 1 1407086 0.82758623 4.562627989798784
12090 1 2358012 0.8484849 4.185421974398196
12091 1 1910976 0.84615386 2.102461992762983
12092 1 941025 0.83870965 3.5443439846858382
12093 1 1166700 0.85714287 4.107319982722402
12094 1 1451174 0.8 2.345237066037953
12095 1 1628699 0.8787879 4.318541963584721
12096 1 991467 0.8214286 3.2086470164358616
12097 1 1063213 0.8148148 3.3389980671927333
12098 1 2343946 0.8484849 4.361817031167448
12099 1 1530606 0.8125 5.040957010351121
12100 1 1270388 0.87096775 3.966724034398794
12101 1 397953 0.84615386 1.5655040042474866
12102 1 1403134 0.875 4.313420969992876
12103 1 1056777 0.8148148 3.0028059845790267
12104 1 1792758 0.86206895 3.7071070400997996
12105 1 673776 0.88 2.202639007009566
12106 1 211184 0.87096775 3.654817002825439
12107 1 1586008 0.82608694 1.137619954533875
12108 1 1410912 0.87096775 3.7562029901891947
12109 1 74041 0.88461536 2.5570500874891877
12110 1 1183578 0.85714287 3.3541100565344095
12111 1 1544394 0.85714287 2.220989903435111
12112 1 1502487 0.8214286 4.4298500288277864
12113 1 817472 0.9230769 2.3653260432183743
12114 1 123930 0.8 2.4555439595133066
12115 1 545280 0.8148148 3.903085016645491
12116 1 30463 0.8214286 3.4521149937063456
12117 1 1966301 0.8333333 2.163203898817301
12118 1 1012753 0.875 4.356996971182525
12119 1 988146 0.8484849 4.351841052994132
12120 1 1000056 0.8148148 1.3933780137449503
12121 1 33871 0.84375 3.4351579379290342
12122 1 1571351 0.9 3.799617988988757
12123 1 666734 0.8214286 4.513505031354725
12124 1 1452523 0.8333333 1.6375849954783916
12125 1 356393 0.89285713 2.921786974184215
12126 1 2016035 0.8076923 3.2220319844782352
12127 1 1647158 0.82608694 1.1744149960577488
12128 1 418100 0.89285713 3.0206700321286917
12129 1 1462439 0.8333333 3.008597996085882
12130 1 1789364 0.85714287 3.203710075467825
12131 1 541146 0.8148148 3.423130023293197
12132 1 606903 0.8333333 3.2384319929406047
12133 1 1798794 0.8 2.4568679509684443
12134 1 834184 0.87096775 4.0302310371771455
12135 1 835334 0.8181818 4.862991976551712
12136 1 7190 0.85714287 1.3021730119362473
12137 1 2072557 0.8181818 5.230390932410955
12138 1 1123087 0.87096775 3.8490549195557833
12139 1 51185 0.8 4.992187954485416
12140 1 1608897 0.8518519 3.9400679524987936
12141 1 16736 0.82758623 5.003542057238519
12142 1 1652426 0.9032258 4.752396023832262
12143 1 1778306 0.8888889 2.664532046765089
12144 1 539394 0.82758623 2.898267935961485
12145 1 1968473 0.8888889 3.3984900219365954
12146 1 354678 0.88461536 2.305596019141376
12147 1 175883 0.9 0.9694589534774423
12148 1 296849 0.8076923 3.8561109686270356
12149 1 2242436 0.8 1.9429899984970689
12150 1 1557884 0.82758623 5.426545045338571
12151 1 1528203 0.8214286 2.5950679555535316
12152 1 814543 0.84615386 1.808862085454166
12153 1 2119603 0.82758623 3.347863908857107
12154 1 1481945 0.8076923 2.6477250503376126
12155 1 1356967 0.8 2.7290929574519396
12156 1 2153453 0.84615386 2.599871950224042
12157 1 1571318 0.8333333 5.143438000231981
12158 1 1159249 0.8333333 3.379255998879671
12159 1 1462820 0.8064516 3.965392941609025
12160 1 1179125 0.8333333 5.129404948092997
12161 1 1449623 0.8181818 1.5392570057883859
12162 1 1098960 0.79310346 1.942017930559814
12163 1 1508844 0.85714287 4.182395990937948
12164 1 1619589 0.825 9.769179043360054
12165 1 1341796 0.8918919 9.321714984253049
12166 1 408355 0.8648649 8.38231504894793
12167 1 2028413 0.8974359 8.36828793399036
12168 1 832434 0.85294116 4.517025081440806
12169 1 1589072 0.8378378 8.78400297369808
12170 1 1425647 0.9411765 5.525483982637525
12171 1 1549051 0.82857144 7.793772034347057
12172 1 2029678 0.84210527 7.574422983452678
12173 1 824532 0.82857144 6.27407303545624
12174 1 1483763 0.8378378 6.386475986801088
12175 1 318748 0.8181818 4.92262898478657
12176 1 1005267 0.85 10.614714003168046
12177 1 1523457 0.84375 6.304036010988057
12178 1 2049350 0.9117647 6.701339036226273
12179 1 1483429 0.85365856 8.825620985589921
12180 1 1485237 0.8684211 8.637681952677667
12181 1 853552 0.8684211 8.606890914961696
12182 1 17544 0.9230769 8.073892095126212
12183 1 1430479 0.8095238 9.0916269691661
12184 1 1448904 0.84615386 7.597574032843113
12185 1 1441829 0.8378378 9.567605913616717
12186 1 1474725 0.84615386 8.925808942876756
12187 1 1560926 0.86206895 4.1471460135653615
12188 1 110253 0.8333333 6.178059964440763
12189 1 1296076 0.8125 5.0080850487574935
12190 1 1605265 0.8611111 5.607536993920803
12191 1 1451804 0.9117647 5.5996139999479055
12192 1 1470556 0.8888889 7.121869013644755
12193 1 1453249 0.7837838 7.754310965538025
12194 1 1701249 0.8292683 8.94621096085757
12195 1 1627648 0.82857144 7.760738022625446
12196 1 1484230 0.8108108 8.057727012783289
12197 1 1027242 0.8333333 7.526458008214831
12198 1 313606 0.8333333 8.392033982090652
12199 1 1052043 0.8181818 10.1558220339939
12200 1 2461628 0.875 4.251638893038034
12201 1 1779707 0.8181818 6.487723905593157
12202 1 1114568 0.8611111 5.857443087734282
12203 1 47520 0.875 4.931385978125036
12204 1 1446757 0.81578946 9.499594918452203
12205 1 1101235 0.8684211 8.722135098651052
12206 1 294385 0.8333333 8.728094981051981
12207 1 2008233 0.8108108 9.00990201625973
12208 1 1137224 0.85365856 9.872538968920708
12209 1 1391242 0.8684211 8.232961990870535
12210 1 1561652 0.8 6.720585050061345
12211 1 1947229 0.8484849 6.639795959927142
12212 1 1557063 0.8648649 8.4800060139969
12213 1 2027849 0.85714287 4.826058982871473
12214 1 2452078 0.8484849 6.081109982915223
12215 1 115246 0.8378378 9.95215296279639
12216 1 1400301 0.81578946 9.440361056476831
12217 1 1628393 0.8611111 8.319122018292546
12218 1 622736 0.8780488 8.940540021285415
12219 1 847805 0.8947368 7.713716011494398
12220 1 1529753 0.8888889 6.448399042710662
12221 1 1496236 0.8292683 9.899799944832921
12222 1 1379981 0.902439 9.687541052699089
12223 1 1288708 0.8181818 5.542117985896766
12224 1 1360908 1.0 6.357477977871895
12225 1 1624720 0.85714287 9.188441094011068
12226 1 1252988 0.9 8.679670980200171
12227 1 1413537 0.8181818 10.688481037504971
12228 1 1558178 0.8333333 7.455759099684656
12229 1 1136446 0.82857144 7.968154968693852
12230 1 686187 0.875 9.837521007284522
12231 1 1418394 0.84210527 8.982468978501856
12232 1 1545262 0.8780488 9.52796800993383
12233 1 1468161 0.81395346 9.334422997198999
12234 1 2231901 0.8636364 9.92537394631654
12235 1 1602354 0.8717949 9.213369921781123
12236 1 41132 0.7948718 9.051413042470813
12237 1 1700970 0.8666667 4.497722024098039
12238 1 1386239 0.8888889 6.610914948396385
12239 1 1287311 0.9047619 9.5134669682011
12240 1 1433711 0.82051283 8.539214031770825
12241 1 817985 0.7948718 10.028876014985144
12242 1 474017 0.81578946 7.951781037263572
12243 1 1336936 0.9 4.5769179705530405
12244 1 1067901 0.8918919 7.034459034912288
12245 1 1571825 0.82222223 10.67362492904067
12246 1 2249580 0.8055556 8.008621982298791
12247 1 1358988 0.84210527 10.149682988412678
12248 1 390761 0.8333333 10.122140985913575
12249 1 2053287 0.825 9.605883969925344
12250 1 1464970 0.8 10.082599008455873
12251 1 1609381 0.8780488 10.988413006998599
12252 1 1341020 0.81578946 10.126834968104959
12253 1 1567468 0.8055556 8.612242992967367
12254 1 52775 0.8181818 7.891752989962697
12255 1 1952567 0.8648649 8.110700990073383
12256 1 241492 0.8125 7.467356976121664
12257 1 1285890 0.8888889 8.569309953600168
12258 1 1452328 0.8888889 7.3319150833413005
12259 1 1191331 0.8292683 12.821833021007478
12260 1 832884 0.8918919 10.075182071886957
12261 1 1286239 0.87096775 6.505517987534404
12262 1 1057742 0.85294116 5.8570330729708076
12263 1 1653628 0.8717949 11.026773019693792
12264 1 557842 0.82857144 7.022242993116379
12265 1 1618508 0.8378378 9.197448031045496
12266 1 2397935 0.8 7.421895046718419
12267 1 1081628 0.85714287 7.5103690614923835
12268 1 1879044 0.8684211 8.55371099896729
12269 1 1001801 0.8378378 8.599122986197472
12270 1 1485103 0.8857143 7.939605973660946
12271 1 1026041 0.8 9.312443085946143
12272 1 1595426 0.8378378 9.059116011485457
12273 1 390628 0.8333333 8.54776508640498
12274 1 1038796 0.85 9.558859979733825
12275 1 823078 0.88235295 7.414994994178414
12276 1 294428 0.8333333 11.582750012166798
12277 1 265551 0.9032258 4.113640985451639
12278 1 139333 0.8378378 8.94327205605805
12279 1 892183 0.8235294 4.928519017994404
12280 1 1739970 0.8648649 8.730749017558992
12281 1 1572014 0.8333333 11.130222934298217
12282 1 1490077 0.9375 5.5234580067917705
12283 1 1132931 0.7894737 10.502099990844727
12284 1 1639346 0.8648649 8.913633995689452
12285 1 1274711 1.0 6.457812967710197
12286 1 1410951 0.8717949 10.677782935090363
12287 1 1414045 0.8717949 9.302443941123784
12288 1 1921760 0.8857143 6.408552988432348
12289 1 1472912 0.83870965 4.728545085527003
12290 1 1554635 0.8333333 8.127717999741435
12291 1 1585391 0.8717949 9.21668705996126
12292 1 668312 0.8055556 8.643471985124052
12293 1 1025938 0.82758623 4.457485978491604
12294 1 1176957 0.8333333 8.576579974032938
12295 1 1251561 0.8125 6.01613603066653
12296 1 2112041 0.82051283 8.933395962230861
12297 1 1649445 0.9117647 5.113816005177796
12298 1 1290117 0.9189189 7.5117930537089705
12299 1 1382093 0.8484849 6.976441014558077
12300 1 1119744 0.9189189 8.078822051174939
12301 1 1480169 0.8 12.426224071532488
12302 1 1220473 0.90909094 5.631140084005892
12303 1 573393 0.82051283 6.8273619981482625
12304 1 2998 0.81578946 9.209600975736976
12305 1 1198522 0.8 10.647263028658926
12306 1 2070730 0.82857144 7.408988079987466
12307 1 1001392 0.8095238 9.675396024249494
12308 1 1531831 0.825 10.153496987186372
12309 1 1510252 0.8684211 7.959445938467979
12310 1 423617 0.84210527 8.95852001849562
12311 1 1075930 0.825 9.616766939871013
12312 1 1484956 0.8888889 6.405340041965246
12313 1 1428579 0.875 8.490464999340475
12314 1 1457220 0.84375 5.4998480482026935
12315 1 1396239 0.83870965 5.993955070152879
12316 1 1625602 0.90625 4.919006023555994
12317 1 1132931 0.7894737 9.899239055812359
12318 1 265437 0.8857143 5.748233990743756
12319 1 1626422 0.84210527 8.957433979958296
12320 1 1199811 0.8888889 7.425101939588785
12321 1 1119857 0.8648649 5.91768603771925
12322 1 1129495 0.8108108 7.308171014301479
12323 1 1056378 0.80487806 8.735179086215794
12324 1 263048 0.8108108 8.86497797910124
12325 1 483967 0.8181818 5.627010948956013
12326 1 1421521 0.82051283 9.22706094570458
12327 1 1656124 0.8 6.948710069991648
12328 1 1160259 0.825 10.877593071199954
12329 1 1398824 0.8095238 9.446091949939728
12330 1 719089 0.90909094 5.242487066425383
12331 1 1296825 0.85365856 10.038230917416513
12332 1 1358803 0.81395346 9.562214952893555
12333 1 1242674 1.0 5.222383886575699
12334 1 2109162 0.825 10.032400023192167
12335 1 393754 0.825 9.399414993822575
12336 1 1007393 0.85714287 10.099429986439645
12337 1 1527946 0.85714287 7.049084990285337
12338 1 628002 0.825 9.495803969912231
12339 1 1059368 0.90625 4.414591006934643
12340 1 1925710 0.88095236 9.620895027182996
12341 1 1129789 0.8648649 6.7565960343927145
12342 1 592664 0.84615386 10.708514018915594
12343 1 1705590 0.8235294 8.709865971468389
12344 1 1419919 0.90625 6.840309011749923
12345 1 1354059 0.8857143 9.467608993873
12346 1 1136066 0.82857144 5.941533017903566
12347 1 1184687 0.85 11.641571996733546
12348 1 1016393 0.9032258 6.41844910569489
12349 1 1461336 0.8888889 8.417354081757367
12350 1 1068978 0.8372093 12.380736996419728
12351 1 1114335 0.85714287 11.16198196541518
12352 1 1461067 0.84210527 8.009554003365338
12353 1 824312 0.85714287 6.635235971771181
12354 1 1895737 0.7941176 7.61428102850914
12355 1 1046338 0.825 10.684845969080925
12356 1 1025049 0.7948718 8.545991964638233
12357 1 441841 0.82051283 10.219741030596197
12358 1 1410755 0.81578946 10.320739937014878
12359 1 1639488 0.81395346 10.25935192592442
12360 1 2153256 0.85 8.416260941885412
12361 1 2429262 0.7948718 8.644380024634302
12362 1 859568 0.8666667 3.328401013277471
12363 1 2071149 0.85294116 7.294310024008155
12364 1 1730759 0.8055556 6.57264597248286
12365 1 1369138 1.0 5.351862986572087
12366 1 1100941 0.7948718 8.076592930592597
12367 1 1594623 0.8780488 9.457016014494002
12368 1 2298585 0.93939394 5.657489993609488
12369 1 892414 0.8292683 10.834752931259573
12370 1 1114568 0.84210527 8.216955000534654
12371 1 815773 0.8292683 10.443895007483661
12372 1 1715006 0.8108108 8.492624037899077
12373 1 1609908 0.8780488 10.62432595063001
12374 1 1624620 0.8918919 7.877790951170027
12375 1 1176736 0.8372093 10.510412976145744
12376 1 1744077 0.85714287 5.652455962263048
12377 1 106363 0.93939394 6.158086005598307
12378 1 1080293 0.82051283 9.617137024179101
12379 1 1378299 0.8055556 7.7433709520846605
12380 1 1517783 0.7948718 9.684011922217906
12381 1 1484794 0.82857144 8.181047975085676
12382 1 1107184 0.85365856 10.044201044365764
12383 1 1405732 0.8125 4.6725289430469275
12384 1 1936630 0.8235294 6.4664490055292845
12385 1 827930 0.8918919 8.377425954677165
12386 1 1008621 0.84615386 10.39961096830666
12387 1 1109665 0.84210527 10.749942041002214
12388 1 299410 0.8372093 10.577320004813373
12389 1 1481429 0.82857144 8.165181032381952
12390 1 1187353 0.8611111 9.008630062453449
12391 1 2126056 0.8108108 6.734688067808747
12392 1 1073378 0.82051283 8.926089038141072
12393 1 1391738 0.90625 5.478544975630939
12394 1 1983363 0.8787879 5.720474990084767
12395 1 614670 0.8181818 10.962337953969836
12396 1 632702 0.969697 5.562147940509021
12397 1 1556314 0.8378378 8.896584971807897
12398 1 1515840 0.8 10.497745010070503
12399 1 1797264 0.80487806 9.286051033996046
12400 1 1627926 0.8857143 6.574354018084705
12401 1 625438 0.87096775 4.194313078187406
12402 1 1491634 0.8611111 6.823224946856499
12403 1 1120752 0.85714287 9.057240094989538
12404 1 640257 0.9142857 6.759529002010822
12405 1 845736 0.8095238 10.73877199087292
12406 1 1616373 0.90625 4.580955021083355
12407 1 1129597 0.8181818 5.304337944835424
12408 1 1548492 0.8717949 9.221703046932817
12409 1 1520689 0.85365856 10.145843960344791
12410 1 1624227 0.825 9.354760055430233
12411 1 1004400 0.8484849 4.301800043322146
12412 1 1449794 0.85294116 6.646692985668778
12413 1 1629201 0.85 9.811418014578521
12414 1 1149136 0.82051283 8.40882200282067
12415 1 1304592 0.8780488 8.472864981740713
12416 1 2037089 0.8717949 9.78988700080663
12417 1 1512148 0.85365856 9.698576061055064
12418 1 2075474 0.8333333 7.092109997756779
12419 1 1229082 0.84615386 7.588246022351086
12420 1 1528847 0.81578946 9.200041997246444
12421 1 192698 0.7948718 11.245625093579292
12422 1 2393120 0.8378378 8.615014026872814
12423 1 1630070 0.8648649 6.930435891263187
12424 1 1629602 0.7948718 9.635349968448281
12425 1 1427693 0.85294116 6.013944046571851
12426 1 1608611 0.8108108 7.7066319063305855
12427 1 1059824 0.8648649 6.837052991613746
12428 1 2048774 0.8648649 7.372196996584535
12429 1 1205443 0.8684211 8.059562998823822
12430 1 244733 0.80487806 10.791161912493408
12431 1 2064407 0.8095238 11.218082974664867
12432 1 1400130 0.8684211 8.700963924638927
12433 1 2469393 0.8611111 8.064877009019256
12434 1 2051000 0.84210527 7.2634529788047075
12435 1 1558882 0.9047619 9.24035906791687
12436 1 236545 0.8888889 3.3336979104205966
12437 1 1151890 0.8 10.632378980517387
12438 1 390335 0.8095238 10.24466601666063
12439 1 1296851 0.8235294 7.760462001897395
12440 1 1283967 0.8292683 11.444150935858488
12441 1 1654072 0.8095238 10.299997054971755
12442 1 1616349 0.8235294 4.973844042979181
12443 1 2023869 0.8372093 11.928042047657073
12444 1 1711293 0.88235295 6.178742041811347
12445 1 1524077 0.84615386 8.575582993216813
12446 1 1465034 0.80487806 9.58248507231474
12447 1 1797087 0.85 9.61456703953445
12448 1 1484699 0.8 10.149244917556643
12449 1 1244591 0.84615386 10.213030967861414
12450 1 1167451 0.7906977 10.79785090405494
12451 1 569801 0.82857144 5.602516932412982
12452 1 1095047 0.9117647 6.851659039966762
12453 1 1583752 0.825 10.157845914363861
12454 1 2112339 0.84090906 9.90151904989034
12455 1 1134239 0.825 8.928659022785723
12456 1 1614175 0.85 8.598102955147624
12457 1 1440013 0.84375 6.407983950339258
12458 1 1488763 0.90909094 7.612237939611077
12459 1 623663 0.84210527 11.53202902060002
12460 1 1621066 0.8 5.804484011605382
12461 1 1061487 0.8717949 10.276568937115371
12462 1 1277442 0.81578946 9.063569945283234
12463 1 1510574 0.8717949 10.018442990258336
12464 1 1554131 0.8787879 6.755037931725383
12465 1 569401 0.82857144 7.719411980360746
12466 1 1127351 0.84615386 9.12116700783372
12467 1 1418394 0.84210527 10.244120028801262
12468 1 1667301 0.8235294 8.905607042834163
12469 1 1294332 0.82051283 12.718065059743822
12470 1 1303262 0.8888889 10.539222043007612
12471 1 1470643 0.81578946 9.072506101801991
12472 1 854174 0.9 5.74479007627815
12473 1 1481170 0.8333333 12.396939913742244
12474 1 1935314 0.87096775 5.753468023613095
12475 1 1057239 0.8974359 11.134304921142757
12476 1 505862 0.82051283 8.764397003687918
12477 1 1544939 0.8484849 5.553424009121954
12478 1 1513981 0.8181818 13.21083097718656
12479 1 1611061 0.7941176 8.754960028454661
12480 1 732632 0.8684211 11.025277082808316
12481 1 695653 0.8108108 9.561227052472532
12482 1 1626646 0.8780488 10.89327095542103
12483 1 285428 0.8857143 8.683666936121881
12484 1 1417809 0.85294116 9.490958065725863
12485 1 1995089 0.85714287 4.184472025372088
12486 1 1546250 0.82857144 9.444518946111202
12487 1 1584703 0.81578946 25.446893996559083
12488 1 834155 0.8787879 11.07624708674848
12489 1 1275905 0.8648649 15.128148952499032
12490 1 1435255 0.8378378 13.434694963507354
12491 1 467961 0.82857144 10.187233914621174
12492 1 571707 0.825 12.722096987999976
12493 1 979135 0.8 14.346059993840754
12494 1 1575178 0.8918919 9.561332990415394
12495 1 1316484 0.82857144 7.099421927705407
12496 1 1014457 0.85294116 9.803761960938573
12497 1 1487012 0.8 12.845616904087365
12498 1 562927 0.8055556 10.625752969644964
12499 1 1503984 0.85294116 9.555166936479509
12500 1 1423907 0.8918919 10.267170029692352
12501 1 592034 0.88095236 12.715957942418754
12502 1 1188627 0.8780488 10.715157026425004
12503 1 1558174 0.8235294 7.366560981608927
12504 1 1396224 0.8787879 5.5709200678393245
12505 1 1596719 0.84615386 10.069279000163078
12506 1 1523085 0.8918919 9.958226000890136
12507 1 1068203 0.8235294 8.721722988411784
12508 1 829464 0.8780488 12.206024955958128
12509 1 1540467 0.8 8.329642005264759
12510 1 1405730 0.8888889 10.441454011015594
12511 1 2453803 0.8235294 5.906658014282584
12512 1 1772087 0.8787879 7.672518957406282
12513 1 779983 0.81578946 10.19565702881664
12514 1 1048953 0.8684211 10.722698993049562
12515 1 476507 0.84615386 12.203451013192534
12516 1 1549101 0.8064516 5.98753709346056
12517 1 1296694 0.82857144 9.862751001492143
12518 1 656694 0.8 12.222961988300085
12519 1 1573021 0.84615386 10.52075403276831
12520 1 1166655 0.84375 7.09594797808677
12521 1 1809752 0.8 9.172181016765535
12522 1 1441359 0.84615386 9.215455036610365
12523 1 1188100 0.82051283 10.076479986310005
12524 1 1417809 0.85294116 8.488052058964968
12525 1 1111542 0.84210527 8.937130100093782
12526 1 1305638 0.84210527 7.881456986069679
12527 1 582315 0.825 10.066471993923187
12528 1 1528221 0.8181818 6.711652968078852
12529 1 1531369 0.8 10.349169955588877
12530 1 1093539 0.88235295 7.048818981274962
12531 1 993378 0.8717949 12.886515003629029
12532 1 1268464 0.8055556 8.761956938542426
12533 1 1199337 0.88372093 13.122805976308882
12534 1 1403486 0.84615386 12.041341979056597
12535 1 2443495 0.88235295 9.465573006309569
12536 1 1639881 0.8717949 11.308994959108531
12537 1 1073378 0.82051283 11.877310927957296
12538 1 1525563 0.8378378 10.524422046728432
12539 1 1402836 0.88235295 8.787906030192971
12540 1 1139856 0.85 12.794172973372042
12541 1 1637315 0.83870965 6.202141987159848
12542 1 1265387 0.8888889 8.804535958915949
12543 1 1977831 0.88235295 6.059777922928333
12544 1 419399 0.8292683 10.549065074883401
12545 1 1206505 0.8333333 7.760640932247043
12546 1 1998052 0.85714287 7.108988938853145
12547 1 2081029 0.82051283 10.881728958338499
12548 1 238345 0.85294116 7.902847952209413
12549 1 1431929 0.88235295 8.96265497431159
12550 1 1097588 0.8378378 7.785616093315184
12551 1 1144243 0.8717949 10.054168989881873
12552 1 576159 0.84615386 10.620268061757088
12553 1 1153087 0.875 11.326386011205614
12554 1 1118945 0.875 9.4320880016312
12555 1 1483120 0.8108108 9.764850023202598
12556 1 1306713 0.8947368 8.182276040315628
12557 1 793886 0.85294116 8.003009017556906
12558 1 1418047 0.8292683 9.766918024979532
12559 1 2088951 0.8604651 11.097809066995978
12560 1 1232283 0.8378378 6.704883999191225
12561 1 1302592 0.81395346 10.02461591269821
12562 1 1304592 0.8780488 8.658398990519345
12563 1 1012159 0.84210527 7.581347948871553
12564 1 1701828 0.84210527 9.147498989477754
12565 1 1546538 0.8292683 10.503367986530066
12566 1 1582899 0.9375 4.644047003239393
12567 1 1688691 0.8378378 8.07903497479856
12568 1 1617833 0.9117647 8.0285610165447
12569 1 394932 0.90909094 4.741998040117323
12570 1 1406328 0.8108108 8.062042063102126
12571 1 1650951 0.9032258 5.277410033158958
12572 1 1554131 0.85294116 7.206937996670604
12573 1 628261 0.8181818 5.873324000276625
12574 1 1140555 0.825 8.619436994194984
12575 1 1451840 0.84210527 10.000693961046636
12576 1 1616126 0.90625 4.304075031541288
12577 1 601262 0.8064516 5.115885986015201
12578 1 1053151 0.7948718 8.979147067293525
12579 1 1355434 0.8717949 7.945872959680855
12580 1 1200362 0.88095236 10.527979000471532
12581 1 1615872 0.80487806 9.59498097654432
12582 1 1425001 0.84210527 8.5609529633075
12583 1 545636 0.85365856 8.785399957560003
12584 1 1000157 0.8611111 8.01904802210629
12585 1 1262494 0.8108108 8.775508031249046
12586 1 1066903 0.7948718 9.018472977913916
12587 1 1474376 0.84615386 8.724313927814364
12588 1 1797302 0.8333333 6.468532024882734
12589 1 1191223 0.8333333 7.118818932212889
12590 1 760500 0.84375 4.553589038550854
12591 1 1209600 0.84375 5.930730025283992
12592 1 1331908 0.82051283 7.603277103044093
12593 1 2109292 0.8181818 5.930425017140806
12594 1 1115528 0.8095238 10.89412102010101
12595 1 712365 0.8604651 10.171063942834735
12596 1 1792609 0.9 8.9535090373829
12597 1 2233869 0.86206895 3.2730279490351677
12598 1 1524166 0.8095238 10.720352060161531
12599 1 543084 0.8108108 7.735798018984497
12600 1 199696 0.8648649 6.927556009031832
12601 1 2017276 0.82051283 8.778330055065453
12602 1 1605837 0.8333333 6.737454910762608
12603 1 1431725 0.8484849 6.123021012172103
12604 1 1163216 0.8 9.563895990140736
12605 1 1793980 0.81395346 11.09563303180039
12606 1 872344 0.85714287 7.4834589613601565
12607 1 817135 0.7894737 9.403983945958316
12608 1 1193403 0.8 8.676078985445201
12609 1 1403405 0.85714287 6.812936975620687
12610 1 68110 0.8717949 9.725856012664735
12611 1 1938117 0.875 4.575224942527711
12612 1 1573336 0.82051283 7.971700048074126
12613 1 1105279 0.8484849 6.1076550045982
12614 1 1189756 0.82608694 12.257694033905864
12615 1 1094385 0.88235295 7.135179941542447
12616 1 1597177 0.8787879 7.092650979757309
12617 1 1048931 0.8611111 7.408490986563265
12618 1 618739 0.8484849 4.418284981511533
12619 1 720807 0.8611111 6.669340073131025
12620 1 973420 0.8666667 4.865937982685864
12621 1 1558882 0.9047619 9.9425750086084
12622 1 2436328 0.88235295 6.727915024384856
12623 1 525655 0.92105263 12.744702980853617
12624 1 1650193 0.8 13.761630048975348
12625 1 1047427 0.8787879 9.696352994069457
12626 1 1429245 0.8095238 15.95374196767807
12627 1 1482553 0.8648649 11.00840198341757
12628 1 435471 0.8888889 10.494983987882733
12629 1 1136894 0.8378378 12.506561004556715
12630 1 509476 0.8 10.815827990882099
12631 1 1857368 0.82857144 13.057322008535266
12632 1 1191235 0.82051283 14.499105978757143
12633 1 1102110 0.82051283 14.451371971517801
12634 1 1205448 0.8 14.266403042711318
12635 1 1090865 0.85365856 12.859336915425956
12636 1 2088498 0.82051283 14.711766969412565
12637 1 1491552 0.8648649 11.330822017043829
12638 1 1059243 0.8684211 8.871965925209224
12639 1 1153760 0.8181818 15.438614995218813
12640 1 872143 0.85294116 8.877058047801256
12641 1 1045384 0.8857143 9.200377971865237
12642 1 1662883 0.825 9.014968993142247
12643 1 1301236 0.8611111 9.540581027977169
12644 1 1008678 0.8333333 5.903347977437079
12645 1 732632 0.8108108 8.718792931176722
12646 1 1337511 0.84210527 10.219387942925096
12647 1 2014478 0.7894737 10.418580030091107
12648 1 1175815 0.8378378 8.42761597596109
12649 1 1429886 0.84375 5.715606035664678
12650 1 1489349 0.8235294 10.691850911825895
12651 1 1278829 0.875 5.373732070438564
12652 1 1166700 0.82758623 5.506401997990906
12653 1 1651808 0.9117647 6.49285304825753
12654 1 1529756 0.8378378 9.061539894901216
12655 1 1024605 0.8918919 8.287343080155551
12656 1 835923 0.8055556 9.865483036264777
12657 1 1445735 0.8235294 8.781610056757927
12658 1 1604719 0.8484849 8.610990014858544
12659 1 630712 0.825 12.415761942975223
12660 1 389873 0.8666667 6.379524013027549
12661 1 1093053 0.8064516 5.224538967013359
12662 1 1540344 0.8780488 14.287019963376224
12663 1 1637887 0.87096775 6.626713904552162
12664 1 1077877 0.84090906 13.191571924835443
12665 1 1490263 0.8333333 13.83729709777981
12666 1 1053036 0.8666667 12.854209984652698
12667 1 704562 0.8333333 10.98803908098489
12668 1 1388455 0.84090906 11.469476972706616
12669 1 2037090 0.8372093 12.533377041108906
12670 1 1479792 0.82 13.29911407083273
12671 1 1631505 0.902439 10.097282007336617
12672 1 1256174 0.8367347 13.711379026062787
12673 1 1131920 0.87234044 11.345383012667298
12674 1 1420772 0.8372093 11.056597111746669
12675 1 1153621 0.8684211 8.714722003787756
12676 1 1184557 0.82608694 11.836171965114772
12677 1 1118818 0.85106385 11.59952103625983
12678 1 984384 0.877551 11.74673205241561
12679 1 1572274 0.8695652 11.646443977952003
12680 1 630077 0.8604651 11.983824893832207
12681 1 1486602 0.8125 13.004738022573292
12682 1 1575146 0.8695652 12.428871006704867
12683 1 74725 0.85714287 13.241710024885833
12684 1 1602414 0.8292683 12.229021987877786
12685 1 1093008 0.8541667 13.26042995788157
12686 1 1076989 0.8636364 12.370400945656002
12687 1 1419365 0.85 10.385152068920434
12688 1 1141927 0.8 12.589696096256375
12689 1 1204833 0.85714287 12.403942993842065
12690 1 1152460 0.82222223 12.59955600835383
12691 1 1285068 0.7962963 13.969180057756603
12692 1 1001065 0.85106385 13.282865984365344
12693 1 992036 0.8372093 12.882884009741247
12694 1 1562101 0.8125 13.424110016785562
12695 1 808372 0.8541667 13.17517994903028
12696 1 1889819 0.82608694 11.966718011535704
12697 1 1626471 0.88 12.668059091083705
12698 1 1179773 0.8333333 12.649556971155107
12699 1 799455 0.8695652 11.99654198717326
12700 1 1206916 0.877551 12.503628036938608
12701 1 1202677 0.82608694 12.277989997528493
12702 1 1581184 0.8541667 12.46070396155119
12703 1 840397 0.8292683 10.557244997471571
12704 1 1445831 0.84444445 13.151944964192808
12705 1 1734878 0.82978725 12.961942004039884
12706 1 1479398 0.8235294 13.666101032868028
12707 1 1265831 0.8604651 11.663413024507463
12708 1 1204804 0.902439 10.908594937063754
12709 1 1020895 0.8541667 12.86897191312164
12710 1 1610583 0.80851066 13.036757940426469
12711 1 1573448 0.8367347 13.039477984420955
12712 1 1031283 0.88095236 10.78170700930059
12713 1 1317583 0.8666667 11.799447936937213
12714 1 1489311 0.8333333 10.970510891638696
12715 1 1037915 0.84090906 11.753113009035587
12716 1 1163056 0.84444445 11.81333395652473
12717 1 1560145 0.82978725 12.883514980785549
12718 1 501849 0.8372093 10.783397941850126
12719 1 2094977 0.84 13.14117992296815
12720 1 816162 0.82 13.45773902721703
12721 1 2053090 0.8604651 11.859560036100447
12722 1 1400018 0.8333333 13.54176306631416
12723 1 2079132 0.8666667 12.796956929378211
12724 1 2109161 0.85714287 11.48837001528591
12725 1 1195891 0.84782606 12.383749010041356
12726 1 1488785 0.8695652 12.161331018432975
12727 1 1325964 0.875 13.499301043339074
12728 1 1428616 0.8333333 13.862836989574134
12729 1 2154572 0.8372093 12.320502079091966
12730 1 1508526 0.8235294 13.200251967646182
12731 1 1528079 0.84444445 11.980412993580103
12732 1 1288034 0.84444445 11.508218944072723
12733 1 193079 0.8541667 12.997274054214358
12734 1 1382252 0.8125 13.081370969302952
12735 1 1478660 0.8666667 12.190793990157545
12736 1 1183465 0.8666667 13.599590980447829
12737 1 1385413 0.82978725 12.669128947891295
12738 1 2061815 0.8 12.149918940849602
12739 1 2087256 0.9 12.540237046778202
12740 1 1609943 0.8695652 12.317308923229575
12741 1 2090530 0.79591835 12.386349961161613
12742 1 1504817 0.8867925 12.768986052833498
12743 1 1480735 0.8269231 13.369426946155727
12744 1 1738073 0.7906977 12.366229086183012
12745 1 1551376 0.82608694 12.748664943501353
12746 1 1517186 0.7916667 13.516364968381822
12747 1 1863443 0.8372093 11.660802992992103
12748 1 2056886 0.9047619 10.68875496275723
12749 1 1315081 0.87234044 12.948057963512838
12750 1 826462 0.82978725 14.840496005490422
12751 1 1412441 0.82608694 15.430095023475587
12752 1 1664623 0.8333333 14.275703928433359
12753 1 769329 0.8 11.21627795509994
12754 1 1135012 0.9361702 12.451407965272665
12755 1 1003030 0.85365856 10.5913799488917
12756 1 1408953 0.82978725 12.801580014638603
12757 1 1013856 0.84 13.392189983278513
12758 1 2028217 0.82222223 12.432461022399366
12759 1 2085549 0.82608694 12.50386203173548
12760 1 160677 0.89361703 12.326351017691195
12761 1 1198182 0.8636364 11.400077026337385
12762 1 246058 0.84444445 12.075903010554612
12763 1 1106040 0.8235294 12.73553294595331
12764 1 2030298 0.8043478 11.845221044495702
12765 1 2050916 0.8148148 12.530700070783496
12766 1 1610659 0.8269231 12.520867981947958
12767 1 1413137 0.80851066 11.580103076994419
12768 1 1244746 0.8372093 10.748532018624246
12769 1 625952 0.84615386 12.152845039963722
12770 1 1196890 0.84090906 11.193769983947277
12771 1 641005 0.84313726 12.439736048690975
12772 1 1798068 0.8235294 13.147171935997903
12773 1 1515971 0.84444445 12.527237995527685
12774 1 1447532 0.8 13.173470040783286
12775 1 1129471 0.82608694 13.128202059306204
12776 1 719120 0.82978725 12.903216062113643
12777 1 2332173 0.8333333 12.749767978675663
12778 1 1495519 0.84313726 13.22464388795197
12779 1 1402271 0.84 13.266747002489865
12780 1 1618432 0.8372093 12.009422993287444
12781 1 1423814 0.85106385 12.44143710937351
12782 1 1423061 0.8333333 12.76127400342375
12783 1 227521 0.82222223 12.29212200269103
12784 1 989494 0.8666667 12.163489940576255
12785 1 1222331 0.8604651 11.411456041969359
12786 1 1117521 0.8333333 14.645698014646769
12787 1 1690798 0.84615386 11.4909450057894
12788 1 1458285 0.84313726 13.79493495915085
12789 1 2456546 0.7894737 11.648878920823336
12790 1 851989 0.82978725 14.140274957753718
12791 1 1445830 0.8333333 12.601717025972903
12792 1 1084375 0.8666667 12.275686953216791
12793 1 700463 0.8913044 11.482040979899466
12794 1 1414220 0.85106385 12.350638047792017
12795 1 1032043 0.82978725 13.184192008338869
12796 1 1616280 0.84 14.305436052381992
12797 1 2081643 0.8636364 12.908446020446718
12798 1 1615067 0.8333333 13.66936310660094
12799 1 1114207 0.8181818 11.342833982780576
12800 1 1431165 0.8666667 10.95092506147921
12801 1 980861 0.89361703 11.98502501938492
12802 1 2076489 0.8958333 12.809309992007911
12803 1 1113147 0.8333333 13.797588995657861
12804 1 1302226 0.84444445 12.522447039373219
12805 1 1481052 0.8301887 13.736266060732305
12806 1 1053799 0.84444445 12.773690046742558
12807 1 2260451 0.85106385 13.341717072762549
12808 1 1699565 0.8181818 12.193548027426004
12809 1 1112039 0.8541667 12.668496929109097
12810 1 2231566 0.81632656 12.449154979549348
12811 1 1110317 0.84090906 11.476114974357188
12812 1 916408 0.8604651 9.832139941863716
12813 1 1634465 0.85365856 12.367324903607368
12814 1 827242 0.86 15.568042057566345
12815 1 1396941 0.86538464 15.95117594115436
12816 1 1512288 0.8666667 14.106896007433534
12817 1 501640 0.8541667 14.954540063627064
12818 1 1004171 0.8043478 15.168925980105996
12819 1 1508126 0.89361703 13.414215994998813
12820 1 1234970 0.85106385 14.294574968516827
12821 1 1454757 0.8372093 12.707508984021842
12822 1 1612866 0.8636364 12.975036050193012
12823 1 1615979 0.84782606 13.788364944048226
12824 1 1641222 0.8181818 13.36848794016987
12825 1 1417124 0.80851066 14.694098033942282
12826 1 1449912 0.8974359 11.239196988753974
12827 1 1029272 0.84444445 14.019415015354753
12828 1 1040413 0.85365856 11.853422038257122
12829 1 544620 0.8490566 15.123715973459184
12830 1 1529388 0.84444445 14.75513691548258
12831 1 1138269 0.84615386 15.204277005977929
12832 1 1409145 0.8541667 14.644830022007227
12833 1 1296770 0.8863636 13.450896018184721
12834 1 1274804 0.84313726 15.211572055704892
12835 1 482365 0.84782606 14.955656952224672
12836 1 1284434 0.8636364 13.920111930929124
12837 1 827242 0.86 14.750801026821136
12838 1 2107500 0.8979592 14.26706404890865
12839 1 1511610 0.84090906 14.172659954056144
12840 1 1976594 0.81632656 15.12847503181547
12841 1 2249711 0.9047619 13.16203991882503
12842 1 2441104 0.8541667 14.21851897612214
12843 1 666741 0.84090906 13.67793302051723
12844 1 1193344 0.8363636 15.069690067321062
12845 1 1277405 1.0 10.896816966123879
12846 1 1175977 0.81632656 14.979881001636386
12847 1 1440517 0.81632656 15.444391989149153
12848 1 1457415 0.86538464 14.859113027341664
12849 1 1555125 0.875 14.44052194710821
12850 1 1449066 0.80851066 14.774929033592343
12851 1 1266487 0.87234044 14.146228088065982
12852 1 1798949 0.84090906 13.200124958530068
12853 1 1353382 0.8269231 15.324984909966588
12854 1 1409692 0.80851066 14.97562404256314
12855 1 1381806 0.87234044 14.89543600473553
12856 1 1572840 0.85714287 15.880614053457975
12857 1 1634463 0.8913044 14.15135501883924
12858 1 1525923 0.7906977 15.24840691126883
12859 1 1574045 0.875 14.372114092111588
12860 1 1619545 0.8695652 14.17700108140707
12861 1 1077793 0.8333333 15.091746929101646
12862 1 1507024 0.86538464 15.353146009147167
12863 1 867592 0.8125 14.269517036154866
12864 1 2471471 0.84313726 15.347269014455378
12865 1 853778 0.87234044 14.043216011486948
12866 1 1532194 0.8125 15.057291951961815
12867 1 1319559 0.85106385 14.135738019831479
12868 1 1163600 0.88235295 15.053438022732735
12869 1 1367347 0.8095238 13.166428077965975
12870 1 1404049 0.82 15.621204976923764
12871 1 988211 0.84 15.033453004434705
12872 1 1553822 0.88372093 12.639945955015719
12873 1 1571000 0.875 14.973498997278512
12874 1 555823 0.8292683 11.783450026996434
12875 1 1499769 0.84090906 15.177613007836044
12876 1 824462 0.85714287 12.683791108429432
12877 1 1108370 0.84782606 15.094780013896525
12878 1 1008026 0.875 14.186291955411434
12879 1 1519248 0.84090906 13.403506018221378
12880 1 1130443 0.8863636 13.511001016013324
12881 1 1667191 0.88372093 13.668484054505825
12882 1 1778657 0.85365856 11.628767941147089
12883 1 880347 0.8 15.396974049508572
12884 1 1159461 0.8372093 13.399080955423415
12885 1 1532105 0.85106385 15.4733220115304
12886 1 1521222 0.81632656 15.419116010889411
12887 1 1465495 0.875 13.250614982098341
12888 1 1429241 0.85714287 13.604357023723423
12889 1 1217234 0.81395346 14.283105032518506
12890 1 2470422 0.8666667 13.58335290569812
12891 1 1310730 0.8181818 14.118139981292188
12892 1 119466 0.8043478 14.696710044518113
12893 1 2073603 0.8372093 13.54659697972238
12894 1 733994 0.85106385 14.126693014986813
12895 1 2063158 0.88095236 11.781655019149184
12896 1 1034590 0.87234044 14.202153077349067
12897 1 1263411 0.86 15.016971970908344
12898 1 1108370 0.8666667 14.88763908855617
12899 1 1255242 0.81632656 15.704274992458522
12900 1 1423759 0.82978725 15.132380998693407
12901 1 1159607 0.84444445 13.33988190162927
12902 1 2278001 0.82978725 15.375087969005108
12903 1 863520 0.94871795 11.148219928145409
12904 1 1629429 0.8695652 13.840878033079207
12905 1 1532807 0.79591835 15.685393009334803
12906 1 1479351 0.81395346 14.108231058344245
12907 1 822523 0.84090906 13.550025993026793
12908 1 1295308 0.8604651 14.520234079100192
12909 1 1170763 0.8181818 14.563243021257222
12910 1 1377057 0.81632656 15.91907104011625
12911 1 235864 0.8679245 15.07453597150743
12912 1 350039 0.85106385 14.825824066065252
12913 1 1329478 0.8372093 13.183485949411988
12914 1 2409850 0.84782606 14.074467937462032
12915 1 1562941 0.80851066 14.884929987601936
12916 1 1193475 0.9318182 13.494562008418143
12917 1 1826937 0.8372093 12.440745951607823
12918 1 1422740 0.8181818 14.457312994636595
12919 1 1169501 0.8541667 14.550435007549822
12920 1 1013182 0.85365856 12.183774961158633
12921 1 1513356 0.92105263 10.305071948096156
12922 1 1415218 0.8695652 14.052030979655683
12923 1 1748925 0.8333333 13.680937001481652
12924 1 1963117 0.81578946 11.638595024123788
12925 1 1197417 0.8636364 14.270648011006415
12926 1 1052600 0.9285714 12.218059971928596
12927 1 1571584 0.875 12.410431052558124
12928 1 1888397 0.81395346 15.209399978630245
12929 1 1562832 0.80487806 13.873939053155482
12930 1 1500267 0.85106385 14.520221971906722
12931 1 1614168 0.8372093 13.767547905445099
12932 1 26923 0.875 14.793104026466608
12933 1 2091595 0.8666667 13.708046986721456
12934 1 1069698 0.8913044 14.371639932505786
12935 1 1655679 0.8372093 13.682540971785784
12936 1 1558067 0.8125 15.504698036238551
12937 1 1607422 0.8333333 15.174017054960132
12938 1 1591048 0.8235294 16.282681026495993
12939 1 1595812 0.9302326 12.653519050218165
12940 1 1418450 0.8695652 14.281275914981961
12941 1 1610396 0.85714287 13.82771402131766
12942 1 1420885 0.82222223 14.989153947681189
12943 1 1481226 0.79591835 15.77296294271946
12944 1 2044404 0.8695652 14.125615009106696
12945 1 350039 0.89361703 14.727570000104606
12946 1 1068623 0.8333333 13.951989938504994
12947 1 1299888 0.80851066 15.331169939599931
12948 1 1569235 0.85106385 13.864991953596473
12949 1 1143043 0.82978725 14.354120008647442
12950 1 1601661 0.825 12.539429008029401
12951 1 2059148 0.877551 14.606454991735518
12952 1 1065206 0.8333333 11.97229593526572
12953 1 1068267 0.8333333 14.106892049312592
12954 1 1100132 0.85714287 14.758288976736367
12955 1 654659 0.8372093 12.786401086486876
12956 1 837802 0.8604651 13.366788974963129
12957 1 189457 0.78571427 13.435681001283228
12958 1 344249 0.85 13.791159028187394
12959 1 1417102 0.8235294 15.379930031485856
12960 1 1449988 0.8235294 15.585957909934223
12961 1 1420984 0.82978725 15.562938991934061
12962 1 1134695 0.85106385 15.626949956640601
12963 1 1613940 0.8269231 15.234597027301788
12964 1 1031703 0.8367347 15.040535014122725
12965 1 1093107 0.88095236 13.112357002682984
12966 1 1528987 0.84782606 14.108811039477587
12967 1 1431568 0.8 13.486968004144728
12968 1 1228284 0.8695652 15.272833057679236
12969 1 1014350 0.84 15.47217892948538
12970 1 1011017 0.8913044 13.535780948586762
12971 1 1621507 0.8333333 14.677394065074623
12972 1 1103799 0.85714287 14.900395995937288
12973 1 1121670 0.8666667 13.683244003914297
12974 1 769034 0.90909094 12.776769930496812
12975 1 1121048 0.84 15.294637065380812
12976 1 1213620 0.79591835 16.202550963498652
12977 1 1266028 0.82222223 15.29767201282084
12978 1 1938273 0.8333333 15.472950064577162
12979 1 1412506 0.9047619 12.708822963759303
12980 1 1167104 0.8181818 13.658917974680662
12981 1 1343820 0.85714287 14.822715078480542
12982 1 1418988 0.825 13.19966302253306
12983 1 200109 0.8863636 13.254776014946401
12984 1 1298035 0.87234044 14.346860931254923
12985 1 772026 0.8541667 14.928943943232298
12986 1 1452579 0.8541667 14.542586985044181
12987 1 2090060 0.80487806 13.65483901463449
12988 1 1527317 0.87234044 14.21822898555547
12989 1 1591233 0.84 15.20134403835982
12990 1 1187360 0.8780488 11.652352986857295
12991 1 2087660 0.88 14.485750929452479
12992 1 1435144 0.9111111 12.693850905634463
12993 1 1276882 0.8918919 10.450114030390978
12994 1 1005933 0.8372093 12.211216031573713
12995 1 2087617 0.8695652 13.31006595864892
12996 1 1543149 0.88372093 13.267486006952822
12997 1 1149772 0.8541667 14.029270969331264
12998 1 2398142 0.8541667 14.689937001094222
12999 1 56642 0.8301887 15.207511954940856
13000 1 1410752 0.85106385 14.147171983495355
13001 1 1649945 0.84782606 14.051934005692601
13002 1 2013298 0.8695652 13.374813017435372
13003 1 1435091 0.8095238 12.427104054950178
13004 1 1626126 0.8181818 13.93828506115824
13005 1 374416 0.8235294 15.69617900531739
13006 1 1064728 0.82978725 14.69634403474629
13007 1 835889 0.84615386 15.104544931091368
13008 1 1620688 0.81395346 13.012723997235298
13009 1 1450226 0.84444445 14.08407895360142
13010 1 1088200 0.8125 15.575258061289787
13011 1 669801 0.7804878 13.265405083075166
13012 1 2130626 0.8125 15.741929993964732
13013 1 1162942 0.875 14.386703027412295
13014 1 1608267 0.85106385 14.540854026563466
13015 1 1081095 0.87234044 14.460585080087185
13016 1 1152119 0.85 12.256487971171737
13017 1 1128978 0.8333333 14.964840956963599
13018 1 1638864 0.8333333 15.262812026776373
13019 1 1356208 0.84444445 13.608175097033381
13020 1 1465944 0.85714287 14.355150051414967
13021 1 1034519 0.8367347 15.617006924003363
13022 1 439531 0.8235294 15.971319051459432
13023 1 1052600 0.8666667 14.382980996742845
13024 1 836167 0.8039216 16.42510201781988
13025 1 1260388 0.88372093 13.618369936011732
13026 1 1171524 0.8039216 16.041500959545374
13027 1 1958828 0.7906977 15.666135004721582
13028 1 1080171 0.88372093 13.558125006966293
13029 1 1410773 0.82978725 15.268986928276718
13030 1 631211 0.8333333 15.544688096269965
13031 1 1235354 0.902439 12.384400004521012
13032 1 1433338 0.85714287 15.844493987970054
13033 1 1664456 0.85 12.771012028679252
13034 1 1195886 0.8888889 14.8126189596951
13035 1 1611129 0.81395346 12.482110993005335
13036 1 1352325 0.8333333 13.932325993664563
13037 1 1016155 0.8367347 16.090028919279575
13038 1 1272754 0.85714287 14.79311694856733
13039 1 1051881 0.8043478 15.358700999058783
13040 1 1473813 0.8863636 14.259335002861917
13041 1 1948846 0.82 15.698484028689563
13042 1 1676665 0.85714287 15.935529954731464
13043 1 1634926 0.8333333 15.190600999630988
13044 1 1390170 0.8372093 13.314768904820085
13045 1 990449 0.85714287 12.148644076660275
13046 1 1187848 0.8235294 15.437541995197535
13047 1 1129794 0.8333333 12.62562198098749
13048 1 823864 0.84615386 15.167174045927823
13049 1 1257806 0.84090906 14.287909958511591
13050 1 1256595 0.8666667 14.615567051805556
13051 1 1436970 0.8333333 14.905164018273354
13052 1 1439653 0.8043478 15.564973000437021
13053 1 1664388 0.8181818 14.714743010699749
13054 1 25455 0.81395346 12.979325954802334
13055 1 2068690 0.84444445 13.44089605845511
13056 1 1010966 0.88235295 15.199930989183486
13057 1 1742529 0.84444445 13.588996953330934
13058 1 1923517 0.82 15.113018918782473
13059 1 1047712 0.7777778 13.331732945516706
13060 1 1061736 0.84444445 12.932082987390459
13061 1 813960 0.877551 14.421471976675093
13062 1 2064525 0.8076923 15.786236966960132
13063 1 2073082 0.84444445 13.753826962783933
13064 1 1192209 0.8333333 14.345835079438984
13065 1 1519946 0.8604651 13.035321957431734
13066 1 1349529 0.82978725 14.924364048056304
13067 1 1594843 0.84444445 14.101643930189312
13068 1 2298585 0.825 13.677370036020875
13069 1 1193727 0.8095238 13.215710991062224
13070 1 1406258 0.84090906 13.985769008286297
13071 1 1609258 0.8541667 14.855687040835619
13072 1 2463798 0.8888889 14.310481958091259
13073 1 1623320 0.84444445 14.550860971212387
13074 1 2079121 0.85714287 12.456099037081003
13075 1 1430533 0.8636364 13.856273028068244
13076 1 1532240 0.8125 15.361035009846091
13077 1 1667638 0.86538464 15.529921976849437
13078 1 2080938 0.84444445 15.16075199469924
13079 1 1608873 0.8541667 15.047019929625094
13080 1 838748 0.79545456 13.760094996541739
13081 1 1478071 0.86 15.227448078803718
13082 1 2106885 0.8181818 13.220619992353022
13083 1 1623788 0.88235295 15.138738905079663
13084 1 1938273 0.82978725 15.485291951335967
13085 1 1291756 0.85714287 15.013818047009408
13086 1 1855968 0.8043478 14.993945020250976
13087 1 1734878 0.82978725 14.303916017524898
13088 1 1132702 0.89361703 15.584732056595385
13089 1 2092476 0.82 16.482564969919622
13090 1 1479203 0.84090906 14.323730021715164
13091 1 1405676 0.8181818 14.601862989366055
13092 1 147538 0.84444445 14.423388056457043
13093 1 1313690 0.89361703 14.334492036141455
13094 1 1549093 0.7906977 13.919794000685215
13095 1 1330551 0.82 15.915277996100485
13096 1 825043 0.8627451 15.51614806521684
13097 1 1765021 0.8367347 15.480363043025136
13098 1 1625588 0.87234044 14.835784095339477
13099 1 1157715 0.8367347 14.211877947673202
13100 1 1624132 0.8333333 15.037129982374609
13101 1 1172818 0.84444445 14.370674034580588
13102 1 1963645 0.82978725 15.642104088328779
13103 1 969948 0.8666667 14.08427208662033
13104 1 997210 0.84 15.050521004013717
13105 1 514528 0.82978725 15.19552303943783
13106 1 1021104 0.90697676 13.68392410222441
13107 1 1651432 0.80851066 15.428534941747785
13108 1 1430845 0.8604651 14.085297007113695
13109 1 1072599 0.8372093 13.834320940077305
13110 1 1679590 0.8780488 13.517120969481766
13111 1 1495672 0.8372093 13.874202966690063
13112 1 789266 0.8666667 14.18168202508241
13113 1 1150559 0.87234044 14.728902955539525
13114 1 1606033 0.8636364 14.156503952108324
13115 1 2052646 0.84090906 14.645777060650289
13116 1 1174394 0.82222223 14.501443016342819
13117 1 1800107 0.8235294 15.652794972993433
13118 1 1588328 0.80851066 15.216183965094388
13119 1 1132209 0.8269231 15.944020007736981
13120 1 1463864 0.88095236 13.140431954525411
13121 1 1622616 0.80487806 14.102288987487555
13122 1 1667754 0.8043478 16.315460903570056
13123 1 1257742 0.84444445 18.600181909278035
13124 1 1301201 0.8113208 20.04470000974834
13125 1 1338505 0.85714287 16.155118006281555
13126 1 1549093 0.8292683 13.78671603742987
13127 1 1201292 0.8 18.079412984661758
13128 1 1400660 0.85714287 17.062195925973356
13129 1 1969262 0.84090906 15.63246501609683
13130 1 1664861 0.82222223 16.85135008301586
13131 1 1049346 0.8695652 15.802141977474093
13132 1 1294373 0.85106385 16.01084496360272
13133 1 1434598 0.8695652 15.872516087256372
13134 1 1048513 0.8863636 13.92325502820313
13135 1 1497333 0.8695652 15.467260032892227
13136 1 476566 0.80851066 16.593698994256556
13137 1 938990 0.84444445 16.458507045172155
13138 1 1533183 0.8372093 15.949211083352566
13139 1 1626891 0.81632656 16.077599953860044
13140 1 988979 0.8780488 12.733372044749558
13141 1 1302360 0.80851066 16.139550018124282
13142 1 1270302 0.87234044 15.04500606097281
13143 1 1557182 0.8125 15.645451028831303
13144 1 1627593 0.82 15.938812983222306
13145 1 1172080 0.7906977 13.988010003231466
13146 1 1442144 0.85 11.373979039490223
13147 1 482806 0.825 12.54280493594706
13148 1 2047978 0.8125 14.647462987340987
13149 1 516655 0.8269231 15.58914000634104
13150 1 1309572 0.8039216 15.986807993613183
13151 1 1392939 0.8181818 16.03263698052615
13152 1 653148 0.86 16.94294495973736
13153 1 960039 0.82608694 16.726226080209017
13154 1 1620397 0.7924528 18.678012071177363
13155 1 1761054 0.8780488 15.076815034262836
13156 1 1087425 0.84 17.967973952181637
13157 1 1095409 0.8372093 16.037002089433372
13158 1 1150998 0.85714287 17.098595038987696
13159 1 1364926 0.9111111 15.003805980086327
13160 1 986136 0.8636364 14.063635026104748
13161 1 1058298 0.84 15.679740929044783
13162 1 1755372 0.81632656 14.469175017438829
13163 1 643239 0.9148936 14.388632029294968
13164 1 1091975 0.86 14.979972038418055
13165 1 1157291 0.8703704 14.469269081018865
13166 1 995306 0.8627451 15.492566046305
13167 1 1692850 0.8545455 15.375304967164993
13168 1 4693 0.85714287 16.09800197184086
13169 1 1483105 0.9074074 15.402745921164751
13170 1 846723 0.8518519 15.300670987926424
13171 1 850749 0.8039216 15.352324000559747
13172 1 1468303 0.81666666 14.668668969534338
13173 1 1514376 0.8490566 15.225108014419675
13174 1 1413326 0.8867925 15.065417042933404
13175 1 1797758 0.8245614 14.940091990865767
13176 1 1561762 0.83928573 14.50086198747158
13177 1 1667794 0.81666666 14.870621962472796
13178 1 1526779 0.87931037 14.341317932121456
13179 1 677264 0.8301887 15.392797067761421
13180 1 1031606 0.9074074 14.263363904319704
13181 1 1531837 0.8518519 15.16588602680713
13182 1 1369518 0.875 14.554135967046022
13183 1 1475101 0.9056604 14.710935996845365
13184 1 268734 0.8363636 15.799495042301714
13185 1 1123065 0.83928573 14.706706977449358
13186 1 1091190 0.8596491 14.183377963490784
13187 1 2138599 0.8269231 16.4590961067006
13188 1 1413364 0.8545455 15.10329102165997
13189 1 1745480 0.8947368 14.700214960612357
13190 1 1467464 0.875 14.80266498401761
13191 1 1431475 0.89285713 14.574052998796105
13192 1 1427344 0.8545455 15.237999032251537
13193 1 1491933 0.8448276 14.425120898522437
13194 1 1608421 0.8490566 15.944378916174173
13195 1 853238 0.8214286 15.450656996108592
13196 1 1487760 0.8627451 16.54015900567174
13197 1 1285246 0.8269231 18.583281082101166
13198 1 1435126 0.78571427 19.609623006545007
13199 1 1555864 0.84313726 19.230558071285486
13200 1 1046083 0.9019608 18.803031998686492
13201 1 1624174 0.8214286 19.235992920584977
13202 1 1499826 0.8181818 17.08610903006047
13203 1 821659 0.86538464 16.66457310784608
13204 1 725429 0.87234044 16.349882003851235
13205 1 679821 0.8979592 15.685650054365396
13206 1 1626348 0.877193 14.877472072839737
13207 1 1016422 0.8703704 15.192035003565252
13208 1 1534556 0.8148148 16.005169018171728
13209 1 1446461 0.86885244 13.657286064699292
13210 1 1434872 0.88 15.155186993069947
13211 1 1396138 0.86 15.287836897186935
13212 1 1631317 0.8627451 15.337366028688848
13213 1 1608491 0.86440676 14.466308988630772
13214 1 1235393 0.8214286 14.623261988162994
13215 1 1301859 0.80701756 14.581400086171925
13216 1 1796770 0.8148148 15.4119529761374
13217 1 1797015 0.85714287 14.357274048961699
13218 1 1792869 0.8627451 15.070684952661395
13219 1 845027 0.8545455 15.354154049418867
13220 1 1614454 0.8305085 16.756783006712794
13221 1 1242980 0.8235294 16.62341400515288
13222 1 856156 0.84615386 16.33236592169851
13223 1 1370556 0.88461536 15.986367012374103
13224 1 1523955 0.8679245 16.01217605639249
13225 1 1697447 0.84615386 15.716572990640998
13226 1 1574656 0.88235295 15.565244946628809
13227 1 1669261 0.88235295 15.490542980842292
13228 1 1419879 0.9137931 13.743866002187133
13229 1 1293443 0.83928573 15.157410991378129
13230 1 1367574 0.88461536 14.863649965263903
13231 1 1301964 0.877551 14.752647024579346
13232 1 1986143 0.8235294 15.740192029625177
13233 1 1439396 0.88461536 15.025820932351053
13234 1 2097186 0.8148148 14.60294600110501
13235 1 1050235 0.9130435 13.809193973429501
13236 1 869169 0.8888889 14.13263799622655
13237 1 1344405 0.8596491 13.993940083310008
13238 1 1189688 0.8679245 14.560534036718309
13239 1 1398467 0.90384614 14.751691021956503
13240 1 1021507 0.8727273 14.454875024966896
13241 1 1112797 0.80701756 14.515217975713313
13242 1 1092118 0.8888889 13.979828916490078
13243 1 1291798 0.8333333 15.35341702401638
13244 1 1449659 0.8490566 15.116825001314282
13245 1 1064889 0.8214286 14.96772700920701
13246 1 1128267 0.82758623 14.066831907257438
13247 1 1013604 0.8148148 14.982140972279012
13248 1 1796924 0.8979592 14.200475998222828
13249 1 1137498 0.8039216 15.525941038504243
13250 1 1600867 0.8235294 16.053464962169528
13251 1 1794542 0.8627451 14.692074968479574
13252 1 1596408 0.8181818 14.719862025231123
13253 1 1006473 0.8181818 14.696332043968141
13254 1 1157291 0.8545455 13.990486972033978
13255 1 1619797 0.8125 15.011760056950152
13256 1 1669725 0.8301887 14.722082996740937
13257 1 1649362 0.8541667 14.360798057168722
13258 1 1636728 0.84615386 15.04018297418952
13259 1 1228996 0.8035714 14.578064088709652
13260 1 150859 0.8596491 14.19561100192368
13261 1 1257065 0.8958333 15.064038918353617
13262 1 1417139 0.85714287 15.407313010655344
13263 1 1533531 0.8113208 15.510038007050753
13264 1 1037699 0.877193 14.389129006303847
13265 1 624458 0.8679245 14.594386098906398
13266 1 592890 0.8518519 15.052756061777472
13267 1 1170805 0.8888889 14.439917984418571
13268 1 1100056 0.9019608 13.936633011326194
13269 1 1274634 0.85106385 14.79941001161933
13270 1 1008376 0.85714287 14.869163045659661
13271 1 1117340 0.8245614 14.360792003571987
13272 1 652554 0.8039216 15.975993941538036
13273 1 1087734 0.82258064 14.161422965116799
13274 1 1296710 0.80701756 14.556359965354204
13275 1 1268366 0.80701756 14.792178058996797
13276 1 1116438 0.9056604 14.812640962190926
13277 1 1060674 0.8103448 14.545782934874296
13278 1 840383 0.86538464 14.994789031334221
13279 1 1949711 0.85714287 16.06054394505918
13280 1 1479981 0.8888889 15.732750995084643
13281 1 1556897 0.9230769 15.005883062258363
13282 1 1075571 0.82758623 14.972527977079153
13283 1 1476330 0.8245614 14.923154027201235
13284 1 1008398 0.84615386 15.867457957938313
13285 1 1419844 0.8965517 14.092021971009672
13286 1 1846977 0.8727273 15.205602976493537
13287 1 1390948 0.82 16.013064072467387
13288 1 619092 0.85 14.49248706921935
13289 1 1504236 0.8181818 15.157270012423396
13290 1 2366619 0.8103448 14.622155926190317
13291 1 1403245 0.86206895 13.819025945849717
13292 1 1637588 0.8 16.11673494335264
13293 1 1521373 0.86440676 14.354147017002106
13294 1 1845610 0.8979592 14.496725983917713
13295 1 1265959 0.8867925 15.060216072015464
13296 1 848539 0.8596491 14.762095990590751
13297 1 1234473 0.8135593 15.759464004077017
13298 1 815305 0.8727273 15.678778057917953
13299 1 1244239 0.9245283 14.910759055055678
13300 1 1468981 0.85714287 15.726508921943605
13301 1 1161009 0.82758623 14.88869299646467
13302 1 1409421 0.877551 15.32483205664903
13303 1 1665175 0.88461536 14.972434029914439
13304 1 1274653 0.8333333 15.298171900212765
13305 1 1609814 0.8235294 15.319853904657066
13306 1 1236474 0.8113208 15.738966991193593
13307 1 997486 0.8888889 14.58409707993269
13308 1 1626348 0.877193 14.659094042144716
13309 1 1218354 0.8135593 14.154047006741166
13310 1 1501436 0.8333333 15.744030941277742
13311 1 1616665 0.85714287 15.140651958063245
13312 1 1189921 0.8703704 14.976482023485005
13313 1 1633369 0.81632656 15.687430975958705
13314 1 1501740 0.9074074 14.734084019437432
13315 1 1333691 0.79310346 15.03207697533071
13316 1 1011171 0.84745765 13.97197600454092
13317 1 1511487 0.8363636 16.27463207114488
13318 1 848010 0.8064516 14.609807054512203
13319 1 1138498 0.9019608 15.25469298940152
13320 1 1502481 0.7962963 14.722550986334682
13321 1 1043842 0.8703704 15.082833939231932
13322 1 14282 0.8909091 14.456692966632545
13323 1 993531 0.8965517 13.853718992322683
13324 1 1030130 0.8103448 14.276023022830486
13325 1 991666 0.80701756 15.025803935714066
13326 1 1417310 0.9166667 14.474106952548027
13327 1 1623856 0.8867925 14.227812993340194
13328 1 1302744 0.8214286 15.482258051633835
13329 1 1571567 0.8888889 14.943221001885831
13330 1 1195837 0.8545455 15.41915989946574
13331 1 1025692 0.83928573 15.106189996004105
13332 1 1138817 0.83928573 15.266063972376287
13333 1 1048200 0.8269231 15.268451068550348
13334 1 1519768 0.8269231 15.851141070015728
13335 1 1019343 0.8888889 15.235699014738202
13336 1 1667794 0.877193 15.9214420709759
13337 1 1480517 0.84313726 16.0136129707098
13338 1 1456708 0.84615386 15.941938967444003
13339 1 1421681 0.88235295 15.290173003450036
13340 1 1591015 0.8181818 16.08736894559115
13341 1 991174 0.8148148 15.686622937209904
13342 1 1302431 0.8541667 14.85572592355311
13343 1 971781 0.85714287 15.467150951735675
13344 1 1191403 0.8679245 16.41182799357921
13345 1 818322 0.88235295 15.562554937787354
13346 1 1296505 0.86538464 16.026252997107804
13347 1 1560435 0.8305085 15.241307904943824
13348 1 1441971 0.88135594 15.325914020650089
13349 1 2334957 0.9423077 15.224133967421949
13350 1 471810 0.83928573 15.780301997438073
13351 1 1064010 0.9074074 15.156131004914641
13352 1 1214117 0.8103448 14.955029007978737
13353 1 1622566 0.8965517 14.016601955518126
13354 1 1609745 0.8545455 15.25450695771724
13355 1 1517350 0.78846157 16.370976925827563
13356 1 1395377 0.7924528 16.24075206927955
13357 1 1630811 0.84745765 14.87152895424515
13358 1 1241979 0.8518519 15.15980192925781
13359 1 1630939 0.8596491 14.82388493604958
13360 1 826085 0.85714287 14.858367037959397
13361 1 841347 0.83928573 14.83875303529203
13362 1 1844435 0.90384614 15.028171008452773
13363 1 1665005 0.8 15.618095989339054
13364 1 1097311 0.80701756 15.876790974289179
13365 1 645949 0.9074074 14.978882973082364
13366 1 1517027 0.8979592 14.93428205139935
13367 1 1408190 0.88461536 14.860360999591649
13368 1 982970 0.83928573 14.727105968631804
13369 1 1484762 0.8679245 15.606653993017972
13370 1 400776 0.8333333 15.996330068446696
13371 1 1153501 0.8888889 14.836085960268974
13372 1 1041210 0.87931037 13.568441034294665
13373 1 1505500 0.875 15.525212977081537
13374 1 1637913 0.86538464 15.668650972656906
13375 1 1401200 0.8965517 13.804760063067079
13376 1 971623 0.84313726 15.598868019878864
13377 1 1128561 0.83928573 15.22708497941494
13378 1 1680098 0.8148148 15.842676046304405
13379 1 1164956 0.8448276 14.565939083695412
13380 1 1969234 0.92156863 14.859560993500054
13381 1 1193202 0.8679245 15.261303051374853
13382 1 851353 0.8596491 13.926323968917131
13383 1 238100 0.9074074 14.51825094409287
13384 1 660212 0.84313726 15.392232919111848
13385 1 620577 0.88461536 14.697746955789626
13386 1 1130268 0.85714287 15.16795705538243
13387 1 2107283 0.85714287 15.10566403158009
13388 1 1068534 0.85714287 14.83165891841054
13389 1 1440370 0.8113208 15.403455938212574
13390 1 827789 0.88 15.089669963344932
13391 1 1076515 0.8113208 15.534778940491378
13392 1 618292 0.8 15.529870055615902
13393 1 1517283 0.79310346 16.05779805686325
13394 1 1663519 0.84210527 14.490286004729569
13395 1 1451615 0.8360656 13.825976988300681
13396 1 1197488 0.8703704 14.835107023827732
13397 1 1510836 0.8958333 14.62749601341784
13398 1 618780 0.9122807 13.275638921186328
13399 1 1680447 0.8360656 13.787477975711226
13400 1 853239 0.8333333 15.564562054350972
13401 1 1361734 0.8545455 14.818766037933528
13402 1 1018349 0.84745765 14.446652960032225
13403 1 919934 0.80701756 13.833184959366918
13404 1 630878 0.84313726 15.296441968530416
13405 1 1011810 0.828125 13.63107596989721
13406 1 1198369 0.8888889 14.633776037953794
13407 1 1181928 0.8367347 15.448522986844182
13408 1 1610920 0.8135593 15.353364986367524
13409 1 1434453 0.8596491 14.60314798168838
13410 1 462050 0.8867925 15.293788048438728
13411 1 1528042 0.875 16.062011010944843
13412 1 547127 0.86538464 16.2461600266397
13413 1 1106905 0.8448276 14.726910972967744
13414 1 1517205 0.8627451 15.359675046056509
13415 1 1039494 0.8867925 14.954656944610178
13416 1 1469278 0.8363636 14.876363915391266
13417 1 1574262 0.82758623 15.172749990597367
13418 1 1009480 0.85714287 15.328285051509738
13419 1 1362781 0.8245614 16.192469047382474
13420 1 1524574 0.86885244 16.715310979634523
13421 1 1077599 0.877551 17.38390594255179
13422 1 1099727 0.8596491 16.281762975268066
13423 1 1290536 0.82758623 15.957310097292066
13424 1 1410033 0.84126985 14.340271009132266
13425 1 1354788 0.9056604 15.032984083518386
13426 1 1611456 0.85714287 14.69619304407388
13427 1 1409421 0.84313726 16.249662032350898
13428 1 815749 0.86538464 15.676178969442844
13429 1 861596 0.8666667 14.767638989724219
13430 1 1949114 0.8235294 15.54541103541851
13431 1 1416615 0.92 14.93617903906852
13432 1 1075244 0.9056604 15.083334990777075
13433 1 1378514 0.8913044 14.352331985719502
13434 1 192876 0.8363636 15.707388054579496
13435 1 2228925 0.84782606 15.745304990559816
13436 1 822961 0.8301887 14.771161018870771
13437 1 2000069 0.86206895 15.014016069471836
13438 1 1037143 0.8076923 16.09411195386201
13439 1 1981591 0.8181818 15.815945924259722
13440 1 1326795 0.8703704 15.551956021226943
13441 1 933389 0.8965517 13.214350095950067
13442 1 1628275 0.87234044 14.625864918343723
13443 1 1370556 0.8518519 14.740439946763217
13444 1 994874 0.8703704 17.330483999103308
13445 1 1125701 0.8490566 16.461548046208918
13446 1 1351755 0.8679245 16.92252594511956
13447 1 1301881 0.84615386 17.256122082471848
13448 1 1652742 0.88461536 16.69522898737341
13449 1 1663495 0.8181818 16.384615912102163
13450 1 1153476 0.8030303 14.107511029578745
13451 1 1160927 0.84615386 15.482238959521055
13452 1 1667742 0.88135594 13.0715009290725
13453 1 1606530 0.8727273 16.215101000852883
13454 1 1158007 0.8367347 15.256006037816405
13455 1 1117293 0.88235295 14.93853097781539
13456 1 1652320 0.88461536 15.129590057767928
13457 1 1611505 0.8235294 15.892648953013122
13458 1 1423300 0.8703704 15.619966085068882
13459 1 997467 0.8333333 15.620993915945292
13460 1 1638483 0.8305085 14.473621034994721
13461 1 1255303 0.8979592 15.290823997929692
13462 1 1653969 0.8679245 14.962421962991357
13463 1 1187438 0.78688526 14.131496893242002
13464 1 971623 0.84313726 16.171288094483316
13465 1 2053004 0.8181818 15.098207048140466
13466 1 1165920 0.8269231 16.32525899913162
13467 1 1092389 0.86885244 13.332401984371245
13468 1 1454867 0.7962963 16.21844992041588
13469 1 1557234 0.9411765 14.998662983998656
13470 1 1572158 0.9285714 14.399636071175337
13471 1 1515151 0.8627451 15.610734932124615
13472 1 1029465 0.89285713 14.614012092351913
13473 1 1340406 0.8269231 15.661637065932155
13474 1 554488 0.8596491 15.24106995202601
13475 1 1740851 0.9183673 14.59030108526349
13476 1 1351585 0.9 15.07338706869632
13477 1 619209 0.8269231 16.459553968161345
13478 1 1964053 0.84210527 14.884412987157702
13479 1 1096231 0.8627451 15.311930910684168
13480 1 1691362 0.84615386 15.76541701797396
13481 1 1575712 0.8679245 15.475190011784434
13482 1 1154366 0.8490566 16.325855045579374
13483 1 986609 0.8490566 16.06612396426499
13484 1 1039509 0.9322034 13.824522029608488
13485 1 397186 0.8545455 15.128855011425912
13486 1 852936 0.84615386 15.753977932035923
13487 1 24778 0.84615386 15.139300026930869
13488 1 1844597 0.81666666 13.663193909451365
13489 1 1117964 0.8679245 15.308862901292741
13490 1 813123 0.877193 14.327434008009732
13491 1 862478 0.84782606 14.913483988493681
13492 1 1069698 0.8039216 15.722238924354315
13493 1 1445702 0.8333333 14.72895999904722
13494 1 1020980 0.86206895 14.448096044361591
13495 1 1281178 0.84313726 15.441576018929482
13496 1 1297915 0.8545455 15.39553003385663
13497 1 1985930 0.8518519 15.897140954621136
13498 1 1062161 0.8245614 15.710565028712153
13499 1 1052100 0.8305085 15.159406000748277
13500 1 1147285 0.84210527 15.287785092368722
13501 1 1172916 0.8947368 15.552716911770403
13502 1 674928 0.8135593 15.547398012131453
13503 1 1063799 0.84615386 15.683747944422066
13504 1 1154470 0.8367347 15.666036051698029
13505 1 1068660 0.8627451 15.926107997074723
13506 1 681400 0.88135594 15.10186493396759
13507 1 1202287 0.8181818 15.640435041859746
13508 1 1611247 0.84313726 15.840723062865436
13509 1 1186846 0.877193 14.949921052902937
13510 1 1204181 0.8679245 15.572122996672988
13511 1 282172 0.8627451 15.583064989186823
13512 1 1480272 0.877193 15.098507981747389
13513 1 1063153 0.8448276 15.054213930852711
13514 1 1669576 0.875 14.268539962358773
13515 1 1491959 0.90384614 14.740776969119906
13516 1 1632575 0.875 14.341050991788507
13517 1 1157080 0.8888889 14.624673058278859
13518 1 978575 0.85714287 14.36274906154722
13519 1 1086144 0.84745765 14.36072203796357
13520 1 1073416 0.85714287 15.562287997454405
13521 1 881547 0.8596491 14.907766017131507
13522 1 1216376 0.8490566 15.627615037374198
13523 1 1168739 0.84210527 15.48854704014957
13524 1 1199537 0.8333333 13.629619963467121
13525 1 655234 0.8888889 14.541102922521532
13526 1 1091463 0.8596491 14.624184113927186
13527 1 1108325 0.8965517 14.805941958911717
13528 1 1090760 0.88709676 13.64867901429534
13529 1 1402942 0.8596491 15.178852016106248
13530 1 1045204 0.85714287 16.339625930413604
13531 1 1561762 0.85714287 14.588603051379323
13532 1 1116412 0.8888889 14.66308394446969
13533 1 1190916 0.8214286 15.23032900877297
13534 1 630878 0.8076923 16.324841999448836
13535 1 1001495 0.8333333 15.955594019033015
13536 1 623581 0.9230769 15.549116069450974
13537 1 2082890 0.8363636 15.804623020812869
13538 1 1000106 0.877193 15.98557096440345
13539 1 1666728 0.8113208 16.210590954869986
13540 1 1023616 0.8679245 15.809310949407518
13541 1 1045218 0.877193 15.088784042745829
13542 1 1053456 0.8135593 14.863269054330885
13543 1 1524756 0.8679245 15.382480924017727
13544 1 1420009 0.8301887 15.330769936554134
13545 1 1395732 0.8518519 15.0980269536376
13546 1 1469286 0.8269231 15.859234030358493
13547 1 1470861 0.8076923 15.598483965732157
13548 1 1118312 0.8148148 15.726591926068068
13549 1 1150649 0.8888889 14.235873008146882
13550 1 1602237 0.8490566 15.240018023177981
13551 1 796605 0.82 15.568364993669093
13552 1 643645 0.86 15.297582023777068
13553 1 1499316 0.9074074 14.543930999934673
13554 1 1696024 0.8965517 13.434269931167364
13555 1 1638491 0.84210527 14.922834001481533
13556 1 1198435 0.9791667 14.086849987506866
13557 1 1508154 0.85106385 14.912748010829091
13558 1 1194459 0.8867925 14.3250449327752
13559 1 1561691 0.8333333 15.375028946436942
13560 1 1548508 0.8269231 15.169944963417947
13561 1 1257794 0.8214286 13.95399693865329
13562 1 1312350 0.81632656 14.9987549521029
13563 1 1446797 0.86440676 13.086089980788529
13564 1 1266779 0.8333333 15.244150999933481
13565 1 1618666 0.7924528 15.922992024570704
13566 1 1565292 0.82 15.152456006035209
13567 1 1476641 0.85714287 14.974726946093142
13568 1 834043 0.87931037 14.229694032110274
13569 1 1175951 0.8958333 14.899297966621816
13570 1 2093136 0.8627451 14.955678023397923
13571 1 1508230 0.8833333 13.327232096344233
13572 1 1570430 0.877193 14.435536926612258
13573 1 1302744 0.8214286 15.273006982170045
13574 1 594904 0.83928573 14.272152911871672
13575 1 2407538 0.8518519 14.554516063071787
13576 1 1298781 0.8113208 15.987548977136612
13577 1 1235850 0.9148936 14.534368994645774
13578 1 1530 0.8545455 14.328105957247317
13579 1 1167497 0.8596491 15.049948007799685
13580 1 1523233 0.8363636 14.94631206151098
13581 1 677264 0.8301887 15.10266400873661
13582 1 1523702 0.877551 14.743297011591494
13583 1 994791 0.8 15.02650894690305
13584 1 1527322 0.8333333 16.810450004413724
13585 1 1120861 0.8113208 15.119693940505385
13586 1 1284560 0.877193 14.297127025201917
13587 1 657707 0.85714287 14.671131037175655
13588 1 1433016 0.8867925 14.693256933242083
13589 1 1614622 0.8448276 13.568166992627084
13590 1 1335636 0.86440676 14.568393002264202
13591 1 1211158 0.86 15.293934033252299
13592 1 1170149 0.8269231 15.883067972026765
13593 1 1457629 0.82 15.954928006976843
13594 1 1451663 0.8888889 15.03012701869011
13595 1 1801745 0.8076923 16.516175004653633
13596 1 1190286 0.83928573 15.252550016157329
13597 1 642276 0.8490566 15.77014708891511
13598 1 1533411 0.84313726 16.13442797679454
13599 1 1975287 0.81632656 15.737351961433887
13600 1 1468571 0.82758623 14.740359038114548
13601 1 1459171 0.8627451 15.685003018006682
13602 1 977883 0.8301887 15.640741097740829
13603 1 1559600 0.84615386 15.307358000427485
13604 1 1401920 0.8596491 14.561169082298875
13605 1 474719 0.85714287 15.008038026280701
13606 1 987801 0.82758623 14.032452018000185
13607 1 1461097 0.8518519 15.648898901417851
13608 1 1367819 0.8448276 14.913391089066863
13609 1 1521485 0.8 16.12520101480186
13610 1 806762 0.8214286 15.443417942151427
13611 1 1423337 0.8363636 15.247961040586233
13612 1 1127640 0.8035714 14.585784985683858
13613 1 1602334 0.8679245 16.16397500038147
13614 1 1439209 0.88235295 15.431875945068896
13615 1 1594419 0.8181818 15.629719942808151
13616 1 1353965 0.877193 14.105539070442319
13617 1 981960 0.8909091 14.476469019427896
13618 1 1296736 0.8545455 15.599237056449056
13619 1 1853278 0.8269231 15.685753081925213
13620 1 1415298 0.8518519 14.2996059730649
13621 1 1288769 0.8148148 16.088239033706486
13622 1 1796787 0.8301887 15.784328919835389
13623 1 1792900 0.8076923 15.477589913643897
13624 1 1016051 0.8333333 15.603504958562553
13625 1 1540730 0.8596491 14.723901986144483
13626 1 1445233 0.8333333 15.789979952387512
13627 1 1199613 0.8245614 15.510258032009006
13628 1 696267 0.86440676 14.735356904566288
13629 1 1724348 0.86206895 15.14854293782264
13630 1 1592242 0.8235294 15.620673075318336
13631 1 1248594 0.8913044 14.333502971567214
13632 1 1055850 0.85714287 16.190225025638938
13633 1 378193 0.877193 15.124344965443015
13634 1 1609342 0.83928573 15.962297096848488
13635 1 1797784 0.8245614 15.979414922185242
13636 1 1020984 0.877193 14.282402000389993
13637 1 1121931 0.8958333 14.947282965295017
13638 1 1798309 0.88 14.772130991332233
13639 1 1409610 0.84313726 15.737924026325345
13640 1 1703345 0.86206895 16.41923701390624
13641 1 213954 0.8148148 18.465907080098987
13642 1 1129310 0.8490566 19.621585961431265
13643 1 1139587 0.86 19.75787407718599
13644 1 836209 0.83928573 17.9839899064973
13645 1 1474872 0.81666666 17.295858007855713
13646 1 1486209 0.8703704 17.787375953048468
13647 1 1018220 0.8095238 19.521755981259048
13648 1 1050135 0.8545455 19.81999899726361
13649 1 1544617 0.79591835 18.10905197635293
13650 1 1413027 0.8947368 14.670144999399781
13651 1 1107998 0.86538464 16.54319593217224
13652 1 1460752 0.8333333 16.292761079967022
13653 1 1275201 0.8703704 15.802912996150553
13654 1 1424390 0.85714287 15.88573306798935
13655 1 1558934 0.8076923 15.973614994436502
13656 1 998220 0.8490566 15.798349981196225
13657 1 1300484 0.88461536 15.048654051497579
13658 1 1422969 0.9347826 14.24189901445061
13659 1 1317750 0.86206895 14.833785011433065
13660 1 1480146 0.8269231 15.445466036908329
13661 1 361491 0.8214286 15.847053960897028
13662 1 1517283 0.8545455 15.336816082708538
13663 1 1576639 0.8363636 17.10221392568201
13664 1 1138517 0.82758623 17.814991995692253
13665 1 1415072 0.9032258 15.86688100360334
13666 1 1116258 0.8030303 12.567893951199949
13667 1 719540 0.89830506 15.193297993391752
13668 1 1349281 0.82758623 15.07332397159189
13669 1 1020980 0.8196721 14.383791014552116
13670 1 991576 0.8333333 14.932140009477735
13671 1 1189668 0.8095238 13.023099047131836
13672 1 1559243 0.87096775 13.996790978126228
13673 1 1492503 0.86885244 13.451679958961904
13674 1 1840760 0.84745765 14.303860953077674
13675 1 1953562 0.8666667 12.749413959681988
13676 1 1167644 0.8769231 12.684409972280264
13677 1 1097877 0.9032258 12.411128962412477
13678 1 1468698 0.8305085 13.722153031267226
13679 1 1401666 0.7903226 13.964599114842713
13680 1 1476169 0.9122807 13.791913050226867
13681 1 1456450 0.88135594 13.724175980314612
13682 1 1053255 0.89830506 13.95344699267298
13683 1 1560050 0.84126985 14.110184973105788
13684 1 1154392 0.86440676 14.310984057374299
13685 1 1039509 0.83076924 13.81765294354409
13686 1 1176263 0.8769231 11.579987942241132
13687 1 1607871 0.828125 13.312318944372237
13688 1 1057210 0.8428571 10.057562962174416
13689 1 1806355 0.88135594 23.552657919935882
13690 1 1172365 0.83870965 17.36024592537433
13691 1 719469 0.84126985 17.440443043597043
13692 1 1410008 0.83870965 15.916409902274609
13693 1 1460990 0.8358209 13.888504938222468
13694 1 1618792 0.8360656 15.408003935590386
13695 1 1512195 0.79310346 15.843510976992548
13696 1 342131 0.8636364 12.357350904494524
13697 1 326694 0.83928573 15.929383924230933
13698 1 1090670 0.8032787 15.053616021759808
13699 1 1073294 0.86440676 15.811927034519613
13700 1 1085976 0.9032258 13.83212604559958
13701 1 1474914 0.875 13.595457072369754
13702 1 1048773 0.852459 13.392637018114328
13703 1 1187116 0.8333333 14.551401021890342
13704 1 1465476 0.81666666 14.288126025348902
13705 1 535393 0.8333333 15.276376972906291
13706 1 1146217 0.84210527 15.795040992088616
13707 1 1443352 0.83928573 18.618962028995156
13708 1 1437269 0.8769231 16.794243943877518
13709 1 1059504 0.88135594 15.451570972800255
13710 1 1949368 0.86440676 15.681236051023006
13711 1 1406791 0.84745765 14.84824891667813
13712 1 1173569 0.8035714 15.942940954118967
13713 1 1437868 0.81666666 13.998614973388612
13714 1 1488634 0.84210527 15.052760019898415
13715 1 1621336 0.9 13.827077927999198
13716 1 1102706 0.86440676 13.967080973088741
13717 1 464827 0.87096775 12.878233101218939
13718 1 1040067 0.91525424 12.330318917520344
13719 1 1465717 0.87096775 14.422663021832705
13720 1 1264852 0.8507463 11.368580046109855
13721 1 1092268 0.90909094 14.625428011640906
13722 1 1594355 0.83870965 12.806840939447284
13723 1 1120766 0.875 11.783028021454811
13724 1 1192192 0.890625 12.729362002573907
13725 1 1519984 0.8888889 17.438080976717174
13726 1 1038773 0.7903226 17.448030994273722
13727 1 1580922 0.84745765 18.521061982028186
13728 1 583996 0.90625 13.036804040893912
13729 1 1444448 0.83870965 14.168677967973053
13730 1 1427345 0.8448276 14.224558020941913
13731 1 1580922 0.8833333 12.851048959419131
13732 1 1201603 0.8235294 11.52009202633053
13733 1 987123 0.82608694 12.003688956610858
13734 1 1436224 0.86440676 14.301378047093749
13735 1 990573 0.7910448 15.13971306849271
13736 1 1368416 0.8548387 13.471634942106903
13737 1 1162066 0.8208955 13.484155992045999
13738 1 1018762 0.8208955 11.508001014590263
13739 1 1267278 0.84210527 15.415847999975085
13740 1 1430968 0.81666666 14.151011011563241
13741 1 1033519 0.8358209 12.510048924013972
13742 1 1005203 0.89285713 14.382922905497253
13743 1 1628207 0.8360656 12.840813025832176
13744 1 1549530 0.83870965 14.27253894507885
13745 1 993852 0.852459 17.138086026534438
13746 1 719469 0.84126985 16.539606964215636
13747 1 1943211 0.8666667 15.592623967677355
13748 1 719540 0.852459 14.512964058667421
13749 1 1189668 0.82258064 13.341181096620858
13750 1 740262 0.8695652 11.319209006614983
13751 1 1567077 0.859375 12.976762955076993
13752 1 1090082 0.8666667 12.982015032321215
13753 1 1559685 0.8360656 13.531988952308893
13754 1 1459174 0.8548387 13.37605994194746
13755 1 1484908 0.85714287 12.99438695423305
13756 1 1024408 0.87096775 12.710463022813201
13757 1 1094266 0.82539684 13.751822989434004
13758 1 714554 0.8032787 14.796696021221578
13759 1 915935 0.85714287 15.28448099270463
13760 1 719540 0.8833333 13.416487956419587
13761 1 1028464 0.88135594 13.556258985772729
13762 1 1430146 0.828125 13.326524989679456
13763 1 1624856 0.85 15.182139002718031
13764 1 1079203 0.796875 17.927738022990525
13765 1 1486805 0.8666667 16.11599000170827
13766 1 265610 0.8947368 16.106885042972863
13767 1 1078289 0.83076924 13.501069974154234
13768 1 1276199 0.8888889 12.585310963913798
13769 1 1308886 0.8181818 11.664576944895089
13770 1 1745059 0.82539684 14.088911935687065
13771 1 1039509 0.859375 12.321533053182065
13772 1 1426144 0.8666667 13.775678933598101
13773 1 1469089 0.86206895 14.540928998030722
13774 1 1336746 0.8769231 12.44888303335756
13775 1 1707237 0.85507244 11.096016969531775
13776 1 392091 0.8095238 13.639834010973573
13777 1 1553216 0.82539684 13.5124969528988
13778 1 1649418 0.8548387 12.831818079575896
13779 1 1988701 0.8787879 12.298217043280602
13780 1 1469951 0.8032787 14.080319087952375
13781 1 1968741 0.796875 13.300593011081219
13782 1 1685063 0.875 14.577473979443312
13783 1 1201173 0.8852459 13.025454943999648
13784 1 2243842 0.8730159 12.003377079963684
13785 1 1266123 0.852459 13.15690390765667
13786 1 979034 0.83870965 13.11951200477779
13787 1 821020 0.89830506 13.583668041974306
13788 1 939828 0.83870965 13.293914962559938
13789 1 1160813 0.8852459 12.484126025810838
13790 1 864895 0.8194444 10.79745206516236
13791 1 1286215 0.8666667 13.747342978604138
13792 1 488710 0.8235294 12.721052975393832
13793 1 1629306 0.85 13.729806989431381
13794 1 621246 0.9122807 13.916143914684653
13795 1 824868 0.84126985 12.611469021067023
13796 1 1618896 0.84375 13.749015051871538
13797 1 1013891 0.8548387 14.131804928183556
13798 1 853842 0.85714287 13.46677599940449
13799 1 1430149 0.8245614 15.063267899677157
13800 1 1176263 0.90625 11.59271306823939
13801 1 619716 0.8965517 14.478778000921011
13802 1 1672614 0.86567163 11.491156066767871
13803 1 1123026 0.84615386 12.303549097850919
13804 1 683619 0.84745765 13.681609998457134
13805 1 1003458 0.8787879 10.235782014206052
13806 1 1148375 0.8484849 11.365048005245626
13807 1 1408721 0.88135594 14.442223939113319
13808 1 1147344 0.890625 12.427292997017503
13809 1 636159 0.921875 10.920753935351968
13810 1 843745 0.8833333 13.40302499011159
13811 1 1081147 0.8450704 9.782160981558263
13812 1 419263 0.8947368 14.375317958183587
13813 1 1107027 0.88709676 12.405909015797079
13814 1 1472548 0.8032787 13.139476999640465
13815 1 1062692 0.9137931 13.478399021551013
13816 1 1174877 0.8852459 12.93224806431681
13817 1 668803 0.93333334 12.165026972070336
13818 1 1241903 0.8666667 13.893387978896499
13819 1 1189392 0.8767123 9.65004600584507
13820 1 1257737 0.88135594 13.974413042888045
13821 1 1078552 0.7936508 14.510135049931705
13822 1 1037557 0.9137931 13.69007199537009
13823 1 1976516 0.8666667 13.958710012957454
13824 1 988633 0.82539684 12.953439960256219
13825 1 1402788 0.83076924 12.464032974094152
13826 1 999837 0.86885244 13.438001042231917
13827 1 1164122 0.82539684 11.851091054268181
13828 1 837494 0.84375 12.551008025184274
13829 1 1077098 0.8965517 13.373223948292434
13830 1 1018019 0.86206895 14.23046609852463
13831 1 1000758 0.84745765 12.497396091930568
13832 1 1037557 0.8548387 12.601998983882368
13833 1 1375477 0.90163934 13.461883063428104
13834 1 1034489 0.8596491 14.711188967339694
13835 1 308240 0.84375 12.425207998603582
13836 1 435307 0.86440676 13.817091006785631
13837 1 1003174 0.84126985 14.691408956423402
13838 1 1483767 0.85714287 14.204287086613476
13839 1 1015558 0.9245283 14.495457988232374
13840 1 1441255 0.84745765 13.655261951498687
13841 1 987476 0.8125 12.67434295732528
13842 1 1069948 0.8235294 11.32788707036525
13843 1 837815 0.8095238 12.912953039631248
13844 1 1447897 0.8548387 12.953231926076114
13845 1 1454647 0.90163934 13.384995050728321
13846 1 1075335 0.87931037 14.668875024653971
13847 1 1664254 0.8548387 14.388408046215773
13848 1 1361434 0.84745765 15.189973986707628
13849 1 1310061 0.82258064 15.522349043749273
13850 1 998447 0.8545455 15.096882008947432
13851 1 1047170 0.81666666 14.74066695664078
13852 1 1615914 0.84126985 12.921229936182499
13853 1 1077231 0.84615386 12.896192027255893
13854 1 1180420 0.82258064 13.814150937832892
13855 1 1154449 0.85714287 12.873384053818882
13856 1 1986158 0.8235294 10.833306005224586
13857 1 2328229 0.8666667 13.201328925788403
13858 1 1014974 0.8333333 13.903432060033083
13859 1 679943 0.880597 10.717237018980086
13860 1 1049670 0.8833333 13.741536065936089
13861 1 1097163 0.9122807 13.32273194566369
13862 1 1518958 0.85 12.319383909925818
13863 1 1852387 0.8196721 15.829047071747482
13864 1 1282389 0.9122807 14.99568100553006
13865 1 1204156 0.86885244 13.183259055949748
13866 1 1441255 0.84745765 13.909489032812417
13867 1 1475334 0.82539684 12.946533039212227
13868 1 1044002 0.84375 12.979211984202266
13869 1 1506511 0.85714287 12.191993999294937
13870 1 1552983 0.81666666 14.044988085515797
13871 1 1013891 0.852459 13.983256998471916
13872 1 1789677 0.8333333 11.273131938651204
13873 1 1094830 0.8333333 11.232230928726494
13874 1 1461363 0.9 14.115134021267295
13875 1 1980699 0.877193 13.674673973582685
13876 1 1927022 0.8596491 14.479242032393813
13877 1 1369021 0.8727273 14.89402202423662
13878 1 1965511 0.87931037 14.201887068338692
13879 1 1436938 0.8333333 14.058811007998884
13880 1 1191321 0.81666666 13.669466017745435
13881 1 723610 0.87096775 12.46871892362833
13882 1 1254517 0.82758623 14.020096976310015
13883 1 1301787 0.82258064 14.625394949689507
13884 1 1438553 0.8833333 13.624320970848203
13885 1 1442498 0.875 14.51121096033603
13886 1 1434594 0.8448276 14.545696903951466
13887 1 1518053 0.84745765 14.050596044398844
13888 1 1436637 0.8888889 12.806133017875254
13889 1 1135207 0.8095238 12.13625306263566
13890 1 1663642 0.828125 11.92181499209255
13891 1 1015334 0.8448276 14.023100957274437
13892 1 1058659 0.82258064 12.836350011639297
13893 1 1639406 0.796875 12.191578978672624
13894 1 1386397 0.9137931 13.783803093247116
13895 1 224776 0.8235294 13.497316045686603
13896 1 1608291 0.90909094 10.689084068872035
13897 1 1105756 0.8333333 12.16845796443522
13898 1 1187081 0.8947368 13.827883987687528
13899 1 1520521 0.875 14.662301982752979
13900 1 1475847 0.85 13.09045497328043
13901 1 1631506 0.859375 13.71096691582352
13902 1 1561951 0.8965517 13.448401005007327
13903 1 1057744 0.8666667 13.68613203521818
13904 1 1159210 0.82258064 14.201375073753297
13905 1 1084691 0.84375 12.610709993168712
13906 1 1654110 0.8333333 14.676179038360715
13907 1 1494787 0.852459 14.461469021625817
13908 1 1005475 0.82258064 14.164504944346845
13909 1 1049972 0.84126985 14.02945804875344
13910 1 1794332 0.82539684 13.852642965503037
13911 1 1018811 0.83870965 13.725172029808164
13912 1 2128984 0.8636364 11.739485897123814
13913 1 1862275 0.8666667 13.732966966927052
13914 1 265610 0.8947368 14.625578070990741
13915 1 1402788 0.8787879 10.639103944413364
13916 1 1479251 0.86440676 14.11418104544282
13917 1 1864426 0.84126985 12.634876067750156
13918 1 1135207 0.85 13.059127028100193
13919 1 1026310 0.87096775 13.668754952959716
13920 1 869781 0.84126985 12.161104008555412
13921 1 413700 0.8857143 9.958466049283743
13922 1 1410004 0.88709676 13.408273924142122
13923 1 1486177 0.84126985 12.985776993446052
13924 1 1398201 0.95 13.572701951488853
13925 1 1183125 0.88709676 12.946474947966635
13926 1 1570307 0.82258064 13.546130969189107
13927 1 650709 0.852459 13.290673028677702
13928 1 1495910 0.859375 13.969002990052104
13929 1 1669374 0.82758623 15.574962017126381
13930 1 1648494 0.8833333 14.321260969154537
13931 1 1162201 0.8636364 12.356552993878722
13932 1 1448065 0.81666666 14.14664601907134
13933 1 1056724 0.8888889 12.2856879606843
13934 1 151548 0.90909094 14.877661946229637
13935 1 2345881 0.88135594 14.181029051542282
13936 1 1080063 0.84375 13.337848940864205
13937 1 1468281 0.8125 13.088553096167743
13938 1 1138636 0.8484849 11.62564498372376
13939 1 994929 0.85 14.259002055041492
13940 1 1466295 0.852459 13.920438941568136
13941 1 997991 0.84615386 12.91879906784743
13942 1 1857740 0.89285713 14.68591601587832
13943 1 1666796 0.8382353 12.78980600181967
13944 1 1456859 0.87096775 13.921124977059662
13945 1 1019749 0.8405797 11.80309394840151
13946 1 1314390 0.9047619 12.166386935859919
13947 1 699828 0.86153847 11.393303982913494
13948 1 1020382 0.8135593 14.619609923101962
13949 1 1654218 0.88135594 14.002771931700408
13950 1 1382647 0.83928573 15.47504193149507
13951 1 521908 0.86440676 13.445451040752232
13952 1 820435 0.85507244 10.967192007228732
13953 1 1119669 0.7903226 14.173045987263322
13954 1 1194606 0.8153846 13.65711004473269
13955 1 1627521 0.8695652 10.97914797719568
13956 1 1066279 0.8484849 11.274014017544687
13957 1 695062 0.89830506 13.788657961413264
13958 1 1118729 0.86885244 13.909744913689792
13959 1 1177297 0.82258064 14.051130972802639
13960 1 1493734 0.84126985 12.97377492301166
13961 1 1184389 0.87096775 12.992448988370597
13962 1 699866 0.9 13.305966043844819
13963 1 1039252 0.8888889 12.772442074492574
13964 1 1457030 0.8666667 13.816268998198211
13965 1 1214029 0.828125 11.590774985961616
13966 1 385599 0.8548387 12.170478934422135
13967 1 1189392 0.8513514 9.40659991465509
13968 1 151548 0.91071427 13.55010096449405
13969 1 1372416 0.8135593 14.665151946246624
13970 1 990711 0.8181818 13.035006006248295
13971 1 1984582 0.84745765 13.76805198378861
13972 1 1790201 0.8196721 12.538672075606883
13973 1 128421 0.8955224 10.681358980946243
13974 1 712980 0.9 12.928991112858057
13975 1 853842 0.82258064 13.725747936405241
13976 1 983313 0.91071427 13.933031004853547
13977 1 564783 0.85714287 12.588707031682134
13978 1 1669824 0.8867925 14.91513499058783
13979 1 1126354 0.8548387 15.287043992429972
13980 1 1201165 0.8125 14.58370394539088
13981 1 869781 0.8360656 15.197113971225917
13982 1 1169094 0.828125 13.790789060294628
13983 1 1447804 0.88135594 16.32028096355498
13984 1 1570430 0.8965517 14.707752969115973
13985 1 1422340 0.852459 13.897542958147824
13986 1 1283643 0.852459 14.073614962399006
13987 1 1802788 0.8363636 16.116715967655182
13988 1 1566713 0.8181818 13.768353033810854
13989 1 1059943 0.89285713 15.021094004623592
13990 1 1386667 0.8769231 10.801048018038273
13991 1 1021139 0.86440676 16.0350400255993
13992 1 1306293 0.8358209 13.430226012133062
13993 1 1406657 0.8852459 12.878520996309817
13994 1 1640736 0.8305085 15.100421966053545
13995 1 1953012 0.8448276 15.179733047261834
13996 1 532088 0.84615386 13.343389960937202
13997 1 1627521 0.89705884 10.945513029582798
13998 1 1984582 0.9122807 13.638203032314777
13999 1 1987727 0.88135594 15.39046794641763
14000 1 75774 0.8181818 11.742128990590572
14001 1 1398612 0.8507463 11.644675978459418
14002 1 1047102 0.8125 13.948782929219306
14003 1 1193152 0.9047619 11.927019921131432
14004 1 1553216 0.88135594 15.029144007712603
14005 1 1510142 0.83076924 11.967718950472772
14006 1 1084369 0.8833333 13.912167982198298
14007 1 1017079 0.85714287 13.088832958601415
14008 1 1470194 0.86206895 14.050395926460624
14009 1 818314 0.82539684 13.418823014944792
14010 1 457089 0.8125 13.278687954880297
14011 1 1167571 0.88461536 15.092316083610058
14012 1 1500238 0.8548387 13.20200099144131
14013 1 989063 0.8484849 12.10643700323999
14014 1 719540 0.8965517 14.021496986970305
14015 1 1624958 0.82758623 14.624948031269014
14016 1 1826772 0.8448276 14.530768035911024
14017 1 1394150 0.859375 11.9625210063532
14018 1 1952097 0.8548387 13.73459491878748
14019 1 1039176 0.83076924 13.283494976349175
14020 1 1118729 0.86885244 13.865243992768228
14021 1 1436637 0.875 11.976165929809213
14022 1 1111077 0.8305085 13.85733694769442
14023 1 1087573 0.83870965 12.621984002180398
14024 1 1628619 0.82758623 14.233095105737448
14025 1 1254517 0.82758623 14.086368028074503
14026 1 1415760 0.8888889 12.598971021361649
14027 1 1026310 0.828125 12.757671996951103
14028 1 1451434 0.86153847 12.593418941833079
14029 1 1504601 0.8235294 15.65020892303437
14030 1 1106734 0.8730159 14.413434895686805
14031 1 1558811 0.8666667 14.330858015455306
14032 1 817033 0.8088235 11.115669971331954
14033 1 1151117 0.8695652 11.087400023825467
14034 1 423058 0.8 12.668997049331665
14035 1 1692873 0.88135594 13.846697984263301
14036 1 1293852 0.8833333 13.812520890496671
14037 1 1286333 0.8333333 14.100463013164699
14038 1 990509 0.9032258 13.46840604674071
14039 1 1971868 0.84745765 14.55703901592642
14040 1 1437868 0.82758623 14.150314033031464
14041 1 719540 0.852459 13.227032963186502
14042 1 699029 0.87096775 13.083528028801084
14043 1 1520039 0.8596491 14.193414011970162
14044 1 920061 0.8666667 13.680188916623592
14045 1 1171151 0.83870965 12.613650993444026
14046 1 1841512 0.84615386 12.080747983418405
14047 1 1558290 0.8245614 14.826454920694232
14048 1 1173922 0.84375 12.65904598403722
14049 1 656753 0.8032787 13.921138946898282
14050 1 1622359 0.8382353 11.003788094967604
14051 1 820544 0.85714287 13.41727701947093
14052 1 1795805 0.8360656 14.413631986826658
14053 1 1421769 0.8363636 15.334049006924033
14054 1 1491579 0.82539684 14.122163993306458
14055 1 869978 0.8135593 14.077641069889069
14056 1 2472786 0.9122807 15.10825997684151
14057 1 1132795 0.852459 14.98468592762947
14058 1 1464956 0.86440676 14.04373801779002
14059 1 1792652 0.8 12.973833945579827
14060 1 1621885 0.90163934 13.352678972296417
14061 1 1597716 0.8181818 12.269485974684358
14062 1 1116538 0.8666667 13.635976007208228
14063 1 1403962 0.9310345 13.26992001850158
14064 1 1133668 0.8833333 13.55929602868855
14065 1 1859191 0.8852459 13.589573092758656
14066 1 1025795 0.8484849 12.964844005182385
14067 1 1914522 0.9206349 12.583782896399498
14068 1 382264 0.9076923 11.385429999791086
14069 1 1261494 0.8909091 14.4798019900918
14070 1 1438930 0.92424244 10.678863967768848
14071 1 1342065 0.9206349 11.858760961331427
14072 1 1799094 0.8596491 15.250858035869896
14073 1 1533153 0.8965517 13.548169983550906
14074 1 1518278 0.8833333 12.721488950774074
14075 1 1684119 0.8541667 15.575743978843093
14076 1 1630337 0.8245614 13.669417006894946
14077 1 428216 0.86885244 13.018399942666292
14078 1 1147344 0.890625 12.478996068239212
14079 1 1076024 0.82857144 11.782932910136878
14080 1 1954053 0.89285713 14.62163298856467
14081 1 1175658 0.875 12.427957030013204
14082 1 1611876 0.84126985 14.57039499655366
14083 1 1444448 0.8852459 13.82728898897767
14084 1 1808737 0.8153846 14.14734497666359
14085 1 1043291 0.86153847 11.013352079316974
14086 1 1428059 0.8428571 11.702417978085577
14087 1 1493175 0.86440676 14.32270894292742
14088 1 699906 0.8196721 13.638535980135202
14089 1 1953562 0.86206895 14.69648105558008
14090 1 1525526 0.86153847 12.076516053639352
14091 1 1061147 0.8636364 12.05378002487123
14092 1 1845306 0.8 13.359686941839755
14093 1 1468281 0.852459 14.620341011323035
14094 1 1039509 0.875 11.927279992960393
14095 1 992844 0.86885244 14.468588051386178
14096 1 1665323 0.88135594 14.386593014933169
14097 1 1425262 0.91935486 12.517347931861877
14098 1 1889951 0.84375 12.817188049666584
14099 1 1058280 0.8360656 14.275672961957753
14100 1 1132949 0.8196721 14.42367595154792
14101 1 1201715 0.89830506 13.694475986994803
14102 1 1797354 0.84126985 13.944699079729617
14103 1 1038773 0.86885244 12.022991082631052
14104 1 1109603 0.884058 10.070112999528646
14105 1 1968741 0.8360656 14.20401909854263
14106 1 1481129 0.852459 12.698868988081813
14107 1 1206075 0.84126985 12.529386905953288
14108 1 1319533 0.8135593 13.822199078276753
14109 1 994943 0.8833333 13.688450097106397
14110 1 1791289 0.8833333 13.57087108772248
14111 1 1310061 0.89830506 14.350348967127502
14112 1 1439660 0.890625 11.974754044786096
14113 1 1030447 0.8448276 14.790514949709177
14114 1 1519452 0.87096775 13.323668041266501
14115 1 1497982 0.8769231 12.662009918130934
14116 1 1040404 0.87096775 13.647087034769356
14117 1 1610920 0.852459 13.590896036475897
14118 1 487649 0.8448276 14.783179038204253
14119 1 1635404 0.8333333 14.083590940572321
14120 1 1619085 0.85714287 10.373461060225964
14121 1 1092699 0.85507244 9.806734044104815
14122 1 1607279 0.84745765 13.575120945461094
14123 1 1173890 0.8196721 13.183378032408655
14124 1 1521373 0.91525424 13.458517962135375
14125 1 1624958 0.8360656 12.561397976242006
14126 1 1619468 0.8852459 12.798292096704245
14127 1 1974701 0.86885244 12.903394061140716
14128 1 1029771 0.8181818 11.202333029359579
14129 1 1053290 0.8769231 11.884370003826916
14130 1 1665487 0.85714287 12.949044932611287
14131 1 1247323 0.88135594 14.074856066145003
14132 1 1371980 0.84126985 12.660187087021768
14133 1 1046565 0.8115942 11.338031035847962
14134 1 979278 0.8448276 14.34249896556139
14135 1 624876 0.87096775 12.489625019952655
14136 1 1084819 0.8309859 10.65523095894605
14137 1 407191 0.8666667 12.920227949507535
14138 1 1272696 0.91803277 13.40257900301367
14139 1 1621457 0.875 12.393188895657659
14140 1 1406605 0.8333333 13.636215007863939
14141 1 1671474 0.84615386 12.978898012079298
14142 1 1627719 0.82258064 12.468350934796035
14143 1 1575216 0.86153847 10.516591020859778
14144 1 1562306 0.89285713 14.04670998454094
14145 1 1319075 0.89830506 12.957531027495861
14146 1 2345380 0.8196721 13.745266012847424
14147 1 1082918 0.890625 10.983954067341983
14148 1 1059862 0.88 14.687433023937047
14149 1 1609374 0.8448276 13.121973956003785
14150 1 1027944 0.82539684 12.30669196229428
14151 1 1131272 0.85 12.737078010104597
14152 1 1080118 0.84126985 12.301892042160034
14153 1 1107218 0.8235294 11.114096967503428
14154 1 1051384 0.82539684 12.333170976489782
14155 1 1449627 0.87096775 12.456185999326408
14156 1 1830092 0.82539684 12.009414960630238
14157 1 1004292 0.875 11.965321027673781
14158 1 1488481 0.82758623 14.704477973282337
14159 1 1027371 0.8730159 13.403555029071867
14160 1 713695 0.8305085 15.096846967935562
14161 1 1943211 0.83870965 12.601125985383987
14162 1 1176585 0.88135594 13.455540058203042
14163 1 1061633 0.89285713 14.120577950961888
14164 1 1501594 0.880597 10.016606072895229
14165 1 1894349 0.9130435 9.330408996902406
14166 1 1401642 0.95238096 10.362779954448342
14167 1 1491069 0.8333333 9.311255998909473
14168 1 1119090 0.8888889 7.958353031426668
14169 1 1333014 0.8358209 10.427633067592978
14170 1 1318864 0.86764705 9.286318090744317
14171 1 1120374 0.84931505 9.577890043146908
14172 1 1410266 0.8873239 8.100164006464183
14173 1 1562486 0.84126985 12.339130975306034
14174 1 1410266 0.85714287 10.140468017198145
14175 1 1461106 0.84126985 12.761767022311687
14176 1 1731224 0.8636364 10.690449038520455
14177 1 1273955 0.8611111 10.264954064041376
14178 1 1075596 0.8309859 10.937782004475594
14179 1 1069457 0.8636364 11.696264031343162
14180 1 67744 0.9066667 9.189133998006582
14181 1 1061068 0.8382353 11.73529599327594
14182 1 1182234 0.8450704 10.547396959736943
14183 1 1006283 0.9264706 9.732387028634548
14184 1 1009656 0.8142857 10.093235992826521
14185 1 1520514 0.8108108 11.264754924923182
14186 1 1099297 0.89855075 10.379465064033866
14187 1 1069801 0.87323946 10.65704203210771
14188 1 1028781 0.85915494 10.668234899640083
14189 1 1079799 0.84931505 11.965794954448938
14190 1 1090760 0.85294116 10.535356006585062
14191 1 1292907 0.875 10.519596980884671
14192 1 175445 0.8507463 11.156701017171144
14193 1 1191579 0.8333333 13.14531802199781
14194 1 1492387 0.85507244 11.574873002246022
14195 1 1521697 0.89855075 12.002420029602945
14196 1 1213851 0.8507463 12.298334972001612
14197 1 1342007 0.8611111 10.494199930690229
14198 1 315274 0.85915494 10.767644038423896
14199 1 1408448 0.921875 12.608862016350031
14200 1 1188764 0.82666665 9.19598899781704
14201 1 1492905 0.8630137 10.589445009827614
14202 1 938694 0.8666667 8.796203997917473
14203 1 1160418 0.8356164 10.416578035801649
14204 1 1288454 0.8648649 9.51699004508555
14205 1 837249 0.87142855 11.048245010897517
14206 1 1470744 0.880597 12.04627298284322
14207 1 1086388 0.8769231 14.179226011037827
14208 1 67744 0.9066667 8.644297020509839
14209 1 1580922 0.8 12.716396013274789
14210 1 1669678 0.85507244 12.775379931554198
14211 1 1186478 0.9076923 11.890215100720525
14212 1 1060723 0.8208955 13.330937013961375
14213 1 1057798 0.88235295 10.827278951182961
14214 1 1487771 0.8333333 11.593749048188329
14215 1 1038773 0.8833333 13.871576986275613
14216 1 1410266 0.9130435 10.217293980531394
14217 1 1109603 0.95454544 11.351900058798492
14218 1 1015613 0.8378378 10.194670059718192
14219 1 1712177 0.9230769 11.5467410068959
14220 1 858120 0.87323946 9.603642974980175
14221 1 1268403 0.89705884 10.996859055012465
14222 1 1015613 0.8918919 8.865428040735424
14223 1 999929 0.8333333 10.282038012519479
14224 1 1015904 0.82666665 9.666029014624655
14225 1 505993 0.8358209 11.388265993446112
14226 1 1501594 0.8939394 12.435720069333911
14227 1 836289 0.9166667 9.217782993800938
14228 1 1973912 0.8787879 14.435234945267439
14229 1 1006283 0.89855075 9.509673924185336
14230 1 1138830 0.8888889 8.880587993189692
14231 1 537217 0.89705884 11.706541990861297
14232 1 1501594 0.880597 11.753455037251115
14233 1 999929 0.85714287 12.882536044344306
14234 1 1154449 0.8852459 14.700094005092978
14235 1 543642 0.8857143 10.504227015189826
14236 1 1096966 0.90140843 9.8720439709723
14237 1 788461 0.85507244 11.327933985739946
14238 1 1571037 0.88235295 10.54118003230542
14239 1 1685835 0.8030303 12.834391091018915
14240 1 1177541 0.8888889 9.578027063980699
14241 1 790753 0.85915494 10.342848021537066
14242 1 1440898 0.87323946 8.856453001499176
14243 1 1303735 0.8405797 12.5062350416556
14244 1 1484812 0.8955224 11.602394981309772
14245 1 265052 0.8636364 11.566516011953354
14246 1 1971649 0.8450704 10.901413974352181
14247 1 1310061 0.859375 13.568528927862644
14248 1 1714411 0.8450704 11.05065701995045
14249 1 1191367 0.9264706 10.92636794783175
14250 1 999929 0.8333333 10.316660045646131
14251 1 905909 0.8552632 9.209171053953469
14252 1 67744 0.9066667 8.685563923791051
14253 1 1144480 0.82894737 8.659986080601811
14254 1 1973308 0.84375 13.654096983373165
14255 1 2472147 0.92537314 11.329276952892542
14256 1 1185679 0.8507463 12.786795035935938
14257 1 265052 0.8636364 12.601424939930439
14258 1 1707698 0.8787879 12.711822986602783
14259 1 1512930 0.8333333 12.91442394722253
14260 1 1057481 0.8888889 10.137956007383764
14261 1 40332 0.82608694 12.011065962724388
14262 1 1072695 0.8831169 7.165133021771908
14263 1 1611671 0.85507244 11.841817991808057
14264 1 1464094 0.88235295 11.17579301353544
14265 1 1073903 0.8169014 11.88743207603693
14266 1 1984582 0.8125 11.763657908886671
14267 1 1501535 0.84 9.639046038500965
14268 1 1087335 0.92537314 11.011317023076117
14269 1 1253839 0.8153846 11.762524023652077
14270 1 1593666 0.8636364 11.953743058256805
14271 1 1014130 0.92753625 10.317933978512883
14272 1 1638413 0.9104478 11.026247986592352
14273 1 957457 0.89855075 10.927211958914995
14274 1 1121433 0.8695652 12.213128968141973
14275 1 826222 0.84210527 9.084995952434838
14276 1 1406709 0.87323946 10.597586981020868
14277 1 1189392 0.8513514 10.37982408888638
14278 1 1445877 0.8611111 10.838523041456938
14279 1 1984812 0.8939394 12.008238001726568
14280 1 1622943 0.82857144 12.149133952334523
14281 1 1102899 0.83076924 12.769627966918051
14282 1 1243176 0.8356164 9.547555004246533
14283 1 1031501 0.8648649 8.974944008514285
14284 1 1189894 0.8472222 10.298328008502722
14285 1 1415695 0.87142855 10.39155398029834
14286 1 868851 0.8309859 10.309146950021386
14287 1 1109603 0.95454544 11.539196013472974
14288 1 1493190 0.86153847 12.334141065366566
14289 1 1949294 0.9142857 9.443657007068396
14290 1 1185505 0.88235295 11.728098033927381
14291 1 2000221 0.80597013 12.386707938276231
14292 1 1445304 0.87323946 10.340975015424192
14293 1 1303735 0.8405797 13.261531013995409
14294 1 1317324 0.85714287 11.428204947151244
14295 1 1303206 0.8472222 10.387934045866132
14296 1 1662974 0.87323946 11.148346937261522
14297 1 938694 0.8356164 12.126085930503905
14298 1 1069567 0.9076923 12.326169991865754
14299 1 1894349 0.9130435 10.633042897097766
14300 1 1130719 0.82857144 10.885196039453149
14301 1 1951461 0.8695652 12.771169072948396
14302 1 679943 0.85507244 14.377690036781132
14303 1 1172341 0.84 8.634253987111151
14304 1 1627521 0.87323946 10.596197098493576
14305 1 618155 0.880597 12.166034081019461
14306 1 1110544 0.87323946 10.236628004349768
14307 1 1440115 0.8630137 11.077911010943353
14308 1 1455335 0.8405797 11.714529944583774
14309 1 1219745 0.8450704 10.300430934876204
14310 1 1286812 0.8923077 12.251601903699338
14311 1 1978500 0.880597 11.732606100849807
14312 1 1365575 0.9402985 10.819442919455469
14313 1 667872 0.8428571 11.005562031641603
14314 1 1163968 0.84615386 7.217452977783978
14315 1 1407859 0.8450704 10.26149990502745
14316 1 1015613 0.81578946 9.704431984573603
14317 1 1970471 0.9076923 11.618711985647678
14318 1 1102899 0.86153847 11.69227296486497
14319 1 1566677 0.81333333 11.10545196570456
14320 1 987103 0.9041096 9.987351018935442
14321 1 1053680 0.8235294 12.024256051518023
14322 1 679943 0.85507244 10.915920021943748
14323 1 1426752 0.8888889 14.074684004299343
14324 1 878723 0.8101266 8.794069988653064
14325 1 1073903 0.85915494 10.716866934671998
14326 1 636159 0.880597 10.698262020014226
14327 1 1438219 0.8484849 12.29457394219935
14328 1 826645 0.85507244 11.397512047551572
14329 1 999929 0.89705884 12.189422966912389
14330 1 1406709 0.87323946 10.654089041054249
14331 1 1436491 0.8666667 14.844535035081208
14332 1 1292907 0.85333335 9.283115970902145
14333 1 1520514 0.8108108 10.440614074468613
14334 1 1313183 0.85294116 11.964287958107889
14335 1 1657758 0.8933333 8.57087702024728
14336 1 1401642 0.95238096 11.800423031672835
14337 1 1712177 0.9230769 11.562725994735956
14338 1 240002 0.86764705 11.840761988423765
14339 1 991944 0.84931505 9.111556923016906
14340 1 1501594 0.8428571 9.600201970897615
14341 1 505993 0.8358209 11.075266054831445
14342 1 1031468 0.8428571 12.518992996774614
14343 1 1154446 0.85507244 11.722862021997571
14344 1 1470744 0.880597 11.54211291577667
14345 1 679943 0.85294116 11.517750099301338
14346 1 1573051 0.84615386 12.761413934640586
14347 1 667872 0.8428571 11.827908107079566
14348 1 1520662 0.8857143 10.580276022665203
14349 1 1177541 0.8888889 9.935621987096965
14350 1 1523000 0.8450704 9.74306499119848
14351 1 1134570 0.875 13.781292014755309
14352 1 1273955 0.884058 11.942459968850017
14353 1 537217 0.89705884 11.81417005136609
14354 1 1611671 0.85507244 11.839149985462427
14355 1 1178409 0.82191783 10.544099961407483
14356 1 1440898 0.8472222 8.972396026365459
14357 1 1129833 0.86567163 11.82462996803224
14358 1 1174486 0.8767123 9.006596985273063
14359 1 1492895 0.82857144 10.973606025800109
14360 1 1288402 0.8857143 11.31068798713386
14361 1 863466 0.8082192 10.333354934118688
14362 1 704348 0.8787879 12.428075075149536
14363 1 1984812 0.8939394 11.987717007286847
14364 1 1191776 0.8142857 13.69305804837495
14365 1 1572253 0.8235294 11.17084501311183
14366 1 1163968 0.85714287 8.507982944138348
14367 1 1803449 0.8769231 12.404790963046253
14368 1 1146291 0.88235295 10.55331900715828
14369 1 1492905 0.84 10.481000994332135
14370 1 1572253 0.8769231 12.59916601702571
14371 1 1470744 0.86764705 12.255769106559455
14372 1 1493174 0.8405797 11.469849036075175
14373 1 1110184 0.84931505 10.738848010078073
14374 1 704348 0.8382353 12.259316048584878
14375 1 1006283 0.9264706 9.784108027815819
14376 1 811200 0.8666667 9.27600299473852
14377 1 537217 0.89705884 12.312998063862324
14378 1 1156956 0.8243243 10.845541954040527
14379 1 863466 0.8333333 11.051351088099182
14380 1 537217 0.89705884 12.395667028613389
14381 1 1018058 0.92537314 10.69635699968785
14382 1 740085 0.9 10.795047972351313
14383 1 1072695 0.85714287 7.6862049754709005
14384 1 1410266 0.8450704 10.27323689777404
14385 1 841581 0.82894737 9.032257017679513
14386 1 1501594 0.880597 11.115594999864697
14387 1 1973912 0.8405797 11.800321051850915
14388 1 1502128 0.880597 11.231185984797776
14389 1 1698517 0.8939394 11.931005050428212
14390 1 1288432 0.9041096 7.8876810148358345
14391 1 1080806 0.91935486 14.149320079013705
14392 1 1288454 0.8767123 10.618764907121658
14393 1 1144258 0.8333333 10.006060008890927
14394 1 564783 0.85714287 14.384659938514233
14395 1 880396 0.84210527 9.335799957625568
14396 1 1491008 0.8108108 9.34610003605485
14397 1 1626636 0.85294116 11.444524978287518
14398 1 1698517 0.8939394 12.057731975801289
14399 1 1133486 0.7887324 12.469494948163629
14400 1 1006283 0.93939394 12.519929092377424
14401 1 1558157 0.90909094 15.004853019490838
14402 1 1617470 0.83870965 16.921476926654577
14403 1 1406709 0.89855075 12.801836943253875
14404 1 1051527 0.8333333 11.621956946328282
14405 1 67744 0.9066667 12.548562022857368
14406 1 1040370 0.8888889 12.433458003215492
14407 1 826645 0.85507244 12.33117503579706
14408 1 1072238 0.85915494 10.39814599789679
14409 1 1082332 0.880597 12.709353002719581
14410 1 1395519 0.8507463 14.094698010012507
14411 1 1566713 0.8358209 12.567602912895381
14412 1 987085 0.880597 14.76394000928849
14413 1 1165181 0.8194444 12.609508004970849
14414 1 1640321 0.86764705 13.922928017564118
14415 1 1519095 0.88235295 12.814222020097077
14416 1 1133668 0.83076924 13.761262991465628
14417 1 1653928 0.890625 16.00635494105518
14418 1 1004554 0.83076924 13.148257043212652
14419 1 1799009 0.8923077 18.68726301472634
14420 1 2037883 0.9041096 14.878751011565328
14421 1 1189392 0.8513514 15.169868944212794
14422 1 1447738 0.8507463 26.60623798146844
14423 1 2000221 0.875 20.92643396463245
14424 1 1191367 0.8873239 15.36690501961857
14425 1 938694 0.85333335 12.894266983494163
14426 1 188215 0.85714287 14.275532099418342
14427 1 1997078 0.86419755 10.2269850904122
14428 1 1522998 0.8695652 14.381273067556322
14429 1 1436168 0.87323946 12.5792829785496
14430 1 1086388 0.8405797 15.555912046693265
14431 1 1470744 0.86764705 16.54455391690135
14432 1 1492387 0.85507244 14.72676603589207
14433 1 1553061 0.8309859 16.031954088248312
14434 1 1154446 0.87142855 13.30521097406745
14435 1 1085245 0.86153847 16.232580062933266
14436 1 1461363 0.8484849 14.05477593652904
14437 1 1571037 0.88235295 11.60496601369232
14438 1 1365575 0.9402985 12.288155034184456
14439 1 1072238 0.8857143 10.570107959210873
14440 1 1043213 0.81333333 10.807093000039458
14441 1 1976286 0.9130435 10.851801023818552
14442 1 1439660 0.8636364 12.449068017303944
14443 1 1517572 0.8767123 9.33911302126944
14444 1 1668055 0.8939394 13.581562088802457
14445 1 1566712 0.85507244 12.354452977888286
14446 1 1572367 0.90140843 10.913103935308754
14447 1 1973875 0.8787879 12.939893989823759
14448 1 1571037 0.88235295 10.362899978645146
14449 1 1177541 0.90140843 10.56125306058675
14450 1 1088896 0.8857143 11.111465049907565
14451 1 968065 0.8227848 9.00309404823929
14452 1 1668055 0.8939394 15.747252968139946
14453 1 1976286 0.9130435 12.244621990248561
14454 1 1061862 0.8208955 13.602244085632265
14455 1 1249397 0.875 12.51202600542456
14456 1 1997078 0.86419755 9.33772895950824
14457 1 2095822 0.8428571 12.054440914653242
14458 1 1579415 0.85714287 15.906482003629208
14459 1 1523000 0.82191783 10.2629279717803
14460 1 1219745 0.8450704 11.95637695491314
14461 1 1061068 0.8382353 11.809919029474258
14462 1 1007115 0.9076923 14.065483002923429
14463 1 1085632 0.87323946 11.884137988090515
14464 1 1900758 0.77272725 16.487077926285565
14465 1 1623239 0.8888889 11.381276999600232
14466 1 1110184 0.84931505 12.646961957216263
14467 1 169931 0.8472222 12.175175012089312
14468 1 1288454 0.8873239 13.95769405644387
14469 1 406695 0.84126985 13.158385991118848
14470 1 1108200 0.8888889 15.85520792286843
14471 1 398287 0.8356164 10.18331095110625
14472 1 790753 0.8450704 11.42967795021832
14473 1 679943 0.85507244 11.88420900143683
14474 1 1426194 0.8333333 9.98863996937871
14475 1 984664 0.8450704 11.357225012034178
14476 1 1429519 0.8088235 12.55834405310452
14477 1 1092319 0.86567163 13.283663080073893
14478 1 1439660 0.890625 13.971979031339288
14479 1 558023 0.85915494 10.814784094691277
14480 1 1292907 0.875 10.62317204196006
14481 1 1428059 0.8108108 11.308029061183333
14482 1 1523000 0.85714287 11.62099395878613
14483 1 993226 0.8888889 12.081969995051622
14484 1 1800335 0.8142857 11.574828065931797
14485 1 1640321 0.880597 13.3142180275172
14486 1 1521546 0.85294116 14.410651987418532
14487 1 1486310 0.8405797 12.421311927028
14488 1 1012130 0.80597013 14.606217970140278
14489 1 1488547 0.84 9.994604042731225
14490 1 1467735 0.82191783 11.106384918093681
14491 1 406695 0.84126985 14.239981072023511
14492 1 1137368 0.8939394 13.885634019970894
14493 1 1973875 0.8787879 14.162849984131753
14494 1 1668055 0.85294116 13.021706021390855
14495 1 1110544 0.8648649 10.580116999335587
14496 1 1185679 0.8507463 16.185596003197134
14497 1 1219745 0.87142855 15.012615011073649
14498 1 1244147 0.8405797 13.958320952951908
14499 1 821172 0.9354839 22.109405021183193
14500 1 843514 0.84210527 10.493041016161442
14501 1 1491069 0.8333333 13.067191001027822
14502 1 1529663 0.9 14.11740097682923
14503 1 1093373 0.8428571 12.552002095617354
14504 1 1167312 0.9104478 13.726305100135505
14505 1 1029642 0.875 12.498152093030512
14506 1 1003458 0.8405797 11.842004023492336
14507 1 1573267 0.92753625 12.22833909559995
14508 1 22259 0.8055556 13.549115974456072
14509 1 1273955 0.884058 14.223834965378046
14510 1 1974076 0.8507463 14.05409094877541
14511 1 1434419 0.8382353 14.713887008838356
14512 1 1266812 0.8142857 13.74370593111962
14513 1 850089 0.8888889 8.65579501260072
14514 1 1437868 0.8333333 15.63561602961272
14515 1 67744 0.9066667 9.103888995014131
14516 1 1342007 0.8611111 10.924860020168126
14517 1 1840356 0.884058 11.966769932769239
14518 1 1429519 0.86153847 14.038634952157736
14519 1 1015904 0.82666665 10.715464944951236
14520 1 1288432 0.8873239 11.860856087878346
14521 1 1970471 0.9076923 13.829094008542597
14522 1 1317024 0.84615386 15.952473040670156
14523 1 1493174 0.8028169 12.457994977012277
14524 1 1156956 0.8243243 15.280187944881618
14525 1 679943 0.85507244 13.341794023290277
14526 1 1072695 0.85714287 8.908954099752009
14527 1 1492387 0.85507244 13.32751102745533
14528 1 1092699 0.9 10.030935984104872
14529 1 1080806 0.91935486 15.568800969049335
14530 1 1712177 0.86764705 11.42397103831172
14531 1 1008117 0.9230769 13.25409603305161
14532 1 280868 0.9027778 10.305471019819379
14533 1 990509 0.86764705 10.660723084583879
14534 1 1410266 0.8857143 10.969099937938154
14535 1 1426752 0.8888889 14.088112046010792
14536 1 1515085 0.8333333 11.19262701831758
14537 1 280868 0.9027778 10.07353700697422
14538 1 1694693 0.8309859 12.784785008989275
14539 1 1179555 0.89705884 15.044766012579203
14540 1 1067514 0.87142855 14.288711943663657
14541 1 1614851 0.8235294 12.838753988035023
14542 1 1228139 0.8333333 13.594026095233858
14543 1 67744 0.9066667 10.456221993081272
14544 1 1251492 0.8405797 12.430066941305995
14545 1 704348 0.8358209 16.31466904655099
14546 1 995534 0.8630137 10.58219198603183
14547 1 1134296 0.8630137 12.19797891099006
14548 1 982465 0.81333333 10.976475081406534
14549 1 1415695 0.87142855 12.646930059418082
14550 1 1075997 0.86764705 13.388462946750224
14551 1 1573380 0.82539684 17.75426894892007
14552 1 1553061 0.8309859 13.84237699676305
14553 1 1426752 0.8888889 16.33044402115047
14554 1 704348 0.8055556 10.908450931310654
14555 1 1200224 0.85714287 14.974163030274212
14556 1 1161344 0.89705884 13.337997952476144
14557 1 1251304 0.82191783 12.39551801700145
14558 1 1440673 0.8684211 10.355495032854378
14559 1 1462290 0.8636364 13.14271497540176
14560 1 67744 0.9066667 9.30458097718656
14561 1 1712177 0.9230769 12.849571998231113
14562 1 1501594 0.8428571 13.146094046533108
14563 1 1072238 0.85714287 11.119897942990065
14564 1 863466 0.87323946 9.852590039372444
14565 1 1303735 0.8405797 13.010733993723989
14566 1 1054125 0.875 10.587054071947932
14567 1 1553061 0.8309859 13.195227016694844
14568 1 1119090 0.84931505 10.035761049948633
14569 1 938694 0.85333335 9.262722101993859
14570 1 1016744 0.85714287 10.587266995571554
14571 1 1257453 0.8405797 11.375781032256782
14572 1 1043213 0.84931505 11.393122025765479
14573 1 1415695 0.87142855 11.087426915764809
14574 1 1442264 0.8783784 10.471037938259542
14575 1 1455108 0.9166667 11.45281596109271
14576 1 1410477 0.90909094 14.418635051697493
14577 1 1110544 0.8888889 11.00816996768117
14578 1 1187076 0.8730159 15.657268930226564
14579 1 1440898 0.87323946 10.13779395725578
14580 1 1028781 0.9130435 11.554236989468336
14581 1 952719 0.84931505 13.49988195579499
14582 1 1093061 0.8428571 14.700426021590829
14583 1 995570 0.8552632 9.774198988452554
14584 1 1518626 0.8378378 13.669352978467941
14585 1 1997078 0.86419755 10.75155392754823
14586 1 1453412 0.9130435 14.208311913534999
14587 1 1410266 0.8450704 13.590683927759528
14588 1 1453131 0.89705884 14.621868962422013
14589 1 667872 0.9104478 13.64174799527973
14590 1 1762547 0.84415585 9.816628997214139
14591 1 815406 0.84 10.185924009419978
14592 1 1628433 0.8358209 12.680651969276369
14593 1 1077704 0.8055556 11.573291034437716
14594 1 1455335 0.8405797 13.354373048059642
14595 1 1607675 0.90909094 11.743579059839249
14596 1 280868 0.9027778 10.2114969631657
14597 1 1169972 0.8358209 13.283740961924195
14598 1 1542092 0.8358209 13.31991795450449
14599 1 821172 0.91935486 15.347821055911481
14600 1 1288432 0.8450704 12.402027961798012
14601 1 1492905 0.8513514 11.119470931589603
14602 1 1016744 0.85714287 10.811753920279443
14603 1 790753 0.85915494 10.727809043601155
14604 1 1833170 0.84810126 7.924141944386065
14605 1 1976286 0.9130435 11.161711066961288
14606 1 1028781 0.85915494 10.961762047372758
14607 1 209042 0.85507244 10.852665989659727
14608 1 1016912 0.8181818 8.587635005824268
14609 1 1185486 0.8955224 12.40716502070427
14610 1 1542092 0.8358209 12.474665069021285
14611 1 704348 0.8358209 16.665113042108715
14612 1 1467735 0.8450704 12.531901011243463
14613 1 1698517 0.8939394 13.7086589820683
14614 1 1521546 0.8695652 11.48230698890984
14615 1 679943 0.85294116 12.86882406566292
14616 1 1471236 0.8028169 11.806212016381323
14617 1 1124851 0.8076923 9.16548806708306
14618 1 1143800 0.8552632 9.291067952290177
14619 1 1109603 0.95454544 11.946405982598662
14620 1 1023886 0.8933333 9.218249004334211
14621 1 1484812 0.8955224 12.511601904407144
14622 1 1675744 0.8695652 12.307190103456378
14623 1 1188764 0.8513514 9.243990993127227
14624 1 856290 0.82051283 8.439061930403113
14625 1 1018058 0.92537314 11.005245032720268
14626 1 1287015 0.8507463 15.752707025967538
14627 1 667872 0.8405797 12.370448093861341
14628 1 1043385 0.80263156 9.276122087612748
14629 1 1334634 0.90140843 10.569000034593046
14630 1 1622943 0.82857144 12.15974404476583
14631 1 1348072 0.9230769 12.288762023672462
14632 1 67744 0.9066667 8.354859077371657
14633 1 1973577 0.8153846 12.553452979773283
14634 1 1267771 0.83870965 15.017173020169139
14635 1 1416053 0.8235294 12.224329053424299
14636 1 1627521 0.8857143 10.632861987687647
14637 1 1410266 0.9130435 10.63923491165042
14638 1 1094963 0.8666667 8.059451938606799
14639 1 1112905 0.84 9.344987105578184
14640 1 1243176 0.8356164 10.442744009196758
14641 1 1831885 0.8955224 11.745229014195502
14642 1 1488547 0.84 9.362420067191124
14643 1 1243176 0.8356164 9.946168051101267
14644 1 1072238 0.88235295 12.11480691563338
14645 1 1580922 0.8548387 13.12249293550849
14646 1 1984812 0.8939394 11.65378000587225
14647 1 868851 0.8309859 10.492319008335471
14648 1 1626487 0.86153847 11.27837598323822
14649 1 1121433 0.9076923 13.119251001626253
14650 1 266408 0.86567163 11.371143045835197
14651 1 1415695 0.87142855 10.017371037974954
14652 1 864089 0.8701299 8.756448980420828
14653 1 1973912 0.8787879 12.707252986729145
14654 1 1116357 0.884058 9.854414965957403
14655 1 1109795 0.82608694 10.622857022099197
14656 1 868851 0.86567163 13.086393941193819
14657 1 1639459 0.83076924 11.911129928193986
14658 1 1495991 0.8507463 10.807787999510765
14659 1 1146277 0.82857144 12.594840954989195
14660 1 1075997 0.86764705 10.847177007235587
14661 1 1132522 0.8684211 8.541345014236867
14662 1 1553061 0.8309859 11.996371089480817
14663 1 1395519 0.8507463 13.459606911055744
14664 1 1017805 0.85 6.501264055259526
14665 1 820185 0.9066667 7.389523088932037
14666 1 1114782 0.8513514 9.732535923831165
14667 1 460761 0.90909094 7.127451011911035
14668 1 999929 0.7894737 9.192139958031476
14669 1 1177038 0.91780823 9.155799984000623
14670 1 827074 0.8933333 7.856271928176284
14671 1 2467496 0.85897434 6.465782993473113
14672 1 1155825 0.85897434 7.017610943876207
14673 1 1048414 0.835443 9.042792953550816
14674 1 1848451 0.8488372 5.4476960795000196
14675 1 1198814 0.8433735 6.277702981606126
14676 1 768928 0.87341774 6.819808972068131
14677 1 709444 0.85897434 7.99433805514127
14678 1 836289 0.825 6.418208940885961
14679 1 1923496 0.85897434 6.933497032150626
14680 1 1150426 0.8243243 11.030336027033627
14681 1 1476955 0.8372093 5.591379944235086
14682 1 1348072 0.8857143 9.9031439749524
14683 1 1560721 0.8933333 7.779284962452948
14684 1 864089 0.8414634 6.66157400701195
14685 1 1672941 0.8947368 8.216019021347165
14686 1 1031468 0.81333333 10.936407023109496
14687 1 1105991 0.87341774 8.002538001164794
14688 1 370562 0.87323946 10.918991989456117
14689 1 895426 0.85365856 7.217783015221357
14690 1 584976 0.84810126 7.8340970212593675
14691 1 1183528 0.84415585 10.183220962062478
14692 1 836289 0.8684211 8.091998985037208
14693 1 987103 0.8333333 8.437433978542686
14694 1 1011827 0.85365856 6.484383018687367
14695 1 713529 0.83116883 7.491988013498485
14696 1 993226 0.84415585 8.606537943705916
14697 1 999929 0.7894737 10.429357993416488
14698 1 1017805 0.8518519 6.124851992353797
14699 1 836289 0.8918919 9.425229975022376
14700 1 1135095 0.91780823 9.207380004227161
14701 1 1523485 0.90789473 8.202462922781706
14702 1 709444 0.85897434 8.363947039470077
14703 1 809736 0.83116883 9.602191974408925
14704 1 1573267 0.9142857 10.337746934965253
14705 1 713529 0.8783784 8.883208967745304
14706 1 1444322 0.8875 6.362983025610447
14707 1 1199697 0.83116883 7.909266045317054
14708 1 717168 0.84810126 6.8223499692976475
14709 1 1428059 0.82666665 9.863703045994043
14710 1 895426 0.85365856 6.680756923742592
14711 1 1191367 0.84210527 7.997593958862126
14712 1 717168 0.84810126 7.585386047139764
14713 1 1662839 0.8933333 8.586009964346886
14714 1 1196778 0.8765432 7.709956029430032
14715 1 731284 0.8333333 10.774659924209118
14716 1 1041615 0.8961039 8.63570102956146
14717 1 717168 0.84810126 7.670753984712064
14718 1 840337 0.8875 7.188188028521836
14719 1 1041615 0.8717949 8.278943016193807
14720 1 821172 0.86567163 13.326457934454083
14721 1 713529 0.83116883 9.555708966217935
14722 1 1684793 0.9102564 10.23811602499336
14723 1 863895 0.8625 8.267431054264307
14724 1 709444 0.85897434 10.131873073987663
14725 1 1923496 0.85897434 8.017502026632428
14726 1 999929 0.80263156 10.168801061809063
14727 1 709444 0.85897434 12.178211938589811
14728 1 999929 0.80263156 11.461539077572525
14729 1 1016772 0.8450704 13.980397023260593
14730 1 1831035 0.8648649 11.033691000193357
14731 1 843428 0.85333335 10.454821982420981
14732 1 1188182 0.8648649 12.770644971169531
14733 1 1492905 0.81578946 11.39695500023663
14734 1 1348072 0.8857143 11.662583914585412
14735 1 1954924 0.88372093 6.038806983269751
14736 1 768928 0.87341774 8.688060916028917
14737 1 1140128 0.9054054 11.44141296390444
14738 1 768928 0.87341774 8.488456020131707
14739 1 1105991 0.87341774 7.668077014386654
14740 1 1348072 0.8857143 9.748664917424321
14741 1 1183528 0.8101266 8.264229982160032
14742 1 1406709 0.8873239 9.821309009566903
14743 1 2004094 0.8552632 7.927053957246244
14744 1 1831035 0.8648649 9.564997046254575
14745 1 1144258 0.85333335 6.50161097291857
14746 1 1440673 0.92 8.216339978389442
14747 1 1105991 0.85 6.546646007336676
14748 1 863333 0.8947368 6.031244993209839
14749 1 1105991 0.93333334 7.571390015073121
14750 1 1684055 0.8117647 6.049631047062576
14751 1 709444 0.85897434 7.790195057168603
14752 1 459135 0.8974359 6.64210703689605
14753 1 731284 0.8333333 9.123046067543328
14754 1 460761 0.90909094 7.011401001363993
14755 1 1006239 0.7972973 10.546675068326294
14756 1 1191367 0.84210527 7.107338053174317
14757 1 821172 0.82608694 10.461703990586102
14758 1 843428 0.82051283 7.108819088898599
14759 1 1684793 0.9102564 7.160363020375371
14760 1 1143800 0.92105263 6.625354988500476
14761 1 1406709 0.8873239 9.91769996471703
14762 1 836289 0.84615386 6.906401016749442
14763 1 40474 0.8378378 8.972852025181055
14764 1 1572367 0.8684211 7.407170021906495
14765 1 1657518 0.8607595 6.586989969946444
14766 1 843428 0.82894737 9.77439503185451
14767 1 1954924 0.88372093 5.003996891900897
14768 1 1050822 0.8666667 9.16594103910029
14769 1 1428059 0.8378378 10.08198398631066
14770 1 1672237 0.85365856 7.4803190072998405
14771 1 1041615 0.8717949 7.8119790414348245
14772 1 1006239 0.82191783 11.59913802985102
14773 1 1348072 0.8857143 11.038493015803397
14774 1 1672237 0.85365856 8.429610985331237
14775 1 827074 0.8684211 9.00637498125434
14776 1 1848451 0.8488372 6.356256897561252
14777 1 1105991 0.8717949 9.796720114536583
14778 1 1191367 0.84210527 9.031797992065549
14779 1 1428059 0.82666665 10.74667100328952
14780 1 713529 0.8783784 9.629404987208545
14781 1 584976 0.84810126 7.365910918451846
14782 1 2152981 0.84615386 8.537283050827682
14783 1 1183528 0.84415585 9.019079036079347
14784 1 1155825 0.8947368 7.603104924783111
14785 1 1672237 0.85365856 6.895995931699872
14786 1 938694 0.8666667 9.115034015849233
14787 1 1155825 0.8933333 8.282126975245774
14788 1 993226 0.84415585 7.698670029640198
14789 1 1183528 0.8815789 7.790648960508406
14790 1 1198814 0.87341774 7.6111010275781155
14791 1 1848451 0.8488372 5.159471998922527
14792 1 843428 0.8648649 9.036889998242259
14793 1 1560721 0.8933333 7.015954004600644
14794 1 1848451 0.8488372 5.171666969545186
14795 1 1183528 0.8101266 7.6628089882433414
14796 1 1144258 0.8888889 7.668629055842757
14797 1 1094360 0.8194444 10.628939955495298
14798 1 840337 0.87341774 7.346767000854015
14799 1 1406709 0.8873239 11.36083307210356
14800 1 863895 0.8701299 8.241994073614478
14801 1 460761 0.90909094 7.128662080504
14802 1 1672237 0.85365856 6.755531998351216
14803 1 1041615 0.8271605 6.503943935967982
14804 1 1848451 0.8488372 5.074352025985718
14805 1 987103 0.84415585 8.28604307025671
14806 1 836289 0.8767123 9.537233039736748
14807 1 1492509 0.875 8.881699992343783
14808 1 1190630 0.84 8.29306896775961
14809 1 1202571 0.84810126 6.916560931131244
14810 1 2152981 0.84615386 7.528751972131431
14811 1 1023886 0.8701299 7.5448950519785285
14812 1 1492509 0.875 8.815848035737872
14813 1 2004094 0.8552632 7.63290305621922
14814 1 2279387 0.9041096 8.957298006862402
14815 1 843428 0.9054054 7.574268965981901
14816 1 1476955 0.8372093 5.152305006049573
14817 1 821172 0.8636364 11.6386340232566
14818 1 2467496 0.8684211 8.569019031710923
14819 1 1684793 0.9102564 8.654542034491897
14820 1 993226 0.84210527 10.134277050383389
14821 1 2467496 0.85897434 7.27918790653348
14822 1 826222 0.8701299 7.719549001194537
14823 1 895426 0.85365856 6.734256981872022
14824 1 999321 0.8947368 6.8440939066931605
14825 1 836289 0.88 8.476073038764298
14826 1 938694 0.8666667 9.97287395875901
14827 1 843428 0.85333335 9.722960065118968
14828 1 1198814 0.8214286 6.815978093072772
14829 1 1409596 0.875 9.639464085921645
14830 1 1143800 0.90909094 6.745420047082007
14831 1 709444 0.85897434 8.643942070193589
14832 1 1143800 0.93333334 8.037984021939337
14833 1 713529 0.83116883 7.8918959479779005
14834 1 768928 0.87341774 7.244253996759653
14835 1 836289 0.8767123 10.364001034758985
14836 1 709444 0.85897434 8.409355068579316
14837 1 2152981 0.84615386 7.903737016022205
14838 1 827074 0.8815789 7.369240978732705
14839 1 938694 0.8666667 11.385002988390625
14840 1 1492509 0.875 12.24662596359849
14841 1 1167045 0.82894737 10.808767983689904
14842 1 1183528 0.83116883 10.408640024252236
14843 1 1174486 0.8767123 9.882004000246525
14844 1 1183528 0.8666667 9.717475972138345
14845 1 821172 0.8405797 11.212903074920177
14846 1 275461 0.9102564 7.074960041791201
14847 1 1923496 0.85897434 6.824729032814503
14848 1 709444 0.85897434 7.986942888237536
14849 1 938694 0.83116883 8.575768093578517
14850 1 2004094 0.8552632 7.983958930708468
14851 1 1006239 0.8108108 10.080490028485656
14852 1 826222 0.85714287 7.9728360287845135
14853 1 1041615 0.8271605 6.843770039267838
14854 1 1406709 0.8873239 9.890323970466852
14855 1 1142235 0.8333333 5.438901949673891
14856 1 1143800 0.93333334 7.825631997548044
14857 1 1142235 0.8068182 5.1763750379905105
14858 1 1138458 0.8227848 7.744778995402157
14859 1 1114782 0.8051948 9.782635956071317
14860 1 1013942 0.84 10.415493976324797
14861 1 1167045 0.8666667 8.98683990817517
14862 1 1195135 0.82758623 5.122428992763162
14863 1 1086542 0.85365856 6.424079998396337
14864 1 709444 0.85897434 8.100838051177561
14865 1 1183528 0.83116883 9.278933983296156
14866 1 277578 0.90789473 7.739291992038488
14867 1 1183528 0.8181818 9.081867057830095
14868 1 1137367 0.82051283 8.397185010835528
14869 1 1138458 0.82051283 8.505139034241438
14870 1 1057481 0.8767123 9.094500914216042
14871 1 840337 0.925 5.186962080188096
14872 1 836289 0.82051283 7.26325495634228
14873 1 1093245 0.8875 6.832247017882764
14874 1 836289 0.835443 6.411881069652736
14875 1 1191367 0.82894737 7.437761058099568
14876 1 713529 0.8783784 8.548765908926725
14877 1 1081603 0.8674699 5.1977429538965225
14878 1 1428059 0.8378378 9.219996980391443
14879 1 1086716 0.85333335 9.265123051591218
14880 1 1183528 0.82051283 8.596735075116158
14881 1 1831035 0.8648649 9.208744973875582
14882 1 1183528 0.8918919 9.23075492028147
14883 1 1105991 0.84810126 7.319555035792291
14884 1 990372 0.8375 7.3810750618577
14885 1 1573267 0.9142857 9.924508980475366
14886 1 1142235 0.8888889 6.013570004142821
14887 1 1041615 0.8375 7.806828012689948
14888 1 768928 0.87341774 7.205664995126426
14889 1 1144258 0.85333335 7.036093040369451
14890 1 963158 0.8192771 6.965002045035362
14891 1 840337 0.875 7.554774056188762
14892 1 955133 0.8795181 5.474162986502051
14893 1 1148796 0.8918919 9.029043023474514
14894 1 981218 0.8918919 7.381132920272648
14895 1 1058818 0.8292683 7.294539944268763
14896 1 840337 0.8765432 6.497780093923211
14897 1 836289 0.9041096 9.582950035110116
14898 1 821172 0.86567163 11.252428987063468
14899 1 717168 0.84810126 6.706375977955759
14900 1 1135095 0.91780823 8.475490030832589
14901 1 1167045 0.88 7.937978021800518
14902 1 1170299 0.875 10.626406990922987
14903 1 987103 0.8101266 8.034930913709104
14904 1 1183528 0.8552632 9.26954799797386
14905 1 2467496 0.8684211 7.919163093902171
14906 1 1145325 0.8666667 14.865913079120219
14907 1 1658716 0.8780488 6.249777041375637
14908 1 1086542 0.9113924 6.143694976344705
14909 1 1067479 0.8518519 6.938426988199353
14910 1 1105991 0.83950615 6.31633005104959
14911 1 827074 0.8918919 9.576481999829412
14912 1 1649370 0.85714287 8.275704924017191
14913 1 840337 0.8433735 6.094282027333975
14914 1 1649370 0.85714287 8.360092993825674
14915 1 1779939 0.9 7.928089005872607
14916 1 1560721 0.8933333 8.229300961829722
14917 1 1101458 0.84210527 9.144278010353446
14918 1 1101458 0.8051948 9.650271967984736
14919 1 709444 0.85897434 8.297030930407345
14920 1 1560721 0.8933333 7.439841981977224
14921 1 1138458 0.9066667 7.851394941098988
14922 1 2467496 0.8684211 7.900596945546567
14923 1 1057481 0.8767123 9.050496970303357
14924 1 1123652 0.85 6.2663949793204665
14925 1 827074 0.85714287 7.316426956094801
14926 1 821172 0.8507463 12.179699959233403
14927 1 1476955 0.8372093 5.350640043616295
14928 1 1167045 0.8933333 7.324780919589102
14929 1 1848451 0.8488372 5.325554986484349
14930 1 1428059 0.82666665 9.25423193257302
14931 1 40474 0.8378378 8.630668045952916
14932 1 1058818 0.8292683 7.24923494271934
14933 1 813110 0.8607595 7.337057963013649
14934 1 836289 0.85333335 9.474543039686978
14935 1 1831035 0.8648649 9.33880708180368
14936 1 1142235 0.8333333 5.297203082591295
14937 1 1138458 0.8701299 7.344899931922555
14938 1 1101458 0.8873239 11.397626018151641
14939 1 1191367 0.82894737 7.490181946195662
14940 1 1440673 0.92 8.524039993062615
14941 1 370562 0.87323946 9.349889936856925
14942 1 1142235 0.81609195 4.187670070677996
14943 1 1105991 0.8701299 8.535914006642997
14944 1 850943 0.8666667 9.184373077005148
14945 1 1662839 0.8933333 7.991895079612732
14946 1 1155825 0.8815789 8.027806063182652
14947 1 821172 0.86567163 11.86890306416899
14948 1 999321 0.8947368 6.523702060803771
14949 1 836289 0.88 8.176351082511246
14950 1 1476955 0.8372093 5.530560039915144
14951 1 412312 0.87341774 6.9893160834908485
14952 1 836289 0.84210527 8.857003995217383
14953 1 1476955 0.8372093 5.326553015038371
14954 1 1155825 0.85897434 7.295536925084889
14955 1 1662839 0.8933333 7.888876949436963
14956 1 1105991 0.8607595 7.351694046519697
14957 1 1041615 0.8271605 7.069310988299549
14958 1 826222 0.85714287 7.991146063432097
14959 1 1198814 0.8607595 8.706906926818192
14960 1 1155825 0.8701299 7.446857984177768
14961 1 850943 0.84415585 8.019835921004415
14962 1 1183528 0.84210527 9.290448040701449
14963 1 2004094 0.8552632 7.986039971001446
14964 1 938694 0.83116883 8.51217599119991
14965 1 1428059 0.8378378 9.300924954004586
14966 1 836289 0.85714287 7.3993540136143565
14967 1 850943 0.8684211 8.118490921333432
14968 1 275461 0.9102564 7.000916986726224
14969 1 821172 0.7808219 9.568198933266103
14970 1 826222 0.84810126 6.789223989471793
14971 1 1781917 0.8414634 6.31271000020206
14972 1 768928 0.87341774 6.879866938106716
14973 1 1017805 0.8831169 7.584742037579417
14974 1 1923496 0.85897434 6.875835009850562
14975 1 938694 0.83116883 8.6566909449175
14976 1 1086542 0.8292683 6.899839034304023
14977 1 993226 0.84210527 9.587808046489954
14978 1 1662839 0.8933333 9.197785053402185
14979 1 1041615 0.87341774 7.3464649030938745
14980 1 836289 0.85714287 8.00120399799198
14981 1 1138458 0.8125 8.240569033659995
14982 1 26517 0.835443 7.9661819618195295
14983 1 1086716 0.8648649 10.115322074852884
14984 1 2467496 0.85897434 8.417044067755342
14985 1 895426 0.85365856 6.878487998619676
14986 1 1183528 0.82051283 9.330651955679059
14987 1 836289 0.835443 7.175160921178758
14988 1 731284 0.8333333 10.26999403256923
14989 1 1492905 0.81578946 10.235143941827118
14990 1 1684055 0.8117647 6.459207972511649
14991 1 836289 0.8684211 7.489396026358008
14992 1 2467496 0.8684211 8.071751915849745
14993 1 709444 0.85897434 8.79544799681753
14994 1 1954924 0.88372093 5.123491049744189
14995 1 1191367 0.82894737 7.605994935147464
14996 1 1572367 0.8684211 7.400078000500798
14997 1 1057481 0.8767123 9.601671015843749
14998 1 836289 0.92957747 10.838089976459742
14999 1 866868 0.84810126 7.837730925530195
15000 1 1104900 0.8333333 10.387966991402209
15001 1 1016772 0.8450704 12.844071025028825
15002 1 40474 0.8378378 10.099096922203898
15003 1 1134637 0.85 8.20883410051465
15004 1 1440673 0.92 9.191342978738248
15005 1 1831035 0.8648649 10.721098049543798
15006 1 987103 0.84810126 7.483099005185068
15007 1 1684793 0.9102564 7.985197007656097
15008 1 963158 0.8192771 6.737153977155685
15009 1 955133 0.8795181 6.152997026219964
15010 1 826222 0.85714287 9.384848992340267
15011 1 863895 0.84810126 8.480025921016932
15012 1 1409596 0.875 9.465742972679436
15013 1 836289 0.8227848 7.860495010390878
15014 1 1009381 0.81578946 10.258844937197864
15015 1 938694 0.8666667 10.45312697533518
15016 1 833111 0.8433735 7.050407002680004
15017 1 1191367 0.84210527 8.187105995602906
15018 1 1025579 0.8875 7.474487065337598
15019 1 1447199 0.8181818 10.25773398578167
15020 1 2467496 0.85897434 8.982296916656196
15021 1 1831035 0.8648649 16.6129469871521
15022 1 836289 0.88 10.171485017053783
15023 1 1492905 0.81578946 12.216464965604246
15024 1 938694 0.83116883 10.655000107362866
15025 1 1202571 0.84810126 9.467190015129745
15026 1 2152981 0.84615386 9.863393031992018
15027 1 1000695 0.886076 14.335335930809379
15028 1 1138458 0.8333333 12.120153987780213
15029 1 1409596 0.875 11.345659964717925
15030 1 1831035 0.8648649 12.926392024382949
15031 1 1142235 0.8235294 8.446086081676185
15032 1 836289 0.8918919 11.425705975852907
15033 1 1150426 0.85333335 11.03418692946434
15034 1 1183528 0.82051283 10.929769021458924
15035 1 1523485 0.90789473 10.296288994140923
15036 1 1848451 0.8488372 6.902296910993755
15037 1 460761 0.90909094 9.124356089159846
15038 1 713529 0.83116883 11.000818922184408
15039 1 713529 0.8783784 10.537137975916266
15040 1 1177038 0.82894737 11.343296035192907
15041 1 40474 0.8378378 10.422520921565592
15042 1 1409596 0.875 9.608429041691124
15043 1 840337 0.81395346 5.723865935578942
15044 1 1428059 0.82666665 11.188979959115386
15045 1 1105991 0.85 7.744658971205354
15046 1 1428059 0.8378378 10.075694997794926
15047 1 1572367 0.8684211 7.875223993323743
15048 1 1447199 0.8181818 9.426919044926763
15049 1 1140128 0.8701299 8.703424013219774
15050 1 1041615 0.835443 8.710043039172888
15051 1 826222 0.835443 7.668346050195396
15052 1 1572367 0.8684211 8.010853081941605
15053 1 1016772 0.8472222 11.556719080545008
15054 1 731284 0.8333333 9.865086991339922
15055 1 1183528 0.8227848 7.508884067647159
15056 1 1198814 0.85365856 6.245788070373237
15057 1 1492905 0.81578946 10.12494694441557
15058 1 895426 0.85365856 6.251398008316755
15059 1 1041615 0.84810126 7.275435025803745
15060 1 1954924 0.88372093 4.787746001966298
15061 1 1492509 0.875 8.977032033726573
15062 1 1945002 0.8352941 5.676915985532105
15063 1 709444 0.85897434 8.201878052204847
15064 1 1011827 0.85365856 6.391413044184446
15065 1 1057481 0.8767123 9.325999999418855
15066 1 1148796 0.8684211 9.058397030457854
15067 1 1191367 0.82894737 8.192955981940031
15068 1 1167045 0.85897434 6.8529549753293395
15069 1 464182 0.8333333 7.423687959089875
15070 1 1684075 0.81609195 6.142055033706129
15071 1 1440673 0.86419755 6.571882055141032
15072 1 926714 0.80851066 5.288642947562039
15073 1 515885 0.8636364 4.386254004202783
15074 1 1684075 0.81609195 5.848318920470774
15075 1 926714 0.80851066 4.854960949160159
15076 1 987233 0.81609195 6.269298959523439
15077 1 926714 0.80851066 4.8295799642801285
15078 1 1684075 0.81609195 5.843519000336528
15079 1 926714 0.80851066 4.919964005239308
15080 1 987233 0.81609195 6.237188004888594
15081 1 10904 0.84090906 5.306775914505124
15082 1 2474223 0.8965517 4.714027047157288
15083 1 886535 0.85714287 5.938402959145606
15084 1 2097904 0.8426966 5.128249060362577
15085 1 515885 0.8636364 6.439169985242188
15086 1 957928 0.8795181 5.622983910143375
15087 1 1440673 0.86419755 6.241605966351926
15088 1 2097904 0.8426966 4.897871054708958
15089 1 987233 0.81609195 6.1336319195106626
15090 1 2097904 0.8426966 5.17498399131
15091 1 515885 0.8636364 4.396339994855225
15092 1 926714 0.80851066 4.57866198848933
15093 1 1722896 0.91566265 5.640286020934582
15094 1 464182 0.8333333 6.364237982779741
15095 1 2097904 0.8426966 4.67483198735863
15096 1 1684075 0.81609195 5.403012037277222
15097 1 449145 0.87356323 4.2885380098596215
15098 1 987233 0.81609195 5.359559087082744
15099 1 1722896 0.91566265 5.268912995234132
15100 1 957928 0.8795181 5.123064038343728
15101 1 987233 0.81609195 5.2005850011482835
15102 1 987233 0.81609195 5.168186035007238
15103 1 926714 0.80851066 4.25020104739815
15104 1 957928 0.8795181 5.197114078328013
15105 1 515885 0.8636364 3.8879989879205823
15106 1 2305316 0.90909094 0.6369110196828842
15107 1 1967913 0.9 0.6190240383148193
15108 1 942245 1.0 0.6489980733022094
15109 1 2344560 0.90909094 2.0263269543647766
15110 1 1779239 0.90909094 2.1628730464726686
15111 1 290371 0.9 0.7329300278797746
15112 1 89596 1.0 1.3657480012625456
15113 1 290371 0.9 1.4455390628427267
15114 1 278781 0.90909094 0.6442030426114798
15115 1 149535 0.9 0.6804020376875997
15116 1 170584 0.90909094 0.6275330670177937
15117 1 290371 0.9 0.6533210398629308
15118 1 2205046 0.90909094 0.6429029162973166
15119 1 2305316 0.90909094 0.6409059278666973
15120 1 363326 0.90909094 0.6375820375978947
15121 1 1779239 0.90909094 0.6827369797974825
15122 1 601260 0.94736844 2.131441025994718
15123 1 1629808 0.9411765 2.0272949477657676
15124 1 28686 0.9166667 1.2780909892171621
15125 1 83741 0.95 2.6540280086919665
15126 1 1965745 0.9444444 1.9017040031030774
15127 1 284808 1.0 0.7764500332996249
15128 1 1965678 1.0 0.751720042899251
15129 1 1265209 1.0 0.7284550229087472
15130 1 1814662 0.94736844 0.9912960231304169
15131 1 316124 0.94736844 1.2131959665566683
15132 1 1841527 0.94736844 1.0792060056701303
15133 1 2341773 0.9411765 0.8009689627215266
15134 1 1125472 0.8947368 0.9622599463909864
15135 1 1417237 0.9411765 0.7648629834875464
15136 1 2333360 0.9375 0.7407129742205143
15137 1 1600959 0.95238096 1.3024240033701062
15138 1 1563568 0.93333334 0.7123069372028112
15139 1 1727977 0.95 1.2268039863556623
15140 1 1125472 0.8947368 1.0231289779767394
15141 1 1830377 0.94736844 0.9645329555496573
15142 1 1417237 0.9411765 0.7906400132924318
15143 1 867203 0.94736844 0.98733592312783
15144 1 234119 0.9047619 1.4101089909672737
15145 1 1259935 0.9047619 1.2288689613342285
15146 1 1125472 0.9444444 0.9304829873144627
15147 1 1967841 0.95238096 1.3920010533183813
15148 1 132679 0.94736844 1.0467160027474165
15149 1 1585108 0.9444444 0.9237700141966343
15150 1 366718 0.9375 0.7300869328901172
15151 1 1961070 0.9444444 0.9590520057827234
15152 1 1726155 0.9411765 0.9586350060999393
15153 1 1845071 0.9411765 0.8306750096380711
15154 1 714067 0.9047619 1.4569589402526617
15155 1 1965678 1.0 0.7716610562056303
15156 1 1512736 0.9230769 0.7618550444021821
15157 1 1965678 1.0 0.7425760850310326
15158 1 1484589 0.9 1.6530080465599895
15159 1 1417237 0.9411765 0.8250050013884902
15160 1 30698 1.0 1.2210649438202381
15161 1 1747484 0.93333334 0.8272320264950395
15162 1 2333360 0.9375 0.7695980602875352
15163 1 1712095 0.8947368 1.0422751074656844
15164 1 1933462 1.0 0.9635910391807556
15165 1 2216827 0.94736844 1.1243330081924796
15166 1 1136461 0.94736844 1.2045969488099217
15167 1 439256 0.9 0.673469970934093
15168 1 1136461 0.95 1.4987429603934288
15169 1 596375 0.9230769 0.7157580694183707
15170 1 2358734 1.0 1.0429230751469731
15171 1 138871 0.9 1.6306189354509115
15172 1 316124 0.94736844 1.2273190077394247
15173 1 1136461 0.94736844 1.0519929928705096
15174 1 1720688 0.94736844 1.0345999617129564
15175 1 353042 0.9375 0.8082840358838439
15176 1 1960701 1.0 0.7674989756196737
15177 1 138871 0.9 1.5612640418112278
15178 1 82550 0.95238096 1.3816480059176683
15179 1 1125472 0.9444444 1.0156430071219802
15180 1 1857862 0.9375 0.778545974753797
15181 1 1966210 1.0 0.9146980009973049
15182 1 592958 0.95238096 1.3337599812075496
15183 1 1125472 0.8947368 1.1656970018520951
15184 1 1782044 0.95 2.0377320470288396
15185 1 1729854 1.0 1.9562180386856198
15186 1 1507735 0.9444444 1.4762210194021463
15187 1 168266 0.94736844 1.1171929072588682
15188 1 454359 0.9444444 1.1253489647060633
15189 1 477541 1.0 0.9719770168885589
15190 1 1672749 0.94736844 1.1416219640523195
15191 1 1965529 0.94736844 1.2085109483450651
15192 1 1777085 0.9411765 0.9260020451620221
15193 1 1965062 1.0 0.7891340646892786
15194 1 1960653 0.9375 0.920425052754581
15195 1 1709273 0.9285714 0.77851302921772
15196 1 1060418 0.9 1.4086170122027397
15197 1 1802518 1.0 1.051642931997776
15198 1 15575 0.90909094 0.8343571098521352
15199 1 168251 0.9375 1.1996639659628272
15200 1 2252331 0.95 1.510086003690958
15201 1 893579 0.9444444 1.9854799611493945
15202 1 81595 0.95 1.2748619774356484
15203 1 316124 0.94736844 1.981928013265133
15204 1 2285588 0.93333334 0.8420130470767617
15205 1 1654963 0.8947368 1.1628309730440378
15206 1 1965745 0.9444444 1.4153990196064115
15207 1 767599 0.9285714 1.826861989684403
15208 1 578128 0.8947368 2.4741870583966374
15209 1 369119 0.9230769 0.9262909879907966
15210 1 1925489 1.0 0.8577390108257532
15211 1 1760932 1.0 1.3313849922269583
15212 1 1156023 0.9166667 0.737998983822763
15213 1 19886 1.0 1.4270449755713344
15214 1 1841527 0.94736844 1.1917309602722526
15215 1 1073600 0.93333334 1.0166250867769122
15216 1 1857860 0.95238096 1.7213269602507353
15217 1 1663183 1.0 1.0116189951077104
15218 1 561174 0.95 2.8508020332083106
15219 1 104957 1.0 1.298442017287016
15220 1 1660061 1.0 1.4263020129874349
15221 1 1967823 1.0 1.6474369913339615
15222 1 1830377 0.94736844 1.40947790350765
15223 1 168266 0.94736844 1.3835959834977984
15224 1 399485 0.94736844 1.579698990099132
15225 1 1960759 0.9411765 1.131015014834702
15226 1 662281 0.9375 1.069630030542612
15227 1 1113493 1.0 1.2987230438739061
15228 1 2003341 0.93333334 2.1968010114505887
15229 1 1209149 1.0 1.3836500002071261
15230 1 1830377 0.94736844 1.7920819809660316
15231 1 1961754 1.0 1.284022000618279
15232 1 1156023 0.9166667 1.9243680872023106
15233 1 1722476 0.9375 1.1470100143924356
15234 1 1068444 0.95 2.1251540165394545
15235 1 1090737 0.94736844 1.616019057109952
15236 1 2213089 0.9444444 1.5518509317189455
15237 1 640121 0.9411765 1.1999050620943308
15238 1 168251 0.9375 1.4021140523254871
15239 1 168251 0.9375 1.396565930917859
15240 1 1675766 0.9375 1.228792010806501
15241 1 1597172 0.9375 1.1774200247600675
15242 1 1396178 0.9047619 1.9791809609159827
15243 1 1968874 0.90909094 0.9839580161496997
15244 1 1093783 0.9 1.624202006496489
15245 1 1968280 0.9285714 0.866084941662848
15246 1 1651938 0.95238096 1.722428947687149
15247 1 1577922 0.9230769 0.8618360152468085
15248 1 767599 0.9285714 1.0469609405845404
15249 1 138871 0.9 1.9648330053314567
15250 1 1824434 0.9411765 2.2263010032474995
15251 1 1830377 0.94736844 1.3374070404097438
15252 1 1588531 0.94736844 1.2818110408261418
15253 1 1968188 0.9375 0.9576120646670461
15254 1 1965745 0.9444444 1.2817119713872671
15255 1 1854807 0.94736844 1.336821005679667
15256 1 1156023 0.9166667 1.296082977205515
15257 1 541082 0.9 1.7421769443899393
15258 1 994259 0.9411765 1.8812089692801237
15259 1 370890 0.9166667 1.2279419461265206
15260 1 821323 0.9444444 2.3129869950935245
15261 1 1027606 0.9047619 2.8278259560465813
15262 1 1830377 0.94736844 2.290625008754432
15263 1 1586007 0.95238096 1.626137993298471
15264 1 306148 0.94736844 1.286455080844462
15265 1 1713289 0.9444444 1.1474729981273413
15266 1 138871 0.9 1.5954080736264586
15267 1 767599 0.9285714 0.8744880324229598
15268 1 1690904 0.9411765 1.1379929492250085
15269 1 1265209 1.0 0.8106910390779376
15270 1 999365 0.9 1.5810929471626878
15271 1 1480011 0.9 1.7117749666795135
15272 1 1896312 0.9285714 0.8766230894252658
15273 1 833310 0.9444444 1.1862029787153006
15274 1 82550 0.95238096 1.622596988454461
15275 1 293572 1.0 2.707018982619047
15276 1 727450 1.0 0.858212006278336
15277 1 609665 0.9166667 0.7649989565834403
15278 1 748752 0.95 1.5869929920881987
15279 1 994259 0.9411765 0.9858269477263093
15280 1 1857244 0.9285714 0.835938029922545
15281 1 1814662 0.94736844 1.2725010747089982
15282 1 1830377 0.94736844 1.3077410403639078
15283 1 1968874 0.90909094 0.7778980070725083
15284 1 356778 0.9411765 2.7047490002587438
15285 1 1814662 0.94736844 1.175142009742558
15286 1 369038 0.9444444 1.313988002948463
15287 1 1962119 0.95 1.462958985939622
15288 1 1830377 0.94736844 1.4536260860040784
15289 1 1930250 0.94736844 1.3983910903334618
15290 1 1588531 0.94736844 1.247928012162447
15291 1 1905958 0.9375 0.8899519452825189
15292 1 1586011 0.94736844 1.3512189034372568
15293 1 1969560 0.9375 0.9265309199690819
15294 1 1962119 0.95 1.5128670493140817
15295 1 183235 0.9444444 1.1755910236388445
15296 1 1799538 1.0 0.9966620709747076
15297 1 1677518 0.9444444 1.0812890250235796
15298 1 1908874 0.94736844 1.2534040724858642
15299 1 1265209 1.0 1.7007749993354082
15300 1 1777356 0.9444444 2.284727990627289
15301 1 1910978 1.0 1.3968100538477302
15302 1 168266 0.94736844 1.427084906026721
15303 1 735379 0.95 1.6771929804235697
15304 1 178281 0.90909094 0.8336920291185379
15305 1 1586007 0.95238096 1.687072915956378
15306 1 3701 0.95238096 1.7379330238327384
15307 1 369038 0.9444444 1.3949170242995024
15308 1 1830377 0.94736844 1.3461050111800432
15309 1 1484589 0.9 1.4270480023697019
15310 1 352731 0.9411765 1.2310270685702562
15311 1 1367664 0.9444444 1.6337799606844783
15312 1 1885931 0.94736844 1.525075058452785
15313 1 125527 1.0 1.2544220080599189
15314 1 1777356 0.9444444 1.137627987191081
15315 1 447801 1.0 1.938964007422328
15316 1 1780423 1.0 1.946259057149291
15317 1 1710034 0.95238096 1.7960929544642568
15318 1 1156023 0.9166667 0.8838879875838757
15319 1 1699300 0.9 1.4203249011188745
15320 1 802268 1.0 0.9043819736689329
15321 1 1778311 1.0 1.273829024285078
15322 1 1715971 0.93333334 1.19068194180727
15323 1 2216827 0.94736844 2.643077983520925
15324 1 1854807 0.94736844 1.514011062681675
15325 1 767599 0.9285714 0.9467770578339696
15326 1 5044 0.9285714 2.37787002697587
15327 1 9255 0.9285714 0.9357880335301161
15328 1 2202542 0.9285714 0.9072150569409132
15329 1 1366285 0.95 1.4916469808667898
15330 1 1965678 1.0 0.9096619905903935
15331 1 37622 1.0 0.8085740264505148
15332 1 168251 0.9375 1.2832960346713662
15333 1 170528 0.9411765 1.1353869922459126
15334 1 168251 0.9375 1.2639699270948768
15335 1 1156023 0.9166667 1.6753609525039792
15336 1 1778311 1.0 1.0138429934158921
15337 1 154605 0.93333334 0.9105158969759941
15338 1 1779207 0.9166667 0.686628045514226
15339 1 1963571 0.9 1.4685681089758873
15340 1 1460857 0.9166667 1.6630419995635748
15341 1 1780765 0.94736844 2.444367972202599
15342 1 109298 0.9 2.925432985648513
15343 1 1965678 1.0 0.8862890535965562
15344 1 1860045 0.95 1.314333057962358
15345 1 1711072 0.9411765 1.3258859980851412
15346 1 398814 0.9166667 0.6705810083076358
15347 1 1814662 0.94736844 1.0882500791922212
15348 1 1424800 0.9444444 2.5826209457591176
15349 1 1967535 1.0 2.1296970080584288
15350 1 1966849 0.9444444 1.2712259776890278
15351 1 1461913 0.95238096 1.6982679953798652
15352 1 1125472 0.9444444 1.299196039326489
15353 1 1547125 0.95 2.0762650528922677
15354 1 1965745 0.9444444 2.3033960023894906
15355 1 1965135 0.9444444 1.2332339538261294
15356 1 1965678 1.0 0.9241870138794184
15357 1 397709 0.9411765 1.3624480925500393
15358 1 1814662 0.94736844 1.3296529650688171
15359 1 1778311 1.0 1.14682805724442
15360 1 37622 1.0 0.9632909204810858
15361 1 125527 1.0 1.449069008231163
15362 1 1965975 0.95238096 1.8404789734631777
15363 1 833767 0.9 1.3807809446007013
15364 1 1859621 0.9166667 0.7187139708548784
15365 1 1019697 0.94736844 1.9070670241490006
15366 1 1782044 0.95 1.595567911863327
15367 1 1964249 1.0 1.2071349192410707
15368 1 1896312 0.9285714 0.9884869214147329
15369 1 1735091 0.9375 0.9645889513194561
15370 1 573183 0.95 1.5799689572304487
15371 1 578128 0.9444444 1.3029519468545914
15372 1 1964048 0.9230769 1.5604239888489246
15373 1 352731 0.9411765 1.633164007216692
15374 1 225845 0.9444444 1.270123990252614
15375 1 1965745 0.9444444 1.56984303612262
15376 1 439256 0.9 0.8319460321217775
15377 1 1503435 1.0 1.4191980008035898
15378 1 1970561 0.9375 0.9367970051243901
15379 1 1906055 0.94736844 1.295303925871849
15380 1 303440 0.9444444 1.381632057018578
15381 1 1781486 1.0 1.587806036695838
15382 1 1624663 0.9047619 1.8102299654856324
15383 1 1969176 0.9375 0.8980119600892067
15384 1 1905958 0.9375 0.8363559609279037
15385 1 1125472 0.8947368 1.22117402497679
15386 1 575406 0.9375 0.9887299966067076
15387 1 168266 0.94736844 1.2546749785542488
15388 1 1265209 1.0 0.7973220199346542
15389 1 3701 0.95238096 1.6468520043417811
15390 1 1725616 0.95238096 1.743574975989759
15391 1 1907458 0.9166667 0.7309019565582275
15392 1 1629941 0.9 1.655849046073854
15393 1 2040524 0.9285714 1.1836960911750793
15394 1 2224183 0.95 3.1229080632328987
15395 1 8931 0.9285714 1.8129840027540922
15396 1 661215 0.9411765 1.7593560041859746
15397 1 2385173 0.9285714 0.8402729872614145
15398 1 758654 1.0 1.1304030194878578
15399 1 1845574 0.9444444 1.140172011218965
15400 1 1487143 0.94736844 1.2208950938656926
15401 1 83741 0.95 1.5725510893389583
15402 1 1500903 0.9285714 0.9961000178009272
15403 1 1727977 0.95 1.4181019505485892
15404 1 1645126 1.0 1.2853860389441252
15405 1 138871 0.9 1.844103098846972
15406 1 767599 0.9285714 2.542373025789857
15407 1 1968188 0.9375 2.105882973410189
15408 1 1847488 1.0 1.3183238916099072
15409 1 1957934 0.9 1.5192630235105753
15410 1 331204 0.8888889 1.1550870258361101
15411 1 1814662 0.94736844 1.237211050465703
15412 1 1690904 0.9411765 1.0445719817653298
15413 1 900032 0.9230769 0.7261269493028522
15414 1 27894 0.90909094 1.5482340240851045
15415 1 1633567 0.95 2.0693090045824647
15416 1 1830377 0.94736844 1.1585060274228454
15417 1 1962383 1.0 1.3661920092999935
15418 1 1436967 0.9411765 1.034565968438983
15419 1 1577922 0.9230769 0.6932970136404037
15420 1 1777356 0.9444444 0.9131539845839143
15421 1 1660061 1.0 0.8103708969429135
15422 1 923071 0.9411765 0.8511199848726392
15423 1 2358774 0.95 1.2621829519048333
15424 1 168251 0.9375 1.1190539225935936
15425 1 1156023 0.9166667 0.7091439329087734
15426 1 2213089 0.9444444 1.1023350525647402
15427 1 526209 0.94736844 1.275088987313211
15428 1 1156023 0.9166667 0.7043959340080619
15429 1 1962119 0.95 1.2539670569822192
15430 1 454901 1.0 1.0066709946841002
15431 1 1156023 0.9166667 0.7394310086965561
15432 1 1968252 1.0 1.302979071624577
15433 1 9336 0.94736844 1.0567199205979705
15434 1 894400 1.0 0.9249330032616854
15435 1 1968608 1.0 1.0253590298816562
15436 1 1635149 0.95 1.497745979577303
15437 1 1599216 0.9444444 1.0380030144006014
15438 1 1960760 1.0 0.7747929776087403
15439 1 157648 0.9411765 0.95281598623842
15440 1 8710 0.94736844 1.302966964431107
15441 1 8710 0.94736844 1.245992025360465
15442 1 1814662 0.94736844 1.5417310642078519
15443 1 1600953 0.94736844 2.6761930203065276
15444 1 1964134 0.9411765 0.9066190104931593
15445 1 296688 0.9444444 1.0293530067428946
15446 1 1399203 1.0 1.1469890596345067
15447 1 1036003 0.94736844 1.5379439573734999
15448 1 1136461 0.95 1.6025369986891747
15449 1 1965745 0.9444444 1.187770045362413
15450 1 1589562 0.9166667 0.8025739807635546
15451 1 1643964 1.0 1.1122149880975485
15452 1 617914 0.93333334 0.847441959194839
15453 1 27894 0.90909094 0.6726329447701573
15454 1 1707686 0.9444444 1.2502260506153107
15455 1 486334 0.9 1.474485034123063
15456 1 1416639 0.9411765 1.0597240179777145
15457 1 397906 0.93333334 0.7496920879930258
15458 1 1967209 0.90909094 0.6643390515819192
15459 1 1593170 0.8947368 1.6961779911071062
15460 1 880495 0.94736844 1.0892440332099795
15461 1 1777356 0.9444444 0.966644030995667
15462 1 1367765 0.9375 1.8865030724555254
15463 1 1860042 0.95 2.6443760143592954
15464 1 2019893 1.0 0.9149139514192939
15465 1 1734116 0.9285714 0.9139060275629163
15466 1 685030 1.0 1.7239009030163288
15467 1 1965904 1.0 0.9295640047639608
15468 1 1874201 0.95 1.393884071148932
15469 1 1779783 0.90909094 0.7285380270332098
15470 1 374769 0.94736844 1.231521018780768
15471 1 298870 0.9166667 2.109716064296663
15472 1 1799538 1.0 1.1695560533553362
15473 1 994259 0.9411765 0.881610088981688
15474 1 1925494 1.0 2.777358051389456
15475 1 104957 1.0 2.416214905679226
15476 1 434396 0.9444444 1.0163279948756099
15477 1 1841527 1.0 1.5343460254371166
15478 1 1961341 0.9166667 0.6665210239589214
15479 1 1724124 0.90909094 0.640182988718152
15480 1 2341773 0.9411765 0.882452935911715
15481 1 37622 1.0 0.6738390075042844
15482 1 1965678 1.0 0.8717519231140614
15483 1 1602917 0.9444444 1.2986980145797133
15484 1 1846954 0.94736844 1.2298120418563485
15485 1 1726154 0.9375 0.8723509963601828
15486 1 1966271 1.0 1.3240269618108869
15487 1 1725571 0.95 1.3548230053856969
15488 1 1136461 0.94736844 1.2757140211760998
15489 1 2040524 0.9285714 1.0634299833327532
15490 1 585195 1.0 0.7786300266161561
15491 1 168251 0.9375 1.0858209570869803
15492 1 1967854 0.90909094 0.7510639261454344
15493 1 1417237 0.9411765 1.1046159779652953
15494 1 1260472 1.0 1.8947490025311708
15495 1 1506165 0.94736844 1.419064006768167
15496 1 303440 0.8888889 1.1090859770774841
15497 1 1530970 0.95 1.5366219449788332
15498 1 56645 0.9285714 1.0225719306617975
15499 1 1965745 0.9444444 1.2102329637855291
15500 1 1507735 0.9444444 1.2481469893828034
15501 1 369119 0.9230769 1.1914980132132769
15502 1 1050366 1.0 1.5906289918348193
15503 1 1778311 1.0 1.0671979980543256
15504 1 87927 0.9444444 1.5873489901423454
15505 1 2131565 1.0 1.4993570512160659
15506 1 1830377 0.94736844 1.4777450123801827
15507 1 178283 1.0 1.07697700150311
15508 1 526209 0.94736844 1.4871220337226987
15509 1 1966271 1.0 1.420033979229629
15510 1 1156023 0.9166667 0.993737019598484
15511 1 1962833 0.9444444 1.232231967151165
15512 1 192929 0.9444444 1.404886948876083
15513 1 1503435 1.0 1.1087879538536072
15514 1 1964575 0.9166667 0.7483590161427855
15515 1 22269 0.9444444 1.5386040322482586
15516 1 1860792 0.9375 0.9489050135016441
15517 1 1860792 1.0 0.9885359322652221
15518 1 1602263 0.94736844 1.246586092747748
15519 1 1715940 0.93333334 0.9291209280490875
15520 1 1963246 0.93333334 0.8729191031306982
15521 1 141339 1.0 0.7507409900426865
15522 1 980621 1.0 1.398405060172081
15523 1 2213089 0.9444444 1.3462770730257034
15524 1 1073600 0.93333334 1.3314899988472462
15525 1 1967140 0.9375 0.9786710143089294
15526 1 1830377 0.94736844 1.2115780264139175
15527 1 168251 0.9375 1.2202610960230231
15528 1 1969286 0.9375 0.8703100029379129
15529 1 1689811 0.9285714 0.8278110763058066
15530 1 9336 0.94736844 1.2691689189523458
15531 1 2213089 1.0 1.1695920256897807
15532 1 1471218 0.94736844 1.4075279468670487
15533 1 1265209 1.0 0.7276709657162428
15534 1 1828915 0.9411765 1.9268200267106295
15535 1 1799538 1.0 0.7707389304414392
15536 1 1492778 0.95238096 1.6176160424947739
15537 1 1622849 0.9285714 0.7807519286870956
15538 1 161983 0.9375 0.839893938973546
15539 1 178281 0.90909094 0.7726700277999043
15540 1 1962119 0.95 1.3830490643158555
15541 1 279928 0.9444444 1.602675998583436
15542 1 160666 0.9285714 0.7343649631366134
15543 1 1209149 0.9411765 2.1724579855799675
15544 1 1778311 1.0 2.1436529932543635
15545 1 384771 0.9375 1.9039120525121689
15546 1 84377 0.9444444 1.3701210264116526
15547 1 1600959 0.95238096 3.21049802005291
15548 1 439256 0.9 1.0960070649161935
15549 1 1725616 0.95238096 1.5874940436333418
15550 1 1136461 0.94736844 1.2533720582723618
15551 1 1526942 0.93333334 0.8922719862312078
15552 1 1602691 0.9375 0.9050220251083374
15553 1 104957 1.0 0.8668550290167332
15554 1 1814662 0.94736844 1.3086390681564808
15555 1 138871 0.9 1.7230899538844824
15556 1 1854807 0.94736844 1.582865952514112
15557 1 1449623 0.94736844 1.3493639416992664
15558 1 1710034 0.95238096 1.7951689660549164
15559 1 1681895 0.93333334 0.8594669634476304
15560 1 1969579 0.9411765 1.0180969256907701
15561 1 1965678 1.0 0.9682429954409599
15562 1 1203291 0.9 1.5918799908831716
15563 1 27894 0.90909094 0.7849489338696003
15564 1 1854807 0.94736844 1.2866680044680834
15565 1 1125472 0.8947368 2.5934759760275483
15566 1 1577922 0.9230769 0.8714459836483002
15567 1 1630727 1.0 0.9817800018936396
15568 1 2219637 1.0 1.46605190820992
15569 1 1776609 0.94736844 1.4148170594125986
15570 1 2429242 0.9285714 1.078616944141686
15571 1 1744932 1.0 1.7618760466575623
15572 1 454901 1.0 1.3274219818413258
15573 1 1680903 0.94736844 1.379719004034996
15574 1 1125472 0.8888889 1.0301460279151797
15575 1 1651938 0.95238096 1.8701560329645872
15576 1 178281 0.90909094 0.8554910309612751
15577 1 1416639 0.9411765 0.9515669662505388
15578 1 881381 0.95 1.6540189972147346
15579 1 1605500 0.9444444 1.5032489318400621
15580 1 1125472 0.8947368 1.5096849529072642
15581 1 1400655 0.9444444 1.2075459817424417
15582 1 1778941 1.0 1.5543489716947079
15583 1 316124 0.94736844 1.5632390277460217
15584 1 833310 1.0 1.2301700189709663
15585 1 80247 0.9411765 1.0646010050550103
15586 1 1967535 1.0 1.3223889982327819
15587 1 1500903 0.9285714 1.589604071341455
15588 1 1186229 0.9 5.884252022951841
15589 1 1596691 0.96428573 5.553335999138653
15590 1 1299558 0.95238096 1.645126030780375
15591 1 746077 1.0 1.5917810378596187
15592 1 2012551 1.0 3.0475580133497715
15593 1 729611 0.92 3.0420670518651605
15594 1 1319482 0.9583333 2.476289984770119
15595 1 1268191 0.96666664 6.321909953840077
15596 1 1535506 0.93333334 6.172713008709252
15597 1 658235 0.9310345 5.47079392708838
15598 1 140692 1.0 1.5433679800480604
15599 1 1473676 0.95652175 2.251551952213049
15600 1 2270223 0.9285714 5.561058991588652
15601 1 1027606 0.90909094 2.116012037731707
15602 1 1145171 0.9259259 4.2301209177821875
15603 1 1778941 1.0 1.7579079139977694
15604 1 1223053 1.0 5.945782992057502
15605 1 1034438 0.96 3.187721944414079
15606 1 1765456 0.9583333 2.680488978512585
15607 1 569428 0.93333334 7.173917954787612
15608 1 817472 0.96153843 6.320621003396809
15609 1 598556 0.96428573 7.1026410441845655
15610 1 1679526 0.95238096 2.4734109174460173
15611 1 903839 1.0 3.1050590332597494
15612 1 1777384 0.96 4.350598086602986
15613 1 1961771 1.0 3.986758063547313
15614 1 654335 0.9259259 4.884978057816625
15615 1 598556 0.96428573 6.586570991203189
15616 1 881071 0.96666664 6.994826020672917
15617 1 236159 1.0 6.418731063604355
15618 1 1116821 0.90909094 2.9073309851810336
15619 1 1855246 0.9310345 6.963524967432022
15620 1 1615053 0.96153843 3.8452380103990436
15621 1 2199328 0.9583333 2.7086229529231787
15622 1 1540993 0.962963 4.816040047444403
15623 1 1225600 0.93333334 5.968563025817275
15624 1 1050283 0.9655172 6.587779032997787
15625 1 1141973 0.9583333 2.526035998016596
15626 1 515236 1.0 3.2139329705387354
15627 1 920699 0.9166667 2.453391905874014
15628 1 1782004 0.9047619 1.4620599104091525
15629 1 47729 0.9130435 2.422839985229075
15630 1 8439 0.9655172 5.569425993598998
15631 1 1071201 0.9655172 6.223703036084771
15632 1 2197095 1.0 2.23040406126529
15633 1 421257 0.96153843 3.478097030892968
15634 1 84245 0.9583333 2.5910059921443462
15635 1 1986919 0.9032258 6.369614042341709
15636 1 1624797 1.0 4.6844290336593986
15637 1 1243668 0.9285714 4.906420013867319
15638 1 2120130 0.9310345 6.131001049652696
15639 1 84245 0.9583333 2.605313085950911
15640 1 847316 0.9583333 2.778035937808454
15641 1 758852 0.9 6.6016619093716145
15642 1 1693367 0.9 6.153455004096031
15643 1 1034740 0.9310345 5.104948999360204
15644 1 2293444 0.96153843 3.914247965440154
15645 1 421257 0.96153843 6.72343501355499
15646 1 1326851 0.96428573 7.316809962503612
15647 1 1001310 0.92 3.054377972148359
15648 1 1450432 0.9285714 6.563308998011053
15649 1 1309399 0.96428573 5.954878986813128
15650 1 76860 0.96153843 4.307855968363583
15651 1 656852 0.9259259 5.486227921210229
15652 1 1487484 0.96428573 7.3401599656790495
15653 1 1463029 0.9655172 7.038685958832502
15654 1 1027606 0.95454544 5.042147007770836
15655 1 1781054 0.96 3.830502973869443
15656 1 1967847 1.0 3.5703449975699186
15657 1 2828 0.8965517 7.878204109147191
15658 1 1633089 0.9285714 8.156099007464945
15659 1 1442916 0.9166667 3.6077300319448113
15660 1 1444994 0.9130435 3.299275995232165
15661 1 2199774 1.0 3.3055979292839766
15662 1 182086 0.9310345 6.750920903868973
15663 1 1428680 0.95652175 2.6105159195140004
15664 1 1226311 0.95652175 2.5034729624167085
15665 1 1044421 0.95652175 2.527807024307549
15666 1 1426691 0.96428573 5.062876967713237
15667 1 1113565 0.9354839 7.659281953237951
15668 1 1461603 0.96428573 4.963023005984724
15669 1 1497984 0.962963 4.5531600480899215
15670 1 1586009 0.95454544 2.225554082542658
15671 1 1013428 0.93333334 6.25120394397527
15672 1 1546981 0.9677419 7.386056007817388
15673 1 1295990 0.9354839 7.111027021892369
15674 1 1628689 0.96666664 6.431446992792189
15675 1 1821352 0.95454544 2.467985963448882
15676 1 1016798 0.95454544 3.124212031252682
15677 1 1525433 0.96428573 4.841811023652554
15678 1 1457830 0.90909094 7.540544960647821
15679 1 838711 0.9655172 6.213753949850798
15680 1 1560001 0.96153843 3.31376597750932
15681 1 1617688 0.96666664 6.125482963398099
15682 1 1713625 0.95652175 2.260942943394184
15683 1 1728142 0.9583333 2.5156589690595865
15684 1 1964366 1.0 2.907057059928775
15685 1 1190177 0.95652175 2.3712849942967296
15686 1 648644 0.9285714 4.609642899595201
15687 1 1238086 0.96428573 4.6076750149950385
15688 1 1712095 0.9047619 2.074867021292448
15689 1 1170449 0.96666664 6.082760053686798
15690 1 1629537 0.95454544 2.1701150108128786
15691 1 1045155 0.9677419 7.442753994837403
15692 1 1935214 0.95652175 2.2056649904698133
15693 1 1002972 0.96 3.5329359816387296
15694 1 701215 1.0 4.27515001501888
15695 1 1139754 0.9655172 5.909850005991757
15696 1 1259226 0.96666664 6.562435068190098
15697 1 1557884 0.96 3.5996900405734777
15698 1 608182 0.95454544 2.351555973291397
15699 1 701215 0.96153843 3.681497066281736
15700 1 466955 0.96153843 3.68043000344187
15701 1 1080954 0.9259259 4.718703916296363
15702 1 1560677 1.0 6.172091001644731
15703 1 758852 0.9 6.83024397585541
15704 1 1068366 0.93333334 6.34573504794389
15705 1 1315737 0.9230769 3.6610079696401954
15706 1 301514 0.95 1.6054700827226043
15707 1 1463821 0.95454544 2.2145879920572042
15708 1 1497123 0.962963 7.7734889928251505
15709 1 1614495 0.96 3.1645670533180237
15710 1 258586 0.96 3.0198070453479886
15711 1 1200275 0.9 5.500236991792917
15712 1 1331572 0.9655172 5.525350919924676
15713 1 1253714 0.9655172 5.171361030079424
15714 1 434689 1.0 3.8420340279117227
15715 1 1963703 0.95652175 1.9736330723389983
15716 1 2200498 1.0 1.7750919796526432
15717 1 1586009 0.95454544 1.7255020793527365
15718 1 996238 0.9655172 6.07772299554199
15719 1 1713692 0.95652175 1.9719050033017993
15720 1 1720933 0.96666664 5.873031099326909
15721 1 1218920 0.95454544 1.9285778980702162
15722 1 1054279 0.96 2.9323080088943243
15723 1 1060743 0.9677419 6.471400964073837
15724 1 591325 0.95454544 1.8653470324352384
15725 1 160572 0.96153843 3.224406042136252
15726 1 1712993 0.9130435 2.1882379660382867
15727 1 845146 0.96666664 5.732377991080284
15728 1 1630189 0.962963 4.0234379703179
15729 1 548028 0.96428573 7.90252594742924
15730 1 1624167 0.96428573 5.324106081388891
15731 1 1910977 1.0 2.266446012072265
15732 1 561861 0.96666664 5.918844020925462
15733 1 1060665 0.9655172 6.381193990819156
15734 1 668785 0.9677419 6.480574025772512
15735 1 1970149 0.95454544 3.4851609962061048
15736 1 525220 0.962963 3.8494339678436518
15737 1 1105771 0.96153843 3.1656790524721146
15738 1 1713692 0.95652175 2.126864972524345
15739 1 1013428 0.96666664 7.90779001545161
15740 1 1855246 0.96428573 5.282624042592943
15741 1 1668646 0.9310345 5.477658938616514
15742 1 1594498 0.9259259 4.035506979562342
15743 1 1711149 0.9655172 5.880292970687151
15744 1 1186293 0.9677419 6.387276924215257
15745 1 742401 1.0 2.0525800064206123
15746 1 1243007 0.96666664 6.1016789404675364
15747 1 1464322 0.96428573 4.365027998574078
15748 1 539993 0.95454544 2.071568975225091
15749 1 1030734 0.9259259 3.8944859988987446
15750 1 982282 0.9583333 2.1478920243680477
15751 1 1198397 0.9655172 5.475435056723654
15752 1 1117175 0.9655172 5.794309894554317
15753 1 1986705 0.9166667 2.399877062998712
15754 1 577663 0.9032258 5.5113680427894
15755 1 1472166 0.9655172 5.897686001844704
15756 1 1634403 0.90909094 2.201374969445169
15757 1 1528125 0.96 3.4655160270631313
15758 1 1116916 0.92 3.099456080235541
15759 1 931536 0.96 3.023664001375437
15760 1 1719218 0.95454544 1.874991925433278
15761 1 1136461 0.95 1.582600991241634
15762 1 1179991 0.9310345 5.430749035440385
15763 1 1557884 0.92 3.0291080474853516
15764 1 326888 0.95454544 1.9668849417939782
15765 1 643010 0.95238096 3.37279902305454
15766 1 737940 0.93333334 5.943864001892507
15767 1 954221 0.96153843 3.9683120558038354
15768 1 431020 0.96153843 4.181587020866573
15769 1 1085588 0.9354839 6.114435032941401
15770 1 1217008 0.96666664 6.046672002412379
15771 1 1779002 0.9047619 2.0800100173801184
15772 1 571488 0.9032258 6.060583982616663
15773 1 2029591 0.9130435 2.2034519352018833
15774 1 26711 1.0 3.2334061106666923
15775 1 1586009 0.95454544 1.8658989574760199
15776 1 664447 0.9 5.426886957138777
15777 1 556891 0.96 2.767494064755738
15778 1 1151131 0.9655172 5.212482064962387
15779 1 1179306 0.96 3.4355749376118183
15780 1 693103 0.9166667 2.445079036988318
15781 1 1257656 1.0 4.305744078010321
15782 1 1106227 0.92 2.9367180541157722
15783 1 1653301 0.96 3.198152990080416
15784 1 866913 0.9583333 2.3393320152536035
15785 1 479084 0.93333334 6.587494979612529
15786 1 2197095 0.9130435 2.1741280797868967
15787 1 172498 0.96153843 4.2054589139297605
15788 1 813134 0.962963 3.9106259355321527
15789 1 2374981 0.95454544 1.7870439914986491
15790 1 169252 1.0 1.823464990593493
15791 1 659387 0.9166667 2.1726039703935385
15792 1 1852803 1.0 2.9566400917246938
15793 1 603605 0.9677419 6.127689965069294
15794 1 95231 1.0 1.8257920164614916
15795 1 608182 0.90909094 1.8628999823704362
15796 1 1464538 0.9285714 4.246605094522238
15797 1 1192132 0.96666664 5.959645030088723
15798 1 1667013 0.95454544 1.8370801117271185
15799 1 449338 1.0 3.8602619897574186
15800 1 1531232 0.9310345 4.639514023438096
15801 1 1446197 0.9166667 2.4792300537228584
15802 1 1403615 0.962963 4.562989925034344
15803 1 494248 0.95238096 3.3972819801419973
15804 1 1707502 0.92 6.475663976743817
15805 1 1966976 0.9 1.9615660421550274
15806 1 1483326 0.96428573 4.521494964137673
15807 1 547492 0.96666664 6.126368069089949
15808 1 1140938 0.95652175 2.1936900448054075
15809 1 1409624 0.95652175 2.2483289940282702
15810 1 45484 0.9230769 3.7417480489239097
15811 1 1935214 0.95652175 2.2355238907039165
15812 1 1107880 0.96153843 4.315249971114099
15813 1 1005074 0.9259259 4.231738043017685
15814 1 1462439 0.9655172 5.605075042694807
15815 1 1855246 0.96428573 5.589629989117384
15816 1 2468811 0.9583333 2.5045060319826007
15817 1 2254538 0.95454544 2.0335731096565723
15818 1 1027606 0.95238096 1.6915749292820692
15819 1 1036021 0.9677419 6.761100026778877
15820 1 1557884 0.96 3.461378044448793
15821 1 1034438 0.96 3.1135539757087827
15822 1 570509 0.962963 4.65207698289305
15823 1 820907 0.9655172 6.062609958462417
15824 1 1597725 0.9310345 5.119975074194372
15825 1 1523181 0.9 6.122358958236873
15826 1 1050535 0.96666664 6.545786978676915
15827 1 1475972 0.96428573 4.734160960651934
15828 1 1688649 0.9655172 6.312562967650592
15829 1 1171804 0.962963 4.513230989687145
15830 1 856979 0.9677419 6.926736095920205
15831 1 1186293 0.9354839 7.675857981666923
15832 1 1422995 0.93333334 5.858864984475076
15833 1 1451503 0.9677419 6.913268007338047
15834 1 1440953 0.93333334 6.242171977646649
15835 1 857948 0.9032258 6.487861042842269
15836 1 1855246 0.9310345 6.133079994469881
15837 1 1591428 0.95652175 2.181838033720851
15838 1 1305062 1.0 3.9691999554634094
15839 1 1966324 0.962963 3.8445089012384415
15840 1 1201015 0.95454544 1.851608045399189
15841 1 366782 1.0 5.626471946015954
15842 1 1060494 0.9583333 4.65857598464936
15843 1 1421553 0.962963 3.883801051415503
15844 1 1935214 0.95652175 2.1243580849841237
15845 1 646206 0.962963 3.969538025557995
15846 1 562424 0.96 2.842579036951065
15847 1 331072 0.90909094 2.264864044263959
15848 1 1116916 0.9583333 2.3240920854732394
15849 1 1687730 0.96428573 5.221133935265243
15850 1 1714727 0.95 1.4242390170693398
15851 1 89124 0.95238096 3.3726319670677185
15852 1 1390870 0.96 2.914585988037288
15853 1 671209 0.9583333 2.4969939840957522
15854 1 1963703 0.95652175 2.0200699800625443
15855 1 838711 0.9655172 5.907592945732176
15856 1 559054 0.95 1.3986780541017652
15857 1 999226 0.96 3.272533998824656
15858 1 1586008 0.95238096 1.4990050112828612
15859 1 1672302 0.96666664 5.776893929578364
15860 1 1776670 0.96153843 3.2839119667187333
15861 1 1781054 0.96 2.9678060673177242
15862 1 476624 0.9677419 6.6755039151757956
15863 1 2259672 1.0 1.139311003498733
15864 1 1050283 0.9 6.499084993265569
15865 1 1551623 0.95454544 2.1651030983775854
15866 1 444069 0.9230769 3.048282931558788
15867 1 1964481 0.90909094 2.2590960143134
15868 1 1040177 0.96 3.094761981628835
15869 1 1116916 0.92 3.152964054606855
15870 1 1086131 0.93333334 5.36019797436893
15871 1 858751 0.962963 3.92122904304415
15872 1 1294141 0.9310345 6.2000780599191785
15873 1 1206619 0.9259259 4.073114017955959
15874 1 833811 0.9655172 5.2108700620010495
15875 1 828756 0.962963 4.06830501742661
15876 1 2018856 1.0 3.238387987948954
15877 1 76860 0.96153843 3.1421619933098555
15878 1 1456742 0.95652175 2.214384963735938
15879 1 630973 0.9583333 3.0438749818131328
15880 1 25980 0.962963 4.451064975000918
15881 1 1679526 0.95238096 2.144139027222991
15882 1 1439798 0.95652175 2.4418450193479657
15883 1 1269010 0.96153843 4.358583013527095
15884 1 1517132 0.96428573 4.6287860022857785
15885 1 190548 1.0 2.9123490676283836
15886 1 617912 0.9130435 2.1833230275660753
15887 1 2197094 1.0 3.8677470292896032
15888 1 647694 1.0 1.2874900130555034
15889 1 1712387 0.95454544 2.092882990837097
15890 1 573286 0.96 3.0466680182144046
15891 1 29832 1.0 2.408981090411544
15892 1 33508 1.0 1.8261729273945093
15893 1 1176322 0.9166667 2.194622065871954
15894 1 531452 0.95238096 2.0000400254502892
15895 1 1487073 0.96428573 5.673191975802183
15896 1 987581 0.96428573 4.397785989567637
15897 1 1712800 0.96153843 3.2412050059065223
15898 1 1321434 0.9032258 6.0393179301172495
15899 1 1616722 0.96153843 3.2078709919005632
15900 1 1855900 0.96428573 5.384544958360493
15901 1 1052632 0.962963 4.439215990714729
15902 1 1756996 0.95652175 2.0747469970956445
15903 1 1382094 0.96428573 5.415532039478421
15904 1 371681 0.9583333 3.065511933527887
15905 1 1059741 0.96153843 3.3546769991517067
15906 1 1477532 0.9047619 1.4388050185516477
15907 1 1586009 0.95454544 2.026141039095819
15908 1 1067033 0.9583333 2.336311968974769
15909 1 1413946 1.0 5.425630020909011
15910 1 851467 0.9310345 5.639493931084871
15911 1 1448983 0.9583333 2.3736889706924558
15912 1 1205592 0.9655172 5.50145108718425
15913 1 1500622 0.96153843 3.2891309820115566
15914 1 459686 0.96153843 4.031741060316563
15915 1 1363744 1.0 4.002190078608692
15916 1 1974028 0.9032258 6.041941000148654
15917 1 1424355 0.9655172 5.89093507733196
15918 1 1628689 0.96666664 5.362643976695836
15919 1 1776605 0.95238096 1.386543968692422
15920 1 301514 0.95 1.344188000075519
15921 1 1244972 1.0 5.157593986950815
15922 1 1778683 0.93333334 6.088272086344659
15923 1 411410 0.9310345 5.127075011841953
15924 1 1014333 0.96 3.1111619900912046
15925 1 1688649 0.9655172 5.663770949468017
15926 1 484790 0.96153843 6.306712981313467
15927 1 1027606 0.95238096 2.8044190257787704
15928 1 1797188 0.962963 3.7633590400218964
15929 1 630817 0.962963 4.09033999312669
15930 1 1102178 0.9655172 5.564349004998803
15931 1 2409256 0.95454544 1.806912012398243
15932 1 1161805 1.0 4.0631009032949805
15933 1 40169 1.0 3.6030770279467106
15934 1 1966956 1.0 2.038459060713649
15935 1 1800865 0.9583333 2.672297996468842
15936 1 1138031 0.96666664 5.391345010139048
15937 1 2329881 1.0 2.6733200065791607
15938 1 960372 0.95454544 1.8555429996922612
15939 1 1100131 0.962963 4.171126987785101
15940 1 1420281 0.96666664 5.387548008002341
15941 1 659387 0.9583333 2.698110998608172
15942 1 1968473 1.0 2.9244599863886833
15943 1 2123063 0.9310345 5.231654038652778
15944 1 1779782 0.96153843 3.142778994515538
15945 1 1989217 1.0 3.2120189862325788
15946 1 67952 0.96 3.0156340217217803
15947 1 498688 1.0 2.149935928173363
15948 1 573286 0.96 2.7450640918686986
15949 1 817935 0.96666664 8.10986792203039
15950 1 1693006 1.0 4.35315805952996
15951 1 1524714 0.9655172 5.098613095469773
15952 1 661716 0.9130435 2.0479930099099874
15953 1 1234314 0.9655172 5.154495942406356
15954 1 399485 0.94736844 1.2502609752118587
15955 1 1586012 0.95238096 1.3984889956191182
15956 1 1638135 0.9130435 2.0363490330055356
15957 1 1276150 0.9655172 5.14875294174999
15958 1 446553 0.9047619 1.6644620336592197
15959 1 1986705 0.9166667 2.236605971120298
15960 1 1634403 0.90909094 1.916134962812066
15961 1 1105431 0.9655172 4.977707983925939
15962 1 1352271 0.96666664 5.45370695181191
15963 1 1348973 0.9230769 3.1054269056767225
15964 1 951174 0.9 5.123820970766246
15965 1 1349332 0.95238096 1.749232062138617
15966 1 1111425 0.962963 4.081413964740932
15967 1 1179991 0.9655172 5.504600005224347
15968 1 1779002 0.9047619 1.941357972100377
15969 1 1141925 0.96428573 4.924315959215164
15970 1 856272 0.92 2.7643650537356734
15971 1 1439798 0.95652175 2.1613859571516514
15972 1 234680 0.9285714 4.953415947966278
15973 1 1229577 0.94736844 1.2901379959657788
15974 1 1040120 0.9130435 2.1802319679409266
15975 1 1569512 0.9259259 3.8062710082158446
15976 1 1088289 0.96153843 3.018665942363441
15977 1 1314947 1.0 1.9047840032726526
15978 1 1243668 0.96428573 4.997452953830361
15979 1 598607 0.95652175 2.1501360461115837
15980 1 562424 0.92 2.207923913374543
15981 1 529761 0.96428573 4.171394044533372
15982 1 1442916 0.95652175 1.9307920010760427
15983 1 1125332 0.96 2.963955979794264
15984 1 1028504 0.96 2.648215042427182
15985 1 1885125 0.9310345 4.285388975404203
15986 1 1426026 0.962963 3.5434080054983497
15987 1 1177650 1.0 5.07530989125371
15988 1 232426 0.8888889 0.9861269500106573
15989 1 1938482 1.0 2.6345079531893134
15990 1 1707197 0.96666664 5.4515639785677195
15991 1 2054632 0.962963 4.194263950921595
15992 1 446724 0.9032258 5.732013960368931
15993 1 1500516 0.8965517 4.345554974861443
15994 1 559471 0.95652175 2.1698849741369486
15995 1 255654 0.96 3.7527739768847823
15996 1 2423641 0.9655172 5.039546056650579
15997 1 301514 0.95 1.278797979466617
15998 1 1202762 0.9285714 6.32618903182447
15999 1 1471293 0.93333334 5.574097973294556
16000 1 1406241 0.962963 3.677677013911307
16001 1 1040759 0.96 3.04863799829036
16002 1 641578 0.9583333 2.162446966394782
16003 1 1167160 0.9354839 5.372449988499284
16004 1 985133 0.9310345 4.126504994928837
16005 1 1107880 0.96153843 3.825802938081324
16006 1 123024 0.9032258 5.903957993723452
16007 1 1855246 0.9310345 5.561579950153828
16008 1 1679526 0.95238096 1.7595370300114155
16009 1 1043238 0.962963 4.132337053306401
16010 1 1502733 1.0 2.797089982777834
16011 1 552909 0.9166667 1.9728729967027903
16012 1 845778 0.8965517 4.278143052943051
16013 1 1574461 0.962963 3.857680014334619
16014 1 1514149 0.9655172 5.599659052677453
16015 1 1535964 1.0 4.227139987051487
16016 1 2197093 0.9259259 3.1099990010261536
16017 1 1218920 0.95454544 1.653798040933907
16018 1 1508357 0.9166667 2.1720619406551123
16019 1 1016659 0.9583333 3.3609650563448668
16020 1 1667013 0.95454544 1.9884309731423855
16021 1 1054279 0.96 2.9153909999877214
16022 1 1658262 0.92 2.869287971407175
16023 1 1574886 0.9 5.551912006922066
16024 1 1358976 0.9655172 5.075442953966558
16025 1 569276 0.9032258 5.504413973540068
16026 1 1653226 0.962963 4.317066981457174
16027 1 1146255 0.962963 4.11624601110816
16028 1 559471 0.9130435 2.0185679895803332
16029 1 2120262 0.95454544 1.7551720375195146
16030 1 1413946 1.0 5.022566998377442
16031 1 11336 0.962963 3.6789410514757037
16032 1 1414756 0.9677419 6.0644629411399364
16033 1 891254 0.96666664 5.333247012458742
16034 1 666976 0.95454544 1.9231769256293774
16035 1 616272 0.93333334 5.606882041320205
16036 1 1034438 0.92 2.226487034931779
16037 1 1364461 0.9 1.474516000598669
16038 1 447972 1.0 3.0167619697749615
16039 1 1666996 0.96666664 5.509010050445795
16040 1 2197093 0.962963 3.735276055522263
16041 1 1439798 0.95652175 2.073558047413826
16042 1 1304128 1.0 4.990061977878213
16043 1 1188538 0.96666664 5.442437017336488
16044 1 1779002 0.9047619 2.2660980466753244
16045 1 1658262 0.96 3.0297510093078017
16046 1 1781928 0.962963 3.834737930446863
16047 1 613644 0.96428573 5.428328993730247
16048 1 1052980 0.96428573 4.409143002703786
16049 1 1117442 0.9310345 4.522126982919872
16050 1 1646316 0.96 2.8861290775239468
16051 1 1020420 0.96 3.03230294957757
16052 1 1989401 0.9655172 5.332765984348953
16053 1 1107880 0.96153843 3.9323109667748213
16054 1 1488684 0.96666664 5.700960988178849
16055 1 1505870 0.9285714 4.53587993979454
16056 1 838110 0.90625 6.49136200081557
16057 1 1738899 1.0 2.9897670028731227
16058 1 181672 0.96 2.8037939919158816
16059 1 94468 1.0 1.2678810162469745
16060 1 1186967 0.96428573 4.2364890687167645
16061 1 1036021 0.9354839 6.149422028101981
16062 1 368691 0.9677419 6.989481044001877
16063 1 1800734 0.93333334 8.770770044066012
16064 1 576553 0.96 3.9536020485684276
16065 1 1424307 0.93333334 5.528943962417543
16066 1 1223194 0.96428573 4.393880954012275
16067 1 26580 1.0 2.7961990563198924
16068 1 1628536 0.95454544 1.8357670633122325
16069 1 1353787 1.0 3.2018159981817007
16070 1 622494 0.9259259 3.2284039771184325
16071 1 1441358 0.96428573 5.623312899842858
16072 1 2434185 0.9047619 1.4297380112111568
16073 1 1156519 0.9230769 3.256429103203118
16074 1 1655156 0.962963 3.804126987233758
16075 1 1101579 0.962963 3.764824941754341
16076 1 918554 0.95454544 1.7504309071227908
16077 1 1484892 0.9032258 5.3211270133033395
16078 1 1100131 0.9259259 3.8392230635508895
16079 1 1544341 0.96 2.8272380586713552
16080 1 1157822 0.8965517 4.46438801009208
16081 1 1962104 0.95454544 1.9902699859812856
16082 1 1633663 0.9 5.404928000643849
16083 1 1629191 0.96428573 5.26624103076756
16084 1 816293 0.9285714 6.608187919482589
16085 1 2199327 0.96153843 3.3952640369534492
16086 1 1460129 0.96666664 5.795941106043756
16087 1 1490206 0.96428573 4.63670096360147
16088 1 601749 0.8974359 12.59088097140193
16089 1 1129360 0.93333334 6.294553983025253
16090 1 1053366 0.94871795 12.481129029765725
16091 1 1258681 0.9375 7.310966029763222
16092 1 483940 0.9722222 10.687191970646381
16093 1 1488759 0.9736842 11.318302946165204
16094 1 823560 0.9722222 10.372971068136394
16095 1 2038469 1.0 10.494731017388403
16096 1 1178347 0.9722222 9.948199964128435
16097 1 2371103 0.96666664 5.607784958556294
16098 1 1468454 1.0 8.405250031501055
16099 1 1204159 0.974359 12.245128978975117
16100 1 1111882 0.9166667 9.929592022672296
16101 1 1468069 0.9 11.694145039655268
16102 1 1017956 0.94871795 12.628817930817604
16103 1 1428659 0.9722222 10.710258968174458
16104 1 1535506 0.96666664 6.086261011660099
16105 1 1097487 0.90625 6.714624003507197
16106 1 807384 0.9411765 9.541822015307844
16107 1 262298 0.90625 8.352989912964404
16108 1 1484093 0.9714286 9.75024199578911
16109 1 2039590 0.8947368 11.406010016798973
16110 1 1458231 0.9655172 5.188914015889168
16111 1 1403111 0.9714286 10.535005014389753
16112 1 1057981 0.96666664 6.741852033883333
16113 1 1623201 0.969697 8.280716952867806
16114 1 1102268 0.9444444 10.880348039790988
16115 1 399631 0.9705882 8.946581976488233
16116 1 1233636 0.8947368 13.126289937645197
16117 1 1666275 0.9142857 9.051552042365074
16118 1 622308 0.9354839 6.273552076891065
16119 1 2069008 0.9268293 13.163547031581402
16120 1 1177269 0.9 13.27056996524334
16121 1 1470969 0.972973 10.949095012620091
16122 1 1004400 0.96875 7.241804036311805
16123 1 1182661 0.9444444 10.649404022842646
16124 1 1086789 0.8974359 11.20308693498373
16125 1 1624641 0.9677419 6.110474932938814
16126 1 1403134 0.9677419 6.226773024536669
16127 1 1340121 1.0 9.299158002249897
16128 1 447315 0.9655172 5.29397395439446
16129 1 1698288 0.90625 6.796970032155514
16130 1 1335903 0.94871795 12.558007962070405
16131 1 1799388 0.9166667 9.57228196784854
16132 1 2038469 1.0 10.804409044794738
16133 1 1073349 0.9714286 9.455256047658622
16134 1 995212 0.96666664 5.620409036055207
16135 1 1535506 0.96666664 6.256792927160859
16136 1 1190117 0.9722222 11.027727974578738
16137 1 849423 0.94871795 12.14001898188144
16138 1 2010495 0.9268293 15.09860495571047
16139 1 551988 0.8918919 12.893338920548558
16140 1 1082881 0.9722222 10.510394000448287
16141 1 469601 0.96666664 6.334108067676425
16142 1 1639905 0.9736842 11.786415008828044
16143 1 365542 0.9705882 9.041031007654965
16144 1 1469158 0.9677419 6.286574061959982
16145 1 986308 0.96875 7.803143002092838
16146 1 1121959 0.9677419 7.4601409723982215
16147 1 661904 0.93333334 5.938627989962697
16148 1 1827104 0.9655172 5.863263038918376
16149 1 1080470 0.96875 8.116472978144884
16150 1 1425140 1.0 7.953764055855572
16151 1 985267 0.96666664 6.49253698065877
16152 1 1412466 0.9677419 6.521706003695726
16153 1 64396 0.9375 7.7428859658539295
16154 1 2012548 0.9411765 8.022225927561522
16155 1 816337 0.969697 9.674560045823455
16156 1 2052413 0.9714286 10.115790064446628
16157 1 1480310 0.96875 7.5525410939008
16158 1 535180 0.94871795 13.11512605752796
16159 1 1246676 0.972973 12.040436966344714
16160 1 914481 0.9459459 11.14859792869538
16161 1 1123967 0.9166667 11.553787044249475
16162 1 627166 0.9166667 10.327080031856894
16163 1 1031451 0.962963 3.971064928919077
16164 1 618753 0.9736842 12.805551057681441
16165 1 1559953 0.9677419 6.3305089715868235
16166 1 1283086 0.972973 12.557718087919056
16167 1 1457319 1.0 11.954004992730916
16168 1 991119 0.9459459 11.795912054367363
16169 1 1664822 1.0 8.133978000842035
16170 1 1867202 0.8947368 11.514561017975211
16171 1 1482105 0.9714286 10.55329293012619
16172 1 995184 0.9459459 10.817215079441667
16173 1 681004 0.9705882 8.955209981650114
16174 1 1566120 0.9677419 6.349667091853917
16175 1 849970 0.9677419 6.41368399374187
16176 1 1558662 0.96875 7.288158987648785
16177 1 1789379 0.925 12.257165974006057
16178 1 1135946 0.9032258 6.774139008484781
16179 1 1080656 0.9 12.442330014891922
16180 1 773892 0.9714286 10.653633042238653
16181 1 1449555 0.9375 7.810543058440089
16182 1 1205015 0.94736844 12.04865996260196
16183 1 138579 0.96428573 4.5930619817227125
16184 1 1799195 1.0 4.4205369194969535
16185 1 1765557 0.9756098 13.74170696362853
16186 1 1167002 0.9189189 12.28896202519536
16187 1 1053366 0.94871795 13.005667948164046
16188 1 399383 0.94285715 9.804293978959322
16189 1 1084242 0.969697 8.080024039372802
16190 1 173273 0.969697 9.407728095538914
16191 1 1199484 0.96875 7.349307066760957
16192 1 1404641 0.90909094 10.14108001254499
16193 1 1512951 0.9166667 11.96369098033756
16194 1 855628 0.9375 8.361847954802215
16195 1 1284119 0.9230769 12.224638951011002
16196 1 631392 0.9705882 10.143698891624808
16197 1 1406274 0.9655172 5.573981907218695
16198 1 868525 1.0 9.299654979258776
16199 1 2054667 0.94736844 12.31882895808667
16200 1 1471326 0.969697 8.109390968456864
16201 1 1201906 0.9677419 6.749619031324983
16202 1 1073746 0.9677419 8.068263996392488
16203 1 1352332 0.9230769 13.732361025176942
16204 1 1190424 0.9189189 12.023392016999424
16205 1 1176917 0.9444444 12.634971993975341
16206 1 182850 0.9375 6.815170054323971
16207 1 555731 0.9677419 8.067457005381584
16208 1 1493442 0.9722222 11.434781015850604
16209 1 1056783 0.8918919 12.955350917764008
16210 1 610442 0.9714286 10.461911093443632
16211 1 1476094 0.8974359 14.710029005073011
16212 1 1639905 0.9736842 15.718137030489743
16213 1 1634603 0.9411765 9.670694009400904
16214 1 1378327 0.902439 16.61968301050365
16215 1 1134571 0.96875 10.321566951461136
16216 1 1233636 1.0 10.946023976430297
16217 1 850208 0.9714286 11.500186985358596
16218 1 1119023 0.9411765 10.185655090026557
16219 1 1062427 0.9354839 7.129973964765668
16220 1 1043076 0.902439 14.399560051970184
16221 1 1664280 0.9166667 10.822189040482044
16222 1 1636134 0.969697 8.697699988260865
16223 1 1032701 0.9722222 12.139730039052665
16224 1 994274 0.969697 8.5732729639858
16225 1 1979698 0.8965517 5.241905921138823
16226 1 1284934 0.969697 8.77464294899255
16227 1 1339818 0.9714286 11.547114001587033
16228 1 1462820 0.9032258 7.9586609499529
16229 1 1132835 0.9 13.391813030466437
16230 1 1139424 0.972973 12.290113023482263
16231 1 1160542 0.8947368 13.571444898843765
16232 1 1986402 0.8974359 12.935709091834724
16233 1 1246676 0.972973 13.385424972511828
16234 1 1069458 0.9705882 9.522057021968067
16235 1 1161132 0.962963 4.5872770715504885
16236 1 1803429 0.9354839 6.655092001892626
16237 1 1195154 0.969697 8.125868043862283
16238 1 1035073 0.969697 8.258439018391073
16239 1 1444039 0.9459459 12.223562924191356
16240 1 1176128 0.94736844 12.322488008067012
16241 1 1599166 1.0 6.5028429962694645
16242 1 782665 0.94736844 13.152800966054201
16243 1 174335 0.90625 7.731029996648431
16244 1 1007165 0.9375 7.85511895082891
16245 1 1558662 0.96875 7.773768971674144
16246 1 1515538 0.9655172 5.82139496691525
16247 1 1470517 0.9714286 10.550169041380286
16248 1 1009192 0.9268293 13.615530100651085
16249 1 1558828 0.96666664 6.270084995776415
16250 1 1451664 0.9677419 7.602019933983684
16251 1 229513 0.9714286 10.946624097414315
16252 1 19682 0.975 14.236676041036844
16253 1 240855 0.9117647 9.521086933091283
16254 1 552788 0.9714286 10.83119004033506
16255 1 1255258 1.0 10.534842032939196
16256 1 1452782 0.9714286 9.790829964913428
16257 1 183425 0.96875 7.594279013574123
16258 1 979798 0.9166667 9.972412954084575
16259 1 1087051 0.9 11.831157957203686
16260 1 1422792 0.9722222 10.859331930987537
16261 1 532672 0.8965517 4.923993023112416
16262 1 1778368 0.9354839 6.5108370035886765
16263 1 1016090 1.0 7.363070966675878
16264 1 1506021 0.9230769 13.115123030729592
16265 1 672418 0.974359 13.109456049278378
16266 1 1471468 0.9166667 10.413769050501287
16267 1 1724751 0.972973 12.198647018522024
16268 1 805967 0.9714286 10.228484054096043
16269 1 1545506 0.96875 8.368781069293618
16270 1 1419815 0.9459459 11.729457066394389
16271 1 2998 0.9142857 9.782254928722978
16272 1 1153108 0.9512195 13.780594919808209
16273 1 1484802 0.9444444 10.864635929465294
16274 1 1196912 0.969697 8.055540034547448
16275 1 477121 0.9117647 9.608471998944879
16276 1 2087782 0.9677419 7.74339702911675
16277 1 1337366 1.0 9.187172050587833
16278 1 555083 0.8947368 12.618698994629085
16279 1 1428659 0.9722222 11.150737991556525
16280 1 857199 0.96875 7.528480957262218
16281 1 264718 0.92105263 11.314880917780101
16282 1 1545487 0.9142857 9.865100961178541
16283 1 31991 0.969697 8.221048978157341
16284 1 1051718 0.90697676 14.27931897342205
16285 1 1455243 0.9230769 12.570774066261947
16286 1 999478 0.9166667 10.073571000248194
16287 1 591804 0.9047619 14.165867934934795
16288 1 1549582 0.96666664 7.081419927999377
16289 1 1292160 0.9677419 6.683147046715021
16290 1 1161376 0.9411765 10.440964950248599
16291 1 983557 0.974359 13.024853076785803
16292 1 1624610 0.9705882 9.58340393844992
16293 1 924602 0.9411765 8.201197953894734
16294 1 1668035 0.9655172 5.525768967345357
16295 1 1544485 0.9375 7.551095099188387
16296 1 1147164 0.9714286 9.82517993543297
16297 1 1217627 0.969697 8.095677010715008
16298 1 1199484 0.96875 7.534578908234835
16299 1 1259174 0.9677419 6.406828993931413
16300 1 1520479 0.9722222 11.48824708070606
16301 1 1353587 0.9166667 9.493228048086166
16302 1 1471468 0.9722222 11.423854972235858
16303 1 1178271 0.9722222 10.497089009732008
16304 1 1434609 0.902439 14.791478984989226
16305 1 1627022 0.9677419 7.128472090698779
16306 1 1496133 0.9375 7.066766964271665
16307 1 1414619 0.9714286 18.451089970767498
16308 1 1292605 0.9722222 25.12536500580609
16309 1 1075592 0.969697 15.944744925945997
16310 1 1233046 0.9655172 13.526748982258141
16311 1 672418 0.974359 28.4720859490335
16312 1 1071658 0.8947368 19.673418952152133
16313 1 1707001 0.9677419 8.756515104323626
16314 1 1367067 1.0 14.661462046205997
16315 1 1664059 0.9166667 14.213693095371127
16316 1 1531274 0.9722222 15.67711599636823
16317 1 1292091 0.9756098 18.926065997220576
16318 1 1356740 0.96666664 7.634965004399419
16319 1 1526119 0.925 20.767531008459628
16320 1 501311 0.969697 11.672386899590492
16321 1 1105436 0.925 17.032252973876894
16322 1 381294 0.90909094 9.627092978917062
16323 1 1853846 0.9117647 10.609754943288863
16324 1 1452629 0.9705882 11.14053197670728
16325 1 1195248 0.96428573 5.432215053588152
16326 1 858994 0.9268293 18.419175990857184
16327 1 1140615 0.9722222 13.071688008494675
16328 1 1430759 0.969697 9.918925003148615
16329 1 1182752 0.9655172 6.916474085301161
16330 1 500576 0.96666664 6.693379022181034
16331 1 1201072 0.92105263 13.619147008284926
16332 1 1468432 0.9166667 12.810643063858151
16333 1 1441484 1.0 9.497278952039778
16334 1 867888 1.0 6.061660009436309
16335 1 551916 0.92105263 15.18335600849241
16336 1 545494 0.9714286 12.36535597126931
16337 1 1460143 0.9705882 11.006181943230331
16338 1 837331 0.9677419 7.266815984621644
16339 1 2094506 0.9230769 13.970075990073383
16340 1 2077403 0.94285715 10.804616031236947
16341 1 1405556 0.969697 8.893192978575826
16342 1 569722 0.9411765 10.170784080401063
16343 1 1104170 0.9705882 9.805580950342119
16344 1 1102436 1.0 6.702528917230666
16345 1 1446286 0.9705882 8.993370924144983
16346 1 1650429 0.9677419 6.272680009715259
16347 1 1931389 0.9677419 6.234540021978319
16348 1 1356740 0.93333334 5.223966087214649
16349 1 952592 0.9230769 12.47815799433738
16350 1 1605285 0.9736842 12.038905988447368
16351 1 1068624 0.93333334 6.841255002655089
16352 1 1650536 0.9375 8.596780011430383
16353 1 1215312 0.974359 13.453855994157493
16354 1 182226 0.96875 7.403697003610432
16355 1 1070474 0.9714286 9.705442003905773
16356 1 1550511 0.9677419 6.680549937300384
16357 1 1414313 0.96875 7.188186980783939
16358 1 1297083 0.9142857 9.854056988842785
16359 1 1138557 0.972973 11.043348931707442
16360 1 1005184 0.9411765 9.001243044622242
16361 1 1132931 0.96875 7.225488079711795
16362 1 239355 0.96666664 5.5456210393458605
16363 1 1620249 0.8974359 11.991120991297066
16364 1 1198082 0.9166667 11.170580983161926
16365 1 654191 0.9375 7.146519026719034
16366 1 1301611 1.0 4.790361039340496
16367 1 1387204 0.969697 7.1548010455444455
16368 1 1077783 0.9444444 9.059734060429037
16369 1 1433081 0.9032258 5.482064094394445
16370 1 250946 0.9705882 8.076507016085088
16371 1 1388564 0.969697 7.9756699269637465
16372 1 2048158 0.9375 5.717466934584081
16373 1 2019446 0.9375 8.005141979083419
16374 1 822667 0.9677419 5.89812092948705
16375 1 822360 1.0 8.136860094964504
16376 1 2075144 0.96666664 8.155326009728014
16377 1 1229751 0.9677419 5.462019005790353
16378 1 1358111 1.0 9.506736998446286
16379 1 1118929 0.92105263 10.378977051004767
16380 1 1341796 0.9166667 10.432073031552136
16381 1 121587 0.9459459 9.931253967806697
16382 1 1016090 1.0 6.980651989579201
16383 1 1025000 0.9230769 11.691197054460645
16384 1 437947 0.93939394 7.41114595439285
16385 1 1247426 0.9117647 7.323903031647205
16386 1 1485003 0.9655172 5.082375952042639
16387 1 858279 1.0 9.547388995997608
16388 1 1003329 0.8974359 12.462262995541096
16389 1 1455087 0.974359 11.08077506069094
16390 1 823398 1.0 5.386459059081972
16391 1 1087482 0.9032258 5.267841974273324
16392 1 1114568 0.9189189 9.79042996186763
16393 1 1694896 0.9444444 10.77890396118164
16394 1 1170652 0.9459459 11.738107074052095
16395 1 850072 0.9268293 14.39415302593261
16396 1 1430320 0.96666664 6.4083850011229515
16397 1 1100058 0.9375 7.371415966190398
16398 1 1186899 0.94736844 11.640088050626218
16399 1 5589 1.0 11.221920023672283
16400 1 849790 0.9722222 9.349114960059524
16401 1 1177043 0.972973 10.67307498306036
16402 1 980844 0.972973 9.887747000902891
16403 1 1123233 0.9375 5.581032019108534
16404 1 1423016 0.9714286 8.163134916685522
16405 1 1184375 0.9655172 5.0426810048520565
16406 1 1905751 0.9705882 7.740225060842931
16407 1 1056879 0.92105263 10.847278987057507
16408 1 1056093 0.9411765 7.954780012369156
16409 1 1556311 0.9714286 8.327804040163755
16410 1 1056535 0.96666664 5.462992005050182
16411 1 537193 0.9677419 6.332954973913729
16412 1 434400 0.96875 6.429458037018776
16413 1 1428659 0.9722222 9.796544909477234
16414 1 807445 0.9714286 9.002565988339484
16415 1 1104914 0.94736844 10.917796054854989
16416 1 1099860 0.9714286 8.410261012613773
16417 1 1273558 1.0 7.762186927720904
16418 1 2080419 0.9705882 8.715069969184697
16419 1 1457368 0.90625 6.014566053636372
16420 1 551631 0.902439 12.872223975136876
16421 1 1053815 0.9736842 10.699499980546534
16422 1 1189660 0.9722222 9.56354895606637
16423 1 1415082 1.0 7.815446006134152
16424 1 1441484 1.0 7.387668010778725
16425 1 1206020 0.9705882 8.233553962782025
16426 1 1124151 0.975 12.402013060636818
16427 1 409918 0.96666664 5.7708719978109
16428 1 1517678 0.9411765 7.361729978583753
16429 1 1341064 1.0 12.102621025405824
16430 1 2038469 1.0 9.323630947619677
16431 1 1478342 1.0 8.374566910788417
16432 1 1033836 0.9 12.37150002270937
16433 1 1016432 0.96875 6.841071997769177
16434 1 1470937 0.9677419 5.523492000065744
16435 1 1593934 0.9444444 10.111946961842477
16436 1 1944236 0.96666664 5.886698025278747
16437 1 1190346 0.9736842 11.828221962787211
16438 1 1334313 0.972973 10.849165963009
16439 1 1286722 1.0 10.326777002774179
16440 1 1848900 0.9230769 12.651862925849855
16441 1 1724751 0.972973 10.503708035685122
16442 1 1467622 0.96666664 6.033506011590362
16443 1 1505757 0.94871795 12.283210991881788
16444 1 1531274 0.9722222 10.428930050693452
16445 1 1425144 0.972973 11.812902987003326
16446 1 1307847 0.9705882 8.743489976041019
16447 1 345444 0.969697 8.757365983910859
16448 1 1095589 0.96875 7.415403029881418
16449 1 1624305 0.972973 11.42810599412769
16450 1 1328739 0.9411765 9.757090010680258
16451 1 1632660 0.9722222 10.558209964074194
16452 1 1494354 0.9268293 12.851634062826633
16453 1 882301 0.9705882 9.099941002205014
16454 1 1443124 0.9714286 9.727394091896713
16455 1 1137250 0.9677419 6.186824990436435
16456 1 1510910 0.9722222 10.581655078567564
16457 1 1131899 0.94736844 11.942468001507223
16458 1 1155557 0.9655172 5.228481022641063
16459 1 1046796 0.9705882 9.026928921230137
16460 1 1041459 0.92105263 11.80688408203423
16461 1 1560742 0.9 12.425769935362041
16462 1 409918 0.96666664 6.284339004196227
16463 1 1143999 0.969697 8.960979990661144
16464 1 540274 0.9444444 10.742363054305315
16465 1 1186704 0.95 12.977403937838972
16466 1 1132931 0.96875 7.647392922081053
16467 1 1117257 0.9189189 12.269690982066095
16468 1 1475796 0.9375 7.105438970029354
16469 1 1464805 0.8918919 12.728660949505866
16470 1 1495420 0.969697 8.02116806153208
16471 1 1185333 0.96875 7.886994979344308
16472 1 1305476 0.9411765 9.031996945850551
16473 1 1523352 0.9677419 7.453509955666959
16474 1 1074856 0.969697 7.693220977671444
16475 1 1624610 0.9411765 7.8805359080433846
16476 1 1026678 0.9736842 11.586643988266587
16477 1 601378 0.92105263 11.701232055202127
16478 1 873787 0.9375 7.448322023265064
16479 1 1135343 0.969697 8.15149606205523
16480 1 545708 0.9705882 8.777566021308303
16481 1 386240 0.9705882 9.49687696993351
16482 1 637095 0.9354839 7.628816994838417
16483 1 1490734 0.9354839 7.680473034270108
16484 1 1178968 0.9032258 6.612141034565866
16485 1 1429466 0.93939394 8.358507999219
16486 1 1465931 0.9354839 6.656843004748225
16487 1 981569 0.972973 11.191249010153115
16488 1 1017673 0.9714286 9.648874984122813
16489 1 1394241 0.9677419 6.564448005519807
16490 1 676835 0.9736842 11.968347011134028
16491 1 1627059 0.9714286 9.616018971428275
16492 1 1056879 0.92105263 13.46742594614625
16493 1 1554629 0.8947368 10.552903986535966
16494 1 1827104 0.93333334 6.702122977003455
16495 1 1430759 0.969697 8.419838966801763
16496 1 535905 0.8947368 11.908079963177443
16497 1 1405983 1.0 10.26680099312216
16498 1 841991 0.9705882 9.09395597409457
16499 1 1478342 1.0 9.780897991731763
16500 1 992085 0.969697 7.839391939342022
16501 1 1195411 0.94285715 9.889247943647206
16502 1 1064132 0.96666664 5.72225300129503
16503 1 2344113 0.9677419 6.286091054789722
16504 1 1327492 1.0 5.638833972625434
16505 1 1464419 0.9444444 10.88822796009481
16506 1 1107101 0.9375 7.479435997083783
16507 1 835654 0.9189189 9.903461905196309
16508 1 1271456 0.9354839 6.249830941669643
16509 1 1077783 0.9444444 9.686919976957142
16510 1 617873 0.9230769 14.117184095084667
16511 1 1768765 0.9714286 10.6204740004614
16512 1 1002090 1.0 5.285488907247782
16513 1 1304774 0.9714286 10.70841308683157
16514 1 827390 0.9722222 10.80907799769193
16515 1 1544819 0.94736844 11.996154906228185
16516 1 1533047 0.9722222 10.653213015757501
16517 1 981569 0.972973 11.03864493779838
16518 1 2090446 0.9166667 12.57298793643713
16519 1 1553716 0.9444444 11.832450982183218
16520 1 2073040 0.9722222 11.387323029339314
16521 1 998231 0.9677419 8.854053914546967
16522 1 2354351 0.94736844 11.250778916291893
16523 1 855001 0.9375 6.621132022701204
16524 1 382436 0.9736842 11.569145950488746
16525 1 1193466 0.9 13.578110956586897
16526 1 1199879 0.969697 7.925453945063055
16527 1 1137246 0.8947368 11.31217204965651
16528 1 1225131 0.9714286 9.969049016945064
16529 1 1196560 0.902439 12.569066951982677
16530 1 1567515 0.969697 7.858539000153542
16531 1 1086949 1.0 10.979542043060064
16532 1 535308 0.972973 11.893267976120114
16533 1 1334702 0.9411765 8.864001021720469
16534 1 823055 1.0 6.017755018547177
16535 1 620315 0.9722222 11.362096993252635
16536 1 1503425 0.8974359 13.562630047090352
16537 1 1079897 0.94871795 14.296625973656774
16538 1 1441484 0.9142857 15.313184005208313
16539 1 1277672 0.969697 9.728319942951202
16540 1 2078663 0.96875 8.961913990788162
16541 1 1636134 0.969697 9.49861598201096
16542 1 1625106 0.925 14.333304949104786
16543 1 1448742 0.9459459 12.48677703551948
16544 1 1531599 0.8947368 12.322308029979467
16545 1 1157829 0.9655172 5.779951927252114
16546 1 1423016 0.9714286 10.257469024509192
16547 1 1637445 0.8947368 11.959621915593743
16548 1 1183849 0.96875 8.499093004502356
16549 1 64396 0.9375 7.5713470578193665
16550 1 2134678 0.96875 8.071219082921743
16551 1 2038469 1.0 10.599086992442608
16552 1 1401557 0.969697 8.999718935228884
16553 1 1574873 0.972973 10.922672925516963
16554 1 1467667 0.972973 11.220923974178731
16555 1 239355 0.96666664 5.766537040472031
16556 1 639557 0.9375 7.619414012879133
16557 1 1202415 0.96875 8.0476189032197
16558 1 2089831 0.92105263 11.570655042305589
16559 1 983235 0.9375 7.157624000683427
16560 1 1278552 0.94285715 10.40190295316279
16561 1 1161376 0.969697 10.591181926429272
16562 1 1055541 0.93939394 9.582067024894059
16563 1 1113828 0.9375 7.603154983371496
16564 1 824532 0.90909094 11.046877945773304
16565 1 1591397 0.9722222 14.817647053860128
16566 1 1185525 0.9142857 12.113002012483776
16567 1 1575984 0.9722222 13.401078060269356
16568 1 1498586 0.9677419 8.245354983955622
16569 1 1608557 0.969697 9.863747982308269
16570 1 1139534 0.969697 9.688001009635627
16571 1 1961358 0.93333334 7.2467459831386805
16572 1 1259927 0.9375 8.92006407957524
16573 1 1641653 0.92105263 13.30341910943389
16574 1 1164303 0.90909094 7.2438319912180305
16575 1 1295745 1.0 8.280358044430614
16576 1 1251852 0.9722222 10.95049805007875
16577 1 1198920 0.93939394 8.07592598721385
16578 1 1052113 0.969697 8.312187041155994
16579 1 1155170 1.0 8.758437936194241
16580 1 2038469 1.0 11.556272977031767
16581 1 626396 0.8918919 10.948410024866462
16582 1 1004728 0.9714286 10.15505101531744
16583 1 1077850 0.9736842 13.444549986161292
16584 1 639453 0.974359 14.280893956311047
16585 1 1268741 1.0 16.15430205129087
16586 1 1512652 0.969697 9.547296911478043
16587 1 1619152 0.9375 8.849936071783304
16588 1 1400209 0.8888889 19.00775299873203
16589 1 1066878 0.90697676 17.74886902421713
16590 1 1073838 0.9512195 14.722164021804929
16591 1 644319 0.9130435 16.54972997494042
16592 1 1612583 0.9767442 14.616252039559186
16593 1 1006957 0.9756098 14.083134941756725
16594 1 1478497 0.9019608 16.861822921782732
16595 1 1446875 0.90697676 15.54056501481682
16596 1 1515202 0.8958333 17.669713008217514
16597 1 1293281 0.902439 15.567154972814023
16598 1 634058 0.974359 13.126960024237633
16599 1 1207052 0.9736842 11.962845921516418
16600 1 1387975 0.974359 13.168646022677422
16601 1 2114380 0.9130435 17.121843993663788
16602 1 602141 0.90697676 17.13390101213008
16603 1 1421668 0.95 14.080660068430007
16604 1 1440495 0.9375 16.922854003496468
16605 1 1093039 0.97727275 15.634651994332671
16606 1 1096336 0.9756098 14.325778931379318
16607 1 1194335 0.9777778 15.649343025870621
16608 1 1196786 0.9189189 12.514087953604758
16609 1 1465923 0.9111111 15.29598596971482
16610 1 575618 0.9512195 14.195733005180955
16611 1 1178987 0.9047619 13.516413979232311
16612 1 1420647 0.9782609 15.34567994531244
16613 1 1451003 0.9302326 14.44094895850867
16614 1 1791028 0.94736844 12.827013968490064
16615 1 643979 0.92105263 11.997465044260025
16616 1 980433 0.97619045 14.217324904166162
16617 1 1044971 0.95454544 14.898143941536546
16618 1 1002260 0.95555556 18.035991000942886
16619 1 937012 0.97727275 16.05093607213348
16620 1 1307691 0.9183673 18.400587956421077
16621 1 1021497 0.9791667 17.00817106757313
16622 1 1464615 0.9302326 15.762042021378875
16623 1 981160 0.9268293 13.976876973174512
16624 1 237709 0.93877554 16.14574796985835
16625 1 644149 0.9268293 13.990019913762808
16626 1 1611747 0.9777778 15.166713041253388
16627 1 2430221 1.0 13.804524089209735
16628 1 1058079 0.975 13.387616025283933
16629 1 1505609 0.974359 12.862410047091544
16630 1 846566 0.9302326 14.956715051084757
16631 1 1799792 0.9782609 15.54105500690639
16632 1 1155325 0.9111111 15.979291987605393
16633 1 1350652 0.9375 16.013059066608548
16634 1 1477490 0.9777778 16.941079986281693
16635 1 1394292 0.93333334 16.61212695762515
16636 1 1272200 0.92 17.478999099694192
16637 1 1291994 0.975 14.428849099203944
16638 1 1614501 0.925 13.784602051600814
16639 1 1654557 0.9777778 16.33852510713041
16640 1 1288377 0.97727275 15.147008001804352
16641 1 963078 0.9047619 15.767910052090883
16642 1 1086292 0.9361702 16.04199199937284
16643 1 1498556 0.9148936 17.080344958230853
16644 1 1102080 0.90909094 15.1319180149585
16645 1 1319728 0.90697676 15.42562700342387
16646 1 643899 0.90697676 13.622720027342439
16647 1 1842907 0.9512195 14.509693020954728
16648 1 817323 0.8913044 15.90308197773993
16649 1 1296456 0.9130435 16.68295997660607
16650 1 855598 0.95652175 19.044850952923298
16651 1 1443989 0.9 16.037882072851062
16652 1 1095092 0.98 17.233389080502093
16653 1 657277 0.94736844 13.810722972266376
16654 1 65601 0.97619045 14.68290900811553
16655 1 853894 0.9777778 15.3920310549438
16656 1 1431574 0.9787234 15.78965806402266
16657 1 1399654 0.97727275 15.493381069973111
16658 1 1091070 1.0 15.09924593847245
16659 1 825883 0.9318182 15.262637054547668
16660 1 1181415 1.0 15.521241002716124
16661 1 730251 0.94871795 13.085033046081662
16662 1 1688192 0.94871795 12.311871978454292
16663 1 2412768 0.9268293 14.672938967123628
16664 1 1106465 0.90697676 15.054316958412528
16665 1 1633394 0.9 15.027938992716372
16666 1 1584274 0.95238096 15.1343559846282
16667 1 439216 0.9130435 17.87288300693035
16668 1 350039 0.93333334 17.550632008351386
16669 1 1523785 0.97727275 16.237395000644028
16670 1 1294395 0.9347826 17.387475934810936
16671 1 1187189 0.9111111 17.10253895726055
16672 1 2225784 0.8974359 14.105640933848917
16673 1 2087279 1.0 12.847978970967233
16674 1 2094033 0.9756098 13.793827034533024
16675 1 1045480 0.9375 15.76026005204767
16676 1 1791115 0.902439 14.815130969509482
16677 1 859538 0.9782609 15.834350022487342
16678 1 1099911 1.0 12.611498008482158
16679 1 1397208 0.9756098 13.699251925572753
16680 1 826216 0.925 12.611794052645564
16681 1 1508770 0.95348835 16.485471976920962
16682 1 1442168 0.9047619 16.983436071313918
16683 1 1368143 0.975 14.710096991620958
16684 1 266801 0.9268293 14.670665026642382
16685 1 1291214 0.8974359 14.472848968580365
16686 1 1412332 0.9047619 15.226603019982576
16687 1 1865311 0.9318182 15.104288002476096
16688 1 1495314 0.94 16.49941294454038
16689 1 350039 0.9347826 16.177408047951758
16690 1 1435258 0.90697676 15.207538031972945
16691 1 1208807 0.8913044 16.145501984283328
16692 1 843810 0.9777778 15.034922049380839
16693 1 1203256 0.9148936 16.379995038732886
16694 1 1160814 0.975 12.959767016582191
16695 1 1420001 0.9183673 16.50221401359886
16696 1 150647 0.90697676 15.329380985349417
16697 1 976933 0.8974359 13.705963967368007
16698 1 1113542 0.9782609 16.511028981767595
16699 1 1054572 0.975 13.330231886357069
16700 1 529625 0.97619045 13.849932001903653
16701 1 1119447 0.92105263 12.198148993775249
16702 1 1638035 0.972973 10.916625964455307
16703 1 1367800 0.94871795 12.984058004803956
16704 1 1541321 0.9777778 15.397666022181511
16705 1 1605429 0.9787234 15.192777034826577
16706 1 1356208 0.8863636 14.307040022686124
16707 1 1009917 0.97727275 13.885546009987593
16708 1 1639467 0.9302326 14.122810098342597
16709 1 1012296 0.95652175 14.121894026175141
16710 1 1203381 0.9782609 14.387114904820919
16711 1 1424738 0.9756098 12.95683195348829
16712 1 1257699 0.95238096 13.493162929080427
16713 1 1065327 0.974359 11.628745007328689
16714 1 2109202 0.92 15.51752199884504
16715 1 1045433 0.9767442 13.756153057329357
16716 1 1113215 1.0 14.32954496704042
16717 1 1606126 0.9302326 14.725040062330663
16718 1 1065411 0.9302326 15.56740899104625
16719 1 1430515 0.94 16.698578954674304
16720 1 1571000 0.9777778 16.107133007608354
16721 1 1479917 0.9512195 14.677072991617024
16722 1 1597118 0.9318182 16.307741054333746
16723 1 1304303 0.9130435 14.596379944123328
16724 1 2334342 0.97619045 13.216376071795821
16725 1 1400018 0.97619045 13.287634938023984
16726 1 1490787 0.93333334 14.271853026002645
16727 1 1082940 0.98 14.664995018392801
16728 1 834599 0.9756098 13.031280948780477
16729 1 1498556 0.9782609 14.44573001936078
16730 1 1013703 1.0 12.401147047057748
16731 1 1259347 0.9347826 15.5221150489524
16732 1 2093345 0.9574468 14.60808899719268
16733 1 1513644 0.9375 16.323682968504727
16734 1 1182959 0.94 16.715793986804783
16735 1 1487597 0.8974359 14.29449999704957
16736 1 1339853 1.0 12.350682052783668
16737 1 1061197 0.974359 12.455094023607671
16738 1 1513644 0.9375 16.324592987075448
16739 1 1081600 0.9782609 15.287584974430501
16740 1 1540603 0.90384614 17.604317981749773
16741 1 1151245 0.974359 12.984258006326854
16742 1 1565650 0.9302326 15.321902930736542
16743 1 1145116 0.95238096 13.923619990237057
16744 1 1500289 0.88095236 15.448099002242088
16745 1 1440929 0.9130435 17.20984501298517
16746 1 981167 0.9268293 15.084748971275985
16747 1 1483828 0.95555556 16.237834934145212
16748 1 1056037 0.9574468 16.74849900882691
16749 1 1300448 0.9 16.9326449977234
16750 1 771390 0.93333334 18.210510024800897
16751 1 2087956 0.9782609 17.13398494757712
16752 1 1500314 0.95348835 16.58188202418387
16753 1 2088384 0.9583333 17.977270996198058
16754 1 1406278 0.9767442 15.827530063688755
16755 1 1058079 0.975 14.414221979677677
16756 1 1799851 0.9347826 16.941180918365717
16757 1 1467026 0.96 17.15902704745531
16758 1 1200383 0.974359 13.20808194577694
16759 1 2093443 0.9019608 17.461018986068666
16760 1 1181587 0.95454544 15.518001047894359
16761 1 1447377 0.9189189 12.765991035848856
16762 1 1047847 0.90909094 16.806958941742778
16763 1 1200645 0.9756098 14.39936796668917
16764 1 2092890 0.9047619 16.483194078318775
16765 1 1106228 0.9268293 15.692066051997244
16766 1 1447457 0.9777778 16.470778034999967
16767 1 1500980 0.9166667 19.295990001410246
16768 1 1445593 0.9777778 17.51674502156675
16769 1 1015705 0.93333334 17.47554703615606
16770 1 845276 0.974359 14.36781301163137
16771 1 1855968 0.9302326 16.14901307038963
16772 1 1120881 0.93333334 16.84424700215459
16773 1 2094544 0.9302326 15.3302859980613
16774 1 1244234 0.9791667 16.420275904238224
16775 1 1197329 0.9230769 13.176989974454045
16776 1 701001 0.97619045 14.951560995541513
16777 1 1136016 0.9787234 16.234782990068197
16778 1 1039916 0.975 13.982213102281094
16779 1 2113039 0.95348835 15.811125049367547
16780 1 2111203 0.9782609 16.352256992831826
16781 1 2257451 0.8913044 17.439282033592463
16782 1 1274397 0.9347826 18.12299294397235
16783 1 1095722 0.975 15.060035046190023
16784 1 1302360 0.9302326 15.733203967101872
16785 1 1088797 0.9767442 15.376549097709358
16786 1 708896 0.975 13.683364959433675
16787 1 1299441 0.90909094 16.17830293253064
16788 1 1086732 0.9 13.830536976456642
16789 1 1959630 0.9782609 15.318860998377204
16790 1 1473704 0.9361702 15.909206005744636
16791 1 810011 0.9302326 15.179875073954463
16792 1 1637588 0.9767442 14.164704945869744
16793 1 1045276 0.9130435 15.093004913069308
16794 1 1190508 0.90909094 15.09222004096955
16795 1 1387975 0.974359 12.260727002285421
16796 1 986011 0.95348835 14.250539941713214
16797 1 1141287 0.974359 12.808157945983112
16798 1 582544 0.9512195 13.825455913320184
16799 1 1409428 0.97619045 14.969034004025161
16800 1 1037123 0.8974359 14.297757996246219
16801 1 994936 0.94871795 13.208332005888224
16802 1 1619449 0.95555556 16.03699999395758
16803 1 1222794 0.95454544 15.23744105361402
16804 1 1628988 0.9574468 16.031126026064157
16805 1 1135365 0.9347826 15.622689970768988
16806 1 1459960 0.9347826 15.932272071950138
16807 1 439552 0.95348835 14.642469002865255
16808 1 1490305 0.95 13.978553004562855
16809 1 1021497 0.9791667 15.84254007320851
16810 1 1476174 0.9302326 14.37766500748694
16811 1 1025266 0.97619045 14.407778973691165
16812 1 448868 0.95454544 14.72197298426181
16813 1 1152334 0.9318182 15.130097977817059
16814 1 1400870 0.9166667 15.82402503117919
16815 1 1270242 0.975 13.326574000529945
16816 1 614425 0.95238096 14.829318039119244
16817 1 1609012 0.9166667 17.971522989682853
16818 1 981299 0.95238096 15.623653074726462
16819 1 1035400 0.9782609 16.30027301143855
16820 1 1984706 1.0 14.936790918000042
16821 1 1301284 0.97727275 15.567161957733333
16822 1 1845094 0.9347826 16.16708398796618
16823 1 937663 0.9183673 18.228750093840063
16824 1 1139279 0.97619045 14.255275949835777
16825 1 1052829 0.9302326 14.622204937040806
16826 1 1797857 0.9361702 15.734083019196987
16827 1 1022454 0.9318182 14.619225985370576
16828 1 1447556 0.9777778 15.070040011778474
16829 1 592276 0.902439 14.751889975741506
16830 1 2086334 0.95652175 15.398702002130449
16831 1 988843 0.9767442 14.196080039255321
16832 1 2081066 0.97727275 14.62440297473222
16833 1 1633403 0.97727275 16.41294197179377
16834 1 1259742 0.95 14.842492062598467
16835 1 1484405 0.8979592 16.84051798656583
16836 1 158426 0.97727275 15.743782976642251
16837 1 1106841 0.97727275 15.296609955839813
16838 1 1278641 0.925 15.11791197117418
16839 1 1865311 0.9318182 14.739054953679442
16840 1 1458659 0.95238096 14.67011496424675
16841 1 1510072 0.90909094 16.198087949305773
16842 1 2090002 0.95454544 14.949472970329225
16843 1 1597118 0.9318182 15.482828952372074
16844 1 1093233 0.94 16.163379070349038
16845 1 1210019 0.95238096 14.598506037145853
16846 1 789576 0.8888889 14.81140695977956
16847 1 1444331 0.9318182 14.349619043059647
16848 1 61878 0.9347826 15.488340053707361
16849 1 1158604 0.97727275 14.982588007114828
16850 1 1080616 0.95555556 15.842364984564483
16851 1 624029 0.97619045 15.593753079883754
16852 1 2038471 1.0 11.866083019413054
16853 1 1586168 0.97619045 14.973624027334154
16854 1 592197 0.9268293 15.131089952774346
16855 1 2091187 0.9583333 17.056960961781442
16856 1 1555445 0.9767442 14.214525930583477
16857 1 2085689 0.95454544 15.134776942431927
16858 1 1062989 0.9767442 14.842873089946806
16859 1 1414203 0.97727275 15.977430040948093
16860 1 1504355 0.93333334 15.661900048144162
16861 1 1622056 0.9347826 16.98862190824002
16862 1 391118 0.9230769 13.365447986871004
16863 1 1437236 0.9318182 15.816077939234674
16864 1 2094243 0.9512195 14.789551962167025
16865 1 981299 0.95238096 15.049907960928977
16866 1 1625268 0.8947368 13.84629390668124
16867 1 1463126 0.9047619 16.458840924315155
16868 1 1031036 0.9347826 16.572770080529153
16869 1 1401607 0.97619045 15.256603015586734
16870 1 609191 0.9756098 14.695646008476615
16871 1 1094368 0.902439 14.125554007478058
16872 1 401895 0.92 16.801815014332533
16873 1 1072549 0.8958333 16.327271005138755
16874 1 1301747 0.9767442 14.3644759664312
16875 1 1556018 0.9782609 15.38867806084454
16876 1 350039 0.9347826 15.475635998882353
16877 1 1671130 0.974359 12.41230999585241
16878 1 65601 0.97619045 14.01651301421225
16879 1 2093228 0.9047619 13.521182001568377
16880 1 1425001 0.8947368 13.511740020476282
16881 1 1529848 0.97619045 13.857370940968394
16882 1 879878 0.9591837 16.13082201220095
16883 1 1531976 0.90909094 15.609454014338553
16884 1 1524424 0.9787234 17.305308021605015
16885 1 1335717 0.9756098 14.689180999994278
16886 1 1437036 0.925 13.966082013212144
16887 1 1825647 0.95555556 16.51087903883308
16888 1 1044694 0.9047619 16.445809975266457
16889 1 2091571 0.9591837 16.58747799228877
16890 1 1844575 0.95348835 15.097360941581428
16891 1 1191989 0.9285714 13.526919996365905
16892 1 1460072 0.97727275 14.250815962441266
16893 1 741237 0.9756098 14.07700905110687
16894 1 1031999 0.95652175 15.48448100220412
16895 1 1471943 0.93333334 15.52503404673189
16896 1 1005425 0.95 13.631877023726702
16897 1 1489189 0.97727275 14.574304921552539
16898 1 1514290 0.9583333 15.58572007343173
16899 1 1482323 0.90697676 15.029311995021999
16900 1 1176711 0.93877554 16.324219992384315
16901 1 1255319 1.0 15.549831907264888
16902 1 350039 0.93333334 16.867900965735316
16903 1 1663534 0.89361703 16.560261021368206
16904 1 1554949 0.9787234 15.675098984502256
16905 1 1391913 0.97727275 16.045839991420507
16906 1 1471792 1.0 13.423474971204996
16907 1 1842907 0.975 14.627625001594424
16908 1 1481340 0.9148936 16.134948004037142
16909 1 1447210 0.9375 15.974767040461302
16910 1 1176622 0.93877554 16.063816961832345
16911 1 764029 0.9736842 12.526303995400667
16912 1 1842907 0.9512195 14.342884998768568
16913 1 1129310 0.9183673 16.427799011580646
16914 1 1160814 0.975 12.941487017087638
16915 1 1248256 1.0 15.059093944728374
16916 1 1170534 0.97619045 14.319934998638928
16917 1 1174260 0.97727275 16.623844974674284
16918 1 1152072 0.97619045 15.521561028435826
16919 1 1176701 0.9047619 14.725758926942945
16920 1 1302227 0.9130435 17.39432697650045
16921 1 1167369 0.9 15.770499012432992
16922 1 1435686 0.9285714 14.800073928199708
16923 1 1349529 0.9767442 14.957448933273554
16924 1 1069121 0.974359 13.31282698083669
16925 1 1028074 0.9777778 15.197544009424746
16926 1 1529848 0.97619045 14.041012967936695
16927 1 1429265 0.90697676 15.5668999068439
16928 1 1133134 0.9347826 16.074626939371228
16929 1 1191087 0.95555556 15.268635004758835
16930 1 2051539 0.9512195 14.78221407160163
16931 1 1211984 0.93333334 15.914435964077711
16932 1 1492227 0.9302326 15.055911033414304
16933 1 350039 0.93333334 16.023754025809467
16934 1 1619366 0.97727275 16.260560019873083
16935 1 934348 0.93877554 17.369489069096744
16936 1 593780 0.8918919 13.526245951652527
16937 1 1191989 0.9767442 15.966904000379145
16938 1 858257 0.95238096 14.583962969481945
16939 1 1669880 0.92 16.90179598517716
16940 1 1615684 0.925 12.309122015722096
16941 1 1409780 0.9302326 14.69533599447459
16942 1 1592288 0.9777778 14.969593961723149
16943 1 1002478 0.95238096 14.237776049412787
16944 1 1387975 0.974359 13.001130893826485
16945 1 1597167 0.93333334 15.827254042960703
16946 1 1255659 0.8888889 14.902463066391647
16947 1 1182959 0.94 16.15512592252344
16948 1 350039 0.89361703 16.83388906531036
16949 1 1151245 0.974359 13.078195974230766
16950 1 1443310 0.95555556 16.44947601016611
16951 1 1006696 0.9782609 16.348510049283504
16952 1 1091444 0.9782609 16.03546692058444
16953 1 1232024 0.8958333 18.06793303694576
16954 1 1959630 0.9782609 16.40444400254637
16955 1 1572067 0.97619045 14.774993993341923
16956 1 543548 0.9302326 15.668357023969293
16957 1 1007696 0.9148936 15.644319937564433
16958 1 2470089 0.902439 15.075861010700464
16959 1 1229636 0.9166667 16.194787924177945
16960 1 2086953 0.90909094 14.61861899588257
16961 1 855356 0.9756098 14.277777983807027
16962 1 1511793 0.9777778 15.051249996758997
16963 1 1176422 0.9767442 14.642086927779019
16964 1 668936 0.92105263 12.694317032583058
16965 1 1349529 0.9767442 14.469948946498334
16966 1 1218159 0.9375 16.262299031950533
16967 1 1133074 0.96 17.085022991523147
16968 1 847532 0.90909094 17.245686030946672
16969 1 552356 0.9 15.618962002918124
16970 1 1494263 0.90909094 15.837508020922542
16971 1 468415 0.95348835 15.541290049441159
16972 1 861885 0.97727275 14.625404961407185
16973 1 139990 0.975 13.09342309832573
16974 1 1101106 0.9512195 14.014701941050589
16975 1 1555464 0.9285714 15.430968021973968
16976 1 1449644 0.9375 15.871644020080566
16977 1 1407281 0.9 16.368224984034896
16978 1 1036056 0.9302326 15.24922694079578
16979 1 1033024 0.902439 15.248964074999094
16980 1 1019172 0.9756098 14.006800949573517
16981 1 1081634 0.9302326 14.851967920549214
16982 1 1054164 0.9736842 12.875501066446304
16983 1 1042246 0.9777778 16.361447982490063
16984 1 1128477 0.9318182 16.740671009756625
16985 1 1210019 0.8888889 17.84655696246773
16986 1 1075879 0.95652175 16.995387035422027
16987 1 1357209 0.9777778 15.72820101864636
16988 1 587421 0.9047619 15.800944995135069
16989 1 1797721 0.9787234 16.095182043500245
16990 1 1207693 1.0 12.85255397669971
16991 1 1168070 0.9767442 14.923634007573128
16992 1 1020224 0.974359 12.626842013560236
16993 1 1822083 0.8958333 16.403340036049485
16994 1 623624 0.9148936 16.899471986107528
16995 1 1557640 0.9756098 13.642546022310853
16996 1 1487367 0.9756098 14.18179995380342
16997 1 1482908 0.9777778 15.04854392260313
16998 1 25727 0.9111111 15.870808041654527
16999 1 1074473 0.9302326 16.852463013492525
17000 1 1553103 0.925 14.293452026322484
17001 1 830352 0.92 17.385846935212612
17002 1 1353872 0.9736842 11.539821978658438
17003 1 1116203 0.9166667 11.544559034518898
17004 1 1141632 0.9130435 15.391341061331332
17005 1 1364926 0.9318182 15.113343950361013
17006 1 625216 0.9318182 14.730778057128191
17007 1 1613699 0.95238096 13.626349973492324
17008 1 1561556 0.9347826 15.039303922094405
17009 1 981167 0.9268293 13.11555493157357
17010 1 1265863 0.9767442 14.003638993017375
17011 1 1050665 0.9111111 14.288040925748646
17012 1 1328115 0.9302326 13.569585978984833
17013 1 1060976 0.902439 13.918659067712724
17014 1 620951 0.9777778 14.051143079996109
17015 1 1199645 0.95238096 13.144341995939612
17016 1 1503247 0.9767442 13.836906990036368
17017 1 449201 0.975 12.339703040197492
17018 1 1844554 0.93333334 15.194071922451258
17019 1 1437231 0.9787234 15.932621085084975
17020 1 1469481 0.97959185 16.096585895866156
17021 1 1121825 0.902439 13.141860021278262
17022 1 1498871 0.95 12.845995021052659
17023 1 593993 0.9756098 12.916944921016693
17024 1 1134022 0.8947368 11.753843049518764
17025 1 1089097 0.92156863 15.73787594679743
17026 1 1493004 0.9347826 14.618691056966782
17027 1 1058066 1.0 12.260118033736944
17028 1 1438317 0.8958333 15.771648031659424
17029 1 815617 0.9318182 14.168391935527325
17030 1 158426 0.97727275 14.249708037823439
17031 1 1094278 0.95348835 13.49286106415093
17032 1 350039 0.89361703 15.584056032821536
17033 1 1439631 0.9782609 14.378239051438868
17034 1 1323865 0.8979592 15.179480891674757
17035 1 1472264 0.92105263 12.57680298294872
17036 1 1591668 0.975 13.307936023920774
17037 1 1016203 0.9047619 14.813462970778346
17038 1 1291421 0.974359 12.42997299414128
17039 1 1636728 0.9782609 15.183099079877138
17040 1 1633263 0.97727275 15.025929897092283
17041 1 1517218 0.9148936 15.588321024551988
17042 1 1169386 0.9166667 15.603550942614675
17043 1 1435237 0.9777778 14.457826036959887
17044 1 1122877 0.9574468 14.59269190672785
17045 1 1507528 0.9787234 14.462580089457333
17046 1 1442728 0.90697676 14.77049000095576
17047 1 981160 0.9268293 12.543651042506099
17048 1 1495314 0.94 15.453926054760814
17049 1 2094963 0.9574468 14.85360402148217
17050 1 1016711 0.9347826 15.047835069708526
17051 1 1616007 0.974359 12.275487999431789
17052 1 1134798 0.925 13.332177069969475
17053 1 1525315 0.9347826 15.007610898464918
17054 1 427285 0.8974359 17.131668981164694
17055 1 643607 0.9756098 14.407041016966105
17056 1 1154527 0.9512195 14.089772943407297
17057 1 1266019 1.0 13.249067007564008
17058 1 1631047 1.0 12.355725048109889
17059 1 1098513 0.975 12.555830064229667
17060 1 1169386 0.9166667 15.472341910935938
17061 1 1171405 0.8979592 16.906206961721182
17062 1 669471 0.97619045 14.274726971052587
17063 1 815617 0.9318182 14.896198059432209
17064 1 1011896 0.9767442 14.493557973764837
17065 1 595603 0.9756098 13.67990009021014
17066 1 1652320 0.8979592 15.898594981990755
17067 1 2445636 0.9756098 12.999718077480793
17068 1 1423081 0.9361702 15.43851604219526
17069 1 2430221 1.0 13.22417298797518
17070 1 1009917 0.97727275 14.539205003529787
17071 1 1096736 0.9285714 14.114457066170871
17072 1 1062989 0.9767442 15.214639948680997
17073 1 1498136 0.9268293 14.81571898330003
17074 1 1088797 0.9767442 14.890138059854507
17075 1 1251240 0.9756098 13.969182036817074
17076 1 1636603 0.8958333 17.548597999848425
17077 1 1532048 0.9756098 14.071336016058922
17078 1 1905683 0.9777778 15.415661036968231
17079 1 774365 0.95238096 14.461327926255763
17080 1 1399626 0.9574468 16.10062492545694
17081 1 649534 0.9285714 15.18187194596976
17082 1 2113166 0.95555556 15.719117945991457
17083 1 1192839 0.975 12.838355964049697
17084 1 2087627 0.95348835 14.889142010360956
17085 1 350039 0.89361703 16.339979018084705
17086 1 1387975 0.974359 15.761850052513182
17087 1 1430515 0.94 17.95623602811247
17088 1 1505802 0.9583333 16.320485970936716
17089 1 1435303 0.93877554 17.029138980433345
17090 1 1006768 0.9183673 17.4840820254758
17091 1 1274099 0.9444444 15.880136052146554
17092 1 1495431 0.9130435 16.036714077927172
17093 1 258989 0.9122807 15.43001807294786
17094 1 1125423 0.9310345 15.862355008721352
17095 1 1527236 0.9074074 16.599864000454545
17096 1 1606287 0.9787234 14.968346105888486
17097 1 1233432 0.96363634 15.57023695204407
17098 1 1177219 0.9791667 15.369358006864786
17099 1 1960506 0.9298246 15.273850061930716
17100 1 1005722 0.8947368 15.606977045536041
17101 1 1000922 0.9607843 15.586397028528154
17102 1 623325 0.98214287 15.333335031755269
17103 1 621198 0.9423077 17.367587075568736
17104 1 1816327 0.9807692 16.65073202457279
17105 1 1053372 0.9433962 17.26000406779349
17106 1 1200805 0.94545454 16.470802947878838
17107 1 1434216 0.9361702 16.472910065203905
17108 1 1606519 0.9375 15.658643911592662
17109 1 1236448 0.93333334 15.988920931704342
17110 1 1464500 0.9583333 14.808662934228778
17111 1 1357042 0.9423077 14.804695965722203
17112 1 1628059 0.9591837 15.07859700359404
17113 1 1801697 0.9230769 15.503764967434108
17114 1 998230 0.91071427 14.520850963890553
17115 1 1505184 0.9056604 15.679541043937206
17116 1 1002216 0.9807692 14.674179023131728
17117 1 855031 0.97959185 14.889147016219795
17118 1 807566 0.94 16.695205005817115
17119 1 997181 0.9137931 15.228064963594079
17120 1 1843899 0.9807692 15.956638031639159
17121 1 1049444 0.9787234 14.95080697350204
17122 1 1521688 0.90909094 15.682290075346828
17123 1 1099247 0.9433962 15.920524019747972
17124 1 1067127 0.9777778 14.654041035100818
17125 1 1121132 0.9807692 14.995523961260915
17126 1 1419783 0.8979592 16.018002992495894
17127 1 1530916 0.9245283 15.414680005051196
17128 1 1650306 0.9591837 14.887357945553958
17129 1 2087566 0.9607843 15.21693798713386
17130 1 1457357 0.92156863 15.436724992468953
17131 1 1493720 0.9433962 15.054792049340904
17132 1 480293 1.0 14.56355198752135
17133 1 1801697 0.9411765 15.34321194048971
17134 1 1270461 0.9787234 14.619329012930393
17135 1 1650306 0.9166667 15.382191981188953
17136 1 1260037 0.92727274 16.928349970839918
17137 1 1626472 0.9811321 15.739827998913825
17138 1 1654933 0.9782609 15.60358190909028
17139 1 1429998 0.9591837 16.362662077881396
17140 1 1346465 0.9285714 15.324490959756076
17141 1 1853325 0.9310345 14.392793993465602
17142 1 1001262 0.9444444 15.471033984795213
17143 1 1067732 0.9 16.57759095542133
17144 1 1507202 0.9807692 16.54674089513719
17145 1 1512470 0.9411765 16.690536052919924
17146 1 1467273 0.98039216 15.833751996979117
17147 1 1652669 0.98214287 14.121421030722558
17148 1 1141960 0.98 16.36856992263347
17149 1 1054619 0.90384614 15.794374980032444
17150 1 1652309 0.9782609 14.49571899138391
17151 1 1302744 0.90384614 16.590803978033364
17152 1 1535082 0.9285714 17.45640893932432
17153 1 1188887 0.9122807 15.810000011697412
17154 1 1270461 0.9787234 15.608262037858367
17155 1 1179804 0.9183673 16.35597599670291
17156 1 1961945 0.98 15.821694978512824
17157 1 1084152 0.92727274 15.189265017397702
17158 1 1413243 0.9019608 15.6739930389449
17159 1 1489270 0.9814815 14.019461930729449
17160 1 1630124 0.9411765 15.445430995896459
17161 1 1136792 0.9574468 14.684398891404271
17162 1 1074055 0.96 15.254416968673468
17163 1 555360 0.9607843 16.303527052514255
17164 1 1023545 0.90384614 17.059520003385842
17165 1 1466162 0.9310345 15.768458950333297
17166 1 1596759 0.9814815 15.044274972751737
17167 1 1005171 1.0 14.565501012839377
17168 1 835978 0.98039216 17.09121000021696
17169 1 1449990 0.9056604 16.364506911486387
17170 1 1182842 0.9807692 15.695550013333559
17171 1 301941 0.98214287 14.84656403772533
17172 1 1113534 0.9444444 15.85477008484304
17173 1 1664989 0.9591837 16.168441041372716
17174 1 1055971 0.9245283 16.212312038987875
17175 1 258989 0.9122807 14.758232049643993
17176 1 627690 0.9411765 16.091487952508032
17177 1 1274099 0.9444444 16.43843005876988
17178 1 1226344 0.9811321 15.665122075006366
17179 1 2093245 0.9591837 16.511776950210333
17180 1 1851128 0.9285714 16.71285694465041
17181 1 998447 0.9591837 16.584590077400208
17182 1 1504611 0.90909094 16.11309906002134
17183 1 1927567 0.9423077 17.955994000658393
17184 1 1609774 0.9285714 17.18637498561293
17185 1 1727887 0.98 16.969062038697302
17186 1 1573583 0.9074074 17.46410899795592
17187 1 1629928 0.94 17.106414074078202
17188 1 1171660 0.96153843 16.089595039375126
17189 1 1792303 0.9655172 14.976867008954287
17190 1 1634623 0.9122807 15.495461993850768
17191 1 822232 0.97959185 15.678810072131455
17192 1 72752 0.9574468 17.107480904087424
17193 1 1194459 0.97959185 16.766241984441876
17194 1 1172241 0.98039216 16.680447035469115
17195 1 1573014 0.9807692 16.918851993978024
17196 1 1600553 0.96153843 16.596560017205775
17197 1 1485664 0.98 16.603506985120475
17198 1 1225985 0.9814815 17.037601093761623
17199 1 1128467 0.94736844 15.9319790545851
17200 1 1409635 0.89285713 17.216910026036203
17201 1 1376938 0.94 16.62450097501278
17202 1 1011673 0.9574468 16.241746954619884
17203 1 1436546 0.96153843 16.250246088020504
17204 1 1432332 0.9444444 15.539621002972126
17205 1 1428371 0.98039216 16.01208292413503
17206 1 2034530 0.9111111 16.190189984627068
17207 1 1182608 0.8958333 16.861130949109793
17208 1 1105414 0.9 16.65152795612812
17209 1 987849 0.96 16.349520068615675
17210 1 1236577 0.98039216 16.175080090761185
17211 1 1020198 0.91071427 16.39842800796032
17212 1 1486824 0.9807692 16.878779977560043
17213 1 1021174 0.962963 18.059264053590596
17214 1 1116005 0.9814815 16.170993098057806
17215 1 1325905 0.9322034 14.654512982815504
17216 1 1848468 0.9298246 15.022434992715716
17217 1 2418562 0.8913044 16.276867012493312
17218 1 1071541 0.92 16.818981035612524
17219 1 1801408 0.9375 16.23216806910932
17220 1 1400104 0.9777778 15.210882062092423
17221 1 1551383 0.92 16.265040962025523
17222 1 1513644 0.9183673 16.80264703463763
17223 1 1605174 0.9245283 16.41127304174006
17224 1 1663421 0.9591837 15.942557947710156
17225 1 1405299 0.91071427 16.602393938228488
17226 1 1424505 0.9444444 17.550563905388117
17227 1 1443709 0.93877554 16.977282939478755
17228 1 1451179 0.9375 17.084214952774346
17229 1 1288801 0.8947368 17.140306998044252
17230 1 864943 0.97959185 16.652461024932563
17231 1 1639459 0.9285714 16.632607905194163
17232 1 1486234 0.92 16.83661504648626
17233 1 1149414 0.9019608 17.058052006177604
17234 1 1449990 0.9056604 16.157610923983157
17235 1 1605298 0.98 16.189064015634358
17236 1 1417330 0.92727274 16.720554092898965
17237 1 1055981 0.91071427 16.455056029371917
17238 1 839735 0.9444444 15.725865960121155
17239 1 1265007 0.8965517 15.430060913786292
17240 1 1507128 0.9782609 16.123490990139544
17241 1 669607 0.9074074 18.358764005824924
17242 1 1179850 0.93877554 18.013385008089244
17243 1 1614947 0.9814815 16.538208001293242
17244 1 1140546 0.9285714 16.817358089610934
17245 1 1277562 0.98039216 16.467537032440305
17246 1 1088816 0.9807692 15.81741007976234
17247 1 1566584 0.93877554 16.56635501421988
17248 1 1543764 0.9791667 15.88191103655845
17249 1 1021507 0.9230769 16.341145033948123
17250 1 1338606 0.9607843 16.17762295063585
17251 1 1294872 0.94 16.12867705989629
17252 1 1444629 0.9444444 16.171818017028272
17253 1 1802831 0.9464286 14.835563953965902
17254 1 1800896 0.89285713 15.36464598029852
17255 1 1505984 0.9056604 16.611272003501654
17256 1 1167581 0.9591837 16.26233395654708
17257 1 1322683 0.9375 17.65688497107476
17258 1 563457 0.9811321 16.38803700916469
17259 1 1019104 0.9122807 16.6176650673151
17260 1 1445328 0.9423077 17.243084963411093
17261 1 1282420 0.9019608 16.90408098511398
17262 1 106631 1.0 15.00930602196604
17263 1 1085422 0.9807692 17.17448909766972
17264 1 1063073 0.9814815 16.252525034360588
17265 1 998230 0.91071427 16.212848015129566
17266 1 1492688 0.9 15.885442961007357
17267 1 1153585 0.9591837 16.348390956409276
17268 1 1095022 0.98039216 16.31142501719296
17269 1 1663421 0.94 16.826869919896126
17270 1 1447881 0.9 16.95791503880173
17271 1 1611163 0.9285714 16.284373006783426
17272 1 1059447 0.9818182 16.864081961102784
17273 1 1310313 0.9137931 16.11576392315328
17274 1 1508442 0.9230769 17.59663305711001
17275 1 1693794 0.90909094 17.137291026301682
17276 1 1022162 0.962963 16.39238593634218
17277 1 1492761 0.9811321 15.609574969857931
17278 1 1052646 0.9183673 16.96804608218372
17279 1 1403157 0.98039216 16.21638098731637
17280 1 698339 0.93877554 16.652705031447113
17281 1 1484600 0.9423077 15.98144299350679
17282 1 1486643 0.9814815 15.617439989000559
17283 1 990390 0.9074074 15.465024975128472
17284 1 1286666 0.9298246 14.711493975482881
17285 1 1522542 0.8947368 16.585999983362854
17286 1 1485664 0.98 16.19653799571097
17287 1 823745 0.91071427 18.33680598065257
17288 1 1270461 0.9787234 16.574545996263623
17289 1 1789726 0.9166667 17.657879972830415
17290 1 1091101 0.9791667 17.01306097675115
17291 1 1239576 0.9791667 16.309483908116817
17292 1 1379085 0.9433962 15.878451056778431
17293 1 1093920 0.8909091 16.086322953924537
17294 1 394071 0.9230769 16.997714061290026
17295 1 1987405 0.9245283 16.566608916036785
17296 1 1797066 0.9787234 15.662058955058455
17297 1 1106952 0.98039216 15.612306073307991
17298 1 1206265 0.9791667 16.21349004562944
17299 1 1178154 0.9607843 15.972567023709416
17300 1 1270185 0.94 16.34240010753274
17301 1 1617181 0.92727274 16.625151969492435
17302 1 1408271 0.9347826 18.14516808371991
17303 1 1272302 0.9574468 16.76468492951244
17304 1 1495396 0.90384614 17.961087054573
17305 1 1224235 0.9807692 16.35975402314216
17306 1 1372315 0.9423077 17.04971003346145
17307 1 1596650 0.90909094 16.186652006581426
17308 1 1147285 0.9074074 16.77203201688826
17309 1 1634943 0.9245283 16.41177001874894
17310 1 1613188 0.9259259 16.092808917164803
17311 1 862396 0.89285713 16.474011004902422
17312 1 1713253 0.98245615 14.780439087189734
17313 1 1619928 0.9433962 16.626262106001377
17314 1 1409018 0.93877554 16.213695984333754
17315 1 1270461 0.9787234 15.264725079759955
17316 1 1511467 0.9583333 17.886342015117407
17317 1 1628625 0.9310345 16.18073892313987
17318 1 827007 0.98039216 17.229153076186776
17319 1 1124580 0.9166667 17.270034993998706
17320 1 855431 0.9433962 16.463336069136858
17321 1 1095212 0.9607843 16.264409059658647
17322 1 1082605 0.9130435 16.49718510452658
17323 1 1106766 0.94 16.591086983680725
17324 1 1433247 0.9444444 15.706501086242497
17325 1 1120485 0.9649123 13.817281927913427
17326 1 1391809 0.9814815 14.23335203435272
17327 1 1632206 0.9 15.812240075320005
17328 1 1985310 0.92156863 15.575800091028214
17329 1 1099361 0.9807692 14.737555989995599
17330 1 1413273 0.9285714 14.55583400093019
17331 1 1627885 0.9814815 15.844306093640625
17332 1 1556097 0.9245283 16.534375958144665
17333 1 1047776 0.97959185 15.495282947085798
17334 1 301941 0.98214287 15.969599015079439
17335 1 1438982 0.94 17.060235026292503
17336 1 998283 0.9137931 14.973241020925343
17337 1 819602 0.9423077 16.189160058274865
17338 1 1428676 0.9074074 16.20244001969695
17339 1 1555778 0.96 15.441915020346642
17340 1 1987660 0.9433962 15.679017989896238
17341 1 1033241 0.89830506 14.630088931880891
17342 1 1128978 0.9782609 14.410743024200201
17343 1 1480212 0.9591837 15.014227014034986
17344 1 1527155 0.92727274 14.904557960107923
17345 1 1418711 0.97959185 14.47142695542425
17346 1 797820 0.9411765 15.981534030288458
17347 1 1340349 0.9411765 22.97688799444586
17348 1 1445328 0.9423077 20.122303045354784
17349 1 1453056 0.92156863 18.74942402355373
17350 1 1793804 0.92 19.09193303436041
17351 1 1614714 0.97959185 16.798894968815148
17352 1 1079893 0.8979592 17.885052948258817
17353 1 586163 0.93333334 15.482385992072523
17354 1 566325 0.90384614 17.0077970251441
17355 1 971460 0.9807692 16.164159984327853
17356 1 1441091 0.96153843 16.676837927661836
17357 1 972692 0.96153843 16.44241902977228
17358 1 20847 0.98214287 16.972256009466946
17359 1 1417332 0.97959185 18.432899028994143
17360 1 1416087 0.91071427 18.477140925824642
17361 1 1303111 0.9591837 20.059756003320217
17362 1 1484598 0.94 19.829116063192487
17363 1 394071 0.9230769 19.370569963939488
17364 1 1718536 0.9411765 19.204686977900565
17365 1 1101820 0.97959185 18.757406971417367
17366 1 1150302 0.9607843 17.57448900025338
17367 1 107614 0.962963 16.953491023741663
17368 1 1254159 0.8909091 16.715891077183187
17369 1 1618629 0.9019608 17.234566970728338
17370 1 1606499 0.9818182 15.348060056567192
17371 1 1065645 0.92727274 17.001497093588114
17372 1 1079893 0.8979592 17.762796953320503
17373 1 558723 0.9433962 17.639024066738784
17374 1 1616273 0.9807692 16.524640028364956
17375 1 1557747 0.9787234 15.987738035619259
17376 1 1066021 0.9583333 18.30576395150274
17377 1 1607554 0.97959185 17.765711061656475
17378 1 1803257 0.92156863 21.348805050365627
17379 1 1272144 0.9245283 17.10609905421734
17380 1 1002264 0.9811321 16.22845302335918
17381 1 817721 0.9622642 16.85570098925382
17382 1 1628059 0.9591837 16.214995994232595
17383 1 1440505 0.9791667 16.029117978177965
17384 1 1294807 0.9444444 16.02867292240262
17385 1 1125554 0.9361702 16.461572027765214
17386 1 1572509 0.8947368 16.09511603601277
17387 1 1296048 0.9787234 15.55103890132159
17388 1 1214371 0.9777778 15.150912920944393
17389 1 1519773 0.9423077 16.224547987803817
17390 1 1054393 0.9807692 17.97363394871354
17391 1 1062196 0.9814815 16.41700300388038
17392 1 1404554 0.89830506 16.31747593637556
17393 1 1561973 0.962963 15.984005993232131
17394 1 1236665 0.9807692 16.18017302826047
17395 1 1664818 0.98214287 14.74945794325322
17396 1 1456419 0.96153843 16.38033799827099
17397 1 1612584 0.91071427 15.507659991271794
17398 1 1632437 0.9347826 15.81053202971816
17399 1 1522071 0.9423077 16.354916035197675
17400 1 2055286 0.9411765 15.941363060846925
17401 1 1154126 0.9137931 14.7871149238199
17402 1 644158 0.9322034 14.662536093965173
17403 1 1158252 0.9777778 15.12721402104944
17404 1 1002347 0.89830506 15.111287008039653
17405 1 345064 0.9423077 16.153763979673386
17406 1 1136060 0.9298246 17.145268968306482
17407 1 1400328 0.92727274 17.999454052187502
17408 1 2045234 0.8979592 17.61653390713036
17409 1 1108930 0.91071427 17.062530037947
17410 1 1557924 0.91071427 16.925532021559775
17411 1 589450 0.9245283 17.067076987586915
17412 1 640203 0.9814815 15.102635021321476
17413 1 1114048 0.9423077 16.59546501468867
17414 1 1398756 0.8947368 15.36148099694401
17415 1 1520856 0.90909094 16.613773070275784
17416 1 1570951 0.9285714 14.81694693211466
17417 1 1125667 0.92 16.158260055817664
17418 1 1530908 0.9811321 14.913671999238431
17419 1 1335504 0.9298246 15.80029004253447
17420 1 1986011 0.9411765 16.29052998032421
17421 1 1053620 0.9811321 16.213410068303347
17422 1 1257709 0.98 16.7001539375633
17423 1 1570166 0.9056604 17.943330109119415
17424 1 1406729 0.9285714 16.677411971613765
17425 1 1063073 0.9814815 16.281918971799314
17426 1 1555778 0.9183673 16.094229998998344
17427 1 1140942 0.93877554 16.238723997958004
17428 1 1131669 0.8947368 16.104892012663186
17429 1 1605174 0.9245283 15.918020042590797
17430 1 1413424 0.9423077 16.142764943651855
17431 1 1610169 0.98039216 15.481907990761101
17432 1 1422849 0.9245283 16.101496061310172
17433 1 1226073 0.9122807 16.051242011599243
17434 1 1085663 0.9137931 15.865069930441678
17435 1 1115499 0.9259259 15.680760028772056
17436 1 1113413 0.90909094 16.49031206034124
17437 1 1475963 0.93877554 17.986422986723483
17438 1 1624474 0.98 17.09831308107823
17439 1 1797066 0.9787234 16.38394210021943
17440 1 1531350 0.9122807 16.76205697003752
17441 1 1010110 0.9433962 16.80364296771586
17442 1 1744149 0.98039216 16.054881969466805
17443 1 1301971 0.98214287 14.037070912308991
17444 1 1985310 0.92156863 16.38532697688788
17445 1 1495396 0.9411765 15.842220047488809
17446 1 1487731 0.97959185 15.369603992439806
17447 1 1460345 0.9259259 15.629461035132408
17448 1 1563911 0.9811321 15.022297971881926
17449 1 1501339 0.98039216 15.374117996543646
17450 1 1201765 0.9791667 15.267268987372518
17451 1 1614777 0.90909094 16.077691921964288
17452 1 1297182 0.9777778 17.161244992166758
17453 1 1068043 0.9019608 17.822379944846034
17454 1 1499461 0.96153843 16.98184898123145
17455 1 2111345 0.9583333 17.197436071000993
17456 1 1190286 0.9807692 16.138404025696218
17457 1 1415596 0.9818182 15.492998994886875
17458 1 1536524 0.92 17.271901946514845
17459 1 1015445 0.9298246 15.352798043750226
17460 1 1639456 0.9814815 15.127100981771946
17461 1 1024928 0.90909094 16.027128091081977
17462 1 533221 0.97959185 15.587550937198102
17463 1 1114920 0.90909094 15.454233973287046
17464 1 1007530 0.9411765 15.913458075374365
17465 1 1478249 0.9807692 15.789204044267535
17466 1 1662496 1.0 15.60296700336039
17467 1 638387 0.9 18.38668598793447
17468 1 1200743 0.8909091 17.074140021577477
17469 1 1142820 0.9245283 17.58232107385993
17470 1 1984381 0.9 17.69187895115465
17471 1 1493609 0.9259259 16.563545097596943
17472 1 1466332 0.9137931 14.665885944850743
17473 1 1471265 0.9433962 15.73637395631522
17474 1 1047275 0.9807692 15.610196045599878
17475 1 1799269 0.9433962 15.90427802875638
17476 1 1032280 0.91525424 14.940295019187033
17477 1 1426869 0.98 15.998293063603342
17478 1 1203752 0.94736844 14.523666934110224
17479 1 1413299 0.92 16.396897961385548
17480 1 1503178 0.9245283 16.007281956262887
17481 1 1299604 0.91071427 17.424238030798733
17482 1 1470002 0.9310345 16.47881104145199
17483 1 1272302 0.9574468 16.845036996528506
17484 1 1609342 0.94545454 16.788615961559117
17485 1 1556733 0.94736844 15.887393965385854
17486 1 1803101 0.9444444 15.993244014680386
17487 1 1197953 0.9166667 16.84018096420914
17488 1 1172365 0.9122807 15.491258003748953
17489 1 821270 0.9298246 15.591492061503232
17490 1 1087736 0.9811321 16.09557296615094
17491 1 1300840 0.94 16.744098044000566
17492 1 106631 1.0 15.526605071499944
17493 1 1319136 0.9423077 17.2221859684214
17494 1 1056998 0.9811321 15.62103908509016
17495 1 1410754 0.9122807 16.012843931093812
17496 1 1270461 0.9787234 16.51501900050789
17497 1 1296048 0.9787234 17.196387983858585
17498 1 1515123 0.90384614 18.05824600160122
17499 1 1615449 0.98 16.8613150017336
17500 1 1628380 0.9791667 16.021406976506114
17501 1 1468721 0.8909091 16.248602070845664
17502 1 1495396 0.9411765 16.618983005173504
17503 1 1155590 0.94 16.283750999718904
17504 1 1431190 0.9423077 16.79609005805105
17505 1 1270461 0.9787234 15.637798001989722
17506 1 1473715 0.92727274 15.784968971274793
17507 1 1492406 0.92727274 15.911647002212703
17508 1 1181201 0.9622642 15.857958933338523
17509 1 1483251 0.98214287 14.216401032172143
17510 1 1141701 0.8909091 16.962927067652345
17511 1 1619279 0.9019608 17.943148966878653
17512 1 1128732 0.9814815 16.51149394456297
17513 1 1512850 0.9347826 17.319807084277272
17514 1 1301862 0.9818182 16.476742923259735
17515 1 2327456 0.8947368 16.842611017636955
17516 1 1428270 0.9259259 16.204069019295275
17517 1 1559532 0.92727274 16.489274916239083
17518 1 1602759 0.97959185 15.655455994419754
17519 1 1406642 0.92 16.159393941052258
17520 1 1984381 0.9 15.797739033587277
17521 1 1152252 0.9818182 15.292554046027362
17522 1 1498874 0.9074074 15.9062520833686
17523 1 1190141 0.9230769 16.645932104438543
17524 1 1171405 0.9591837 15.758372959680855
17525 1 1484016 0.98039216 15.89299796614796
17526 1 1418272 0.9791667 16.83375402353704
17527 1 1516712 0.90909094 16.52256294619292
17528 1 1065678 0.9 17.934249015524983
17529 1 1415517 0.9782609 16.376874060370028
17530 1 837908 0.9310345 15.772746060974896
17531 1 793576 0.9787234 16.43356995191425
17532 1 1626625 0.9056604 16.888356069102883
17533 1 1498659 0.9423077 16.289983061142266
17534 1 618717 0.9074074 16.805944964289665
17535 1 1407217 0.9807692 15.703486977145076
17536 1 1427689 0.9811321 15.819514053873718
17537 1 1800896 0.9814815 15.317970071919262
17538 1 1096025 0.9787234 15.375830931589007
17539 1 1961945 0.98 15.634772018529475
17540 1 1712339 0.98 16.079490073025227
17541 1 884740 0.9818182 17.320403014309704
17542 1 1428624 0.90384614 17.986097955144942
17543 1 1270619 0.9444444 17.102974001318216
17544 1 145092 0.98 16.752857016399503
17545 1 1023811 0.9814815 16.39586698729545
17546 1 1415841 0.9807692 16.395097016356885
17547 1 419986 0.962963 15.676533104851842
17548 1 1492389 0.9375 16.338936984539032
17549 1 1974286 0.98214287 15.202758950181305
17550 1 2082679 0.9791667 16.168420086614788
17551 1 1195660 0.91071427 15.407799975946546
17552 1 1165670 0.96153843 15.918786986730993
17553 1 1177946 0.9230769 17.002539010718465
17554 1 1000438 0.8909091 16.963628004305065
17555 1 1383449 0.98039216 16.144623048603535
17556 1 1630332 0.92727274 16.353807062841952
17557 1 1444578 0.9583333 17.271772027015686
17558 1 1171296 0.9285714 16.80013898294419
17559 1 1318213 0.9122807 16.64946600794792
17560 1 1286617 0.9 16.85661298688501
17561 1 1528563 0.9361702 17.30261300690472
17562 1 1806998 0.9019608 17.453765962272882
17563 1 1663309 0.9074074 15.904535073786974
17564 1 1281012 0.9074074 15.920570003800094
17565 1 1630734 0.9807692 15.967087005265057
17566 1 1920930 0.89285713 16.218212083913386
17567 1 1974286 0.98214287 14.93116607889533
17568 1 1100883 0.9433962 16.309868078678846
17569 1 860140 0.9122807 15.295546967536211
17570 1 706873 0.8965517 15.66409703809768
17571 1 1591722 0.9259259 16.110345954075456
17572 1 1533202 0.9074074 15.888081979937851
17573 1 1419822 0.96 17.208492034114897
17574 1 1201916 0.9811321 17.42932596243918
17575 1 1638551 0.90909094 16.451646108180285
17576 1 1610169 0.9607843 17.267526010982692
17577 1 1491997 1.0 16.003431985154748
17578 1 1043210 0.88235295 17.207983997650445
17579 1 1087504 0.98 15.7155969645828
17580 1 1408761 0.98039216 16.442291089333594
17581 1 1149414 0.9019608 16.512713977135718
17582 1 615877 0.9 14.76440904662013
17583 1 1497314 0.93877554 16.24870195519179
17584 1 996318 0.9814815 15.143841970711946
17585 1 1374223 0.9245283 15.478110988624394
17586 1 1635018 0.94 16.538158990442753
17587 1 1131677 0.9787234 15.191179001703858
17588 1 1172341 0.9701493 12.378736981190741
17589 1 1530643 0.93650794 12.729187030345201
17590 1 1014448 0.88709676 15.598175930790603
17591 1 242470 0.90909094 16.65320689789951
17592 1 1102749 0.98245615 15.422839089296758
17593 1 2023258 0.921875 12.631735997274518
17594 1 1606775 0.9230769 12.147748959250748
17595 1 982883 0.9491525 15.007417998276651
17596 1 1054012 0.89830506 14.548792969435453
17597 1 1204334 0.9076923 12.547063990496099
17598 1 719469 0.91935486 13.588935951702297
17599 1 1519147 0.9206349 12.800034950487316
17600 1 1037678 0.984127 11.408417019993067
17601 1 1080177 0.9137931 15.43471496552229
17602 1 1652175 0.9137931 15.08368190843612
17603 1 978513 0.9206349 12.388936011120677
17604 1 1298884 0.95 14.120211941190064
17605 1 858404 0.91803277 14.089228003285825
17606 1 1081087 0.90163934 16.073466977104545
17607 1 1179485 0.91803277 15.05545002873987
17608 1 993367 0.91071427 16.407176037319005
17609 1 1079477 0.90625 13.722817995585501
17610 1 1161001 0.8965517 16.337784007191658
17611 1 1048927 0.9298246 15.183403040282428
17612 1 1497870 0.93650794 12.463364051654935
17613 1 1059863 0.93333334 13.53671308606863
17614 1 1574598 0.91071427 15.909960959106684
17615 1 1259177 0.962963 15.638137934729457
17616 1 402660 0.98333335 13.407690916210413
17617 1 1169972 0.890625 12.588359066285193
17618 1 1482386 0.90909094 16.290778061375022
17619 1 1592664 0.93333334 13.669870095327497
17620 1 1462160 0.9322034 15.19076304975897
17621 1 477212 0.92424244 13.479674002155662
17622 1 402660 0.98333335 13.824700028635561
17623 1 1455521 0.9811321 16.883790958672762
17624 1 1053120 0.91803277 16.742515959776938
17625 1 1504174 0.92727274 17.10013998672366
17626 1 696520 0.89830506 16.660683089867234
17627 1 1468541 0.91525424 14.983290107920766
17628 1 668845 0.9206349 12.726137996651232
17629 1 508902 0.9032258 14.14811098948121
17630 1 1439369 0.93650794 15.447631012648344
17631 1 1213143 0.9310345 16.42873790115118
17632 1 1572190 1.0 17.961258068680763
17633 1 1038773 0.9464286 17.776413937099278
17634 1 1249896 0.92537314 11.977614951319993
17635 1 894441 0.9818182 17.79831398744136
17636 1 1014127 0.9354839 16.006417921744287
17637 1 953102 0.9298246 16.966514056548476
17638 1 1523176 0.90909094 14.306967030279338
17639 1 1107218 0.9076923 15.204043942503631
17640 1 1468541 0.91525424 16.787367989309132
17641 1 1469658 0.9047619 16.268147039227188
17642 1 1524127 0.90163934 15.23922907654196
17643 1 1099804 0.94736844 17.060911050066352
17644 1 2245020 0.90909094 17.864188994280994
17645 1 978513 0.9206349 13.704010052606463
17646 1 633254 0.8947368 17.687838058918715
17647 1 1406415 0.9322034 15.05743502639234
17648 1 1127031 0.90163934 31.34920308366418
17649 1 1143218 0.9206349 13.261192012578249
17650 1 1830092 0.9298246 16.50825096294284
17651 1 1640984 0.9285714 16.757823061197996
17652 1 668845 0.9206349 15.024909051135182
17653 1 1451777 0.9298246 17.872444004751742
17654 1 1129883 0.9444444 17.88910396862775
17655 1 1416643 0.9661017 15.234190039336681
17656 1 1754882 0.98214287 15.711533022113144
17657 1 1069457 0.9661017 14.43594100419432
17658 1 612154 0.8965517 15.521919005550444
17659 1 385557 0.9137931 15.066360938362777
17660 1 1489622 0.9655172 14.78898897767067
17661 1 1848880 0.9322034 13.628931948915124
17662 1 1436910 0.98275864 14.538627001456916
17663 1 1409192 0.96363634 15.325214946642518
17664 1 1464376 0.91525424 15.688083018176258
17665 1 894441 0.9818182 16.96865796111524
17666 1 1290876 0.9206349 13.378618052229285
17667 1 1452253 0.90163934 15.652014990337193
17668 1 1472258 0.93442625 14.824184007011354
17669 1 1413240 0.91803277 16.17508998606354
17670 1 1491988 0.9814815 16.514689079485834
17671 1 514458 0.8867925 16.87278796453029
17672 1 994791 0.8965517 14.980199048295617
17673 1 1482162 0.9310345 14.977900078520179
17674 1 1078905 0.9206349 12.3832649551332
17675 1 856190 0.94827586 14.614331885240972
17676 1 1436704 0.98333335 13.759560999460518
17677 1 1117294 0.9402985 11.069580912590027
17678 1 1204363 0.9137931 14.505108003504574
17679 1 1101100 0.98275864 14.531411929056048
17680 1 1308185 0.93650794 12.633175938390195
17681 1 1238312 0.9811321 14.994998928159475
17682 1 444241 0.9814815 16.353599028661847
17683 1 719469 0.91935486 14.229867025278509
17684 1 1201622 0.9814815 16.55613793991506
17685 1 1420557 0.9830508 15.20701008848846
17686 1 1454207 0.91935486 14.011288061738014
17687 1 1190624 0.9166667 15.122523996978998
17688 1 1479588 0.93333334 15.476917964406312
17689 1 1244621 0.9423077 17.206622986122966
17690 1 958596 0.90909094 16.6733730584383
17691 1 1013987 0.93333334 16.066114068962634
17692 1 1071565 0.921875 11.880547972396016
17693 1 1141281 0.91525424 14.973299927078187
17694 1 1795322 0.9137931 14.625846990384161
17695 1 1156363 0.94827586 14.869776088744402
17696 1 1294014 0.93650794 12.211138033308089
17697 1 1433325 0.89830506 14.776921947486699
17698 1 402660 0.98333335 13.118108035996556
17699 1 1484683 0.96428573 15.206957934424281
17700 1 1624531 0.91803277 14.52569104731083
17701 1 1134570 0.8888889 14.615160995163023
17702 1 1900292 0.9245283 16.627697041258216
17703 1 1441827 0.921875 14.06011893413961
17704 1 1462953 0.9508197 13.744702097028494
17705 1 1640984 0.9285714 14.780734083615243
17706 1 584529 0.9137931 15.199268003925681
17707 1 1561367 0.9122807 14.156083925627172
17708 1 872078 0.91525424 13.525396003387868
17709 1 1401642 0.93650794 12.210597051307559
17710 1 1452949 0.9206349 13.555758981965482
17711 1 455623 0.90909094 11.967139085754752
17712 1 1035582 0.9491525 14.214691938832402
17713 1 1606775 0.9230769 11.578266974538565
17714 1 1160317 0.9206349 11.88466395251453
17715 1 983874 0.9122807 15.069304034113884
17716 1 1471236 1.0 10.959637933410704
17717 1 1575216 0.93442625 12.438815087080002
17718 1 1627521 0.9264706 10.81800099927932
17719 1 1503265 0.9661017 13.257625978440046
17720 1 1382687 0.93333334 15.561657957732677
17721 1 1623502 0.91803277 14.340939000248909
17722 1 1236531 0.9848485 10.498752002604306
17723 1 477212 0.92424244 13.308977941051126
17724 1 1013544 0.9206349 14.488197979517281
17725 1 1605174 0.9245283 16.155967954546213
17726 1 700843 0.92727274 15.472935047000647
17727 1 1079477 0.9076923 11.618884978815913
17728 1 1133685 0.9464286 14.309013029560447
17729 1 1003992 0.921875 12.622519046999514
17730 1 1640028 0.93333334 14.204632956534624
17731 1 1380869 0.94736844 14.491935027763247
17732 1 1129883 0.9444444 14.56571591552347
17733 1 1092699 0.93846154 11.21062005404383
17734 1 1790955 0.9375 12.460918980650604
17735 1 1530275 0.90163934 13.824522029608488
17736 1 861270 0.9814815 14.137399033643305
17737 1 1228897 0.9285714 14.493624097667634
17738 1 1207058 0.91803277 13.429537997581065
17739 1 1573397 0.94736844 16.09910896513611
17740 1 1313183 1.0 12.64264399651438
17741 1 1617825 0.93333334 15.399005031213164
17742 1 1208768 0.92727274 15.7518379855901
17743 1 1437868 0.8909091 16.037228982895613
17744 1 847663 0.9491525 14.939278014935553
17745 1 444241 0.9814815 14.731467003002763
17746 1 1000972 0.95 14.439139049500227
17747 1 1013987 0.93333334 14.518372947350144
17748 1 1094235 0.95 13.060042983852327
17749 1 1163316 1.0 13.819630956277251
17750 1 1378320 0.90909094 15.583661966957152
17751 1 1051287 0.9830508 13.518532970920205
17752 1 1980699 0.9259259 15.071531059220433
17753 1 1464682 0.94736844 13.900947058573365
17754 1 1406415 0.94827586 13.999067014083266
17755 1 1497285 0.91525424 13.619535020552576
17756 1 1438219 0.93442625 13.37144908029586
17757 1 1021436 0.91803277 13.54866602923721
17758 1 982739 0.9375 12.325000017881393
17759 1 1190188 0.98214287 15.327106113545597
17760 1 1476654 0.91525424 14.90420603659004
17761 1 627904 0.9298246 15.56211500428617
17762 1 719469 0.91935486 13.321792939677835
17763 1 1112118 0.9661017 13.933195965364575
17764 1 1253839 0.9818182 14.722672989591956
17765 1 1652175 0.9137931 13.801504042930901
17766 1 1998249 0.984127 12.683372013270855
17767 1 999545 0.9285714 15.657195006497204
17768 1 1349551 0.90625 13.305607018992305
17769 1 1560379 0.9692308 12.065882096067071
17770 1 1415049 0.984127 12.54811801481992
17771 1 1859191 0.9032258 14.448096044361591
17772 1 1498996 0.9259259 15.337876975536346
17773 1 1125114 0.93333334 13.911842019297183
17774 1 1640984 0.9285714 14.49954102281481
17775 1 1208768 0.9285714 16.721248044632375
17776 1 990151 0.9655172 15.881178085692227
17777 1 1495991 0.91935486 14.673140016384423
17778 1 1640984 0.94545454 15.956948045641184
17779 1 1133322 0.9230769 13.828473980538547
17780 1 1168287 0.9259259 15.802976908162236
17781 1 477212 0.92424244 13.021889026276767
17782 1 1170636 0.9848485 10.802602977491915
17783 1 1506750 0.9056604 15.706029953435063
17784 1 1038773 0.9464286 13.967780978418887
17785 1 1378320 0.90909094 15.231795026920736
17786 1 813146 0.95238096 12.830407940782607
17787 1 868241 0.9375 12.162806931883097
17788 1 1049515 0.9310345 14.658988919109106
17789 1 1194200 0.9137931 14.579894952476025
17790 1 1499447 0.89830506 14.649184071458876
17791 1 1301763 0.9655172 14.49324400164187
17792 1 1476654 0.91525424 15.72641299571842
17793 1 1172606 0.93442625 13.796931016258895
17794 1 1606729 0.9137931 16.09534106682986
17795 1 537065 0.9830508 14.819475938566029
17796 1 1379006 0.94736844 16.163254040293396
17797 1 1091190 0.9814815 16.08478999696672
17798 1 700843 0.92727274 15.64327091909945
17799 1 978513 0.9206349 12.750403955578804
17800 1 1150878 0.94736844 14.677518978714943
17801 1 851012 0.9076923 12.420340091921389
17802 1 1059397 1.0 12.542851967737079
17803 1 642750 0.91803277 13.830622076056898
17804 1 1106531 0.89830506 14.916324988007545
17805 1 1618582 0.98214287 14.42134496755898
17806 1 1180443 0.95 13.48040602169931
17807 1 2420906 0.9310345 14.728368958458304
17808 1 1605181 0.91071427 14.383340952917933
17809 1 1224473 0.9310345 14.605671050958335
17810 1 1026179 0.91803277 15.838145976886153
17811 1 1632862 0.9836066 15.115970047190785
17812 1 1638985 0.9047619 16.273070010356605
17813 1 1401642 0.93650794 14.359112014062703
17814 1 1492017 0.9310345 16.419241088442504
17815 1 1406415 0.94827586 16.32273301947862
17816 1 1254879 0.9661017 14.778291922993958
17817 1 1405530 0.93442625 14.777120086364448
17818 1 1476654 0.91525424 15.3336429502815
17819 1 700843 0.92727274 16.322189010679722
17820 1 1640984 0.9285714 16.23365399427712
17821 1 1589981 0.91525424 15.26787003967911
17822 1 1028781 0.90909094 14.19080700725317
17823 1 1575216 0.93442625 14.236272079870105
17824 1 1194228 0.92537314 11.737894034013152
17825 1 1310445 0.9122807 16.303743002936244
17826 1 1376334 0.9830508 13.860675971955061
17827 1 1153159 0.9166667 16.022678930312395
17828 1 1205330 0.9516129 14.698012033477426
17829 1 1574028 0.90909094 16.211064998060465
17830 1 1789028 0.93442625 14.209229033440351
17831 1 1433325 0.89830506 15.73167194146663
17832 1 1512551 0.9830508 14.022410032339394
17833 1 1441402 0.9655172 16.13298198208213
17834 1 1584642 0.93442625 13.333284994587302
17835 1 1053680 0.9672131 13.224147027358413
17836 1 1070989 0.95 13.086591963656247
17837 1 815286 0.9354839 13.374560978263617
17838 1 814694 0.9655172 13.975959038361907
17839 1 1464585 0.98275864 13.789630960673094
17840 1 1799975 0.95 12.841877061873674
17841 1 1253839 0.9818182 14.628184027969837
17842 1 1049894 0.9848485 10.2647669846192
17843 1 56646 0.93333334 14.00331303011626
17844 1 1233022 0.962963 14.287904952652752
17845 1 1464585 0.98275864 14.077633037231863
17846 1 615693 0.96825397 12.072488898411393
17847 1 1228897 0.9285714 16.351639991626143
17848 1 1072238 0.9230769 13.875048025511205
17849 1 625989 0.9672131 14.143020962364972
17850 1 868241 0.9375 12.964142020791769
17851 1 1314390 0.93442625 14.375192113220692
17852 1 622337 0.88709676 14.074636972509325
17853 1 1484683 0.96428573 14.163124957121909
17854 1 1049894 0.9848485 10.4684520047158
17855 1 1376334 0.9830508 13.198766042478383
17856 1 1554920 0.9508197 13.063324964605272
17857 1 1213899 0.890625 11.94819004740566
17858 1 1497285 0.91525424 13.780488050542772
17859 1 712980 0.8965517 15.283645945601165
17860 1 444241 0.9137931 14.333994942717254
17861 1 1624869 0.98275864 13.89806903898716
17862 1 1085630 0.9322034 13.973973924294114
17863 1 1395208 1.0 13.458275003358722
17864 1 1980699 0.90909094 15.328723005950451
17865 1 1355949 0.98333335 13.77196388784796
17866 1 856190 0.94827586 15.38846897892654
17867 1 1887886 0.98333335 13.564774999395013
17868 1 1378320 0.92727274 15.251346048898995
17869 1 1466217 0.94545454 15.492245089262724
17870 1 1623502 0.91803277 13.969343970529735
17871 1 1509914 0.9310345 14.3937929533422
17872 1 719469 0.91935486 12.794194044545293
17873 1 1798222 0.93333334 13.429622980765998
17874 1 1194200 0.9137931 14.432146912440658
17875 1 1015040 0.9516129 12.798247975297272
17876 1 1663860 0.9298246 14.940046006813645
17877 1 1051287 0.9830508 13.609998975880444
17878 1 1497285 0.91525424 13.788631069473922
17879 1 888237 0.984375 11.010752990841866
17880 1 444241 0.9814815 14.254559064283967
17881 1 821020 0.91525424 14.102834975346923
17882 1 1202945 0.9677419 12.08891801070422
17883 1 1258029 0.9661017 14.639116008765996
17884 1 1044002 1.0 14.51330294366926
17885 1 1401642 0.93650794 12.94820907060057
17886 1 1038773 0.9464286 14.947094023227692
17887 1 1799975 0.95 14.313773019239306
17888 1 1406415 0.8852459 14.043570030480623
17889 1 1291299 0.9516129 14.787861029617488
17890 1 1608861 0.95238096 12.085826019756496
17891 1 837249 0.942029 9.347829036414623
17892 1 1707401 0.9830508 13.373865047469735
17893 1 1464585 0.98275864 14.099049963988364
17894 1 1110305 0.9032258 13.417307985946536
17895 1 1984582 0.9285714 14.882409013807774
17896 1 1531675 0.9032258 14.050198020413518
17897 1 1574512 0.91803277 13.710724073462188
17898 1 1333801 0.9830508 13.26162600889802
17899 1 1567559 0.90625 11.82744896505028
17900 1 1510646 0.9818182 14.790967921726406
17901 1 1486139 0.9076923 12.951571960002184
17902 1 1530539 0.94827586 14.441433944739401
17903 1 771826 0.98333335 14.038427965715528
17904 1 1409192 0.96363634 16.08551701065153
17905 1 977001 0.9285714 16.443375032395124
17906 1 1202945 0.9677419 12.90363201405853
17907 1 1524646 0.91935486 15.59190999250859
17908 1 584529 0.9464286 16.118963016197085
17909 1 868241 0.9375 12.616430060006678
17910 1 367266 0.9076923 13.966238009743392
17911 1 1014127 0.9354839 14.545990037731826
17912 1 1973187 0.9230769 13.786429073661566
17913 1 1013987 0.93333334 15.649439999833703
17914 1 1158493 0.98245615 15.250299009494483
17915 1 1174222 1.0 15.154169988818467
17916 1 1302331 0.9245283 15.694928006269038
17917 1 1532659 0.96666664 13.766482006758451
17918 1 664375 0.91525424 14.779664925299585
17919 1 56646 0.93333334 16.89395506400615
17920 1 1080177 0.9137931 16.791341942735016
17921 1 642464 0.9354839 14.682127046398818
17922 1 1079477 0.90625 13.362942961975932
17923 1 1640984 0.94545454 16.722679021768272
17924 1 1560050 0.9032258 14.483543927781284
17925 1 1590533 0.9354839 14.259928022511303
17926 1 346373 0.98245615 14.952078927308321
17927 1 1415770 0.93650794 13.25535005889833
17928 1 1355949 0.98333335 13.72974191326648
17929 1 1143623 0.95 13.864437001757324
17930 1 561598 0.9137931 14.835095033049583
17931 1 1042105 0.921875 13.206765986979008
17932 1 1025440 0.91071427 14.765375992283225
17933 1 444241 0.9814815 14.645925024524331
17934 1 1377818 0.953125 11.58411696087569
17935 1 1205330 0.9516129 14.155991957522929
17936 1 1086748 0.93442625 15.680913929827511
17937 1 1791785 0.93650794 15.665204031392932
17938 1 578772 0.9298246 16.10173610970378
17939 1 1256056 0.9830508 15.069864923134446
17940 1 1532728 0.9444444 16.876313951797783
17941 1 1405530 0.93442625 14.47442197240889
17942 1 1557832 0.89830506 15.008320100605488
17943 1 1608782 0.9122807 14.480510959401727
17944 1 1401799 0.89830506 15.1538560166955
17945 1 1428057 0.9137931 15.286878915503621
17946 1 1530539 0.94827586 14.877864043228328
17947 1 1900292 0.9245283 15.961215016432106
17948 1 1316144 0.98245615 14.434218988753855
17949 1 1266005 0.92727274 15.539963031187654
17950 1 1445979 0.94545454 15.744924079626799
17951 1 1574028 0.90909094 17.552452045492828
17952 1 1697501 0.95 15.403722994960845
17953 1 1332745 0.93333334 15.894529991783202
17954 1 1503265 0.9661017 14.684241963550448
17955 1 1461674 0.9 17.57317699957639
17956 1 1622692 0.9230769 13.073220965452492
17957 1 1056088 1.0 14.824380981735885
17958 1 1226073 0.9298246 15.675084898248315
17959 1 1438156 0.9818182 15.57022298220545
17960 1 1017764 0.9814815 15.552284894511104
17961 1 1617516 0.9285714 14.77490400429815
17962 1 1275495 0.9298246 15.33175993245095
17963 1 1075596 0.89705884 11.455220985226333
17964 1 1186040 0.9137931 15.43004298582673
17965 1 1104395 0.98245615 14.930968056432903
17966 1 1253839 0.9818182 15.620762947946787
17967 1 1415049 0.984127 13.871114933863282
17968 1 1044002 0.90163934 15.810166019946337
17969 1 1180307 0.9032258 15.676329960115254
17970 1 891710 0.91935486 14.21641104388982
17971 1 1133826 0.9836066 13.999796006828547
17972 1 1454207 0.91935486 14.259516028687358
17973 1 1259340 0.98245615 14.691993943415582
17974 1 1519452 0.91525424 15.27984393760562
17975 1 1039582 0.9166667 15.245931106619537
17976 1 1436264 0.984127 12.594340019859374
17977 1 939828 0.98214287 14.916129992343485
17978 1 1296286 0.9607843 16.298839007504284
17979 1 1549022 0.9137931 15.35339595284313
17980 1 1629573 0.9322034 14.894468942657113
17981 1 739498 0.9322034 14.3108069896698
17982 1 1403122 0.91071427 15.295665012672544
17983 1 1412900 0.9814815 15.282501000910997
17984 1 1574805 0.9836066 14.977987040765584
17985 1 1480577 0.9206349 14.965647947974503
17986 1 1112013 1.0 15.029010944999754
17987 1 1652175 0.9464286 15.824007918126881
17988 1 1291767 0.9677419 13.865889050066471
17989 1 1571731 0.98214287 15.60879300814122
17990 1 1302962 0.9166667 14.019720954820514
17991 1 1151117 0.9264706 10.71875006891787
17992 1 1336583 0.91071427 15.256627928465605
17993 1 1152346 0.96363634 15.488388016819954
17994 1 1272751 0.91803277 13.726103934459388
17995 1 1605181 0.8947368 14.976385049521923
17996 1 1563804 0.9814815 15.269223949871957
17997 1 1471360 0.9811321 15.547530958428979
17998 1 1481658 0.91525424 16.100357053801417
17999 1 1557832 0.89830506 15.033120987936854
18000 1 1228897 0.9285714 15.613462077453732
18001 1 796571 0.9122807 17.134136985987425
18002 1 664375 0.91525424 16.192317940294743
18003 1 1948980 0.9122807 17.254804028198123
18004 1 1444271 0.9230769 15.047933906316757
18005 1 1377818 0.953125 12.684239074587822
18006 1 1652175 0.9137931 15.117659932002425
18007 1 1377818 0.953125 11.873611016198993
18008 1 1266939 0.91803277 15.246535069309175
18009 1 1141196 0.94827586 15.18324704375118
18010 1 1138047 0.9516129 14.087855000980198
18011 1 385688 0.9032258 14.035766944289207
18012 1 1475200 0.9491525 13.553906930610538
18013 1 1301248 0.921875 14.085832051932812
18014 1 1425262 1.0 14.12502396851778
18015 1 1573397 0.94736844 15.538210980594158
18016 1 1128525 0.9122807 15.811689081601799
18017 1 1621399 0.9814815 15.343423932790756
18018 1 1121066 0.9491525 15.222880989313126
18019 1 1608861 0.9230769 13.240866013802588
18020 1 1415797 0.9811321 16.858924995176494
18021 1 837249 0.942029 10.496556991711259
18022 1 1487974 0.91525424 15.622269944287837
18023 1 870579 0.95 15.706302016042173
18024 1 1189668 0.9310345 14.417489059269428
18025 1 1409619 0.9285714 15.582993975840509
18026 1 1224442 0.9206349 14.045688090845942
18027 1 1563804 0.9814815 15.303885098546743
18028 1 1226073 0.9298246 15.17305092420429
18029 1 1798051 0.9508197 13.51281104143709
18030 1 1247323 0.94827586 15.012584975920618
18031 1 1664254 0.93442625 14.073604019358754
18032 1 1005183 0.9558824 11.270273011177778
18033 1 824132 0.95238096 12.723437044769526
18034 1 625839 0.9811321 15.34997799899429
18035 1 1293154 0.9122807 15.22063696756959
18036 1 1476562 0.93333334 16.65142795536667
18037 1 1638567 0.91935486 15.273434924893081
18038 1 1666796 0.9375 15.030407928861678
18039 1 1044741 0.9649123 16.311865067109466
18040 1 1389205 0.9464286 15.658679069019854
18041 1 444241 0.9814815 15.42965997941792
18042 1 2095822 0.984127 12.62218994088471
18043 1 939828 0.98214287 15.946678933687508
18044 1 627904 0.9298246 15.021782019175589
18045 1 1071565 0.921875 11.960988980717957
18046 1 1574805 0.9836066 13.944256934337318
18047 1 1436704 0.98333335 13.907790067605674
18048 1 1109426 0.89830506 15.328968991525471
18049 1 1409192 0.96363634 15.881365980021656
18050 1 1008866 0.90163934 14.762541046366096
18051 1 1244621 0.9411765 16.90630498342216
18052 1 1545145 0.94827586 14.995701028965414
18053 1 1044002 1.0 15.766190947033465
18054 1 1454207 0.91935486 14.278533053584397
18055 1 771826 0.98333335 14.55654890742153
18056 1 635779 0.91803277 15.703040990047157
18057 1 1454588 0.9677419 13.826259993948042
18058 1 1153876 0.9104478 12.110561947338283
18059 1 1044396 0.9137931 15.296243014745414
18060 1 1273666 0.91935486 14.08149499911815
18061 1 1630967 0.9516129 13.387506012804806
18062 1 1301841 0.90625 12.798154028132558
18063 1 1154854 0.9104478 12.19974597916007
18064 1 981669 0.9444444 16.117224004119635
18065 1 1376334 0.9830508 14.220078010112047
18066 1 883914 0.9830508 14.29983600974083
18067 1 1611816 0.9122807 15.271538053639233
18068 1 1081835 0.9047619 14.274928951635957
18069 1 1013881 0.8965517 15.311021008528769
18070 1 1415049 0.984127 12.531524058431387
18071 1 1591978 0.9122807 16.220613033510745
18072 1 1470331 0.9508197 14.936579973436892
18073 1 1633318 0.94736844 16.940472996793687
18074 1 1355949 0.98333335 14.58282396197319
18075 1 1411695 0.9130435 12.09274202119559
18076 1 1749694 0.9830508 14.302763040177524
18077 1 52431 0.9836066 14.378609019331634
18078 1 1162761 0.9074074 16.16016903426498
18079 1 1474806 0.9122807 15.145829995162785
18080 1 1256056 0.9830508 14.109118958003819
18081 1 1406415 0.94827586 14.70109901856631
18082 1 1950423 0.90163934 14.971876982599497
18083 1 1193152 0.9047619 13.513184967450798
18084 1 1652175 0.9137931 14.395940001122653
18085 1 1029182 0.90163934 13.690674910321832
18086 1 1169972 0.91935486 14.174383017234504
18087 1 1022780 0.89285713 17.429762985557318
18088 1 1438479 0.9117647 11.994572007097304
18089 1 1208593 0.9861111 9.077649097889662
18090 1 127671 0.9846154 12.61039893142879
18091 1 1779179 0.98571426 12.98684102948755
18092 1 1015703 0.9846154 12.309162993915379
18093 1 804558 0.9 10.802176897414029
18094 1 1442264 0.9189189 7.812257041223347
18095 1 626153 0.890625 12.222671997733414
18096 1 1015703 0.9846154 11.635013041086495
18097 1 638120 0.9130435 11.206381022930145
18098 1 889800 0.9848485 10.927335009910166
18099 1 1966885 0.98550725 9.643039084039629
18100 1 1208593 0.9861111 8.695409982465208
18101 1 1118857 0.9701493 11.035877047106624
18102 1 1369708 0.9846154 11.718804948031902
18103 1 1623239 0.9142857 10.437823017127812
18104 1 863466 0.9130435 10.330584947951138
18105 1 1233381 0.89855075 10.453570983372629
18106 1 1722017 0.9859155 9.076570975594223
18107 1 1110544 0.94285715 9.935189969837666
18108 1 1268023 0.9264706 12.079602922312915
18109 1 1492904 0.93846154 13.53171095252037
18110 1 1438479 0.9117647 12.047177995555103
18111 1 889800 0.9848485 11.86508999671787
18112 1 1015703 0.9846154 12.735216994769871
18113 1 1467735 0.969697 11.600296013057232
18114 1 1390407 0.984127 12.332136975601315
18115 1 1086388 0.921875 13.591778930276632
18116 1 1101338 0.92753625 10.707042994908988
18117 1 1208593 0.9861111 8.555042091757059
18118 1 1966885 0.98550725 9.706413024105132
18119 1 1410266 0.9117647 11.152307968586683
18120 1 1001706 0.93650794 12.523994082584977
18121 1 1110544 0.92753625 10.310890967957675
18122 1 161689 0.921875 13.997378991916776
18123 1 1387734 0.9285714 27.10974693764001
18124 1 1143800 0.9861111 7.713241968303919
18125 1 1208593 0.9861111 8.35756806191057
18126 1 1722017 0.9859155 8.863894967362285
18127 1 1779179 0.98571426 8.903221925720572
18128 1 1075596 0.9117647 10.413468000479043
18129 1 2289232 0.9104478 10.66799194086343
18130 1 1442264 0.9189189 7.967437035404146
18131 1 1722017 0.9859155 9.747658972628415
18132 1 1410266 0.9117647 12.023391085676849
18133 1 1154854 0.9402985 11.967497994191945
18134 1 1118617 0.9166667 9.678142028860748
18135 1 1303735 0.93846154 13.671849970705807
18136 1 1369708 0.9846154 12.481342069804668
18137 1 621009 1.0 11.861316044814885
18138 1 1087335 0.9264706 10.71137492544949
18139 1 199485 0.95454544 11.944536934606731
18140 1 667872 0.93939394 12.065988965332508
18141 1 889800 0.9848485 11.113698943518102
18142 1 667872 0.93939394 11.796750943176448
18143 1 1438479 0.9117647 11.254123994149268
18144 1 1193654 0.8939394 11.737941997125745
18145 1 1369708 0.9846154 11.776740080676973
18146 1 1015703 0.9846154 11.961048003286123
18147 1 1144258 0.95522386 10.350993019528687
18148 1 1596438 0.9402985 11.236127000302076
18149 1 315483 0.91549295 8.468104060739279
18150 1 1754419 0.9285714 11.11324003431946
18151 1 1010562 0.8888889 10.041582048870623
18152 1 1001706 0.9677419 12.677372083999217
18153 1 1966885 0.98550725 10.431892005726695
18154 1 127671 0.9846154 12.380287051200867
18155 1 1010562 0.8888889 10.599186993204057
18156 1 1438479 0.92753625 10.530430008657277
18157 1 1070315 0.91935486 14.326072996482253
18158 1 1001706 0.9677419 12.970797950401902
18159 1 1208593 0.9861111 8.517795009538531
18160 1 127671 0.9846154 11.883747996762395
18161 1 1966885 0.98550725 10.029507102444768
18162 1 1208593 0.9861111 8.48864100407809
18163 1 1369708 0.9846154 12.065291055478156
18164 1 1061249 0.9264706 12.12346798274666
18165 1 1623239 0.9142857 10.424092062748969
18166 1 189009 0.9104478 11.262148967944086
18167 1 821172 0.90625 12.53636204637587
18168 1 1966885 0.98550725 9.530353010632098
18169 1 2465803 0.92 7.663270109333098
18170 1 1110544 0.92957747 8.838997920975089
18171 1 461179 0.9411765 11.782008921727538
18172 1 887549 0.9846154 11.249814997427166
18173 1 1520662 0.9264706 10.275359032675624
18174 1 928655 0.89855075 11.087182094343007
18175 1 666759 0.9104478 10.699199978262186
18176 1 1303735 0.93846154 14.28459002636373
18177 1 1438479 0.92753625 10.109986993484199
18178 1 262871 0.9206349 14.469241024926305
18179 1 1722017 0.9859155 9.296071017161012
18180 1 1110544 0.92957747 9.390749968588352
18181 1 889800 0.9848485 11.346014100126922
18182 1 1303735 0.93846154 13.718785950914025
18183 1 815406 0.942029 10.221367934718728
18184 1 1177191 0.9375 12.203290942125022
18185 1 1779179 0.98571426 8.66755296010524
18186 1 1253988 0.88709676 13.269706978462636
18187 1 1070315 0.91935486 12.508040992543101
18188 1 889800 0.9848485 10.486208950169384
18189 1 1042415 1.0 11.986622004769742
18190 1 1010562 0.8888889 9.904528968036175
18191 1 1288432 1.0 10.37165301386267
18192 1 1288432 0.9558824 10.413705022074282
18193 1 973296 0.95714283 10.173714952543378
18194 1 1208593 0.9861111 8.768068975768983
18195 1 1208593 0.9861111 8.681475999765098
18196 1 1966885 0.98550725 10.326617979444563
18197 1 1060723 0.93846154 11.056244024075568
18198 1 189009 0.9104478 11.088454979471862
18199 1 1001706 0.9677419 12.813386972993612
18200 1 1085245 0.921875 12.292500003241003
18201 1 1966885 0.98550725 9.963470976799726
18202 1 815406 0.9558824 11.204989976249635
18203 1 1015703 0.9846154 12.11070001590997
18204 1 1087335 0.95454544 11.619488010182977
18205 1 1488547 0.98550725 9.586054016835988
18206 1 1966885 0.98550725 9.351629065349698
18207 1 1087335 0.9692308 11.421755072660744
18208 1 1208593 0.9861111 8.183041005395353
18209 1 1520662 0.92537314 11.23080006800592
18210 1 1208593 0.9861111 8.17028502933681
18211 1 1303735 0.93846154 13.000878971070051
18212 1 1488547 0.98550725 9.05276695266366
18213 1 1634824 0.95454544 11.150075937621295
18214 1 1205330 1.0 12.321896036155522
18215 1 1966885 0.98550725 9.244706947356462
18216 1 887549 0.9846154 11.243458953686059
18217 1 1453131 0.9 9.421877097338438
18218 1 1010562 0.8888889 9.347497019916773
18219 1 1070315 0.91935486 12.487222091294825
18220 1 1442264 0.9189189 7.320767967030406
18221 1 1303735 0.93846154 12.655318016186357
18222 1 1268023 0.9264706 10.91833901591599
18223 1 889800 0.9848485 11.09848206397146
18224 1 863466 0.9130435 10.867151897400618
18225 1 269935 0.8939394 12.47486099600792
18226 1 1966885 0.98550725 10.242642019875348
18227 1 1438479 0.9117647 11.60913403145969
18228 1 1544082 0.93846154 12.419393984600902
18229 1 928655 0.89855075 11.767445947043598
18230 1 1966885 0.98550725 10.077270912006497
18231 1 1488547 0.98550725 9.553023963235319
18232 1 1288432 0.9558824 10.163577040657401
18233 1 1075596 0.9117647 10.24262502323836
18234 1 1488547 0.98550725 9.2649320140481
18235 1 1438479 0.92753625 9.43542504683137
18236 1 1438479 0.92753625 9.261158993467689
18237 1 1288432 0.9558824 10.128494934178889
18238 1 2465803 0.92 7.33884796500206
18239 1 1070315 0.91935486 12.523103039711714
18240 1 1439660 0.9375 11.206635972484946
18241 1 531429 0.9305556 9.961295989342034
18242 1 10705 0.9 9.374761022627354
18243 1 1140585 0.94285715 10.002303984947503
18244 1 1346317 0.9705882 9.929666994139552
18245 1 827074 0.9166667 10.89176395907998
18246 1 1085245 0.921875 11.18940394371748
18247 1 1438479 0.9117647 10.56369999423623
18248 1 1439660 0.9375 11.611872003413737
18249 1 666759 0.9104478 11.250065988861024
18250 1 1303735 0.93846154 13.778611086308956
18251 1 1001706 0.93650794 12.879710062406957
18252 1 1488547 0.98550725 9.799009887501597
18253 1 1015703 0.9846154 11.759329005144536
18254 1 1439660 0.9375 11.9214829755947
18255 1 1438479 0.9117647 11.271073948591948
18256 1 2465803 0.92 7.784430985338986
18257 1 1208593 0.9861111 8.502782904542983
18258 1 1438479 0.92753625 9.564030915498734
18259 1 1110544 0.94285715 8.708843030035496
18260 1 1100710 0.98550725 9.468688978813589
18261 1 269935 0.8939394 11.65617594961077
18262 1 1015703 0.9846154 11.366961058229208
18263 1 938694 0.9166667 9.240678045898676
18264 1 984687 0.92957747 8.581837988458574
18265 1 1001706 0.9677419 11.732071987353265
18266 1 1346317 0.9705882 9.913561982102692
18267 1 1070315 0.91935486 12.562921037897468
18268 1 1966885 0.98550725 9.05658199917525
18269 1 1966885 0.98550725 9.13066603243351
18270 1 262871 0.9206349 13.520965934731066
18271 1 1028781 0.9402985 10.887490003369749
18272 1 1118857 0.98507464 10.137191973626614
18273 1 1369708 0.9846154 12.572631007060409
18274 1 1015703 0.9846154 12.749610934406519
18275 1 1438479 0.9117647 11.567438021302223
18276 1 1062579 0.9206349 13.775852974504232
18277 1 863466 0.9130435 11.013592011295259
18278 1 1001706 0.93650794 13.03425699006766
18279 1 889800 0.9848485 11.125870980322361
18280 1 1438479 0.92753625 9.535336052067578
18281 1 621009 1.0 11.303334031254053
18282 1 1038904 0.9142857 10.22914401255548
18283 1 1001706 0.93650794 12.302883900702
18284 1 1163968 0.9315069 8.894492988474667
18285 1 1001706 0.9677419 12.380045023746789
18286 1 1015703 0.9846154 11.448087054304779
18287 1 1520662 0.9264706 10.15695498790592
18288 1 262871 0.9206349 13.649225002154708
18289 1 1288432 1.0 10.137055069208145
18290 1 1846898 0.9324324 7.662927033379674
18291 1 1102573 0.9661017 13.386959908530116
18292 1 1439660 0.9375 11.646809987723827
18293 1 1085245 0.921875 12.00061198323965
18294 1 1438479 0.9117647 11.077340925112367
18295 1 820435 0.9402985 12.35292199999094
18296 1 1102899 0.95 14.957703067921102
18297 1 973296 0.95714283 10.602097027003765
18298 1 2470926 0.9285714 10.310300043784082
18299 1 1208593 0.9861111 8.822605013847351
18300 1 1193654 0.8939394 12.547686928883195
18301 1 1118617 0.9166667 9.510303032584488
18302 1 1622805 0.93939394 12.635131017304957
18303 1 1085245 0.921875 11.833205004222691
18304 1 1208593 0.9861111 8.364947978407145
18305 1 1208593 0.9861111 8.31208797171712
18306 1 1087335 0.9402985 10.507929953746498
18307 1 1001706 0.9677419 12.373577919788659
18308 1 1754419 0.9285714 10.52690704818815
18309 1 1110544 0.92753625 10.299199027940631
18310 1 2465803 0.92 7.683296105824411
18311 1 999929 0.95454544 11.73640601336956
18312 1 1773734 0.89041096 9.178082924336195
18313 1 1410266 0.9117647 11.216446990147233
18314 1 820435 0.9402985 10.83207898773253
18315 1 1010562 0.8888889 9.504244080744684
18316 1 1438479 0.92753625 9.484350914135575
18317 1 1439660 0.9375 12.380899977870286
18318 1 1488547 0.98550725 10.501386015675962
18319 1 1303735 0.93846154 14.092735014855862
18320 1 543642 0.9848485 11.762259993702173
18321 1 1722017 0.9859155 9.48658399283886
18322 1 127671 0.9846154 12.335532926954329
18323 1 1623239 0.9142857 11.249492992646992
18324 1 1520662 0.92537314 12.36806798260659
18325 1 697935 0.8888889 13.429736951366067
18326 1 189009 0.9104478 11.229222058318555
18327 1 1453131 0.9 9.81053605210036
18328 1 1288432 0.9558824 10.347084025852382
18329 1 1015703 0.9846154 11.792127043008804
18330 1 999929 0.95454544 11.506311013363302
18331 1 1070315 0.91935486 12.805718928575516
18332 1 1779179 0.98571426 8.920666994526982
18333 1 1163968 0.9315069 9.002491948194802
18334 1 127671 0.9846154 11.454959982074797
18335 1 1669314 0.9411765 10.86970407050103
18336 1 1573267 0.92753625 10.45248401351273
18337 1 1369708 0.9846154 11.46975893061608
18338 1 1031501 0.8888889 9.825498098507524
18339 1 1075596 0.89855075 10.342744062654674
18340 1 1779179 0.98571426 8.930590935051441
18341 1 1086388 0.921875 13.473666040226817
18342 1 1163968 0.9315069 9.686351986601949
18343 1 1610672 1.0 13.15186801366508
18344 1 1303735 0.93846154 14.1779970144853
18345 1 938694 0.9166667 10.437692981213331
18346 1 269935 0.8939394 12.714345939457417
18347 1 1722017 0.9859155 9.579772013239563
18348 1 1144258 0.95522386 10.492598987184465
18349 1 1779179 0.98571426 9.747014031745493
18350 1 1606760 1.0 11.770963086746633
18351 1 1118388 0.9577465 9.449888952076435
18352 1 127671 0.9846154 11.645375052466989
18353 1 1488547 0.98550725 9.764907066710293
18354 1 1143800 0.9589041 7.88135698530823
18355 1 574538 0.9142857 10.56279696058482
18356 1 1100710 0.9710145 10.526750003919005
18357 1 1573267 0.92753625 10.841036099009216
18358 1 1118617 0.9166667 9.141347953118384
18359 1 1121433 0.93846154 13.353842892684042
18360 1 1001706 0.93650794 12.64914101921022
18361 1 821172 0.90625 12.597933993674815
18362 1 928655 0.89855075 11.324546998366714
18363 1 1610672 1.0 12.766360072419047
18364 1 1966885 0.98550725 10.823853081092238
18365 1 1001706 0.93650794 13.942313031293452
18366 1 269935 0.8939394 13.86746997013688
18367 1 10705 0.9 10.710954898968339
18368 1 1488547 0.98550725 10.34937403164804
18369 1 1061249 0.9264706 13.084352016448975
18370 1 1092319 0.9230769 12.719805003143847
18371 1 1061249 0.9264706 12.330753030255437
18372 1 1779179 0.98571426 9.25785698927939
18373 1 1622805 0.93939394 12.272162013687193
18374 1 1387734 0.9285714 10.613275109790266
18375 1 1630386 0.9402985 11.225628084503114
18376 1 1966885 0.98550725 9.711730992421508
18377 1 1439660 0.9375 11.893636081367731
18378 1 1061249 0.9264706 11.767702060751617
18379 1 1369708 0.9846154 11.729602934792638
18380 1 1001706 0.9677419 12.51578307710588
18381 1 889800 0.9848485 11.051527108065784
18382 1 1456833 0.9230769 11.778213083744049
18383 1 1015703 0.9846154 11.61481300368905
18384 1 1132522 0.9166667 10.488110012374818
18385 1 1488547 0.98550725 9.830850991420448
18386 1 1092319 0.9230769 11.995111010037363
18387 1 1163968 0.9315069 9.924447978846729
18388 1 863466 0.9130435 11.253220960497856
18389 1 928655 0.89855075 12.079129926860332
18390 1 1001706 0.93650794 13.330616056919098
18391 1 667872 0.93939394 12.727293069474399
18392 1 887549 0.9846154 12.558895978145301
18393 1 1463169 0.93846154 13.877988909371197
18394 1 574538 0.9142857 10.501657030545175
18395 1 1085245 0.921875 11.913122958503664
18396 1 1463846 0.9264706 10.521868010982871
18397 1 1669314 0.9705882 10.434711002744734
18398 1 1070315 0.91935486 13.302708975970745
18399 1 1467735 0.9846154 11.651953915134072
18400 1 1085245 0.921875 11.742461938410997
18401 1 1488547 0.98550725 9.597793919965625
18402 1 1001706 0.93650794 12.585142976604402
18403 1 262871 0.9206349 14.159756014123559
18404 1 1390407 0.984127 11.781068053096533
18405 1 1544082 0.93846154 11.704468983225524
18406 1 1177191 0.9375 12.523878016509116
18407 1 1442264 0.9189189 7.698912057094276
18408 1 1520662 0.9411765 10.474031092599034
18409 1 1085245 0.921875 12.177660944871604
18410 1 667872 0.93939394 12.502214056439698
18411 1 1488547 0.98550725 10.360874002799392
18412 1 1208593 0.9861111 8.968297042883933
18413 1 1623239 0.9142857 11.220354004763067
18414 1 889800 0.9848485 11.726533994078636
18415 1 1019584 0.95454544 11.091649066656828
18416 1 1779179 0.98571426 9.52460104599595
18417 1 1208593 0.9861111 8.572606020607054
18418 1 1118617 0.9166667 9.124272968620062
18419 1 1410266 0.9117647 11.276278994046152
18420 1 1520662 0.9411765 10.467545944266021
18421 1 2465803 0.92 7.8068290604278445
18422 1 1015703 0.9846154 11.914314003661275
18423 1 821172 0.90625 12.404019944369793
18424 1 1288432 1.0 10.083926026709378
18425 1 1050932 0.9264706 10.17003902234137
18426 1 1633107 0.95238096 13.556418009102345
18427 1 10705 0.9 9.769433992914855
18428 1 1073693 0.9402985 11.064613005146384
18429 1 1085245 0.921875 11.856555007398129
18430 1 189009 0.9104478 11.36095100082457
18431 1 1722017 0.9859155 9.10141400527209
18432 1 1439660 0.9375 13.01576104015112
18433 1 1042415 0.9848485 11.215506005100906
18434 1 1116778 0.9705882 11.12963305786252
18435 1 1190959 0.95454544 11.088102008216083
18436 1 1966885 0.98550725 9.996282053180039
18437 1 1722017 0.9859155 9.237371967174113
18438 1 973296 1.0 8.84003599639982
18439 1 1453131 0.9 9.576936019584537
18440 1 1722017 0.9859155 9.087454993277788
18441 1 1118617 0.8873239 10.453964001499116
18442 1 1001706 0.9677419 12.278802925720811
18443 1 1779179 0.98571426 8.773396955803037
18444 1 1488547 0.98550725 9.222612949088216
18445 1 1606760 1.0 11.405200930312276
18446 1 1118617 0.8873239 10.388121008872986
18447 1 1966885 0.98550725 9.671245934441686
18448 1 1456833 0.9230769 11.219253996387124
18449 1 10705 0.9 9.357294999063015
18450 1 1116778 0.9705882 10.297772008925676
18451 1 315483 0.91549295 8.281139889732003
18452 1 1966885 0.98550725 9.542971034534276
18453 1 1520662 0.92537314 11.72672095708549
18454 1 1205330 1.0 14.437417965382338
18455 1 1208593 0.9861111 9.033983922563493
18456 1 1102899 0.95 14.957015053369105
18457 1 1288432 1.0 11.06703793630004
18458 1 1070315 0.91935486 14.3430590396747
18459 1 1453131 0.9 10.479641030542552
18460 1 1303735 0.93846154 13.568495051003993
18461 1 1633107 0.95238096 13.891316950321198
18462 1 2465803 0.92 7.8463590471073985
18463 1 1015703 0.9846154 11.863736086525023
18464 1 1010562 0.8888889 9.974958025850356
18465 1 1520662 0.92537314 11.971015017479658
18466 1 1438479 0.92753625 9.424366988241673
18467 1 1439660 0.9375 11.691123945638537
18468 1 2465803 0.92 7.644555997103453
18469 1 844967 0.984375 11.506421957165003
18470 1 1484656 0.98550725 9.630871005356312
18471 1 833111 0.9125 5.943396012298763
18472 1 1484656 0.98550725 9.531218907795846
18473 1 1484656 0.98550725 9.74080990999937
18474 1 240008 0.94520545 7.796876016072929
18475 1 1118388 0.9444444 9.192073950544
18476 1 1484656 0.98550725 9.821570944041014
18477 1 240008 0.94520545 7.915576919913292
18478 1 240008 0.94520545 7.891637040302157
18479 1 1484656 0.98550725 10.507348109968007
18480 1 240008 0.94520545 8.471528068184853
18481 1 240008 0.94520545 8.42735602054745
18482 1 438453 0.9220779 7.82279996201396
18483 1 1183528 0.9315069 9.836318902671337
18484 1 1484656 0.98550725 10.396273923106492
18485 1 240008 0.94520545 8.495199028402567
18486 1 240008 0.94520545 8.542939089238644
18487 1 1484656 0.98550725 10.416091070510447
18488 1 1484656 0.98550725 10.426477063447237
18489 1 240008 0.94520545 7.924108998849988
18490 1 240008 0.94520545 7.943753967992961
18491 1 564135 0.9285714 4.619057988747954
18492 1 515885 0.9285714 4.25871298648417
18493 1 575956 0.9195402 4.377924022264779
18494 1 2472578 0.9186047 4.1023429948836565
18495 1 564135 0.9285714 4.656463977880776
18496 1 564135 0.9285714 4.646598012186587
18497 1 515885 0.9285714 4.256740096025169
18498 1 1771741 0.98717946 6.141223944723606
18499 1 564135 0.9285714 4.524160991422832
18500 1 564135 0.9285714 4.489609971642494
18501 1 515885 0.9285714 4.191554966382682
18502 1 564135 0.9285714 4.472870961762965
18503 1 1771741 0.98717946 6.104819942265749
18504 1 564135 0.9285714 4.596624057739973
18505 1 515885 0.9285714 4.141372046433389
18506 1 564135 0.9285714 4.532504011876881
18507 1 564135 0.9285714 4.489231971092522
18508 1 564135 0.9285714 4.598823958076537
18509 1 9447 1.0 0.6605900125578046
18510 1 1174774 1.0 1.884631928987801
18511 1 23561 1.0 1.8911890219897032
18512 1 1839839 1.0 0.9899900760501623
18513 1 1960763 1.0 0.5933999782428145
18514 1 1826891 1.0 0.5919120740145445
18515 1 350377 1.0 0.599598977714777
18516 1 12413 1.0 0.6441730074584484
18517 1 1999132 1.0 0.6395319942384958
18518 1 149779 1.0 0.6141890771687031
18519 1 2117248 1.0 0.6382890278473496
18520 1 1065253 1.0 0.6285649724304676
18521 1 316706 1.0 0.8158909622579813
18522 1 1963814 1.0 0.8592159720137715
18523 1 1968450 1.0 0.6455200491473079
18524 1 105137 1.0 1.9040100742131472
18525 1 976318 1.0 1.9501870265230536
18526 1 1421215 1.0 0.8682319894433022
18527 1 21484 1.0 0.5961570423096418
18528 1 104110 1.0 0.5851179594174027
18529 1 1424613 1.0 0.7505830144509673
18530 1 852487 1.0 0.6810560589656234
18531 1 278570 1.0 0.7697560358792543
18532 1 1963205 1.0 0.6397259421646595
18533 1 142270 1.0 0.617163022980094
18534 1 12955 1.0 1.8605899531394243
18535 1 159816 1.0 1.8460949650034308
18536 1 150618 1.0 0.574460020288825
18537 1 130506 1.0 0.6400680867955089
18538 1 296940 1.0 0.592879019677639
18539 1 11537 1.0 0.5897429073229432
18540 1 1795410 1.0 0.7975420448929071
18541 1 288050 1.0 0.6432789377868176
18542 1 1799538 1.0 0.7443909998983145
18543 1 168871 1.0 1.3080979697406292
18544 1 501119 1.0 0.6144270300865173
18545 1 1757089 1.0 0.6140039768069983
18546 1 1962876 1.0 0.6031189113855362
18547 1 102982 1.0 0.5950479535385966
18548 1 1778868 1.0 0.5936650559306145
18549 1 1963152 1.0 0.6030659424141049
18550 1 360985 1.0 0.6012800149619579
18551 1 25879 1.0 0.6152130663394928
18552 1 10963 1.0 0.5897639784961939
18553 1 148326 1.0 2.037683967500925
18554 1 439256 1.0 1.362413982860744
18555 1 475886 1.0 0.6944120395928621
18556 1 150828 1.0 0.6359430262818933
18557 1 180091 1.0 0.6654200842604041
18558 1 449647 1.0 0.681017991155386
18559 1 40108 1.0 0.6475760601460934
18560 1 122089 1.0 2.0191780058667064
18561 1 395769 1.0 2.2323729936033487
18562 1 1968194 1.0 0.6349500035867095
18563 1 103776 1.0 0.7325200131163001
18564 1 5936 1.0 1.9677120726555586
18565 1 1780695 1.0 1.8252331065014005
18566 1 40845 1.0 0.6876409752294421
18567 1 984250 1.0 1.830301946029067
18568 1 1962802 1.0 2.3219360737130046
18569 1 1425522 1.0 0.7873020367696881
18570 1 468302 1.0 0.6813720101490617
18571 1 142270 1.0 0.747314072214067
18572 1 1967575 1.0 0.6858239648863673
18573 1 350377 1.0 0.7479999912902713
18574 1 39105 1.0 0.9590008994564414
18575 1 857223 1.0 0.7057080511003733
18576 1 453362 1.0 0.6767079466953874
18577 1 5877 1.0 0.677029020152986
18578 1 1415976 1.0 0.7004620274528861
18579 1 277194 1.0 0.66257209982723
18580 1 444630 1.0 0.6667179986834526
18581 1 1321328 1.0 2.121465979143977
18582 1 328760 1.0 0.6983859930187464
18583 1 455617 1.0 0.7462089415639639
18584 1 26106 1.0 0.7891720160841942
18585 1 122089 1.0 0.6881050067022443
18586 1 1299676 1.0 0.6873629754409194
18587 1 977232 1.0 0.6850049830973148
18588 1 2001476 1.0 0.6778810638934374
18589 1 62288 1.0 0.7271879585459828
18590 1 449647 1.0 0.7504719542339444
18591 1 975224 1.0 1.5777270309627056
18592 1 26666 1.0 0.706865917891264
18593 1 1510226 1.0 0.6527870427817106
18594 1 28605 1.0 0.7005970692262053
18595 1 447002 1.0 0.660126912407577
18596 1 62091 1.0 0.6751300534233451
18597 1 1969537 1.0 0.6679680664092302
18598 1 159816 1.0 0.7072649896144867
18599 1 560546 1.0 0.6622830405831337
18600 1 280901 1.0 0.6617199396714568
18601 1 104110 1.0 0.6889969808980823
18602 1 366988 1.0 0.6608199328184128
18603 1 95776 1.0 0.6496489513665438
18604 1 1147966 1.0 0.6617410108447075
18605 1 377295 1.0 0.7084429962560534
18606 1 149535 1.0 0.7167910225689411
18607 1 975409 1.0 0.7089850259944797
18608 1 299146 1.0 0.7763250032439828
18609 1 1968194 1.0 0.6722200196236372
18610 1 1795410 1.0 0.7492670556530356
18611 1 348324 1.0 1.3159520458430052
18612 1 1968450 1.0 1.3517530169337988
18613 1 15575 1.0 0.7527440320700407
18614 1 1425522 1.0 0.6884470349177718
18615 1 976455 1.0 0.664460938423872
18616 1 349755 1.0 0.6404559826478362
18617 1 1967357 1.0 0.6650210125371814
18618 1 940041 1.0 0.9512270335108042
18619 1 1040850 1.0 1.0140540543943644
18620 1 1627544 1.0 0.7644440047442913
18621 1 2005776 1.0 0.9306620340794325
18622 1 1729270 1.0 0.6719500524923205
18623 1 1965528 1.0 0.6300959503278136
18624 1 1966288 1.0 0.6345630390569568
18625 1 12652 1.0 0.6651070434600115
18626 1 1486197 1.0 0.6522480398416519
18627 1 329273 1.0 0.6413758965209126
18628 1 1963547 1.0 0.6595159647986293
18629 1 600741 1.0 0.6692430470138788
18630 1 1966893 1.0 0.7466450333595276
18631 1 159816 1.0 0.6731419125571847
18632 1 934715 1.0 0.6591050187125802
18633 1 12443 1.0 0.6539339665323496
18634 1 2117237 1.0 0.6626710528507829
18635 1 1968194 1.0 0.6360029801726341
18636 1 15575 1.0 0.6669949507340789
18637 1 92539 1.0 0.6369790062308311
18638 1 1111428 1.0 0.6414699601009488
18639 1 1887200 1.0 0.6573559949174523
18640 1 512635 1.0 0.6431749789044261
18641 1 256566 1.0 0.6276390049606562
18642 1 1969144 1.0 0.6449049105867743
18643 1 15943 1.0 0.6979570025578141
18644 1 8786 1.0 0.6656799232587218
18645 1 1963538 1.0 0.665436964482069
18646 1 40108 1.0 0.6909399526193738
18647 1 1967357 1.0 0.877874088473618
18648 1 159816 1.0 1.0484779486432672
18649 1 1040850 1.0 2.11678899358958
18650 1 144067 1.0 0.625974964350462
18651 1 1826891 1.0 0.7434559520334005
18652 1 713147 1.0 2.0290151005610824
18653 1 101665 1.0 0.6062639877200127
18654 1 158303 1.0 0.6222979864105582
18655 1 1967209 1.0 0.6413089577108622
18656 1 159816 1.0 0.653996947221458
18657 1 1969144 1.0 0.6124889478087425
18658 1 1795410 1.0 0.6337349768728018
18659 1 290371 1.0 0.6458309944719076
18660 1 473347 1.0 0.6520070601254702
18661 1 1969574 1.0 0.6438270211219788
18662 1 278036 1.0 0.6299999076873064
18663 1 13153 1.0 0.6085679633542895
18664 1 159816 1.0 0.7267090259119868
18665 1 832598 1.0 0.6330279866233468
18666 1 41333 1.0 0.7403679192066193
18667 1 456918 1.0 0.6177310133352876
18668 1 38952 1.0 0.6345480214804411
18669 1 1040850 1.0 0.6526029901579022
18670 1 1627544 1.0 0.6166029488667846
18671 1 26666 1.0 0.6432329537346959
18672 1 1963205 1.0 0.6661009974777699
18673 1 367598 1.0 1.201972016133368
18674 1 12068 1.0 1.2559730093926191
18675 1 1971156 1.0 1.2770609464496374
18676 1 122089 1.0 0.5969080375507474
18677 1 1960353 1.0 0.6330499891191721
18678 1 234306 1.0 0.6461560260504484
18679 1 12376 1.0 0.6146350642666221
18680 1 1627027 1.0 0.6406049942597747
18681 1 270203 1.0 0.6469800136983395
18682 1 1174774 1.0 0.5999649874866009
18683 1 444630 1.0 0.6212219595909119
18684 1 1961116 1.0 0.6603299407288432
18685 1 10725 1.0 1.2740649981424212
18686 1 142270 1.0 1.3848679373040795
18687 1 1969574 1.0 1.2781659606844187
18688 1 122084 1.0 1.140133012086153
18689 1 12903 1.0 1.1815280886366963
18690 1 279779 1.0 0.6479329895228148
18691 1 1669204 1.0 0.5942450370639563
18692 1 473133 1.0 0.6283429684117436
18693 1 8913 1.0 0.6077559664845467
18694 1 1450969 1.0 0.6250860169529915
18695 1 2474557 1.0 0.7694059750065207
18696 1 395769 1.0 0.656240968964994
18697 1 1963879 1.0 0.6244099931791425
18698 1 2006685 1.0 0.6722919642925262
18699 1 26666 1.0 0.621747924014926
18700 1 1905512 1.0 0.6286600837484002
18701 1 328950 1.0 0.587121001444757
18702 1 2314921 1.0 1.969945034943521
18703 1 764893 1.0 0.6474170368164778
18704 1 470996 1.0 0.6477920105680823
18705 1 1960763 1.0 0.6926219211891294
18706 1 1960279 1.0 0.6893640384078026
18707 1 1782221 1.0 0.6406439933925867
18708 1 282052 1.0 0.6205689860507846
18709 1 1653297 1.0 0.6305869901552796
18710 1 352178 1.0 0.5901459371671081
18711 1 2136346 1.0 0.6439569406211376
18712 1 472353 1.0 0.6020180881023407
18713 1 2314921 1.0 0.6105200154706836
18714 1 670161 1.0 0.6088099908083677
18715 1 898511 1.0 0.6089640082791448
18716 1 1317339 1.0 0.915700918994844
18717 1 1966038 1.0 0.654448987916112
18718 1 1469432 1.0 0.5924520082771778
18719 1 1961116 1.0 0.6136259762570262
18720 1 1340143 1.0 1.9761789590120316
18721 1 1999618 1.0 0.7776650600135326
18722 1 1571209 1.0 0.7004688959568739
18723 1 1399615 1.0 0.9740609675645828
18724 1 103477 1.0 2.1021940046921372
18725 1 1575713 1.0 2.0036749774590135
18726 1 469261 1.0 0.6736089708283544
18727 1 505890 1.0 0.6143910577520728
18728 1 449647 1.0 0.6502990145236254
18729 1 566345 1.0 0.6288680015131831
18730 1 104299 1.0 0.7177980151027441
18731 1 1961116 1.0 1.1343189980834723
18732 1 736175 1.0 1.9936490571126342
18733 1 1970939 1.0 0.8470459142699838
18734 1 1965572 1.0 0.6154220318421721
18735 1 2016249 1.0 0.5966230528429151
18736 1 12850 1.0 0.584207009524107
18737 1 443251 1.0 0.5997379776090384
18738 1 595151 1.0 0.5948840407654643
18739 1 1465602 1.0 0.6394858937710524
18740 1 26666 1.0 1.946516102179885
18741 1 159816 1.0 1.9269670592620969
18742 1 40926 1.0 1.9625619752332568
18743 1 1780672 1.0 0.6063020555302501
18744 1 964750 1.0 0.6700520170852542
18745 1 1757089 1.0 1.9311740761622787
18746 1 1299676 1.0 0.6212489679455757
18747 1 280854 1.0 0.5933799548074603
18748 1 304561 1.0 0.6412470247596502
18749 1 1946218 1.0 0.8237441070377827
18750 1 277488 1.0 0.6342659471556544
18751 1 1763076 1.0 1.8989790696650743
18752 1 346498 1.0 0.5895911017432809
18753 1 144841 1.0 0.590304029174149
18754 1 12732 1.0 0.6438819691538811
18755 1 469625 1.0 0.627250992693007
18756 1 178281 1.0 0.6597039755433798
18757 1 27894 1.0 0.6108960369601846
18758 1 1962470 1.0 0.6086239591240883
18759 1 1757089 1.0 0.6762039847671986
18760 1 1963954 1.0 0.8984740125015378
18761 1 1969144 1.0 1.930736005306244
18762 1 443398 1.0 1.440242980606854
18763 1 497966 1.0 0.9607579559087753
18764 1 267794 1.0 0.8167370688170195
18765 1 28699 1.0 1.858893083408475
18766 1 1777851 1.0 0.5837299395352602
18767 1 404238 1.0 0.6264810217544436
18768 1 41229 1.0 0.603926950134337
18769 1 1968450 1.0 0.5940769333392382
18770 1 23790 1.0 0.5986670730635524
18771 1 25879 1.0 0.6211940199136734
18772 1 288050 1.0 0.5962239811196923
18773 1 1458565 1.0 0.5895399954169989
18774 1 26666 1.0 0.6118569290265441
18775 1 60290 1.0 0.5848100408911705
18776 1 12074 1.0 1.9584079273045063
18777 1 41333 1.0 1.990499091334641
18778 1 1321328 1.0 0.6006980547681451
18779 1 1968874 1.0 0.6028900388628244
18780 1 1961116 1.0 0.6015730323269963
18781 1 395769 1.0 0.61599793843925
18782 1 918322 1.0 0.6119949975982308
18783 1 455617 1.0 0.6880779983475804
18784 1 1960294 1.0 0.5810559960082173
18785 1 1795044 1.0 0.6856239633634686
18786 1 183743 1.0 0.6446880288422108
18787 1 1967280 1.0 0.5931810010224581
18788 1 128502 1.0 0.5947289755567908
18789 1 104142 1.0 0.6120329489931464
18790 1 1969609 1.0 0.6206750404089689
18791 1 1720212 1.0 0.8264280622825027
18792 1 552388 1.0 1.866849954240024
18793 1 1968450 1.0 0.6985040381550789
18794 1 1969602 1.0 0.6189859705045819
18795 1 1962802 1.0 0.6057479185983539
18796 1 1969574 1.0 0.6787250749766827
18797 1 1969924 1.0 0.5980959394946694
18798 1 159816 1.0 0.6079720333218575
18799 1 597182 1.0 0.5919260438531637
18800 1 1965204 1.0 0.732925022020936
18801 1 1969602 1.0 0.6504430202767253
18802 1 1466066 1.0 0.6139429751783609
18803 1 13012 1.0 0.641681021079421
18804 1 1699878 1.0 1.8776810029521585
18805 1 1748392 1.0 1.866206992417574
18806 1 1962865 1.0 0.6449370412155986
18807 1 12759 1.0 0.6114259595051408
18808 1 983653 1.0 0.7449589902535081
18809 1 980617 1.0 0.7126330165192485
18810 1 7510 1.0 0.955843017436564
18811 1 1966038 1.0 0.8271790575236082
18812 1 41333 1.0 0.9827909525483847
18813 1 159816 1.0 1.4887939905747771
18814 1 12902 1.0 0.6620449712499976
18815 1 1514927 1.0 0.6742350524291396
18816 1 280205 1.0 0.7127081044018269
18817 1 1999617 1.0 0.7678139954805374
18818 1 501073 1.0 0.6551180267706513
18819 1 351831 1.0 0.6962489569559693
18820 1 1969144 1.0 0.7367179496213794
18821 1 828021 1.0 0.6868119817227125
18822 1 1960342 1.0 2.2028241073712707
18823 1 1905512 1.0 0.6914680125191808
18824 1 1970152 1.0 0.6808779435232282
18825 1 262681 1.0 0.6658839993178844
18826 1 143736 1.0 0.686667044647038
18827 1 104934 1.0 2.226388896815479
18828 1 231607 1.0 0.8653419790789485
18829 1 1966038 1.0 0.6955030839890242
18830 1 75801 1.0 2.238120068795979
18831 1 347336 1.0 0.9224680252373219
18832 1 477205 1.0 2.147967927157879
18833 1 445925 1.0 0.9417260298505425
18834 1 1205053 1.0 2.1431109635159373
18835 1 1826891 1.0 0.8829960133880377
18836 1 1969144 1.0 0.6481939926743507
18837 1 12965 1.0 0.6612229626625776
18838 1 1780505 1.0 0.6614400772377849
18839 1 1299676 1.0 0.7092880550771952
18840 1 122089 1.0 0.6807820172980428
18841 1 450042 1.0 0.6796339293941855
18842 1 269223 1.0 0.6427000043913722
18843 1 270042 1.0 0.640263082459569
18844 1 178281 1.0 0.7115419721230865
18845 1 1965863 1.0 1.3584350235760212
18846 1 11325 1.0 1.5576379373669624
18847 1 2314921 1.0 1.1934619396924973
18848 1 1441974 1.0 0.6512969266623259
18849 1 159816 1.0 0.835192040540278
18850 1 2264570 1.0 2.13261810131371
18851 1 10521 1.0 0.8963429136201739
18852 1 1966098 1.0 2.1704729879274964
18853 1 279278 1.0 0.8562549483031034
18854 1 15575 1.0 0.6951249670237303
18855 1 764893 1.0 0.6496399873867631
18856 1 1670848 1.0 0.6527371006086469
18857 1 248445 1.0 0.8367580594494939
18858 1 1890916 1.0 1.3497170293703675
18859 1 2199326 1.0 1.0084749665111303
18860 1 1961395 1.0 0.9248110000044107
18861 1 1260472 1.0 1.3772990787401795
18862 1 1282567 1.0 1.4607920311391354
18863 1 471606 1.0 0.7852560374885798
18864 1 80764 1.0 1.4167689951136708
18865 1 686069 1.0 0.9686230914667249
18866 1 2474522 1.0 0.7293829694390297
18867 1 1905579 1.0 1.3474939623847604
18868 1 30698 1.0 1.2799969408661127
18869 1 27788 1.0 0.8766750106588006
18870 1 1185142 1.0 0.7263040170073509
18871 1 1706603 1.0 0.7900720229372382
18872 1 1136967 1.0 1.4860399533063173
18873 1 1282812 1.0 1.2762510450556874
18874 1 277450 1.0 1.018089009448886
18875 1 77323 1.0 1.0620109969750047
18876 1 1990050 1.0 1.3352230889722705
18877 1 738348 1.0 3.045074990950525
18878 1 348770 1.0 0.9061129530891776
18879 1 1966577 1.0 1.4336069580167532
18880 1 2461507 1.0 0.7813629927113652
18881 1 327245 1.0 0.9792880155146122
18882 1 1669884 1.0 1.0094939498230815
18883 1 185354 1.0 0.7407969096675515
18884 1 1716208 1.0 1.2953360565006733
18885 1 1960760 1.0 0.7421310292556882
18886 1 979104 1.0 0.6708790315315127
18887 1 2015121 1.0 0.7982919923961163
18888 1 1965205 1.0 1.009428990073502
18889 1 2096011 1.0 0.9603459620848298
18890 1 439882 1.0 0.9877030970528722
18891 1 1856080 1.0 1.464048051275313
18892 1 73783 1.0 1.4001119416207075
18893 1 347972 1.0 1.5681009972468019
18894 1 2222109 1.0 1.0202639969065785
18895 1 1714023 1.0 1.2423950247466564
18896 1 2001479 1.0 0.7244899170473218
18897 1 234175 1.0 0.9947009384632111
18898 1 1468332 1.0 1.0421499609947205
18899 1 344638 1.0 0.8502899436280131
18900 1 660478 1.0 1.3778450665995479
18901 1 2308426 1.0 1.5542679466307163
18902 1 1481438 1.0 1.3020529877394438
18903 1 168266 1.0 1.3488199329003692
18904 1 812221 1.0 1.27040792722255
18905 1 349616 1.0 1.103291055187583
18906 1 1629505 1.0 0.9381769923493266
18907 1 1966263 1.0 0.8440890815109015
18908 1 2360639 1.0 1.3111259322613478
18909 1 1961013 1.0 1.315155066549778
18910 1 1780719 1.0 1.0267049074172974
18911 1 1711363 1.0 1.4953489881008863
18912 1 1421713 1.0 1.2525760103017092
18913 1 443307 1.0 1.6003740020096302
18914 1 1563135 1.0 3.267719061113894
18915 1 1962026 1.0 1.1977450922131538
18916 1 604092 1.0 1.3526719994843006
18917 1 184137 1.0 1.4032149920240045
18918 1 1549376 1.0 0.7181490072980523
18919 1 1668724 1.0 0.8782059885561466
18920 1 1563096 1.0 0.9954959386959672
18921 1 936568 1.0 3.0021530110388994
18922 1 181841 1.0 2.1932799136266112
18923 1 2381723 1.0 1.1522789718583226
18924 1 1670608 1.0 0.870975898578763
18925 1 1965567 1.0 0.6909170188009739
18926 1 1229577 1.0 1.0342970490455627
18927 1 1241773 1.0 1.1280690087005496
18928 1 306023 1.0 2.9079540399834514
18929 1 1505887 1.0 1.3143280521035194
18930 1 1731387 1.0 1.2973090633749962
18931 1 1498970 1.0 1.0465600062161684
18932 1 231490 1.0 0.7090639555826783
18933 1 858891 1.0 0.7732990197837353
18934 1 620803 1.0 1.0724320309236646
18935 1 811773 1.0 0.7812199182808399
18936 1 2385173 1.0 0.6943020271137357
18937 1 631217 1.0 1.194130047224462
18938 1 2343963 1.0 0.9414079831913114
18939 1 1657340 1.0 1.1379510397091508
18940 1 1237116 1.0 1.195351011119783
18941 1 2221704 1.0 1.1193619575351477
18942 1 182004 1.0 1.339303096756339
18943 1 73783 1.0 1.262456993572414
18944 1 1593170 1.0 2.3118150420486927
18945 1 73246 1.0 3.1781919533386827
18946 1 1506041 1.0 1.2359819374978542
18947 1 1730951 1.0 0.7446639938279986
18948 1 368277 1.0 1.0597779182717204
18949 1 1440339 1.0 0.711622997187078
18950 1 537524 1.0 1.3090959982946515
18951 1 12259 1.0 0.7545660482719541
18952 1 349616 1.0 0.9857820114120841
18953 1 1615987 1.0 0.7630949839949608
18954 1 317554 1.0 0.935849966481328
18955 1 445231 1.0 1.141002052463591
18956 1 1582426 1.0 0.6405250169336796
18957 1 561663 1.0 0.7650729967281222
18958 1 101535 1.0 1.013902947306633
18959 1 440546 1.0 1.878096954897046
18960 1 42591 1.0 1.8663050141185522
18961 1 2362487 1.0 1.256146002560854
18962 1 285454 1.0 0.6779099348932505
18963 1 1960676 1.0 0.757167930714786
18964 1 265080 1.0 1.0105619439855218
18965 1 1455839 1.0 1.3279290869832039
18966 1 222499 1.0 1.1959640542045236
18967 1 1966553 1.0 0.9551920229569077
18968 1 26563 1.0 1.2868900084868073
18969 1 1967227 1.0 0.7760219741612673
18970 1 2382833 1.0 1.093431026674807
18971 1 1961442 1.0 0.9756920626387
18972 1 1644075 1.0 1.343273906968534
18973 1 1970237 1.0 0.7333450485020876
18974 1 12975 1.0 0.6661009974777699
18975 1 1571427 1.0 0.869857962243259
18976 1 99816 1.0 1.294816960580647
18977 1 1811224 1.0 0.9291139431297779
18978 1 277350 1.0 1.0445780353620648
18979 1 35001 1.0 0.9266959968954325
18980 1 1522865 1.0 1.4672019751742482
18981 1 40645 1.0 0.672999070957303
18982 1 111822 1.0 1.121965004131198
18983 1 1137948 1.0 0.6240720394998789
18984 1 1963129 1.0 1.2555860448628664
18985 1 1966222 1.0 1.1632120003923774
18986 1 1855687 1.0 1.085112919099629
18987 1 1720996 1.0 0.7213460048660636
18988 1 1960657 1.0 0.7231729105114937
18989 1 1034950 1.0 1.3335649855434895
18990 1 1847815 1.0 1.417937921360135
18991 1 321550 1.0 0.658308039419353
18992 1 589784 1.0 1.543903024867177
18993 1 1964515 1.0 1.458854996599257
18994 1 313307 1.0 2.0865099504590034
18995 1 954856 1.0 2.2210689494386315
18996 1 103911 1.0 1.2881190050393343
18997 1 1715971 1.0 1.629473059438169
18998 1 1553053 1.0 1.2266659177839756
18999 1 2233078 1.0 1.0577489156275988
19000 1 977158 1.0 1.2606069212779403
19001 1 1689432 1.0 1.0266740573570132
19002 1 1614903 1.0 2.385547966696322
19003 1 1707686 1.0 1.310091931372881
19004 1 1967140 1.0 1.9562829984351993
19005 1 374469 1.0 1.6830340027809143
19006 1 727679 1.0 0.8895999053493142
19007 1 469909 1.0 0.9370630141347647
19008 1 1967535 1.0 2.1898330887779593
19009 1 2128136 1.0 1.0549071012064815
19010 1 1906756 1.0 1.1781870853155851
19011 1 1760454 1.0 1.121261972002685
19012 1 38549 1.0 0.7016889285296202
19013 1 1961420 1.0 1.1983579024672508
19014 1 1291054 1.0 2.2771270014345646
19015 1 2018405 1.0 3.2836690079420805
19016 1 1960701 1.0 0.925092026591301
19017 1 478111 1.0 1.5842990251258016
19018 1 1967535 1.0 1.7182331066578627
19019 1 177295 1.0 1.2584610376507044
19020 1 758654 1.0 1.0004609357565641
19021 1 640977 1.0 1.6442430205643177
19022 1 19733 1.0 1.9124519312754273
19023 1 124265 1.0 1.5189460245892406
19024 1 2380814 1.0 1.654174062423408
19025 1 2011030 1.0 0.7198560051620007
19026 1 241964 1.0 1.1669149389490485
19027 1 1135297 1.0 2.3020559456199408
19028 1 232152 1.0 1.6130129806697369
19029 1 1483982 1.0 1.0809660889208317
19030 1 22865 1.0 1.570685999467969
19031 1 1945393 1.0 1.6551449662074447
19032 1 310157 1.0 1.6528380801901221
19033 1 1220385 1.0 1.6507500549778342
19034 1 2460768 1.0 2.052929950878024
19035 1 1967573 1.0 1.1821589432656765
19036 1 1970176 1.0 0.7464599329978228
19037 1 940886 1.0 1.3192759361118078
19038 1 452685 1.0 1.4639269793406129
19039 1 2369583 1.0 0.8423130493611097
19040 1 1265209 1.0 0.6789950421079993
19041 1 1189881 1.0 0.7097260095179081
19042 1 284510 1.0 1.0486639803275466
19043 1 19072 1.0 2.3025870323181152
19044 1 1648408 1.0 0.8244869532063603
19045 1 1908289 1.0 0.9017650736495852
19046 1 1889743 1.0 1.0015569860115647
19047 1 1960727 1.0 1.2934890110045671
19048 1 1507735 1.0 0.9471789235249162
19049 1 156564 1.0 1.208728994242847
19050 1 580371 1.0 2.4764970876276493
19051 1 328174 1.0 2.5671570328995585
19052 1 21568 1.0 1.3432609848678112
19053 1 168347 1.0 2.14504508767277
19054 1 742922 1.0 0.9838459081947803
19055 1 1667507 1.0 3.0274620512500405
19056 1 1968145 1.0 0.7263279985636473
19057 1 474234 1.0 0.6464129546657205
19058 1 1485788 1.0 1.0343838948756456
19059 1 308586 1.0 0.6484960904344916
19060 1 1654069 1.0 1.2417680118232965
19061 1 59751 1.0 0.8798340568318963
19062 1 218432 1.0 1.388462958857417
19063 1 141339 1.0 0.6351129850372672
19064 1 1888594 1.0 1.394922030158341
19065 1 979104 1.0 2.3417359916493297
19066 1 629011 1.0 0.850335112772882
19067 1 305433 1.0 0.8624179754406214
19068 1 1961077 1.0 0.6676680641248822
19069 1 1906742 1.0 0.9932710090652108
19070 1 453961 1.0 0.812022015452385
19071 1 1565906 1.0 1.0694850934669375
19072 1 1967867 1.0 2.5974909076467156
19073 1 975788 1.0 0.6673909956589341
19074 1 1960519 1.0 0.7084200624376535
19075 1 142999 1.0 1.320000970736146
19076 1 1933462 1.0 2.164682955481112
19077 1 1060660 1.0 2.0084340358152986
19078 1 1457599 1.0 1.7597220139577985
19079 1 276523 1.0 1.3850650284439325
19080 1 60030 1.0 1.8525220220908523
19081 1 401172 1.0 2.0807619439437985
19082 1 352841 1.0 1.3575110351666808
19083 1 970719 1.0 2.2310130298137665
19084 1 1967064 1.0 2.0982070127502084
19085 1 166098 1.0 0.6703040562570095
19086 1 84986 1.0 0.6295889616012573
19087 1 1849851 1.0 0.9941660100594163
19088 1 1970652 1.0 0.8014560444280505
19089 1 1921688 1.0 1.4473709743469954
19090 1 272449 1.0 0.9502740576863289
19091 1 745382 1.0 1.1352939764037728
19092 1 2040524 1.0 0.6989330286160111
19093 1 242242 1.0 1.2663729721680284
19094 1 1667079 1.0 0.772596918977797
19095 1 1967809 1.0 0.7779489969834685
19096 1 94453 1.0 0.7220340194180608
19097 1 375410 1.0 2.2808159701526165
19098 1 2450317 1.0 1.9948111148551106
19099 1 523014 1.0 1.318595022894442
19100 1 1178459 1.0 1.4516080264002085
19101 1 1930274 1.0 0.8759440388530493
19102 1 141339 1.0 0.6263830000534654
19103 1 1965660 1.0 0.7022899808362126
19104 1 486334 1.0 1.2232830049470067
19105 1 530091 1.0 0.8556789252907038
19106 1 75370 1.0 0.755271059460938
19107 1 1617801 1.0 1.1353489244356751
19108 1 974237 1.0 0.8636430138722062
19109 1 1962433 1.0 0.6932950345799327
19110 1 1055629 1.0 1.3994500041007996
19111 1 1136461 1.0 1.1692799162119627
19112 1 1965052 1.0 0.95644302200526
19113 1 2446066 1.0 0.9121809853240848
19114 1 397906 1.0 0.7783359615132213
19115 1 986297 1.0 0.6277860375121236
19116 1 1633533 1.0 0.7966450648382306
19117 1 625318 1.0 2.110965084284544
19118 1 1727654 1.0 2.6032569585368037
19119 1 504195 1.0 1.5362800331786275
19120 1 1912882 1.0 0.8464429993182421
19121 1 1967249 1.0 0.6754340138286352
19122 1 2221667 1.0 1.0038770269602537
19123 1 22269 1.0 1.2457569828256965
19124 1 474924 1.0 1.0998130310326815
19125 1 1934833 1.0 1.140538020990789
19126 1 217427 1.0 0.9435960091650486
19127 1 60485 1.0 0.7677669636905193
19128 1 450232 1.0 0.6286929128691554
19129 1 342325 1.0 0.944404979236424
19130 1 979104 1.0 0.8180889999493957
19131 1 918995 1.0 1.1316799791529775
19132 1 1963122 1.0 1.1045769788324833
19133 1 2002570 1.0 0.7665699813514948
19134 1 1813803 1.0 0.720662996172905
19135 1 1966992 1.0 0.6352929631248116
19136 1 27984 1.0 0.7019310723990202
19137 1 1961300 1.0 0.6196860922500491
19138 1 1580247 1.0 0.6926700007170439
19139 1 975431 1.0 0.7559290388599038
19140 1 257247 1.0 1.3549119466915727
19141 1 1185448 1.0 0.688530970364809
19142 1 928488 1.0 0.7172580808401108
19143 1 1899842 1.0 0.988053041510284
19144 1 558165 1.0 0.9164700750261545
19145 1 2259217 1.0 1.5807620948180556
19146 1 2366726 1.0 1.657710992731154
19147 1 551825 1.0 0.9309910237789154
19148 1 1106958 1.0 0.9207419352605939
19149 1 2383123 1.0 1.4868669677525759
19150 1 1980999 1.0 2.5634029880166054
19151 1 810724 1.0 1.007326995022595
19152 1 1449735 1.0 0.8827019482851028
19153 1 302056 1.0 1.2610959820449352
19154 1 1634720 1.0 1.0604460258036852
19155 1 449922 1.0 0.7445020601153374
19156 1 1996506 1.0 1.4665400376543403
19157 1 1689311 1.0 0.8950259070843458
19158 1 1279902 1.0 0.9945109486579895
19159 1 1563618 1.0 1.0168279986828566
19160 1 899353 1.0 1.5463980380445719
19161 1 366859 1.0 1.5744060510769486
19162 1 27577 1.0 2.0358338952064514
19163 1 1663183 1.0 0.9186749812215567
19164 1 1965505 1.0 0.7452720310539007
19165 1 1638456 1.0 1.3359180884435773
19166 1 1113493 1.0 0.8248300291597843
19167 1 295818 1.0 1.7266649520024657
19168 1 55348 1.0 1.181832980364561
19169 1 1512736 1.0 0.8380899671465158
19170 1 1963926 1.0 1.2246309779584408
19171 1 975638 1.0 1.0186280123889446
19172 1 1940711 1.0 0.9491679957136512
19173 1 1899378 1.0 2.9996270313858986
19174 1 302395 1.0 1.5029760543256998
19175 1 1678286 1.0 1.7017379868775606
19176 1 91736 1.0 1.3634390197694302
19177 1 2473734 1.0 2.9281669994816184
19178 1 1963122 1.0 1.3743790332227945
19179 1 1967215 1.0 0.7144130067899823
19180 1 182933 1.0 1.5533780679106712
19181 1 1891629 1.0 1.1326329549774528
19182 1 466677 1.0 0.8227369980886579
19183 1 1255583 1.0 1.6104329843074083
19184 1 2233380 1.0 1.1902969563379884
19185 1 2223149 1.0 2.8652469627559185
19186 1 84381 1.0 1.5080600278452039
19187 1 181371 1.0 1.1977399699389935
19188 1 466676 1.0 0.9018980199471116
19189 1 1799105 1.0 1.077209017239511
19190 1 346130 1.0 1.1028950102627277
19191 1 630062 1.0 1.5547949587926269
19192 1 1730162 1.0 0.7972080493345857
19193 1 2004355 1.0 1.3797900173813105
19194 1 181872 1.0 2.403593040071428
19195 1 84532 1.0 1.436346909031272
19196 1 1619945 1.0 1.6890129772946239
19197 1 2232352 1.0 1.5947199426591396
19198 1 445946 1.0 0.7247700123116374
19199 1 2461507 1.0 0.8141340222209692
19200 1 326852 1.0 0.6941690808162093
19201 1 1144782 1.0 1.691552926786244
19202 1 1967169 1.0 2.81209300737828
19203 1 565233 1.0 1.1355619644746184
19204 1 1663468 1.0 0.7532630115747452
19205 1 1964252 1.0 1.588461920619011
19206 1 539908 1.0 2.1429030457511544
19207 1 1714023 1.0 2.8052000561729074
19208 1 1847488 1.0 1.2602329952642322
19209 1 1483982 1.0 1.0590309975668788
19210 1 2015617 1.0 0.9463130263611674
19211 1 1966174 1.0 0.8138479897752404
19212 1 1773544 1.0 1.1276219738647342
19213 1 382378 1.0 0.8843870600685477
19214 1 1416588 1.0 1.4772489666938782
19215 1 1970573 1.0 1.7084720311686397
19216 1 956254 1.0 2.3157140240073204
19217 1 1965629 1.0 0.829820055514574
19218 1 166098 1.0 0.6690199952572584
19219 1 9196 1.0 1.790206995792687
19220 1 8931 1.0 1.671239035204053
19221 1 1703900 1.0 1.5443770680576563
19222 1 875456 1.0 1.3337680138647556
19223 1 1591303 1.0 1.392078003846109
19224 1 1968145 1.0 0.7761950837448239
19225 1 768593 1.0 0.6339880637824535
19226 1 1676750 1.0 1.0953579330816865
19227 1 1824901 1.0 1.5943479957059026
19228 1 1425482 1.0 3.203517058864236
19229 1 1422793 1.0 1.017782953567803
19230 1 366859 1.0 1.3792820973321795
19231 1 1019697 1.0 0.9740079985931516
19232 1 85449 1.0 0.6551180267706513
19233 1 514359 1.0 0.9626940591260791
19234 1 904488 1.0 0.9675369365140796
19235 1 80659 1.0 1.0340760927647352
19236 1 1183766 1.0 0.8796940091997385
19237 1 248640 1.0 0.9619529591873288
19238 1 1970274 1.0 1.3556859921664
19239 1 1031936 1.0 0.9480660082772374
19240 1 980621 1.0 0.9567879606038332
19241 1 1661713 1.0 1.5932099195197225
19242 1 44374 1.0 1.3641969999298453
19243 1 26286 1.0 0.7573859766125679
19244 1 82588 1.0 0.7595390779897571
19245 1 1964126 1.0 0.6854359526187181
19246 1 533068 1.0 1.2818649411201477
19247 1 2140411 1.0 0.9979279711842537
19248 1 1151188 1.0 0.9526070207357407
19249 1 1967478 1.0 0.6300570676103234
19250 1 276555 1.0 1.1811450822278857
19251 1 1713025 1.0 0.8525840239599347
19252 1 1965131 1.0 0.7753359386697412
19253 1 892766 1.0 0.6617249455302954
19254 1 1499809 1.0 1.2458139099180698
19255 1 107725 1.0 0.9132259292528033
19256 1 29559 1.0 1.5668730484321713
19257 1 379139 1.0 1.8721979577094316
19258 1 1887199 1.0 1.4915209030732512
19259 1 263114 1.0 1.003928016871214
19260 1 1936421 1.0 0.7204710273072124
19261 1 1660061 1.0 1.9361700396984816
19262 1 37293 1.0 3.21810704190284
19263 1 347958 1.0 2.4448649492114782
19264 1 51977 1.0 2.832287922501564
19265 1 2013673 1.0 1.4658570289611816
19266 1 110449 1.0 0.764605007134378
19267 1 12355 1.0 0.6354269571602345
19268 1 1961754 1.0 0.8165689650923014
19269 1 1962433 1.0 0.7480599451810122
19270 1 432758 1.0 0.7436680607497692
19271 1 223840 1.0 0.99552096799016
19272 1 374777 1.0 0.6406069733202457
19273 1 2120755 1.0 0.6215029861778021
19274 1 1728597 1.0 1.1449570301920176
19275 1 2356090 1.0 1.384082017466426
19276 1 10799 1.0 0.6372970528900623
19277 1 1908286 1.0 1.2311150785535574
19278 1 1458760 1.0 2.0221699960529804
19279 1 1337346 1.0 1.4796809991821647
19280 1 1963466 1.0 1.4628579374402761
19281 1 124265 1.0 1.1344760423526168
19282 1 1672848 1.0 1.5548280207440257
19283 1 490631 1.0 1.374116982333362
19284 1 1627989 1.0 0.7524399552494287
19285 1 1965208 1.0 0.9022010490298271
19286 1 1993699 1.0 1.2813359498977661
19287 1 597307 1.0 0.7404470816254616
19288 1 178283 1.0 0.903974985703826
19289 1 585619 1.0 0.9900480508804321
19290 1 2385470 1.0 1.354530919343233
19291 1 1052248 1.0 2.5042349006980658
19292 1 926903 1.0 2.026652917265892
19293 1 1962520 1.0 1.4106050366535783
19294 1 2005362 1.0 0.6404329324141145
19295 1 1100506 1.0 1.0956439655274153
19296 1 523388 1.0 1.4188949717208743
19297 1 923071 1.0 0.8712019771337509
19298 1 176946 1.0 1.038642949424684
19299 1 397906 1.0 0.9828680194914341
19300 1 103316 1.0 0.9334610076621175
19301 1 1394463 1.0 0.6816060049459338
19302 1 96487 1.0 0.9541569743305445
19303 1 593685 1.0 1.2791799381375313
19304 1 1965535 1.0 1.2283470714464784
19305 1 1907261 1.0 0.7716109976172447
19306 1 658691 1.0 2.0551729248836637
19307 1 1733009 1.0 2.0977070089429617
19308 1 107722 1.0 0.9932869579643011
19309 1 930282 1.0 1.497677993029356
19310 1 1800102 1.0 1.2781820259988308
19311 1 1532143 1.0 0.6697610951960087
19312 1 1962520 1.0 1.2841230491176248
19313 1 1241353 1.0 1.2437970144674182
19314 1 1923723 1.0 1.2748539447784424
19315 1 942245 1.0 0.6117640295997262
19316 1 1968575 1.0 0.9032849920913577
19317 1 1664439 1.0 0.66196802072227
19318 1 1962000 1.0 0.6281749811023474
19319 1 1963466 1.0 0.7918389746919274
19320 1 89596 1.0 0.6123210769146681
19321 1 1630727 1.0 0.7404540665447712
19322 1 2115017 1.0 0.9270929731428623
19323 1 331204 1.0 0.940077006816864
19324 1 1203291 1.0 1.5170230763033032
19325 1 181656 1.0 0.8756010793149471
19326 1 1968564 1.0 2.142636920325458
19327 1 65393 1.0 1.1299949837848544
19328 1 309142 1.0 0.8820459479466081
19329 1 280835 1.0 0.7029989501461387
19330 1 80449 1.0 0.8485699072480202
19331 1 248445 1.0 2.176448004320264
19332 1 27201 1.0 2.608755021356046
19333 1 1058668 1.0 1.06817705091089
19334 1 35233 1.0 0.7680699927732348
19335 1 1693978 1.0 0.6716700736433268
19336 1 787730 1.0 1.0213139466941357
19337 1 249975 1.0 1.4389230636879802
19338 1 320196 1.0 0.8296628948301077
19339 1 2373107 1.0 1.1551600182428956
19340 1 9176 1.0 1.148022012785077
19341 1 1964231 1.0 0.8974769152700901
19342 1 1900059 1.0 1.4239749871194363
19343 1 2138198 1.0 1.3074359158053994
19344 1 1762516 1.0 0.9156969608739018
19345 1 1692346 1.0 0.7314439862966537
19346 1 42362 1.0 1.0730120120570064
19347 1 270961 1.0 1.1003990657627583
19348 1 2356102 1.0 1.381765934638679
19349 1 1011108 1.0 1.782274921424687
19350 1 1732381 1.0 1.864762045443058
19351 1 1303406 1.0 1.5724040567874908
19352 1 1713977 1.0 0.7107460405677557
19353 1 1934833 1.0 0.9259330108761787
19354 1 2253057 1.0 2.6493470650166273
19355 1 1530899 1.0 1.2021310394629836
19356 1 1712419 1.0 0.8895490318536758
19357 1 1891906 1.0 1.9471020204946399
19358 1 1436137 1.0 5.974466912448406
19359 1 41201 1.0 1.9624109845608473
19360 1 824032 1.0 6.014353013597429
19361 1 1552996 1.0 4.040621104650199
19362 1 1944956 1.0 1.875555026344955
19363 1 1035452 1.0 4.8511819913983345
19364 1 86045 1.0 2.2018300369381905
19365 1 1068385 1.0 5.475954036228359
19366 1 1923279 1.0 1.9284929148852825
19367 1 568542 1.0 2.971320995129645
19368 1 1698579 1.0 3.384085954166949
19369 1 1167939 1.0 4.55341103952378
19370 1 1139976 1.0 5.86272997315973
19371 1 1262747 1.0 2.3096229415386915
19372 1 1688967 1.0 4.2653660057112575
19373 1 1761259 1.0 5.272421054542065
19374 1 233138 1.0 5.220772931352258
19375 1 992422 1.0 5.647239973768592
19376 1 363223 1.0 4.355605924502015
19377 1 106873 1.0 2.771314000710845
19378 1 724166 1.0 3.0714119784533978
19379 1 1483713 1.0 5.297711933963001
19380 1 1206646 1.0 5.326541024260223
19381 1 1400815 1.0 6.217945949174464
19382 1 702631 1.0 3.1408120412379503
19383 1 1590409 1.0 5.692143924534321
19384 1 817387 1.0 5.193279008381069
19385 1 557748 1.0 2.8194249607622623
19386 1 460250 1.0 3.866847953759134
19387 1 1437752 1.0 4.348420072346926
19388 1 597101 1.0 1.8049130449071527
19389 1 1192188 1.0 5.621682968921959
19390 1 352852 1.0 2.8027070220559835
19391 1 796025 1.0 5.241248989477754
19392 1 1394569 1.0 6.0053730849176645
19393 1 1989440 1.0 5.333455977961421
19394 1 1676893 1.0 3.2926350831985474
19395 1 91366 1.0 3.967217984609306
19396 1 1094664 1.0 5.726238014176488
19397 1 931536 1.0 6.084220018237829
19398 1 309540 1.0 2.8267400339245796
19399 1 2153203 1.0 2.6964989956468344
19400 1 1027606 1.0 1.7793920123949647
19401 1 139370 1.0 1.9965380197390914
19402 1 1027271 1.0 6.181524018757045
19403 1 798785 1.0 2.2599640069529414
19404 1 1635258 1.0 2.1685719257220626
19405 1 1968539 1.0 2.0517560187727213
19406 1 2428956 1.0 4.453754983842373
19407 1 773899 1.0 3.862899960950017
19408 1 1433465 1.0 5.3744890028610826
19409 1 1178717 1.0 6.207586033269763
19410 1 1354774 1.0 5.3503880044445395
19411 1 1530935 1.0 6.227254983969033
19412 1 593286 1.0 3.4191730665042996
19413 1 506186 1.0 4.443038022145629
19414 1 828873 1.0 5.919932038523257
19415 1 1474325 1.0 5.9608290903270245
19416 1 42518 1.0 1.6313890228047967
19417 1 1454423 1.0 3.035884932614863
19418 1 1457346 1.0 2.2621590178459883
19419 1 2468619 1.0 5.408208002336323
19420 1 597627 1.0 3.365957993082702
19421 1 275824 1.0 1.847849111072719
19422 1 2474129 1.0 2.849894925020635
19423 1 2117688 1.0 4.207725054584444
19424 1 613488 1.0 4.163800040259957
19425 1 410749 1.0 5.767859052866697
19426 1 1103544 1.0 11.05458801612258
19427 1 425760 1.0 3.346952027641237
19428 1 1198449 1.0 4.1879829950630665
19429 1 358191 1.0 4.107222892343998
19430 1 1621969 1.0 4.451963002793491
19431 1 2070465 1.0 5.772160016931593
19432 1 557437 1.0 6.331570912152529
19433 1 201281 1.0 3.8626519963145256
19434 1 1881904 1.0 6.3773710280656815
19435 1 1953149 1.0 2.829228062182665
19436 1 541486 1.0 4.500831943005323
19437 1 1056200 1.0 2.8912361012771726
19438 1 2300178 1.0 4.339800914749503
19439 1 1164263 1.0 5.321123986504972
19440 1 1902789 1.0 5.626210011541843
19441 1 2157550 1.0 3.1768110347911716
19442 1 1554493 1.0 2.029138966463506
19443 1 1405083 1.0 5.1480879774317145
19444 1 668205 1.0 1.8404910806566477
19445 1 505871 1.0 2.006295952014625
19446 1 1186266 1.0 5.199098959565163
19447 1 639761 1.0 3.939896007068455
19448 1 993461 1.0 2.0199200371280313
19449 1 1684392 1.0 3.869048901833594
19450 1 588690 1.0 3.8534949999302626
19451 1 546238 1.0 3.8604509318247437
19452 1 10990 1.0 5.163199035450816
19453 1 523046 1.0 5.268717999570072
19454 1 1298013 1.0 2.3761369520798326
19455 1 1981768 1.0 2.915908000431955
19456 1 414793 1.0 4.332971991971135
19457 1 1038716 1.0 4.1832480346784
19458 1 1985343 1.0 3.206589026376605
19459 1 526132 1.0 2.815157058648765
19460 1 469887 1.0 4.311393015086651
19461 1 1849855 1.0 2.2681860718876123
19462 1 314193 1.0 3.0237759929150343
19463 1 1690329 1.0 3.031714935787022
19464 1 348664 1.0 3.1751750502735376
19465 1 1625781 1.0 2.253582002595067
19466 1 1463398 1.0 3.135318052954972
19467 1 982716 1.0 4.508276004344225
19468 1 1686805 1.0 5.723088979721069
19469 1 604514 1.0 5.001000012271106
19470 1 1970034 1.0 3.8619040278717875
19471 1 1062429 1.0 5.849879002198577
19472 1 47556 1.0 3.90047300606966
19473 1 1235172 1.0 4.349904949776828
19474 1 843045 1.0 5.313824047334492
19475 1 1468314 1.0 3.9718609768897295
19476 1 1474467 1.0 4.756962996907532
19477 1 502366 1.0 2.4215809535235167
19478 1 1965623 1.0 2.1894669625908136
19479 1 2016136 1.0 2.6587810134515166
19480 1 66622 1.0 4.557538079097867
19481 1 1007556 1.0 6.805639946833253
19482 1 1357240 1.0 6.131310015916824
19483 1 1494550 1.0 5.470724077895284
19484 1 1802453 1.0 4.136631963774562
19485 1 383528 1.0 3.359098918735981
19486 1 1121166 1.0 4.702278063632548
19487 1 1060407 1.0 4.288851981982589
19488 1 1001310 1.0 3.3196400618180633
19489 1 2043166 1.0 5.370664992369711
19490 1 630723 1.0 4.014889011159539
19491 1 1232200 1.0 5.774045013822615
19492 1 1614203 1.0 2.598581020720303
19493 1 443742 1.0 4.193840082734823
19494 1 1536429 1.0 5.487382062710822
19495 1 165921 1.0 2.3802409414201975
19496 1 1170172 1.0 4.051696974784136
19497 1 1575001 1.0 5.644715973176062
19498 1 1398540 1.0 4.447348997928202
19499 1 59595 1.0 3.196628065779805
19500 1 1432297 1.0 5.683969939127564
19501 1 430597 1.0 2.06403702031821
19502 1 1770916 1.0 5.443925969302654
19503 1 795785 1.0 4.562943009659648
19504 1 2377764 1.0 4.365250002592802
19505 1 1483804 1.0 2.4419839028269053
19506 1 68620 1.0 5.219298065640032
19507 1 1828181 1.0 2.34178698156029
19508 1 609991 1.0 4.022712935693562
19509 1 1791420 1.0 3.3522319281473756
19510 1 1939055 1.0 2.1509090438485146
19511 1 2068753 1.0 5.448419949971139
19512 1 1574427 1.0 4.513891995884478
19513 1 1523180 1.0 2.4304849794134498
19514 1 1609839 1.0 4.1530129965394735
19515 1 1626594 1.0 2.214945969171822
19516 1 552291 1.0 2.3105948930606246
19517 1 2397903 1.0 4.1415110463276505
19518 1 1406554 1.0 2.560395048931241
19519 1 621479 1.0 5.740802967920899
19520 1 1534333 1.0 3.0198419699445367
19521 1 1428510 1.0 6.285652983933687
19522 1 1738497 1.0 2.621221006847918
19523 1 1031667 1.0 5.809376947581768
19524 1 567780 1.0 5.621580989100039
19525 1 1384707 1.0 4.7236119862645864
19526 1 1769902 1.0 6.434032926335931
19527 1 8660 1.0 2.8463759226724505
19528 1 2053522 1.0 2.9283929616212845
19529 1 452151 1.0 3.1299510737881064
19530 1 1753407 1.0 2.932067960500717
19531 1 1688262 1.0 2.0704290363937616
19532 1 991196 1.0 2.4839768884703517
19533 1 576345 1.0 4.692676942795515
19534 1 2019439 1.0 5.7664759224280715
19535 1 1429669 1.0 4.1251369984820485
19536 1 2124796 1.0 4.257506923750043
19537 1 200073 1.0 4.950907081365585
19538 1 1935027 1.0 3.1265279976651073
19539 1 1614149 1.0 4.741274984553456
19540 1 1940051 1.0 3.1242528930306435
19541 1 1305229 1.0 4.62427397724241
19542 1 180041 1.0 2.099463017657399
19543 1 514002 1.0 5.514454911462963
19544 1 1993334 1.0 3.41488397680223
19545 1 994642 1.0 3.4002549946308136
19546 1 1293234 1.0 3.0984668992459774
19547 1 637718 1.0 4.162203054875135
19548 1 144380 1.0 3.3155970741063356
19549 1 1188835 1.0 4.540246911346912
19550 1 51815 1.0 4.595407983288169
19551 1 1484583 1.0 4.63569990824908
19552 1 1138744 1.0 2.438319963403046
19553 1 1354046 1.0 2.0263680489733815
19554 1 623245 1.0 5.417512962594628
19555 1 1707516 1.0 2.319867955520749
19556 1 568760 1.0 3.272783011198044
19557 1 1460884 1.0 4.111449932679534
19558 1 1414731 1.0 4.01085102930665
19559 1 551737 1.0 3.2441189978271723
19560 1 988608 1.0 3.8914100732654333
19561 1 1963585 1.0 4.3971179984509945
19562 1 177910 1.0 2.141506993211806
19563 1 1559972 1.0 6.436496041715145
19564 1 16244 1.0 4.5003879349678755
19565 1 263115 1.0 3.0646370723843575
19566 1 841427 1.0 3.233670024201274
19567 1 7768 1.0 4.367665038444102
19568 1 1157010 1.0 2.9368280665948987
19569 1 1152290 1.0 3.9615320274606347
19570 1 17371 1.0 3.1164190731942654
19571 1 1964560 1.0 2.12980096694082
19572 1 1620549 1.0 3.337126923725009
19573 1 1245845 1.0 4.465288016945124
19574 1 1926271 1.0 6.345098023302853
19575 1 1459467 1.0 2.325167995877564
19576 1 1036265 1.0 4.414097056724131
19577 1 1701359 1.0 4.039032035507262
19578 1 1809752 1.0 5.94579498283565
19579 1 2461082 1.0 3.1299840193241835
19580 1 1559537 1.0 2.895719022490084
19581 1 1022341 1.0 3.4182179952040315
19582 1 1257656 1.0 4.2403810657560825
19583 1 1386180 1.0 5.6876520393416286
19584 1 1066161 1.0 3.4898380981758237
19585 1 1596275 1.0 1.9511940190568566
19586 1 1390780 1.0 4.495681030675769
19587 1 63607 1.0 3.825893043540418
19588 1 1525955 1.0 3.9013070054352283
19589 1 2015576 1.0 4.359883023425937
19590 1 554 1.0 3.2974350033327937
19591 1 112558 1.0 4.283343092538416
19592 1 2431105 1.0 3.1525699887424707
19593 1 1623659 1.0 4.3281069956719875
19594 1 1653250 1.0 5.1950180204585195
19595 1 1203141 1.0 4.377895034849644
19596 1 532559 1.0 1.852062065154314
19597 1 49570 1.0 2.8917479794472456
19598 1 1966521 1.0 3.944400930777192
19599 1 982770 1.0 3.3308309502899647
19600 1 668178 1.0 4.6791869681328535
19601 1 1857925 1.0 5.21919596940279
19602 1 1692090 1.0 3.3984549809247255
19603 1 667224 1.0 3.0959179857745767
19604 1 1443132 1.0 4.333965014666319
19605 1 1970452 1.0 5.74445107486099
19606 1 1205557 1.0 6.057644030079246
19607 1 52587 1.0 4.8977009719237685
19608 1 1696536 1.0 4.1609350591897964
19609 1 20127 1.0 3.0954659450799227
19610 1 165354 1.0 1.996705075725913
19611 1 493726 1.0 5.717954016290605
19612 1 1133701 1.0 5.589616019278765
19613 1 1554038 1.0 2.054561977274716
19614 1 1477396 1.0 4.113722941838205
19615 1 1727670 1.0 5.665143020451069
19616 1 1525271 1.0 3.3974209800362587
19617 1 1671525 1.0 2.278845990076661
19618 1 1634021 1.0 7.4456799775362015
19619 1 2408491 1.0 8.98458098527044
19620 1 902044 1.0 1.990560907870531
19621 1 555092 1.0 4.5415249187499285
19622 1 720777 1.0 4.463180084712803
19623 1 926675 1.0 4.008101997897029
19624 1 1038309 1.0 2.9696199344471097
19625 1 661782 1.0 3.9725470123812556
19626 1 1405030 1.0 3.91499197576195
19627 1 788564 1.0 3.9682299830019474
19628 1 355337 1.0 3.192970994859934
19629 1 36592 1.0 2.099900972098112
19630 1 450851 1.0 2.9024999821558595
19631 1 1129085 1.0 2.3456669878214598
19632 1 2288541 1.0 3.1398460268974304
19633 1 1052636 1.0 4.339667968451977
19634 1 1645355 1.0 1.8877619877457619
19635 1 1002893 1.0 6.4623040379956365
19636 1 412414 1.0 5.237523000687361
19637 1 100475 1.0 1.8742420943453908
19638 1 800044 1.0 2.0388109842315316
19639 1 484104 1.0 3.9218859747052193
19640 1 1797947 1.0 3.985069924965501
19641 1 1966368 1.0 3.4810620127245784
19642 1 2118253 1.0 2.8874819399788976
19643 1 1472212 1.0 2.2550729336217046
19644 1 1889742 1.0 1.835391973145306
19645 1 545622 1.0 3.9709300035610795
19646 1 1510019 1.0 3.2144180731847882
19647 1 845146 1.0 6.198939052410424
19648 1 350349 1.0 3.9576239651069045
19649 1 1761994 1.0 4.356415942311287
19650 1 1700313 1.0 1.4472559560090303
19651 1 1450598 1.0 3.867854946292937
19652 1 636227 1.0 2.890575909987092
19653 1 1525313 1.0 5.296814953908324
19654 1 134926 1.0 1.9025690853595734
19655 1 1935716 1.0 3.174611018039286
19656 1 1777440 1.0 5.681562004610896
19657 1 629475 1.0 3.905153018422425
19658 1 1548489 1.0 2.8442279435694218
19659 1 1648262 1.0 2.9298739973455667
19660 1 1390870 1.0 3.242929931730032
19661 1 573767 1.0 1.832989975810051
19662 1 607183 1.0 4.443459096364677
19663 1 276166 1.0 2.3912739707157016
19664 1 455710 1.0 4.458536976017058
19665 1 1681451 1.0 3.4440410090610385
19666 1 1452856 1.0 11.335899005644023
19667 1 2227390 1.0 2.3017890052869916
19668 1 1015351 1.0 6.771089043468237
19669 1 595544 1.0 3.0242950888350606
19670 1 1163859 1.0 6.180030992254615
19671 1 1817635 1.0 1.9790860824286938
19672 1 844396 1.0 6.693213013932109
19673 1 2052126 1.0 4.643307067453861
19674 1 1960283 1.0 4.18321299366653
19675 1 1462348 1.0 6.630058982409537
19676 1 1433850 1.0 6.101655075326562
19677 1 1333315 1.0 6.077443948015571
19678 1 1585765 1.0 2.5710989721119404
19679 1 1334536 1.0 1.9523369846865535
19680 1 1908876 1.0 4.0240740636363626
19681 1 1530606 1.0 5.541551974602044
19682 1 821624 1.0 2.83606699667871
19683 1 1874633 1.0 6.573380087502301
19684 1 1050476 1.0 5.33846695907414
19685 1 402044 1.0 2.1315229823812842
19686 1 113541 1.0 1.653635990805924
19687 1 1474766 1.0 3.0655619921162724
19688 1 1970343 1.0 5.471303942613304
19689 1 508514 1.0 1.5967170475050807
19690 1 438864 1.0 5.481789936311543
19691 1 29077 1.0 1.956444000825286
19692 1 1497340 1.0 5.3537070052698255
19693 1 1322464 1.0 2.891886979341507
19694 1 323333 1.0 1.3599139638245106
19695 1 311677 1.0 4.4876039028167725
19696 1 25772 1.0 3.2383670331910253
19697 1 927867 1.0 3.9238380268216133
19698 1 316806 1.0 1.915177097544074
19699 1 1920635 1.0 4.223805968649685
19700 1 1543129 1.0 2.36023694742471
19701 1 1049305 1.0 3.913040040060878
19702 1 1951755 1.0 5.554057075642049
19703 1 1959452 1.0 3.1842109747231007
19704 1 825354 1.0 6.057505961507559
19705 1 1439281 1.0 4.315204918384552
19706 1 1673260 1.0 2.8244489803910255
19707 1 161903 1.0 2.1617189049720764
19708 1 574994 1.0 3.0232120770961046
19709 1 438777 1.0 2.8015669668093324
19710 1 482244 1.0 4.375218995846808
19711 1 1943974 1.0 4.267944023013115
19712 1 1401153 1.0 3.866786020807922
19713 1 198513 1.0 5.153628997504711
19714 1 1522204 1.0 5.239252932369709
19715 1 78960 1.0 2.8580750804394484
19716 1 627369 1.0 4.251778009347618
19717 1 1150187 1.0 2.2350000217556953
19718 1 1566354 1.0 2.3144440492615104
19719 1 279274 1.0 3.154092002660036
19720 1 2445311 1.0 2.0845120307058096
19721 1 514952 1.0 3.882413962855935
19722 1 520448 1.0 4.973203991539776
19723 1 1157097 1.0 5.010823952034116
19724 1 2443565 1.0 3.735219012014568
19725 1 9370 1.0 2.1006709430366755
19726 1 1681235 1.0 3.28635994810611
19727 1 1269422 1.0 3.300438984297216
19728 1 2263425 1.0 2.055651042610407
19729 1 1712389 1.0 5.745097063481808
19730 1 825213 1.0 1.4521200209856033
19731 1 860074 1.0 4.465320031158626
19732 1 1517334 1.0 3.613622044213116
19733 1 1141290 1.0 6.155058043077588
19734 1 153591 1.0 1.9442500779405236
19735 1 538231 1.0 6.067893002182245
19736 1 2013745 1.0 2.1571499528363347
19737 1 336878 1.0 2.4492780212312937
19738 1 443482 1.0 4.494632943533361
19739 1 615938 1.0 2.858601976186037
19740 1 1323297 1.0 2.2824989864602685
19741 1 840307 1.0 4.067369038239121
19742 1 1573523 1.0 5.61943999491632
19743 1 348342 1.0 2.455000998452306
19744 1 433560 1.0 2.1456870017573237
19745 1 579894 1.0 2.8902029152959585
19746 1 154336 1.0 2.5691180489957333
19747 1 1118159 1.0 5.935056018643081
19748 1 1991438 1.0 2.9307970544323325
19749 1 146178 1.0 3.363786032423377
19750 1 1424125 1.0 2.5098311016336083
19751 1 1960511 1.0 1.6223390121012926
19752 1 933564 1.0 3.3763840328902006
19753 1 1698938 1.0 3.5417070612311363
19754 1 1700783 1.0 3.7300270050764084
19755 1 831479 1.0 4.416103009134531
19756 1 1730116 1.0 3.2845470122992992
19757 1 2054193 1.0 3.793266019783914
19758 1 807512 1.0 5.632836022414267
19759 1 407040 1.0 5.270109046250582
19760 1 1079575 1.0 2.364067011512816
19761 1 1284789 1.0 5.29109500348568
19762 1 1484196 1.0 3.9631560212001204
19763 1 1558501 1.0 5.664122058078647
19764 1 941660 1.0 3.880282980389893
19765 1 1931401 1.0 4.2600169545039535
19766 1 615479 1.0 3.0091460794210434
19767 1 897875 1.0 2.2589820437133312
19768 1 1802825 1.0 4.390560905449092
19769 1 945410 1.0 3.2789070392027497
19770 1 1230648 1.0 1.9230860052630305
19771 1 663998 1.0 6.1670789727941155
19772 1 1157306 1.0 5.671784980222583
19773 1 1633746 1.0 3.1937069725245237
19774 1 1660933 1.0 3.8710279623046517
19775 1 385751 1.0 5.759806954301894
19776 1 1935548 1.0 2.895583980716765
19777 1 2052325 1.0 5.826800013892353
19778 1 1591326 1.0 4.370008013211191
19779 1 338641 1.0 4.2986280750483274
19780 1 1001876 1.0 5.749586038291454
19781 1 1782283 1.0 5.34543301910162
19782 1 2117593 1.0 3.751741023734212
19783 1 1139464 1.0 4.353283089585602
19784 1 1040842 1.0 2.1010650089010596
19785 1 1486796 1.0 5.705378949642181
19786 1 816293 1.0 4.2797509813681245
19787 1 595854 1.0 3.862228011712432
19788 1 1019484 1.0 5.688852979801595
19789 1 1966453 1.0 2.9002720257267356
19790 1 378089 1.0 6.286985939368606
19791 1 2067776 1.0 6.282288930378854
19792 1 154175 1.0 4.254136001691222
19793 1 1155677 1.0 4.257563967257738
19794 1 663830 1.0 3.031785017810762
19795 1 1867010 1.0 5.83165290299803
19796 1 1613474 1.0 5.6123899994418025
19797 1 541009 1.0 3.0506199691444635
19798 1 1687797 1.0 2.4683510418981314
19799 1 1933286 1.0 2.5200069649145007
19800 1 2347675 1.0 4.090082016773522
19801 1 1401885 1.0 3.4983789082616568
19802 1 1537366 1.0 4.168779938481748
19803 1 544456 1.0 2.0241279853507876
19804 1 1574571 1.0 5.629377090372145
19805 1 63628 1.0 2.1820010151714087
19806 1 76051 1.0 2.7109599905088544
19807 1 442540 1.0 2.0439689978957176
19808 1 2457753 1.0 5.6926540564745665
19809 1 1653710 1.0 2.42838601116091
19810 1 127288 1.0 5.957815097644925
19811 1 1609829 1.0 3.3161010360345244
19812 1 1467127 1.0 4.578868974931538
19813 1 217184 1.0 1.5627749962732196
19814 1 493769 1.0 1.780492952093482
19815 1 587387 1.0 3.010804997757077
19816 1 1518172 1.0 4.432220943272114
19817 1 1480128 1.0 2.0330959232524037
19818 1 1859291 1.0 3.345718956552446
19819 1 741615 1.0 3.977401996962726
19820 1 1854123 1.0 1.0925200767815113
19821 1 1518622 1.0 1.9885689252987504
19822 1 856035 1.0 5.385383032262325
19823 1 828756 1.0 4.418096039444208
19824 1 29346 1.0 5.930377985350788
19825 1 535215 1.0 3.9751071017235518
19826 1 1067285 1.0 2.9545919969677925
19827 1 993435 1.0 1.953275059349835
19828 1 1790779 1.0 1.4343769289553165
19829 1 204100 1.0 3.8043049862608314
19830 1 2075647 1.0 4.298390005715191
19831 1 1564094 1.0 1.4743879437446594
19832 1 1605855 1.0 5.76823903247714
19833 1 1658958 1.0 2.1249440032988787
19834 1 382195 1.0 2.866224036552012
19835 1 177701 1.0 3.2286810455843806
19836 1 764809 1.0 4.393861046992242
19837 1 107434 1.0 3.8635750534012914
19838 1 215244 1.0 2.332164905965328
19839 1 539377 1.0 5.1498140674084425
19840 1 1530699 1.0 5.412167985923588
19841 1 578349 1.0 2.6637869887053967
19842 1 2259218 1.0 2.1245069801807404
19843 1 1091117 1.0 4.527879063971341
19844 1 457167 1.0 5.7942880084738135
19845 1 1298671 1.0 5.369513062760234
19846 1 798864 1.0 1.9206409342586994
19847 1 1688324 1.0 3.8383089704439044
19848 1 14346 1.0 4.356220015324652
19849 1 1881099 1.0 4.450732027180493
19850 1 1733453 1.0 6.0179890133440495
19851 1 1622112 1.0 3.9240600308403373
19852 1 153838 1.0 3.9111539954319596
19853 1 451892 1.0 2.4080720031633973
19854 1 586936 1.0 2.360801910981536
19855 1 1048300 1.0 3.19918105378747
19856 1 1459513 1.0 2.2629330633208156
19857 1 1428768 1.0 7.194360019639134
19858 1 1124161 1.0 9.631485911086202
19859 1 1729446 1.0 6.55051798094064
19860 1 1573381 1.0 13.321739970706403
19861 1 1094414 1.0 11.662192060612142
19862 1 1124564 1.0 11.985528049990535
19863 1 1456361 1.0 6.7658909829333425
19864 1 1879883 1.0 9.892309084534645
19865 1 1174746 1.0 12.232944020070136
19866 1 1163383 1.0 12.610243051312864
19867 1 2065432 1.0 10.689912014640868
19868 1 1126510 1.0 9.143081959336996
19869 1 2067549 1.0 9.739391040056944
19870 1 1174451 1.0 10.616783052682877
19871 1 1631573 1.0 11.144566000439227
19872 1 843291 1.0 11.650093947537243
19873 1 1194776 1.0 10.150513960979879
19874 1 603324 1.0 8.50876304320991
19875 1 1048813 1.0 10.468989028595388
19876 1 152921 1.0 8.03016300778836
19877 1 833818 1.0 10.68486797157675
19878 1 1962618 1.0 11.033807066269219
19879 1 1501798 1.0 10.64615196082741
19880 1 1504399 1.0 6.3159050187096
19881 1 845715 1.0 11.63196808192879
19882 1 1096255 1.0 10.744977975264192
19883 1 1283063 1.0 12.475900002755225
19884 1 1988310 1.0 8.956165052950382
19885 1 1491978 1.0 12.245361926034093
19886 1 1299886 1.0 5.972015904262662
19887 1 1269671 1.0 8.377129910513759
19888 1 1173411 1.0 7.841096958145499
19889 1 33344 1.0 9.487711009569466
19890 1 1191158 1.0 8.386960020288825
19891 1 839066 1.0 10.137349017895758
19892 1 1365137 1.0 13.654713053256273
19893 1 1542265 1.0 11.369982967153192
19894 1 1215663 1.0 12.890388956293464
19895 1 1610405 1.0 8.080341038294137
19896 1 1089768 1.0 11.690190993249416
19897 1 1632036 1.0 6.803181953728199
19898 1 851837 1.0 10.775617090985179
19899 1 1507531 1.0 7.999198045581579
19900 1 1527226 1.0 8.46114696469158
19901 1 641300 1.0 7.4305459856987
19902 1 1164521 1.0 10.333177051506937
19903 1 1493782 1.0 10.728550027124584
19904 1 1533356 1.0 10.09937992785126
19905 1 1243294 1.0 6.942623993381858
19906 1 1128352 1.0 9.84643492847681
19907 1 1781804 1.0 6.552825914695859
19908 1 1921208 1.0 8.061235072091222
19909 1 1136905 1.0 10.8808089280501
19910 1 1436747 1.0 9.763003094121814
19911 1 465217 1.0 9.112950065173209
19912 1 1488076 1.0 11.064396938309073
19913 1 1513909 1.0 9.32835298590362
19914 1 1138292 1.0 10.360627085901797
19915 1 1319078 1.0 8.076817961409688
19916 1 1569239 1.0 12.253043008968234
19917 1 510128 1.0 10.581089998595417
19918 1 1197723 1.0 7.481617038138211
19919 1 1249373 1.0 5.33908698707819
19920 1 1162168 1.0 8.017473039217293
19921 1 719975 1.0 6.158894044347107
19922 1 1034298 1.0 10.607050033286214
19923 1 1153684 1.0 9.86693101003766
19924 1 1190579 1.0 11.930349981412292
19925 1 1208583 1.0 8.380291052162647
19926 1 2031117 1.0 11.706443969160318
19927 1 1515569 1.0 9.814147022552788
19928 1 1036527 1.0 7.325164973735809
19929 1 408596 1.0 9.991195984184742
19930 1 1514296 1.0 5.785657907836139
19931 1 1193028 1.0 4.838625085540116
19932 1 2053083 1.0 10.043084039352834
19933 1 543972 1.0 11.72638195566833
19934 1 892654 1.0 11.577800032682717
19935 1 1256914 1.0 10.15827595256269
19936 1 819383 1.0 5.712447105906904
19937 1 854043 1.0 9.813896962441504
19938 1 34287 1.0 5.926506011746824
19939 1 1157296 1.0 14.446064014919102
19940 1 625429 1.0 5.828343913890421
19941 1 1209707 1.0 9.846520028077066
19942 1 1057319 1.0 7.763792993500829
19943 1 1170346 1.0 10.537190013565123
19944 1 813437 1.0 11.441658018156886
19945 1 1079947 1.0 9.149263030849397
19946 1 1408060 1.0 12.47967197559774
19947 1 1420848 1.0 6.017887033522129
19948 1 1452559 1.0 10.072889039292932
19949 1 1458901 1.0 12.010941049084067
19950 1 1951906 1.0 6.740440032444894
19951 1 1042891 1.0 6.723951897583902
19952 1 1438077 1.0 8.640314918011427
19953 1 1298662 1.0 11.732319951988757
19954 1 2071149 1.0 5.7769049890339375
19955 1 1688720 1.0 8.152027963660657
19956 1 1628641 1.0 7.265305030159652
19957 1 1057239 1.0 10.151650989428163
19958 1 1054451 1.0 6.797107984311879
19959 1 1293812 1.0 7.113474071957171
19960 1 392947 1.0 10.02799195703119
19961 1 608916 1.0 11.5728439996019
19962 1 1476461 1.0 10.759672964923084
19963 1 1113015 1.0 8.656334946863353
19964 1 1476504 1.0 8.302259957417846
19965 1 1086920 1.0 7.672920939512551
19966 1 1069208 1.0 5.987051990814507
19967 1 1061442 1.0 10.513584013096988
19968 1 1117564 1.0 8.16334702540189
19969 1 2048973 1.0 8.817524067126215
19970 1 1498012 1.0 8.372230106033385
19971 1 1561432 1.0 7.93456204701215
19972 1 1576247 1.0 5.602704011835158
19973 1 625800 1.0 8.573362953029573
19974 1 1421325 1.0 8.059139014221728
19975 1 1189895 1.0 10.465390048921108
19976 1 2054654 1.0 11.588134919293225
19977 1 1115986 1.0 8.395244018174708
19978 1 2065226 1.0 11.242993990890682
19979 1 2265563 1.0 11.108887963928282
19980 1 2051698 1.0 7.744230912066996
19981 1 1085550 1.0 10.58296300470829
19982 1 1492745 1.0 10.677479091100395
19983 1 263543 1.0 4.765133955515921
19984 1 936003 1.0 5.310054984875023
19985 1 1134064 1.0 6.6792439902201295
19986 1 1150134 1.0 9.297485928982496
19987 1 1468002 1.0 6.7334340419620275
19988 1 1640840 1.0 5.256701959297061
19989 1 1088439 1.0 8.018615073524415
19990 1 1056639 1.0 7.533683092333376
19991 1 1309616 1.0 8.91940202564001
19992 1 423140 1.0 7.976213935762644
19993 1 552890 1.0 6.148208049125969
19994 1 1001306 1.0 9.864889900200069
19995 1 1207194 1.0 5.311780027113855
19996 1 1411799 1.0 6.63162802811712
19997 1 1148944 1.0 6.555810919962823
19998 1 1053982 1.0 5.996447987854481
19999 1 2052406 1.0 9.282744023948908
20000 1 1176964 1.0 6.602157955057919
20001 1 923512 1.0 7.500420091673732
20002 1 2074858 1.0 9.404879994690418
20003 1 1047800 1.0 9.28199291229248
20004 1 1191703 1.0 6.215587956830859
20005 1 1414942 1.0 10.27678104583174
20006 1 1576570 1.0 12.952200951986015
20007 1 1428540 1.0 9.807656984776258
20008 1 1370074 1.0 7.135090068913996
20009 1 1630931 1.0 5.71478100027889
20010 1 1759994 1.0 6.530898972414434
20011 1 1246668 1.0 10.247556958347559
20012 1 921102 1.0 8.173338021151721
20013 1 1510411 1.0 6.735074915923178
20014 1 1539137 1.0 8.281158050522208
20015 1 1239995 1.0 8.043169975280762
20016 1 1424804 1.0 6.252976018004119
20017 1 1197187 1.0 10.050769080407917
20018 1 1178970 1.0 8.945300010964274
20019 1 1672813 1.0 7.644866011105478
20020 1 1610127 1.0 8.297718013636768
20021 1 2090232 1.0 6.680625025182962
20022 1 821545 1.0 9.01621498633176
20023 1 579377 1.0 11.106183985248208
20024 1 1566119 1.0 8.133432944305241
20025 1 471070 1.0 5.0424570217728615
20026 1 1429080 1.0 9.64637694414705
20027 1 2077403 1.0 8.181964047253132
20028 1 2072588 1.0 4.481562995351851
20029 1 1043648 1.0 8.293909020721912
20030 1 1178843 1.0 5.355522967875004
20031 1 818448 1.0 9.73377504851669
20032 1 522108 1.0 6.6859310027211905
20033 1 1308616 1.0 11.571801966056228
20034 1 981481 1.0 9.736453997902572
20035 1 1628845 1.0 5.044754012487829
20036 1 630559 1.0 9.168213000521064
20037 1 1102017 1.0 11.505424045026302
20038 1 1458592 1.0 10.392823023721576
20039 1 2090041 1.0 9.969739941880107
20040 1 885774 1.0 7.508089067414403
20041 1 1021933 1.0 9.842755971476436
20042 1 2050492 1.0 8.904608082957566
20043 1 812105 1.0 10.328472941182554
20044 1 1205524 1.0 11.082711047492921
20045 1 579785 1.0 11.553806951269507
20046 1 996213 1.0 7.101807044818997
20047 1 1719127 1.0 10.913868085481226
20048 1 1167944 1.0 7.786669069901109
20049 1 2031339 1.0 9.860687074251473
20050 1 1528767 1.0 12.139849015511572
20051 1 828622 1.0 8.386357920244336
20052 1 1083194 1.0 10.360721964389086
20053 1 1509839 1.0 7.876968011260033
20054 1 1100058 1.0 6.488688988611102
20055 1 1368304 1.0 9.322140016593039
20056 1 1496958 1.0 10.358931962400675
20057 1 450648 1.0 9.78695705998689
20058 1 1064358 1.0 10.214769979938865
20059 1 1595415 1.0 10.483433958142996
20060 1 1109942 1.0 6.946341949515045
20061 1 1120180 1.0 11.637783027254045
20062 1 1693490 1.0 10.59380907099694
20063 1 2107785 1.0 9.810304967686534
20064 1 256350 1.0 12.776402989402413
20065 1 445516 1.0 10.279675014317036
20066 1 1467643 1.0 11.159587069414556
20067 1 398252 1.0 9.88101598341018
20068 1 631709 1.0 6.947012967430055
20069 1 1475721 1.0 10.460992925800383
20070 1 1537778 1.0 5.948045989498496
20071 1 1121857 1.0 10.297716944478452
20072 1 1182216 1.0 9.066159022040665
20073 1 1085461 1.0 7.302106940187514
20074 1 1114141 1.0 5.738539039157331
20075 1 1568911 1.0 7.018194999545813
20076 1 1212087 1.0 8.655630052089691
20077 1 1142994 1.0 9.445211035199463
20078 1 1064679 1.0 8.569367928430438
20079 1 536823 1.0 7.937125046737492
20080 1 1079198 1.0 11.256286990828812
20081 1 1150358 1.0 5.713870981708169
20082 1 1126764 1.0 7.999985013157129
20083 1 372997 1.0 6.6286459332332015
20084 1 1056012 1.0 5.091496044769883
20085 1 2074369 1.0 9.54884896054864
20086 1 1484093 1.0 9.540461003780365
20087 1 1597508 1.0 5.600341944955289
20088 1 1005284 1.0 6.621187087148428
20089 1 1552770 1.0 5.767690017819405
20090 1 993294 1.0 6.595768965780735
20091 1 571707 1.0 10.49835595767945
20092 1 1237955 1.0 7.208795985206962
20093 1 1707527 1.0 5.20239002071321
20094 1 1162539 1.0 9.875177987851202
20095 1 1769196 1.0 11.536384001374245
20096 1 1252468 1.0 9.456276893615723
20097 1 990652 1.0 7.583706057630479
20098 1 86948 1.0 8.822225965559483
20099 1 1614828 1.0 10.661384905688465
20100 1 1487358 1.0 6.109473994001746
20101 1 1822072 1.0 10.745633044280112
20102 1 2073619 1.0 12.604493997059762
20103 1 1022504 1.0 12.612845981493592
20104 1 2047806 1.0 11.346769984811544
20105 1 1033770 1.0 8.795898058451712
20106 1 1505491 1.0 8.709885994903743
20107 1 2107304 1.0 9.99657204374671
20108 1 1173168 1.0 11.075451038777828
20109 1 1182513 1.0 9.91867808625102
20110 1 1102165 1.0 9.777609026059508
20111 1 1395464 1.0 11.119773960672319
20112 1 1045325 1.0 11.179469060152769
20113 1 1107789 1.0 9.165544994175434
20114 1 1304774 1.0 9.089854080229998
20115 1 1197223 1.0 9.140789974480867
20116 1 1502970 1.0 9.329300024546683
20117 1 1105809 1.0 9.2537309974432
20118 1 2358441 1.0 10.852479957975447
20119 1 644062 1.0 14.078973094001412
20120 1 1571196 1.0 14.232077053748071
20121 1 1521221 1.0 7.596845040097833
20122 1 1028234 1.0 9.870467940345407
20123 1 1028280 1.0 5.954941967502236
20124 1 239107 1.0 7.78507103677839
20125 1 1079001 1.0 11.157136992551386
20126 1 2220554 1.0 10.109998984262347
20127 1 1126862 1.0 12.118838028982282
20128 1 995212 1.0 6.454669055528939
20129 1 1024352 1.0 12.488460051827133
20130 1 1451298 1.0 8.881728979758918
20131 1 1305469 1.0 11.514345998875797
20132 1 1050870 1.0 9.103366057388484
20133 1 1564432 1.0 11.49220101069659
20134 1 1206531 1.0 7.060418021865189
20135 1 580181 1.0 7.788098999299109
20136 1 1460635 1.0 11.462353984825313
20137 1 453355 1.0 7.879918091930449
20138 1 991158 1.0 5.672310013324022
20139 1 1106055 1.0 7.812513038516045
20140 1 1424265 1.0 7.3372009210288525
20141 1 1164264 1.0 10.38020197302103
20142 1 376870 1.0 5.800080019980669
20143 1 1619365 1.0 12.143487925641239
20144 1 2370393 1.0 10.842378018423915
20145 1 1232654 1.0 6.617799052037299
20146 1 1269969 1.0 9.412297047674656
20147 1 1574316 1.0 10.15174901112914
20148 1 1339893 1.0 11.205911985598505
20149 1 1440554 1.0 6.329009891487658
20150 1 2072930 1.0 11.87673897948116
20151 1 1789510 1.0 7.342491997405887
20152 1 281276 1.0 11.512566008605063
20153 1 1136133 1.0 11.599597986787558
20154 1 2083932 1.0 9.001069935038686
20155 1 1421853 1.0 11.524587054736912
20156 1 2036265 1.0 7.858077064156532
20157 1 1551155 1.0 7.739357999525964
20158 1 852185 1.0 11.622527963481843
20159 1 479062 1.0 7.344457902945578
20160 1 1572228 1.0 11.683977907523513
20161 1 1467504 1.0 10.4778140084818
20162 1 1324434 1.0 9.610521025024354
20163 1 2072573 1.0 10.574880987405777
20164 1 1165450 1.0 6.475044065155089
20165 1 1409159 1.0 9.009168948978186
20166 1 1043331 1.0 10.575875057838857
20167 1 1282038 1.0 10.61911100987345
20168 1 1091233 1.0 10.558043024502695
20169 1 607203 1.0 8.15014902036637
20170 1 2071181 1.0 11.322856065817177
20171 1 2388539 1.0 11.959424009546638
20172 1 672040 1.0 7.757354993373156
20173 1 1186695 1.0 13.007141998969018
20174 1 988470 1.0 10.878985980525613
20175 1 1801693 1.0 7.604283979162574
20176 1 962529 1.0 14.644565992057323
20177 1 1066361 1.0 9.615890914574265
20178 1 1062980 1.0 7.262016064487398
20179 1 988921 1.0 11.78984297439456
20180 1 661986 1.0 12.745639076456428
20181 1 1292114 1.0 8.937260950915515
20182 1 2059304 1.0 9.532693075016141
20183 1 1497729 1.0 6.309404969215393
20184 1 1360342 1.0 11.595775955356658
20185 1 1175858 1.0 8.742226986214519
20186 1 1491645 1.0 6.469736923463643
20187 1 1166946 1.0 11.069061001762748
20188 1 450564 1.0 10.51042100880295
20189 1 571295 1.0 10.459756013005972
20190 1 1507594 1.0 10.519738076254725
20191 1 1148171 1.0 11.293984949588776
20192 1 1988018 1.0 8.165041101165116
20193 1 618010 1.0 9.447382995858788
20194 1 1570527 1.0 12.574409018270671
20195 1 1474459 1.0 10.252294014208019
20196 1 1083035 1.0 12.912196922115982
20197 1 1945949 1.0 6.733560934662819
20198 1 2049355 1.0 12.231288943439722
20199 1 1161261 1.0 11.512961005792022
20200 1 1149221 1.0 8.193213026970625
20201 1 1193796 1.0 10.161306010559201
20202 1 1629943 1.0 6.606113049201667
20203 1 1459219 1.0 7.349331979639828
20204 1 1547738 1.0 10.198496980592608
20205 1 2056621 1.0 9.496168000623584
20206 1 2046418 1.0 11.176075087860227
20207 1 1129191 1.0 9.023461025208235
20208 1 1510409 1.0 10.568785946816206
20209 1 1407503 1.0 11.039272998459637
20210 1 1694849 1.0 10.765417013317347
20211 1 2066896 1.0 10.257282061502337
20212 1 1895760 1.0 10.872451937757432
20213 1 1525244 1.0 5.295417970046401
20214 1 1456172 1.0 7.250414928421378
20215 1 2387579 1.0 8.983631967566907
20216 1 1473677 1.0 11.909601045772433
20217 1 1432162 1.0 6.151582929305732
20218 1 1107771 1.0 12.31094601098448
20219 1 2090909 1.0 10.127765941433609
20220 1 1268764 1.0 8.537041023373604
20221 1 2375122 1.0 6.179703050293028
20222 1 1125873 1.0 12.48813804704696
20223 1 1510419 1.0 11.145950993523002
20224 1 781011 1.0 6.066769012250006
20225 1 1072178 1.0 9.596226969733834
20226 1 2088547 1.0 12.158559053204954
20227 1 1122540 1.0 11.190296965651214
20228 1 1507143 1.0 9.175803977996111
20229 1 1293290 1.0 10.744667029939592
20230 1 1553144 1.0 8.624359034001827
20231 1 1033573 1.0 9.321921970695257
20232 1 1448292 1.0 9.603940998204052
20233 1 1143751 1.0 7.480162079446018
20234 1 549116 1.0 7.932321052066982
20235 1 2070508 1.0 12.60511705186218
20236 1 938459 1.0 7.41597602609545
20237 1 1030135 1.0 11.043835082091391
20238 1 1700503 1.0 5.5217399494722486
20239 1 1461390 1.0 9.463333059102297
20240 1 1501208 1.0 11.30409399047494
20241 1 1976063 1.0 7.899353047832847
20242 1 1504159 1.0 12.517138035036623
20243 1 1299997 1.0 8.97264201194048
20244 1 533809 1.0 7.414076942950487
20245 1 1161297 1.0 9.882056969217956
20246 1 1616488 1.0 7.7145559480413795
20247 1 1300263 1.0 7.77850893791765
20248 1 1798226 1.0 11.322372010909021
20249 1 2083385 1.0 11.177905020304024
20250 1 1038024 1.0 6.771435029804707
20251 1 1697265 1.0 8.400177001021802
20252 1 1697882 1.0 11.255763936787844
20253 1 2071944 1.0 12.55301502533257
20254 1 1091777 1.0 12.804112979210913
20255 1 1519718 1.0 9.646069956943393
20256 1 1487968 1.0 8.077609003521502
20257 1 659486 1.0 9.598601958714426
20258 1 1302197 1.0 10.851094033569098
20259 1 1532561 1.0 9.359027026221156
20260 1 566618 1.0 9.36413707677275
20261 1 1620115 1.0 10.917722946032882
20262 1 1490121 1.0 6.734446971677244
20263 1 1007110 1.0 13.068163068965077
20264 1 2140241 1.0 9.26209893077612
20265 1 1281360 1.0 7.5627489713951945
20266 1 669088 1.0 11.09571207780391
20267 1 439328 1.0 6.635642959736288
20268 1 1331962 1.0 12.866366072557867
20269 1 628002 1.0 11.298427009023726
20270 1 2055011 1.0 11.801969958469272
20271 1 1559835 1.0 13.449085992760956
20272 1 140734 1.0 7.918026996776462
20273 1 572955 1.0 7.837121025659144
20274 1 1470810 1.0 9.630334097892046
20275 1 1729531 1.0 6.394800031557679
20276 1 617908 1.0 9.174094069749117
20277 1 1056543 1.0 7.7465398935601115
20278 1 87063 1.0 9.730556979775429
20279 1 857576 1.0 11.646296945400536
20280 1 1313861 1.0 10.895067011006176
20281 1 2075049 1.0 7.912968983873725
20282 1 1427075 1.0 11.11764507368207
20283 1 1413391 1.0 6.136270007118583
20284 1 1515500 1.0 8.795280940830708
20285 1 1257697 1.0 7.963090087287128
20286 1 1484092 1.0 7.802945910952985
20287 1 1475265 1.0 5.599424010142684
20288 1 1497713 1.0 12.76850001886487
20289 1 1179081 1.0 8.806500933133066
20290 1 1161698 1.0 5.726994015276432
20291 1 1463784 1.0 9.314808994531631
20292 1 1161904 1.0 5.783030996099114
20293 1 1520479 1.0 11.006737011484802
20294 1 1385030 1.0 10.400241008028388
20295 1 2072602 1.0 10.996841010637581
20296 1 2068216 1.0 12.514403089880943
20297 1 2049233 1.0 10.322749032638967
20298 1 1445206 1.0 14.87949991133064
20299 1 1909000 1.0 4.4727110071107745
20300 1 1376952 1.0 10.131275979802012
20301 1 2346850 1.0 6.809365004301071
20302 1 455920 1.0 7.784299086779356
20303 1 1189677 1.0 6.077597034163773
20304 1 1129824 1.0 9.521660977043211
20305 1 1798381 1.0 13.031921931542456
20306 1 1172565 1.0 8.85112292598933
20307 1 1057561 1.0 10.629351017996669
20308 1 1369454 1.0 10.090137948282063
20309 1 1083446 1.0 8.984389947727323
20310 1 829674 1.0 7.318355957977474
20311 1 1458906 1.0 11.926539009436965
20312 1 1427253 1.0 8.749394095502794
20313 1 1615515 1.0 10.032948106527328
20314 1 531514 1.0 12.225877027958632
20315 1 1005418 1.0 7.849014014936984
20316 1 1573425 1.0 11.412117048166692
20317 1 1150120 1.0 8.54600197635591
20318 1 1802224 1.0 6.253528990782797
20319 1 1120384 1.0 12.774519040249288
20320 1 2030360 1.0 13.349029002711177
20321 1 1015889 1.0 6.721431040205061
20322 1 2030288 1.0 11.1563770333305
20323 1 1104099 1.0 11.025879066437483
20324 1 1856807 1.0 11.217336053960025
20325 1 2097153 1.0 12.642007088288665
20326 1 1518853 1.0 10.001076036132872
20327 1 844764 1.0 6.887075956910849
20328 1 634719 1.0 8.606477989815176
20329 1 148739 1.0 9.273728006519377
20330 1 1598742 1.0 8.341900072991848
20331 1 1146840 1.0 8.091070922091603
20332 1 566111 1.0 8.080205996520817
20333 1 1029116 1.0 11.089793057180941
20334 1 2051795 1.0 12.341590947471559
20335 1 1043859 1.0 11.268842965364456
20336 1 1108918 1.0 12.608696008101106
20337 1 1568475 1.0 6.502075004391372
20338 1 1917356 1.0 11.133259045891464
20339 1 779742 1.0 5.747516988776624
20340 1 2031805 1.0 10.99160104058683
20341 1 1017274 1.0 12.640131986699998
20342 1 1070767 1.0 8.924163063056767
20343 1 2426641 1.0 11.11121999565512
20344 1 1482760 1.0 12.523530051112175
20345 1 1780156 1.0 11.365906917490065
20346 1 2033261 1.0 11.983030941337347
20347 1 1480466 1.0 10.127219022251666
20348 1 1376617 1.0 10.09694195818156
20349 1 479744 1.0 10.229270905256271
20350 1 1024352 1.0 13.148005004040897
20351 1 1241600 1.0 13.196300016716123
20352 1 842522 1.0 8.27300501987338
20353 1 400388 1.0 9.215897996909916
20354 1 857519 1.0 12.523103971034288
20355 1 1487290 1.0 10.753095033578575
20356 1 1053003 1.0 11.620008037425578
20357 1 2105845 1.0 15.138535993173718
20358 1 1121695 1.0 15.789741999469697
20359 1 1189741 1.0 15.107634011656046
20360 1 1207149 1.0 13.315279968082905
20361 1 1407415 1.0 14.856481924653053
20362 1 899869 1.0 14.370462042279541
20363 1 207794 1.0 12.49692402780056
20364 1 1024204 1.0 13.08229099959135
20365 1 1034272 1.0 16.129777068272233
20366 1 2410137 1.0 13.764369999989867
20367 1 1131996 1.0 13.57036002445966
20368 1 2071342 1.0 13.580558937974274
20369 1 1473408 1.0 16.436495003290474
20370 1 2109090 1.0 15.451755956746638
20371 1 542971 1.0 12.63170293532312
20372 1 1176195 1.0 16.021877992898226
20373 1 2071588 1.0 15.181710943579674
20374 1 1008622 1.0 15.506945899687707
20375 1 1100880 1.0 14.176988042891026
20376 1 1172872 1.0 14.250480104237795
20377 1 1123710 1.0 12.573968968354166
20378 1 1469357 1.0 12.79454305768013
20379 1 1004145 1.0 14.708327013067901
20380 1 2070030 1.0 15.50639106426388
20381 1 619664 1.0 12.579019065015018
20382 1 1571717 1.0 15.838623046875
20383 1 2072761 1.0 16.75430394243449
20384 1 1572101 1.0 16.209589084610343
20385 1 1455628 1.0 13.173185987398028
20386 1 1129163 1.0 13.17802700214088
20387 1 1486876 1.0 12.088096933439374
20388 1 1469965 1.0 15.622807084582746
20389 1 1153502 1.0 12.969926930963993
20390 1 1044491 1.0 15.169560094363987
20391 1 2106965 1.0 15.362069010734558
20392 1 1135892 1.0 14.522324898280203
20393 1 1243543 1.0 13.183812960051
20394 1 1634702 1.0 15.07206098176539
20395 1 2051687 1.0 12.179225916042924
20396 1 1007763 1.0 15.363865997642279
20397 1 1692139 1.0 13.514278922230005
20398 1 1071252 1.0 12.807226972654462
20399 1 827242 1.0 15.753784915432334
20400 1 1662739 1.0 15.960533986799419
20401 1 1260055 1.0 15.139428083784878
20402 1 1014940 1.0 15.320382080972195
20403 1 1431175 1.0 17.720015021041036
20404 1 822927 1.0 13.08992796111852
20405 1 1639841 1.0 14.314876985736191
20406 1 983070 1.0 14.492037007585168
20407 1 1618829 1.0 15.636919066309929
20408 1 1450023 1.0 15.4090829892084
20409 1 2092369 1.0 14.724440989084542
20410 1 1593611 1.0 15.21286100614816
20411 1 2091420 1.0 13.506961055099964
20412 1 1649651 1.0 14.28556302562356
20413 1 2085925 1.0 15.278220060281456
20414 1 1317336 1.0 14.45277500897646
20415 1 1100792 1.0 14.840619056485593
20416 1 1174754 1.0 14.458441990427673
20417 1 2090292 1.0 20.10748302564025
20418 1 808401 1.0 16.310706036165357
20419 1 1438430 1.0 17.78710400685668
20420 1 1106841 1.0 16.22329407837242
20421 1 1206161 1.0 12.494914000853896
20422 1 1175534 1.0 16.69120602309704
20423 1 1860529 1.0 15.629636007361114
20424 1 2369394 1.0 14.167124056257308
20425 1 482105 1.0 14.227129984647036
20426 1 2030814 1.0 15.143248019739985
20427 1 1144386 1.0 11.695513036102057
20428 1 1669905 1.0 15.433778055012226
20429 1 1650524 1.0 13.47170805092901
20430 1 1380183 1.0 14.303688076324761
20431 1 1060306 1.0 12.687736889347434
20432 1 1126450 1.0 14.738793019205332
20433 1 595063 1.0 12.81116099562496
20434 1 1183965 1.0 12.696807039901614
20435 1 1162403 1.0 14.929307042621076
20436 1 2110738 1.0 16.77431201096624
20437 1 1128549 1.0 14.331141952425241
20438 1 1406278 1.0 15.331748058088124
20439 1 1053318 1.0 15.253947000019252
20440 1 1034736 1.0 15.102541889064014
20441 1 1416370 1.0 15.154976979829371
20442 1 1092682 1.0 14.705203007906675
20443 1 560945 1.0 14.793772017583251
20444 1 1162922 1.0 13.673888053745031
20445 1 1800467 1.0 14.534675050526857
20446 1 1556963 1.0 14.805187936872244
20447 1 1531939 1.0 14.570183004252613
20448 1 1070799 1.0 15.406114049255848
20449 1 1298151 1.0 14.700600993819535
20450 1 1487698 1.0 14.711588970385492
20451 1 427214 1.0 15.327673056162894
20452 1 621405 1.0 16.895993030630052
20453 1 1262147 1.0 16.39250002335757
20454 1 1045177 1.0 13.174141990020871
20455 1 1132230 1.0 14.499413082376122
20456 1 1076824 1.0 15.882348059676588
20457 1 1271605 1.0 14.11279896274209
20458 1 820054 1.0 14.816010021604598
20459 1 1076500 1.0 14.809233020059764
20460 1 2065099 1.0 13.873044052161276
20461 1 1104168 1.0 15.339409001171589
20462 1 1572366 1.0 15.516860992647707
20463 1 614742 1.0 13.687351951375604
20464 1 1459229 1.0 14.09677800256759
20465 1 1077596 1.0 15.374687034636736
20466 1 2070380 1.0 13.7555249966681
20467 1 1510224 1.0 15.022847917862236
20468 1 1528906 1.0 14.524223981425166
20469 1 1346541 1.0 13.842181069776416
20470 1 2292280 1.0 16.24763698782772
20471 1 999508 1.0 18.195028067566454
20472 1 847264 1.0 15.7602479448542
20473 1 1559521 1.0 19.299373030662537
20474 1 1451702 1.0 17.47999107465148
20475 1 2113183 1.0 17.58572307880968
20476 1 2072334 1.0 17.160809016786516
20477 1 1498253 1.0 17.265893053263426
20478 1 2087953 1.0 17.336206045001745
20479 1 1665412 1.0 15.276312944479287
20480 1 1556611 1.0 14.81067598797381
20481 1 2112084 1.0 14.832090004347265
20482 1 1513967 1.0 16.21708902530372
20483 1 834877 1.0 14.090595999732614
20484 1 1496688 1.0 16.280104056932032
20485 1 1442144 1.0 13.54391302447766
20486 1 1111424 1.0 17.424691934138536
20487 1 1099150 1.0 16.26500894781202
20488 1 1168695 1.0 16.026205965317786
20489 1 1576781 1.0 17.0848109992221
20490 1 2057114 1.0 12.230925960466266
20491 1 1433014 1.0 17.100004944950342
20492 1 1294849 1.0 14.4080959726125
20493 1 1558215 1.0 14.863232034258544
20494 1 1476656 1.0 15.300410916097462
20495 1 1314417 1.0 15.220205998048186
20496 1 1641232 1.0 16.097359941340983
20497 1 986309 1.0 15.996493049897254
20498 1 1060372 1.0 15.924749081023037
20499 1 1065139 1.0 17.3560039838776
20500 1 2048965 1.0 14.482702012173831
20501 1 853815 1.0 18.50279897917062
20502 1 1049940 1.0 16.363312024623156
20503 1 1621414 1.0 17.133197048678994
20504 1 1489152 1.0 18.07330606970936
20505 1 1163420 1.0 15.525582944974303
20506 1 1077928 1.0 14.709264039993286
20507 1 2092492 1.0 15.166198019869626
20508 1 1844938 1.0 15.210160985589027
20509 1 1228910 1.0 14.14568000473082
20510 1 1494494 1.0 13.775717001408339
20511 1 1206653 1.0 14.854680048301816
20512 1 2105902 1.0 14.770885929465294
20513 1 1140487 1.0 15.092879999428988
20514 1 1238640 1.0 13.814658974297345
20515 1 1135383 1.0 13.907818938605487
20516 1 1037810 1.0 13.415855006314814
20517 1 2106351 1.0 13.352349982596934
20518 1 834544 1.0 15.50245692487806
20519 1 1090432 1.0 13.449800084345043
20520 1 1177616 1.0 14.811421977356076
20521 1 1493855 1.0 16.14048599731177
20522 1 1001339 1.0 13.397376984357834
20523 1 959461 1.0 16.30574301816523
20524 1 1511053 1.0 14.514104928821325
20525 1 2053831 1.0 14.58324701525271
20526 1 1137048 1.0 15.22964600007981
20527 1 2067276 1.0 13.965046033263206
20528 1 1053511 1.0 13.490363024175167
20529 1 1070449 1.0 14.877873938530684
20530 1 2049858 1.0 13.67204892449081
20531 1 2091600 1.0 15.007534995675087
20532 1 1001548 1.0 12.565326993353665
20533 1 1297697 1.0 13.855890021659434
20534 1 1638451 1.0 16.011669067665935
20535 1 1000299 1.0 14.878739952109754
20536 1 1166143 1.0 15.377646079286933
20537 1 958904 1.0 15.28279297053814
20538 1 1136913 1.0 15.301925945095718
20539 1 1106921 1.0 13.551322976127267
20540 1 1555697 1.0 15.20368899218738
20541 1 1986794 1.0 15.185513067990541
20542 1 1146063 1.0 14.766540029086173
20543 1 815355 1.0 11.588599998503923
20544 1 1012652 1.0 12.946848990395665
20545 1 1073540 1.0 14.047852018848062
20546 1 517112 1.0 13.559337006881833
20547 1 1080866 1.0 15.196711989119649
20548 1 1432643 1.0 11.200951063074172
20549 1 1387975 1.0 12.863359064795077
20550 1 1001667 1.0 14.97182296589017
20551 1 2114357 1.0 12.729356996715069
20552 1 641150 1.0 13.647684012539685
20553 1 1262802 1.0 13.766191899776459
20554 1 861320 1.0 15.855424921028316
20555 1 1110501 1.0 14.385713031515479
20556 1 2078098 1.0 14.962831046432257
20557 1 1793441 1.0 16.276616952382028
20558 1 834203 1.0 14.383906964212656
20559 1 2073197 1.0 14.218283002264798
20560 1 1349103 1.0 14.720426988787949
20561 1 1152742 1.0 13.513938058167696
20562 1 1110253 1.0 14.389022020623088
20563 1 1108620 1.0 12.895868974737823
20564 1 838638 1.0 14.519402058795094
20565 1 2092238 1.0 14.596913009881973
20566 1 1492350 1.0 12.375107035040855
20567 1 2057627 1.0 14.686836046166718
20568 1 1206647 1.0 12.878709007054567
20569 1 1542717 1.0 14.163879910483956
20570 1 1519823 1.0 18.936756998300552
20571 1 640893 1.0 15.979249030351639
20572 1 1472990 1.0 17.34584500081837
20573 1 2053582 1.0 15.65752795431763
20574 1 1005539 1.0 15.446590026840568
20575 1 1868579 1.0 14.23382107168436
20576 1 2065255 1.0 13.90734501183033
20577 1 1555647 1.0 15.64166194293648
20578 1 1555116 1.0 14.7539630997926
20579 1 1003415 1.0 14.701538952067494
20580 1 1428769 1.0 14.408034970983863
20581 1 1247796 1.0 15.747256926260889
20582 1 2413762 1.0 13.944185920991004
20583 1 1022067 1.0 13.734556967392564
20584 1 2027241 1.0 15.122479991987348
20585 1 2056355 1.0 15.580979990772903
20586 1 1139676 1.0 16.302470001392066
20587 1 1071856 1.0 13.442384079098701
20588 1 2056616 1.0 13.166330056264997
20589 1 495102 1.0 13.916148920543492
20590 1 1607541 1.0 15.493332990445197
20591 1 467531 1.0 15.838317922316492
20592 1 1246214 1.0 15.547091024927795
20593 1 395500 1.0 14.722990919835865
20594 1 1081377 1.0 15.137151000089943
20595 1 1306729 1.0 13.500850996933877
20596 1 1349374 1.0 13.596334960311651
20597 1 1290046 1.0 13.517997926101089
20598 1 1135385 1.0 14.40076797734946
20599 1 1160822 1.0 14.424007036723197
20600 1 1195086 1.0 14.528936007991433
20601 1 1605789 1.0 12.532788910903037
20602 1 1172712 1.0 14.385961927473545
20603 1 1182199 1.0 14.352981001138687
20604 1 1535139 1.0 14.20378009788692
20605 1 581057 1.0 14.411738025955856
20606 1 2091413 1.0 14.576148008927703
20607 1 2067018 1.0 12.115644989535213
20608 1 442752 1.0 14.627800090238452
20609 1 2050869 1.0 14.09805507864803
20610 1 2116526 1.0 13.830762938596308
20611 1 1167000 1.0 13.326255953870714
20612 1 1651531 1.0 14.461955986917019
20613 1 1002079 1.0 10.79455204308033
20614 1 1077514 1.0 13.011315953917801
20615 1 647013 1.0 12.864243006333709
20616 1 1532682 1.0 14.608417986892164
20617 1 1768395 1.0 12.338137021288276
20618 1 1865760 1.0 11.916817049495876
20619 1 1561140 1.0 13.75799102243036
20620 1 1793196 1.0 12.289694976061583
20621 1 825743 1.0 13.243186986073852
20622 1 561915 1.0 12.457314063794911
20623 1 623985 1.0 14.373203972354531
20624 1 2052087 1.0 14.216623036190867
20625 1 1618995 1.0 14.983015018515289
20626 1 1019627 1.0 15.128575963899493
20627 1 391947 1.0 13.371584005653858
20628 1 2085762 1.0 15.216536936350167
20629 1 1030229 1.0 14.351240010000765
20630 1 1431118 1.0 13.141187955625355
20631 1 2053578 1.0 12.54162797704339
20632 1 608795 1.0 11.679850053042173
20633 1 1625746 1.0 14.219550066627562
20634 1 1713536 1.0 13.822859968058765
20635 1 1054557 1.0 14.749152003787458
20636 1 1621427 1.0 14.982809079810977
20637 1 2090193 1.0 13.828149996697903
20638 1 1576392 1.0 13.96661694161594
20639 1 1137606 1.0 13.544451096095145
20640 1 1238190 1.0 13.192801037803292
20641 1 1499545 1.0 13.628470012918115
20642 1 2051059 1.0 13.9659020351246
20643 1 826607 1.0 13.479372020810843
20644 1 2076941 1.0 15.602213912643492
20645 1 998890 1.0 13.878982979804277
20646 1 1178413 1.0 15.047178021632135
20647 1 1969244 1.0 15.678229043260217
20648 1 1304173 1.0 14.363562921062112
20649 1 1628710 1.0 14.683307032100856
20650 1 1282470 1.0 12.669498915784061
20651 1 1605429 1.0 14.557212009094656
20652 1 2078571 1.0 11.839027982205153
20653 1 2073863 1.0 12.627976015210152
20654 1 979133 1.0 14.75103897973895
20655 1 2113145 1.0 11.518119950778782
20656 1 2086724 1.0 14.66983905993402
20657 1 1397175 1.0 13.678970048204064
20658 1 1055659 1.0 12.552130967378616
20659 1 869079 1.0 10.557067929767072
20660 1 991866 1.0 12.631072080694139
20661 1 1031999 1.0 14.261455042287707
20662 1 1086583 1.0 15.333993011154234
20663 1 1652217 1.0 14.884110074490309
20664 1 1167021 1.0 15.32763906288892
20665 1 1983803 1.0 14.493391965515912
20666 1 1025308 1.0 14.205159968696535
20667 1 1273972 1.0 14.464183012023568
20668 1 1555954 1.0 13.60908302012831
20669 1 1421622 1.0 13.531820964999497
20670 1 997907 1.0 13.312657014466822
20671 1 1671807 1.0 13.591667055152357
20672 1 1652868 1.0 12.526349048130214
20673 1 1101968 1.0 12.690479052253067
20674 1 2112131 1.0 13.132674037478864
20675 1 1061772 1.0 11.69843995012343
20676 1 1652200 1.0 14.511702000163496
20677 1 1017990 1.0 12.637151055969298
20678 1 1031999 1.0 13.83839501067996
20679 1 1056486 1.0 14.089431031607091
20680 1 1051542 1.0 12.75184703990817
20681 1 1357528 1.0 14.713671989738941
20682 1 2060374 1.0 13.416847912594676
20683 1 1159018 1.0 15.42184199206531
20684 1 1477899 1.0 13.603096944279969
20685 1 1069082 1.0 13.140561990439892
20686 1 78121 1.0 14.213213929906487
20687 1 1125618 1.0 14.562741038389504
20688 1 1033701 1.0 12.74040702264756
20689 1 820351 1.0 14.327162993140519
20690 1 2067477 1.0 13.265380985103548
20691 1 1841823 1.0 14.43791703786701
20692 1 1062307 1.0 13.038757955655456
20693 1 2087250 1.0 21.590361022390425
20694 1 1442417 1.0 14.93602292612195
20695 1 2089630 1.0 14.095552964136004
20696 1 2085834 1.0 13.014972093515098
20697 1 839634 1.0 13.523288071155548
20698 1 1056438 1.0 14.331295969896019
20699 1 1432768 1.0 14.690980897285044
20700 1 1120028 1.0 11.9098270079121
20701 1 2087128 1.0 16.305018914863467
20702 1 1570172 1.0 15.787078067660332
20703 1 2050871 1.0 15.645958948880434
20704 1 1155425 1.0 12.139466009102762
20705 1 1636349 1.0 12.102246982976794
20706 1 1472875 1.0 14.63962101843208
20707 1 1462343 1.0 14.734208933077753
20708 1 1429010 1.0 13.245841022580862
20709 1 1356252 1.0 13.596300967037678
20710 1 900671 1.0 13.358158990740776
20711 1 2051539 1.0 12.186758918687701
20712 1 1076249 1.0 13.81454593501985
20713 1 806504 1.0 12.929419986903667
20714 1 1051239 1.0 13.929217006079853
20715 1 2088326 1.0 14.896125067025423
20716 1 1614742 1.0 15.60236292425543
20717 1 1344975 1.0 16.128335031680763
20718 1 1132845 1.0 16.876725014299154
20719 1 821445 1.0 13.773925020359457
20720 1 2039184 1.0 14.486885978840292
20721 1 1131324 1.0 12.374798068776727
20722 1 1881081 1.0 13.490244979038835
20723 1 860307 1.0 12.05516792833805
20724 1 1631765 1.0 14.807554078288376
20725 1 1413140 1.0 13.898628996685147
20726 1 1160699 1.0 15.093930996954441
20727 1 1007174 1.0 12.67129194457084
20728 1 1984941 1.0 14.824608922936022
20729 1 1024094 1.0 14.177448931150138
20730 1 1107110 1.0 13.37439997587353
20731 1 1493272 1.0 13.938299030996859
20732 1 1052843 1.0 14.603998977690935
20733 1 1137117 1.0 13.966273982077837
20734 1 2071522 1.0 15.77658299356699
20735 1 1574966 1.0 14.25195299088955
20736 1 2108933 1.0 13.228880008682609
20737 1 1471005 1.0 15.580078936181962
20738 1 1027323 1.0 14.48843500111252
20739 1 2110303 1.0 13.66105698980391
20740 1 2141181 1.0 13.248117989860475
20741 1 1069507 1.0 14.077756088227034
20742 1 1703358 1.0 15.424187062308192
20743 1 1144956 1.0 12.979732011444867
20744 1 1672338 1.0 13.841686071828008
20745 1 1020988 1.0 13.157949084416032
20746 1 1239155 1.0 14.539700001478195
20747 1 2075617 1.0 12.173725990578532
20748 1 2105690 1.0 15.008418937213719
20749 1 1023447 1.0 13.517128070816398
20750 1 1440669 1.0 15.43790299911052
20751 1 1975669 1.0 15.390910091809928
20752 1 978917 1.0 16.641488065943122
20753 1 1637943 1.0 14.072836027480662
20754 1 1366114 1.0 16.41692698467523
20755 1 1626181 1.0 15.934045892208815
20756 1 1185947 1.0 14.027509954757988
20757 1 2109370 1.0 14.407378039322793
20758 1 1498767 1.0 14.104046975262463
20759 1 1153586 1.0 16.282939934171736
20760 1 1097301 1.0 13.89563293196261
20761 1 1468319 1.0 14.318575034849346
20762 1 2068030 1.0 13.30260094255209
20763 1 1280356 1.0 15.596211072988808
20764 1 1557650 1.0 12.114107958041131
20765 1 1113094 1.0 15.033578965812922
20766 1 1626025 1.0 15.042874030768871
20767 1 1559250 1.0 12.198393000289798
20768 1 1384878 1.0 13.941291021183133
20769 1 1071616 1.0 13.700105948373675
20770 1 1157291 1.0 16.69766497798264
20771 1 2061413 1.0 15.735859982669353
20772 1 1458588 1.0 16.023463918827474
20773 1 1626618 1.0 16.498154029250145
20774 1 1560191 1.0 14.808018109761178
20775 1 977381 1.0 15.356643008999527
20776 1 1621172 1.0 13.866703025996685
20777 1 1851144 1.0 12.554769986309111
20778 1 1632913 1.0 14.931557001546025
20779 1 1472964 1.0 12.496992014348507
20780 1 57141 1.0 14.728232054039836
20781 1 850580 1.0 12.546796002425253
20782 1 627240 1.0 14.201210928149521
20783 1 1247140 1.0 13.852305943146348
20784 1 1202671 1.0 11.05730701237917
20785 1 2090943 1.0 15.026698936708272
20786 1 1639352 1.0 15.818310086615384
20787 1 1533099 1.0 16.60467602778226
20788 1 1219746 1.0 14.3892508931458
20789 1 1069309 1.0 14.097081031650305
20790 1 1190720 1.0 15.822551911696792
20791 1 1060881 1.0 15.781107940711081
20792 1 1655750 1.0 14.547894010320306
20793 1 2071591 1.0 13.729903032071888
20794 1 1207475 1.0 15.223136986605823
20795 1 865757 1.0 15.042350045405328
20796 1 836696 1.0 17.031544004566967
20797 1 1060271 1.0 15.431990032084286
20798 1 1016960 1.0 14.129166025668383
20799 1 1108843 1.0 13.72233999427408
20800 1 1687671 1.0 13.122554984875023
20801 1 2068179 1.0 14.634058927185833
20802 1 1296903 1.0 15.439878101460636
20803 1 2048330 1.0 16.221752972342074
20804 1 1282769 1.0 15.427951933816075
20805 1 1466873 1.0 13.486417010426521
20806 1 1169516 1.0 15.448214020580053
20807 1 2088075 1.0 13.21272598579526
20808 1 1106249 1.0 15.424447017721832
20809 1 1498476 1.0 15.630066976882517
20810 1 586783 1.0 14.115663012489676
20811 1 2074128 1.0 12.916269013658166
20812 1 1027750 1.0 14.388025971129537
20813 1 1240381 1.0 13.45054095145315
20814 1 1054260 1.0 11.481350054964423
20815 1 997346 1.0 13.419710914604366
20816 1 1652026 1.0 15.148118021897972
20817 1 1679260 1.0 12.144417967647314
20818 1 1668587 1.0 13.157162931747735
20819 1 1151843 1.0 12.242830009199679
20820 1 1196615 1.0 15.112866996787488
20821 1 1528007 1.0 14.539976953528821
20822 1 1424832 1.0 16.25145203433931
20823 1 1492194 1.0 15.259891981258988
20824 1 2075538 1.0 16.236555064097047
20825 1 1299114 1.0 15.37747005932033
20826 1 823342 1.0 12.559024966321886
20827 1 1858541 1.0 13.957192073576152
20828 1 827959 1.0 14.375892002135515
20829 1 826565 1.0 15.186225064098835
20830 1 2074337 1.0 13.28131090849638
20831 1 1140019 1.0 14.424066990613937
20832 1 1176846 1.0 13.658416923135519
20833 1 604689 1.0 14.848145074211061
20834 1 1686249 1.0 15.663386904634535
20835 1 2073439 1.0 15.18815301824361
20836 1 765171 1.0 13.625630061142147
20837 1 1108498 1.0 14.9066949961707
20838 1 2082222 1.0 13.457661960273981
20839 1 1290308 1.0 14.096244936808944
20840 1 2053124 1.0 14.820027980022132
20841 1 1184148 1.0 15.737899928353727
20842 1 1638106 1.0 15.965204918757081
20843 1 1265086 1.0 14.199182973243296
20844 1 984359 1.0 14.20595298986882
20845 1 1449257 1.0 13.937288895249367
20846 1 1069557 1.0 13.830874930135906
20847 1 1089055 1.0 15.500164008699358
20848 1 2114380 1.0 14.141971012577415
20849 1 937562 1.0 13.39848106727004
20850 1 1298143 1.0 13.74541805125773
20851 1 1103285 1.0 12.64167099725455
20852 1 1130749 1.0 13.899647048674524
20853 1 1078313 1.0 14.157271943986416
20854 1 2093929 1.0 15.030932030640543
20855 1 1677238 1.0 15.841059037484229
20856 1 553798 1.0 13.610541936941445
20857 1 1412137 1.0 16.609778976999223
20858 1 1052019 1.0 16.75892504863441
20859 1 1593256 1.0 16.60584006458521
20860 1 1443176 1.0 15.226077986881137
20861 1 1174748 1.0 15.930387075059116
20862 1 1597974 1.0 15.689027030020952
20863 1 1982902 1.0 14.791026012971997
20864 1 957919 1.0 14.972253004088998
20865 1 1098733 1.0 15.50052291713655
20866 1 1802502 1.0 15.287723974324763
20867 1 1088897 1.0 15.216102008707821
20868 1 1703345 1.0 15.157208079472184
20869 1 1163590 1.0 15.110421925783157
20870 1 649801 1.0 14.625231036916375
20871 1 1439035 1.0 15.138324000872672
20872 1 1312914 1.0 16.100257053039968
20873 1 1419398 1.0 17.243025009520352
20874 1 835569 1.0 16.873708926141262
20875 1 1627307 1.0 16.567499027587473
20876 1 972989 1.0 15.603104024194181
20877 1 1588985 1.0 15.151192084886134
20878 1 1395735 1.0 14.35498206410557
20879 1 1036403 1.0 15.603957930579782
20880 1 1265403 1.0 16.00972400046885
20881 1 1511577 1.0 15.05258004181087
20882 1 1345916 1.0 15.396327013149858
20883 1 342794 1.0 15.448256977833807
20884 1 1272875 1.0 15.180964954197407
20885 1 1449717 1.0 15.081010991707444
20886 1 1211947 1.0 14.791850931942463
20887 1 1624702 1.0 16.841636039316654
20888 1 1951935 1.0 16.107490053400397
20889 1 769625 1.0 16.003718017600477
20890 1 1554865 1.0 16.72026701271534
20891 1 1163208 1.0 16.47109293844551
20892 1 1220477 1.0 16.229851986281574
20893 1 32859 1.0 15.441566938534379
20894 1 1466802 1.0 15.721995965577662
20895 1 1185994 1.0 15.124373021535575
20896 1 1165645 1.0 15.648706001229584
20897 1 1107460 1.0 15.838023973628879
20898 1 1453905 1.0 15.641301055438817
20899 1 1149077 1.0 15.356146963313222
20900 1 1572083 1.0 15.431526931934059
20901 1 1507621 1.0 16.078367014415562
20902 1 1248991 1.0 14.895347994752228
20903 1 620727 1.0 16.022819909267128
20904 1 1044437 1.0 15.99547197110951
20905 1 2339903 1.0 16.68923208490014
20906 1 999844 1.0 16.342196031473577
20907 1 1468678 1.0 16.647049924358726
20908 1 1792625 1.0 16.206034924834967
20909 1 1572940 1.0 16.442070016637444
20910 1 1494919 1.0 15.501141082495451
20911 1 1418749 1.0 15.598297934047878
20912 1 1301605 1.0 15.83278295584023
20913 1 1289497 1.0 14.922839938662946
20914 1 434958 1.0 15.430700965225697
20915 1 1039809 1.0 15.716335037723184
20916 1 1040827 1.0 15.71027806494385
20917 1 1988145 1.0 15.547762042842805
20918 1 1478207 1.0 16.000762931071222
20919 1 1399196 1.0 15.217317035421729
20920 1 2313677 1.0 15.834558987990022
20921 1 1485244 1.0 14.771664049476385
20922 1 1085780 1.0 16.310303006321192
20923 1 1613782 1.0 16.482525039464235
20924 1 853289 1.0 16.460970044136047
20925 1 1463262 1.0 16.708530019968748
20926 1 1166125 1.0 15.774653060361743
20927 1 1969727 1.0 15.947071020491421
20928 1 1465712 1.0 15.505625982768834
20929 1 1500831 1.0 15.538736013695598
20930 1 1298953 1.0 15.593784977681935
20931 1 1085898 1.0 14.718224061653018
20932 1 1087941 1.0 15.138886985369027
20933 1 1092821 1.0 14.971102005802095
20934 1 1416355 1.0 15.316686942242086
20935 1 1069132 1.0 15.480929054319859
20936 1 1346583 1.0 15.409611980430782
20937 1 1143490 1.0 16.513073001988232
20938 1 1650174 1.0 16.246636980213225
20939 1 1032354 1.0 16.24066603835672
20940 1 1448019 1.0 16.146242967806756
20941 1 1412256 1.0 16.716575948521495
20942 1 1112534 1.0 16.62328594829887
20943 1 1544564 1.0 15.509585035033524
20944 1 1454590 1.0 15.551486983895302
20945 1 1113613 1.0 15.11352404486388
20946 1 1522783 1.0 14.308342011645436
20947 1 1545558 1.0 15.696012997068465
20948 1 1484861 1.0 14.858066104352474
20949 1 1116389 1.0 15.750782913528383
20950 1 1987121 1.0 15.36272803787142
20951 1 1299132 1.0 15.432827058248222
20952 1 1543933 1.0 14.963058987632394
20953 1 1665713 1.0 16.25496696215123
20954 1 1384973 1.0 16.59232296515256
20955 1 1987472 1.0 16.52529602870345
20956 1 1019889 1.0 16.335973050445318
20957 1 2094079 1.0 16.40417391899973
20958 1 1409882 1.0 16.15749509073794
20959 1 832287 1.0 15.707780024968088
20960 1 578772 1.0 15.839555999264121
20961 1 651775 1.0 14.759932993911207
20962 1 1129156 1.0 14.668778982013464
20963 1 1501665 1.0 15.534530044533312
20964 1 1408382 1.0 15.22458903491497
20965 1 1281456 1.0 14.155426993966103
20966 1 1400639 1.0 15.1464770315215
20967 1 1134584 1.0 15.534535981714725
20968 1 1981146 1.0 15.544462949037552
20969 1 1491712 1.0 15.781859983690083
20970 1 1397153 1.0 16.75211894325912
20971 1 1520597 1.0 16.188930021598935
20972 1 1098322 1.0 16.569704981520772
20973 1 1479801 1.0 15.804896014742553
20974 1 1421627 1.0 15.94552700407803
20975 1 1128978 1.0 15.040291007608175
20976 1 1439591 1.0 16.128170071169734
20977 1 6147 1.0 16.398253035731614
20978 1 1634517 1.0 16.52375899720937
20979 1 873107 1.0 15.949934953823686
20980 1 1147536 1.0 16.85773499775678
20981 1 1493593 1.0 16.478963079862297
20982 1 974985 1.0 16.296177986077964
20983 1 1007123 1.0 15.854259952902794
20984 1 1409783 1.0 16.352236969396472
20985 1 1068155 1.0 16.424715984612703
20986 1 1070059 1.0 18.67466699331999
20987 1 1615642 1.0 16.997731989249587
20988 1 576590 1.0 17.140447976998985
20989 1 1575595 1.0 16.596038010902703
20990 1 1949574 1.0 15.455282991752028
20991 1 1058320 1.0 15.652165981009603
20992 1 1314908 1.0 16.102824010886252
20993 1 1560907 1.0 15.704177087172866
20994 1 1467362 1.0 15.967544983141124
20995 1 2087044 1.0 15.091344015672803
20996 1 1396465 1.0 15.011079958640039
20997 1 1356780 1.0 15.838420018553734
20998 1 1167569 1.0 15.765279065817595
20999 1 1183635 1.0 15.981858014129102
21000 1 1437415 1.0 15.649144072085619
21001 1 1570763 1.0 16.738258069381118
21002 1 1291678 1.0 16.335876076482236
21003 1 1734299 1.0 16.65560097899288
21004 1 1147398 1.0 16.670281998813152
21005 1 859106 1.0 16.8156799627468
21006 1 1418984 1.0 15.482048038393259
21007 1 1610237 1.0 16.095101949758828
21008 1 1181670 1.0 14.572540996596217
21009 1 1530916 1.0 16.14212803542614
21010 1 1198132 1.0 15.254264930263162
21011 1 1570319 1.0 15.486221062019467
21012 1 2093811 1.0 15.431115054525435
21013 1 1504835 1.0 15.504784998483956
21014 1 1454740 1.0 15.464201918803155
21015 1 1045285 1.0 15.217878972180188
21016 1 1451612 1.0 15.136915957555175
21017 1 1559421 1.0 15.122478944249451
21018 1 1026304 1.0 17.04445295035839
21019 1 1461189 1.0 15.862075961194932
21020 1 1514528 1.0 15.916211996227503
21021 1 1609925 1.0 16.008770908229053
21022 1 1362248 1.0 15.71018504910171
21023 1 1133435 1.0 16.54068601783365
21024 1 1332912 1.0 15.255656093358994
21025 1 1654811 1.0 15.296698082238436
21026 1 1488463 1.0 15.706376056186855
21027 1 1199129 1.0 15.39615006186068
21028 1 524449 1.0 15.716234920546412
21029 1 1495130 1.0 15.442593954503536
21030 1 951687 1.0 15.090233064256608
21031 1 1799765 1.0 15.411242959089577
21032 1 1571972 1.0 15.29612997546792
21033 1 1438982 1.0 15.86860604584217
21034 1 1546050 1.0 16.41103404108435
21035 1 1794170 1.0 16.104594920761883
21036 1 627904 1.0 16.280040028505027
21037 1 1668983 1.0 16.473887022584677
21038 1 1437461 1.0 16.0657080123201
21039 1 1606287 1.0 15.984929981641471
21040 1 1154650 1.0 15.521166962571442
21041 1 1062680 1.0 15.4814210254699
21042 1 2089868 1.0 15.40731091517955
21043 1 182937 1.0 15.850079013034701
21044 1 1130926 1.0 15.62795601785183
21045 1 1514127 1.0 15.498428023420274
21046 1 1012596 1.0 14.96008294634521
21047 1 817899 1.0 15.329980989918113
21048 1 1078394 1.0 14.61739104706794
21049 1 1328539 1.0 15.19014488440007
21050 1 1799665 1.0 14.787500957027078
21051 1 1454337 1.0 15.429434017278254
21052 1 1443196 1.0 16.6084150550887
21053 1 1641710 1.0 17.07585994154215
21054 1 1558301 1.0 16.40751794911921
21055 1 1477967 1.0 16.358359018340707
21056 1 2070319 1.0 15.720788040198386
21057 1 1412382 1.0 15.75257396325469
21058 1 1627480 1.0 15.105622005648911
21059 1 1572850 1.0 14.872339903376997
21060 1 1571087 1.0 15.506486990489066
21061 1 1686981 1.0 15.480880974791944
21062 1 1341029 1.0 15.528414980508387
21063 1 1416691 1.0 15.066441032104194
21064 1 1175289 1.0 15.114243957214057
21065 1 1630625 1.0 16.388131072744727
21066 1 1612138 1.0 15.124261029995978
21067 1 1468568 1.0 17.015865072607994
21068 1 444934 1.0 15.385682927444577
21069 1 1201142 1.0 16.22777304146439
21070 1 1630008 1.0 15.315302996896207
21071 1 1502330 1.0 14.91176092531532
21072 1 2092397 1.0 15.976489055901766
21073 1 1567520 1.0 15.636633965186775
21074 1 1161417 1.0 15.056365984492004
21075 1 1610530 1.0 15.69205499254167
21076 1 1017003 1.0 15.579924918711185
21077 1 956137 1.0 13.913863920606673
21078 1 1572098 1.0 15.254564001224935
21079 1 1513778 1.0 14.76720196660608
21080 1 1459932 1.0 15.166625962592661
21081 1 1172370 1.0 14.482596074230969
21082 1 1200834 1.0 15.224514994770288
21083 1 1173538 1.0 15.32972906716168
21084 1 982810 1.0 15.553241013549268
21085 1 1294128 1.0 15.796754974871874
21086 1 1106132 1.0 15.52184100728482
21087 1 1013844 1.0 15.928876004181802
21088 1 1352856 1.0 15.685559017583728
21089 1 1303932 1.0 15.505829942412674
21090 1 1629042 1.0 14.373420039191842
21091 1 1608631 1.0 15.038824989460409
21092 1 1622196 1.0 15.144117991439998
21093 1 1343679 1.0 14.714624965563416
21094 1 1560415 1.0 14.916201937012374
21095 1 2094786 1.0 14.779801946133375
21096 1 306662 1.0 14.949889038689435
21097 1 1841248 1.0 15.257189981639385
21098 1 1223381 1.0 15.005524037405849
21099 1 1317709 1.0 14.599340967833996
21100 1 2094869 1.0 14.98079497832805
21101 1 1491481 1.0 15.090739005245268
21102 1 1233689 1.0 16.709816991351545
21103 1 1557744 1.0 15.765776042826474
21104 1 1153613 1.0 15.438946895301342
21105 1 1467286 1.0 16.36215194594115
21106 1 1230643 1.0 15.777809894643724
21107 1 880996 1.0 15.762362047098577
21108 1 1417964 1.0 15.133098931983113
21109 1 1187519 1.0 15.218907967209816
21110 1 1614979 1.0 15.117899049073458
21111 1 1525831 1.0 15.228018979541957
21112 1 1406118 1.0 14.584980090148747
21113 1 1415841 1.0 14.831096050329506
21114 1 1423539 1.0 14.865507022477686
21115 1 1412727 1.0 15.977301052771509
21116 1 1000221 1.0 15.087091946043074
21117 1 1622533 1.0 15.574885997921228
21118 1 1312534 1.0 15.371007029898465
21119 1 1629810 1.0 15.390636050142348
21120 1 247769 1.0 15.869826078414917
21121 1 1555596 1.0 16.08892693184316
21122 1 113387 1.0 15.872483025304973
21123 1 1137253 1.0 15.965313999913633
21124 1 1289422 1.0 14.603822026401758
21125 1 1266863 1.0 14.64197994209826
21126 1 1801122 1.0 14.751170994713902
21127 1 1435126 1.0 14.902747934684157
21128 1 885683 1.0 14.779394026845694
21129 1 1621858 1.0 14.249398023821414
21130 1 1605121 1.0 14.303390984423459
21131 1 1149635 1.0 14.774722047150135
21132 1 1526639 1.0 14.261009986512363
21133 1 1181114 1.0 14.497544034384191
21134 1 1653125 1.0 13.962552067823708
21135 1 1041784 1.0 14.380511012859643
21136 1 1525601 1.0 15.594523982144892
21137 1 1599663 1.0 15.056581934913993
21138 1 1061884 1.0 15.266652102582157
21139 1 627982 1.0 14.317858964204788
21140 1 1589092 1.0 14.450359041802585
21141 1 630453 1.0 14.276206959038973
21142 1 1652650 1.0 13.539143023081124
21143 1 1181278 1.0 14.110623975284398
21144 1 1650306 1.0 14.144132961519063
21145 1 1002533 1.0 14.02132899966091
21146 1 1241806 1.0 13.891959097236395
21147 1 1594758 1.0 13.851597090251744
21148 1 1545945 1.0 14.26727103535086
21149 1 995429 1.0 14.102114946581423
21150 1 1419016 1.0 13.628423912450671
21151 1 1494919 1.0 13.861881918273866
21152 1 1067531 1.0 13.91491701360792
21153 1 1422861 1.0 14.190200017765164
21154 1 1557358 1.0 13.890212983824313
21155 1 1563844 1.0 13.65138404071331
21156 1 1623190 1.0 15.221162000671029
21157 1 1451133 1.0 15.453473082743585
21158 1 1433189 1.0 13.652020948939025
21159 1 1444578 1.0 14.13447002414614
21160 1 1024428 1.0 14.705438981764019
21161 1 1041581 1.0 14.74932604469359
21162 1 1488171 1.0 14.239125070162117
21163 1 1155693 1.0 14.43534204736352
21164 1 1375713 1.0 13.844469096511602
21165 1 1036847 1.0 14.214318012818694
21166 1 1409741 1.0 14.30224790237844
21167 1 1964617 1.0 14.227868057787418
21168 1 1273846 1.0 14.23967001028359
21169 1 997761 1.0 14.70197702292353
21170 1 1167227 1.0 14.406546950340271
21171 1 1579847 1.0 14.185218955390155
21172 1 1485274 1.0 14.149078051559627
21173 1 1846443 1.0 14.03832295909524
21174 1 328352 1.0 16.14231406711042
21175 1 1114720 1.0 16.307347919791937
21176 1 1065904 1.0 15.582874068059027
21177 1 499026 1.0 15.547745046205819
21178 1 1471325 1.0 15.458057983778417
21179 1 643439 1.0 15.460246941074729
21180 1 1095485 1.0 14.746200060471892
21181 1 1148334 1.0 13.846597983501852
21182 1 1198882 1.0 14.094103942625225
21183 1 861054 1.0 14.755242969840765
21184 1 1343545 1.0 14.076977968215942
21185 1 1115021 1.0 14.567521982826293
21186 1 1406982 1.0 14.463837025687099
21187 1 1096144 1.0 14.575857087038457
21188 1 1062095 1.0 14.481271035037935
21189 1 1848926 1.0 14.377563958987594
21190 1 1570693 1.0 14.4491670653224
21191 1 1448319 1.0 14.449133072048426
21192 1 679821 1.0 14.401194057427347
21193 1 892765 1.0 15.762782888486981
21194 1 1196510 1.0 15.24111395701766
21195 1 1411888 1.0 15.078588970936835
21196 1 959372 1.0 14.91509994957596
21197 1 1029869 1.0 14.866431010887027
21198 1 1567546 1.0 14.754342031665146
21199 1 1413960 1.0 14.269027975387871
21200 1 1594857 1.0 14.196858974173665
21201 1 1109574 1.0 14.755040989257395
21202 1 1144554 1.0 14.02566593606025
21203 1 1337189 1.0 14.521143981255591
21204 1 1099176 1.0 16.029190039262176
21205 1 1080184 1.0 15.995984082110226
21206 1 1461654 1.0 15.73248696513474
21207 1 2436890 1.0 15.674107940867543
21208 1 1078961 1.0 15.423721983097494
21209 1 1422107 1.0 16.188728041015565
21210 1 1655792 1.0 15.923683997243643
21211 1 1612889 1.0 15.934892930090427
21212 1 1010206 1.0 15.649631968699396
21213 1 1224036 1.0 15.32226603012532
21214 1 1949648 1.0 15.99936094135046
21215 1 1043555 1.0 15.62324701808393
21216 1 1084443 1.0 14.554156921803951
21217 1 1075725 1.0 15.082734054885805
21218 1 1573227 1.0 14.691603020764887
21219 1 1131981 1.0 13.102163095027208
21220 1 1632601 1.0 15.08959208149463
21221 1 634651 1.0 14.90684796590358
21222 1 1591978 1.0 14.576274901628494
21223 1 1704201 1.0 15.16351499594748
21224 1 1629718 1.0 16.85034902766347
21225 1 1079757 1.0 15.833260957151651
21226 1 1409470 1.0 15.906493994407356
21227 1 1421189 1.0 16.049447003751993
21228 1 1131692 1.0 15.815358026884496
21229 1 1720177 1.0 15.82295005209744
21230 1 1273636 1.0 15.165690914727747
21231 1 2056314 1.0 15.241099987179041
21232 1 1468321 1.0 15.192679013125598
21233 1 1618398 1.0 13.851822935976088
21234 1 1005997 1.0 14.736055978573859
21235 1 1519099 1.0 14.935999060980976
21236 1 1491513 1.0 14.790519024245441
21237 1 1423337 1.0 14.792943024076521
21238 1 1083362 1.0 17.546196933835745
21239 1 1530160 1.0 14.437151025049388
21240 1 1472156 1.0 15.990376938134432
21241 1 1555538 1.0 15.700294054113328
21242 1 1519453 1.0 15.229347045533359
21243 1 602805 1.0 16.52673596981913
21244 1 1490659 1.0 15.860946965403855
21245 1 1594828 1.0 16.035976936109364
21246 1 568675 1.0 16.205967986024916
21247 1 1572379 1.0 15.96456696279347
21248 1 1576184 1.0 14.86822497099638
21249 1 573715 1.0 15.750563936308026
21250 1 1467965 1.0 14.578623929992318
21251 1 678028 1.0 15.499513014219701
21252 1 952453 1.0 15.291062998585403
21253 1 2463771 1.0 16.708467970602214
21254 1 1184091 1.0 15.6825139420107
21255 1 1036573 1.0 16.814595088362694
21256 1 843557 1.0 15.808876021765172
21257 1 1054449 1.0 15.675283037126064
21258 1 1098733 1.0 15.813502948731184
21259 1 1524157 1.0 15.121970092877746
21260 1 2800 1.0 14.991965028457344
21261 1 624949 1.0 15.394199988804758
21262 1 989937 1.0 15.58538805693388
21263 1 1464593 1.0 15.654062037356198
21264 1 2410541 1.0 15.070263063535094
21265 1 1415678 1.0 15.023450017906725
21266 1 1148807 1.0 15.062747057527304
21267 1 1009505 1.0 15.13113605324179
21268 1 1639448 1.0 15.303310938179493
21269 1 1561663 1.0 15.859548933804035
21270 1 1428080 1.0 15.444867080077529
21271 1 1007791 1.0 15.270133037120104
21272 1 1555704 1.0 16.490813111886382
21273 1 641812 1.0 16.613443032838404
21274 1 1475658 1.0 15.886389999650419
21275 1 897366 1.0 15.399645897559822
21276 1 810507 1.0 14.122138964012265
21277 1 1455269 1.0 15.285621047951281
21278 1 1183695 1.0 14.613277046009898
21279 1 1116175 1.0 14.490445028059185
21280 1 1300649 1.0 15.254862955771387
21281 1 1664782 1.0 15.454878099262714
21282 1 1303137 1.0 14.892895007506013
21283 1 714048 1.0 15.209803939796984
21284 1 997992 1.0 15.059403027407825
21285 1 1120324 1.0 15.896247932687402
21286 1 1081003 1.0 16.058844979852438
21287 1 1096982 1.0 16.303995042108
21288 1 1145461 1.0 16.447842004708946
21289 1 835357 1.0 16.34222606662661
21290 1 654667 1.0 16.43406494986266
21291 1 1779929 1.0 14.765591942705214
21292 1 1461933 1.0 15.559326973743737
21293 1 996808 1.0 15.396723989397287
21294 1 1292866 1.0 15.621277038007975
21295 1 1621030 1.0 14.608899015001953
21296 1 1439024 1.0 15.458750072866678
21297 1 1292479 1.0 15.032051946036518
21298 1 556521 1.0 15.247929957695305
21299 1 1634691 1.0 15.402782009914517
21300 1 1476021 1.0 15.645378036424518
21301 1 1301918 1.0 15.209686011075974
21302 1 964447 1.0 16.602116054855287
21303 1 1498681 1.0 15.292748110368848
21304 1 1028993 1.0 16.526915947906673
21305 1 480040 1.0 16.607286990620196
21306 1 1505325 1.0 15.978659968823195
21307 1 2108659 1.0 15.498267952352762
21308 1 1591809 1.0 15.602811938151717
21309 1 2083793 1.0 15.337995951995254
21310 1 1636176 1.0 15.790174948051572
21311 1 1520988 1.0 16.116332029923797
21312 1 1624743 1.0 16.989561030641198
21313 1 1021006 1.0 16.60920400172472
21314 1 1469519 1.0 16.09274302609265
21315 1 1602866 1.0 16.538716037757695
21316 1 1405965 1.0 16.59560005646199
21317 1 1294964 1.0 15.158088062889874
21318 1 1480698 1.0 15.984555007889867
21319 1 1115820 1.0 16.15755702368915
21320 1 1650597 1.0 16.56750205438584
21321 1 1410711 1.0 15.819150023162365
21322 1 1420445 1.0 14.65994503814727
21323 1 1055633 1.0 15.314097981899977
21324 1 1194627 1.0 15.405543032102287
21325 1 1984960 1.0 15.849994961172342
21326 1 1623029 1.0 15.353638911619782
21327 1 1697287 1.0 15.159847913309932
21328 1 1148953 1.0 15.286301029846072
21329 1 1429085 1.0 14.276952017098665
21330 1 1013259 1.0 15.227447962388396
21331 1 533961 1.0 15.504586976021528
21332 1 2089892 1.0 15.60471998527646
21333 1 1589101 1.0 15.903002000413835
21334 1 2108659 1.0 16.60350803285837
21335 1 1575769 1.0 16.593226930126548
21336 1 1041753 1.0 16.03004999924451
21337 1 1558926 1.0 16.007920959964395
21338 1 1351481 1.0 15.043113031424582
21339 1 1555622 1.0 15.635755960829556
21340 1 366619 1.0 15.489813056774437
21341 1 713399 1.0 15.370720997452736
21342 1 2418689 1.0 15.710907988250256
21343 1 1409524 1.0 15.334222000092268
21344 1 1528264 1.0 15.188509016297758
21345 1 1587391 1.0 15.150581020861864
21346 1 1037576 1.0 15.049527981318533
21347 1 1357375 1.0 15.263966983184218
21348 1 1572763 1.0 15.624935971572995
21349 1 1455043 1.0 17.26137101650238
21350 1 1733624 1.0 16.534455004148185
21351 1 1083192 1.0 16.23229798860848
21352 1 1314287 1.0 16.76945004146546
21353 1 1431623 1.0 16.84623199980706
21354 1 1976785 1.0 16.11983496695757
21355 1 1654067 1.0 16.35029900353402
21356 1 1636294 1.0 16.34371606633067
21357 1 1315053 1.0 13.638245058245957
21358 1 1288420 1.0 14.626424992457032
21359 1 1064217 1.0 15.31169400550425
21360 1 57622 1.0 14.097632025368512
21361 1 1509346 1.0 12.45600392576307
21362 1 1183222 1.0 14.84306703787297
21363 1 265167 1.0 14.176798984408379
21364 1 1117581 1.0 14.504959108307958
21365 1 1477525 1.0 15.593018033541739
21366 1 1630050 1.0 14.042287948541343
21367 1 1140637 1.0 15.877241035923362
21368 1 1014127 1.0 14.710482093505561
21369 1 1569713 1.0 15.13831305783242
21370 1 1102785 1.0 13.925223960541189
21371 1 1671829 1.0 11.803577071987092
21372 1 1395929 1.0 14.787830994464457
21373 1 1242474 1.0 13.632799033075571
21374 1 1334501 1.0 13.12711404170841
21375 1 1125734 1.0 13.6685729958117
21376 1 1662980 1.0 13.789417105726898
21377 1 1001078 1.0 14.463986037299037
21378 1 1676993 1.0 14.053353923372924
21379 1 1640118 1.0 14.818569994531572
21380 1 237705 1.0 13.964770012535155
21381 1 1519229 1.0 12.520020944066346
21382 1 1009678 1.0 16.590188955888152
21383 1 1758756 1.0 15.559021034277976
21384 1 1270340 1.0 15.664255013689399
21385 1 1439739 1.0 15.947594889439642
21386 1 2467681 1.0 13.238451909273863
21387 1 1300553 1.0 15.147658996284008
21388 1 1121612 1.0 14.743537991307676
21389 1 628920 1.0 15.08879300672561
21390 1 981930 1.0 14.903418021276593
21391 1 1607089 1.0 15.060959034599364
21392 1 1526311 1.0 14.234227943234146
21393 1 1106313 1.0 12.862984091043472
21394 1 1204202 1.0 13.724867952987552
21395 1 672482 1.0 14.803036930970848
21396 1 1562423 1.0 14.935967978090048
21397 1 1525163 1.0 14.634522958658636
21398 1 1456510 1.0 15.163238043896854
21399 1 1952569 1.0 14.668217045255005
21400 1 1469930 1.0 16.547512030228972
21401 1 1468022 1.0 16.15700195543468
21402 1 1266940 1.0 14.607119024731219
21403 1 1410984 1.0 14.58358601666987
21404 1 1624353 1.0 15.522168949246407
21405 1 1033602 1.0 14.726415043696761
21406 1 1199465 1.0 14.129737042821944
21407 1 1669902 1.0 14.265565085224807
21408 1 1462486 1.0 13.520098989829421
21409 1 870836 1.0 14.712923904880881
21410 1 1514157 1.0 14.79714596644044
21411 1 1462598 1.0 14.489792985841632
21412 1 1726384 1.0 13.905471074394882
21413 1 1038446 1.0 11.280238046310842
21414 1 1362753 1.0 15.42451896239072
21415 1 323083 1.0 15.332613955251873
21416 1 1457117 1.0 15.640945988707244
21417 1 1624291 1.0 16.024620039388537
21418 1 1669450 1.0 14.527014922350645
21419 1 1623356 1.0 16.416216967627406
21420 1 1556248 1.0 15.913354931399226
21421 1 1683391 1.0 16.223186976276338
21422 1 1308392 1.0 15.89622802566737
21423 1 1531509 1.0 12.418074067682028
21424 1 1497491 1.0 15.389636042527854
21425 1 1478888 1.0 15.444869990460575
21426 1 1252662 1.0 14.68456001020968
21427 1 1048773 1.0 16.314416890963912
21428 1 1403338 1.0 14.355715014971793
21429 1 1216180 1.0 14.878566027618945
21430 1 1627683 1.0 15.712260967120528
21431 1 1172567 1.0 14.694390003569424
21432 1 1344082 1.0 13.905980973504484
21433 1 573908 1.0 15.423777978867292
21434 1 1114681 1.0 15.60987497214228
21435 1 1402788 1.0 15.072954003699124
21436 1 1145004 1.0 14.337460044771433
21437 1 1465517 1.0 15.402331948280334
21438 1 1522394 1.0 16.217494965530932
21439 1 1653183 1.0 13.880967046134174
21440 1 1240998 1.0 13.784200884401798
21441 1 1496726 1.0 15.715225948952138
21442 1 1018407 1.0 14.783615013584495
21443 1 857166 1.0 13.820091960951686
21444 1 1073667 1.0 14.144804095849395
21445 1 1508042 1.0 14.157315948978066
21446 1 1317024 1.0 14.314264990389347
21447 1 1369937 1.0 14.229570981115103
21448 1 1409039 1.0 11.659380979835987
21449 1 1045592 1.0 13.134567998349667
21450 1 1650228 1.0 13.587701949290931
21451 1 837249 1.0 10.633929981850088
21452 1 1133668 1.0 16.294318018481135
21453 1 1515010 1.0 15.759180067107081
21454 1 1570638 1.0 14.318381086923182
21455 1 1101661 1.0 14.905348070897162
21456 1 1620992 1.0 16.056142980232835
21457 1 1165331 1.0 14.539359021000564
21458 1 851608 1.0 13.661472010426223
21459 1 1132081 1.0 13.640020042657852
21460 1 1289837 1.0 14.504718012176454
21461 1 1377086 1.0 14.559105038642883
21462 1 1027205 1.0 15.187215059995651
21463 1 1104532 1.0 13.545896974392235
21464 1 1113367 1.0 12.681390973739326
21465 1 1260029 1.0 13.465208001434803
21466 1 1297567 1.0 13.883957988582551
21467 1 1509602 1.0 13.966185972094536
21468 1 1663642 1.0 14.443689957261086
21469 1 1065593 1.0 13.08494689874351
21470 1 1575396 1.0 14.77742800489068
21471 1 2364604 1.0 15.975657035596669
21472 1 269871 1.0 13.91350303310901
21473 1 1152590 1.0 16.347385942935944
21474 1 639148 1.0 15.811005025170743
21475 1 2015536 1.0 15.105993021279573
21476 1 442506 1.0 14.416762045584619
21477 1 1663544 1.0 14.723493019118905
21478 1 1291469 1.0 13.23905703611672
21479 1 1144763 1.0 14.424694003537297
21480 1 1399557 1.0 14.744656975381076
21481 1 1572654 1.0 15.252075041644275
21482 1 1149953 1.0 12.229077983647585
21483 1 1574516 1.0 13.457396999001503
21484 1 1640297 1.0 13.54130799882114
21485 1 1594958 1.0 14.590005041100085
21486 1 1194229 1.0 14.619682100601494
21487 1 1438712 1.0 13.124648947268724
21488 1 1483693 1.0 16.382803092710674
21489 1 1528966 1.0 16.67306199669838
21490 1 1035285 1.0 15.466123004443944
21491 1 1114681 1.0 14.62041202466935
21492 1 1394263 1.0 15.269303927198052
21493 1 1040336 1.0 14.677169034257531
21494 1 1580312 1.0 13.659343938343227
21495 1 1109933 1.0 13.77634599339217
21496 1 1522426 1.0 15.116669004783034
21497 1 2120362 1.0 15.603636973537505
21498 1 1491431 1.0 13.67804897017777
21499 1 1441656 1.0 14.906545984558761
21500 1 1432318 1.0 13.5500009637326
21501 1 1851861 1.0 14.892250066623092
21502 1 1179412 1.0 13.888320070691407
21503 1 1109563 1.0 14.591190032660961
21504 1 1409615 1.0 14.545700047165155
21505 1 1407737 1.0 13.550944975577295
21506 1 1182805 1.0 13.897873926907778
21507 1 1119382 1.0 12.631047051399946
21508 1 993981 1.0 14.913176069967449
21509 1 1002039 1.0 14.869490987621248
21510 1 1266123 1.0 15.865045948885381
21511 1 1553609 1.0 16.4898430230096
21512 1 1004418 1.0 16.17757009807974
21513 1 1105731 1.0 12.420703074894845
21514 1 1348255 1.0 12.46651099063456
21515 1 841661 1.0 14.815050992183387
21516 1 312878 1.0 11.72409497667104
21517 1 1506138 1.0 14.127909089438617
21518 1 1567707 1.0 14.451528899371624
21519 1 1057154 1.0 15.637928969226778
21520 1 1100520 1.0 13.13257496803999
21521 1 1207058 1.0 13.891374925151467
21522 1 1434114 1.0 13.3771050022915
21523 1 1514060 1.0 13.299094047397375
21524 1 1145318 1.0 12.649610987864435
21525 1 863466 1.0 11.672083986923099
21526 1 1108617 1.0 14.355698018334806
21527 1 123481 1.0 15.695594949647784
21528 1 1161001 1.0 15.763750998303294
21529 1 1046557 1.0 14.371966011822224
21530 1 1016309 1.0 15.264836954884231
21531 1 1797027 1.0 14.911705977283418
21532 1 1037091 1.0 13.469112920574844
21533 1 981565 1.0 14.185350970365107
21534 1 27010 1.0 14.634504914283752
21535 1 1365239 1.0 13.259831932373345
21536 1 1507822 1.0 14.262452023103833
21537 1 1615374 1.0 15.126309939660132
21538 1 1597803 1.0 13.08901491574943
21539 1 1253849 1.0 14.443704043515027
21540 1 1500209 1.0 14.284396078437567
21541 1 169931 1.0 11.761088971979916
21542 1 1504309 1.0 15.426659025251865
21543 1 1606729 1.0 16.416791011579335
21544 1 1287730 1.0 15.566917951218784
21545 1 1794625 1.0 14.693356002680957
21546 1 522197 1.0 15.41824801824987
21547 1 1554620 1.0 15.134320012293756
21548 1 1471406 1.0 14.936718973331153
21549 1 1617841 1.0 14.35758895240724
21550 1 126766 1.0 14.005067991092801
21551 1 1259636 1.0 14.653148013167083
21552 1 1408721 1.0 14.529492007568479
21553 1 304522 1.0 14.860670897178352
21554 1 844646 1.0 14.197250013239682
21555 1 1026310 1.0 14.786373008973897
21556 1 1394611 1.0 11.563593056052923
21557 1 1850569 1.0 14.447664027102292
21558 1 1351118 1.0 13.614338007755578
21559 1 332893 1.0 13.273379998281598
21560 1 1055077 1.0 15.027267043478787
21561 1 1419266 1.0 16.431722906418145
21562 1 1337245 1.0 13.283433043397963
21563 1 1115358 1.0 15.365586034022272
21564 1 824579 1.0 15.609018970280886
21565 1 1269662 1.0 13.59012397006154
21566 1 1618939 1.0 14.761161059141159
21567 1 838918 1.0 10.462820995599031
21568 1 1421185 1.0 14.204376959241927
21569 1 1156564 1.0 13.67573207244277
21570 1 1439132 1.0 11.790880002081394
21571 1 1594941 1.0 14.731766073964536
21572 1 1484871 1.0 14.471916016191244
21573 1 1358371 1.0 13.66109203081578
21574 1 1383662 1.0 13.550392002798617
21575 1 1630752 1.0 14.269200037233531
21576 1 1516859 1.0 14.609575970098376
21577 1 1126892 1.0 15.430344035848975
21578 1 1628473 1.0 16.945544979535043
21579 1 1987727 1.0 16.03095605969429
21580 1 240001 1.0 14.401252963580191
21581 1 1299211 1.0 16.380726010538638
21582 1 1319595 1.0 14.627947006374598
21583 1 1090664 1.0 15.572801930829883
21584 1 1145318 1.0 13.164705946110189
21585 1 1141281 1.0 14.541274984367192
21586 1 544361 1.0 14.165243017487228
21587 1 1089481 1.0 12.293021893128753
21588 1 1742170 1.0 14.882124960422516
21589 1 1483353 1.0 14.713343931362033
21590 1 958617 1.0 14.319287962280214
21591 1 1147463 1.0 13.525453978218138
21592 1 1691450 1.0 14.808431034907699
21593 1 1025781 1.0 15.229712938889861
21594 1 1427659 1.0 14.476140961050987
21595 1 1441259 1.0 14.517569914460182
21596 1 1557570 1.0 16.433123964816332
21597 1 1458229 1.0 15.690578962676227
21598 1 1010909 1.0 13.106619007885456
21599 1 1488719 1.0 15.122159966267645
21600 1 1026387 1.0 14.449958922341466
21601 1 1097929 1.0 15.111675951629877
21602 1 1740158 1.0 15.707590035162866
21603 1 1207112 1.0 14.57438396755606
21604 1 1049003 1.0 13.97639000788331
21605 1 1516491 1.0 14.433356933295727
21606 1 246786 1.0 14.278210001066327
21607 1 1608824 1.0 15.015351003967226
21608 1 1107107 1.0 14.190190006047487
21609 1 273331 1.0 13.371052104048431
21610 1 1302962 1.0 14.413789031095803
21611 1 1455521 1.0 15.88910399004817
21612 1 1031572 1.0 13.911896967329085
21613 1 48881 1.0 16.526405001059175
21614 1 2439957 1.0 14.277198002673686
21615 1 1847963 1.0 14.568106969818473
21616 1 1060367 1.0 15.794474980793893
21617 1 1640882 1.0 14.817821909673512
21618 1 821817 1.0 13.773630955256522
21619 1 1057219 1.0 14.88709996920079
21620 1 1298231 1.0 11.82710996363312
21621 1 1447804 1.0 14.6498380927369
21622 1 1090787 1.0 14.743574080057442
21623 1 1082923 1.0 14.351747930049896
21624 1 853119 1.0 13.775310013443232
21625 1 1078905 1.0 13.33023200277239
21626 1 122499 1.0 12.133904965594411
21627 1 174197 1.0 12.168087996542454
21628 1 1755531 1.0 15.547652030363679
21629 1 543855 1.0 16.06734690722078
21630 1 1623052 1.0 16.355092986486852
21631 1 635618 1.0 15.54135198239237
21632 1 1703597 1.0 13.72368901502341
21633 1 1663817 1.0 15.700393938459456
21634 1 830225 1.0 14.246433041989803
21635 1 1319215 1.0 13.542009051889181
21636 1 115046 1.0 13.822272070683539
21637 1 1523672 1.0 15.030286042019725
21638 1 1423148 1.0 11.74431701656431
21639 1 1122368 1.0 14.268684899434447
21640 1 1024520 1.0 13.659622054547071
21641 1 1482595 1.0 14.842370059341192
21642 1 637027 1.0 17.04996998887509
21643 1 1198608 1.0 13.149990933015943
21644 1 1651273 1.0 13.851886033080518
21645 1 679943 1.0 11.797657003626227
21646 1 1971670 1.0 14.58643190562725
21647 1 1030226 1.0 15.42249193880707
21648 1 1622976 1.0 15.241969027556479
21649 1 1029391 1.0 15.154876979067922
21650 1 1667000 1.0 14.256051974371076
21651 1 1174076 1.0 14.662622939795256
21652 1 1572912 1.0 14.912549988366663
21653 1 1796046 1.0 13.430412975139916
21654 1 1066101 1.0 13.880782993510365
21655 1 1514921 1.0 12.188566965050995
21656 1 1423090 1.0 14.998879050835967
21657 1 1101422 1.0 15.24866302497685
21658 1 1280069 1.0 14.203425962477922
21659 1 262987 1.0 14.500488061457872
21660 1 1800574 1.0 14.294630964286625
21661 1 1414732 1.0 15.008002985268831
21662 1 1652654 1.0 14.512231922708452
21663 1 1265207 1.0 15.696543036028743
21664 1 1065044 1.0 15.564627014100552
21665 1 1085245 1.0 14.57621599547565
21666 1 1287641 1.0 13.115909998305142
21667 1 855024 1.0 14.722206047736108
21668 1 1546076 1.0 13.960875105112791
21669 1 1605362 1.0 13.780442997813225
21670 1 1571301 1.0 14.465481042861938
21671 1 996118 1.0 13.641731929965317
21672 1 1039509 1.0 13.59494193457067
21673 1 1046680 1.0 14.284096076153219
21674 1 1092268 1.0 14.752316987141967
21675 1 1104530 1.0 13.013215968385339
21676 1 1447295 1.0 14.11540003027767
21677 1 1492196 1.0 12.735808966681361
21678 1 514376 1.0 12.748953071422875
21679 1 1213860 1.0 13.201161054894328
21680 1 1667069 1.0 16.562742996029556
21681 1 1492971 1.0 15.882734092883766
21682 1 1285666 1.0 12.814952991902828
21683 1 1472696 1.0 14.855434070341289
21684 1 365667 1.0 14.777809963561594
21685 1 981934 1.0 13.903532992117107
21686 1 1640881 1.0 14.922039001248777
21687 1 1395918 1.0 12.61601794976741
21688 1 822241 1.0 14.212211011908948
21689 1 1093944 1.0 13.633784023113549
21690 1 861270 1.0 14.435505960136652
21691 1 1134898 1.0 13.761884067207575
21692 1 1159953 1.0 13.1815749919042
21693 1 673486 1.0 12.171798967756331
21694 1 1460422 1.0 13.558160047978163
21695 1 1001119 1.0 12.604534975253046
21696 1 1686395 1.0 13.216966995969415
21697 1 1000154 1.0 13.162024086341262
21698 1 1447897 1.0 13.925326988101006
21699 1 253 1.0 15.54605201818049
21700 1 820544 1.0 15.596000012010336
21701 1 1702817 1.0 13.571566087193787
21702 1 886531 1.0 14.744978048838675
21703 1 624926 1.0 13.786331983283162
21704 1 1606775 1.0 13.365055900067091
21705 1 571808 1.0 15.18844603560865
21706 1 1800142 1.0 14.032775070518255
21707 1 1606171 1.0 14.11633298266679
21708 1 1689050 1.0 13.72992096003145
21709 1 1080652 1.0 13.566649984568357
21710 1 1065298 1.0 12.731514987535775
21711 1 655155 1.0 13.806983013637364
21712 1 822241 1.0 13.86528299190104
21713 1 1166007 1.0 14.414826990105212
21714 1 1115426 1.0 13.682193006388843
21715 1 1401298 1.0 13.279295060783625
21716 1 981124 1.0 11.796526028774679
21717 1 1631890 1.0 16.178710968233645
21718 1 1123978 1.0 15.692807966843247
21719 1 1431538 1.0 14.474156079813838
21720 1 550506 1.0 14.043100061826408
21721 1 1299890 1.0 14.786086976528168
21722 1 1547510 1.0 10.300623020157218
21723 1 992844 1.0 14.115514000877738
21724 1 1092699 1.0 11.224854039028287
21725 1 1402310 1.0 13.480822904966772
21726 1 872078 1.0 14.265509904362261
21727 1 1606503 1.0 14.314098050817847
21728 1 1110058 1.0 12.314459076151252
21729 1 1296616 1.0 12.781392084434628
21730 1 1596786 1.0 12.688962975516915
21731 1 988147 1.0 13.622761005535722
21732 1 588684 1.0 12.708739028312266
21733 1 1519107 1.0 14.417632017284632
21734 1 1780027 1.0 12.839828967116773
21735 1 1249048 1.0 12.631786987185478
21736 1 2015536 1.0 13.526592985726893
21737 1 827323 1.0 13.910926994867623
21738 1 61389 1.0 15.766200027428567
21739 1 1569722 1.0 14.832327025942504
21740 1 836603 1.0 14.836735092103481
21741 1 1627445 1.0 15.721898060292006
21742 1 1460363 1.0 14.512058929540217
21743 1 1797011 1.0 11.938954005017877
21744 1 988911 1.0 13.04443390108645
21745 1 1030033 1.0 14.096516999416053
21746 1 1666906 1.0 14.502971083857119
21747 1 1060041 1.0 14.500970020890236
21748 1 1035903 1.0 13.680097996257246
21749 1 385688 1.0 13.870985945686698
21750 1 1505997 1.0 14.040171052329242
21751 1 1528397 1.0 15.667018946260214
21752 1 1825358 1.0 14.101652894169092
21753 1 1153096 1.0 15.22891502827406
21754 1 1430366 1.0 14.532222994603217
21755 1 1577298 1.0 16.875432920642197
21756 1 1510940 1.0 14.854270964860916
21757 1 216008 1.0 12.108567985706031
21758 1 736318 1.0 14.573573018424213
21759 1 1228552 1.0 11.398025089874864
21760 1 1617470 1.0 15.025002998299897
21761 1 1426752 1.0 13.197137974202633
21762 1 1201080 1.0 13.100265990942717
21763 1 1186858 1.0 13.576087076216936
21764 1 530275 1.0 11.980314971879125
21765 1 1102735 1.0 14.936976018361747
21766 1 1095758 1.0 15.090761007741094
21767 1 1420269 1.0 14.571692910976708
21768 1 1201494 1.0 14.306529075838625
21769 1 1398045 1.0 14.2141820397228
21770 1 872078 1.0 14.541317010298371
21771 1 1074411 1.0 13.362176017835736
21772 1 1522380 1.0 13.597346027381718
21773 1 1570779 1.0 14.499036013148725
21774 1 1087288 1.0 15.166108962148428
21775 1 1572912 1.0 15.55603404995054
21776 1 1680555 1.0 15.226872987113893
21777 1 1456318 1.0 16.047082957811654
21778 1 541932 1.0 16.050375998020172
21779 1 1634575 1.0 15.184679999947548
21780 1 1199666 1.0 14.416903024539351
21781 1 1649025 1.0 14.330841018818319
21782 1 833442 1.0 11.98736997321248
21783 1 820043 1.0 13.940291944891214
21784 1 1123223 1.0 12.467327993363142
21785 1 1052941 1.0 15.256517915986478
21786 1 1208163 1.0 13.850823044776917
21787 1 1248277 1.0 14.476825017482042
21788 1 441898 1.0 14.24066093750298
21789 1 1252921 1.0 15.241080080159009
21790 1 1035384 1.0 14.548784936778247
21791 1 2421102 1.0 15.292520052753389
21792 1 402660 1.0 14.569882885552943
21793 1 1474557 1.0 14.610831975005567
21794 1 1421500 1.0 15.830276068300009
21795 1 1138636 1.0 14.016587985679507
21796 1 1210441 1.0 12.682709959335625
21797 1 1115112 1.0 14.248973922803998
21798 1 817361 1.0 14.160185935907066
21799 1 1471998 1.0 14.184636995196342
21800 1 1616436 1.0 13.512952020391822
21801 1 1087838 1.0 14.064240036532283
21802 1 892543 1.0 14.51163797173649
21803 1 1433332 1.0 15.595354023389518
21804 1 1124311 1.0 12.603814946487546
21805 1 980762 1.0 14.11241595633328
21806 1 940296 1.0 11.461257934570312
21807 1 1216299 1.0 13.979307957924902
21808 1 1631174 1.0 15.613205963745713
21809 1 558040 1.0 13.837027945555747
21810 1 1329476 1.0 15.42847405653447
21811 1 1493809 1.0 14.31334693916142
21812 1 1671058 1.0 15.757284010760486
21813 1 1510208 1.0 14.199513010680676
21814 1 1173754 1.0 13.41118908021599
21815 1 1561977 1.0 14.556467067450285
21816 1 1167601 1.0 13.348105945624411
21817 1 1096483 1.0 13.376725954003632
21818 1 1192520 1.0 14.197233016602695
21819 1 635779 1.0 13.258664985187352
21820 1 1512638 1.0 14.187630033120513
21821 1 1273867 1.0 14.228928019292653
21822 1 1594566 1.0 13.7550700455904
21823 1 1120919 1.0 13.885737978853285
21824 1 1472152 1.0 15.144060016609728
21825 1 1650723 1.0 14.310457045212388
21826 1 916128 1.0 15.40511497296393
21827 1 1483284 1.0 16.495677060447633
21828 1 2463726 1.0 14.284173958003521
21829 1 915302 1.0 15.262863948009908
21830 1 1571731 1.0 15.737289912067354
21831 1 1039014 1.0 14.330933918245137
21832 1 1196121 1.0 16.26613095868379
21833 1 2136472 1.0 13.432449079118669
21834 1 1163852 1.0 13.712495099753141
21835 1 1526355 1.0 14.110084041021764
21836 1 1830402 1.0 13.520997948944569
21837 1 1631506 1.0 12.027604039758444
21838 1 1025839 1.0 14.081821078434587
21839 1 1217855 1.0 15.24446893017739
21840 1 1040038 1.0 13.643405982293189
21841 1 932704 1.0 15.1298240525648
21842 1 1666906 1.0 13.927681953646243
21843 1 1157547 1.0 13.746489072218537
21844 1 1209733 1.0 13.520151958800852
21845 1 1240928 1.0 16.079499968327582
21846 1 1609774 1.0 16.209542052820325
21847 1 1395800 1.0 13.061381061561406
21848 1 1467868 1.0 15.70797199383378
21849 1 1152851 1.0 15.311307972297072
21850 1 1462686 1.0 15.437180059961975
21851 1 1620221 1.0 14.696551021188498
21852 1 1567612 1.0 14.865861972793937
21853 1 1264500 1.0 14.750525006093085
21854 1 991938 1.0 12.761407997459173
21855 1 830660 1.0 14.332668972201645
21856 1 1000972 1.0 13.460119953379035
21857 1 1189392 1.0 9.134619031101465
21858 1 1199244 1.0 12.220468022860587
21859 1 1455108 1.0 8.946691988967359
21860 1 1429519 1.0 13.5211949236691
21861 1 977712 1.0 9.009319939650595
21862 1 1492509 1.0 10.046220966614783
21863 1 636232 1.0 11.349498992785811
21864 1 627367 1.0 9.61795391049236
21865 1 1556438 1.0 10.488378000445664
21866 1 981205 1.0 9.844496031291783
21867 1 1443134 1.0 8.782275952398777
21868 1 1549996 1.0 9.629586013033986
21869 1 2401841 1.0 11.780911008827388
21870 1 1954925 1.0 9.28951392415911
21871 1 1116778 1.0 10.702312923967838
21872 1 1438507 1.0 10.807154001668096
21873 1 1192540 1.0 8.668247028253973
21874 1 123483 1.0 11.366247083060443
21875 1 1481741 1.0 11.769908014684916
21876 1 1118346 1.0 10.613978956826031
21877 1 1136286 1.0 12.010512058623135
21878 1 1125389 1.0 11.65392401162535
21879 1 1800056 1.0 10.019219946116209
21880 1 827489 1.0 10.876122978515923
21881 1 442177 1.0 10.160868987441063
21882 1 1445304 1.0 10.41169697418809
21883 1 2401841 1.0 11.906803003512323
21884 1 1582897 1.0 10.7549789827317
21885 1 669821 1.0 11.61111204419285
21886 1 1298105 1.0 10.093780001625419
21887 1 240002 1.0 11.425812030211091
21888 1 1595750 1.0 11.674312991090119
21889 1 1193654 1.0 14.45503206923604
21890 1 991195 1.0 13.00978404469788
21891 1 970540 1.0 7.5491160387173295
21892 1 1715967 1.0 12.61329697445035
21893 1 1070315 1.0 15.159861999563873
21894 1 1033819 1.0 11.111970990896225
21895 1 1526946 1.0 11.488426011055708
21896 1 1117139 1.0 10.167396045289934
21897 1 1014130 1.0 10.483240010216832
21898 1 1715468 1.0 12.970229960046709
21899 1 1240232 1.0 11.311176000162959
21900 1 1476364 1.0 10.00394590664655
21901 1 1185486 1.0 11.399431037716568
21902 1 667872 1.0 11.466433061286807
21903 1 58790 1.0 9.696967084892094
21904 1 1201249 1.0 11.712347972206771
21905 1 28568 1.0 13.064869097433984
21906 1 1123598 1.0 11.432477040216327
21907 1 815406 1.0 9.623440098948777
21908 1 1520514 1.0 9.760098997503519
21909 1 1216469 1.0 9.754014085046947
21910 1 1528404 1.0 12.026550015434623
21911 1 1491008 1.0 12.560470961034298
21912 1 1687712 1.0 9.523459943011403
21913 1 1650509 1.0 11.03105500806123
21914 1 982467 1.0 12.574215070344508
21915 1 1069567 1.0 13.770940946415067
21916 1 1447738 1.0 13.196632964536548
21917 1 1246485 1.0 13.24920798651874
21918 1 1155825 1.0 8.382259053178132
21919 1 28568 1.0 12.805757927708328
21920 1 1122297 1.0 10.01819095108658
21921 1 1284160 1.0 9.261294966563582
21922 1 1212559 1.0 12.123002903535962
21923 1 1072154 1.0 13.635787065140903
21924 1 1416053 1.0 12.806776096113026
21925 1 1191937 1.0 10.204241028986871
21926 1 441574 1.0 10.20574290305376
21927 1 1834361 1.0 10.272150975652039
21928 1 1543615 1.0 10.191242909058928
21929 1 1409596 1.0 11.627202038653195
21930 1 1619085 1.0 10.195424081757665
21931 1 1309277 1.0 8.87167896144092
21932 1 1419390 1.0 11.506019975058734
21933 1 1729608 1.0 11.816255981102586
21934 1 987085 1.0 11.97605300694704
21935 1 2468960 1.0 9.725817013531923
21936 1 2411550 1.0 12.499241041950881
21937 1 1195135 1.0 5.927016027271748
21938 1 1082390 1.0 11.12095802091062
21939 1 1214838 1.0 10.26263099629432
21940 1 2098018 1.0 11.199311004020274
21941 1 1210477 1.0 12.984603992663324
21942 1 1851849 1.0 9.094272973015904
21943 1 1277194 1.0 11.724915006197989
21944 1 1043213 1.0 9.719655965454876
21945 1 240002 1.0 11.651573004201055
21946 1 1328170 1.0 8.900775923393667
21947 1 1640321 1.0 11.61884400062263
21948 1 237217 1.0 9.735227096825838
21949 1 1174377 1.0 10.353994905017316
21950 1 574538 1.0 10.479546966962516
21951 1 1628910 1.0 13.581828912720084
21952 1 1470012 1.0 11.092248954810202
21953 1 1492509 1.0 10.411955998279154
21954 1 1920289 1.0 10.195108014158905
21955 1 1072695 1.0 8.35358293261379
21956 1 1634419 1.0 12.101273983716965
21957 1 873100 1.0 11.313364957459271
21958 1 1344996 1.0 10.511904023587704
21959 1 1274483 1.0 9.794836980290711
21960 1 1123862 1.0 11.161491042003036
21961 1 1492905 1.0 9.67275898437947
21962 1 441574 1.0 11.206595925614238
21963 1 1449399 1.0 14.45548702031374
21964 1 1015613 1.0 9.636815986596048
21965 1 1662807 1.0 14.581241994164884
21966 1 58790 1.0 9.80472902301699
21967 1 745156 1.0 7.758510997518897
21968 1 1034492 1.0 11.102735996246338
21969 1 1015529 1.0 13.116295915096998
21970 1 1210477 1.0 12.517889961600304
21971 1 1627890 1.0 10.177111020311713
21972 1 1337851 1.0 9.544200031086802
21973 1 1491008 1.0 11.555774020962417
21974 1 1447738 1.0 12.027746066451073
21975 1 1174486 1.0 9.623599937185645
21976 1 1293032 1.0 11.47119200322777
21977 1 970832 1.0 8.58566293027252
21978 1 1101046 1.0 11.552250944077969
21979 1 1041172 1.0 10.22397296037525
21980 1 1293032 1.0 11.52347691822797
21981 1 1428059 1.0 11.469671968370676
21982 1 1240232 1.0 12.539157061837614
21983 1 1149091 1.0 11.58206001855433
21984 1 1075547 1.0 12.964386027306318
21985 1 1410266 1.0 11.432026978582144
21986 1 1454969 1.0 12.767932028509676
21987 1 804558 1.0 10.946838068775833
21988 1 1326391 1.0 13.0143859423697
21989 1 1284160 1.0 9.591597015969455
21990 1 811151 1.0 10.362962959334254
21991 1 1085319 1.0 9.954884997569025
21992 1 1303375 1.0 10.12327498756349
21993 1 1086388 1.0 12.190046953037381
21994 1 1410477 1.0 12.206753017380834
21995 1 265052 1.0 13.31387204118073
21996 1 1163256 1.0 8.743903017602861
21997 1 1169596 1.0 10.914581012912095
21998 1 1144258 1.0 11.715193977579474
21999 1 1446818 1.0 12.840333045460284
22000 1 1790680 1.0 10.218928917311132
22001 1 1088920 1.0 12.033000937663019
22002 1 1549996 1.0 8.859907975420356
22003 1 1988701 1.0 11.959641939029098
22004 1 1182234 1.0 12.492623995058239
22005 1 1170095 1.0 14.530826010741293
22006 1 1410266 1.0 11.794933001510799
22007 1 1955478 1.0 11.572666000574827
22008 1 1556539 1.0 12.17976410407573
22009 1 240002 1.0 12.142407009378076
22010 1 1472690 1.0 12.787015060894191
22011 1 1520662 1.0 10.920479078777134
22012 1 1042330 1.0 11.84755191206932
22013 1 1010230 1.0 10.11082693003118
22014 1 1018504 1.0 11.49438798893243
22015 1 1492895 1.0 11.4665919682011
22016 1 1482668 1.0 11.403794051147997
22017 1 1058650 1.0 10.176099021919072
22018 1 1202514 1.0 10.824528057128191
22019 1 1088920 1.0 12.138730962760746
22020 1 822928 1.0 13.90490704216063
22021 1 811200 1.0 9.15405701380223
22022 1 1491069 1.0 10.23697096388787
22023 1 28568 1.0 12.961206957697868
22024 1 1185505 1.0 11.592419003136456
22025 1 1851858 1.0 15.758496010676026
22026 1 1154854 1.0 12.274204986169934
22027 1 1043586 1.0 12.164995074272156
22028 1 1185486 1.0 13.07680003810674
22029 1 981205 1.0 10.00624499283731
22030 1 850741 1.0 12.18201604206115
22031 1 1037375 1.0 11.425562086515129
22032 1 265052 1.0 14.251034939661622
22033 1 1290731 1.0 12.745180982165039
22034 1 1796262 1.0 10.421053040772676
22035 1 1460224 1.0 11.115262052044272
22036 1 1491008 1.0 11.844267952255905
22037 1 1611671 1.0 11.717679095454514
22038 1 1186552 1.0 10.988885071128607
22039 1 1213102 1.0 12.438629055395722
22040 1 1602672 1.0 9.888916043564677
22041 1 1202201 1.0 10.26790402829647
22042 1 1631069 1.0 11.384568992070854
22043 1 1470744 1.0 11.493012076243758
22044 1 834306 1.0 11.554836062714458
22045 1 1091869 1.0 11.531871045008302
22046 1 1015613 1.0 8.88716708868742
22047 1 1336807 1.0 10.669593932107091
22048 1 1378449 1.0 10.295163025148213
22049 1 1729608 1.0 12.148085981607437
22050 1 1189150 1.0 11.0769709572196
22051 1 1410805 1.0 10.864978074096143
22052 1 1175833 1.0 11.45612495020032
22053 1 1445304 1.0 10.832633008249104
22054 1 1226104 1.0 13.89152801129967
22055 1 1337851 1.0 9.604333085007966
22056 1 1851849 1.0 9.171208017505705
22057 1 40332 1.0 11.704635922797024
22058 1 1800056 1.0 10.460800025612116
22059 1 1223617 1.0 10.86308597587049
22060 1 1801021 1.0 9.591442998498678
22061 1 1543615 1.0 10.858061024919152
22062 1 1447696 1.0 9.2978710308671
22063 1 1037375 1.0 10.754274087958038
22064 1 1074457 1.0 12.296679080463946
22065 1 1453921 1.0 9.40667896065861
22066 1 1050978 1.0 12.384964968077838
22067 1 1092211 1.0 10.459353099577129
22068 1 827412 1.0 10.923694935627282
22069 1 1016975 1.0 11.071117012761533
22070 1 1024767 1.0 9.957778034731746
22071 1 206354 1.0 11.430851998738945
22072 1 1057481 1.0 10.42095001321286
22073 1 1527593 1.0 10.944011970423162
22074 1 1684904 1.0 10.809540981426835
22075 1 1302278 1.0 10.56756207253784
22076 1 1067514 1.0 10.511224973015487
22077 1 1203872 1.0 9.93433000985533
22078 1 1419871 1.0 10.386432986706495
22079 1 1606192 1.0 11.163227027282119
22080 1 629156 1.0 9.619489079341292
22081 1 1851858 1.0 12.46205298230052
22082 1 22869 1.0 11.474295053631067
22083 1 1674632 1.0 13.445695978589356
22084 1 1056081 1.0 10.085687041282654
22085 1 1465345 1.0 8.881789050064981
22086 1 1955478 1.0 11.27688295673579
22087 1 1280981 1.0 9.11919807549566
22088 1 1955478 1.0 11.01198501419276
22089 1 1197543 1.0 10.52312203682959
22090 1 1507437 1.0 10.400451952591538
22091 1 1354390 1.0 11.177962995134294
22092 1 25173 1.0 12.25965702906251
22093 1 1051527 1.0 9.942509001120925
22094 1 1118617 1.0 10.706120054237545
22095 1 1482668 1.0 12.491385918110609
22096 1 1062611 1.0 11.746021918952465
22097 1 1544082 1.0 12.112600961700082
22098 1 999321 1.0 10.105516063049436
22099 1 1505056 1.0 12.229898944497108
22100 1 1074457 1.0 12.246584054082632
22101 1 1334634 1.0 9.364924975670874
22102 1 1627521 1.0 10.451464098878205
22103 1 1598196 1.0 9.11783310584724
22104 1 1522998 1.0 11.864703032188118
22105 1 669821 1.0 11.732254060916603
22106 1 1638180 1.0 10.139554040506482
22107 1 1512513 1.0 11.651095002889633
22108 1 1687712 1.0 8.86757392436266
22109 1 1123960 1.0 12.821248034015298
22110 1 1606192 1.0 11.443638009950519
22111 1 1160418 1.0 10.295136016793549
22112 1 828285 1.0 10.340231005102396
22113 1 1346317 1.0 10.27326995972544
22114 1 1845009 1.0 11.465281946584582
22115 1 67744 1.0 7.590494002215564
22116 1 821172 1.0 13.42713600024581
22117 1 1653883 1.0 14.121002051979303
22118 1 1105777 1.0 12.659083004109561
22119 1 1419390 1.0 12.579514994286
22120 1 1443134 1.0 8.983333013020456
22121 1 1556539 1.0 12.655692989937961
22122 1 2411550 1.0 12.218585005030036
22123 1 1445877 1.0 10.96583204343915
22124 1 1420399 1.0 11.092687956988811
22125 1 1134640 1.0 9.106275043450296
22126 1 1464237 1.0 12.681392021477222
22127 1 2415506 1.0 9.156615007668734
22128 1 1344996 1.0 9.73703304771334
22129 1 820185 1.0 9.119488997384906
22130 1 1520514 1.0 9.829321992583573
22131 1 1851849 1.0 9.10742802079767
22132 1 1070315 1.0 13.953823945485055
22133 1 1460224 1.0 10.715454001910985
22134 1 1070315 1.0 13.78371799364686
22135 1 2025896 1.0 11.263882974162698
22136 1 246599 1.0 10.304618044756353
22137 1 1387734 1.0 9.769298019818962
22138 1 1288454 1.0 9.150475030764937
22139 1 1348072 1.0 11.69977500103414
22140 1 1205373 1.0 9.89097694400698
22141 1 336826 1.0 13.642437988892198
22142 1 1529663 1.0 11.050538974814117
22143 1 1492905 1.0 9.731555939652026
22144 1 1460364 1.0 11.794576072134078
22145 1 123483 1.0 11.845716973766685
22146 1 1573641 1.0 15.198202920146286
22147 1 450247 1.0 12.429701979272068
22148 1 890455 1.0 12.202020036056638
22149 1 816278 1.0 10.612393030896783
22150 1 1674632 1.0 13.39776802342385
22151 1 1202514 1.0 10.931701981462538
22152 1 1594961 1.0 12.47721805702895
22153 1 1566712 1.0 11.828868999145925
22154 1 1134477 1.0 9.198075043968856
22155 1 1665090 1.0 11.566717992536724
22156 1 1501535 1.0 9.247379028238356
22157 1 1177541 1.0 9.547831024974585
22158 1 1080583 1.0 11.518335086293519
22159 1 1568507 1.0 10.404542088508606
22160 1 1247918 1.0 11.569505906663835
22161 1 40332 1.0 11.431388091295958
22162 1 1027302 1.0 11.609642999246716
22163 1 1196238 1.0 11.645010090433061
22164 1 1790955 1.0 11.849411996081471
22165 1 1395519 1.0 13.107026927173138
22166 1 1075484 1.0 14.53507097903639
22167 1 1178099 1.0 12.624214985407889
22168 1 1602672 1.0 10.688011068850756
22169 1 1086388 1.0 14.03238601051271
22170 1 1460224 1.0 11.85538899153471
22171 1 1156956 1.0 9.757584077306092
22172 1 1181933 1.0 9.509083931334317
22173 1 441574 1.0 10.579349007457495
22174 1 1470012 1.0 11.160285910591483
22175 1 710062 1.0 9.138170978985727
22176 1 426142 1.0 12.457434087991714
22177 1 1439660 1.0 13.833168079145253
22178 1 1851849 1.0 9.20431490521878
22179 1 25173 1.0 12.556120986118913
22180 1 240013 1.0 11.677097994834185
22181 1 1803163 1.0 11.821324005723
22182 1 1491008 1.0 11.222033994272351
22183 1 1455335 1.0 11.117002926766872
22184 1 1043213 1.0 9.559403988532722
22185 1 1491008 1.0 11.479394976049662
22186 1 1321737 1.0 10.858292924240232
22187 1 1455304 1.0 11.565409018658102
22188 1 820435 1.0 11.222925037145615
22189 1 1247918 1.0 12.977713020518422
22190 1 1387734 1.0 10.35289594437927
22191 1 240002 1.0 12.294291984289885
22192 1 1638413 1.0 12.581752962432802
22193 1 1238600 1.0 12.748580076731741
22194 1 1081712 1.0 13.17945506889373
22195 1 1182234 1.0 12.350403005257249
22196 1 1851849 1.0 9.218245977535844
22197 1 1549996 1.0 9.130746009759605
22198 1 1365575 1.0 11.18235697504133
22199 1 827043 1.0 12.555677094496787
22200 1 1799785 1.0 10.51316293887794
22201 1 1249397 1.0 9.863271960057318
22202 1 1004927 1.0 10.430595953948796
22203 1 2411550 1.0 11.760387918911874
22204 1 1653883 1.0 11.23297295998782
22205 1 1062611 1.0 11.104056960903108
22206 1 2025896 1.0 10.667779017239809
22207 1 983052 1.0 10.670272982679307
22208 1 1067299 1.0 10.184688027948141
22209 1 1572367 1.0 8.88710399158299
22210 1 2401841 1.0 11.498252977617085
22211 1 1018745 1.0 13.510480988770723
22212 1 1043586 1.0 11.205152026377618
22213 1 1274483 1.0 10.085513000376523
22214 1 1688980 1.0 9.65417898260057
22215 1 1061249 1.0 11.218570987693965
22216 1 671968 1.0 14.607048011384904
22217 1 1512435 1.0 11.077378992922604
22218 1 199524 1.0 12.620904948562384
22219 1 1058650 1.0 11.089390027336776
22220 1 944605 1.0 10.024715913459659
22221 1 1069567 1.0 13.37802701164037
22222 1 1980298 1.0 12.433436000719666
22223 1 1426194 1.0 11.510245967656374
22224 1 1460364 1.0 10.662185959517956
22225 1 1444890 1.0 10.666477959603071
22226 1 1007115 1.0 11.34286099113524
22227 1 582465 1.0 10.739511926658452
22228 1 1692785 1.0 9.493788937106729
22229 1 1669927 1.0 10.67049999255687
22230 1 805011 1.0 11.635637958534062
22231 1 1495078 1.0 9.216970996931195
22232 1 1662974 1.0 9.858864010311663
22233 1 1962703 1.0 9.419944952242076
22234 1 858120 1.0 10.795457987114787
22235 1 1571814 1.0 10.18379908055067
22236 1 1422009 1.0 12.29147904086858
22237 1 1467636 1.0 11.082169017754495
22238 1 1666796 1.0 12.65962200704962
22239 1 582465 1.0 11.6004889132455
22240 1 377790 1.0 8.104394073598087
22241 1 1491044 1.0 12.406711000949144
22242 1 1555066 1.0 11.752630001865327
22243 1 1113294 1.0 11.765194009058177
22244 1 1288402 1.0 9.713937062770128
22245 1 1153835 1.0 10.556842084042728
22246 1 1576519 1.0 10.086338967084885
22247 1 1605999 1.0 10.757667012512684
22248 1 206354 1.0 10.162275051698089
22249 1 1334634 1.0 8.763803984038532
22250 1 1490424 1.0 11.391851003281772
22251 1 1662974 1.0 10.107461945153773
22252 1 426142 1.0 12.007756973616779
22253 1 1070315 1.0 14.813852030783892
22254 1 1138345 1.0 9.922952973283827
22255 1 1144368 1.0 9.753894992172718
22256 1 484221 1.0 10.549081023782492
22257 1 2025896 1.0 10.46871894504875
22258 1 1047389 1.0 9.206613060086966
22259 1 1514187 1.0 12.46922300197184
22260 1 1429519 1.0 14.217389049008489
22261 1 1066097 1.0 10.589385987259448
22262 1 1662839 1.0 9.081828990019858
22263 1 1043586 1.0 10.988543974235654
22264 1 1457400 1.0 11.146220029331744
22265 1 1373413 1.0 11.928000021725893
22266 1 544557 1.0 10.04214899148792
22267 1 1476364 1.0 10.10409404989332
22268 1 67744 1.0 7.713258964940906
22269 1 627367 1.0 9.418211062438786
22270 1 987022 1.0 13.173648971132934
22271 1 1491008 1.0 11.496903956867754
22272 1 1834361 1.0 9.919923963025212
22273 1 1043586 1.0 10.449236957356334
22274 1 1450439 1.0 10.267043020576239
22275 1 1317324 1.0 10.384116088971496
22276 1 1191776 1.0 9.763941052369773
22277 1 621009 1.0 11.041144956834614
22278 1 1528226 1.0 8.609999087639153
22279 1 983052 1.0 10.644505033269525
22280 1 1413206 1.0 11.240160907618701
22281 1 1118056 1.0 10.765508050099015
22282 1 1345169 1.0 10.231025982648134
22283 1 40332 1.0 12.444269028492272
22284 1 621009 1.0 12.486133025959134
22285 1 1143082 1.0 10.287891025654972
22286 1 1117139 1.0 10.44495403766632
22287 1 1419390 1.0 11.77378895226866
22288 1 1402407 1.0 12.481388985179365
22289 1 1176721 1.0 12.0687399758026
22290 1 67744 1.0 8.305247058160603
22291 1 1300379 1.0 10.438372963108122
22292 1 1477690 1.0 11.038111057132483
22293 1 1470744 1.0 11.362495948560536
22294 1 1480439 1.0 11.394379893317819
22295 1 1031551 1.0 10.746828047558665
22296 1 558023 1.0 10.915567050687969
22297 1 1409971 1.0 11.472354060970247
22298 1 697771 1.0 12.177228112705052
22299 1 841581 1.0 8.995970012620091
22300 1 240002 1.0 11.121927993372083
22301 1 1193233 1.0 10.794114088639617
22302 1 1492195 1.0 9.444937924854457
22303 1 1491008 1.0 11.176015017554164
22304 1 1614331 1.0 9.86315996851772
22305 1 1032492 1.0 11.245947913266718
22306 1 1174377 1.0 10.463079088367522
22307 1 1303247 1.0 13.50333506707102
22308 1 1611671 1.0 14.058945002034307
22309 1 1662839 1.0 10.17073797993362
22310 1 1189392 1.0 10.133550968021154
22311 1 1543615 1.0 11.731995036825538
22312 1 953375 1.0 11.72801700886339
22313 1 1209053 1.0 12.88913597818464
22314 1 1103105 1.0 11.026030988432467
22315 1 1653928 1.0 13.68617604020983
22316 1 1015075 1.0 8.158960961736739
22317 1 1122619 1.0 7.661400944925845
22318 1 1100995 1.0 11.776526924222708
22319 1 1457671 1.0 9.194848942570388
22320 1 1293032 1.0 11.784243048168719
22321 1 1336807 1.0 9.15433804038912
22322 1 689551 1.0 8.94231500569731
22323 1 2098018 1.0 10.576608940027654
22324 1 1038904 1.0 9.600674035027623
22325 1 1143800 1.0 8.743279031477869
22326 1 206354 1.0 11.803039000369608
22327 1 1188182 1.0 9.92981402669102
22328 1 1420143 1.0 10.868396027944982
22329 1 1146277 1.0 13.269321992993355
22330 1 1195750 1.0 14.75884101819247
22331 1 1178419 1.0 8.501270902343094
22332 1 1219078 1.0 12.675361009314656
22333 1 824352 1.0 14.964331989176571
22334 1 1413206 1.0 12.353942962363362
22335 1 385460 1.0 12.226742110215127
22336 1 1061249 1.0 10.541974916122854
22337 1 1491008 1.0 11.429840000346303
22338 1 1613245 1.0 11.283523985184729
22339 1 1069801 1.0 9.837931022047997
22340 1 1176033 1.0 9.74322494585067
22341 1 1074543 1.0 11.650718050077558
22342 1 1528226 1.0 8.47910507582128
22343 1 1154446 1.0 10.60975098516792
22344 1 1444890 1.0 10.441369959153235
22345 1 1094963 1.0 9.342817007564008
22346 1 1205373 1.0 9.637961979024112
22347 1 1606792 1.0 13.152791070751846
22348 1 1523485 1.0 7.28181004524231
22349 1 987085 1.0 11.931578046642244
22350 1 2262295 1.0 13.854869059287012
22351 1 2474226 1.0 9.41392406821251
22352 1 1326391 1.0 13.19554599467665
22353 1 1939565 1.0 12.030172045342624
22354 1 1190941 1.0 12.028592987917364
22355 1 2354364 1.0 13.457941939122975
22356 1 1085632 1.0 10.833901003934443
22357 1 1702447 1.0 8.000105968676507
22358 1 930753 1.0 8.034063037484884
22359 1 895426 1.0 6.177180097438395
22360 1 851226 1.0 5.040952004492283
22361 1 1158933 1.0 7.141668000258505
22362 1 1118388 1.0 8.329511969350278
22363 1 1030713 1.0 7.830381975509226
22364 1 175260 1.0 4.691657959483564
22365 1 848066 1.0 8.71782109607011
22366 1 894430 1.0 5.910724983550608
22367 1 250283 1.0 8.628834038972855
22368 1 895426 1.0 5.797700956463814
22369 1 1836683 1.0 5.999761982820928
22370 1 1518626 1.0 7.996449014171958
22371 1 1040370 1.0 8.612032979726791
22372 1 275461 1.0 6.9592350628226995
22373 1 1114948 1.0 5.860112956725061
22374 1 997062 1.0 8.451652014628053
22375 1 412335 1.0 5.815705982968211
22376 1 873084 1.0 8.487208979204297
22377 1 412312 1.0 6.650621071457863
22378 1 1072031 1.0 12.451648944988847
22379 1 1836683 1.0 6.340769934467971
22380 1 599049 1.0 5.716151907108724
22381 1 1138458 1.0 8.021302055567503
22382 1 1709082 1.0 8.480008924379945
22383 1 412312 1.0 6.619657040573657
22384 1 1150426 1.0 9.519792976789176
22385 1 1140128 1.0 7.852031965740025
22386 1 1148177 1.0 7.583690923638642
22387 1 1006909 1.0 8.299830951727927
22388 1 1077466 1.0 8.054464007727802
22389 1 987103 1.0 8.680811035446823
22390 1 815439 1.0 8.709702058695257
22391 1 1011827 1.0 6.78028108086437
22392 1 809736 1.0 8.76747292932123
22393 1 990372 1.0 8.01852100994438
22394 1 813110 1.0 7.262642029672861
22395 1 417915 1.0 6.665840977802873
22396 1 1065538 1.0 9.062562952749431
22397 1 1202571 1.0 7.53273896407336
22398 1 417915 1.0 6.414041970856488
22399 1 2457319 1.0 6.208534934557974
22400 1 1148177 1.0 6.733720074407756
22401 1 607778 1.0 9.733031038194895
22402 1 872233 1.0 7.902933983132243
22403 1 175260 1.0 4.56613302230835
22404 1 1684793 1.0 6.252699997276068
22405 1 1444322 1.0 6.731875939294696
22406 1 1339921 1.0 8.679912076331675
22407 1 1000695 1.0 6.222055060788989
22408 1 1170299 1.0 8.465834078378975
22409 1 1025579 1.0 5.7512359926477075
22410 1 1131422 1.0 9.280564030632377
22411 1 1068617 1.0 5.756000988185406
22412 1 1157659 1.0 8.605548995546997
22413 1 175260 1.0 4.747520084492862
22414 1 842478 1.0 4.930966999381781
22415 1 1339921 1.0 8.681538980454206
22416 1 862481 1.0 6.398566998541355
22417 1 417915 1.0 6.292906007729471
22418 1 1114782 1.0 8.659170009195805
22419 1 1107349 1.0 5.3311759838834405
22420 1 1030713 1.0 6.831079022958875
22421 1 1299341 1.0 5.950834020040929
22422 1 1836683 1.0 6.025597103871405
22423 1 852546 1.0 7.06195505335927
22424 1 840337 1.0 6.875675986520946
22425 1 1836683 1.0 6.530599086545408
22426 1 938694 1.0 9.363573975861073
22427 1 1709082 1.0 9.441582020372152
22428 1 1419144 1.0 8.014307008124888
22429 1 1137675 1.0 7.808822090737522
22430 1 175260 1.0 10.718571953475475
22431 1 1299341 1.0 6.196989910677075
22432 1 871240 1.0 7.114624022506177
22433 1 1070588 1.0 8.47790390253067
22434 1 1684793 1.0 6.399492966011167
22435 1 1781080 1.0 8.131220936775208
22436 1 1048414 1.0 7.544318097643554
22437 1 1339921 1.0 8.977054036222398
22438 1 1836683 1.0 6.538980989716947
22439 1 1702447 1.0 8.107390021905303
22440 1 1836683 1.0 6.524892058223486
22441 1 938694 1.0 9.348455001600087
22442 1 412312 1.0 7.504136068746448
22443 1 1086716 1.0 9.409237070940435
22444 1 1535844 1.0 6.291256984695792
22445 1 607778 1.0 10.755651979707181
22446 1 275461 1.0 7.329748012125492
22447 1 1093245 1.0 6.053477991372347
22448 1 1444322 1.0 6.949044996872544
22449 1 1709082 1.0 8.893204969353974
22450 1 1035245 1.0 5.0810950342565775
22451 1 863895 1.0 6.973946932703257
22452 1 856290 1.0 8.05381394457072
22453 1 895426 1.0 5.962859955616295
22454 1 412335 1.0 5.888342973776162
22455 1 1444322 1.0 7.149287033826113
22456 1 412312 1.0 7.173410966061056
22457 1 1836683 1.0 7.007058011367917
22458 1 1157019 1.0 7.19051796477288
22459 1 1836683 1.0 6.652049021795392
22460 1 1137367 1.0 8.751738001592457
22461 1 1123499 1.0 6.180910975672305
22462 1 1040370 1.0 9.485221933573484
22463 1 1073169 1.0 8.120098034851253
22464 1 1676776 1.0 7.614491041749716
22465 1 826222 1.0 8.8163010077551
22466 1 417915 1.0 6.947551970370114
22467 1 2457319 1.0 6.624559056945145
22468 1 412312 1.0 7.281853002496064
22469 1 895426 1.0 6.017307983711362
22470 1 1695640 1.0 5.162818939425051
22471 1 1030713 1.0 7.115760003216565
22472 1 1702447 1.0 7.688847952522337
22473 1 1684793 1.0 6.536931963637471
22474 1 843428 1.0 8.984963991679251
22475 1 1684793 1.0 6.602528039366007
22476 1 412312 1.0 6.966214976273477
22477 1 175260 1.0 4.633682081475854
22478 1 412312 1.0 6.822110968641937
22479 1 1006239 1.0 10.286514996550977
22480 1 1030713 1.0 6.956346915103495
22481 1 412335 1.0 6.036538979969919
22482 1 1836683 1.0 6.24110596254468
22483 1 1012144 1.0 7.699481910094619
22484 1 837522 1.0 8.275376982055604
22485 1 1079799 1.0 8.286293945275247
22486 1 250283 1.0 8.954397984780371
22487 1 938694 1.0 8.954124990850687
22488 1 1040370 1.0 8.84522299747914
22489 1 412312 1.0 7.6484460150823
22490 1 412312 1.0 7.5595719972625375
22491 1 1016772 1.0 11.064492049627006
22492 1 417915 1.0 6.98057294357568
22493 1 1836683 1.0 6.533953011967242
22494 1 810522 1.0 7.69434601534158
22495 1 1444322 1.0 7.5204240856692195
22496 1 377980 1.0 6.4112989930436015
22497 1 1836683 1.0 6.551505997776985
22498 1 1759845 1.0 6.471036002039909
22499 1 412335 1.0 6.379600032232702
22500 1 1011827 1.0 7.555201998911798
22501 1 2457319 1.0 6.515352986752987
22502 1 1093245 1.0 6.20171707123518
22503 1 1535844 1.0 6.277715088799596
22504 1 1695640 1.0 5.406840005889535
22505 1 895426 1.0 6.300006993114948
22506 1 1093245 1.0 6.384693086147308
22507 1 1157248 1.0 6.448873085901141
22508 1 1148177 1.0 7.315940922126174
22509 1 2457319 1.0 6.738092051818967
22510 1 930753 1.0 8.398522972129285
22511 1 930753 1.0 8.288717945106328
22512 1 1444322 1.0 7.618580013513565
22513 1 1040204 1.0 7.5140929548069835
22514 1 175260 1.0 4.90482896566391
22515 1 1339921 1.0 9.07162600196898
22516 1 1196778 1.0 6.143667967990041
22517 1 1123652 1.0 7.618645904585719
22518 1 1419144 1.0 7.554568932391703
22519 1 1101458 1.0 8.871570928022265
22520 1 175260 1.0 4.775904002599418
22521 1 1148177 1.0 6.960838916711509
22522 1 1148796 1.0 8.484560996294022
22523 1 175260 1.0 4.8964000307023525
22524 1 1093245 1.0 6.114445975981653
22525 1 586468 1.0 7.843813975341618
22526 1 250283 1.0 9.903436992317438
22527 1 175260 1.0 5.269714980386198
22528 1 993226 1.0 9.64366493280977
22529 1 833111 1.0 6.5900220070034266
22530 1 1695640 1.0 5.571741960011423
22531 1 1202571 1.0 7.590720080770552
22532 1 1105991 1.0 7.595519069582224
22533 1 852742 1.0 9.680222952738404
22534 1 1709082 1.0 9.805346024222672
22535 1 1198814 1.0 6.6112319473177195
22536 1 938694 1.0 9.339033043943346
22537 1 1299341 1.0 6.38202705886215
22538 1 1161492 1.0 7.741269888356328
22539 1 1058818 1.0 6.036362028680742
22540 1 1299341 1.0 6.192444008775055
22541 1 2457319 1.0 6.885947892442346
22542 1 857597 1.0 9.679281967692077
22543 1 1093245 1.0 6.150399916805327
22544 1 1734888 1.0 6.041290005668998
22545 1 1023886 1.0 7.692640996538103
22546 1 250283 1.0 8.91845894511789
22547 1 1299341 1.0 6.210368010215461
22548 1 1040370 1.0 8.816662011668086
22549 1 974882 1.0 7.167186005972326
22550 1 412312 1.0 7.00443796813488
22551 1 417915 1.0 14.45487595628947
22552 1 1016703 1.0 7.645688019692898
22553 1 175260 1.0 4.782796022482216
22554 1 417915 1.0 6.486550904810429
22555 1 1185060 1.0 7.032405934296548
22556 1 1101230 1.0 8.236675057560205
22557 1 1836683 1.0 6.358413025736809
22558 1 175260 1.0 4.944018903188407
22559 1 1299341 1.0 6.981828017160296
22560 1 1013942 1.0 9.671553038060665
22561 1 930753 1.0 8.150849025696516
22562 1 1171480 1.0 7.55604705773294
22563 1 836289 1.0 9.653298067860305
22564 1 175260 1.0 5.225419066846371
22565 1 1676776 1.0 7.666758960112929
22566 1 1419144 1.0 8.234711014665663
22567 1 1086542 1.0 7.117872009985149
22568 1 1041615 1.0 7.506698020733893
22569 1 1702447 1.0 8.323337999172509
22570 1 1183528 1.0 8.471254026517272
22571 1 1836683 1.0 6.37270393781364
22572 1 2457319 1.0 6.637208047322929
22573 1 1695640 1.0 5.307388957589865
22574 1 2347084 1.0 4.48422902263701
22575 1 417915 1.0 6.696613971143961
22576 1 959083 1.0 4.510449944064021
22577 1 29643 1.0 5.854973918758333
22578 1 1844867 1.0 4.5173929538577795
22579 1 29643 1.0 5.811121081933379
22580 1 1844867 1.0 4.556837026029825
