0 0 0 0 1.1691049439832568
1 0 0 0 2.1164269419386983
2 0 0 0 1.1742239585146308
3 0 0 0 1.12021598033607
4 0 0 0 1.188489026390016
5 0 0 0 1.2585551012307405
6 0 0 0 1.4563800068572164
7 0 0 0 2.4879559641703963
8 0 0 0 1.590050058439374
9 0 0 0 1.2836389942094684
10 0 0 0 1.1519209947437048
11 0 0 0 1.1841300874948502
12 0 0 0 1.2271630112081766
13 0 0 0 2.2325009340420365
14 0 0 0 1.298575079999864
15 0 0 0 2.415745984762907
16 0 0 0 1.2374880025163293
17 0 0 0 1.185036962851882
18 0 0 0 1.0787880746647716
19 0 0 0 1.148519921116531
20 0 0 0 1.802954007871449
21 0 0 0 1.168827060610056
22 0 0 0 1.425598980858922
23 0 0 0 1.3319039717316628
24 0 0 0 1.1786899995058775
25 0 0 0 1.0933669982478023
26 0 0 0 1.1367029510438442
27 0 0 0 2.0950620528310537
28 0 0 0 1.2814889196306467
29 0 0 0 2.043955959379673
30 0 0 0 2.0881840027868748
31 0 0 0 2.0971050253137946
32 0 0 0 1.1474289931356907
33 0 0 0 1.083526061847806
34 0 0 0 1.1235190322622657
35 0 0 0 1.1457990622147918
36 0 0 0 2.5511300191283226
37 0 0 0 1.1050000321120024
38 0 0 0 1.9888459937646985
39 0 0 0 2.02237197663635
40 0 0 0 1.1924579739570618
41 0 0 0 1.0278559057042003
42 0 0 0 1.1370670981705189
43 0 0 0 1.0432390263304114
44 0 0 0 1.0102400556206703
45 0 0 0 1.7717359587550163
46 0 0 0 1.3852380216121674
47 0 0 0 1.5109800733625889
48 0 0 0 2.2879380267113447
49 0 0 0 1.9191050669178367
50 0 0 0 1.050763064995408
51 0 0 0 1.1411369778215885
52 0 0 0 2.2245609434321523
53 0 0 0 2.2373360116034746
54 0 0 0 1.2097489088773727
55 0 0 0 1.2243649689480662
56 0 0 0 1.2549249222502112
57 0 0 0 2.2502060746774077
58 0 0 0 2.277962048538029
59 0 0 0 2.1072180243209004
60 0 0 0 1.1956050293520093
61 0 0 0 1.268169959075749
62 0 0 0 1.1507899034768343
63 0 0 0 1.1950850021094084
64 0 0 0 2.9888770077377558
65 0 0 0 1.204799977131188
66 0 0 0 1.1339359916746616
67 0 0 0 1.0720290010794997
68 0 0 0 1.1128690093755722
69 0 0 0 1.2098860461264849
70 0 0 0 1.2396459933370352
71 0 0 0 1.2244849931448698
72 0 0 0 1.2668459676206112
73 0 0 0 1.0678940452635288
74 0 0 0 1.7894359771162271
75 0 0 0 1.8958160653710365
76 0 0 0 1.794173032976687
77 0 0 0 1.8278189236298203
78 0 0 0 1.846296014264226
79 0 0 0 1.7332698917016387
80 0 0 0 0.9955388959497213
81 0 0 0 1.0243840515613556
82 0 0 0 1.00545899476856
83 0 0 0 1.1550730559974909
84 0 0 0 1.2089050142094493
85 0 0 0 1.8792160553857684
86 0 0 0 1.8007300095632672
87 0 0 0 1.05527404230088
88 0 0 0 1.8852439243346453
89 0 0 0 1.9185959827154875
90 0 0 0 1.0375960264354944
91 0 0 0 1.5430470230057836
92 0 0 0 1.597809954546392
93 0 0 0 1.244746963493526
94 0 0 0 1.262273988686502
95 0 0 0 2.128468011505902
96 0 0 0 1.0890760459005833
97 0 0 0 1.0559690417721868
98 0 0 0 1.3344610342755914
99 0 0 0 1.1918230447918177
100 0 0 0 0.998397939838469
101 0 0 0 1.0100710205733776
102 0 0 0 1.1173340026289225
103 0 0 0 1.0789079824462533
104 0 0 0 1.0798939038068056
105 0 0 0 1.1134239612147212
106 0 0 0 1.3483959482982755
107 0 0 0 1.131136086769402
108 0 0 0 1.8582380143925548
109 0 0 0 1.47387501783669
110 0 0 0 1.0905389208346605
111 0 0 0 1.093348953872919
112 0 0 0 1.087288954295218
113 0 0 0 1.1893570190295577
114 0 0 0 1.0569229489192367
115 0 0 0 1.065063988789916
116 0 0 0 1.0975520126521587
117 0 0 0 1.0807340731844306
118 0 0 0 0.9983869967982173
119 0 0 0 1.081431983038783
120 0 0 0 1.0222570272162557
121 0 0 0 1.0167739819735289
122 0 0 0 1.0350649245083332
123 0 0 0 1.1255849385634065
124 0 0 0 1.169949071481824
125 0 0 0 1.0521379299461842
126 0 0 0 1.1511589400470257
127 0 0 0 1.297059003263712
128 0 0 0 1.0489319683983922
129 0 0 0 1.0587360011413693
130 0 0 0 1.021798001602292
131 0 0 0 1.0546590201556683
132 0 0 0 1.1509349569678307
133 0 0 0 1.382893999107182
134 0 0 0 1.059618080034852
135 0 0 0 1.7769490368664265
136 0 0 0 1.0344000766053796
137 0 0 0 1.1254999553784728
138 0 0 0 1.0371430544182658
139 0 0 0 1.1038091033697128
140 0 0 0 1.3334589311853051
141 0 0 0 0.9877339471131563
142 0 0 0 1.1509869946166873
143 0 0 0 1.0515680769458413
144 0 0 0 1.0527040576562285
145 0 0 0 0.9959739400073886
146 1 1435826 1.0 1.835227943956852
147 0 0 0 1.0393420234322548
148 0 0 0 1.0467569809406996
149 0 0 0 1.0342840105295181
150 0 0 0 1.045451033860445
151 0 0 0 1.117692911066115
152 0 0 0 3.379711997695267
153 0 0 0 1.1448290897533298
154 0 0 0 1.031101099215448
155 0 0 0 1.1923819547519088
156 0 0 0 1.0914000449702144
157 0 0 0 1.222898019477725
158 0 0 0 1.2023838935419917
159 0 0 0 1.099847024306655
160 0 0 0 1.1302880011498928
161 0 0 0 2.109837019816041
162 0 0 0 2.0065580029040575
163 0 0 0 2.0076410146430135
164 0 0 0 2.0165080204606056
165 0 0 0 1.1886140564456582
166 0 0 0 1.240303972736001
167 0 0 0 1.1038359953090549
168 0 0 0 2.157539944164455
169 0 0 0 1.1081009870395064
170 0 0 0 1.0151499882340431
171 0 0 0 1.105195959098637
172 0 0 0 1.1341690551489592
173 0 0 0 1.1263859923928976
174 0 0 0 1.22941005975008
175 0 0 0 1.5352009795606136
176 0 0 0 1.343925017863512
177 0 0 0 2.0863289246335626
178 0 0 0 2.074292046017945
179 0 0 0 1.5259659849107265
180 0 0 0 1.1230300879105926
181 0 0 0 1.0936131002381444
182 0 0 0 1.1734080035239458
183 0 0 0 2.0668029319494963
184 0 0 0 2.144851954653859
185 0 0 0 1.3229730539023876
186 0 0 0 2.157788025215268
187 0 0 0 2.4359989911317825
188 0 0 0 1.95825204718858
189 0 0 0 2.6273169787600636
190 0 0 0 2.149346051737666
191 0 0 0 1.833743997849524
192 0 0 0 1.6051229322329164
193 0 0 0 1.3800628948956728
194 0 0 0 1.6004589851945639
195 0 0 0 1.4043910196051002
196 0 0 0 1.336167100816965
197 0 0 0 1.2192180147394538
198 0 0 0 1.5297549543902278
199 0 0 0 1.2780498946085572
200 0 0 0 1.2624269584193826
201 0 0 0 1.1904389830306172
202 0 0 0 1.4959609834477305
203 0 0 0 2.607197966426611
204 0 0 0 1.631289953365922
205 0 0 0 2.6957879308611155
206 0 0 0 2.208021003752947
207 0 0 0 2.847229945473373
208 0 0 0 5.494128912687302
209 0 0 0 2.8440830064937472
210 0 0 0 1.616387045942247
211 0 0 0 1.6711329808458686
212 0 0 0 1.717468025162816
213 0 0 0 1.2928679352626204
214 0 0 0 2.6414080057293177
215 0 0 0 2.5097649777308106
216 0 0 0 1.4055230421945453
217 0 0 0 1.4544879086315632
218 0 0 0 1.535500050522387
219 0 0 0 1.2980479514226317
220 0 0 0 1.4043329283595085
221 0 0 0 1.5265990514308214
222 0 0 0 1.2497230200096965
223 0 0 0 1.5367830637842417
224 0 0 0 1.2905410258099437
225 0 0 0 1.3313579838722944
226 0 0 0 2.492792089469731
227 0 0 0 1.4901530230417848
228 0 0 0 1.2534509878605604
229 0 0 0 1.2818239629268646
230 0 0 0 1.3624189887195826
231 0 0 0 1.3323499588295817
232 0 0 0 1.189080998301506
233 0 0 0 2.414081012830138
234 0 0 0 1.8512069946154952
235 0 0 0 1.4097830280661583
236 0 0 0 1.887616002932191
237 0 0 0 2.2881660843268037
238 0 0 0 1.3027859386056662
239 0 0 0 1.2171969283372164
240 0 0 0 1.6535239992663264
241 0 0 0 3.8247129414230585
242 0 0 0 1.5454440144822001
243 0 0 0 1.5166029334068298
244 0 0 0 1.1437350185588002
245 0 0 0 1.2077880091965199
246 0 0 0 2.0069779129698873
247 0 0 0 1.8747049616649747
248 0 0 0 1.1757089523598552
249 0 0 0 1.3087980914860964
250 0 0 0 1.181451021693647
251 0 0 0 1.3742039445787668
252 0 0 0 2.2680480033159256
253 0 0 0 2.293750992976129
254 0 0 0 1.2052489910274744
255 0 0 0 1.4423950342461467
256 0 0 0 2.069527981802821
257 0 0 0 2.006030990742147
258 0 0 0 2.0922119729220867
259 0 0 0 1.97740294970572
260 0 0 0 1.4254749985411763
261 0 0 0 1.1778330663219094
262 0 0 0 1.1672389227896929
263 0 0 0 1.3288030168041587
264 0 0 0 1.2225770624354482
265 0 0 0 2.8270139591768384
266 0 0 0 1.9504419760778546
267 0 0 0 2.4966479977592826
268 0 0 0 2.070426009595394
269 0 0 0 4.510669969022274
270 0 0 0 4.374805954284966
271 0 0 0 4.127179970964789
272 0 0 0 4.1472099255770445
273 0 0 0 4.026888054795563
274 0 0 0 1.899386988952756
275 0 0 0 5.175088997930288
276 0 0 0 4.760297946631908
277 0 0 0 2.185196033678949
278 0 0 0 2.0365769742056727
279 0 0 0 4.071064991876483
280 0 0 0 3.4130460117012262
281 0 0 0 2.8147930279374123
282 0 0 0 3.4066380467265844
283 0 0 0 1.8530079396441579
284 0 0 0 2.7865810552611947
285 0 0 0 3.0722670489922166
286 0 0 0 4.150400985963643
287 0 0 0 3.6086130421608686
288 0 0 0 4.1332709370180964
289 0 0 0 6.313103949651122
290 0 0 0 5.103336996398866
291 0 0 0 2.22377001773566
292 0 0 0 2.5345049798488617
293 0 0 0 2.394365961663425
294 0 0 0 3.7108719116076827
295 0 0 0 6.544057046994567
296 0 0 0 4.68940706923604
297 0 0 0 2.173556014895439
298 0 0 0 2.941405982710421
299 0 0 0 3.809307934716344
300 0 0 0 2.9464790131896734
301 0 0 0 5.308847990818322
302 0 0 0 5.927383084781468
303 0 0 0 6.178827956318855
304 0 0 0 3.852242953144014
305 0 0 0 4.049427108839154
306 0 0 0 3.4724759170785546
307 0 0 0 2.5920470943674445
308 0 0 0 3.426163922995329
309 0 0 0 5.471321055665612
310 0 0 0 6.079931976273656
311 0 0 0 4.105068976059556
312 0 0 0 4.036444006487727
313 0 0 0 3.8828570395708084
314 0 0 0 2.1335919154807925
315 0 0 0 2.6975140208378434
316 0 0 0 3.5863490775227547
317 0 0 0 3.7328910548239946
318 0 0 0 2.5405720807611942
319 0 0 0 4.279564949683845
320 0 0 0 6.169275031425059
321 0 0 0 5.712743964977562
322 0 0 0 3.0919848941266537
323 0 0 0 3.7849399959668517
324 0 0 0 3.501106984913349
325 0 0 0 3.713743994012475
326 0 0 0 3.0521380249410868
327 0 0 0 4.278721986338496
328 0 0 0 2.316614962182939
329 0 0 0 4.130346002057195
330 0 0 0 3.0746948905289173
331 0 0 0 2.0594759844243526
332 0 0 0 3.9776680059731007
333 0 0 0 3.0747459968551993
334 0 0 0 3.7462259642779827
335 0 0 0 3.719712025485933
336 0 0 0 4.5581969898194075
337 0 0 0 4.7056450275704265
338 0 0 0 3.3556770067662
339 0 0 0 3.4776550019159913
340 0 0 0 1.8285400001332164
341 0 0 0 1.1730189435184002
342 0 0 0 2.361143007874489
343 0 0 0 3.3371630124747753
344 0 0 0 2.0823050290346146
345 0 0 0 2.793830935843289
346 0 0 0 3.042245050892234
347 0 0 0 3.476848010905087
348 0 0 0 3.187766997143626
349 0 0 0 2.9582360293716192
350 0 0 0 3.243009909056127
351 0 0 0 1.6797049902379513
352 0 0 0 1.4988299226388335
353 0 0 0 3.3230000408366323
354 0 0 0 2.969863940961659
355 0 0 0 1.2057189596816897
356 0 0 0 2.1268579876050353
357 0 0 0 2.0921709947288036
358 0 0 0 1.312796026468277
359 0 0 0 2.1233540028333664
360 0 0 0 1.583926030434668
361 0 0 0 2.7653509750962257
362 0 0 0 3.257630974985659
363 0 0 0 2.9428290436044335
364 0 0 0 1.0534310713410378
365 0 0 0 3.6837070947512984
366 0 0 0 1.5271500451490283
367 0 0 0 2.725017024204135
368 0 0 0 1.4492250047624111
369 0 0 0 2.2867920342832804
370 0 0 0 2.7848349418491125
371 0 0 0 3.223600913770497
372 0 0 0 1.5904790489003062
373 0 0 0 2.317631966434419
374 0 0 0 1.4899090165272355
375 0 0 0 2.4111770326271653
376 0 0 0 2.1385690197348595
377 0 0 0 2.124808030202985
378 0 0 0 2.775305067189038
379 0 0 0 1.7635870026424527
380 0 0 0 2.0671149250119925
381 0 0 0 2.6008510030806065
382 0 0 0 1.8438550177961588
383 0 0 0 2.600023988634348
384 0 0 0 1.332863001152873
385 0 0 0 1.3172570616006851
386 0 0 0 2.9175400268286467
387 0 0 0 3.0199349857866764
388 0 0 0 2.0415119361132383
389 0 0 0 3.2295490382239223
390 0 0 0 3.2766350777819753
391 0 0 0 3.333876025862992
392 0 0 0 4.5117560075595975
393 0 0 0 3.0091600492596626
394 0 0 0 2.982041100040078
395 0 0 0 4.121678997762501
396 0 0 0 2.37176101654768
397 0 0 0 2.242750022560358
398 0 0 0 2.9158720280975103
399 0 0 0 1.2285650009289384
400 0 0 0 2.5989339919760823
401 0 0 0 2.1188199752941728
402 0 0 0 2.894848003052175
403 0 0 0 3.0011628987267613
404 0 0 0 1.6365849878638983
405 0 0 0 3.0724729876965284
406 0 0 0 1.6812700778245926
407 0 0 0 2.763671916909516
408 0 0 0 1.6859930474311113
409 0 0 0 3.174849087372422
410 0 0 0 3.080987953580916
411 0 0 0 3.1870240345597267
412 0 0 0 2.9473979957401752
413 0 0 0 2.8570310678333044
414 0 0 0 2.841998008079827
415 0 0 0 3.213896998204291
416 0 0 0 2.7339060325175524
417 0 0 0 3.2007829286158085
418 0 0 0 2.8712099883705378
419 0 0 0 2.957046963274479
420 0 0 0 2.1408009342849255
421 0 0 0 3.3174940617755055
422 0 0 0 2.3824970703572035
423 0 0 0 2.8968070400878787
424 0 0 0 1.8407430034130812
425 0 0 0 1.4253819826990366
426 0 0 0 3.175519988872111
427 0 0 0 2.859658095985651
428 0 0 0 2.8111509745940566
429 0 0 0 3.251826041378081
430 0 0 0 3.0213050777092576
431 0 0 0 2.5425440398976207
432 0 0 0 2.1880229469388723
433 0 0 0 1.233692979440093
434 0 0 0 3.0033630318939686
435 0 0 0 3.7757999962195754
436 0 0 0 2.4235349847003818
437 0 0 0 1.6789089422672987
438 0 0 0 3.0555169796571136
439 0 0 0 2.7195028960704803
440 0 0 0 3.283521975390613
441 0 0 0 2.240129979327321
442 0 0 0 1.712032943032682
443 0 0 0 3.5876909969374537
444 0 0 0 2.2703000577166677
445 0 0 0 1.6585339326411486
446 0 0 0 2.8278400423005223
447 0 0 0 2.705052960664034
448 0 0 0 3.031524014659226
449 1 1290039 1.0 2.0861378870904446
450 0 0 0 2.3202840238809586
451 0 0 0 2.470365958288312
452 0 0 0 2.999589079990983
453 0 0 0 3.24892601929605
454 0 0 0 3.1992150470614433
455 0 0 0 1.9425640348345041
456 0 0 0 3.261780017055571
457 0 0 0 2.0666240015998483
458 0 0 0 2.003852976486087
459 0 0 0 3.172466065734625
460 0 0 0 1.5937499701976776
461 0 0 0 2.868661074899137
462 0 0 0 0.9524601045995951
463 0 0 0 2.2829639492556453
464 0 0 0 2.7942790184170008
465 0 0 0 2.8625669656321406
466 0 0 0 3.023160039447248
467 0 0 0 2.2726600291207433
468 0 0 0 3.238850040361285
469 0 0 0 2.158146002329886
470 0 0 0 1.17947394028306
471 0 0 0 1.7735729925334454
472 0 0 0 3.067077021114528
473 0 0 0 3.506181063130498
474 0 0 0 2.517318003810942
475 0 0 0 6.236530956812203
476 0 0 0 2.5253259809687734
477 0 0 0 2.84690095577389
478 0 0 0 3.2411919673904777
479 0 0 0 2.893705968745053
480 0 0 0 2.79016001150012
481 0 0 0 3.2685069600120187
482 0 0 0 1.7344129737466574
483 0 0 0 1.7267419025301933
484 0 0 0 2.3234100081026554
485 0 0 0 2.9104059794917703
486 0 0 0 3.1839950243011117
487 0 0 0 3.178199054673314
488 0 0 0 2.5112590519711375
489 0 0 0 1.7826850526034832
490 0 0 0 1.696092076599598
491 0 0 0 2.224141964688897
492 0 0 0 3.0175409046933055
493 0 0 0 1.7528829630464315
494 0 0 0 3.180950996465981
495 0 0 0 2.9475470073521137
496 0 0 0 2.81257601454854
497 0 0 0 3.193048993125558
498 0 0 0 1.4781249919906259
499 0 0 0 3.0446560122072697
500 0 0 0 2.8701829724013805
501 0 0 0 3.185406094416976
502 0 0 0 2.605987945571542
503 0 0 0 4.196406924165785
504 0 0 0 3.274218994192779
505 0 0 0 2.32930900529027
506 0 0 0 1.8038429552689195
507 0 0 0 2.9452439630404115
508 0 0 0 2.2147620329633355
509 0 0 0 2.0824529929086566
510 0 0 0 1.08580500818789
511 0 0 0 1.224206993356347
512 0 0 0 3.0020149424672127
513 0 0 0 1.1986700119450688
514 0 0 0 2.31659400742501
515 0 0 0 3.475581994280219
516 0 0 0 3.334463923238218
517 0 0 0 4.92823391687125
518 0 0 0 3.8022600347176194
519 0 0 0 4.444474005140364
520 0 0 0 4.831069963984191
521 0 0 0 2.776656998321414
522 0 0 0 1.1408069403842092
523 0 0 0 2.147334977053106
524 0 0 0 2.4016560055315495
525 0 0 0 2.084264997392893
526 0 0 0 2.0577049581333995
527 0 0 0 3.373745013959706
528 0 0 0 2.0898450165987015
529 0 0 0 3.3017450477927923
530 0 0 0 2.129146014340222
531 0 0 0 1.7357389442622662
532 0 0 0 2.411637920886278
533 0 0 0 2.344419015571475
534 0 0 0 1.5283189713954926
535 0 0 0 1.7394169699400663
536 0 0 0 2.8425760101526976
537 0 0 0 2.982082893140614
538 0 0 0 3.109220997430384
539 0 0 0 3.348988015204668
540 0 0 0 2.370813977904618
541 0 0 0 3.3580150920897722
542 0 0 0 2.16767902020365
543 0 0 0 2.9446909902617335
544 0 0 0 2.101298072375357
545 0 0 0 2.1140840835869312
546 0 0 0 5.085041979327798
547 0 0 0 5.02616201993078
548 0 0 0 3.0875219963490963
549 0 0 0 2.9454270843416452
550 0 0 0 2.28333193808794
551 0 0 0 1.8090879311785102
552 0 0 0 1.7644260078668594
553 0 0 0 3.503877087496221
554 0 0 0 3.157483064569533
555 0 0 0 1.4913619961589575
556 0 0 0 1.8662409856915474
557 0 0 0 3.007884952239692
558 0 0 0 3.1381050357595086
559 0 0 0 3.6437390372157097
560 0 0 0 2.522661001421511
561 0 0 0 2.6413719169795513
562 0 0 0 1.9914929289370775
563 0 0 0 3.4060110338032246
564 0 0 0 2.880115993320942
565 0 0 0 4.555384046398103
566 0 0 0 4.678172059357166
567 0 0 0 1.4253719709813595
568 0 0 0 2.216133987531066
569 0 0 0 3.0220620101317763
570 0 0 0 3.4867359790951014
571 0 0 0 2.173634944483638
572 0 0 0 3.237931989133358
573 0 0 0 1.742050051689148
574 0 0 0 3.5000009229406714
575 0 0 0 1.7542860005050898
576 0 0 0 3.0705160461366177
577 0 0 0 1.8531139940023422
578 0 0 0 1.3461899943649769
579 0 0 0 2.1902710432186723
580 0 0 0 3.2947579165920615
581 0 0 0 2.2221339168027043
582 0 0 0 1.8456989200785756
583 0 0 0 2.639029989950359
584 0 0 0 2.168457955121994
585 0 0 0 1.7861089436337352
586 0 0 0 1.221137004904449
587 0 0 0 1.75919895991683
588 0 0 0 1.389028038829565
589 0 0 0 3.5639010602608323
590 0 0 0 2.468169084750116
591 0 0 0 3.4511589910835028
592 0 0 0 3.4960591001436114
593 0 0 0 3.6584159824997187
594 0 0 0 3.119408036582172
595 0 0 0 3.6429179599508643
596 0 0 0 3.9098149864003062
597 0 0 0 2.708058920688927
598 0 0 0 2.880376996472478
599 0 0 0 2.243536990135908
600 0 0 0 3.2909540459513664
601 0 0 0 1.8388369353488088
602 0 0 0 2.028317074291408
603 0 0 0 4.510689992457628
604 0 0 0 4.103522980585694
605 0 0 0 3.6152340471744537
606 0 0 0 3.66032007150352
607 0 0 0 3.3797480864450336
608 0 0 0 3.0599460005760193
609 0 0 0 3.449612995609641
610 0 0 0 3.084802068769932
611 0 0 0 3.3954059472307563
612 0 0 0 1.8428360344842076
613 0 0 0 2.361865947023034
614 0 0 0 2.9978579841554165
615 0 0 0 1.795146963559091
616 0 0 0 2.5364559842273593
617 0 0 0 1.9430110696703196
618 0 0 0 3.2239079009741545
619 0 0 0 1.6975069884210825
620 0 0 0 2.0623530726879835
621 0 0 0 2.9436619952321053
622 0 0 0 5.413122940808535
623 0 0 0 5.128234974108636
624 0 0 0 2.4935840629041195
625 0 0 0 2.9336659936234355
626 0 0 0 2.4907439947128296
627 0 0 0 1.7388509586453438
628 0 0 0 1.6924029914662242
629 0 0 0 3.3744300017133355
630 0 0 0 3.0195250874385238
631 0 0 0 1.4533479698002338
632 0 0 0 1.7287679947912693
633 0 0 0 2.278215019032359
634 0 0 0 3.2226410694420338
635 0 0 0 1.6559839714318514
636 0 0 0 1.9698570249602199
637 0 0 0 5.089137004688382
638 0 0 0 3.0994450207799673
639 0 0 0 1.5651079593226314
640 0 0 0 3.104614093899727
641 0 0 0 3.195851924829185
642 0 0 0 2.948218956589699
643 0 0 0 3.3926110481843352
644 0 0 0 3.071736078709364
645 0 0 0 3.3699419582262635
646 0 0 0 2.9539919923990965
647 0 0 0 2.1712009329348803
648 0 0 0 1.6613019397482276
649 0 0 0 1.743266941048205
650 0 0 0 2.8452230617403984
651 0 0 0 3.3734419848769903
652 0 0 0 2.366499975323677
653 0 0 0 1.7007379792630672
654 0 0 0 3.457685001194477
655 0 0 0 3.3207880333065987
656 0 0 0 3.2295079436153173
657 0 0 0 1.8974279519170523
658 0 0 0 3.5508860601112247
659 0 0 0 3.1654179329052567
660 0 0 0 3.365281969308853
661 0 0 0 1.5731030143797398
662 0 0 0 2.366362023167312
663 0 0 0 3.482830012217164
664 0 0 0 2.1521879825741053
665 0 0 0 2.32977292034775
666 0 0 0 3.6320199724286795
667 0 0 0 3.268125932663679
668 0 0 0 3.332638996653259
669 0 0 0 2.1396889351308346
670 0 0 0 4.882304929196835
671 0 0 0 4.221757990308106
672 0 0 0 3.154417034238577
673 1 12417 0.7058824 1.6858209855854511
674 0 0 0 3.435353981330991
675 0 0 0 3.1107859686017036
676 0 0 0 1.78912200499326
677 0 0 0 1.1897410731762648
678 0 0 0 2.5227530859410763
679 0 0 0 1.6635180218145251
680 0 0 0 3.4183330135419965
681 0 0 0 2.3584339069202542
682 0 0 0 2.4236550088971853
683 0 0 0 3.066175035201013
684 0 0 0 3.4170409198850393
685 0 0 0 1.1474969796836376
686 0 0 0 1.6247760504484177
687 0 0 0 3.0406640144065022
688 0 0 0 3.3815649803727865
689 0 0 0 2.631351933814585
690 0 0 0 2.5653389748185873
691 0 0 0 3.007480059750378
692 0 0 0 3.0378790106624365
693 0 0 0 2.971326932311058
694 0 0 0 3.4826959017664194
695 0 0 0 1.4585060998797417
696 0 0 0 2.2214259952306747
697 0 0 0 2.0015659974887967
698 0 0 0 2.1063300082460046
699 0 0 0 3.1084819929674268
700 0 0 0 3.610404091887176
701 0 0 0 1.6614069463685155
702 0 0 0 3.5086650168523192
703 0 0 0 3.5226569743826985
704 0 0 0 2.423487021587789
705 0 0 0 2.1557279396802187
706 0 0 0 3.025806974619627
707 0 0 0 3.2404959201812744
708 0 0 0 2.892178948968649
709 0 0 0 3.3013930078595877
710 0 0 0 2.270283061079681
711 0 0 0 2.1446930477395654
712 0 0 0 3.214551950804889
713 1 1242848 1.0 1.4431910822167993
714 0 0 0 2.010956988669932
715 0 0 0 2.200914081186056
716 0 0 0 3.485616995021701
717 0 0 0 2.444228040985763
718 0 0 0 2.856128034181893
719 0 0 0 2.9067129362374544
720 0 0 0 3.226625034585595
721 0 0 0 1.6488699475303292
722 0 0 0 3.256215015426278
723 0 0 0 3.2605399610474706
724 0 0 0 1.4192580711096525
725 0 0 0 4.005006980150938
726 0 0 0 5.103274015709758
727 0 0 0 3.1378340208902955
728 0 0 0 3.2503410475328565
729 0 0 0 3.3652710262686014
730 0 0 0 3.2870430732145905
731 0 0 0 1.6263850266113877
732 0 0 0 2.8867260552942753
733 0 0 0 1.7278820741921663
734 0 0 0 2.0850200671702623
735 0 0 0 2.3249720688909292
736 0 0 0 3.3213200513273478
737 0 0 0 1.15533999633044
738 0 0 0 1.52283301576972
739 0 0 0 5.083172000013292
740 0 0 0 2.617744030430913
741 0 0 0 2.1267490228638053
742 0 0 0 2.8323449660092592
743 0 0 0 3.155830898322165
744 0 0 0 3.1857789726927876
745 0 0 0 2.2414149716496468
746 0 0 0 2.7960799634456635
747 0 0 0 2.7579059824347496
748 0 0 0 3.1652450561523438
749 0 0 0 1.0628070449456573
750 0 0 0 2.766386023722589
751 0 0 0 4.003131063655019
752 0 0 0 1.8301770323887467
753 0 0 0 2.3574570659548044
754 0 0 0 5.149748991243541
755 0 0 0 2.9608350014314055
756 0 0 0 2.094050985760987
757 0 0 0 3.740651998668909
758 0 0 0 3.353007952682674
759 0 0 0 2.7639230247586966
760 0 0 0 3.2509430311620235
761 0 0 0 2.311654039658606
762 0 0 0 1.5608689282089472
763 0 0 0 1.9524040399119258
764 0 0 0 2.9157029930502176
765 0 0 0 2.7526409830898046
766 0 0 0 3.2993510831147432
767 0 0 0 4.299150081351399
768 0 0 0 4.2292289435863495
769 0 0 0 7.793864933773875
770 0 0 0 11.634225957095623
771 0 0 0 11.566648026928306
772 0 0 0 8.519600029103458
773 0 0 0 14.579085051082075
774 0 0 0 14.288351056165993
775 0 0 0 11.276277946308255
776 0 0 0 18.00988893955946
777 0 0 0 11.612573987804353
778 0 0 0 16.359739005565643
779 0 0 0 18.833199981600046
780 0 0 0 20.123380003497005
781 0 0 0 8.63453303463757
782 0 0 0 16.096809995360672
783 0 0 0 11.90223905723542
784 0 0 0 13.19428300485015
785 0 0 0 16.05680794455111
786 0 0 0 12.583086965605617
787 0 0 0 18.565998994745314
788 0 0 0 5.412215017713606
789 0 0 0 7.340673008002341
790 0 0 0 8.185310056433082
791 0 0 0 15.149509999901056
792 0 0 0 4.890112089924514
793 0 0 0 12.001711991615593
794 0 0 0 8.005231968127191
795 0 0 0 16.317959991283715
796 0 0 0 11.833554017357528
797 0 0 0 8.04208405315876
798 0 0 0 11.772650061175227
799 0 0 0 7.097634021192789
800 0 0 0 7.026007049717009
801 0 0 0 4.0612840093672276
802 0 0 0 10.234295041300356
803 0 0 0 16.139638959430158
804 0 0 0 5.388892954215407
805 0 0 0 5.4817619966343045
806 0 0 0 15.797218075022101
807 0 0 0 18.25772097799927
808 0 0 0 18.32038105931133
809 0 0 0 8.035563048906624
810 0 0 0 14.455674099735916
811 0 0 0 18.248607986606658
812 0 0 0 17.774427076801658
813 0 0 0 10.770429973490536
814 0 0 0 9.969127946533263
815 0 0 0 15.777220949530602
816 0 0 0 11.451140977442265
817 0 0 0 5.963137024082243
818 0 0 0 19.894303986802697
819 0 0 0 12.616580002941191
820 0 0 0 19.62547900620848
821 0 0 0 16.695067984983325
822 0 0 0 7.62929895427078
823 0 0 0 7.809677044861019
824 0 0 0 8.634975994937122
825 0 0 0 17.800330999307334
826 0 0 0 12.556471046991646
827 0 0 0 5.898148054257035
828 0 0 0 12.92133703827858
829 0 0 0 9.346650913357735
830 0 0 0 15.920276986435056
831 0 0 0 20.53862507455051
832 0 0 0 6.258993991650641
833 0 0 0 24.676299071870744
834 0 0 0 25.211084983311594
835 0 0 0 20.372614031657577
836 0 0 0 17.182615003548563
837 0 0 0 20.139467902481556
838 0 0 0 8.753921021707356
839 0 0 0 6.923154927790165
840 0 0 0 19.35868605505675
841 0 0 0 12.471686932258308
842 0 0 0 10.5251120403409
843 0 0 0 17.815556027926505
844 0 0 0 14.548285980708897
845 0 0 0 5.434911930933595
846 0 0 0 15.298048965632915
847 0 0 0 12.278137961402535
848 0 0 0 17.763148993253708
849 0 0 0 6.109338952228427
850 0 0 0 15.670657972805202
851 0 0 0 19.263015943579376
852 0 0 0 18.479513004422188
853 0 0 0 19.863069988787174
854 0 0 0 19.152698921971023
855 0 0 0 7.948881015181541
856 0 0 0 16.04906003922224
857 0 0 0 5.04364597145468
858 0 0 0 17.490597907453775
859 0 0 0 8.42877198010683
860 0 0 0 18.16200604662299
861 0 0 0 4.242668976075947
862 0 0 0 15.761966933496296
863 0 0 0 15.668320935219526
864 0 0 0 5.164374015294015
865 0 0 0 14.092122903093696
866 0 0 0 11.210685945115983
867 0 0 0 17.406466999091208
868 0 0 0 14.50278889387846
869 0 0 0 6.872504949569702
870 0 0 0 5.196240032091737
871 0 0 0 16.18396397680044
872 0 0 0 4.1978390654549
873 0 0 0 11.996260960586369
874 0 0 0 15.295924968086183
875 0 0 0 17.797696054913104
876 0 0 0 11.216079932637513
877 0 0 0 11.123292031697929
878 0 0 0 11.041517951525748
879 0 0 0 7.628733990713954
880 0 0 0 17.933322000317276
881 0 0 0 16.05242898222059
882 0 0 0 18.112679943442345
883 0 0 0 4.239878035150468
884 0 0 0 14.408426941372454
885 0 0 0 5.300072021782398
886 0 0 0 15.991128981113434
887 0 0 0 16.256178030744195
888 0 0 0 4.6283830888569355
889 0 0 0 5.300318938679993
890 0 0 0 14.950630953535438
891 0 0 0 17.92742998804897
892 0 0 0 10.330613935366273
893 0 0 0 14.620998059399426
894 0 0 0 18.239471944980323
895 0 0 0 10.64015505835414
896 0 0 0 15.303623978979886
897 0 0 0 17.853945028036833
898 0 0 0 11.48692995775491
899 0 0 0 16.21531299315393
900 0 0 0 6.796029978431761
901 0 0 0 4.652470932342112
902 0 0 0 12.226648046635091
903 0 0 0 16.924518044106662
904 0 0 0 17.87451410200447
905 0 0 0 7.206909009255469
906 0 0 0 7.901108008809388
907 0 0 0 18.138888059183955
908 0 0 0 14.723442029207945
909 0 0 0 4.639492020942271
910 0 0 0 17.29401294142008
911 0 0 0 10.45958197209984
912 0 0 0 7.239906000904739
913 0 0 0 15.026109991595149
914 0 0 0 17.963298014365137
915 0 0 0 14.32881597429514
916 0 0 0 14.19506804086268
917 0 0 0 14.131098985671997
918 0 0 0 6.942401989363134
919 0 0 0 10.24481502827257
920 0 0 0 14.789039036259055
921 0 0 0 15.574084012769163
922 0 0 0 8.296028012409806
923 0 0 0 11.609867098741233
924 0 0 0 18.820745986886322
925 0 0 0 7.874923991039395
926 0 0 0 5.1764160161837935
927 0 0 0 9.883266990073025
928 0 0 0 10.37226605694741
929 0 0 0 4.096240969374776
930 0 0 0 15.641640056855977
931 0 0 0 17.410418018698692
932 0 0 0 14.149334048852324
933 0 0 0 4.696785006672144
934 0 0 0 17.69521797541529
935 0 0 0 11.828780989162624
936 0 0 0 7.103036041371524
937 0 0 0 15.593459946103394
938 0 0 0 7.847341941669583
939 0 0 0 17.312005045823753
940 0 0 0 15.67112491466105
941 0 0 0 11.110990075394511
942 0 0 0 13.934891088865697
943 0 0 0 5.023677949793637
944 0 0 0 16.5952630341053
945 0 0 0 7.944318000227213
946 0 0 0 10.249861050397158
947 0 0 0 8.063975954428315
948 0 0 0 10.175938019528985
949 0 0 0 4.6005010372027755
950 0 0 0 15.792808029800653
951 0 0 0 8.081061067059636
952 0 0 0 11.268236092291772
953 0 0 0 15.675517963245511
954 0 0 0 7.648708997294307
955 0 0 0 17.362350947223604
956 0 0 0 7.762615918181837
957 0 0 0 14.296452980488539
958 0 0 0 9.766957955434918
959 0 0 0 7.593254093080759
960 0 0 0 17.43146509397775
961 0 0 0 13.974345987662673
962 0 0 0 17.457577981986105
963 0 0 0 17.660837969742715
964 0 0 0 18.214887008070946
965 0 0 0 11.277201934717596
966 0 0 0 4.706801031716168
967 0 0 0 11.45049196202308
968 0 0 0 7.788621936924756
969 0 0 0 17.667705076746643
970 0 0 0 11.19953510351479
971 0 0 0 14.198519987985492
972 0 0 0 17.411330016329885
973 0 0 0 18.263811012730002
974 0 0 0 11.961427982896566
975 0 0 0 10.695844888687134
976 0 0 0 10.792369954288006
977 0 0 0 9.957239963114262
978 0 0 0 15.655362978577614
979 0 0 0 18.197319004684687
980 0 0 0 15.640252968296409
981 0 0 0 7.85485003143549
982 0 0 0 4.124480066820979
983 0 0 0 17.67053606454283
984 0 0 0 18.404143978841603
985 0 0 0 16.495977994054556
986 0 0 0 17.594069009646773
987 0 0 0 17.902818974107504
988 0 0 0 11.008578934706748
989 0 0 0 15.730755985714495
990 0 0 0 7.048328989185393
991 0 0 0 16.13090990576893
992 0 0 0 17.867009970359504
993 0 0 0 14.779760036617517
994 0 0 0 14.217149931937456
995 0 0 0 15.65374806523323
996 0 0 0 15.451646992005408
997 0 0 0 6.829058984294534
998 0 0 0 7.76546192355454
999 0 0 0 5.119127919897437
1000 0 0 0 14.463432948105037
1001 0 0 0 16.378486063331366
1002 0 0 0 8.916190010495484
1003 0 0 0 8.216075017116964
1004 0 0 0 8.98799195419997
1005 0 0 0 11.966629070229828
1006 0 0 0 16.640893067233264
1007 0 0 0 11.494604987092316
1008 0 0 0 14.59652790799737
1009 0 0 0 5.288287065923214
1010 0 0 0 11.169830919243395
1011 0 0 0 8.10570502653718
1012 0 0 0 17.682021018117666
1013 0 0 0 15.323280938901007
1014 0 0 0 17.947533982805908
1015 0 0 0 11.665465077385306
1016 0 0 0 4.932450014166534
1017 0 0 0 17.596956924535334
1018 0 0 0 16.246658051386476
1019 0 0 0 16.35770092252642
1020 0 0 0 5.50235400442034
1021 0 0 0 4.191695945337415
1022 0 0 0 16.095351078547537
1023 0 0 0 16.4288830710575
1024 0 0 0 18.865325022488832
1025 0 0 0 8.23464198037982
1026 0 0 0 14.972572913393378
1027 0 0 0 16.176066012121737
1028 0 0 0 17.750966944731772
1029 0 0 0 14.545366051606834
1030 0 0 0 14.144982909783721
1031 0 0 0 11.705961893312633
1032 0 0 0 13.876075041480362
1033 0 0 0 11.882408056408167
1034 0 0 0 13.845680048689246
1035 0 0 0 4.587784060277045
1036 0 0 0 7.87566602230072
1037 0 0 0 4.6473239781335
1038 0 0 0 10.298841982148588
1039 0 0 0 4.728830070234835
1040 0 0 0 14.28960298653692
1041 0 0 0 15.891753020696342
1042 0 0 0 11.341506033204496
1043 0 0 0 14.38875705935061
1044 0 0 0 19.592597032897174
1045 0 0 0 15.708049992099404
1046 0 0 0 10.196049930527806
1047 0 0 0 11.602671933360398
1048 0 0 0 17.914846073836088
1049 0 0 0 5.43120305519551
1050 0 0 0 14.606268960051239
1051 0 0 0 4.552114987745881
1052 0 0 0 5.2059669978916645
1053 0 0 0 7.709605037234724
1054 0 0 0 15.809130039997399
1055 0 0 0 7.916274014860392
1056 0 0 0 16.296823974698782
1057 0 0 0 9.966669022105634
1058 0 0 0 9.92062606383115
1059 0 0 0 17.33695704024285
1060 0 0 0 17.976890900172293
1061 0 0 0 6.808527046814561
1062 0 0 0 17.93036807794124
1063 0 0 0 5.258935038000345
1064 0 0 0 9.99476492870599
1065 0 0 0 6.904801004566252
1066 0 0 0 16.055293031968176
1067 0 0 0 14.637473970651627
1068 0 0 0 11.653681052848697
1069 0 0 0 4.748074919916689
1070 0 0 0 5.414740997366607
1071 0 0 0 11.591530055738986
1072 0 0 0 5.370803060941398
1073 0 0 0 17.85709406249225
1074 0 0 0 4.286288050934672
1075 0 0 0 18.49750301335007
1076 0 0 0 10.960903950035572
1077 0 0 0 11.429753038100898
1078 0 0 0 15.457820030860603
1079 0 0 0 17.796851927414536
1080 0 0 0 14.279989060014486
1081 0 0 0 10.071916040033102
1082 0 0 0 11.16793102119118
1083 0 0 0 11.158194043673575
1084 0 0 0 15.636355034075677
1085 0 0 0 13.872585026547313
1086 0 0 0 17.395288101397455
1087 0 0 0 5.24419907014817
1088 0 0 0 8.173841051757336
1089 0 0 0 17.8690729662776
1090 0 0 0 4.180916002951562
1091 0 0 0 18.118184991180897
1092 0 0 0 8.087569964118302
1093 0 0 0 8.044778951443732
1094 0 0 0 11.305270018056035
1095 0 0 0 15.634572017006576
1096 0 0 0 7.0844030706211925
1097 0 0 0 5.370951956138015
1098 0 0 0 10.346630006097257
1099 0 0 0 8.454108028672636
1100 0 0 0 17.88685703650117
1101 0 0 0 11.614202987402678
1102 0 0 0 16.131357057020068
1103 0 0 0 14.075657934881747
1104 0 0 0 9.93230298627168
1105 0 0 0 11.34476496372372
1106 0 0 0 14.203647035174072
1107 0 0 0 15.66937705501914
1108 0 0 0 10.13348693959415
1109 0 0 0 4.217433976009488
1110 0 0 0 4.049533046782017
1111 0 0 0 21.42568409908563
1112 0 0 0 17.917447024956346
1113 0 0 0 10.021825088188052
1114 0 0 0 17.358346027322114
1115 0 0 0 11.190445977263153
1116 0 0 0 14.665198046714067
1117 0 0 0 4.519394016824663
1118 0 0 0 15.445969067513943
1119 0 0 0 14.01755993720144
1120 0 0 0 11.205562041141093
1121 0 0 0 14.731302973814309
1122 0 0 0 6.994561059400439
1123 0 0 0 15.572211006656289
1124 0 0 0 10.13171800877899
1125 0 0 0 11.23294304125011
1126 0 0 0 17.52413297072053
1127 0 0 0 11.274021933786571
1128 0 0 0 5.233364994637668
1129 0 0 0 15.665939077734947
1130 0 0 0 10.586110991425812
1131 0 0 0 18.70432693976909
1132 0 0 0 16.230462002567947
1133 0 0 0 11.532307020388544
1134 0 0 0 7.98406102694571
1135 0 0 0 16.085484996438026
1136 0 0 0 5.4355739848688245
1137 0 0 0 16.125126974657178
1138 0 0 0 17.37534604035318
1139 0 0 0 18.130928045138717
1140 0 0 0 8.14233801793307
1141 0 0 0 16.932629980146885
1142 0 0 0 17.48778799083084
1143 0 0 0 14.138657948933542
1144 0 0 0 16.028227983042598
1145 0 0 0 13.986052945256233
1146 0 0 0 11.887221946381032
1147 0 0 0 14.603652991354465
1148 0 0 0 17.90522993542254
1149 0 0 0 14.422990963794291
1150 0 0 0 7.027529994957149
1151 0 0 0 16.217339085415006
1152 0 0 0 16.134755918756127
1153 0 0 0 16.005220939405262
1154 0 0 0 18.476319033652544
1155 0 0 0 18.656313070096076
1156 0 0 0 16.625088057480752
1157 0 0 0 16.67971594724804
1158 0 0 0 10.738507029600441
1159 0 0 0 16.149281058460474
1160 0 0 0 11.644913000054657
1161 0 0 0 18.21968995500356
1162 0 0 0 16.135244048200548
1163 0 0 0 16.058710985817015
1164 0 0 0 15.661424025893211
1165 0 0 0 5.1523069851100445
1166 0 0 0 23.816147935576737
1167 0 0 0 7.804046967066824
1168 0 0 0 13.00122996326536
1169 0 0 0 13.227409915998578
1170 0 0 0 24.063879041932523
1171 0 0 0 7.666458026506007
1172 0 0 0 15.627646003849804
1173 0 0 0 18.809228902682662
1174 0 0 0 23.71139801107347
1175 0 0 0 13.143854099325836
1176 0 0 0 21.82384894695133
1177 0 0 0 18.10593600384891
1178 0 0 0 16.562169999815524
1179 0 0 0 16.295403940603137
1180 0 0 0 21.147969062440097
1181 0 0 0 6.372518022544682
1182 0 0 0 8.556577959097922
1183 0 0 0 9.28935396950692
1184 0 0 0 11.603856924921274
1185 0 0 0 9.156489046290517
1186 0 0 0 7.912105997093022
1187 0 0 0 5.2274930058047175
1188 0 0 0 13.12290399800986
1189 0 0 0 9.473444893956184
1190 0 0 0 19.789170008152723
1191 0 0 0 17.977599054574966
1192 0 0 0 19.671417074277997
1193 0 0 0 6.012776982970536
1194 0 0 0 20.089335972443223
1195 0 0 0 19.562827073968947
1196 0 0 0 7.78185308445245
1197 0 0 0 12.799899908713996
1198 0 0 0 19.358018063940108
1199 0 0 0 9.16007801424712
1200 0 0 0 16.438815975561738
1201 0 0 0 9.010856039822102
1202 0 0 0 6.0412009479478
1203 0 0 0 6.022565998136997
1204 0 0 0 16.92168600857258
1205 0 0 0 19.111875910311937
1206 0 0 0 14.426306006498635
1207 0 0 0 18.059507943689823
1208 0 0 0 11.7127780104056
1209 0 0 0 6.77629595156759
1210 0 0 0 17.415467998944223
1211 0 0 0 11.510364012792706
1212 0 0 0 10.128151974640787
1213 0 0 0 10.871751001104712
1214 0 0 0 7.000061916187406
1215 0 0 0 7.49989808537066
1216 0 0 0 16.293067950755358
1217 0 0 0 14.193231938406825
1218 0 0 0 17.39862293470651
1219 0 0 0 15.006534988060594
1220 0 0 0 6.908038980327547
1221 0 0 0 14.560800045728683
1222 0 0 0 16.162608982995152
1223 0 0 0 14.14852892048657
1224 0 0 0 11.201148037798703
1225 0 0 0 12.143907020799816
1226 0 0 0 14.357737032696605
1227 0 0 0 10.077273938804865
1228 0 0 0 6.817240035161376
1229 0 0 0 10.88202791288495
1230 0 0 0 16.677720937877893
1231 0 0 0 16.049482044763863
1232 0 0 0 18.459432991221547
1233 0 0 0 16.099436092190444
1234 0 0 0 16.167952097021043
1235 0 0 0 17.91633991524577
1236 0 0 0 7.8220289433375
1237 0 0 0 17.337566940113902
1238 0 0 0 7.359493058174849
1239 0 0 0 18.072086037136614
1240 0 0 0 14.296420034952462
1241 0 0 0 6.854942999780178
1242 0 0 0 8.486856007948518
1243 0 0 0 7.910335902124643
1244 0 0 0 11.415097978897393
1245 0 0 0 17.792611964978278
1246 0 0 0 17.936742049641907
1247 0 0 0 7.01958395075053
1248 0 0 0 11.464205104857683
1249 0 0 0 14.749780995771289
1250 0 0 0 11.246276902966201
1251 0 0 0 4.544643918052316
1252 0 0 0 4.639266990125179
1253 0 0 0 19.031984033063054
1254 0 0 0 7.913669920526445
1255 0 0 0 5.27814996894449
1256 0 0 0 11.29113300703466
1257 0 0 0 14.419441926293075
1258 0 0 0 14.09581198822707
1259 0 0 0 11.26137503888458
1260 0 0 0 7.58884591050446
1261 0 0 0 16.025505028665066
1262 0 0 0 7.05139699857682
1263 0 0 0 16.343386028893292
1264 0 0 0 16.404266003519297
1265 0 0 0 11.42934407107532
1266 0 0 0 7.056398084387183
1267 0 0 0 11.281638988293707
1268 0 0 0 11.28216995857656
1269 0 0 0 36.46043303888291
1270 0 0 0 46.78587196394801
1271 0 0 0 48.10888099018484
1272 0 0 0 34.04244501143694
1273 0 0 0 27.279642992652953
1274 0 0 0 47.05052403733134
1275 0 0 0 28.177432948723435
1276 0 0 0 32.59360301308334
1277 0 0 0 40.14176200143993
1278 0 0 0 23.22895498946309
1279 0 0 0 34.26327102351934
1280 0 0 0 28.256665915250778
1281 0 0 0 32.36546297557652
1282 0 0 0 27.134316973388195
1283 0 0 0 26.910835993476212
1284 0 0 0 21.71212004031986
1285 0 0 0 17.620936036109924
1286 0 0 0 31.153938034549356
1287 0 0 0 38.57304097618908
1288 0 0 0 38.67431893013418
1289 0 0 0 40.35757400561124
1290 0 0 0 39.192458032630384
1291 0 0 0 40.7605190994218
1292 0 0 0 33.26684900093824
1293 0 0 0 45.74678291101009
1294 0 0 0 32.509383046999574
1295 0 0 0 43.486212962307036
1296 0 0 0 26.906808023341
1297 0 0 0 37.8930609440431
1298 0 0 0 37.11284103337675
1299 0 0 0 28.32817705348134
1300 0 0 0 32.08551800344139
1301 0 0 0 38.29088993370533
1302 0 0 0 23.106092936359346
1303 0 0 0 36.92848503123969
1304 0 0 0 32.48975006863475
1305 0 0 0 33.43261999543756
1306 0 0 0 34.1784319607541
1307 0 0 0 34.59114697761834
1308 0 0 0 32.3799840407446
1309 0 0 0 42.99949202686548
1310 0 0 0 22.71563105750829
1311 0 0 0 38.499371032230556
1312 0 0 0 33.04169897455722
1313 0 0 0 35.91877408325672
1314 0 0 0 21.392420982010663
1315 0 0 0 20.386751042678952
1316 0 0 0 20.85243002511561
1317 0 0 0 32.789507997222245
1318 0 0 0 44.19941909145564
1319 0 0 0 38.06742397136986
1320 0 0 0 38.72821305412799
1321 0 0 0 38.295952952466905
1322 0 0 0 32.40716806612909
1323 0 0 0 39.12164701614529
1324 0 0 0 28.770887991413474
1325 0 0 0 41.04202496819198
1326 0 0 0 31.487383064813912
1327 0 0 0 39.956996915861964
1328 0 0 0 41.60652298014611
1329 0 0 0 39.014320936985314
1330 0 0 0 28.851808048784733
1331 0 0 0 39.36852409970015
1332 0 0 0 33.88283005915582
1333 0 0 0 21.878466941416264
1334 0 0 0 32.80981502030045
1335 0 0 0 32.672379980795085
1336 0 0 0 33.79326197318733
1337 0 0 0 20.570300985127687
1338 0 0 0 27.6863279286772
1339 0 0 0 22.042124066501856
1340 0 0 0 32.26516593713313
1341 0 0 0 38.77045994158834
1342 0 0 0 20.46102797612548
1343 0 0 0 22.708976990543306
1344 0 0 0 26.85787796508521
1345 0 0 0 26.781287975609303
1346 0 0 0 37.21234400290996
1347 0 0 0 41.49046295788139
1348 0 0 0 34.37016706448048
1349 0 0 0 30.85361502598971
1350 0 0 0 27.36266003921628
1351 0 0 0 31.63262305315584
1352 0 0 0 22.331779007799923
1353 0 0 0 37.65424701850861
1354 0 0 0 25.787170976400375
1355 0 0 0 41.92153492476791
1356 0 0 0 42.949997005052865
1357 0 0 0 22.27355702780187
1358 0 0 0 38.33713394124061
1359 0 0 0 38.686956046149135
1360 0 0 0 32.76077006012201
1361 0 0 0 38.28171105124056
1362 0 0 0 22.16023299843073
1363 0 0 0 21.664261003024876
1364 0 0 0 39.98224507085979
1365 0 0 0 21.930090966634452
1366 0 0 0 34.242909983731806
1367 0 0 0 38.793565006926656
1368 0 0 0 38.80230896174908
1369 0 0 0 29.262467985972762
1370 0 0 0 28.04644696880132
1371 0 0 0 26.09477797523141
1372 0 0 0 28.97177799604833
1373 0 0 0 35.81042401492596
1374 0 0 0 21.055849036201835
1375 0 0 0 34.1088289860636
1376 0 0 0 38.25700399465859
1377 0 0 0 33.065892988815904
1378 0 0 0 32.73389092646539
1379 0 0 0 26.848474983125925
1380 0 0 0 42.847141972742975
1381 0 0 0 33.34180801175535
1382 0 0 0 20.60764899943024
1383 0 0 0 20.770196919329464
1384 0 0 0 31.686280970461667
1385 0 0 0 35.733378026634455
1386 0 0 0 28.48615008406341
1387 0 0 0 21.266609081067145
1388 0 0 0 28.886106912977993
1389 0 0 0 34.58755393512547
1390 0 0 0 20.771843031980097
1391 0 0 0 31.139574944972992
1392 0 0 0 26.422391994856298
1393 0 0 0 38.000751985237
1394 0 0 0 28.972956002689898
1395 0 0 0 26.343473931774497
1396 0 0 0 21.65657700970769
1397 0 0 0 32.17828297056258
1398 0 0 0 27.178318006917834
1399 0 0 0 32.46269596274942
1400 0 0 0 41.48379503749311
1401 0 0 0 36.11016005743295
1402 0 0 0 34.61387904826552
1403 0 0 0 21.929976996034384
1404 0 0 0 29.063701047562063
1405 0 0 0 35.77340405900031
1406 0 0 0 34.700188087299466
1407 0 0 0 37.988882046192884
1408 0 0 0 17.4821550026536
1409 0 0 0 26.23973204754293
1410 0 0 0 27.460434939712286
1411 0 0 0 26.31757501512766
1412 0 0 0 38.15771802328527
1413 0 0 0 28.69768301025033
1414 0 0 0 28.801241074688733
1415 0 0 0 31.699307030066848
1416 0 0 0 39.71644805278629
1417 0 0 0 41.815291973762214
1418 0 0 0 33.80288300104439
1419 0 0 0 26.16162598133087
1420 0 0 0 36.5264069987461
1421 0 0 0 28.73721905052662
1422 0 0 0 42.15777199715376
1423 0 0 0 42.156889918260276
1424 0 0 0 26.525055058300495
1425 0 0 0 42.698499048128724
1426 0 0 0 39.425948983989656
1427 0 0 0 41.24247492291033
1428 0 0 0 28.10330700594932
1429 0 0 0 31.61194804124534
1430 0 0 0 21.07093797530979
1431 0 0 0 26.763468980789185
1432 0 0 0 44.614693033508956
1433 0 0 0 26.282667997293174
1434 0 0 0 22.922100964933634
1435 0 0 0 37.94807696249336
1436 0 0 0 38.76027697697282
1437 0 0 0 37.655988009646535
1438 0 0 0 31.938491971231997
1439 0 0 0 26.454778970219195
1440 0 0 0 40.427248110063374
1441 0 0 0 42.279621004126966
1442 0 0 0 41.44398507196456
1443 0 0 0 32.60487294755876
1444 0 0 0 35.181990009732544
1445 0 0 0 35.51063302438706
1446 0 0 0 22.705056006088853
1447 0 0 0 27.856408967636526
1448 0 0 0 33.15142705105245
1449 0 0 0 31.510320957750082
1450 0 0 0 28.596717049367726
1451 0 0 0 39.2652649898082
1452 0 0 0 38.74092595651746
1453 0 0 0 20.95707389526069
1454 0 0 0 31.89851390197873
1455 0 0 0 31.55328007414937
1456 0 0 0 31.42495290376246
1457 0 0 0 25.979864061810076
1458 0 0 0 39.47924205567688
1459 0 0 0 37.73887793067843
1460 0 0 0 32.35007997136563
1461 0 0 0 34.56228203140199
1462 0 0 0 42.97750897239894
1463 0 0 0 39.014753070659935
1464 0 0 0 35.27819295413792
1465 0 0 0 22.609540028497577
1466 0 0 0 41.728485957719386
1467 0 0 0 23.291687946766615
1468 0 0 0 21.416250965557992
1469 0 0 0 35.913180094212294
1470 0 0 0 35.571785061620176
1471 0 0 0 26.87029994558543
1472 0 0 0 26.286764070391655
1473 0 0 0 36.23064002022147
1474 0 0 0 34.7931960131973
1475 0 0 0 30.942605924792588
1476 0 0 0 34.79484701529145
1477 0 0 0 27.96936803497374
1478 0 0 0 28.18561193998903
1479 0 0 0 21.475753048434854
1480 0 0 0 22.54038501996547
1481 0 0 0 22.500445949845016
1482 0 0 0 26.633276022039354
1483 0 0 0 26.37305296957493
1484 0 0 0 38.28153305221349
1485 0 0 0 39.197423961013556
1486 0 0 0 43.47402602434158
1487 0 0 0 37.7431979868561
1488 0 0 0 37.2448549605906
1489 0 0 0 33.195688971318305
1490 0 0 0 40.41070002131164
1491 0 0 0 20.17365605570376
1492 0 0 0 32.40138106048107
1493 0 0 0 33.70795689988881
1494 0 0 0 32.04612503759563
1495 0 0 0 34.067551023326814
1496 0 0 0 27.39712200127542
1497 0 0 0 33.739332924596965
1498 0 0 0 33.2164668943733
1499 0 0 0 34.81509897392243
1500 0 0 0 34.636697033420205
1501 0 0 0 24.06478102784604
1502 0 0 0 41.5791820269078
1503 0 0 0 31.860479968599975
1504 0 0 0 34.511440084315836
1505 0 0 0 45.28094700071961
1506 0 0 0 33.505504950881004
1507 1 1381857 1.0 31.10968298278749
1508 0 0 0 35.47313599847257
1509 0 0 0 34.75135308690369
1510 0 0 0 32.929782988503575
1511 0 0 0 34.26244808360934
1512 0 0 0 40.50179698970169
1513 0 0 0 33.37939199991524
1514 0 0 0 26.68270794674754
1515 0 0 0 35.5887160403654
1516 0 0 0 32.26749296300113
1517 0 0 0 22.452512057498097
1518 0 0 0 28.249335009604692
1519 0 0 0 35.945286974310875
1520 0 0 0 29.157138080336154
1521 0 0 0 28.280726983211935
1522 0 0 0 21.24968997668475
1523 0 0 0 38.49219693802297
1524 0 0 0 22.204644978046417
1525 0 0 0 35.727126989513636
1526 0 0 0 33.75272499397397
1527 0 0 0 34.629569039680064
1528 0 0 0 35.529759945347905
1529 0 0 0 38.49853505380452
1530 0 0 0 37.969352095387876
1531 0 0 0 38.14823506399989
1532 0 0 0 38.667731918394566
1533 0 0 0 21.10728493425995
1534 0 0 0 20.857173018157482
1535 0 0 0 32.410728046670556
1536 0 0 0 39.77396199479699
1537 0 0 0 22.38112804479897
1538 0 0 0 34.626854001544416
1539 0 0 0 21.1448329500854
1540 0 0 0 39.3406730145216
1541 0 0 0 34.80190294794738
1542 0 0 0 32.57050598040223
1543 0 0 0 36.22378304135054
1544 0 0 0 40.17811606172472
1545 0 0 0 38.47673395648599
1546 0 0 0 20.915608969517052
1547 0 0 0 34.51464301906526
1548 0 0 0 39.18107692152262
1549 0 0 0 23.387210094369948
1550 0 0 0 38.77556894440204
1551 0 0 0 32.968672923743725
1552 0 0 0 39.31632300373167
1553 0 0 0 40.43331602588296
1554 0 0 0 21.37154305819422
1555 0 0 0 32.46843290980905
1556 0 0 0 35.64304194878787
1557 0 0 0 21.76816004794091
1558 0 0 0 39.75908493157476
1559 0 0 0 27.095812954939902
1560 0 0 0 34.609559923410416
1561 0 0 0 38.194373017176986
1562 0 0 0 31.72087704297155
1563 0 0 0 42.015315964818
1564 0 0 0 39.271004032343626
1565 0 0 0 23.786590085364878
1566 0 0 0 40.03103298600763
1567 0 0 0 20.90581296943128
1568 0 0 0 34.270392963662744
1569 0 0 0 38.243385031819344
1570 0 0 0 20.978430984541774
1571 0 0 0 22.69450598396361
1572 0 0 0 27.86133496556431
1573 0 0 0 32.260393956676126
1574 0 0 0 38.79501495976001
1575 0 0 0 22.616053000092506
1576 0 0 0 31.185742001980543
1577 0 0 0 35.02588695846498
1578 0 0 0 33.83814706467092
1579 0 0 0 26.62946202326566
1580 0 0 0 30.235665035434067
1581 0 0 0 32.47590095270425
1582 0 0 0 21.890331991016865
1583 0 0 0 32.91374794207513
1584 0 0 0 42.2190660610795
1585 0 0 0 35.18772905226797
1586 0 0 0 21.152476081624627
1587 0 0 0 34.44323397707194
1588 0 0 0 25.928576942533255
1589 0 0 0 32.050207955762744
1590 0 0 0 37.47288300655782
1591 0 0 0 23.460036027245224
1592 0 0 0 28.752541984431446
1593 0 0 0 40.99725291598588
1594 0 0 0 39.64304702822119
1595 0 0 0 27.669542003422976
1596 0 0 0 33.0955550307408
1597 0 0 0 42.95564291533083
1598 0 0 0 41.54559597373009
1599 0 0 0 38.56736503075808
1600 0 0 0 36.117387004196644
1601 0 0 0 42.79093991499394
1602 0 0 0 32.79044106602669
1603 0 0 0 33.13291701488197
1604 0 0 0 26.32768894545734
1605 0 0 0 22.347068996168673
1606 0 0 0 23.4058890491724
1607 0 0 0 40.488903992809355
1608 0 0 0 31.343549955636263
1609 0 0 0 31.913949991576374
1610 0 0 0 34.16647401172668
1611 0 0 0 26.272929972037673
1612 0 0 0 39.72117800731212
1613 0 0 0 28.643844998441637
1614 0 0 0 40.56475998368114
1615 0 0 0 21.16697793826461
1616 0 0 0 21.111525944434106
1617 0 0 0 42.16768697369844
1618 0 0 0 38.16402703523636
1619 0 0 0 39.70351000316441
1620 0 0 0 35.59297602623701
1621 0 0 0 23.009253898635507
1622 0 0 0 21.008029929362237
1623 0 0 0 34.84824195038527
1624 0 0 0 20.84906492382288
1625 0 0 0 20.682137925177813
1626 0 0 0 38.27937797177583
1627 0 0 0 34.984538913704455
1628 0 0 0 22.424514056183398
1629 0 0 0 32.809054013341665
1630 0 0 0 35.36960808560252
1631 0 0 0 40.52935400977731
1632 0 0 0 43.56353299226612
1633 0 0 0 37.85563795827329
1634 0 0 0 41.23313003219664
1635 0 0 0 38.66029204800725
1636 0 0 0 22.91627402883023
1637 0 0 0 41.94510297384113
1638 0 0 0 27.102317078970373
1639 0 0 0 36.23187495395541
1640 0 0 0 22.67416601534933
1641 0 0 0 21.16825699340552
1642 0 0 0 35.09833198040724
1643 0 0 0 31.345767085440457
1644 0 0 0 37.94677404221147
1645 0 0 0 28.149439953267574
1646 0 0 0 39.40233902540058
1647 0 0 0 42.85958595573902
1648 0 0 0 26.96702105458826
1649 0 0 0 39.388832985423505
1650 0 0 0 34.631505026482046
1651 0 0 0 41.26345692202449
1652 0 0 0 34.26676907110959
1653 0 0 0 31.565177021548152
1654 0 0 0 23.830546997487545
1655 0 0 0 39.11502694245428
1656 0 0 0 41.89908399712294
1657 0 0 0 25.99112701136619
1658 0 0 0 42.3700709361583
1659 0 0 0 35.38663196377456
1660 0 0 0 23.20016804151237
1661 0 0 0 41.70834203250706
1662 0 0 0 23.36722891777754
1663 0 0 0 23.148027015849948
1664 0 0 0 23.276136023923755
1665 0 0 0 41.90614796243608
1666 0 0 0 20.85802797228098
1667 0 0 0 39.89875002298504
1668 0 0 0 20.87893895804882
1669 0 0 0 32.69876400008798
1670 0 0 0 29.87973508425057
1671 0 0 0 34.424150944687426
1672 0 0 0 37.27683098986745
1673 0 0 0 21.29507903009653
1674 0 0 0 22.758216015063226
1675 0 0 0 33.07145996950567
1676 0 0 0 28.87635410297662
1677 0 0 0 34.03956606052816
1678 0 0 0 37.24838502239436
1679 0 0 0 33.87659799773246
1680 0 0 0 37.70008706487715
1681 0 0 0 27.40629599429667
1682 0 0 0 41.962477029301226
1683 0 0 0 32.814442995004356
1684 0 0 0 39.261808968149126
1685 0 0 0 34.69981101807207
1686 0 0 0 27.14002097491175
1687 0 0 0 39.06231594737619
1688 0 0 0 25.551507947966456
1689 0 0 0 27.98896306194365
1690 0 0 0 38.84002100676298
1691 0 0 0 21.717356983572245
1692 0 0 0 31.94458596408367
1693 0 0 0 34.965871018357575
1694 0 0 0 21.298656007274985
1695 0 0 0 45.43659696355462
1696 0 0 0 39.338981034234166
1697 0 0 0 40.55094497743994
1698 0 0 0 36.21546004433185
1699 0 0 0 41.56055406201631
1700 0 0 0 34.83637794852257
1701 0 0 0 39.032296044752
1702 0 0 0 36.003250046633184
1703 0 0 0 31.584017910063267
1704 0 0 0 34.80363904964179
1705 0 0 0 37.90405800100416
1706 0 0 0 33.044732990674675
1707 0 0 0 42.662714957259595
1708 0 0 0 28.563810046762228
1709 0 0 0 40.00180901493877
1710 0 0 0 32.45357796549797
1711 0 0 0 38.43312000390142
1712 0 0 0 28.788975905627012
1713 0 0 0 40.044628898613155
1714 0 0 0 38.45048195216805
1715 0 0 0 35.99469701293856
1716 0 0 0 46.724872081540525
1717 0 0 0 23.204367025755346
1718 0 0 0 25.553144980221987
1719 0 0 0 44.084817986004055
1720 0 0 0 28.601241996511817
1721 0 0 0 17.4761270172894
1722 0 0 0 32.0639229612425
1723 0 0 0 22.089061909355223
1724 0 0 0 34.72124401014298
1725 0 0 0 39.885422913357615
1726 0 0 0 32.03964000567794
1727 0 0 0 40.464307996444404
1728 0 0 0 39.90203398279846
1729 0 0 0 35.77547403983772
1730 0 0 0 23.454277077689767
1731 0 0 0 26.33735490962863
1732 0 0 0 42.80182404909283
1733 0 0 0 23.602804052643478
1734 0 0 0 33.9680319884792
1735 0 0 0 23.17592897452414
1736 0 0 0 22.619504015892744
1737 0 0 0 27.893655002117157
1738 0 0 0 26.602983009070158
1739 0 0 0 39.50302698649466
1740 0 0 0 26.431306032463908
1741 0 0 0 41.35729395784438
1742 0 0 0 20.931108971126378
1743 0 0 0 27.801991091109812
1744 0 0 0 26.19760495144874
1745 0 0 0 31.38377401046455
1746 0 0 0 36.56536003109068
1747 0 0 0 28.45865802373737
1748 0 0 0 39.26661191508174
1749 0 0 0 32.38739201333374
1750 0 0 0 41.33321705739945
1751 0 0 0 33.82061899174005
1752 0 0 0 27.828647987917066
1753 0 0 0 35.29837599489838
1754 0 0 0 28.444458032026887
1755 0 0 0 33.632174017839134
1756 0 0 0 36.050379974767566
1757 0 0 0 42.68620093353093
1758 0 0 0 40.07621307391673
1759 0 0 0 37.50714799389243
1760 0 0 0 38.45388698391616
1761 0 0 0 29.778886935673654
1762 0 0 0 26.723586954176426
1763 0 0 0 28.819447034038603
1764 0 0 0 47.90760495234281
1765 0 0 0 40.950251976028085
1766 0 0 0 49.2759479675442
1767 0 0 0 39.40726490691304
1768 0 0 0 49.38647407107055
1769 0 0 0 48.270990955643356
1770 0 0 0 48.703379929065704
1771 0 0 0 44.45344803389162
1772 0 0 0 47.25149506703019
1773 0 0 0 47.376931994222105
1774 0 0 0 52.584740915335715
1775 0 0 0 45.70138896815479
1776 0 0 0 42.24959295243025
1777 0 0 0 45.678555965423584
1778 0 0 0 47.991326078772545
1779 0 0 0 48.23571001179516
1780 0 0 0 42.720981989987195
1781 0 0 0 49.52934791799635
1782 0 0 0 45.34730897285044
1783 0 0 0 46.06284399051219
1784 0 0 0 44.35957095120102
1785 0 0 0 46.2491218931973
1786 0 0 0 47.56793100386858
1787 0 0 0 49.39779092092067
1788 0 0 0 44.883413007482886
1789 0 0 0 50.078999949619174
1790 0 0 0 44.920871034264565
1791 0 0 0 51.489603938534856
1792 0 0 0 43.37717907037586
1793 0 0 0 43.557859025895596
1794 0 0 0 48.49362501408905
1795 0 0 0 47.56257392000407
1796 0 0 0 46.854841988533735
1797 0 0 0 51.80301400832832
1798 0 0 0 47.15551494155079
1799 0 0 0 47.76484693866223
1800 0 0 0 48.267576028592885
1801 0 0 0 49.54872094094753
1802 0 0 0 47.25971294101328
1803 0 0 0 56.187469977885485
1804 0 0 0 58.24760103132576
1805 0 0 0 46.16465698927641
1806 0 0 0 50.41781801264733
1807 0 0 0 48.27499308157712
1808 0 0 0 52.97835008241236
1809 0 0 0 51.03786790277809
1810 0 0 0 49.58136798813939
1811 0 0 0 55.78724399674684
1812 0 0 0 60.069025959819555
1813 0 0 0 52.386168972589076
1814 0 0 0 50.38398504257202
1815 0 0 0 46.74636106938124
1816 0 0 0 48.52323909290135
1817 0 0 0 47.662514029070735
1818 0 0 0 46.838399954140186
1819 0 0 0 44.23303110525012
1820 0 0 0 41.94150399416685
1821 0 0 0 44.13398704491556
1822 0 0 0 46.86734196729958
1823 0 0 0 48.28865604940802
1824 0 0 0 50.75459799263626
1825 0 0 0 48.06821793317795
1826 0 0 0 46.98519001249224
1827 0 0 0 53.185728029347956
1828 0 0 0 49.506666022352874
1829 0 0 0 49.606697051785886
1830 0 0 0 47.11541102733463
1831 0 0 0 52.51764308195561
1832 0 0 0 47.322450089268386
1833 0 0 0 51.85253394301981
1834 0 0 0 46.23670200817287
1835 0 0 0 46.432228991761804
1836 0 0 0 48.201092053204775
1837 0 0 0 50.075183040462434
1838 0 0 0 55.437504895962775
1839 0 0 0 49.858567072078586
1840 0 0 0 53.74018498696387
1841 0 0 0 42.099857004359365
1842 0 0 0 51.32239998783916
1843 0 0 0 45.93585303518921
1844 0 0 0 42.82158694695681
1845 0 0 0 48.52030600886792
1846 0 0 0 47.90417500771582
1847 0 0 0 42.18880191911012
1848 0 0 0 48.497957992367446
1849 0 0 0 47.16550000011921
1850 0 0 0 46.711860108189285
1851 0 0 0 48.790507949888706
1852 0 0 0 45.65543995704502
1853 0 0 0 44.02387305162847
1854 0 0 0 44.29555300157517
1855 0 0 0 48.57293609529734
1856 0 0 0 49.01041300036013
1857 0 0 0 48.836290021426976
1858 0 0 0 49.354630056768656
1859 0 0 0 50.31960306223482
1860 0 0 0 46.71503300778568
1861 0 0 0 45.488078030757606
1862 0 0 0 45.392879052087665
1863 0 0 0 41.876143077388406
1864 0 0 0 47.063826001249254
1865 0 0 0 43.77898096572608
1866 0 0 0 47.22325108014047
1867 0 0 0 45.805928064510226
1868 0 0 0 49.009467009454966
1869 0 0 0 48.380882013589144
1870 0 0 0 47.81345697119832
1871 0 0 0 51.72315810341388
1872 0 0 0 54.548139101825655
1873 0 0 0 54.4717509765178
1874 0 0 0 48.388945986516774
1875 0 0 0 50.84345198702067
1876 0 0 0 49.31013903114945
1877 0 0 0 50.82006100565195
1878 0 0 0 48.37416997179389
1879 0 0 0 50.2961139427498
1880 0 0 0 44.15932099800557
1881 0 0 0 50.509638036601245
1882 0 0 0 50.27131794486195
1883 0 0 0 51.04955192655325
1884 0 0 0 45.453426078893244
1885 0 0 0 42.43155801668763
1886 0 0 0 47.93334903661162
1887 0 0 0 57.355583063326776
1888 0 0 0 51.37576593551785
1889 0 0 0 53.55012998916209
1890 0 0 0 53.62340004649013
1891 0 0 0 55.500373942777514
1892 0 0 0 51.76478705834597
1893 0 0 0 52.97496006824076
1894 0 0 0 48.90235001221299
1895 0 0 0 48.7308589508757
1896 0 0 0 43.02300501149148
1897 0 0 0 47.986407997086644
1898 0 0 0 50.54905195720494
1899 0 0 0 50.573806976899505
1900 0 0 0 54.79259591083974
1901 0 0 0 53.54936292860657
1902 0 0 0 59.41439408343285
1903 0 0 0 50.88022106792778
1904 0 0 0 51.90050997771323
1905 0 0 0 44.21677498612553
1906 0 0 0 45.35127698909491
1907 0 0 0 52.48223303351551
1908 0 0 0 54.08210400491953
1909 0 0 0 54.42827602382749
1910 0 0 0 53.521628957241774
1911 0 0 0 58.048104983754456
1912 0 0 0 48.68598107714206
1913 0 0 0 42.28339099790901
1914 0 0 0 44.174605049192905
1915 0 0 0 47.29435301851481
1916 0 0 0 45.5560419941321
1917 0 0 0 50.92200392391533
1918 0 0 0 51.50012206286192
1919 0 0 0 47.862556064501405
1920 0 0 0 47.97991702798754
1921 0 0 0 45.88765499647707
1922 0 0 0 51.03882704861462
1923 0 0 0 48.93076000735164
1924 0 0 0 43.51146100088954
1925 0 0 0 41.99258389417082
1926 0 0 0 41.599649004638195
1927 0 0 0 50.890402984805405
1928 0 0 0 44.80327304918319
1929 0 0 0 45.89393408969045
1930 0 0 0 47.64065204653889
1931 0 0 0 46.82375700213015
1932 0 0 0 47.6679690182209
1933 0 0 0 48.67034207563847
1934 0 0 0 50.688915071077645
1935 0 0 0 47.69335000310093
1936 0 0 0 50.852798973210156
1937 0 0 0 52.079976070672274
1938 0 0 0 47.7486839517951
1939 0 0 0 50.153390038758516
1940 0 0 0 47.751898993737996
1941 0 0 0 46.32081196177751
1942 0 0 0 49.269664101302624
1943 0 0 0 47.29235509876162
1944 0 0 0 50.69071892648935
1945 0 0 0 43.5536130098626
1946 0 0 0 48.00445097498596
1947 0 0 0 46.98161000851542
1948 0 0 0 45.25147704407573
1949 0 0 0 49.3912500096485
1950 0 0 0 46.21796100400388
1951 0 0 0 46.260770061053336
1952 0 0 0 43.442264082841575
1953 0 0 0 45.51396402530372
1954 0 0 0 51.18410591967404
1955 0 0 0 46.77092004567385
1956 0 0 0 47.697948990389705
1957 0 0 0 47.010240028612316
1958 0 0 0 43.82184299174696
1959 0 0 0 48.9477050723508
1960 0 0 0 46.36599600780755
1961 0 0 0 49.04505901504308
1962 0 0 0 43.482756009325385
1963 0 0 0 45.33321806229651
1964 0 0 0 49.959030002355576
1965 0 0 0 46.76077200565487
1966 0 0 0 50.31453899573535
1967 0 0 0 50.34623097162694
1968 0 0 0 46.88800603616983
1969 0 0 0 51.36023706290871
1970 0 0 0 46.92481004167348
1971 0 0 0 48.14840492326766
1972 0 0 0 46.74152994994074
1973 0 0 0 49.34609495103359
1974 0 0 0 44.038507039658725
1975 0 0 0 44.213193003088236
1976 0 0 0 47.7482529822737
1977 0 0 0 50.05700699985027
1978 0 0 0 46.93267401307821
1979 0 0 0 48.10104100033641
1980 0 0 0 47.59849398396909
1981 0 0 0 45.679140952415764
1982 0 0 0 49.97355898376554
1983 0 0 0 51.21018795762211
1984 0 0 0 43.51423308253288
1985 0 0 0 46.090290998108685
1986 0 0 0 49.97998394537717
1987 0 0 0 47.71559895016253
1988 0 0 0 51.158938091248274
1989 0 0 0 46.331380028277636
1990 0 0 0 43.32100204192102
1991 0 0 0 48.23918407782912
1992 0 0 0 42.25032904651016
1993 0 0 0 46.916643041186035
1994 0 0 0 49.586336011998355
1995 0 0 0 48.09353803284466
1996 0 0 0 44.50773703865707
1997 0 0 0 42.94414899777621
1998 0 0 0 43.275505071505904
1999 0 0 0 54.41436101682484
2000 0 0 0 47.23479598760605
2001 0 0 0 44.066310045309365
2002 0 0 0 46.53073102235794
2003 0 0 0 49.78219489566982
2004 0 0 0 51.365655031986535
2005 0 0 0 47.49622102826834
2006 0 0 0 49.01433095801622
2007 0 0 0 46.3997790357098
2008 0 0 0 45.281278900802135
2009 0 0 0 46.57687898725271
2010 0 0 0 44.280144036747515
2011 0 0 0 44.51815993525088
2012 0 0 0 47.07785998471081
2013 0 0 0 47.61657305061817
2014 0 0 0 42.669475078582764
2015 0 0 0 46.614428982138634
2016 0 0 0 54.10144699271768
2017 0 0 0 44.841334922239184
2018 0 0 0 47.95334301888943
2019 0 0 0 44.047660077922046
2020 0 0 0 51.93954799324274
2021 0 0 0 56.71414302196354
2022 0 0 0 47.486106981523335
2023 0 0 0 42.189282015897334
2024 0 0 0 45.56003899779171
2025 0 0 0 45.95679708290845
2026 0 0 0 49.71875005867332
2027 0 0 0 49.41052000503987
2028 0 0 0 44.697633013129234
2029 0 0 0 46.344600967131555
2030 0 0 0 47.669077990576625
2031 0 0 0 51.58206901978701
2032 0 0 0 47.31937404721975
2033 0 0 0 47.696875990368426
2034 0 0 0 46.49993998464197
2035 0 0 0 43.990681995637715
2036 0 0 0 53.648537024855614
2037 0 0 0 49.66347897425294
2038 0 0 0 47.84458607900888
2039 0 0 0 49.928404041565955
2040 0 0 0 45.30520597472787
2041 0 0 0 46.650653006508946
2042 0 0 0 50.84102100227028
2043 0 0 0 48.457680037245154
2044 0 0 0 42.23075998015702
2045 0 0 0 47.788248979486525
2046 0 0 0 41.45986493676901
2047 0 0 0 46.63379199337214
2048 0 0 0 50.32322707120329
2049 0 0 0 48.1955090072006
2050 0 0 0 45.83898093551397
2051 0 0 0 44.79670396540314
2052 0 0 0 42.18386404681951
2053 0 0 0 51.9301169551909
2054 0 0 0 45.873205992393196
2055 0 0 0 44.580230955034494
2056 0 0 0 47.724665026180446
2057 0 0 0 46.611502999439836
2058 0 0 0 52.05815902445465
2059 0 0 0 46.91031505353749
2060 0 0 0 45.65906303469092
2061 0 0 0 47.4149570800364
2062 0 0 0 46.34027602151036
2063 0 0 0 42.372731026262045
2064 0 0 0 44.88364001736045
2065 0 0 0 49.41010498441756
2066 0 0 0 44.77503802627325
2067 0 0 0 44.40603498369455
2068 0 0 0 46.565869939513505
2069 0 0 0 46.40165902674198
2070 0 0 0 50.541864009574056
2071 0 0 0 47.55873803514987
2072 0 0 0 47.36954299733043
2073 0 0 0 46.37811507564038
2074 0 0 0 45.60901096556336
2075 0 0 0 46.96933599188924
2076 0 0 0 49.644040991552174
2077 0 0 0 48.5359689919278
2078 0 0 0 45.33364705275744
2079 0 0 0 43.807271984405816
2080 0 0 0 48.169772955588996
2081 0 0 0 48.25944092590362
2082 0 0 0 49.71514700446278
2083 0 0 0 40.27478594798595
2084 0 0 0 43.64315501879901
2085 0 0 0 46.39905202202499
2086 0 0 0 48.26221300754696
2087 0 0 0 50.31642003450543
2088 0 0 0 56.988318101502955
2089 0 0 0 47.142004943452775
2090 0 0 0 47.00673301704228
2091 0 0 0 45.294958050362766
2092 0 0 0 47.84778493922204
2093 0 0 0 47.524740104563534
2094 0 0 0 54.817836033180356
2095 0 0 0 46.50110297370702
2096 0 0 0 48.887709970586
2097 0 0 0 47.51315200701356
2098 0 0 0 48.01601590588689
2099 0 0 0 44.05489505734295
2100 0 0 0 45.62605801038444
2101 0 0 0 41.752040036953986
2102 0 0 0 47.12399700656533
2103 0 0 0 47.05147200729698
2104 0 0 0 43.77994092646986
2105 0 0 0 46.43341002520174
2106 0 0 0 44.64433097746223
2107 0 0 0 43.76644000876695
2108 0 0 0 43.95347402896732
2109 0 0 0 49.29114505648613
2110 0 0 0 47.907607979141176
2111 0 0 0 46.38771992176771
2112 0 0 0 44.74158794619143
2113 0 0 0 52.320788032375276
2114 0 0 0 47.416585963219404
2115 0 0 0 46.78958107251674
2116 0 0 0 48.834998975507915
2117 0 0 0 50.20622396841645
2118 0 0 0 44.838404981419444
2119 0 0 0 42.66538005322218
2120 0 0 0 44.92505092639476
2121 0 0 0 44.112356030382216
2122 0 0 0 46.30203009583056
2123 0 0 0 44.85807195305824
2124 0 0 0 47.03967599198222
2125 0 0 0 48.22746699210256
2126 0 0 0 47.601180034689605
2127 0 0 0 44.04151195194572
2128 0 0 0 45.61682103667408
2129 0 0 0 50.14914902858436
2130 0 0 0 49.74533501081169
2131 0 0 0 48.615431995131075
2132 0 0 0 45.89820001274347
2133 0 0 0 44.532874948345125
2134 0 0 0 52.3880620021373
2135 0 0 0 49.82246505096555
2136 0 0 0 46.505113947205245
2137 0 0 0 46.290689962916076
2138 0 0 0 44.663656037300825
2139 0 0 0 46.04626598302275
2140 0 0 0 46.48950800765306
2141 0 0 0 45.79599795397371
2142 0 0 0 46.385180903598666
2143 0 0 0 44.41302898339927
2144 0 0 0 47.770745935849845
2145 0 0 0 48.67757705505937
2146 0 0 0 49.702688003890216
2147 0 0 0 45.19558197353035
2148 0 0 0 47.07465798128396
2149 0 0 0 47.951126005500555
2150 0 0 0 44.390511931851506
2151 0 0 0 49.33339997660369
2152 0 0 0 44.51679298654199
2153 0 0 0 46.299327979795635
2154 0 0 0 43.86516998056322
2155 0 0 0 45.754236984066665
2156 0 0 0 43.34172105882317
2157 0 0 0 49.15476904716343
2158 0 0 0 48.09443897102028
2159 0 0 0 48.526818049140275
2160 0 0 0 47.53651295322925
2161 0 0 0 45.90083099901676
2162 0 0 0 51.421666983515024
2163 0 0 0 44.31582894176245
2164 0 0 0 46.83098499663174
2165 0 0 0 46.499092946760356
2166 0 0 0 43.25881402473897
2167 0 0 0 46.62676900625229
2168 0 0 0 54.14566199760884
2169 0 0 0 49.04957301914692
2170 0 0 0 42.15994698461145
2171 0 0 0 49.90150697994977
2172 0 0 0 47.49387805350125
2173 0 0 0 52.743615000508726
2174 0 0 0 46.65179899893701
2175 0 0 0 46.94706201553345
2176 0 0 0 46.71196499839425
2177 0 0 0 47.630714951083064
2178 0 0 0 46.8598649604246
2179 0 0 0 50.37330195773393
2180 0 0 0 48.28669095877558
2181 0 0 0 44.03680900577456
2182 0 0 0 51.871861913241446
2183 0 0 0 47.83646296709776
2184 0 0 0 50.86659092921764
2185 0 0 0 44.854394043795764
2186 0 0 0 47.58902394678444
2187 0 0 0 42.234395048581064
2188 0 0 0 46.58272699452937
2189 0 0 0 50.32178794499487
2190 0 0 0 48.62095299176872
2191 1 1385249 0.7169811 47.3314649425447
2192 0 0 0 47.620545024983585
2193 0 0 0 48.123791930265725
2194 0 0 0 45.398541959002614
2195 0 0 0 49.57517108414322
2196 0 0 0 50.38067209534347
2197 0 0 0 50.82709703128785
2198 0 0 0 48.15475398208946
2199 0 0 0 51.52201803866774
2200 0 0 0 48.83606394287199
2201 0 0 0 45.43896997347474
2202 0 0 0 45.403374009765685
2203 0 0 0 48.28271199949086
2204 0 0 0 46.55203002039343
2205 0 0 0 44.78652693796903
2206 0 0 0 50.51217204891145
2207 0 0 0 47.894450020976365
2208 0 0 0 47.048156964592636
2209 0 0 0 41.18128807749599
2210 0 0 0 44.003246002830565
2211 1 1244220 0.7111111 43.657375033944845
2212 0 0 0 45.31365702860057
2213 0 0 0 44.06086006201804
2214 0 0 0 49.347285996191204
2215 0 0 0 42.233819025568664
2216 0 0 0 52.18713101930916
2217 0 0 0 49.72360609099269
2218 0 0 0 41.97004099842161
2219 0 0 0 43.33022504579276
2220 0 0 0 48.718307982198894
2221 0 0 0 47.478885971941054
2222 0 0 0 46.94222495891154
2223 0 0 0 47.49695200007409
2224 0 0 0 46.49697698187083
2225 0 0 0 47.86900198087096
2226 0 0 0 46.62536096293479
2227 0 0 0 48.35317295510322
2228 0 0 0 49.27164292894304
2229 0 0 0 44.465834042057395
2230 0 0 0 41.35360999498516
2231 0 0 0 48.07151306886226
2232 0 0 0 45.288812019862235
2233 0 0 0 48.40789805166423
2234 0 0 0 50.722324987873435
2235 0 0 0 45.38100305944681
2236 0 0 0 46.405970002524555
2237 0 0 0 49.04038505628705
2238 0 0 0 51.41420301515609
2239 0 0 0 48.14621596597135
2240 0 0 0 46.719470992684364
2241 0 0 0 44.444413972087204
2242 0 0 0 45.960841001942754
2243 0 0 0 45.053109992295504
2244 0 0 0 45.34115199930966
2245 0 0 0 48.60645404551178
2246 0 0 0 47.88751597516239
2247 0 0 0 47.11634502746165
2248 0 0 0 44.48668798431754
2249 0 0 0 47.967658028937876
2250 0 0 0 45.99425301421434
2251 0 0 0 46.89014796167612
2252 0 0 0 44.30215898901224
2253 0 0 0 46.51518492028117
2254 0 0 0 46.027567936107516
2255 0 0 0 49.46895898319781
2256 0 0 0 44.97064708266407
2257 0 0 0 47.006134991534054
2258 0 0 0 46.49198497645557
2259 0 0 0 46.96660104673356
2260 0 0 0 48.22874197270721
2261 0 0 0 47.25450405385345
2262 0 0 0 48.32169692963362
2263 0 0 0 50.83210801240057
2264 0 0 0 47.70316602662206
2265 0 0 0 44.7505310876295
2266 0 0 0 50.84826797246933
2267 0 0 0 49.909972003661096
2268 0 0 0 47.77354502584785
2269 0 0 0 47.70300292875618
2270 0 0 0 46.59286607056856
2271 0 0 0 47.18806908931583
2272 0 0 0 51.330827991478145
2273 0 0 0 48.69805392809212
2274 0 0 0 45.67944200243801
2275 0 0 0 49.2141890572384
2276 0 0 0 47.0815320732072
2277 0 0 0 48.56375406961888
2278 0 0 0 47.14098304975778
2279 0 0 0 47.317358083091676
2280 0 0 0 47.58475208655
2281 0 0 0 47.31526901014149
2282 0 0 0 48.187043983489275
2283 0 0 0 51.08956003095955
2284 0 0 0 47.21005400642753
2285 0 0 0 45.728667988441885
2286 0 0 0 47.97426995355636
2287 0 0 0 52.113654906861484
2288 0 0 0 49.30322500877082
2289 0 0 0 52.099309978075325
2290 0 0 0 53.689435007981956
2291 0 0 0 51.88350402750075
2292 0 0 0 53.334006923250854
2293 0 0 0 56.10032402910292
2294 0 0 0 47.575295087881386
2295 0 0 0 47.15050803497434
2296 0 0 0 49.26690901629627
2297 0 0 0 75.11043001431972
2298 0 0 0 65.47431903891265
2299 0 0 0 54.8841719282791
2300 0 0 0 50.75497494544834
2301 0 0 0 51.49824498221278
2302 0 0 0 53.44607902225107
2303 0 0 0 49.950460088439286
2304 0 0 0 48.46295702736825
2305 0 0 0 48.66729991044849
2306 0 0 0 53.02397289779037
2307 0 0 0 48.28950704541057
2308 0 0 0 46.87364702112973
2309 0 0 0 53.61813795752823
2310 0 0 0 48.49634307902306
2311 0 0 0 51.621863967739046
2312 0 0 0 48.530908999964595
2313 0 0 0 46.913126949220896
2314 0 0 0 47.17015102505684
2315 0 0 0 47.40281694103032
2316 0 0 0 50.226464052684605
2317 0 0 0 50.127686001360416
2318 0 0 0 49.95781905017793
2319 0 0 0 45.98937905393541
2320 0 0 0 47.10075701586902
2321 0 0 0 47.207182040438056
2322 0 0 0 50.28189206495881
2323 0 0 0 48.90258295927197
2324 0 0 0 47.43673198390752
2325 0 0 0 46.94530600681901
2326 0 0 0 49.903628998436034
2327 0 0 0 52.535905968397856
2328 0 0 0 50.3161750966683
2329 0 0 0 47.029310022480786
2330 0 0 0 46.29563901107758
2331 0 0 0 45.151893980801105
2332 0 0 0 44.967767084017396
2333 0 0 0 50.29842793010175
2334 0 0 0 46.88865097705275
2335 0 0 0 45.61164800543338
2336 0 0 0 45.531257055699825
2337 0 0 0 47.538432059809566
2338 0 0 0 50.06280494853854
2339 0 0 0 51.82442895602435
2340 0 0 0 51.126284059137106
2341 0 0 0 47.70840401761234
2342 0 0 0 46.907340991310775
2343 0 0 0 47.815756988711655
2344 0 0 0 49.3007079930976
2345 0 0 0 47.80374199617654
2346 0 0 0 46.81980004534125
2347 0 0 0 50.81357108429074
2348 0 0 0 49.819506937637925
2349 0 0 0 50.338992034085095
2350 0 0 0 47.022191924043
2351 0 0 0 47.16367903165519
2352 0 0 0 46.37865093536675
2353 0 0 0 45.70232902187854
2354 0 0 0 49.462269991636276
2355 0 0 0 51.010858034715056
2356 0 0 0 46.911046956665814
2357 0 0 0 45.92913493979722
2358 0 0 0 51.745127071626484
2359 0 0 0 46.687325928360224
2360 0 0 0 50.071298959665
2361 0 0 0 47.295755008235574
2362 0 0 0 47.50090301968157
2363 0 0 0 46.29220406059176
2364 0 0 0 47.343056998215616
2365 0 0 0 50.11307296808809
2366 0 0 0 49.983671051450074
2367 0 0 0 47.328732907772064
2368 0 0 0 47.07583296112716
2369 0 0 0 47.0154780196026
2370 0 0 0 50.209023989737034
2371 0 0 0 50.229885964654386
2372 0 0 0 49.25908904988319
2373 0 0 0 46.02846200577915
2374 0 0 0 48.05467010010034
2375 0 0 0 49.91955298464745
2376 0 0 0 52.929146913811564
2377 0 0 0 47.82462609000504
2378 0 0 0 47.019704012200236
2379 0 0 0 47.09418897982687
2380 0 0 0 49.87315903417766
2381 0 0 0 50.2027259208262
2382 0 0 0 48.97831892594695
2383 0 0 0 47.841248917393386
2384 0 0 0 59.074207907542586
2385 0 0 0 61.24626693781465
2386 0 0 0 57.51699989195913
2387 0 0 0 50.971211050637066
2388 0 0 0 48.43959701247513
2389 0 0 0 46.48961790371686
2390 0 0 0 56.599143077619374
2391 0 0 0 59.326472925022244
2392 0 0 0 50.70634896401316
2393 0 0 0 56.222664075903594
2394 0 0 0 52.10512597113848
2395 0 0 0 57.556311949156225
2396 0 0 0 48.4740799292922
2397 0 0 0 51.455221022479236
2398 0 0 0 47.38970403559506
2399 0 0 0 47.294019954279065
2400 0 0 0 48.99791697971523
2401 0 0 0 49.789985991083086
2402 0 0 0 47.31586098205298
2403 0 0 0 47.1365749835968
2404 0 0 0 55.146454949863255
2405 0 0 0 47.45934496168047
2406 0 0 0 51.57947901170701
2407 0 0 0 49.06738910358399
2408 0 0 0 50.201336038298905
2409 0 0 0 51.00887606386095
2410 0 0 0 47.94374096672982
2411 0 0 0 52.86550405435264
2412 0 0 0 49.23400504048914
2413 0 0 0 50.4517259541899
2414 0 0 0 47.86940198391676
2415 0 0 0 46.47944704629481
2416 0 0 0 48.55044698342681
2417 0 0 0 49.59235107526183
2418 0 0 0 54.177699028514326
2419 0 0 0 49.30065292865038
2420 0 0 0 45.67048395983875
2421 0 0 0 54.753868957050145
2422 0 0 0 50.410281983204186
2423 0 0 0 49.147375975735486
2424 0 0 0 45.06151005625725
2425 0 0 0 47.23788099363446
2426 0 0 0 46.91194393672049
2427 0 0 0 53.237562999129295
2428 0 0 0 48.652408993802965
2429 0 0 0 46.741275931708515
2430 0 0 0 45.771365985274315
2431 0 0 0 47.0183240249753
2432 0 0 0 49.83992606867105
2433 0 0 0 49.589954083785415
2434 0 0 0 47.33799607492983
2435 0 0 0 47.150174039416015
2436 0 0 0 43.85325906332582
2437 0 0 0 46.871552942320704
2438 0 0 0 50.86514702998102
2439 0 0 0 49.10630208905786
2440 0 0 0 47.74011205881834
2441 0 0 0 47.757604042999446
2442 0 0 0 48.529570922255516
2443 0 0 0 50.224064965732396
2444 0 0 0 48.46599604934454
2445 0 0 0 46.993213007226586
2446 0 0 0 46.38970899395645
2447 0 0 0 46.649236930534244
2448 0 0 0 50.1264639897272
2449 0 0 0 50.28544494416565
2450 0 0 0 50.70302705280483
2451 0 0 0 47.03591100405902
2452 0 0 0 47.485639923252165
2453 0 0 0 54.92374999448657
2454 0 0 0 49.60653302259743
2455 0 0 0 49.36748300679028
2456 0 0 0 47.254064003936946
2457 1 1244985 0.7592593 46.67471197899431
2458 0 0 0 47.55920195020735
2459 0 0 0 50.991448923014104
2460 0 0 0 47.49692208133638
2461 0 0 0 47.58912802208215
2462 0 0 0 47.76976094581187
2463 0 0 0 45.51486892160028
2464 0 0 0 54.2505249613896
2465 0 0 0 52.875569090247154
2466 0 0 0 50.176150049082935
2467 0 0 0 45.79156904947013
2468 0 0 0 45.57110706809908
2469 0 0 0 47.5156829925254
2470 0 0 0 50.30279897619039
2471 0 0 0 46.741043915972114
2472 0 0 0 46.94817995186895
2473 0 0 0 46.94232495967299
2474 0 0 0 46.90864193253219
2475 0 0 0 52.090018056333065
2476 0 0 0 52.64537199400365
2477 0 0 0 48.25821390841156
2478 0 0 0 47.117811045609415
2479 0 0 0 47.19459090847522
2480 0 0 0 52.92445793747902
2481 0 0 0 48.58427995350212
2482 0 0 0 48.37764299008995
2483 0 0 0 47.86490497644991
2484 0 0 0 52.72420693654567
2485 0 0 0 48.043956980109215
2486 0 0 0 53.790846024639904
2487 0 0 0 48.77881798893213
2488 0 0 0 48.494550050236285
2489 0 0 0 47.88008995819837
2490 0 0 0 51.808799034915864
2491 0 0 0 50.03638006746769
2492 0 0 0 49.882960971444845
2493 0 0 0 47.653894987888634
2494 0 0 0 46.63209500722587
2495 0 0 0 47.27289895527065
2496 0 0 0 53.99924505036324
2497 0 0 0 50.87734409607947
2498 0 0 0 48.61905099824071
2499 0 0 0 46.87182593625039
2500 0 0 0 46.889906050637364
2501 0 0 0 46.56216502189636
2502 0 0 0 51.19971791282296
2503 0 0 0 45.58379598893225
2504 0 0 0 46.89876502379775
2505 0 0 0 46.621766057796776
2506 0 0 0 47.497862949967384
2507 0 0 0 51.165316021069884
2508 0 0 0 47.991608968004584
2509 0 0 0 47.07286390475929
2510 0 0 0 48.64023998379707
2511 0 0 0 44.923619949258864
2512 0 0 0 52.51746391877532
2513 0 0 0 50.40156689938158
2514 0 0 0 55.308466078713536
2515 0 0 0 84.11644503939897
2516 0 0 0 60.60660304501653
2517 0 0 0 57.086086948402226
2518 0 0 0 72.07640900742263
2519 0 0 0 68.68979800492525
2520 0 0 0 56.36722990311682
2521 0 0 0 60.692046070471406
2522 0 0 0 61.57282192725688
2523 0 0 0 64.09221701323986
2524 0 0 0 51.39124195557088
2525 0 0 0 49.69716293271631
2526 0 0 0 48.245191923342645
2527 0 0 0 47.77417494915426
2528 0 0 0 49.17101701721549
2529 0 0 0 56.990907061845064
2530 0 0 0 49.84069999773055
2531 0 0 0 50.005151075311005
2532 0 0 0 53.46879304852337
2533 0 0 0 47.60794900357723
2534 0 0 0 48.10553102288395
2535 0 0 0 47.689078957773745
2536 0 0 0 49.95487898122519
2537 0 0 0 48.95024001598358
2538 0 0 0 47.414229018613696
2539 0 0 0 48.789286985993385
2540 0 0 0 50.39138102438301
2541 0 0 0 47.14575503021479
2542 0 0 0 48.36267000064254
2543 0 0 0 48.61108702607453
2544 0 0 0 51.381284021772444
2545 0 0 0 55.358916986733675
2546 0 0 0 49.46491192094982
2547 0 0 0 67.0246760128066
2548 0 0 0 51.01911199744791
2549 0 0 0 47.55783500149846
2550 0 0 0 48.770110006444156
2551 0 0 0 48.581085982732475
2552 0 0 0 48.43939398415387
2553 0 0 0 51.439101924188435
2554 0 0 0 47.84547304734588
2555 0 0 0 47.49404697213322
2556 0 0 0 48.36858995258808
2557 0 0 0 49.12500292994082
2558 0 0 0 47.320902929641306
2559 0 0 0 49.62239495944232
2560 0 0 0 45.928756007924676
2561 0 0 0 49.62252010591328
2562 0 0 0 49.50410302262753
2563 0 0 0 47.42837999947369
2564 0 0 0 52.421753061935306
2565 0 0 0 50.48666091170162
2566 0 0 0 48.706636065617204
2567 0 0 0 47.684844001196325
2568 0 0 0 51.14001699257642
2569 0 0 0 51.9453720189631
2570 0 0 0 50.52032496314496
2571 0 0 0 53.1295130494982
2572 0 0 0 48.45054098404944
2573 0 0 0 47.09011199884117
2574 0 0 0 51.061630016192794
2575 0 0 0 52.75196395814419
2576 0 0 0 47.192209982313216
2577 0 0 0 49.86145405564457
2578 0 0 0 49.5098790852353
2579 0 0 0 57.68599500879645
2580 0 0 0 56.4778569387272
2581 0 0 0 58.698007953353226
2582 0 0 0 75.08880901150405
2583 0 0 0 60.08939805906266
2584 0 0 0 58.15962899941951
2585 0 0 0 61.229982995428145
2586 0 0 0 73.8189669791609
2587 0 0 0 72.43974599987268
2588 0 0 0 63.42248199507594
2589 0 0 0 62.87937005981803
2590 0 0 0 68.18520603701472
2591 0 0 0 73.03414097987115
2592 0 0 0 52.91772400960326
2593 0 0 0 48.26413304544985
2594 0 0 0 51.88042402733117
2595 0 0 0 53.653832990676165
2596 0 0 0 58.43803600873798
2597 0 0 0 58.10567201115191
2598 0 0 0 61.94718100596219
2599 0 0 0 58.4572380175814
2600 0 0 0 54.86476595979184
2601 0 0 0 55.37863599602133
2602 0 0 0 49.200191046111286
2603 0 0 0 48.59094799030572
2604 0 0 0 53.70354896876961
2605 0 0 0 56.75584194250405
2606 0 0 0 56.1244300333783
2607 0 0 0 57.75330192409456
2608 0 0 0 55.46095292083919
2609 0 0 0 68.6424640007317
2610 0 0 0 77.37535296473652
2611 0 0 0 59.21124597080052
2612 0 0 0 60.77627500053495
2613 0 0 0 66.34248502086848
2614 0 0 0 63.80064506083727
2615 0 0 0 59.73078904207796
2616 0 0 0 58.047816972248256
2617 0 0 0 49.270592047832906
2618 0 0 0 49.158087000250816
2619 0 0 0 50.697522005066276
2620 0 0 0 46.60292505286634
2621 0 0 0 50.985013018362224
2622 0 0 0 47.54483897704631
2623 0 0 0 49.93278009351343
2624 0 0 0 48.39722404722124
2625 0 0 0 49.50843600090593
2626 0 0 0 49.95587607845664
2627 0 0 0 52.63236293103546
2628 0 0 0 52.64035810250789
2629 0 0 0 59.20158501248807
2630 0 0 0 54.660020978190005
2631 0 0 0 52.48800409026444
2632 0 0 0 52.9309909325093
2633 0 0 0 47.19550197478384
2634 0 0 0 54.137733997777104
2635 0 0 0 53.678723983466625
2636 0 0 0 48.27670007944107
2637 0 0 0 50.363045069389045
2638 0 0 0 52.55744489841163
2639 0 0 0 48.66095294710249
2640 0 0 0 47.01068496797234
2641 0 0 0 47.15100396424532
2642 0 0 0 46.20145203080028
2643 0 0 0 48.64726902451366
2644 0 0 0 47.376836999319494
2645 0 0 0 48.008898040279746
2646 0 0 0 48.180090030655265
2647 0 0 0 49.935608985833824
2648 0 0 0 47.752151964232326
2649 0 0 0 47.761308029294014
2650 0 0 0 46.24363500624895
2651 0 0 0 46.94025998469442
2652 0 0 0 48.10033692047
2653 0 0 0 46.69648106209934
2654 0 0 0 51.96880002040416
2655 0 0 0 51.2933999998495
2656 0 0 0 46.4035909390077
2657 0 0 0 48.260356998071074
2658 0 0 0 48.68381505366415
2659 0 0 0 53.22084797080606
2660 0 0 0 46.787778032012284
2661 0 0 0 48.536396003328264
2662 0 0 0 46.5074370149523
2663 0 0 0 46.1690470110625
2664 0 0 0 47.92771302163601
2665 0 0 0 48.373316996730864
2666 0 0 0 49.34236709959805
2667 0 0 0 45.814490993507206
2668 0 0 0 45.33573507796973
2669 0 0 0 47.57555900141597
2670 0 0 0 49.09554391633719
2671 0 0 0 44.94713805615902
2672 0 0 0 51.13429401535541
2673 0 0 0 46.60802194848657
2674 0 0 0 48.73087105806917
2675 0 0 0 48.2666949974373
2676 0 0 0 54.36172499321401
2677 0 0 0 53.466736106202006
2678 0 0 0 47.55452694371343
2679 0 0 0 45.28021800797433
2680 0 0 0 46.83050804305822
2681 0 0 0 48.88661694712937
2682 0 0 0 48.226193990558386
2683 0 0 0 48.21154102683067
2684 0 0 0 48.68908191565424
2685 0 0 0 47.806082060560584
2686 0 0 0 46.596209052950144
2687 0 0 0 49.087519058957696
2688 0 0 0 51.56567308586091
2689 0 0 0 46.448378008790314
2690 0 0 0 47.312828013673425
2691 0 0 0 51.167734898626804
2692 0 0 0 50.38039106875658
2693 0 0 0 49.97487796936184
2694 0 0 0 47.9817969026044
2695 0 0 0 47.40393301472068
2696 0 0 0 48.95003593992442
2697 0 0 0 47.969538951292634
2698 0 0 0 53.872730932198465
2699 0 0 0 47.993101994507015
2700 0 0 0 43.997244094498456
2701 0 0 0 45.99025100469589
2702 0 0 0 47.198922955431044
2703 0 0 0 46.812772983685136
2704 0 0 0 46.78599303588271
2705 1 1269472 0.73214287 48.90978895127773
2706 0 0 0 47.673700959421694
2707 0 0 0 48.75215399079025
2708 0 0 0 48.83540095761418
2709 0 0 0 47.98616794869304
2710 0 0 0 47.19498404301703
2711 0 0 0 44.82103791087866
2712 0 0 0 49.18771609663963
2713 0 0 0 48.66673599462956
2714 0 0 0 48.80148696247488
2715 0 0 0 47.91750095319003
2716 0 0 0 49.00477593764663
2717 0 0 0 47.02185490168631
2718 0 0 0 48.67594700772315
2719 0 0 0 49.124518991447985
2720 0 0 0 47.46593697927892
2721 0 0 0 49.187647993676364
2722 0 0 0 48.9349109120667
2723 0 0 0 48.80667000543326
2724 0 0 0 58.97080304566771
2725 0 0 0 51.39252997469157
2726 0 0 0 51.260729087516665
2727 0 0 0 51.7545819748193
2728 0 0 0 51.719387993216515
2729 0 0 0 51.29559093620628
2730 0 0 0 52.16785508673638
2731 0 0 0 48.4880959847942
2732 0 0 0 48.913448001258075
2733 0 0 0 46.3942380156368
2734 0 0 0 50.85052095819265
2735 0 0 0 47.48858395032585
2736 0 0 0 46.87039298005402
2737 0 0 0 47.72850906010717
2738 0 0 0 47.41374496370554
2739 0 0 0 47.22887894604355
2740 0 0 0 49.49136101640761
2741 0 0 0 46.60802998114377
2742 0 0 0 47.20499808900058
2743 0 0 0 48.09369903523475
2744 0 0 0 51.055890042334795
2745 0 0 0 49.67255098745227
2746 0 0 0 48.643962014466524
2747 0 0 0 47.93656291440129
2748 0 0 0 49.68161601573229
2749 0 0 0 47.51872702036053
2750 0 0 0 48.11152699403465
2751 0 0 0 49.343657097779214
2752 0 0 0 48.95193793345243
2753 0 0 0 47.45074803940952
2754 0 0 0 48.5561570385471
2755 0 0 0 45.77918199356645
2756 0 0 0 48.92242304049432
2757 0 0 0 50.085467053577304
2758 0 0 0 49.52253506053239
2759 0 0 0 49.63283508550376
2760 0 0 0 48.715105978772044
2761 0 0 0 49.06631598714739
2762 0 0 0 46.65858007501811
2763 0 0 0 45.76503997668624
2764 0 0 0 46.74347105901688
2765 0 0 0 51.507703959941864
2766 0 0 0 51.24603502918035
2767 0 0 0 50.86178006604314
2768 0 0 0 48.11118799261749
2769 0 0 0 1.0207319865003228
2770 0 0 0 1.0846100049093366
2771 0 0 0 1.0790739906951785
2772 0 0 0 0.9651450673118234
2773 0 0 0 1.1064349673688412
2774 0 0 0 1.1185179464519024
2775 0 0 0 0.9643499506637454
2776 0 0 0 1.2334230123087764
2777 0 0 0 1.023849006742239
2778 0 0 0 1.053153071552515
2779 0 0 0 2.417547977529466
2780 0 0 0 0.9512410033494234
2781 0 0 0 0.9528209920972586
2782 0 0 0 1.0793439578264952
2783 1 1275997 1.0 1.121352892369032
2784 0 0 0 1.0777520947158337
2785 0 0 0 0.909178052097559
2786 0 0 0 0.9975379798561335
2787 0 0 0 0.9903309401124716
2788 0 0 0 1.025934936478734
2789 0 0 0 1.055267988704145
2790 0 0 0 1.0677480604499578
2791 0 0 0 2.774637076072395
2792 0 0 0 1.1430970625951886
2793 0 0 0 0.9735170751810074
2794 0 0 0 1.0465600062161684
2795 0 0 0 0.9358569514006376
2796 0 0 0 0.9589700493961573
2797 0 0 0 1.0210830951109529
2798 0 0 0 1.0579839581623673
2799 0 0 0 1.5168599784374237
2800 0 0 0 1.0969849536195397
2801 0 0 0 0.9740819223225117
2802 0 0 0 0.8995600510388613
2803 0 0 0 0.9458860149607062
2804 1 2005362 0.75 1.0745379840955138
2805 0 0 0 0.9922879980877042
2806 0 0 0 0.9069369407370687
2807 0 0 0 0.9322859114035964
2808 0 0 0 1.085950993001461
2809 0 0 0 1.0394860291853547
2810 0 0 0 1.6857740702107549
2811 0 0 0 2.696019015274942
2812 0 0 0 1.794068026356399
2813 0 0 0 1.0842808987945318
2814 0 0 0 1.5883410815149546
2815 0 0 0 1.5959891024976969
2816 0 0 0 2.7677679900079966
2817 0 0 0 1.10026600304991
2818 0 0 0 1.0151260066777468
2819 1 1275997 0.8181818 2.798432018607855
2820 0 0 0 0.9908069623634219
2821 0 0 0 2.75982404127717
2822 0 0 0 1.0297149419784546
2823 0 0 0 1.0097849881276488
2824 0 0 0 0.9390600025653839
2825 0 0 0 1.086578005924821
2826 0 0 0 1.0086180409416556
2827 0 0 0 1.0288889752700925
2828 0 0 0 0.9810789488255978
2829 0 0 0 1.049170969054103
2830 0 0 0 1.837442978285253
2831 0 0 0 1.8112080870196223
2832 0 0 0 1.7237479332834482
2833 0 0 0 1.8628500401973724
2834 0 0 0 0.9693740867078304
2835 0 0 0 0.9964819764718413
2836 0 0 0 1.0164889972656965
2837 0 0 0 1.0630349861457944
2838 0 0 0 1.0141920065507293
2839 0 0 0 1.1581700528040528
2840 0 0 0 1.1904339771717787
2841 0 0 0 1.158147002570331
2842 0 0 0 2.83750391099602
2843 0 0 0 1.6572189051657915
2844 0 0 0 1.0338479187339544
2845 0 0 0 1.0479019256308675
2846 0 0 0 1.0784290498122573
2847 0 0 0 2.1587290102615952
2848 0 0 0 2.798820030875504
2849 0 0 0 1.0385760106146336
2850 0 0 0 1.6712989890947938
2851 0 0 0 1.6137179918587208
2852 0 0 0 1.7242439789697528
2853 0 0 0 0.9768439922481775
2854 0 0 0 0.9445439791306853
2855 0 0 0 0.9820610284805298
2856 0 0 0 0.9934529662132263
2857 0 0 0 1.0002460330724716
2858 0 0 0 1.1582240695133805
2859 0 0 0 1.0182829573750496
2860 0 0 0 1.068462966941297
2861 0 0 0 0.9507460054010153
2862 0 0 0 0.9564559441059828
2863 0 0 0 0.969636021181941
2864 0 0 0 1.3294249074533582
2865 0 0 0 1.1626799823716283
2866 0 0 0 0.9631540160626173
2867 0 0 0 0.9758089436218143
2868 0 0 0 1.0953759774565697
2869 0 0 0 0.985480030067265
2870 0 0 0 1.0869039688259363
2871 0 0 0 0.975725008174777
2872 0 0 0 1.036889967508614
2873 0 0 0 0.9805359877645969
2874 0 0 0 1.2979010352864861
2875 0 0 0 2.70918698515743
2876 0 0 0 1.0013829451054335
2877 0 0 0 1.5581600600853562
2878 0 0 0 3.1792341032996774
2879 0 0 0 1.507679931819439
2880 0 0 0 3.2479469664394855
2881 0 0 0 2.7288009878247976
2882 0 0 0 3.0186050571501255
2883 0 0 0 2.649097004905343
2884 0 0 0 2.9839329654350877
2885 0 0 0 2.9840359929949045
2886 0 0 0 3.1146659748628736
2887 0 0 0 3.2013460295274854
2888 0 0 0 3.2409130362793803
2889 0 0 0 2.809263998642564
2890 0 0 0 3.2190269557759166
2891 0 0 0 2.7450299821794033
2892 0 0 0 2.3043850669637322
2893 0 0 0 3.226103028282523
2894 0 0 0 3.054348984733224
2895 0 0 0 3.137349965982139
2896 0 0 0 3.1929160468280315
2897 0 0 0 2.854185993783176
2898 0 0 0 1.9890549592673779
2899 0 0 0 3.1869320664554834
2900 0 0 0 3.5572999622672796
2901 0 0 0 1.6064780065789819
2902 0 0 0 2.2463490022346377
2903 0 0 0 1.631779014132917
2904 0 0 0 2.824491006322205
2905 0 0 0 2.2993270540609956
2906 0 0 0 2.377103897742927
2907 0 0 0 2.7652750723063946
2908 0 0 0 1.7499990062788129
2909 0 0 0 2.9291079845279455
2910 0 0 0 2.6070920284837484
2911 0 0 0 4.5221420004963875
2912 0 0 0 2.6820979546755552
2913 0 0 0 2.9335509752854705
2914 0 0 0 3.293693996965885
2915 0 0 0 4.69207507558167
2916 0 0 0 4.405179992318153
2917 0 0 0 1.571548986248672
2918 0 0 0 2.661605947650969
2919 0 0 0 2.89994606282562
2920 0 0 0 0.9778890525922179
2921 0 0 0 2.8766170144081116
2922 0 0 0 3.066717996262014
2923 0 0 0 2.8573389863595366
2924 0 0 0 3.1699170358479023
2925 0 0 0 2.031803014688194
2926 0 0 0 2.8010139940306544
2927 1 1397567 0.72 2.342096995562315
2928 0 0 0 1.2695899931713939
2929 0 0 0 3.0742459930479527
2930 0 0 0 3.1693560304120183
2931 0 0 0 1.064392039552331
2932 0 0 0 2.0278850570321083
2933 0 0 0 2.877917024306953
2934 0 0 0 2.362192957662046
2935 0 0 0 1.7938630189746618
2936 0 0 0 2.9807189712300897
2937 0 0 0 1.1477309744805098
2938 0 0 0 1.5787900192663074
2939 0 0 0 2.941509010270238
2940 0 0 0 2.9063699766993523
2941 0 0 0 1.2512530665844679
2942 0 0 0 2.0034610060974956
2943 0 0 0 3.116621053777635
2944 0 0 0 2.814589999616146
2945 0 0 0 2.1469539497047663
2946 0 0 0 1.1063501005992293
2947 0 0 0 3.2128160819411278
2948 0 0 0 2.5918909814208746
2949 0 0 0 1.8954769475385547
2950 0 0 0 2.995808026753366
2951 0 0 0 3.240310004912317
2952 0 0 0 2.823602990247309
2953 0 0 0 2.9055039631202817
2954 0 0 0 3.1851669773459435
2955 0 0 0 1.5313370386138558
2956 0 0 0 2.8458540327847004
2957 0 0 0 3.109422978013754
2958 0 0 0 2.162700053304434
2959 0 0 0 2.3732020054012537
2960 0 0 0 2.8140490176156163
2961 0 0 0 1.996647915802896
2962 0 0 0 1.225427957251668
2963 0 0 0 3.215405042283237
2964 0 0 0 2.4747890420258045
2965 0 0 0 2.5870660319924355
2966 0 0 0 2.8202820103615522
2967 0 0 0 2.1526870550587773
2968 0 0 0 2.2811610251665115
2969 0 0 0 3.1504560029134154
2970 0 0 0 2.2843009792268276
2971 0 0 0 2.256631967611611
2972 0 0 0 1.7069680616259575
2973 0 0 0 2.015658072195947
2974 0 0 0 1.632197992876172
2975 0 0 0 2.976414980366826
2976 0 0 0 2.257119049318135
2977 0 0 0 3.2744640484452248
2978 0 0 0 1.057413057424128
2979 0 0 0 2.0432479213923216
2980 0 0 0 2.8942630160599947
2981 0 0 0 2.3296880535781384
2982 0 0 0 3.3514710376039147
2983 0 0 0 3.2294049160555005
2984 0 0 0 2.870926051400602
2985 0 0 0 3.1937950989231467
2986 0 0 0 1.0360940359532833
2987 0 0 0 2.8205179842188954
2988 0 0 0 2.3185759782791138
2989 0 0 0 2.0658839493989944
2990 0 0 0 2.9109250754117966
2991 0 0 0 2.8211779426783323
2992 0 0 0 2.0464130211621523
2993 0 0 0 1.3867489760741591
2994 0 0 0 2.373642986640334
2995 0 0 0 3.1801769509911537
2996 0 0 0 2.683544997125864
2997 0 0 0 1.9561030203476548
2998 0 0 0 4.148502019234002
2999 0 0 0 2.8568400302901864
3000 0 0 0 3.1260569812729955
3001 0 0 0 3.5124040441587567
3002 0 0 0 2.249017939902842
3003 0 0 0 1.2185329105705023
3004 0 0 0 1.4611961087211967
3005 0 0 0 3.2192529179155827
3006 0 0 0 2.577238017693162
3007 0 0 0 3.3116090344265103
3008 0 0 0 1.9911270355805755
3009 0 0 0 3.4666609717532992
3010 0 0 0 2.3291270481422544
3011 0 0 0 4.407783970236778
3012 0 0 0 3.1293159117922187
3013 0 0 0 5.066632991656661
3014 0 0 0 2.378355013206601
3015 0 0 0 3.009370993822813
3016 0 0 0 2.3036630591377616
3017 0 0 0 2.886706031858921
3018 0 0 0 2.733353991061449
3019 0 0 0 2.7456589741632342
3020 0 0 0 3.3969919895753264
3021 0 0 0 1.585080986842513
3022 0 0 0 2.236249973066151
3023 0 0 0 3.343526041135192
3024 0 0 0 2.8852130053564906
3025 0 0 0 3.296914044767618
3026 0 0 0 3.1951169949024916
3027 0 0 0 2.8986040269955993
3028 0 0 0 3.2899659126996994
3029 0 0 0 4.6208909479901195
3030 0 0 0 2.9778849566355348
3031 0 0 0 3.2315270509570837
3032 0 0 0 1.576544949784875
3033 0 0 0 1.9769819919019938
3034 0 0 0 3.2660820288583636
3035 0 0 0 1.2237430782988667
3036 0 0 0 3.3122150925919414
3037 0 0 0 1.9982719095423818
3038 0 0 0 1.7198360292240977
3039 0 0 0 1.6471230192109942
3040 0 0 0 3.323020995594561
3041 0 0 0 3.130269004032016
3042 0 0 0 3.154215053655207
3043 0 0 0 1.048285048455
3044 0 0 0 3.027134109288454
3045 0 0 0 4.409230081364512
3046 0 0 0 3.3174880081787705
3047 0 0 0 2.1469909697771072
3048 0 0 0 3.174319048412144
3049 0 0 0 2.0962689304724336
3050 0 0 0 2.8621539240702987
3051 0 0 0 2.0575609523802996
3052 0 0 0 3.1822200398892164
3053 0 0 0 3.1570609426125884
3054 0 0 0 3.1345969764515758
3055 0 0 0 2.1709149004891515
3056 0 0 0 2.705979044549167
3057 0 0 0 1.1496710358187556
3058 0 0 0 1.6982429660856724
3059 0 0 0 2.040643012151122
3060 0 0 0 3.2374750589951873
3061 0 0 0 3.1612939201295376
3062 0 0 0 2.5366359623149037
3063 0 0 0 3.140973043628037
3064 0 0 0 3.154283040203154
3065 0 0 0 1.127018011175096
3066 0 0 0 2.191024017520249
3067 0 0 0 2.9747720109298825
3068 0 0 0 2.8117470210418105
3069 0 0 0 1.998326973989606
3070 0 0 0 2.8034879360347986
3071 0 0 0 1.7129769548773766
3072 0 0 0 2.790057915262878
3073 0 0 0 1.677301013842225
3074 0 0 0 3.2421749783679843
3075 0 0 0 3.1589079881086946
3076 0 0 0 2.060294966213405
3077 0 0 0 3.2275619450956583
3078 0 0 0 1.371901948004961
3079 0 0 0 3.2592149218544364
3080 0 0 0 1.4185879845172167
3081 0 0 0 1.9883670611307025
3082 0 0 0 1.537945936433971
3083 0 0 0 2.800298039801419
3084 0 0 0 2.101664082147181
3085 0 0 0 2.1518359426409006
3086 0 0 0 1.4706120127812028
3087 0 0 0 1.5607880195602775
3088 0 0 0 5.438007996417582
3089 1 709235 0.7 2.8503509238362312
3090 0 0 0 2.182469004765153
3091 0 0 0 3.0930039938539267
3092 0 0 0 2.313163015060127
3093 0 0 0 3.2051459420472383
3094 0 0 0 3.306824015453458
3095 0 0 0 2.868136973120272
3096 0 0 0 3.1737679382786155
3097 0 0 0 1.145720947533846
3098 0 0 0 3.2142599811777472
3099 0 0 0 2.8469149256125093
3100 0 0 0 2.8753390070050955
3101 0 0 0 2.090741996653378
3102 0 0 0 2.293684985488653
3103 0 0 0 3.2701180316507816
3104 0 0 0 2.428637002594769
3105 0 0 0 3.3474379451945424
3106 0 0 0 3.4244139678776264
3107 0 0 0 2.9464520048350096
3108 0 0 0 3.2076879870146513
3109 0 0 0 3.334723995067179
3110 0 0 0 3.0240280320867896
3111 0 0 0 2.922337967902422
3112 0 0 0 3.1973159639164805
3113 0 0 0 2.131122979335487
3114 0 0 0 3.163355984725058
3115 0 0 0 3.17122892010957
3116 0 0 0 2.8841160237789154
3117 0 0 0 2.235742984339595
3118 0 0 0 2.8697089292109013
3119 0 0 0 2.0294140558689833
3120 0 0 0 2.0503129344433546
3121 0 0 0 4.357852973043919
3122 0 0 0 2.9211039654910564
3123 0 0 0 1.7846879782155156
3124 0 0 0 3.140502027235925
3125 0 0 0 1.5963889891281724
3126 0 0 0 2.2157899802550673
3127 0 0 0 2.9134569922462106
3128 0 0 0 2.324068918824196
3129 0 0 0 1.5425659948959947
3130 0 0 0 1.3663650024682283
3131 0 0 0 2.794394036754966
3132 0 0 0 3.21598700247705
3133 0 0 0 1.1446920689195395
3134 0 0 0 2.0969349425286055
3135 0 0 0 2.8707559686154127
3136 0 0 0 2.889108029194176
3137 0 0 0 2.799936104565859
3138 0 0 0 2.3163059959188104
3139 0 0 0 2.643087995238602
3140 0 0 0 3.1240639509633183
3141 0 0 0 3.142738016322255
3142 0 0 0 2.2905649384483695
3143 0 0 0 3.2287160865962505
3144 0 0 0 2.700790064409375
3145 0 0 0 2.7299189241603017
3146 0 0 0 2.3591070203110576
3147 0 0 0 2.809113939292729
3148 0 0 0 1.073179068043828
3149 0 0 0 1.3133949832990766
3150 0 0 0 2.261421992443502
3151 0 0 0 2.917669015005231
3152 0 0 0 3.1605729600414634
3153 0 0 0 2.85197701305151
3154 0 0 0 2.2059950279071927
3155 0 0 0 1.5061299782246351
3156 0 0 0 2.8698809910565615
3157 0 0 0 3.156929975375533
3158 0 0 0 2.80503008980304
3159 0 0 0 2.0952739287167788
3160 0 0 0 3.237640019506216
3161 0 0 0 3.236277960240841
3162 0 0 0 1.4757550088688731
3163 0 0 0 3.169252071529627
3164 0 0 0 1.4587040059268475
3165 0 0 0 3.395225969143212
3166 0 0 0 3.217174904420972
3167 0 0 0 3.1878759618848562
3168 0 0 0 3.1879330053925514
3169 0 0 0 2.2084320662543178
3170 0 0 0 3.1727049499750137
3171 0 0 0 2.1913480013608932
3172 0 0 0 2.2183419205248356
3173 0 0 0 3.255944000557065
3174 0 0 0 4.592634038999677
3175 0 0 0 3.0023599974811077
3176 0 0 0 1.1848770081996918
3177 0 0 0 5.0309490179643035
3178 0 0 0 2.2696000523865223
3179 0 0 0 1.3996569905430079
3180 0 0 0 1.3757080305367708
3181 0 0 0 3.069343976676464
3182 0 0 0 2.187647041864693
3183 0 0 0 2.0331660052761436
3184 0 0 0 1.6646060394123197
3185 0 0 0 1.8277870258316398
3186 0 0 0 3.4081649500876665
3187 0 0 0 1.612839987501502
3188 0 0 0 2.946490072645247
3189 0 0 0 2.957839984446764
3190 0 0 0 3.1346100149676204
3191 0 0 0 3.0676639871671796
3192 0 0 0 2.9871900333091617
3193 0 0 0 2.0300589967519045
3194 0 0 0 2.1213520085439086
3195 0 0 0 1.6293550143018365
3196 0 0 0 3.537700977176428
3197 0 0 0 3.197461017407477
3198 0 0 0 2.2601329255849123
3199 0 0 0 1.4764639781787992
3200 0 0 0 2.7778380317613482
3201 0 0 0 3.658608067780733
3202 0 0 0 2.805967000313103
3203 0 0 0 3.093668958172202
3204 0 0 0 3.22717207018286
3205 0 0 0 3.295161994174123
3206 0 0 0 1.2191380374133587
3207 0 0 0 2.8345489408820868
3208 0 0 0 2.240816014818847
3209 0 0 0 5.384659045375884
3210 0 0 0 3.4332399955019355
3211 0 0 0 3.3614420099183917
3212 0 0 0 2.3465859703719616
3213 0 0 0 3.1261550029739738
3214 0 0 0 3.4192060120403767
3215 0 0 0 3.417845000512898
3216 0 0 0 2.269088989123702
3217 0 0 0 3.324960940517485
3218 0 0 0 2.198382979258895
3219 0 0 0 1.395970000885427
3220 0 0 0 3.2311140093952417
3221 0 0 0 3.285228041931987
3222 0 0 0 2.9903589747846127
3223 0 0 0 1.414306927472353
3224 0 0 0 2.745243953540921
3225 1 1671860 0.7 2.1092930110171437
3226 0 0 0 3.140089102089405
3227 0 0 0 2.146646031178534
3228 0 0 0 4.782669944688678
3229 0 0 0 3.18227696698159
3230 0 0 0 2.971941023133695
3231 0 0 0 1.883146003820002
3232 0 0 0 2.6356260059401393
3233 0 0 0 3.14466399140656
3234 0 0 0 2.128261956386268
3235 0 0 0 2.136514987796545
3236 0 0 0 1.4262140030041337
3237 0 0 0 2.4351580068469048
3238 0 0 0 2.254665014334023
3239 0 0 0 3.168060095049441
3240 0 0 0 1.594858942553401
3241 0 0 0 2.180251060053706
3242 0 0 0 2.00764590408653
3243 0 0 0 2.290799980983138
3244 0 0 0 3.136742045171559
3245 0 0 0 2.0933329360559583
3246 0 0 0 3.1732700299471617
3247 0 0 0 1.702215988188982
3248 0 0 0 2.043429994955659
3249 0 0 0 3.154815989546478
3250 0 0 0 1.4831300359219313
3251 0 0 0 2.6490919990465045
3252 0 0 0 1.1365790851414204
3253 0 0 0 2.613696036860347
3254 0 0 0 2.0304990466684103
3255 0 0 0 2.889328054152429
3256 0 0 0 3.218937898054719
3257 0 0 0 2.353459014557302
3258 0 0 0 1.6630069585517049
3259 0 0 0 2.795043052174151
3260 0 0 0 2.0880739903077483
3261 0 0 0 1.729459036141634
3262 0 0 0 2.104453044012189
3263 0 0 0 3.045609104447067
3264 0 0 0 2.1320609375834465
3265 0 0 0 1.482286024838686
3266 0 0 0 1.8228699918836355
3267 0 0 0 2.8897050069645047
3268 0 0 0 1.6732619842514396
3269 0 0 0 3.06239805649966
3270 0 0 0 2.296866034157574
3271 0 0 0 2.789776073768735
3272 0 0 0 3.3037710236385465
3273 0 0 0 2.020378946326673
3274 0 0 0 2.576475962996483
3275 0 0 0 3.7696060026064515
3276 0 0 0 4.0616539772599936
3277 0 0 0 2.749467035755515
3278 0 0 0 6.160411983728409
3279 0 0 0 3.610542044043541
3280 0 0 0 3.314074012450874
3281 0 0 0 3.4647410502657294
3282 0 0 0 3.5151030169799924
3283 0 0 0 3.793120034970343
3284 0 0 0 2.536674030125141
3285 0 0 0 1.8822100246325135
3286 0 0 0 3.6884420551359653
3287 1 41201 0.7083333 3.0719239730387926
3288 0 0 0 3.780275001190603
3289 0 0 0 3.040796029381454
3290 0 0 0 2.0887749269604683
3291 0 0 0 3.1306740129366517
3292 0 0 0 2.647815039381385
3293 0 0 0 5.403515067882836
3294 0 0 0 4.934084019623697
3295 0 0 0 3.5826279781758785
3296 0 0 0 3.3526000333949924
3297 0 0 0 2.3534049978479743
3298 0 0 0 1.7774190055206418
3299 0 0 0 3.107720986008644
3300 0 0 0 3.0747780110687017
3301 0 0 0 2.1350199822336435
3302 0 0 0 2.306779962964356
3303 0 0 0 3.0231300042942166
3304 0 0 0 1.3333390234038234
3305 0 0 0 1.331175910308957
3306 0 0 0 3.1728059984743595
3307 0 0 0 3.2027100678533316
3308 0 0 0 3.4519910113886
3309 0 0 0 2.9260209994390607
3310 0 0 0 3.340017981827259
3311 0 0 0 3.5524829290807247
3312 0 0 0 2.960681915283203
3313 0 0 0 2.027848968282342
3314 0 0 0 1.4652350218966603
3315 0 0 0 3.1712889904156327
3316 0 0 0 3.3685980597510934
3317 0 0 0 2.8672789921984076
3318 0 0 0 3.396393032744527
3319 0 0 0 2.8440559981390834
3320 0 0 0 3.2919340301305056
3321 0 0 0 3.0907109612599015
3322 0 0 0 2.4476510006934404
3323 0 0 0 3.8666350301355124
3324 0 0 0 5.470221978612244
3325 0 0 0 4.667680012062192
3326 0 0 0 3.5446679685264826
3327 0 0 0 2.4299019714817405
3328 0 0 0 3.3168179215863347
3329 0 0 0 3.4776079701259732
3330 0 0 0 3.2902199309319258
3331 0 0 0 3.0124459881335497
3332 0 0 0 3.4040859900414944
3333 0 0 0 4.054239019751549
3334 0 0 0 2.991514978930354
3335 0 0 0 1.3388580409809947
3336 0 0 0 3.2639469718560576
3337 0 0 0 2.920424100011587
3338 0 0 0 2.430445048958063
3339 0 0 0 2.6550550246611238
3340 0 0 0 2.3671789094805717
3341 0 0 0 1.6337950946763158
3342 0 0 0 2.651238930411637
3343 0 0 0 2.505647949874401
3344 0 0 0 2.464681980200112
3345 0 0 0 3.14130203332752
3346 0 0 0 2.0974850049242377
3347 0 0 0 2.95559992082417
3348 1 1965204 0.75 1.0402629850432277
3349 0 0 0 2.907508984208107
3350 0 0 0 2.1262220107018948
3351 0 0 0 2.299258019775152
3352 0 0 0 1.910804072394967
3353 0 0 0 3.4729749895632267
3354 0 0 0 3.428895026445389
3355 0 0 0 2.046982990577817
3356 0 0 0 3.6008270690217614
3357 0 0 0 3.414049046114087
3358 0 0 0 3.533860086463392
3359 0 0 0 1.5653129667043686
3360 0 0 0 3.0977040296420455
3361 0 0 0 4.769683931954205
3362 0 0 0 4.716824973002076
3363 0 0 0 2.836978994309902
3364 0 0 0 2.1139329764992
3365 0 0 0 2.4547550128772855
3366 0 0 0 3.421470057219267
3367 0 0 0 3.416717052459717
3368 0 0 0 3.0292320298030972
3369 0 0 0 5.349196959286928
3370 0 0 0 3.002724959515035
3371 0 0 0 3.3072029473260045
3372 0 0 0 3.32718004938215
3373 0 0 0 2.972531015984714
3374 0 0 0 2.197704976424575
3375 0 0 0 1.7020220402628183
3376 0 0 0 2.9071089811623096
3377 0 0 0 5.356956040486693
3378 0 0 0 16.155501012690365
3379 1 1925491 0.72727275 4.469171050004661
3380 0 0 0 7.914324989542365
3381 0 0 0 11.56515209004283
3382 0 0 0 6.833957973867655
3383 0 0 0 11.612015077844262
3384 0 0 0 8.067320915870368
3385 0 0 0 4.320800071582198
3386 0 0 0 10.898998007178307
3387 0 0 0 12.523470097221434
3388 0 0 0 7.5107060838490725
3389 0 0 0 7.636356051079929
3390 0 0 0 11.338696000166237
3391 0 0 0 11.24787493608892
3392 0 0 0 8.797160000540316
3393 0 0 0 7.976819993928075
3394 0 0 0 17.138515948317945
3395 0 0 0 12.054258957505226
3396 0 0 0 23.732202942483127
3397 0 0 0 5.454616970382631
3398 0 0 0 16.05739095248282
3399 0 0 0 16.031384002417326
3400 0 0 0 18.609327962622046
3401 0 0 0 5.435161991044879
3402 0 0 0 4.676645970903337
3403 0 0 0 15.741350944153965
3404 0 0 0 17.419290030375123
3405 0 0 0 17.442514072172344
3406 0 0 0 4.100734018720686
3407 0 0 0 14.937601052224636
3408 0 0 0 7.71724502556026
3409 0 0 0 14.149522059597075
3410 0 0 0 8.534622029401362
3411 0 0 0 4.7739139990881085
3412 0 0 0 5.281753023155034
3413 0 0 0 11.422727955505252
3414 0 0 0 9.9504089448601
3415 0 0 0 11.438316898420453
3416 0 0 0 5.39772305637598
3417 0 0 0 10.66055498085916
3418 0 0 0 17.634297953918576
3419 0 0 0 5.409301025792956
3420 0 0 0 10.201564989984035
3421 0 0 0 16.429655952379107
3422 0 0 0 6.842804024927318
3423 0 0 0 5.256167030893266
3424 0 0 0 14.095333986915648
3425 0 0 0 11.172957019880414
3426 0 0 0 12.60952407028526
3427 0 0 0 8.132764021866024
3428 0 0 0 4.583820002153516
3429 0 0 0 14.101529959589243
3430 0 0 0 17.3239290015772
3431 0 0 0 12.221775949001312
3432 0 0 0 5.387702956795692
3433 0 0 0 14.017679961398244
3434 0 0 0 11.157317087054253
3435 0 0 0 11.20263198390603
3436 0 0 0 6.743358913809061
3437 0 0 0 6.966719054616988
3438 0 0 0 17.335543991066515
3439 0 0 0 15.915520954877138
3440 0 0 0 14.44057491607964
3441 0 0 0 11.640106909908354
3442 0 0 0 15.417039976455271
3443 1 460845 0.7419355 10.897718952037394
3444 0 0 0 17.676418996416032
3445 0 0 0 14.499168028123677
3446 0 0 0 17.330929054878652
3447 0 0 0 7.156220963224769
3448 0 0 0 16.85112703125924
3449 0 0 0 16.82596991304308
3450 0 0 0 13.069808017462492
3451 0 0 0 18.74517695978284
3452 0 0 0 12.429378926753998
3453 0 0 0 17.94668601360172
3454 0 0 0 16.14767895080149
3455 0 0 0 18.0453589418903
3456 0 0 0 4.202951909974217
3457 0 0 0 10.078944964334369
3458 0 0 0 8.243056945502758
3459 0 0 0 4.156350041739643
3460 0 0 0 14.495024923235178
3461 0 0 0 7.769683958031237
3462 0 0 0 11.563729029148817
3463 0 0 0 4.1265260661020875
3464 0 0 0 17.92522903997451
3465 0 0 0 15.56939899455756
3466 0 0 0 15.850622090511024
3467 1 1778447 0.71875 15.32532402779907
3468 0 0 0 16.220676014199853
3469 0 0 0 5.2619390189647675
3470 0 0 0 6.940504070371389
3471 0 0 0 4.078113939613104
3472 0 0 0 11.486276052892208
3473 0 0 0 13.956573093309999
3474 0 0 0 11.161640053614974
3475 0 0 0 5.232995958067477
3476 0 0 0 11.169584933668375
3477 0 0 0 6.905745016410947
3478 0 0 0 7.840898935683072
3479 0 0 0 17.34858297277242
3480 0 0 0 7.702995091676712
3481 0 0 0 11.19281502906233
3482 0 0 0 10.650712065398693
3483 0 0 0 14.78441699873656
3484 0 0 0 16.184561070986092
3485 0 0 0 7.076595909893513
3486 0 0 0 14.594791922718287
3487 0 0 0 4.2182449251413345
3488 0 0 0 11.399078997783363
3489 0 0 0 5.7058020029217005
3490 0 0 0 15.723278047516942
3491 0 0 0 7.780466927215457
3492 0 0 0 4.621363012120128
3493 0 0 0 15.773955034092069
3494 0 0 0 10.112188057973981
3495 0 0 0 15.821074019186199
3496 0 0 0 16.043024021200836
3497 0 0 0 9.871677029877901
3498 0 0 0 14.348294003866613
3499 0 0 0 15.919751953333616
3500 0 0 0 7.972849998623133
3501 0 0 0 16.1554740043357
3502 0 0 0 15.509419026784599
3503 0 0 0 15.015195938758552
3504 0 0 0 4.7681600553914905
3505 0 0 0 5.399042973294854
3506 0 0 0 10.240167030133307
3507 0 0 0 10.330267017707229
3508 0 0 0 12.310183024965227
3509 0 0 0 11.703089927323163
3510 0 0 0 6.907929084263742
3511 0 0 0 14.53539403155446
3512 0 0 0 4.423507023602724
3513 1 167727 0.71428573 3.9667829405516386
3514 1 1154012 0.75 3.080405993387103
3515 0 0 0 15.509390039369464
3516 0 0 0 17.942993086762726
3517 0 0 0 4.184806020930409
3518 1 134420 0.71875 13.08142498601228
3519 0 0 0 11.22341095469892
3520 0 0 0 7.735654013231397
3521 0 0 0 4.604435991495848
3522 0 0 0 10.316079016774893
3523 0 0 0 9.904252947308123
3524 0 0 0 16.202328959479928
3525 0 0 0 11.160818976350129
3526 0 0 0 7.779453066177666
3527 0 0 0 11.206884984858334
3528 0 0 0 16.72350603621453
3529 0 0 0 17.420126940123737
3530 0 0 0 4.711477900855243
3531 0 0 0 10.593994986265898
3532 0 0 0 7.472243974916637
3533 0 0 0 15.53204411175102
3534 0 0 0 19.004369038157165
3535 0 0 0 10.84051700308919
3536 0 0 0 10.820180992595851
3537 0 0 0 8.593434002250433
3538 0 0 0 10.77490602619946
3539 0 0 0 17.868306022137403
3540 0 0 0 12.164178071543574
3541 0 0 0 14.545985031872988
3542 0 0 0 16.12877706065774
3543 0 0 0 17.852631048299372
3544 0 0 0 10.599805042147636
3545 0 0 0 15.732372063212097
3546 0 0 0 14.79998603463173
3547 0 0 0 8.209454943425953
3548 0 0 0 17.941322061233222
3549 0 0 0 17.7808350417763
3550 0 0 0 4.679443081840873
3551 0 0 0 9.912136010825634
3552 0 0 0 5.21654193289578
3553 0 0 0 7.682269089855254
3554 0 0 0 17.964422004297376
3555 0 0 0 17.364982049912214
3556 0 0 0 17.38033606670797
3557 0 0 0 4.765081102959812
3558 0 0 0 8.019124041311443
3559 0 0 0 13.871877919882536
3560 0 0 0 7.07648997195065
3561 0 0 0 16.026629018597305
3562 0 0 0 7.797917001880705
3563 0 0 0 16.925632022321224
3564 0 0 0 11.625498067587614
3565 0 0 0 7.92553904466331
3566 0 0 0 7.816597004421055
3567 0 0 0 4.047132912091911
3568 0 0 0 4.0881510358303785
3569 0 0 0 7.868196000345051
3570 0 0 0 7.1864069905132055
3571 0 0 0 10.515260975807905
3572 0 0 0 4.367316025309265
3573 0 0 0 14.688730938360095
3574 0 0 0 11.528369970619678
3575 1 1395645 0.7037037 5.404363968409598
3576 0 0 0 17.994749010540545
3577 0 0 0 17.901166924275458
3578 0 0 0 14.41646192688495
3579 0 0 0 10.288978926837444
3580 0 0 0 7.017403026111424
3581 0 0 0 16.159386024810374
3582 0 0 0 11.572108953259885
3583 0 0 0 11.446465039625764
3584 0 0 0 11.221884051337838
3585 0 0 0 10.16966998577118
3586 0 0 0 11.344343074597418
3587 0 0 0 7.85321497824043
3588 0 0 0 17.296671052463353
3589 0 0 0 15.639557037502527
3590 0 0 0 15.551116084679961
3591 0 0 0 10.170534951612353
3592 0 0 0 18.282120930962265
3593 0 0 0 18.490657908841968
3594 0 0 0 14.624346978962421
3595 0 0 0 16.262045013718307
3596 0 0 0 10.35714102908969
3597 0 0 0 16.09239203389734
3598 0 0 0 19.055849057622254
3599 0 0 0 13.97499698214233
3600 0 0 0 9.798267972655594
3601 0 0 0 11.222294997423887
3602 0 0 0 4.696956020779908
3603 0 0 0 7.897578063420951
3604 0 0 0 16.082611051388085
3605 0 0 0 10.224477970041335
3606 0 0 0 16.267059952951968
3607 0 0 0 15.920020989142358
3608 0 0 0 14.431733987294137
3609 0 0 0 6.812965031713247
3610 0 0 0 4.686492029577494
3611 0 0 0 17.78901892248541
3612 0 0 0 14.698704006150365
3613 0 0 0 6.866795010864735
3614 0 0 0 7.977244909852743
3615 1 1121467 0.7241379 7.332634064368904
3616 0 0 0 4.065399989485741
3617 0 0 0 17.37607200630009
3618 0 0 0 11.51055796071887
3619 0 0 0 4.543488030321896
3620 0 0 0 16.474409960210323
3621 0 0 0 17.904724925756454
3622 0 0 0 16.15956798195839
3623 0 0 0 14.616018976084888
3624 0 0 0 17.989278072491288
3625 0 0 0 18.407118041068316
3626 0 0 0 6.805382086895406
3627 0 0 0 9.841285063885152
3628 0 0 0 7.810266921296716
3629 0 0 0 17.389861051924527
3630 0 0 0 15.702042961493134
3631 0 0 0 9.947473066858947
3632 0 0 0 12.037299922667444
3633 0 0 0 8.355949888937175
3634 0 0 0 4.397141980007291
3635 0 0 0 11.62857806775719
3636 0 0 0 8.751675020903349
3637 0 0 0 14.538562041707337
3638 0 0 0 6.828328943811357
3639 0 0 0 14.10550600849092
3640 0 0 0 11.508273077197373
3641 0 0 0 14.39095800742507
3642 0 0 0 10.055379942059517
3643 0 0 0 11.426951037719846
3644 1 1041598 0.7096774 9.489040006883442
3645 0 0 0 16.069530043751
3646 0 0 0 4.820107016712427
3647 0 0 0 6.919895997270942
3648 0 0 0 6.890501012094319
3649 0 0 0 6.837466964498162
3650 0 0 0 5.228518042713404
3651 0 0 0 17.766983015462756
3652 0 0 0 7.63371994253248
3653 0 0 0 4.052403965033591
3654 0 0 0 15.826481976546347
3655 0 0 0 10.119708953425288
3656 0 0 0 10.36763598676771
3657 0 0 0 18.1411950616166
3658 0 0 0 5.101424059830606
3659 0 0 0 17.845396068878472
3660 0 0 0 17.202152987010777
3661 0 0 0 14.523966005071998
3662 0 0 0 18.215198069810867
3663 0 0 0 16.349729034118354
3664 0 0 0 10.003292933106422
3665 0 0 0 14.016625005751848
3666 0 0 0 14.407087001018226
3667 0 0 0 9.851730079390109
3668 0 0 0 14.430721988901496
3669 0 0 0 11.280911043286324
3670 0 0 0 7.824414991773665
3671 0 0 0 11.204028967767954
3672 0 0 0 14.600978000089526
3673 0 0 0 14.725039014592767
3674 0 0 0 10.283997980877757
3675 0 0 0 5.207682028412819
3676 0 0 0 18.581614014692605
3677 0 0 0 16.12377807032317
3678 0 0 0 5.3207200253382325
3679 0 0 0 11.639236006885767
3680 0 0 0 14.445089036598802
3681 0 0 0 17.900920007377863
3682 0 0 0 14.08925000578165
3683 0 0 0 4.208383965305984
3684 0 0 0 4.633898031897843
3685 0 0 0 4.993119975551963
3686 1 1662913 0.71428573 14.41258902195841
3687 0 0 0 14.14694800041616
3688 0 0 0 17.559509025886655
3689 0 0 0 11.358784046024084
3690 0 0 0 7.911395980045199
3691 0 0 0 15.754082007333636
3692 0 0 0 11.400821036659181
3693 0 0 0 10.083129978738725
3694 0 0 0 14.494401984848082
3695 0 0 0 14.245975064113736
3696 0 0 0 5.186224007047713
3697 0 0 0 17.888839938677847
3698 0 0 0 10.566779994405806
3699 0 0 0 12.343275011517107
3700 0 0 0 17.37845002207905
3701 0 0 0 15.732647967524827
3702 0 0 0 7.01457099057734
3703 0 0 0 8.008494041860104
3704 0 0 0 11.57932705245912
3705 0 0 0 9.946361999027431
3706 0 0 0 4.908467992208898
3707 0 0 0 17.475302098318934
3708 0 0 0 14.408433926291764
3709 0 0 0 10.154115967452526
3710 0 0 0 8.099554921500385
3711 0 0 0 17.431907006539404
3712 0 0 0 15.367868938483298
3713 0 0 0 10.196388931944966
3714 0 0 0 4.572299076244235
3715 0 0 0 18.81301694083959
3716 0 0 0 7.569124922156334
3717 0 0 0 17.26155902724713
3718 0 0 0 15.729133039712906
3719 0 0 0 18.558326992206275
3720 0 0 0 4.891250981017947
3721 0 0 0 5.532186012715101
3722 1 1964814 0.7 3.505671047605574
3723 0 0 0 4.250332014635205
3724 0 0 0 4.741391981951892
3725 0 0 0 11.942668003030121
3726 0 0 0 10.186127969063818
3727 0 0 0 16.17576798889786
3728 0 0 0 16.05330698657781
3729 0 0 0 16.003078897483647
3730 0 0 0 11.289793066680431
3731 0 0 0 14.418405015021563
3732 0 0 0 7.815912016667426
3733 0 0 0 15.958606032654643
3734 0 0 0 10.005090036429465
3735 0 0 0 15.764766023494303
3736 0 0 0 3.995607956312597
3737 0 0 0 17.623250954784453
3738 0 0 0 7.715460960753262
3739 0 0 0 11.19321200530976
3740 1 843835 0.71428573 17.9253889946267
3741 0 0 0 6.919032079167664
3742 0 0 0 18.17192800808698
3743 0 0 0 10.016273939982057
3744 0 0 0 9.900677017867565
3745 0 0 0 17.11594103835523
3746 0 0 0 4.024686990305781
3747 0 0 0 6.904164096340537
3748 1 687250 0.71428573 13.502376968972385
3749 0 0 0 16.104324022307992
3750 0 0 0 4.670812981203198
3751 0 0 0 11.521326028741896
3752 0 0 0 14.460133970715106
3753 0 0 0 20.09848307352513
3754 0 0 0 11.054647038690746
3755 0 0 0 12.414145050570369
3756 0 0 0 19.80643894057721
3757 0 0 0 12.519593932665884
3758 0 0 0 7.554330979473889
3759 0 0 0 8.690114016644657
3760 0 0 0 16.656068968586624
3761 0 0 0 17.114331014454365
3762 0 0 0 15.87830891367048
3763 0 0 0 7.450605975463986
3764 0 0 0 16.267557977698743
3765 0 0 0 15.428230981342494
3766 0 0 0 16.983639099635184
3767 0 0 0 11.992946965619922
3768 0 0 0 4.984162049368024
3769 0 0 0 11.090531945228577
3770 0 0 0 18.662394024431705
3771 0 0 0 8.252440020442009
3772 0 0 0 7.324311067350209
3773 0 0 0 19.40397301223129
3774 0 0 0 16.721213003620505
3775 0 0 0 16.217779950238764
3776 0 0 0 7.231415947899222
3777 0 0 0 10.326156974770129
3778 0 0 0 10.430193971842527
3779 0 0 0 17.347867018543184
3780 0 0 0 15.282655949704349
3781 0 0 0 17.505610012449324
3782 0 0 0 18.059015972539783
3783 0 0 0 20.84686199668795
3784 0 0 0 13.407010002993047
3785 0 0 0 12.110085925087333
3786 0 0 0 5.401399917900562
3787 0 0 0 17.014533979818225
3788 0 0 0 19.84333002474159
3789 0 0 0 15.762532013468444
3790 0 0 0 17.32900203205645
3791 0 0 0 5.08218992035836
3792 0 0 0 16.83718792628497
3793 0 0 0 5.594911985099316
3794 0 0 0 5.53840200882405
3795 0 0 0 8.013157057575881
3796 0 0 0 16.26736402977258
3797 0 0 0 16.131612937897444
3798 0 0 0 4.65205404907465
3799 0 0 0 7.5855550821870565
3800 0 0 0 5.4578849812969565
3801 0 0 0 11.63740805350244
3802 0 0 0 7.04142393078655
3803 0 0 0 4.845936084166169
3804 0 0 0 7.970325066708028
3805 0 0 0 17.852935008704662
3806 0 0 0 15.674537047743797
3807 0 0 0 15.747867990285158
3808 0 0 0 11.487465002574027
3809 0 0 0 10.081915999762714
3810 0 0 0 14.079603017307818
3811 0 0 0 15.693859895691276
3812 0 0 0 17.630150076001883
3813 0 0 0 7.7162450179457664
3814 0 0 0 17.38154294434935
3815 0 0 0 10.140868951566517
3816 0 0 0 15.496533014811575
3817 0 0 0 14.17540607508272
3818 0 0 0 10.063209920190275
3819 0 0 0 18.220184952951968
3820 0 0 0 18.638925976119936
3821 1 1002751 0.7058824 15.161780989728868
3822 0 0 0 14.57722403574735
3823 0 0 0 17.27818895597011
3824 0 0 0 17.336960998363793
3825 0 0 0 9.732378995977342
3826 0 0 0 9.695256012491882
3827 0 0 0 6.878129905089736
3828 1 1054451 0.71428573 15.240294975228608
3829 0 0 0 15.586997964419425
3830 0 0 0 4.095076001249254
3831 0 0 0 9.987025987356901
3832 0 0 0 20.151027012616396
3833 0 0 0 9.864015970379114
3834 0 0 0 11.64126896765083
3835 0 0 0 16.606696997769177
3836 0 0 0 9.65386803727597
3837 0 0 0 9.9348200019449
3838 0 0 0 14.045957941561937
3839 0 0 0 14.49637406039983
3840 0 0 0 5.629702936857939
3841 0 0 0 11.72808709088713
3842 0 0 0 10.243633994832635
3843 0 0 0 16.525416052900255
3844 0 0 0 17.82407599966973
3845 0 0 0 4.627982969395816
3846 0 0 0 5.184690933674574
3847 0 0 0 15.547791961580515
3848 0 0 0 17.697278992272913
3849 0 0 0 4.243358038365841
3850 0 0 0 17.10165000986308
3851 0 0 0 15.787056996487081
3852 0 0 0 9.901580982841551
3853 0 0 0 14.06022603623569
3854 0 0 0 5.250544054433703
3855 0 0 0 14.210258959792554
3856 0 0 0 14.667048933915794
3857 0 0 0 7.693105959333479
3858 1 1508216 0.7419355 10.110103990882635
3859 0 0 0 7.472675992175937
3860 0 0 0 13.983102049678564
3861 0 0 0 19.5398690411821
3862 0 0 0 14.555940986610949
3863 0 0 0 16.54986501671374
3864 0 0 0 17.756421002559364
3865 0 0 0 16.43522607628256
3866 0 0 0 15.567083959467709
3867 0 0 0 9.870850015431643
3868 0 0 0 14.06940899323672
3869 0 0 0 6.8960420321673155
3870 0 0 0 17.719130031764507
3871 0 0 0 5.205610999837518
3872 0 0 0 15.921576065011322
3873 1 2030514 0.7096774 14.99752001836896
3874 0 0 0 9.979443973861635
3875 0 0 0 10.066979913972318
3876 0 0 0 15.925285988487303
3877 0 0 0 35.04004899878055
3878 0 0 0 27.554319007322192
3879 0 0 0 32.629068940877914
3880 0 0 0 40.82774103153497
3881 1 1363702 0.81578946 32.34756598249078
3882 1 1250777 0.70454544 34.028518944978714
3883 0 0 0 21.33667003363371
3884 1 1552811 0.7083333 40.35198001656681
3885 0 0 0 25.795658002607524
3886 0 0 0 29.01000203564763
3887 0 0 0 22.939771064557135
3888 0 0 0 39.917796035297215
3889 0 0 0 37.57537202909589
3890 0 0 0 38.77408802509308
3891 0 0 0 37.565759965218604
3892 0 0 0 26.883249985985458
3893 0 0 0 38.67880906909704
3894 0 0 0 44.366287998855114
3895 0 0 0 33.69712003041059
3896 0 0 0 21.050125011242926
3897 0 0 0 37.15086809825152
3898 0 0 0 28.543352033011615
3899 0 0 0 35.68547801114619
3900 0 0 0 28.446895070374012
3901 0 0 0 37.66771301161498
3902 0 0 0 34.07514304853976
3903 0 0 0 41.5861529763788
3904 0 0 0 41.4295659866184
3905 0 0 0 23.30795000307262
3906 0 0 0 22.937671979889274
3907 0 0 0 20.335854962468147
3908 0 0 0 36.005893955007195
3909 0 0 0 35.730657051317394
3910 0 0 0 40.28794704936445
3911 0 0 0 35.474185016937554
3912 0 0 0 41.66724893730134
3913 0 0 0 32.07690501585603
3914 0 0 0 29.433795949444175
3915 0 0 0 29.617944033816457
3916 0 0 0 34.2335959430784
3917 0 0 0 28.781848028302193
3918 0 0 0 23.254713974893093
3919 0 0 0 26.968801976181567
3920 0 0 0 37.99344098661095
3921 1 1369425 0.7368421 31.150240916758776
3922 0 0 0 35.10192397516221
3923 0 0 0 28.044268023222685
3924 0 0 0 26.186925009824336
3925 0 0 0 32.47499803546816
3926 0 0 0 40.329049923457205
3927 0 0 0 38.63257588818669
3928 0 0 0 42.429934022948146
3929 0 0 0 32.62832702603191
3930 0 0 0 34.724501078017056
3931 0 0 0 39.38649909105152
3932 0 0 0 39.646235993131995
3933 0 0 0 20.985662005841732
3934 0 0 0 22.88596599828452
3935 0 0 0 32.8914939891547
3936 0 0 0 26.38077607844025
3937 0 0 0 32.60017489083111
3938 0 0 0 34.3628489645198
3939 0 0 0 32.34113892540336
3940 0 0 0 31.297715031541884
3941 0 0 0 31.90783702302724
3942 0 0 0 44.318645959720016
3943 0 0 0 40.613346034660935
3944 0 0 0 34.637533011846244
3945 0 0 0 26.525149936787784
3946 0 0 0 20.747122005559504
3947 0 0 0 40.03120900597423
3948 0 0 0 21.35172998532653
3949 0 0 0 28.043015976436436
3950 0 0 0 30.717900954186916
3951 0 0 0 35.57259205263108
3952 0 0 0 26.92598197609186
3953 0 0 0 32.39409206435084
3954 0 0 0 35.97530908882618
3955 0 0 0 33.972271950915456
3956 0 0 0 44.56524399574846
3957 0 0 0 22.064882912673056
3958 0 0 0 32.817836035974324
3959 0 0 0 34.1095159528777
3960 0 0 0 35.46027501579374
3961 0 0 0 22.775648976676166
3962 0 0 0 21.100864047184587
3963 0 0 0 28.161254012957215
3964 0 0 0 27.85659395158291
3965 0 0 0 41.07780510094017
3966 0 0 0 37.134233047254384
3967 0 0 0 37.19969396479428
3968 0 0 0 35.41498596314341
3969 0 0 0 32.63489995151758
3970 0 0 0 42.39149601198733
3971 0 0 0 37.66755200922489
3972 0 0 0 26.441207039169967
3973 0 0 0 39.8612329736352
3974 0 0 0 37.81458409503102
3975 0 0 0 27.000933070667088
3976 0 0 0 37.493941956199706
3977 0 0 0 35.98236106336117
3978 0 0 0 27.545962017029524
3979 0 0 0 22.102690069004893
3980 0 0 0 28.86719291564077
3981 0 0 0 38.8087920146063
3982 0 0 0 22.84161001443863
3983 0 0 0 40.088961948640645
3984 0 0 0 40.885078022256494
3985 0 0 0 41.25063004903495
3986 0 0 0 27.896343963220716
3987 0 0 0 38.80060894880444
3988 0 0 0 35.1762609789148
3989 0 0 0 34.286829992197454
3990 0 0 0 27.44566393084824
3991 0 0 0 35.13711807318032
3992 0 0 0 31.047766096889973
3993 0 0 0 39.71393802203238
3994 0 0 0 32.76092105079442
3995 0 0 0 37.90321503765881
3996 0 0 0 35.70175706408918
3997 0 0 0 28.449849924072623
3998 0 0 0 18.192376010119915
3999 0 0 0 23.13111291732639
4000 0 0 0 28.63472094759345
4001 0 0 0 31.519197043962777
4002 0 0 0 37.82805101945996
4003 0 0 0 27.818281902000308
4004 0 0 0 29.126586974598467
4005 0 0 0 45.80262000672519
4006 0 0 0 49.59285899531096
4007 0 0 0 35.554806934669614
4008 0 0 0 38.07204298209399
4009 0 0 0 22.603068966418505
4010 0 0 0 39.49784894939512
4011 0 0 0 26.574078015983105
4012 0 0 0 23.169319960288703
4013 0 0 0 42.90120501536876
4014 0 0 0 40.04911007359624
4015 0 0 0 42.04533796291798
4016 0 0 0 38.40340906754136
4017 0 0 0 20.635796012356877
4018 0 0 0 20.948864985257387
4019 0 0 0 28.40643795207143
4020 0 0 0 20.946711068972945
4021 0 0 0 35.95419100020081
4022 0 0 0 39.062905008904636
4023 0 0 0 35.84979195147753
4024 0 0 0 29.070412972941995
4025 0 0 0 23.235496948473155
4026 0 0 0 20.963078015483916
4027 0 0 0 38.42920402530581
4028 0 0 0 41.590236010961235
4029 0 0 0 29.973201919347048
4030 0 0 0 22.4579400382936
4031 0 0 0 35.32532404642552
4032 0 0 0 21.278660045936704
4033 0 0 0 32.993758912198246
4034 0 0 0 42.29430202394724
4035 0 0 0 23.120651952922344
4036 0 0 0 40.25944694876671
4037 0 0 0 23.432373069226742
4038 0 0 0 32.668752945028245
4039 0 0 0 35.9796549892053
4040 0 0 0 39.00477394927293
4041 0 0 0 28.562512015923858
4042 0 0 0 32.684421981684864
4043 0 0 0 26.15959499962628
4044 0 0 0 21.377463010139763
4045 0 0 0 39.399243891239166
4046 0 0 0 32.68888301681727
4047 0 0 0 21.59958495758474
4048 0 0 0 43.63603296224028
4049 0 0 0 38.52227795869112
4050 0 0 0 39.68195302877575
4051 1 1363750 0.71428573 21.654397947713733
4052 0 0 0 42.57581604178995
4053 1 600424 0.70454544 41.74669098574668
4054 1 1500776 0.7083333 41.825614986009896
4055 0 0 0 33.200565027073026
4056 0 0 0 41.93845100235194
4057 0 0 0 34.797777072526515
4058 0 0 0 33.827210892923176
4059 0 0 0 32.1495879907161
4060 0 0 0 38.69217203464359
4061 0 0 0 30.237052007578313
4062 0 0 0 35.14269494917244
4063 0 0 0 21.32148400414735
4064 0 0 0 31.784528982825577
4065 0 0 0 26.1345780454576
4066 0 0 0 20.579106989316642
4067 0 0 0 34.877961967140436
4068 0 0 0 35.472969990223646
4069 0 0 0 38.6048830114305
4070 0 0 0 23.140321020036936
4071 0 0 0 41.69871401973069
4072 0 0 0 37.17897704336792
4073 0 0 0 27.1435760660097
4074 0 0 0 26.401735027320683
4075 0 0 0 23.326887050643563
4076 0 0 0 35.64106801059097
4077 0 0 0 39.80968508403748
4078 0 0 0 21.3418819475919
4079 0 0 0 22.629666957072914
4080 0 0 0 42.127198074012995
4081 0 0 0 20.877107046544552
4082 0 0 0 38.189504062756896
4083 0 0 0 34.90721597336233
4084 0 0 0 41.48121306207031
4085 0 0 0 32.650150009430945
4086 0 0 0 43.162563000805676
4087 0 0 0 34.59087491501123
4088 0 0 0 31.09457402024418
4089 0 0 0 32.9811800038442
4090 0 0 0 38.83042105007917
4091 0 0 0 17.709207022562623
4092 0 0 0 20.659532980062068
4093 0 0 0 38.880089996382594
4094 0 0 0 33.015848021022975
4095 0 0 0 26.40925091691315
4096 0 0 0 37.96665801201016
4097 0 0 0 23.387213936075568
4098 0 0 0 38.38505898602307
4099 0 0 0 20.813127979636192
4100 0 0 0 28.011418995447457
4101 0 0 0 26.39876795001328
4102 0 0 0 35.980426939204335
4103 0 0 0 21.80733811110258
4104 0 0 0 34.51109805610031
4105 0 0 0 37.72097500041127
4106 0 0 0 39.0228689648211
4107 0 0 0 33.010418992489576
4108 0 0 0 42.3549689585343
4109 0 0 0 39.723753929138184
4110 0 0 0 27.7956819627434
4111 0 0 0 23.061429033987224
4112 0 0 0 42.197356931865215
4113 0 0 0 26.34522400330752
4114 0 0 0 32.83520904369652
4115 0 0 0 29.54000304453075
4116 0 0 0 35.76544893439859
4117 0 0 0 21.31048298906535
4118 1 1248603 0.7083333 43.42408408410847
4119 0 0 0 43.69907302316278
4120 0 0 0 19.279688014648855
4121 0 0 0 35.520188976079226
4122 0 0 0 29.0093959774822
4123 0 0 0 44.26781402435154
4124 1 1458511 0.71428573 35.514986026100814
4125 0 0 0 47.328070970252156
4126 0 0 0 24.568408029153943
4127 0 0 0 34.6645750105381
4128 0 0 0 35.456063924357295
4129 0 0 0 36.7451049387455
4130 1 1163250 0.7083333 58.79978509619832
4131 0 0 0 45.27795303147286
4132 0 0 0 49.17420109268278
4133 0 0 0 51.13244999665767
4134 1 1627206 0.70454544 54.511934984475374
4135 0 0 0 27.667277958244085
4136 0 0 0 46.94019805174321
4137 0 0 0 52.1066909423098
4138 0 0 0 45.48104596324265
4139 0 0 0 41.50885797571391
4140 0 0 0 62.753277947194874
4141 0 0 0 48.86426101438701
4142 0 0 0 62.413546023890376
4143 0 0 0 53.97117102984339
4144 0 0 0 35.11141403578222
4145 0 0 0 27.357409009709954
4146 0 0 0 27.361259912140667
4147 1 1791162 0.70731705 40.49363604281098
4148 0 0 0 42.307471041567624
4149 0 0 0 47.51960700377822
4150 0 0 0 24.913032073527575
4151 1 1276683 1.0 21.70927810948342
4152 0 0 0 43.71076391544193
4153 0 0 0 46.534415101632476
4154 0 0 0 46.25197290442884
4155 0 0 0 25.469113956205547
4156 0 0 0 38.281426997855306
4157 0 0 0 35.15431401319802
4158 0 0 0 29.76118610240519
4159 0 0 0 43.517780024558306
4160 0 0 0 49.10557297989726
4161 0 0 0 49.880428006872535
4162 0 0 0 33.01401005592197
4163 0 0 0 35.91785405296832
4164 0 0 0 37.670140969567
4165 0 0 0 22.338412003591657
4166 0 0 0 29.711151961237192
4167 0 0 0 46.09787906520069
4168 0 0 0 37.37225104123354
4169 0 0 0 24.59184394683689
4170 0 0 0 24.735548067837954
4171 0 0 0 26.795050012879074
4172 0 0 0 31.947056064382195
4173 0 0 0 41.94299003574997
4174 0 0 0 28.705902979709208
4175 0 0 0 39.65180600062013
4176 0 0 0 33.11162407044321
4177 0 0 0 41.5593299549073
4178 1 1323167 0.75 21.080360980704427
4179 0 0 0 27.637541061267257
4180 0 0 0 37.274956004694104
4181 0 0 0 38.42961904592812
4182 0 0 0 22.714289953000844
4183 0 0 0 28.62190594896674
4184 0 0 0 32.46178606059402
4185 0 0 0 34.656091942451894
4186 0 0 0 32.58108301088214
4187 0 0 0 43.15853107254952
4188 0 0 0 34.730409970507026
4189 0 0 0 31.98451898060739
4190 0 0 0 37.83091495279223
4191 0 0 0 32.2654249612242
4192 0 0 0 34.77870300412178
4193 0 0 0 31.646432005800307
4194 0 0 0 44.379646074958146
4195 0 0 0 29.446455999277532
4196 0 0 0 35.006051999516785
4197 0 0 0 39.24515307880938
4198 0 0 0 44.221256976015866
4199 0 0 0 23.067499976605177
4200 0 0 0 37.971531972289085
4201 0 0 0 28.142648050561547
4202 0 0 0 33.06019108276814
4203 1 1047634 0.7058824 29.118477017618716
4204 0 0 0 22.14611100498587
4205 0 0 0 35.03391903359443
4206 0 0 0 39.40173203591257
4207 0 0 0 40.123327053152025
4208 0 0 0 20.729508949443698
4209 0 0 0 32.73110499139875
4210 0 0 0 22.777511039748788
4211 0 0 0 21.162085933610797
4212 0 0 0 31.80273703765124
4213 0 0 0 20.970301004126668
4214 0 0 0 35.19975894596428
4215 0 0 0 27.040885062888265
4216 0 0 0 23.10471097007394
4217 0 0 0 21.569380071014166
4218 0 0 0 39.02575001120567
4219 0 0 0 28.042276040650904
4220 0 0 0 42.23312309477478
4221 0 0 0 28.741949936375022
4222 0 0 0 43.98733098059893
4223 0 0 0 40.360060054808855
4224 0 0 0 39.89778796676546
4225 0 0 0 33.68007601238787
4226 0 0 0 32.35133597627282
4227 0 0 0 23.107209941372275
4228 0 0 0 37.34414209611714
4229 0 0 0 35.596322966739535
4230 0 0 0 39.66032702010125
4231 0 0 0 36.90577100496739
4232 0 0 0 21.600822918117046
4233 0 0 0 39.75369897671044
4234 0 0 0 41.66008799802512
4235 0 0 0 22.764371940866113
4236 0 0 0 28.10874697752297
4237 0 0 0 34.67102500144392
4238 0 0 0 38.90326095279306
4239 0 0 0 40.45804194174707
4240 0 0 0 34.32849096134305
4241 0 0 0 37.657625041902065
4242 0 0 0 40.47667910344899
4243 0 0 0 42.654032935388386
4244 0 0 0 22.897280054166913
4245 0 0 0 37.95339202042669
4246 0 0 0 23.215751978568733
4247 0 0 0 21.62067499011755
4248 0 0 0 24.284729966893792
4249 0 0 0 22.766467998735607
4250 0 0 0 41.76015802659094
4251 0 0 0 42.622454930096865
4252 0 0 0 39.266730076633394
4253 0 0 0 37.39046899136156
4254 0 0 0 44.07804494258016
4255 0 0 0 35.65661795437336
4256 0 0 0 34.936696058139205
4257 0 0 0 26.028441032394767
4258 0 0 0 44.28307991474867
4259 0 0 0 39.43862102460116
4260 0 0 0 38.10286696534604
4261 0 0 0 39.12736300844699
4262 1 423749 0.70731705 23.499337024986744
4263 0 0 0 40.13273597229272
4264 0 0 0 38.66389999166131
4265 0 0 0 38.21865899953991
4266 0 0 0 26.312949019484222
4267 0 0 0 22.79683295637369
4268 0 0 0 38.185911951586604
4269 0 0 0 36.61747893784195
4270 0 0 0 21.449021995067596
4271 1 1107152 0.7027027 22.709937999024987
4272 0 0 0 26.128289056941867
4273 1 1803270 0.70454544 37.153665092773736
4274 0 0 0 22.85489288624376
4275 0 0 0 17.560746986418962
4276 0 0 0 27.01957698445767
4277 0 0 0 36.54945397283882
4278 0 0 0 21.237175911664963
4279 1 1018474 0.7027027 28.850132948718965
4280 0 0 0 33.20095199160278
4281 1 1361731 0.74418604 32.03644196037203
4282 0 0 0 43.499069986864924
4283 0 0 0 26.270761038176715
4284 1 1280952 0.7291667 38.93698798492551
4285 0 0 0 17.904147040098906
4286 0 0 0 43.53727702982724
4287 0 0 0 41.839582030661404
4288 0 0 0 34.24797405023128
4289 0 0 0 33.69389509316534
4290 0 0 0 24.169272975996137
4291 0 0 0 41.330163017846644
4292 0 0 0 40.857176994904876
4293 0 0 0 34.75741297006607
4294 0 0 0 42.956540011800826
4295 0 0 0 20.982453017495573
4296 0 0 0 39.62975298054516
4297 0 0 0 26.903646998107433
4298 0 0 0 36.25313506927341
4299 0 0 0 38.143981946632266
4300 0 0 0 38.71000499930233
4301 0 0 0 40.51581397652626
4302 0 0 0 21.269663935527205
4303 0 0 0 32.91602700483054
4304 0 0 0 34.80095404665917
4305 0 0 0 37.98928705509752
4306 0 0 0 39.284475962631404
4307 0 0 0 31.770867994055152
4308 0 0 0 23.317284998483956
4309 0 0 0 40.588801028206944
4310 0 0 0 35.57497798465192
4311 0 0 0 34.47343804873526
4312 0 0 0 27.56201208103448
4313 0 0 0 40.51776393316686
4314 0 0 0 38.09149900916964
4315 0 0 0 31.699907034635544
4316 0 0 0 22.83832395914942
4317 0 0 0 33.017087960615754
4318 0 0 0 22.573670954443514
4319 0 0 0 33.24907703790814
4320 0 0 0 24.565587053075433
4321 0 0 0 29.334043036215007
4322 0 0 0 43.140540015883744
4323 0 0 0 40.47450493089855
4324 0 0 0 24.90957290865481
4325 0 0 0 23.735209018923342
4326 0 0 0 35.02673690672964
4327 0 0 0 28.988142032176256
4328 0 0 0 20.916289067827165
4329 0 0 0 32.898603938519955
4330 0 0 0 33.133633085526526
4331 0 0 0 38.49664703011513
4332 0 0 0 29.852951993234456
4333 0 0 0 22.496437071822584
4334 0 0 0 38.54811389464885
4335 0 0 0 30.127445934340358
4336 0 0 0 34.603578969836235
4337 0 0 0 26.77799400407821
4338 0 0 0 41.561770951375365
4339 0 0 0 17.500772955827415
4340 0 0 0 32.575363060459495
4341 0 0 0 42.061794083565474
4342 0 0 0 21.518335910513997
4343 0 0 0 40.83116690162569
4344 0 0 0 35.40956799406558
4345 0 0 0 34.35180801898241
4346 0 0 0 39.850843022577465
4347 0 0 0 23.12793198507279
4348 0 0 0 34.42943992558867
4349 0 0 0 23.094901000149548
4350 0 0 0 34.271333017386496
4351 0 0 0 42.248830082826316
4352 0 0 0 33.60024408902973
4353 0 0 0 39.400047971867025
4354 0 0 0 27.84314996097237
4355 0 0 0 34.49109802022576
4356 0 0 0 20.922346971929073
4357 0 0 0 20.81705501768738
4358 0 0 0 24.042814038693905
4359 0 0 0 28.86535902507603
4360 0 0 0 22.94980303850025
4361 0 0 0 31.402058084495366
4362 0 0 0 33.529939013533294
4363 0 0 0 34.809898934327066
4364 0 0 0 39.495519013144076
4365 0 0 0 28.581934981048107
4366 0 0 0 29.025607043877244
4367 0 0 0 35.88907897938043
4368 0 0 0 34.87243200652301
4369 0 0 0 36.81157005485147
4370 0 0 0 38.86291792150587
4371 0 0 0 22.472330019809306
4372 0 0 0 42.366760899312794
4373 0 0 0 16.44750195555389
4374 0 0 0 30.319671030156314
4375 0 0 0 43.9134209882468
4376 0 0 0 28.925990918651223
4377 0 0 0 48.26667904853821
4378 0 0 0 48.593593994155526
4379 0 0 0 47.18758806120604
4380 0 0 0 48.0299589689821
4381 0 0 0 50.74413900729269
4382 0 0 0 47.54461208358407
4383 0 0 0 42.468845029361546
4384 0 0 0 47.04136599320918
4385 0 0 0 48.440443933941424
4386 0 0 0 45.629204949364066
4387 0 0 0 49.05973304994404
4388 0 0 0 48.10842196457088
4389 0 0 0 47.08279704209417
4390 0 0 0 49.237039987929165
4391 0 0 0 50.34155596513301
4392 1 1272398 0.7234042 44.88906601909548
4393 1 1265945 0.71428573 49.78187393862754
4394 0 0 0 51.6887049889192
4395 0 0 0 50.00552302226424
4396 0 0 0 48.25170699041337
4397 0 0 0 49.43856399040669
4398 0 0 0 49.31256698910147
4399 0 0 0 45.6697519402951
4400 0 0 0 49.39692898187786
4401 0 0 0 48.63931005820632
4402 0 0 0 48.23237401433289
4403 1 1353602 0.73913044 43.18136093206704
4404 0 0 0 45.5535490764305
4405 0 0 0 46.9116730382666
4406 0 0 0 45.101247960701585
4407 0 0 0 46.9104420626536
4408 0 0 0 48.58955601230264
4409 0 0 0 42.71813598461449
4410 0 0 0 49.39154803287238
4411 0 0 0 48.1470029335469
4412 0 0 0 49.54819905105978
4413 0 0 0 46.97697109077126
4414 0 0 0 48.28861402347684
4415 0 0 0 45.75665609445423
4416 0 0 0 48.50711999461055
4417 0 0 0 45.892007066868246
4418 0 0 0 50.785369938239455
4419 0 0 0 47.60548996273428
4420 0 0 0 47.66428505536169
4421 0 0 0 47.01643704902381
4422 0 0 0 48.42949809972197
4423 0 0 0 46.21362895704806
4424 0 0 0 44.02249399572611
4425 0 0 0 49.6731330640614
4426 0 0 0 44.201408978551626
4427 0 0 0 47.25817299913615
4428 0 0 0 42.69452497828752
4429 0 0 0 46.746966894716024
4430 0 0 0 46.36247199960053
4431 0 0 0 52.20070492941886
4432 0 0 0 51.09369195997715
4433 0 0 0 48.69699198752642
4434 0 0 0 45.518576982431114
4435 0 0 0 56.07758602127433
4436 0 0 0 55.47214893158525
4437 0 0 0 55.23011204786599
4438 0 0 0 57.16740095522255
4439 0 0 0 54.97909395489842
4440 0 0 0 57.39664600696415
4441 1 843888 0.71428573 42.5395299680531
4442 0 0 0 57.818209985271096
4443 0 0 0 53.89907700009644
4444 0 0 0 59.92919998243451
4445 0 0 0 52.87614406552166
4446 0 0 0 50.01536395866424
4447 0 0 0 48.07893990073353
4448 0 0 0 42.806043988093734
4449 0 0 0 47.136125969700515
4450 0 0 0 46.118807047605515
4451 0 0 0 41.88613605219871
4452 0 0 0 48.48614404909313
4453 0 0 0 47.136089066043496
4454 0 0 0 43.145720032043755
4455 0 0 0 46.77623196039349
4456 0 0 0 41.81519593112171
4457 0 0 0 48.76270203385502
4458 0 0 0 46.74131306819618
4459 0 0 0 54.508302942849696
4460 0 0 0 54.5469670323655
4461 0 0 0 52.73494799621403
4462 0 0 0 46.017840038985014
4463 0 0 0 46.62578797433525
4464 0 0 0 48.12328703701496
4465 0 0 0 48.00679790787399
4466 0 0 0 48.47392707597464
4467 0 0 0 46.24610906466842
4468 0 0 0 48.485573031939566
4469 0 0 0 47.58083599153906
4470 0 0 0 48.23500395286828
4471 0 0 0 48.320568981580436
4472 0 0 0 47.09294100757688
4473 0 0 0 46.75553797278553
4474 0 0 0 47.32293693814427
4475 0 0 0 48.57675509992987
4476 1 1356085 0.81632656 44.82176108285785
4477 0 0 0 48.365688999183476
4478 0 0 0 44.995374977588654
4479 0 0 0 44.51815795619041
4480 0 0 0 45.038750977255404
4481 0 0 0 44.64836802799255
4482 0 0 0 51.77499703131616
4483 0 0 0 46.924254042096436
4484 0 0 0 43.064119992777705
4485 0 0 0 48.629063996486366
4486 0 0 0 45.70119106210768
4487 0 0 0 48.803823068737984
4488 0 0 0 49.61737897247076
4489 0 0 0 47.25760000292212
4490 0 0 0 49.64490805286914
4491 0 0 0 46.30686901509762
4492 0 0 0 43.94783009774983
4493 0 0 0 49.53589499928057
4494 0 0 0 47.97322198282927
4495 0 0 0 50.110719981603324
4496 0 0 0 45.17342196777463
4497 0 0 0 49.35301805380732
4498 0 0 0 44.99480000231415
4499 0 0 0 49.30739593692124
4500 0 0 0 49.18647697195411
4501 0 0 0 46.20921891182661
4502 0 0 0 46.96799302473664
4503 0 0 0 46.94345302414149
4504 0 0 0 48.20957803167403
4505 0 0 0 45.78229901380837
4506 0 0 0 42.26199199911207
4507 0 0 0 46.980684041045606
4508 0 0 0 45.912859961390495
4509 0 0 0 47.953180968761444
4510 0 0 0 48.562846961431205
4511 0 0 0 51.34682997595519
4512 1 323620 0.7017544 48.48091793246567
4513 0 0 0 48.349278047680855
4514 0 0 0 47.88794706109911
4515 0 0 0 46.039660926908255
4516 0 0 0 50.59124599210918
4517 0 0 0 49.356590025126934
4518 0 0 0 48.216728027909994
4519 0 0 0 42.37411101348698
4520 0 0 0 48.39270608499646
4521 0 0 0 47.8949659736827
4522 0 0 0 46.79442604538053
4523 0 0 0 47.119661001488566
4524 0 0 0 51.860678009688854
4525 0 0 0 47.065217047929764
4526 0 0 0 51.06078600510955
4527 0 0 0 49.24200498498976
4528 0 0 0 49.19255501590669
4529 0 0 0 48.33007894922048
4530 0 0 0 46.945875976234674
4531 0 0 0 52.159129991196096
4532 1 1003332 0.7037037 48.43367706052959
4533 0 0 0 46.88208200968802
4534 0 0 0 59.96860098093748
4535 0 0 0 49.73857698496431
4536 0 0 0 50.86523399222642
4537 0 0 0 50.565302022732794
4538 1 1426751 0.7058824 51.88613408245146
4539 0 0 0 52.39508405793458
4540 0 0 0 49.318911973387
4541 0 0 0 50.1808519475162
4542 0 0 0 49.52131793834269
4543 0 0 0 48.96916204597801
4544 0 0 0 45.593152986839414
4545 1 1290025 0.7826087 37.966764997690916
4546 0 0 0 47.85914393141866
4547 0 0 0 50.864821998402476
4548 0 0 0 44.34067290276289
4549 0 0 0 47.89180099032819
4550 0 0 0 45.19185202661902
4551 0 0 0 42.96822799369693
4552 0 0 0 43.88207499869168
4553 1 447689 0.7291667 46.37367895338684
4554 0 0 0 47.16252093203366
4555 0 0 0 46.042204019613564
4556 0 0 0 47.03238804358989
4557 0 0 0 51.62041203584522
4558 0 0 0 53.518895991146564
4559 0 0 0 50.464336993172765
4560 0 0 0 42.46167198289186
4561 0 0 0 46.39666108414531
4562 0 0 0 52.63434792868793
4563 0 0 0 45.61712592840195
4564 0 0 0 51.81136692408472
4565 0 0 0 46.82039201725274
4566 0 0 0 55.49049994442612
4567 1 1336480 0.74 53.2228269148618
4568 0 0 0 65.92156598344445
4569 1 2379105 0.71153843 51.88562592957169
4570 0 0 0 52.52803198527545
4571 0 0 0 48.73634804971516
4572 0 0 0 43.78782503772527
4573 0 0 0 74.93138697464019
4574 0 0 0 71.447295951657
4575 0 0 0 70.25356695521623
4576 0 0 0 71.24820305034518
4577 0 0 0 66.1388230510056
4578 0 0 0 55.399205069988966
4579 0 0 0 54.42416307050735
4580 0 0 0 54.54610090237111
4581 0 0 0 54.740151041187346
4582 0 0 0 50.89196504559368
4583 0 0 0 58.057527989149094
4584 0 0 0 58.66261397022754
4585 0 0 0 60.287317959591746
4586 0 0 0 69.80540999211371
4587 0 0 0 55.836362997069955
4588 0 0 0 52.26917506661266
4589 0 0 0 49.9647599644959
4590 0 0 0 51.04623991064727
4591 0 0 0 45.671597006730735
4592 0 0 0 47.863227082416415
4593 0 0 0 47.53060801886022
4594 0 0 0 47.7116359397769
4595 0 0 0 50.591266015544534
4596 0 0 0 46.81662796065211
4597 0 0 0 55.32826203852892
4598 0 0 0 50.6042989436537
4599 0 0 0 47.43573989253491
4600 0 0 0 52.182857994921505
4601 0 0 0 54.26697200164199
4602 0 0 0 45.28702306561172
4603 0 0 0 51.46291700657457
4604 0 0 0 46.07119597494602
4605 0 0 0 47.48851107433438
4606 0 0 0 47.48295992612839
4607 0 0 0 52.4711610050872
4608 0 0 0 59.67975698877126
4609 0 0 0 48.63382992334664
4610 0 0 0 50.2262890804559
4611 0 0 0 51.43277905881405
4612 0 0 0 52.944624912925065
4613 0 0 0 47.364469966851175
4614 0 0 0 49.113995977677405
4615 0 0 0 50.83252093754709
4616 0 0 0 57.16150801163167
4617 0 0 0 51.401459029875696
4618 0 0 0 48.77932299859822
4619 0 0 0 49.03832799755037
4620 0 0 0 49.21696393284947
4621 0 0 0 46.91927693784237
4622 0 0 0 51.7554470570758
4623 0 0 0 48.115434939973056
4624 1 1257888 0.7058824 56.333967950195074
4625 0 0 0 48.964790999889374
4626 0 0 0 55.39102607872337
4627 0 0 0 51.78635602351278
4628 0 0 0 55.55400799494237
4629 0 0 0 58.74110106378794
4630 0 0 0 47.78700694441795
4631 0 0 0 51.53203895315528
4632 0 0 0 49.30028202943504
4633 1 1410103 0.7058824 48.95168903749436
4634 0 0 0 47.848357004113495
4635 0 0 0 47.07205796148628
4636 0 0 0 48.249661922454834
4637 0 0 0 43.99759299121797
4638 0 0 0 51.73978803213686
4639 0 0 0 44.5732360240072
4640 1 1434550 0.7169811 47.62797593139112
4641 0 0 0 45.0991919497028
4642 0 0 0 46.67931096628308
4643 0 0 0 54.48395397979766
4644 0 0 0 49.423609976656735
4645 0 0 0 48.2318369904533
4646 0 0 0 50.55310402531177
4647 0 0 0 44.06227299477905
4648 0 0 0 51.28299898933619
4649 0 0 0 44.191973051056266
4650 0 0 0 45.912087080068886
4651 0 0 0 45.32762197777629
4652 0 0 0 50.24774803314358
4653 0 0 0 59.566291980445385
4654 0 0 0 53.32430696580559
4655 0 0 0 51.89946200698614
4656 0 0 0 58.97950800135732
4657 0 0 0 52.15288989711553
4658 0 0 0 59.05961408279836
4659 0 0 0 62.54611094482243
4660 0 0 0 52.398594096302986
4661 0 0 0 46.40532506164163
4662 0 0 0 46.19693092536181
4663 0 0 0 49.588678986765444
4664 0 0 0 48.14023291692138
4665 0 0 0 46.190124936401844
4666 0 0 0 48.664359957911074
4667 0 0 0 45.91607104521245
4668 0 0 0 55.28276308905333
4669 0 0 0 47.146935015916824
4670 0 0 0 51.43177602440119
4671 1 1260565 0.7962963 45.28548091184348
4672 0 0 0 45.496774022467434
4673 0 0 0 50.969268078915775
4674 1 1351470 0.72727275 50.077283987775445
4675 0 0 0 46.56550695654005
4676 0 0 0 48.0371390003711
4677 0 0 0 43.95450802985579
4678 0 0 0 48.904509050771594
4679 0 0 0 53.02831798326224
4680 0 0 0 47.257257043384016
4681 0 0 0 46.85884597711265
4682 0 0 0 47.711536986753345
4683 0 0 0 46.98500200174749
4684 0 0 0 47.085054917261004
4685 0 0 0 45.44189397711307
4686 0 0 0 53.08429093565792
4687 0 0 0 49.315336043946445
4688 0 0 0 47.31436294969171
4689 0 0 0 44.333312078379095
4690 0 0 0 47.34250798355788
4691 0 0 0 49.93067297618836
4692 0 0 0 48.589661018922925
4693 0 0 0 46.23348102904856
4694 0 0 0 44.08047709148377
4695 0 0 0 47.93086496647447
4696 0 0 0 43.417484033852816
4697 0 0 0 49.04950701165944
4698 0 0 0 45.63932295423001
4699 0 0 0 48.89128007926047
4700 0 0 0 49.336779047735035
4701 0 0 0 46.99008504394442
4702 0 0 0 47.09558596368879
4703 0 0 0 48.34371095057577
4704 1 1104953 0.7 42.56573098246008
4705 0 0 0 48.08723891619593
4706 0 0 0 45.05471105221659
4707 0 0 0 47.052416019141674
4708 0 0 0 43.665018980391324
4709 0 0 0 49.08678401261568
4710 0 0 0 50.17200100701302
4711 0 0 0 47.640640987083316
4712 0 0 0 52.72246396634728
4713 0 0 0 49.611945054493845
4714 0 0 0 44.24829105846584
4715 0 0 0 47.428781050257385
4716 0 0 0 48.75475401058793
4717 0 0 0 56.1944879591465
4718 0 0 0 45.250825001858175
4719 0 0 0 49.38444204162806
4720 0 0 0 47.601043013855815
4721 0 0 0 45.509975985623896
4722 0 0 0 55.04531098995358
4723 0 0 0 49.59738103207201
4724 0 0 0 48.93502697814256
4725 0 0 0 50.43038597796112
4726 0 0 0 45.517439022660255
4727 0 0 0 47.011488932184875
4728 0 0 0 49.722102005034685
4729 0 0 0 46.8974569812417
4730 0 0 0 46.73010902479291
4731 0 0 0 41.86392994597554
4732 0 0 0 46.18900001514703
4733 0 0 0 48.63066703546792
4734 0 0 0 47.54345503170043
4735 0 0 0 51.17111105937511
4736 0 0 0 46.01221694611013
4737 0 0 0 51.919747958891094
4738 0 0 0 46.57847003545612
4739 0 0 0 49.202693975530565
4740 0 0 0 47.019083984196186
4741 0 0 0 48.38219506200403
4742 1 1353513 0.7090909 47.30259208008647
4743 0 0 0 47.628631931729615
4744 0 0 0 48.027801094576716
4745 0 0 0 45.55814794730395
4746 0 0 0 46.91284301225096
4747 0 0 0 47.603075043298304
4748 0 0 0 41.76308203022927
4749 0 0 0 44.04984903521836
4750 0 0 0 45.37991399411112
4751 0 0 0 48.15898300148547
4752 0 0 0 47.50641109421849
4753 1 1267217 1.0 33.42367196455598
4754 0 0 0 46.778367017395794
4755 0 0 0 44.08358398359269
4756 0 0 0 48.80942602176219
4757 0 0 0 48.46292803995311
4758 0 0 0 43.53648005053401
4759 0 0 0 49.782254034653306
4760 0 0 0 48.16330294124782
4761 0 0 0 50.760788028128445
4762 1 835674 0.7037037 48.88342507183552
4763 0 0 0 47.89332195650786
4764 0 0 0 50.36816105712205
4765 0 0 0 48.517821938730776
4766 0 0 0 45.71064398624003
4767 0 0 0 49.75375498179346
4768 0 0 0 44.62529206648469
4769 0 0 0 44.29576301481575
4770 0 0 0 46.26813100185245
4771 0 0 0 48.82069490849972
4772 1 825076 0.7254902 52.54860408604145
4773 0 0 0 57.73117591161281
4774 0 0 0 49.566712928935885
4775 0 0 0 52.15073295403272
4776 0 0 0 46.25784000381827
4777 0 0 0 50.90574896894395
4778 0 0 0 51.377664087340236
4779 0 0 0 54.047779995016754
4780 0 0 0 49.73550303839147
4781 0 0 0 47.67983499914408
4782 0 0 0 48.517409013584256
4783 0 0 0 51.364726037718356
4784 0 0 0 49.68904296401888
4785 0 0 0 56.772027048282325
4786 0 0 0 56.442378903739154
4787 0 0 0 53.289499948732555
4788 0 0 0 49.35546906199306
4789 0 0 0 49.08156406600028
4790 1 1336421 0.7 47.15696000494063
4791 0 0 0 51.25476501416415
4792 0 0 0 52.86114593036473
4793 0 0 0 49.231333076022565
4794 0 0 0 48.1325110886246
4795 0 0 0 52.04954603686929
4796 0 0 0 50.098389969207346
4797 0 0 0 44.63047708850354
4798 0 0 0 48.922140966169536
4799 0 0 0 52.227182080969214
4800 0 0 0 53.054612944833934
4801 0 0 0 45.996838016435504
4802 0 0 0 47.76792507618666
4803 0 0 0 51.06339091435075
4804 0 0 0 47.15123400092125
4805 0 0 0 46.846018987707794
4806 0 0 0 46.80306604132056
4807 0 0 0 53.01624501589686
4808 0 0 0 55.64731499180198
4809 0 0 0 42.8818300133571
4810 0 0 0 47.11571801453829
4811 0 0 0 57.33726790640503
4812 0 0 0 45.84395105484873
4813 0 0 0 56.07446806970984
4814 0 0 0 53.49710304290056
4815 0 0 0 45.67887191660702
4816 0 0 0 54.00411400478333
4817 0 0 0 49.991448991931975
4818 0 0 0 58.238588040694594
4819 0 0 0 51.446796976961195
4820 0 0 0 46.37424799147993
4821 0 0 0 48.80377394147217
4822 0 0 0 48.229948966763914
4823 0 0 0 46.479883952997625
4824 0 0 0 51.83059198316187
4825 0 0 0 48.959432053379714
4826 0 0 0 52.64606804121286
4827 0 0 0 48.451918992213905
4828 0 0 0 48.94478200003505
4829 0 0 0 45.349317020736635
4830 0 0 0 48.4583149664104
4831 0 0 0 47.04515996854752
4832 0 0 0 48.52234199643135
4833 0 0 0 46.565023018047214
4834 0 0 0 50.608010962605476
4835 0 0 0 46.25680099707097
4836 0 0 0 44.99131394550204
4837 0 0 0 48.87509299442172
4838 0 0 0 51.67793401051313
4839 0 0 0 48.78112603910267
4840 0 0 0 58.22384310886264
4841 0 0 0 52.291802945546806
4842 0 0 0 54.53444900922477
4843 0 0 0 49.63546304497868
4844 0 0 0 49.2534099612385
4845 0 0 0 48.95736102480441
4846 0 0 0 51.677995012141764
4847 0 0 0 47.15567105449736
4848 0 0 0 49.22933294437826
4849 0 0 0 45.257294084876776
4850 0 0 0 50.735347089357674
4851 0 0 0 52.14225593954325
4852 0 0 0 51.33056209888309
4853 0 0 0 49.94004499167204
4854 0 0 0 41.8611909262836
4855 0 0 0 50.172431976534426
4856 0 0 0 51.34549597278237
4857 0 0 0 48.32268401514739
4858 0 0 0 47.19350999221206
4859 0 0 0 53.28689003363252
4860 0 0 0 50.48862600233406
4861 0 0 0 50.42631400283426
4862 1 1278901 0.7037037 52.45355691295117
4863 0 0 0 51.17465800140053
4864 0 0 0 56.34557700250298
4865 0 0 0 53.01049095578492
4866 0 0 0 54.518825956620276
4867 0 0 0 50.99493300076574
4868 1 1700256 0.7083333 46.34782997891307
4869 0 0 0 51.062296028248966
4870 0 0 0 47.83763689920306
4871 0 0 0 46.68450797908008
4872 0 0 0 53.06061904411763
4873 0 0 0 47.76510898955166
4874 0 0 0 45.98579904995859
4875 0 0 0 43.51170395966619
4876 0 0 0 48.09785098768771
4877 0 0 0 45.63584097195417
4878 0 0 0 44.08322705421597
4879 0 0 0 43.18532894831151
4880 0 0 0 45.63986603170633
4881 0 0 0 43.312783003784716
4882 0 0 0 47.620833036489785
4883 0 0 0 48.148553003557026
4884 0 0 0 43.37463900446892
4885 0 0 0 45.20327306818217
4886 0 0 0 44.744601007550955
4887 0 0 0 48.109026974998415
4888 0 0 0 48.38289797771722
4889 0 0 0 42.09422902204096
4890 0 0 0 47.837618039920926
4891 0 0 0 46.026980970054865
4892 0 0 0 42.15612297412008
4893 0 0 0 46.32903600577265
4894 0 0 0 47.47694497928023
4895 0 0 0 44.627295108512044
4896 0 0 0 47.97988396603614
4897 0 0 0 46.010675956495106
4898 0 0 0 48.70988393668085
4899 0 0 0 47.78853594325483
4900 0 0 0 43.65507699549198
4901 0 0 0 47.73789690807462
4902 0 0 0 46.47296108305454
4903 0 0 0 50.83673004992306
4904 0 0 0 48.90678508672863
4905 0 0 0 51.58815300092101
4906 0 0 0 45.318522956222296
4907 0 0 0 46.954667079262435
4908 0 0 0 52.346318028867245
4909 0 0 0 51.418990013189614
4910 0 0 0 45.472059049643576
4911 0 0 0 46.869669924490154
4912 0 0 0 45.419640955515206
4913 0 0 0 47.67068801447749
4914 0 0 0 47.31554398313165
4915 0 0 0 49.157285946421325
4916 0 0 0 46.43242200836539
4917 0 0 0 45.776138082146645
4918 0 0 0 46.93168099038303
4919 0 0 0 46.89155099913478
4920 0 0 0 51.1962550226599
4921 0 0 0 44.14579109288752
4922 0 0 0 55.395000032149255
4923 0 0 0 42.4263970926404
4924 0 0 0 47.99847805406898
4925 0 0 0 42.51211998052895
4926 0 0 0 53.670285968109965
4927 0 0 0 45.312528032809496
4928 0 0 0 50.33796501811594
4929 0 0 0 44.32626103516668
4930 1 1973450 0.71666664 51.50053498800844
4931 0 0 0 51.40324996318668
4932 0 0 0 49.58467499818653
4933 0 0 0 45.85320700425655
4934 0 0 0 43.37165900506079
4935 0 0 0 46.778102056123316
4936 1 1244567 0.75409836 50.013108062557876
4937 0 0 0 47.262941021472216
4938 0 0 0 47.795295948162675
4939 0 0 0 43.54407999198884
4940 0 0 0 41.52499104384333
4941 0 0 0 49.10275398287922
4942 0 0 0 48.70582895819098
4943 0 0 0 50.717464997433126
4944 0 0 0 48.524065990932286
4945 0 0 0 51.05371808167547
4946 0 0 0 48.11132501345128
4947 1 1264742 0.7966102 50.357140018604696
4948 0 0 0 47.92251600883901
4949 1 1467122 0.71666664 47.689333907328546
4950 0 0 0 52.70897108130157
4951 0 0 0 46.3285370497033
4952 0 0 0 50.620730966329575
4953 0 0 0 46.64277995470911
4954 0 0 0 49.63779298122972
4955 0 0 0 48.84622897952795
4956 0 0 0 43.595816008746624
4957 0 0 0 49.602270941250026
4958 0 0 0 45.739784953184426
4959 0 0 0 54.412427940405905
4960 0 0 0 50.855523091740906
4961 0 0 0 49.800043110735714
4962 0 0 0 63.872224069200456
4963 0 0 0 61.938841943629086
4964 0 0 0 53.389896056614816
4965 0 0 0 49.789332901127636
4966 0 0 0 52.29817796498537
4967 0 0 0 52.872073953039944
4968 0 0 0 51.90475995186716
4969 0 0 0 48.23845997452736
4970 0 0 0 49.6063829632476
4971 0 0 0 63.84915404487401
4972 0 0 0 58.29572700895369
4973 0 0 0 63.94268700387329
4974 0 0 0 57.72180890198797
4975 0 0 0 59.09278604667634
4976 0 0 0 62.181810033507645
4977 0 0 0 64.24679700285196
4978 0 0 0 68.43435997143388
4979 0 0 0 69.41022793762386
4980 0 0 0 68.33409506361932
4981 0 0 0 47.93490702286363
4982 0 0 0 50.994814024306834
4983 0 0 0 51.13543104380369
4984 1 1108076 0.704918 53.46364399883896
4985 0 0 0 46.68567096814513
4986 0 0 0 43.2482750620693
4987 0 0 0 47.68849792890251
4988 0 0 0 46.79502500221133
4989 0 0 0 48.96207095589489
4990 0 0 0 43.75273792538792
4991 0 0 0 47.78892104513943
4992 0 0 0 44.90868200082332
4993 0 0 0 43.29813097137958
4994 0 0 0 49.11915410775691
4995 0 0 0 55.106534040533006
4996 0 0 0 45.560793951153755
4997 1 1108214 0.73134327 44.41132000647485
4998 0 0 0 50.090613891370595
4999 0 0 0 50.275811925530434
5000 0 0 0 44.5288170594722
5001 0 0 0 48.655958962626755
5002 0 0 0 50.814253045246005
5003 0 0 0 48.72704099398106
5004 0 0 0 49.90091302897781
5005 0 0 0 47.903801896609366
5006 0 0 0 45.71182397194207
5007 0 0 0 46.08129302505404
5008 0 0 0 48.08678908739239
5009 0 0 0 50.55536900181323
5010 0 0 0 68.38773295748979
5011 0 0 0 47.37005999777466
5012 0 0 0 75.03283792175353
5013 0 0 0 61.19807797949761
5014 0 0 0 61.879192013293505
5015 0 0 0 60.39426999632269
5016 0 0 0 58.85024997405708
5017 0 0 0 70.2027939260006
5018 0 0 0 104.90983701311052
5019 0 0 0 65.80789107829332
5020 0 0 0 53.90378902666271
5021 0 0 0 51.251860917545855
5022 0 0 0 49.23301888629794
5023 0 0 0 47.697226982563734
5024 0 0 0 54.741724976338446
5025 0 0 0 51.90033104736358
5026 0 0 0 52.37936391495168
5027 0 0 0 51.44356901291758
5028 0 0 0 42.53962798975408
5029 0 0 0 50.71898899041116
5030 0 0 0 45.89889105409384
5031 0 0 0 47.86338994745165
5032 1 1151755 0.7017544 49.67441700864583
5033 0 0 0 48.67797298356891
5034 0 0 0 47.3431849386543
5035 0 0 0 42.41110198199749
5036 0 0 0 49.37986400909722
5037 0 0 0 48.84124593809247
5038 0 0 0 49.66030002105981
5039 0 0 0 46.05054599232972
5040 0 0 0 46.34155496023595
5041 0 0 0 48.56855398975313
5042 0 0 0 48.275106004439294
5043 0 0 0 49.671109998598695
5044 0 0 0 50.18574092537165
5045 0 0 0 43.83489198517054
5046 0 0 0 42.67456103116274
5047 1 1135022 0.703125 43.888685991987586
5048 0 0 0 44.86398689914495
5049 0 0 0 50.99248397164047
5050 0 0 0 45.6606779480353
5051 0 0 0 44.25628192257136
5052 0 0 0 49.361418932676315
5053 0 0 0 51.29310698248446
5054 0 0 0 57.17733397614211
5055 0 0 0 56.95540504530072
5056 0 0 0 48.40840003453195
5057 1 1633113 0.704918 50.04362598992884
5058 0 0 0 49.6446609031409
5059 0 0 0 47.59010998532176
5060 0 0 0 49.128119950182736
5061 1 1167597 0.704918 53.95176203455776
5062 0 0 0 51.718653994612396
5063 0 0 0 50.138616003096104
5064 0 0 0 52.604553988203406
5065 0 0 0 41.56039690133184
5066 0 0 0 48.26658498495817
5067 0 0 0 41.35518695693463
5068 0 0 0 43.097976013086736
5069 1 2281390 0.704918 46.704269014298916
5070 0 0 0 48.74532495159656
5071 0 0 0 50.4531409824267
5072 0 0 0 45.59265298303217
5073 0 0 0 44.43060199264437
5074 0 0 0 45.02440907526761
5075 0 0 0 48.37124596815556
5076 0 0 0 45.10533297434449
5077 0 0 0 49.1756210103631
5078 0 0 0 47.27407800965011
5079 0 0 0 42.306686053052545
5080 0 0 0 44.64080196339637
5081 0 0 0 47.119216062128544
5082 0 0 0 46.1361549096182
5083 1 1663446 0.7288136 45.115319080650806
5084 0 0 0 41.559525998309255
5085 0 0 0 47.150089987553656
5086 0 0 0 42.28399391286075
5087 0 0 0 47.507549985311925
5088 0 0 0 47.291460912674665
5089 0 0 0 41.12786008045077
5090 0 0 0 44.000123045407236
5091 0 0 0 48.7293730257079
5092 0 0 0 51.013496005907655
5093 0 0 0 45.854800031520426
5094 0 0 0 41.95783194154501
5095 0 0 0 41.83865594677627
5096 0 0 0 46.830234001390636
5097 0 0 0 46.77330597769469
5098 0 0 0 48.86082804296166
5099 0 0 0 47.775748069398105
5100 0 0 0 48.73293999116868
5101 0 0 0 45.657444978132844
5102 0 0 0 48.028595047071576
5103 0 0 0 45.17672199290246
5104 0 0 0 48.65159699693322
5105 0 0 0 48.79707400687039
5106 0 0 0 54.69888902734965
5107 0 0 0 48.31066005863249
5108 0 0 0 49.07604190520942
5109 0 0 0 45.10208102874458
5110 0 0 0 44.07376004382968
5111 0 0 0 44.22478494234383
5112 0 0 0 46.49300198070705
5113 0 0 0 47.48298099730164
5114 0 0 0 48.69791492819786
5115 0 0 0 49.7599639929831
5116 0 0 0 47.910765977576375
5117 0 0 0 49.89737109281123
5118 0 0 0 46.91812500823289
5119 0 0 0 49.4316570693627
5120 0 0 0 52.62731004040688
5121 0 0 0 45.521506923250854
5122 0 0 0 43.45960298087448
5123 0 0 0 47.54851700272411
5124 0 0 0 47.65007889363915
5125 0 0 0 58.35993692744523
5126 0 0 0 51.530529046431184
5127 0 0 0 57.38007801119238
5128 0 0 0 54.67420199420303
5129 0 0 0 48.88724989723414
5130 0 0 0 48.99709299206734
5131 0 0 0 44.59293105173856
5132 0 0 0 49.114585970528424
5133 0 0 0 50.11394200846553
5134 0 0 0 48.570209997706115
5135 0 0 0 52.39440896548331
5136 0 0 0 48.66193304769695
5137 0 0 0 48.470503999851644
5138 0 0 0 47.96546697616577
5139 0 0 0 50.31654494814575
5140 0 0 0 48.25165693182498
5141 0 0 0 51.66460492182523
5142 0 0 0 48.65076090209186
5143 0 0 0 45.59495800640434
5144 0 0 0 46.60542600322515
5145 0 0 0 47.337581985630095
5146 0 0 0 49.68956205993891
5147 0 0 0 45.484057045541704
5148 0 0 0 46.30066396202892
5149 0 0 0 51.35363806039095
5150 0 0 0 51.18009203579277
5151 0 0 0 49.1179870441556
5152 1 1340266 0.71875 54.37140504363924
5153 0 0 0 54.054938023909926
5154 0 0 0 50.070841098204255
5155 0 0 0 50.38471007719636
5156 0 0 0 44.1102929180488
5157 0 0 0 46.01324594113976
5158 0 0 0 47.60496492963284
5159 0 0 0 47.48632910195738
5160 0 0 0 48.6742879729718
5161 0 0 0 48.47580497153103
5162 0 0 0 43.99190493859351
5163 0 0 0 48.06363198440522
5164 0 0 0 50.77223398257047
5165 0 0 0 49.37804804649204
5166 0 0 0 51.019562990404665
5167 0 0 0 47.25890792906284
5168 0 0 0 45.89068703353405
5169 0 0 0 44.94987893849611
5170 0 0 0 46.04781500529498
5171 0 0 0 46.235129004344344
5172 0 0 0 49.5590049540624
5173 0 0 0 47.440457972697914
5174 0 0 0 43.921486008912325
5175 0 0 0 48.84390905499458
5176 0 0 0 45.662767020985484
5177 0 0 0 46.57962406054139
5178 0 0 0 50.25226098950952
5179 0 0 0 50.38006603717804
5180 0 0 0 47.588862013071775
5181 0 0 0 52.79532400891185
5182 0 0 0 47.793744946829975
5183 0 0 0 49.6962140314281
5184 0 0 0 44.0456869546324
5185 0 0 0 48.720115912146866
5186 0 0 0 42.83591697458178
5187 0 0 0 47.481994959525764
5188 0 0 0 46.02516500744969
5189 0 0 0 42.788590071722865
5190 0 0 0 43.89132198411971
5191 0 0 0 46.56347003765404
5192 0 0 0 47.02669894322753
5193 0 0 0 44.57046207971871
5194 0 0 0 43.04826492443681
5195 0 0 0 46.40644497703761
5196 0 0 0 45.17439799383283
5197 0 0 0 45.34996207803488
5198 0 0 0 46.213572029955685
5199 0 0 0 42.69355803262442
5200 0 0 0 42.08174999803305
5201 0 0 0 42.461947072297335
5202 0 0 0 46.11368500627577
5203 0 0 0 42.36933693755418
5204 0 0 0 46.716039068996906
5205 0 0 0 44.56283594481647
5206 0 0 0 52.31115606147796
5207 0 0 0 47.23778401967138
5208 0 0 0 47.79825499281287
5209 0 0 0 46.52613296639174
5210 0 0 0 41.41208599321544
5211 0 0 0 47.53062501549721
5212 0 0 0 43.67197095416486
5213 0 0 0 42.16864495538175
5214 0 0 0 50.36280595231801
5215 0 0 0 46.82118899654597
5216 0 0 0 46.310225035995245
5217 0 0 0 50.48087507020682
5218 0 0 0 52.23887006286532
5219 0 0 0 60.25067297741771
5220 0 0 0 51.90084001515061
5221 0 0 0 47.459559980779886
5222 0 0 0 43.5472319368273
5223 0 0 0 43.9505260437727
5224 0 0 0 43.70647203177214
5225 0 0 0 41.42459109425545
5226 0 0 0 45.501039014197886
5227 0 0 0 46.10038292594254
5228 0 0 0 41.06875695288181
5229 0 0 0 48.72979503124952
5230 0 0 0 47.99339408054948
5231 0 0 0 43.62633195705712
5232 0 0 0 47.23086394369602
5233 0 0 0 48.50691999308765
5234 1 1170927 0.70689654 48.307218006812036
5235 0 0 0 52.03605000860989
5236 0 0 0 54.077879060059786
5237 1 1094958 0.7121212 44.02585607022047
5238 0 0 0 48.21079992689192
5239 0 0 0 48.74713101889938
5240 0 0 0 58.73978591989726
5241 0 0 0 67.09100003354251
5242 0 0 0 59.26580599043518
5243 0 0 0 64.25366795156151
5244 0 0 0 67.70386209245771
5245 0 0 0 67.18401703983545
5246 0 0 0 52.213198971003294
5247 0 0 0 49.1971739102155
5248 0 0 0 47.16553201433271
5249 0 0 0 44.276667991653085
5250 0 0 0 45.84597796201706
5251 0 0 0 44.90810201968998
5252 0 0 0 45.90879299212247
5253 0 0 0 51.35001998860389
5254 0 0 0 45.966416015289724
5255 0 0 0 42.454273090697825
5256 0 0 0 46.12188204191625
5257 0 0 0 41.79300193209201
5258 0 0 0 42.889968026429415
5259 0 0 0 45.88280792813748
5260 0 0 0 46.31188104394823
5261 0 0 0 47.33245191164315
5262 0 0 0 45.6306089181453
5263 0 0 0 46.6734750661999
5264 0 0 0 43.6172999907285
5265 0 0 0 45.29367294162512
5266 0 0 0 46.398757956922054
5267 0 0 0 46.639584004879
5268 0 0 0 47.86961805075407
5269 0 0 0 44.45131204556674
5270 0 0 0 46.93514993414283
5271 0 0 0 45.69593002088368
5272 0 0 0 48.70342893991619
5273 1 1505889 0.703125 45.96023296471685
5274 0 0 0 55.77279394492507
5275 0 0 0 50.304559990763664
5276 0 0 0 42.22337307874113
5277 0 0 0 47.925326973199844
5278 0 0 0 44.23868888989091
5279 0 0 0 48.04492893163115
5280 0 0 0 49.08119607716799
5281 0 0 0 51.05974804610014
5282 0 0 0 45.43437610846013
5283 0 0 0 45.39719002787024
5284 0 0 0 48.303422052413225
5285 0 0 0 45.554451062344015
5286 0 0 0 48.81357401609421
5287 0 0 0 47.0497680362314
5288 1 1577050 0.72131145 50.31042895279825
5289 0 0 0 48.59012097585946
5290 0 0 0 46.81040195282549
5291 0 0 0 46.85822397004813
5292 0 0 0 42.98026696778834
5293 0 0 0 46.41597904264927
5294 0 0 0 48.08608500752598
5295 0 0 0 45.73330597486347
5296 0 0 0 45.27500201947987
5297 0 0 0 46.07680102344602
5298 0 0 0 46.591168036684394
5299 0 0 0 47.366366954520345
5300 0 0 0 46.34594498202205
5301 0 0 0 48.36807900574058
5302 0 0 0 44.142171973362565
5303 0 0 0 48.28601307235658
5304 0 0 0 46.46818095352501
5305 0 0 0 49.462839029729366
5306 0 0 0 49.0790189942345
5307 0 0 0 48.81378298159689
5308 0 0 0 47.183324000798166
5309 0 0 0 51.38098099268973
5310 0 0 0 46.34579597041011
5311 0 0 0 44.25823001656681
5312 0 0 0 42.567936005070806
5313 0 0 0 46.86286998912692
5314 0 0 0 45.59602902736515
5315 0 0 0 46.244291006587446
5316 0 0 0 46.0472620325163
5317 0 0 0 46.385906054638326
5318 0 0 0 47.44817898608744
5319 0 0 0 43.65592997055501
5320 0 0 0 45.482155052013695
5321 0 0 0 46.46816698368639
5322 0 0 0 51.35733191855252
5323 0 0 0 49.94206607807428
5324 0 0 0 44.44955301005393
5325 0 0 0 41.66392295155674
5326 0 0 0 47.46482404880226
5327 0 0 0 46.733615919947624
5328 0 0 0 50.44685408938676
5329 0 0 0 49.99043303541839
5330 0 0 0 43.9913320587948
5331 0 0 0 45.771720935590565
5332 0 0 0 47.83487401437014
5333 0 0 0 46.615189989097416
5334 1 986295 0.7 46.171972062438726
5335 0 0 0 48.82818995974958
5336 0 0 0 49.413438071496785
5337 0 0 0 43.3339070295915
5338 0 0 0 46.71253392007202
5339 0 0 0 48.71866095345467
5340 0 0 0 47.89415805134922
5341 0 0 0 47.31516307219863
5342 0 0 0 49.343168968334794
5343 0 0 0 50.88556697592139
5344 0 0 0 45.63933692406863
5345 1 1272281 0.87931037 46.4796629967168
5346 0 0 0 44.893002952449024
5347 0 0 0 43.50118699949235
5348 0 0 0 46.66324600111693
5349 0 0 0 40.99537699948996
5350 0 0 0 46.01273196749389
5351 0 0 0 47.06799308769405
5352 0 0 0 46.37878609355539
5353 0 0 0 49.14055799599737
5354 0 0 0 48.811982036568224
5355 0 0 0 45.56667699944228
5356 0 0 0 49.2912910412997
5357 1 1208808 0.70689654 52.13617894332856
5358 0 0 0 45.40776205249131
5359 0 0 0 47.59619396645576
5360 0 0 0 43.25080197304487
5361 0 0 0 44.316827901639044
5362 0 0 0 48.96727507002652
5363 0 0 0 49.33813400566578
5364 0 0 0 41.76109691616148
5365 0 0 0 48.870236962102354
5366 0 0 0 45.262992032803595
5367 0 0 0 46.76624992862344
5368 0 0 0 46.87139403540641
5369 0 0 0 52.11762897670269
5370 1 1347571 0.76363635 50.82322901580483
5371 0 0 0 49.75793499033898
5372 0 0 0 49.43231702782214
5373 0 0 0 42.1347520314157
5374 0 0 0 44.34257501270622
5375 0 0 0 51.337486947886646
5376 0 0 0 45.404703938402236
5377 0 0 0 42.249664082191885
5378 0 0 0 33.52546994574368
5379 0 0 0 40.59228301048279
5380 0 0 0 40.19214096479118
5381 0 0 0 36.28096799366176
5382 0 0 0 36.33866901509464
5383 0 0 0 42.70322900265455
5384 0 0 0 35.96304799430072
5385 0 0 0 33.2361749606207
5386 0 0 0 44.06107298564166
5387 0 0 0 40.79317091964185
5388 0 0 0 35.45739804394543
5389 0 0 0 39.898569928482175
5390 0 0 0 41.42585094086826
5391 0 0 0 39.0088630374521
5392 0 0 0 37.41569200064987
5393 0 0 0 36.61357099190354
5394 0 0 0 37.36486693378538
5395 0 0 0 39.67702004592866
5396 0 0 0 32.00883697718382
5397 0 0 0 42.75108501315117
5398 0 0 0 40.10909504722804
5399 0 0 0 35.45275202486664
5400 0 0 0 35.664551076479256
5401 0 0 0 38.60944707412273
5402 0 0 0 32.151635037735105
5403 0 0 0 42.07557800691575
5404 0 0 0 42.639151914045215
5405 0 0 0 32.68712304998189
5406 0 0 0 33.92243105918169
5407 1 790619 0.7121212 37.37920394632965
5408 0 0 0 41.27337294630706
5409 0 0 0 41.412582038901746
5410 0 0 0 43.719012988731265
5411 0 0 0 47.098502051085234
5412 0 0 0 32.57606795523316
5413 0 0 0 38.85724698193371
5414 1 1245493 0.7027027 44.82195794116706
5415 0 0 0 43.75481407623738
5416 0 0 0 41.311753913760185
5417 0 0 0 44.1279630176723
5418 0 0 0 39.37539202161133
5419 0 0 0 30.245178029872477
5420 0 0 0 43.17918000742793
5421 0 0 0 38.874033954925835
5422 0 0 0 39.601056021638215
5423 0 0 0 47.35545499715954
5424 0 0 0 39.22126197721809
5425 0 0 0 37.83261205535382
5426 0 0 0 42.02685900963843
5427 0 0 0 50.51318893674761
5428 0 0 0 46.73713096417487
5429 0 0 0 33.17533794324845
5430 0 0 0 36.857772967778146
5431 0 0 0 46.27781989984214
5432 0 0 0 51.867936039343476
5433 1 1445086 0.7164179 45.386041048914194
5434 0 0 0 37.963864975608885
5435 0 0 0 46.894074068404734
5436 1 416540 0.7012987 39.756984915584326
5437 0 0 0 43.38883201126009
5438 0 0 0 49.82120404019952
5439 0 0 0 40.48739396966994
5440 1 1489212 0.71428573 40.42552306782454
5441 0 0 0 36.254307022318244
5442 0 0 0 45.40409299079329
5443 0 0 0 32.254898105748
5444 0 0 0 36.229175981134176
5445 0 0 0 40.92415201012045
5446 0 0 0 42.97373897861689
5447 0 0 0 40.95171007793397
5448 1 1222756 0.7419355 45.3597370069474
5449 0 0 0 42.25610801950097
5450 0 0 0 44.12418289575726
5451 0 0 0 35.01014492940158
5452 0 0 0 41.086046025156975
5453 0 0 0 42.66096302308142
5454 0 0 0 50.630409037694335
5455 0 0 0 46.86608200427145
5456 0 0 0 44.82714703772217
5457 0 0 0 33.553128014318645
5458 0 0 0 41.8515739729628
5459 1 846175 0.7121212 44.97755609918386
5460 0 0 0 44.70412398222834
5461 0 0 0 45.55260599590838
5462 0 0 0 41.717175976373255
5463 0 0 0 38.96188293583691
5464 0 0 0 37.03576303087175
5465 0 0 0 41.08659503981471
5466 0 0 0 41.072536958381534
5467 0 0 0 34.55450804904103
5468 0 0 0 34.45748193189502
5469 0 0 0 41.0224050283432
5470 0 0 0 57.53817700315267
5471 0 0 0 49.59686694201082
5472 0 0 0 51.93542002234608
5473 0 0 0 40.29238491784781
5474 0 0 0 40.714332018978894
5475 0 0 0 45.62347801402211
5476 0 0 0 37.236297968775034
5477 0 0 0 37.7128180116415
5478 0 0 0 43.365246965549886
5479 0 0 0 36.59737703856081
5480 0 0 0 38.41422905679792
5481 0 0 0 45.55246094241738
5482 0 0 0 34.985424019396305
5483 0 0 0 45.856970944441855
5484 0 0 0 40.74317403137684
5485 0 0 0 42.706919950433075
5486 0 0 0 45.753963058814406
5487 0 0 0 41.64538497570902
5488 0 0 0 41.318719973787665
5489 0 0 0 44.954987009987235
5490 0 0 0 31.466501066461205
5491 0 0 0 42.288055061362684
5492 0 0 0 40.811110055074096
5493 1 2097186 0.72307694 43.88635407667607
5494 0 0 0 36.521694040857255
5495 0 0 0 37.60447702370584
5496 0 0 0 46.6783179435879
5497 0 0 0 41.73401300795376
5498 0 0 0 38.30974700395018
5499 0 0 0 37.986538955010474
5500 0 0 0 41.07580194249749
5501 0 0 0 30.26344592217356
5502 0 0 0 34.89273204468191
5503 0 0 0 40.283796028234065
5504 0 0 0 34.208202036097646
5505 0 0 0 37.61670598760247
5506 0 0 0 38.49423199426383
5507 0 0 0 36.96747007779777
5508 0 0 0 32.72303496487439
5509 0 0 0 42.041789973154664
5510 0 0 0 42.78707702178508
5511 0 0 0 39.48218410369009
5512 0 0 0 39.39987998455763
5513 0 0 0 42.36683598719537
5514 0 0 0 37.65828802715987
5515 0 0 0 39.0481190988794
5516 0 0 0 60.51725905854255
5517 0 0 0 57.452540029771626
5518 0 0 0 55.46896101441234
5519 0 0 0 57.25481698755175
5520 0 0 0 57.3503429768607
5521 0 0 0 45.62236194033176
5522 0 0 0 56.45229504443705
5523 0 0 0 50.986342946998775
5524 0 0 0 40.5476390151307
5525 0 0 0 36.016084952279925
5526 0 0 0 41.57877096440643
5527 0 0 0 40.74537300039083
5528 0 0 0 50.021258066408336
5529 0 0 0 51.161675946787
5530 0 0 0 43.388533988036215
5531 0 0 0 46.09906894620508
5532 0 0 0 44.754140079021454
5533 0 0 0 39.28728902246803
5534 0 0 0 43.92272199038416
5535 0 0 0 38.880327017977834
5536 0 0 0 37.39511698950082
5537 0 0 0 44.1754050552845
5538 0 0 0 36.6946819704026
5539 0 0 0 41.54731601011008
5540 0 0 0 39.57814397290349
5541 1 1441175 0.70149255 38.115692092105746
5542 0 0 0 37.48926299158484
5543 0 0 0 45.23045406676829
5544 0 0 0 47.19135898631066
5545 0 0 0 37.79902902897447
5546 0 0 0 34.39945797435939
5547 0 0 0 42.8051189519465
5548 0 0 0 39.647059980779886
5549 0 0 0 49.503045971505344
5550 0 0 0 38.73477503657341
5551 0 0 0 41.32665495853871
5552 0 0 0 46.056868974119425
5553 0 0 0 46.15346691571176
5554 0 0 0 41.648698039352894
5555 0 0 0 37.29995200410485
5556 0 0 0 42.040760978125036
5557 0 0 0 45.96264206338674
5558 0 0 0 39.921164978295565
5559 0 0 0 42.66967694275081
5560 0 0 0 33.62183296121657
5561 0 0 0 41.19548399467021
5562 0 0 0 45.01318000257015
5563 0 0 0 40.9115789225325
5564 0 0 0 38.967953994870186
5565 0 0 0 42.15933091472834
5566 0 0 0 41.475004982203245
5567 0 0 0 43.2372170034796
5568 0 0 0 40.226004901342094
5569 1 2093992 0.703125 44.28198898676783
5570 0 0 0 39.02904293499887
5571 0 0 0 39.32445601094514
5572 0 0 0 35.28079192619771
5573 0 0 0 35.902754054404795
5574 1 312486 0.7183099 46.036529005505145
5575 0 0 0 46.988760004751384
5576 0 0 0 40.71189393289387
5577 0 0 0 48.037205007858574
5578 1 1025221 0.70422536 45.37507193163037
5579 0 0 0 40.8522670622915
5580 0 0 0 45.35283299628645
5581 0 0 0 39.35408592224121
5582 0 0 0 37.15474298223853
5583 0 0 0 37.20310900826007
5584 0 0 0 43.69364492595196
5585 0 0 0 34.893659059889615
5586 0 0 0 47.78802499640733
5587 0 0 0 46.82843899354339
5588 0 0 0 41.83276207186282
5589 0 0 0 43.71702193748206
5590 0 0 0 35.457946942187846
5591 0 0 0 44.330372009426355
5592 0 0 0 40.69560905918479
5593 0 0 0 40.56364204734564
5594 0 0 0 41.6999600129202
5595 0 0 0 36.715027992613614
5596 0 0 0 42.88227797951549
5597 0 0 0 33.2587209995836
5598 0 0 0 42.9118680767715
5599 0 0 0 41.07011796440929
5600 0 0 0 38.38930802885443
5601 0 0 0 37.58900903631002
5602 0 0 0 41.400400921702385
5603 0 0 0 41.62355896551162
5604 0 0 0 36.9268839713186
5605 0 0 0 40.01930891536176
5606 0 0 0 34.35887303203344
5607 0 0 0 41.131129022687674
5608 0 0 0 39.41282210871577
5609 0 0 0 36.29163792356849
5610 0 0 0 37.497077020816505
5611 0 0 0 37.010177969932556
5612 0 0 0 30.002049985341728
5613 0 0 0 39.142673020251095
5614 0 0 0 44.09803100861609
5615 0 0 0 40.29569902922958
5616 0 0 0 38.52065897081047
5617 0 0 0 44.45497295819223
5618 0 0 0 39.85826706048101
5619 0 0 0 38.505306001752615
5620 0 0 0 37.9635599674657
5621 0 0 0 39.20610703062266
5622 0 0 0 33.86663901619613
5623 0 0 0 42.30074095539749
5624 0 0 0 42.66033100429922
5625 0 0 0 36.904628039337695
5626 0 0 0 37.98058000393212
5627 0 0 0 48.67704305797815
5628 0 0 0 38.976087933406234
5629 0 0 0 46.57587001565844
5630 0 0 0 44.5113240275532
5631 0 0 0 49.25885098055005
5632 0 0 0 44.73960597533733
5633 0 0 0 35.544220940209925
5634 0 0 0 43.526903027668595
5635 0 0 0 48.361099092289805
5636 0 0 0 47.359602991491556
5637 0 0 0 38.28137798700482
5638 0 0 0 56.08528107404709
5639 0 0 0 56.1333050718531
5640 0 0 0 49.285774934105575
5641 0 0 0 43.55663899332285
5642 0 0 0 45.189279015176
5643 0 0 0 39.429136901162565
5644 1 1685835 0.7 31.92279499489814
5645 0 0 0 38.38417702354491
5646 0 0 0 42.49313101172447
5647 0 0 0 37.36378811299801
5648 0 0 0 35.07228090893477
5649 0 0 0 37.53574599977583
5650 0 0 0 35.82584694959223
5651 0 0 0 39.593189023435116
5652 1 1597688 0.71428573 40.552552905865014
5653 0 0 0 36.176535999402404
5654 0 0 0 41.09975090250373
5655 0 0 0 39.684396935626864
5656 0 0 0 44.051399105228484
5657 0 0 0 35.669419914484024
5658 0 0 0 38.973363931290805
5659 0 0 0 41.73067305237055
5660 1 164208 0.7 29.760367004200816
5661 0 0 0 40.61331902630627
5662 0 0 0 39.1321029746905
5663 0 0 0 38.90497505199164
5664 0 0 0 36.51496092788875
5665 0 0 0 33.50812999997288
5666 0 0 0 39.22647703438997
5667 0 0 0 31.493780086748302
5668 0 0 0 38.63409999758005
5669 0 0 0 35.634365980513394
5670 0 0 0 43.94257708918303
5671 0 0 0 41.27933201380074
5672 0 0 0 37.96313097700477
5673 0 0 0 36.383899045176804
5674 1 994791 0.71428573 39.18402490671724
5675 0 0 0 33.56782696209848
5676 0 0 0 40.96577595919371
5677 0 0 0 35.998750012367964
5678 0 0 0 42.5381880486384
5679 0 0 0 35.78242298681289
5680 0 0 0 41.49901890195906
5681 0 0 0 39.36774097383022
5682 0 0 0 46.66305298451334
5683 0 0 0 39.457084028981626
5684 0 0 0 41.80905397515744
5685 0 0 0 42.95066394843161
5686 0 0 0 36.89409699290991
5687 0 0 0 46.046431991271675
5688 0 0 0 42.64860902912915
5689 0 0 0 37.54759090952575
5690 0 0 0 29.024133924394846
5691 0 0 0 34.53949897084385
5692 0 0 0 43.32535795401782
5693 0 0 0 37.35964896623045
5694 0 0 0 37.52054297365248
5695 0 0 0 43.50516002159566
5696 0 0 0 41.49168299045414
5697 0 0 0 40.84925795905292
5698 0 0 0 43.00531907938421
5699 0 0 0 33.89538999181241
5700 0 0 0 40.38322204723954
5701 0 0 0 41.59033903852105
5702 0 0 0 41.13045695703477
5703 1 1660287 0.7183099 34.10426201298833
5704 0 0 0 33.58521102927625
5705 0 0 0 33.69612409733236
5706 0 0 0 35.28604900930077
5707 0 0 0 38.27971103601158
5708 0 0 0 46.64188495371491
5709 0 0 0 32.862419029697776
5710 0 0 0 43.05051208939403
5711 0 0 0 39.657616056501865
5712 0 0 0 40.02445098012686
5713 0 0 0 46.014079940505326
5714 0 0 0 51.160086994059384
5715 0 0 0 44.16682501323521
5716 0 0 0 41.05816606897861
5717 0 0 0 35.874692955985665
5718 0 0 0 37.790889968164265
5719 0 0 0 32.51648705918342
5720 0 0 0 41.38499905820936
5721 0 0 0 37.70470805466175
5722 0 0 0 41.812182986177504
5723 1 1200376 0.7083333 41.05132108088583
5724 0 0 0 39.66733696870506
5725 1 404009 0.7105263 36.55544598586857
5726 0 0 0 35.993993980810046
5727 0 0 0 44.44737592712045
5728 0 0 0 41.44468391314149
5729 0 0 0 37.302436074241996
5730 0 0 0 35.995161975733936
5731 0 0 0 29.59818800445646
5732 0 0 0 41.70686600264162
5733 0 0 0 31.566570978611708
5734 0 0 0 37.124151014722884
5735 0 0 0 35.966863040812314
5736 0 0 0 33.095212071202695
5737 0 0 0 44.435550924390554
5738 0 0 0 34.93745194282383
5739 0 0 0 33.26940210536122
5740 0 0 0 37.57344605401158
5741 0 0 0 39.21811701729894
5742 0 0 0 38.61512604635209
5743 0 0 0 37.24945802241564
5744 0 0 0 41.383775998838246
5745 0 0 0 35.00467003323138
5746 0 0 0 42.29845502413809
5747 0 0 0 48.59152005519718
5748 0 0 0 47.737090033479035
5749 0 0 0 49.59930898621678
5750 0 0 0 51.96819803677499
5751 0 0 0 48.468781053088605
5752 0 0 0 49.16641896124929
5753 0 0 0 56.583978002890944
5754 0 0 0 60.87227596435696
5755 0 0 0 58.99096094071865
5756 0 0 0 50.52964994683862
5757 0 0 0 48.37040405254811
5758 0 0 0 47.415344044566154
5759 0 0 0 40.08784506004304
5760 0 0 0 40.17636098433286
5761 0 0 0 39.530280977487564
5762 0 0 0 36.793277016840875
5763 0 0 0 40.07757396902889
5764 0 0 0 35.912757040932775
5765 0 0 0 40.09568702895194
5766 1 1597695 0.7012987 31.31962101906538
5767 0 0 0 43.17987500689924
5768 0 0 0 36.25602903775871
5769 0 0 0 36.56419296748936
5770 0 0 0 42.917774990200996
5771 0 0 0 39.9001109180972
5772 0 0 0 40.62904301099479
5773 0 0 0 38.015856058336794
5774 0 0 0 39.27422408014536
5775 0 0 0 45.35810404922813
5776 0 0 0 40.489726001396775
5777 0 0 0 45.08415691088885
5778 0 0 0 41.84440104290843
5779 0 0 0 43.217823025770485
5780 0 0 0 43.76008198596537
5781 0 0 0 40.195934008806944
5782 0 0 0 42.555760010145605
5783 0 0 0 42.87391994148493
5784 0 0 0 39.494219003245234
5785 0 0 0 40.59414297807962
5786 0 0 0 37.29190700687468
5787 0 0 0 44.791602063924074
5788 0 0 0 50.841602962464094
5789 1 1111711 0.7051282 37.31346398126334
5790 0 0 0 48.38306794408709
5791 0 0 0 41.55803506728262
5792 0 0 0 45.201470027677715
5793 1 1085987 0.7027027 39.925067918375134
5794 0 0 0 39.16899801697582
5795 0 0 0 41.1810769001022
5796 0 0 0 42.38563007675111
5797 0 0 0 40.81900103483349
5798 0 0 0 46.84503492899239
5799 0 0 0 37.39579801913351
5800 0 0 0 35.39108100812882
5801 0 0 0 37.91743493638933
5802 0 0 0 39.240060024894774
5803 0 0 0 39.45576096884906
5804 0 0 0 41.18965403176844
5805 1 1293387 0.7236842 40.92278005555272
5806 0 0 0 44.49016903527081
5807 0 0 0 47.54180507734418
5808 0 0 0 44.69569295179099
5809 0 0 0 43.269845074974
5810 0 0 0 48.225312028080225
5811 0 0 0 34.763081930577755
5812 0 0 0 37.91132301557809
5813 0 0 0 43.56777609791607
5814 0 0 0 34.77076499257237
5815 0 0 0 42.28814097587019
5816 0 0 0 47.42441594135016
5817 0 0 0 44.28083705715835
5818 1 1143597 0.7123288 44.89561100490391
5819 0 0 0 42.60796797461808
5820 0 0 0 41.26249300315976
5821 0 0 0 41.519657941535115
5822 0 0 0 36.39724897220731
5823 0 0 0 40.60246411245316
5824 0 0 0 40.34351906739175
5825 0 0 0 41.39091190882027
5826 0 0 0 44.827571022324264
5827 1 1083444 0.70149255 42.65723598655313
5828 0 0 0 40.31440697144717
5829 0 0 0 38.211862090975046
5830 0 0 0 38.27248397283256
5831 0 0 0 40.29224708210677
5832 0 0 0 39.16993003804237
5833 1 1489508 0.7027027 40.02567904535681
5834 0 0 0 39.23092992044985
5835 0 0 0 41.56894201878458
5836 0 0 0 47.49774397350848
5837 0 0 0 44.63992395903915
5838 0 0 0 42.12756303604692
5839 1 648693 0.7 37.90189197752625
5840 0 0 0 57.74889001622796
5841 0 0 0 47.690795036032796
5842 0 0 0 43.29202801454812
5843 0 0 0 50.4615199752152
5844 0 0 0 56.873660068959
5845 0 0 0 53.186520002782345
5846 0 0 0 39.83432904351503
5847 0 0 0 40.85026006214321
5848 0 0 0 35.10430292226374
5849 0 0 0 40.91926396358758
5850 1 830911 0.74285716 35.001580021344125
5851 0 0 0 40.91711901128292
5852 0 0 0 40.984452003613114
5853 0 0 0 37.251249072141945
5854 0 0 0 42.46733000036329
5855 0 0 0 35.55505094118416
5856 0 0 0 37.71558997686952
5857 0 0 0 43.7200500164181
5858 0 0 0 38.8639229349792
5859 0 0 0 40.99513799883425
5860 0 0 0 45.31234805472195
5861 0 0 0 34.11215404048562
5862 0 0 0 42.42039704695344
5863 0 0 0 41.35510395281017
5864 0 0 0 37.62705996632576
5865 0 0 0 41.0286319674924
5866 0 0 0 41.11359303351492
5867 0 0 0 39.517038967460394
5868 1 1571820 0.71794873 38.434062036685646
5869 0 0 0 35.733783966861665
5870 1 1058605 0.7 32.43703895714134
5871 0 0 0 40.22146004717797
5872 0 0 0 32.986946986056864
5873 1 1703687 0.703125 41.1644980777055
5874 0 0 0 38.88535208534449
5875 0 0 0 40.482575073838234
5876 0 0 0 41.20721004437655
5877 0 0 0 25.152657995931804
5878 0 0 0 30.120352981612086
5879 0 0 0 24.998152046464384
5880 0 0 0 28.551866998896003
5881 0 0 0 29.817360918968916
5882 0 0 0 25.162984966300428
5883 0 0 0 26.330747990868986
5884 0 0 0 20.718556945212185
5885 0 0 0 28.524972032755613
5886 0 0 0 24.566423962824047
5887 0 0 0 21.650642971508205
5888 0 0 0 24.845505016855896
5889 0 0 0 30.3336710203439
5890 0 0 0 24.91818810813129
5891 0 0 0 20.09851799812168
5892 0 0 0 28.059709002263844
5893 0 0 0 21.223894087597728
5894 0 0 0 25.053982040844858
5895 0 0 0 30.651111039333045
5896 0 0 0 29.5990799786523
5897 0 0 0 26.847960893064737
5898 0 0 0 29.208848951384425
5899 0 0 0 21.287338924594223
5900 1 1968741 0.7012987 30.130291008390486
5901 0 0 0 25.96352098044008
5902 0 0 0 22.09628897253424
5903 0 0 0 23.298020940274
5904 0 0 0 30.215075938031077
5905 0 0 0 30.726714991033077
5906 0 0 0 24.875093949958682
5907 0 0 0 24.987973971292377
5908 1 990571 0.7 29.00101791601628
5909 0 0 0 33.88512600213289
5910 0 0 0 30.423725955188274
5911 0 0 0 24.018711992539465
5912 0 0 0 31.582582043483853
5913 0 0 0 24.997549946419895
5914 0 0 0 30.338487005792558
5915 0 0 0 28.38279795832932
5916 0 0 0 28.15922407899052
5917 0 0 0 24.148235097527504
5918 0 0 0 28.705359087325633
5919 0 0 0 27.685729903168976
5920 0 0 0 24.001483106985688
5921 0 0 0 27.840544935315847
5922 0 0 0 31.303931958973408
5923 0 0 0 25.289214914664626
5924 0 0 0 33.49008597433567
5925 1 222186 0.7195122 26.781242922879755
5926 0 0 0 27.062249020673335
5927 0 0 0 32.10627497173846
5928 0 0 0 29.245101031847298
5929 0 0 0 22.507118061184883
5930 0 0 0 24.80237709823996
5931 0 0 0 28.941446915268898
5932 1 1184677 0.7093023 23.66781502496451
5933 0 0 0 32.35485800541937
5934 0 0 0 31.43541095778346
5935 0 0 0 23.580620996654034
5936 0 0 0 29.565232922323048
5937 0 0 0 25.691710063256323
5938 0 0 0 30.34311905503273
5939 0 0 0 29.002457042224705
5940 0 0 0 27.36627997364849
5941 0 0 0 25.678871083073318
5942 0 0 0 25.076286983676255
5943 0 0 0 26.842072955332696
5944 0 0 0 24.82613397296518
5945 0 0 0 22.280075936578214
5946 0 0 0 29.592564911581576
5947 0 0 0 28.72656099498272
5948 0 0 0 30.330350040458143
5949 0 0 0 29.671116964891553
5950 0 0 0 32.26394497323781
5951 0 0 0 23.30407197587192
5952 1 809706 0.7 25.124259991571307
5953 0 0 0 32.4795909691602
5954 0 0 0 27.371247997507453
5955 0 0 0 23.097155964933336
5956 0 0 0 24.982518050819635
5957 1 129091 0.7 21.129375090822577
5958 0 0 0 20.755778066813946
5959 0 0 0 23.034892976284027
5960 0 0 0 31.135461991652846
5961 0 0 0 24.119580979458988
5962 1 1968349 0.7 29.137713951058686
5963 0 0 0 30.062125995755196
5964 0 0 0 29.58327194210142
5965 0 0 0 26.442685048095882
5966 0 0 0 30.551392934285104
5967 0 0 0 29.191254056058824
5968 0 0 0 28.56607409194112
5969 0 0 0 28.43224094249308
5970 0 0 0 22.601541015319526
5971 0 0 0 21.160513977520168
5972 0 0 0 21.240286994725466
5973 0 0 0 31.380577012896538
5974 0 0 0 28.979677939787507
5975 0 0 0 32.44493901729584
5976 0 0 0 30.24783101864159
5977 0 0 0 29.32526497170329
5978 0 0 0 23.462387965992093
5979 0 0 0 24.415110936388373
5980 0 0 0 21.969459019601345
5981 0 0 0 30.471151927486062
5982 0 0 0 24.333468987606466
5983 0 0 0 27.99585205502808
5984 0 0 0 26.813689968548715
5985 0 0 0 27.987396926619112
5986 0 0 0 27.98468410037458
5987 0 0 0 22.541312966495752
5988 0 0 0 20.88091999758035
5989 0 0 0 31.741600949317217
5990 0 0 0 29.6898860251531
5991 0 0 0 26.04077197611332
5992 0 0 0 28.83755089715123
5993 0 0 0 28.625711100175977
5994 0 0 0 26.59420808777213
5995 0 0 0 30.62530397437513
5996 0 0 0 26.252645067870617
5997 0 0 0 20.91484609991312
5998 0 0 0 32.10943704470992
5999 1 453504 0.7108434 26.868897024542093
6000 0 0 0 23.373287986032665
6001 0 0 0 28.617682051844895
6002 0 0 0 31.019651098176837
6003 0 0 0 24.692535982467234
6004 0 0 0 24.67668103054166
6005 0 0 0 24.253493989817798
6006 0 0 0 30.173553037457168
6007 0 0 0 23.275539046153426
6008 0 0 0 27.654498000629246
6009 0 0 0 18.41816899832338
6010 0 0 0 31.72340791206807
6011 0 0 0 27.185174054466188
6012 0 0 0 29.48328899219632
6013 0 0 0 18.467738991603255
6014 1 417913 0.70666665 28.593675000593066
6015 0 0 0 24.787020054645836
6016 0 0 0 27.33637299388647
6017 0 0 0 29.064492089673877
6018 1 1559946 0.7051282 31.138450955040753
6019 0 0 0 28.803644934669137
6020 0 0 0 24.72284995019436
6021 0 0 0 32.87342400290072
6022 0 0 0 25.657617021352053
6023 0 0 0 26.048333034850657
6024 0 0 0 28.061196906492114
6025 0 0 0 25.05302196368575
6026 0 0 0 30.44555999804288
6027 1 1344861 0.73170733 33.09600194916129
6028 1 709002 0.70238096 24.4648550869897
6029 0 0 0 31.361795961856842
6030 0 0 0 27.809057966805995
6031 0 0 0 32.51474699936807
6032 0 0 0 30.049795052036643
6033 0 0 0 31.305935932323337
6034 0 0 0 28.448924887925386
6035 0 0 0 35.87847901508212
6036 0 0 0 35.371222998946905
6037 1 417913 0.7012987 25.57764109224081
6038 0 0 0 28.61406991723925
6039 0 0 0 31.84215701185167
6040 0 0 0 26.85648505575955
6041 0 0 0 33.3876539953053
6042 0 0 0 31.986001995392144
6043 0 0 0 33.48390001337975
6044 0 0 0 26.054269052110612
6045 0 0 0 30.4924959782511
6046 0 0 0 28.48499407991767
6047 0 0 0 22.0467250328511
6048 0 0 0 20.49760101363063
6049 1 1974372 0.7011494 22.79657800681889
6050 0 0 0 29.577555949799716
6051 0 0 0 28.02590699866414
6052 0 0 0 33.851625048555434
6053 0 0 0 36.05755290482193
6054 0 0 0 26.355860056355596
6055 0 0 0 31.507677980698645
6056 0 0 0 29.904052964411676
6057 0 0 0 25.059364968910813
6058 0 0 0 21.599875995889306
6059 0 0 0 23.424645070917904
6060 0 0 0 24.568235967308283
6061 0 0 0 26.282573002390563
6062 0 0 0 26.380349067039788
6063 0 0 0 29.28837400395423
6064 0 0 0 31.48006706032902
6065 0 0 0 31.849432969465852
6066 0 0 0 30.52329400088638
6067 0 0 0 21.822976996190846
6068 0 0 0 25.334242964163423
6069 0 0 0 25.135717005468905
6070 0 0 0 29.815515968948603
6071 0 0 0 26.450301054865122
6072 0 0 0 37.35247103031725
6073 0 0 0 33.342770067974925
6074 0 0 0 30.832345015369356
6075 0 0 0 21.73576899804175
6076 0 0 0 28.611773042939603
6077 0 0 0 28.701296891085804
6078 0 0 0 25.63275396823883
6079 0 0 0 32.34359005000442
6080 0 0 0 36.187204997986555
6081 0 0 0 22.471981937997043
6082 0 0 0 26.76878497004509
6083 0 0 0 26.475211954675615
6084 0 0 0 33.233872964046896
6085 0 0 0 27.482063975185156
6086 0 0 0 36.26159694977105
6087 0 0 0 28.833979973569512
6088 0 0 0 25.912352954037488
6089 0 0 0 29.045770992524922
6090 0 0 0 30.62105691060424
6091 0 0 0 25.231402018107474
6092 1 533333 0.7037037 25.158287025988102
6093 0 0 0 29.099714942276478
6094 0 0 0 26.237003970891237
6095 0 0 0 22.92419201694429
6096 0 0 0 23.628417984582484
6097 0 0 0 30.633674934506416
6098 1 1318526 0.71910113 28.573157964274287
6099 0 0 0 30.916372081264853
6100 0 0 0 23.290040087886155
6101 0 0 0 30.73955897707492
6102 0 0 0 22.068845108151436
6103 0 0 0 23.663207073695958
6104 0 0 0 24.80641391593963
6105 0 0 0 23.078012047335505
6106 0 0 0 30.500761000439525
6107 0 0 0 30.324919964186847
6108 1 365411 0.70238096 30.108553008176386
6109 0 0 0 30.139355920255184
6110 0 0 0 18.56675196904689
6111 0 0 0 31.985040986910462
6112 0 0 0 21.513805026188493
6113 0 0 0 28.254910022951663
6114 0 0 0 22.785590030252934
6115 0 0 0 23.169878986664116
6116 0 0 0 30.3446298930794
6117 0 0 0 25.180730037391186
6118 0 0 0 25.105262058787048
6119 0 0 0 30.11256200261414
6120 0 0 0 24.958221009001136
6121 0 0 0 29.0935339871794
6122 1 1375876 0.7407407 30.46230599284172
6123 0 0 0 20.753960008732975
6124 0 0 0 24.46430001873523
6125 1 938694 0.70454544 25.928009999915957
6126 0 0 0 29.633328900672495
6127 0 0 0 29.735234915278852
6128 0 0 0 30.315501033328474
6129 0 0 0 28.6766670178622
6130 0 0 0 32.48776798136532
6131 0 0 0 28.45300897024572
6132 0 0 0 20.608240040019155
6133 0 0 0 30.287861940450966
6134 0 0 0 21.29482093732804
6135 0 0 0 24.644006974995136
6136 0 0 0 28.630532906390727
6137 0 0 0 22.364753996953368
6138 0 0 0 21.615400910377502
6139 0 0 0 30.325334053486586
6140 0 0 0 31.926387920975685
6141 0 0 0 24.187532952055335
6142 0 0 0 32.431385945528746
6143 1 1079407 0.70238096 24.357938091270626
6144 0 0 0 27.06700097769499
6145 0 0 0 25.425454950891435
6146 0 0 0 28.643529978580773
6147 0 0 0 30.318054952658713
6148 0 0 0 22.51057408284396
6149 0 0 0 29.571871971711516
6150 0 0 0 25.05747601389885
6151 0 0 0 29.471696936525404
6152 0 0 0 24.200230021961033
6153 0 0 0 27.47192303650081
6154 0 0 0 26.245399028994143
6155 0 0 0 34.68661801889539
6156 0 0 0 29.976985999383032
6157 0 0 0 23.518150090239942
6158 0 0 0 24.791010073386133
6159 0 0 0 23.522777017205954
6160 0 0 0 25.13413899578154
6161 0 0 0 24.919825023971498
6162 0 0 0 21.679645054973662
6163 0 0 0 30.841456027701497
6164 0 0 0 26.43048600293696
6165 0 0 0 21.90491301007569
6166 0 0 0 18.694537924602628
6167 0 0 0 24.942210991866887
6168 0 0 0 25.988328037783504
6169 0 0 0 24.92023492231965
6170 0 0 0 30.2770760608837
6171 0 0 0 30.15894303098321
6172 0 0 0 29.90578906610608
6173 0 0 0 26.586049934849143
6174 0 0 0 23.288393043912947
6175 0 0 0 30.504447990097106
6176 0 0 0 32.26589900441468
6177 0 0 0 27.418153011240065
6178 0 0 0 28.58517598360777
6179 0 0 0 26.552199968136847
6180 0 0 0 22.60146802291274
6181 0 0 0 29.937227023765445
6182 0 0 0 24.96232301928103
6183 0 0 0 29.245066922158003
6184 0 0 0 26.383146992884576
6185 1 724756 0.7012987 25.976061006076634
6186 0 0 0 27.877263026311994
6187 0 0 0 25.085275061428547
6188 0 0 0 22.987514967098832
6189 0 0 0 26.799920946359634
6190 0 0 0 23.26909697148949
6191 0 0 0 30.299077974632382
6192 0 0 0 29.31089501362294
6193 0 0 0 19.259041058830917
6194 0 0 0 31.666122027672827
6195 0 0 0 26.78613888565451
6196 0 0 0 30.147530953399837
6197 0 0 0 24.644522927701473
6198 0 0 0 27.07770897541195
6199 0 0 0 26.219391962513328
6200 1 984664 0.70238096 26.59182297065854
6201 0 0 0 24.408631958067417
6202 0 0 0 24.942600983195007
6203 1 731410 0.7027027 27.685901033692062
6204 0 0 0 34.64652399998158
6205 0 0 0 21.96537097916007
6206 0 0 0 28.754862025380135
6207 0 0 0 25.51402698736638
6208 0 0 0 21.98883902747184
6209 0 0 0 26.03298204485327
6210 0 0 0 28.871902963146567
6211 0 0 0 32.32655406463891
6212 0 0 0 25.739706004969776
6213 0 0 0 26.08103200327605
6214 0 0 0 30.31463106162846
6215 0 0 0 30.67520190961659
6216 0 0 0 26.544078020378947
6217 0 0 0 30.486132949590683
6218 0 0 0 26.304692961275578
6219 0 0 0 33.59280701261014
6220 0 0 0 27.655369020067155
6221 0 0 0 29.371115029789507
6222 0 0 0 26.124140014871955
6223 0 0 0 28.09913898818195
6224 0 0 0 33.33781997207552
6225 0 0 0 21.623620996251702
6226 0 0 0 23.33336800802499
6227 0 0 0 27.113051037304103
6228 1 1571028 0.7012987 32.4758889619261
6229 0 0 0 28.23513699695468
6230 0 0 0 32.52457606140524
6231 0 0 0 35.99148406647146
6232 0 0 0 29.63320689741522
6233 1 1411515 0.7012987 31.311940983869135
6234 0 0 0 30.733620980754495
6235 0 0 0 30.779697000980377
6236 0 0 0 32.411606051027775
6237 0 0 0 23.517100955359638
6238 0 0 0 25.535107939504087
6239 0 0 0 36.50199307594448
6240 0 0 0 32.44639502372593
6241 0 0 0 29.899443965405226
6242 0 0 0 32.35020500142127
6243 0 0 0 21.916544996201992
6244 0 0 0 24.700818001292646
6245 0 0 0 31.57377801835537
6246 0 0 0 30.539911007508636
6247 0 0 0 25.127663975581527
6248 0 0 0 30.638676951639354
6249 0 0 0 35.14834400266409
6250 0 0 0 29.102901928126812
6251 0 0 0 30.688875005580485
6252 0 0 0 25.595625047571957
6253 0 0 0 29.684692970477045
6254 0 0 0 24.694181978702545
6255 0 0 0 29.945931979455054
6256 0 0 0 28.035443043336272
6257 1 234623 0.7012987 32.30580408126116
6258 0 0 0 33.515147981233895
6259 0 0 0 26.926792925223708
6260 0 0 0 19.345419015735388
6261 0 0 0 21.992614027112722
6262 0 0 0 26.486071990802884
6263 0 0 0 30.366008984856308
6264 0 0 0 31.62448399234563
6265 0 0 0 31.186392065137625
6266 0 0 0 22.880394011735916
6267 0 0 0 37.468706956133246
6268 0 0 0 35.52313300315291
6269 0 0 0 36.92245192360133
6270 0 0 0 32.377840019762516
6271 0 0 0 26.177461026236415
6272 0 0 0 32.807626063004136
6273 0 0 0 26.632593013346195
6274 0 0 0 30.330104054883122
6275 0 0 0 26.62193006835878
6276 0 0 0 31.695981975644827
6277 0 0 0 29.029456083662808
6278 0 0 0 19.756277091801167
6279 0 0 0 30.81597900018096
6280 0 0 0 25.073162047192454
6281 0 0 0 27.955585974268615
6282 0 0 0 35.41757399216294
6283 0 0 0 29.440619982779026
6284 0 0 0 31.928873038850725
6285 0 0 0 36.89593996386975
6286 0 0 0 31.873821979388595
6287 0 0 0 34.698888077400625
6288 1 731410 0.7027027 32.261524931527674
6289 0 0 0 34.42322893533856
6290 0 0 0 26.147257070988417
6291 0 0 0 23.822951945476234
6292 0 0 0 31.269575003534555
6293 0 0 0 26.86796197667718
6294 0 0 0 28.69324991479516
6295 0 0 0 28.946161968633533
6296 0 0 0 23.281572037376463
6297 0 0 0 31.379583990201354
6298 1 731410 0.7027027 31.06688300613314
6299 0 0 0 32.917440054006875
6300 0 0 0 22.887308965437114
6301 0 0 0 27.07300102338195
6302 0 0 0 30.317639000713825
6303 0 0 0 35.96026892773807
6304 1 1411488 0.70666665 30.41370597202331
6305 0 0 0 26.782116969116032
6306 0 0 0 26.252362062223256
6307 0 0 0 18.566488986834884
6308 0 0 0 32.311088987626135
6309 0 0 0 29.992441996000707
6310 0 0 0 25.535056949593127
6311 0 0 0 33.3039490506053
6312 0 0 0 30.569636030122638
6313 0 0 0 32.62876998633146
6314 0 0 0 26.768030016683042
6315 0 0 0 34.078947035595775
6316 1 1093040 0.7012987 32.16338809579611
6317 0 0 0 32.620723941363394
6318 1 1332786 0.7078652 29.08814698457718
6319 0 0 0 19.5125910686329
6320 0 0 0 31.69811295811087
6321 0 0 0 28.86972692795098
6322 0 0 0 25.330765987746418
6323 0 0 0 30.248575028963387
6324 0 0 0 27.495468966662884
6325 0 0 0 26.856433949433267
6326 0 0 0 31.06376703362912
6327 0 0 0 29.344151029363275
6328 0 0 0 29.762846999801695
6329 0 0 0 30.88304295670241
6330 0 0 0 31.103802961297333
6331 0 0 0 28.254176024347544
6332 0 0 0 24.02202901430428
6333 0 0 0 31.637617968954146
6334 0 0 0 23.203050950542092
6335 0 0 0 28.75556400977075
6336 0 0 0 36.114864982664585
6337 0 0 0 22.13621197734028
6338 0 0 0 33.61955308355391
6339 0 0 0 25.875995052047074
6340 0 0 0 22.023743018507957
6341 0 0 0 22.59700500871986
6342 1 1332786 0.7586207 24.59501300472766
6343 0 0 0 31.31422004662454
6344 0 0 0 29.943156987428665
6345 1 856919 0.7 28.15403905697167
6346 0 0 0 29.587283032014966
6347 0 0 0 34.99798197299242
6348 0 0 0 28.49695202894509
6349 1 852917 0.70238096 26.85301110614091
6350 0 0 0 32.96070999931544
6351 0 0 0 31.988434959203005
6352 1 453504 0.7108434 32.21097809728235
6353 0 0 0 30.480053974315524
6354 0 0 0 32.28477307129651
6355 0 0 0 30.82872403319925
6356 0 0 0 25.897754007019103
6357 1 222186 0.725 35.56550410576165
6358 0 0 0 34.84843403566629
6359 0 0 0 33.27802196145058
6360 0 0 0 25.89046792127192
6361 0 0 0 31.316116102971137
6362 0 0 0 25.773760047741234
6363 0 0 0 33.54905406013131
6364 0 0 0 24.83802498318255
6365 0 0 0 25.881001027300954
6366 0 0 0 27.56221196614206
6367 0 0 0 20.64235706347972
6368 0 0 0 27.72760798688978
6369 0 0 0 20.320132025517523
6370 0 0 0 28.35726097691804
6371 0 0 0 26.79014904424548
6372 0 0 0 28.17992598284036
6373 1 418765 0.7011494 21.78615494631231
6374 0 0 0 30.61223099939525
6375 0 0 0 21.67358505539596
6376 0 0 0 32.53354993648827
6377 0 0 0 17.374597024172544
6378 1 1572279 0.7011494 18.870595027692616
6379 0 0 0 18.716059043072164
6380 0 0 0 12.755039962939918
6381 0 0 0 15.84944105707109
6382 1 407191 0.71428573 22.467226022854447
6383 0 0 0 17.425395897589624
6384 0 0 0 18.653893959708512
6385 0 0 0 18.828111933544278
6386 0 0 0 18.79958005156368
6387 0 0 0 17.081888974644244
6388 0 0 0 18.765324028208852
6389 0 0 0 13.751870952546597
6390 0 0 0 14.359398977831006
6391 0 0 0 13.178991037420928
6392 0 0 0 18.738019047304988
6393 0 0 0 19.264462986029685
6394 1 1041172 0.7078652 21.620657993480563
6395 0 0 0 14.807898085564375
6396 0 0 0 14.106563990935683
6397 0 0 0 18.741330946795642
6398 0 0 0 18.51999096106738
6399 0 0 0 18.592335982248187
6400 0 0 0 17.723834956996143
6401 0 0 0 17.303708009421825
6402 0 0 0 14.782897080294788
6403 1 407191 0.7051282 20.443376968614757
6404 0 0 0 14.33098700363189
6405 0 0 0 15.420823940075934
6406 1 407191 0.71428573 22.82614097930491
6407 0 0 0 18.222704995423555
6408 0 0 0 18.357178079895675
6409 0 0 0 17.83855597022921
6410 0 0 0 18.180256010964513
6411 0 0 0 20.2315510250628
6412 0 0 0 17.851073993369937
6413 0 0 0 19.379209028556943
6414 0 0 0 19.624973996542394
6415 0 0 0 17.22481905017048
6416 0 0 0 19.303975976072252
6417 0 0 0 18.491360009647906
6418 0 0 0 14.418598962947726
6419 0 0 0 12.861458933912218
6420 0 0 0 15.80549101345241
6421 0 0 0 14.483303064480424
6422 0 0 0 17.99811003729701
6423 0 0 0 21.184407058171928
6424 1 1714288 0.7078652 18.99085007607937
6425 1 407191 0.71428573 21.88609808217734
6426 0 0 0 15.98257408477366
6427 0 0 0 17.99897593446076
6428 0 0 0 18.18925596307963
6429 0 0 0 20.31265094410628
6430 0 0 0 15.641086036339402
6431 0 0 0 16.4559610420838
6432 0 0 0 18.579591996967793
6433 0 0 0 17.050953931175172
6434 0 0 0 15.914554940536618
6435 0 0 0 17.392551992088556
6436 1 1226791 0.70454544 18.39361002203077
6437 0 0 0 22.542040911503136
6438 0 0 0 16.89134701155126
6439 0 0 0 19.660377060063183
6440 0 0 0 12.751389993354678
6441 0 0 0 19.49864800553769
6442 0 0 0 17.88762502837926
6443 0 0 0 18.61642103176564
6444 0 0 0 19.50909791048616
6445 0 0 0 18.207611050456762
6446 0 0 0 16.371365054510534
6447 0 0 0 17.87358010187745
6448 0 0 0 18.26781395357102
6449 0 0 0 13.520909007638693
6450 0 0 0 14.675401034764946
6451 0 0 0 15.41429408825934
6452 0 0 0 19.06398998107761
6453 0 0 0 17.589612980373204
6454 0 0 0 14.633550075814128
6455 0 0 0 16.264910926111042
6456 0 0 0 18.66076304577291
6457 0 0 0 18.443090957589447
6458 0 0 0 20.39906510617584
6459 0 0 0 24.100183974951506
6460 0 0 0 18.739187042228878
6461 0 0 0 17.834500060416758
6462 0 0 0 18.199377926066518
6463 0 0 0 20.99151397123933
6464 0 0 0 16.26830198802054
6465 0 0 0 14.567287056706846
6466 0 0 0 18.33153096958995
6467 0 0 0 20.843498059548438
6468 0 0 0 17.210606019943953
6469 0 0 0 18.216929980553687
6470 0 0 0 13.628684100694954
6471 0 0 0 21.83667104691267
6472 1 1949433 0.70731705 24.451770004816353
6473 0 0 0 21.370323025621474
6474 0 0 0 15.969514031894505
6475 0 0 0 20.45064198318869
6476 0 0 0 14.57907899748534
6477 0 0 0 25.15513403341174
6478 0 0 0 21.560105960816145
6479 0 0 0 17.397221992723644
6480 1 407191 0.71428573 22.343538934364915
6481 0 0 0 21.41519298311323
6482 0 0 0 21.59585803747177
6483 0 0 0 18.877080059610307
6484 0 0 0 19.778582034632564
6485 0 0 0 16.430499963462353
6486 0 0 0 22.679705056361854
6487 0 0 0 22.7812739321962
6488 0 0 0 16.70847600325942
6489 0 0 0 21.667437977157533
6490 0 0 0 23.72844994533807
6491 0 0 0 23.004918009974062
6492 0 0 0 13.901736936531961
6493 0 0 0 15.504318987950683
6494 0 0 0 15.519190928898752
6495 0 0 0 13.122809934429824
6496 0 0 0 19.76128201931715
6497 0 0 0 17.516475985758007
6498 0 0 0 16.624023905023932
6499 0 0 0 23.1855649035424
6500 0 0 0 14.875633991323411
6501 0 0 0 18.68520607240498
6502 0 0 0 16.016099019907415
6503 0 0 0 18.9315628958866
6504 0 0 0 17.620183993130922
6505 0 0 0 17.18666998203844
6506 0 0 0 19.755268935114145
6507 0 0 0 15.225567971356213
6508 0 0 0 16.725155990570784
6509 0 0 0 17.50152197200805
6510 0 0 0 18.606310011819005
6511 0 0 0 21.72358799725771
6512 0 0 0 18.48393806722015
6513 1 838895 0.71590906 18.454710952937603
6514 1 1945002 0.7 12.363201007246971
6515 0 0 0 15.616110991686583
6516 0 0 0 13.172103906981647
6517 1 400210 0.7227723 11.424719006754458
6518 0 0 0 13.378898962400854
6519 0 0 0 18.697722000069916
6520 0 0 0 16.909947036765516
6521 0 0 0 20.24438406806439
6522 0 0 0 22.266165004111826
6523 1 863893 0.7126437 19.929031026549637
6524 0 0 0 21.6552420752123
6525 0 0 0 20.852447021752596
6526 0 0 0 16.776320058852434
6527 0 0 0 15.96411201171577
6528 0 0 0 13.488589087501168
6529 0 0 0 14.63496801443398
6530 0 0 0 18.67712300736457
6531 0 0 0 19.949016976170242
6532 0 0 0 15.173432067967951
6533 0 0 0 15.239313011988997
6534 0 0 0 20.223164930939674
6535 0 0 0 18.58106895815581
6536 0 0 0 15.282656997442245
6537 0 0 0 17.849990050308406
6538 0 0 0 17.300821957178414
6539 0 0 0 16.08574006240815
6540 0 0 0 12.026955024339259
6541 0 0 0 18.757969024591148
6542 0 0 0 14.86345799639821
6543 0 0 0 16.354818013496697
6544 0 0 0 16.036838991567492
6545 0 0 0 13.477083062753081
6546 1 1551078 0.7157895 14.314953004941344
6547 0 0 0 18.559999065473676
6548 0 0 0 15.839507919736207
6549 0 0 0 16.343971947208047
6550 0 0 0 13.947895029559731
6551 0 0 0 15.293162083253264
6552 0 0 0 18.901914008893073
6553 0 0 0 16.78625599015504
6554 1 1558157 0.7032967 14.263267046771944
6555 1 1344211 0.7906977 19.865776994265616
6556 0 0 0 17.935329000465572
6557 0 0 0 17.27573003154248
6558 0 0 0 12.697911006398499
6559 0 0 0 17.982742050662637
6560 0 0 0 17.812768928706646
6561 0 0 0 17.12934800889343
6562 0 0 0 20.366564975120127
6563 0 0 0 12.136589037254453
6564 0 0 0 17.20222702715546
6565 1 1101338 0.7032967 21.898015053011477
6566 0 0 0 20.538894925266504
6567 0 0 0 13.968573068268597
6568 0 0 0 15.019458020105958
6569 0 0 0 16.699690953828394
6570 0 0 0 16.293568070977926
6571 0 0 0 14.723410014994442
6572 0 0 0 13.672332977876067
6573 0 0 0 20.468446076847613
6574 0 0 0 19.491511047817767
6575 1 1558157 0.7032967 15.260444022715092
6576 0 0 0 16.454862081445754
6577 0 0 0 23.236434091813862
6578 0 0 0 15.090008033439517
6579 0 0 0 15.95831208396703
6580 0 0 0 15.337924007326365
6581 1 1226791 0.70454544 18.54498195461929
6582 0 0 0 17.53513200674206
6583 0 0 0 15.78052795957774
6584 0 0 0 18.842631950974464
6585 0 0 0 14.47486795950681
6586 0 0 0 18.89121497515589
6587 0 0 0 18.521280959248543
6588 0 0 0 21.778739988803864
6589 0 0 0 17.29106204584241
6590 0 0 0 16.70586201362312
6591 0 0 0 13.740426977165043
6592 0 0 0 19.313486060127616
6593 0 0 0 18.55440402869135
6594 0 0 0 19.069486064836383
6595 0 0 0 20.164264016784728
6596 0 0 0 13.490921002812684
6597 0 0 0 14.766203006729484
6598 0 0 0 16.570006031543016
6599 0 0 0 17.231876961886883
6600 0 0 0 15.359296929091215
6601 0 0 0 14.36093496158719
6602 0 0 0 19.517803913913667
6603 0 0 0 20.041662035509944
6604 0 0 0 15.31010796315968
6605 0 0 0 16.86954591423273
6606 0 0 0 18.4900991152972
6607 0 0 0 19.929058966226876
6608 0 0 0 20.375097985379398
6609 0 0 0 19.16399400215596
6610 0 0 0 19.172981032170355
6611 0 0 0 15.768290031701326
6612 0 0 0 14.556318987160921
6613 0 0 0 15.765261021442711
6614 0 0 0 18.369130906648934
6615 0 0 0 16.803303034976125
6616 0 0 0 18.830979941412807
6617 0 0 0 17.521159956231713
6618 0 0 0 17.39612000528723
6619 0 0 0 17.22878299187869
6620 0 0 0 17.403357080183923
6621 0 0 0 18.869277089834213
6622 0 0 0 18.786396947689354
6623 0 0 0 20.239642006345093
6624 1 407191 0.71428573 23.54731597006321
6625 0 0 0 21.138002979569137
6626 0 0 0 17.776165041141212
6627 0 0 0 11.534706922248006
6628 0 0 0 20.946436910890043
6629 0 0 0 16.751240007579327
6630 0 0 0 19.60998901631683
6631 0 0 0 20.740563981235027
6632 0 0 0 22.746784961782396
6633 1 1572279 0.7011494 20.150069030933082
6634 0 0 0 12.669062009081244
6635 0 0 0 19.50548600871116
6636 0 0 0 20.568430074490607
6637 0 0 0 18.063985975459218
6638 0 0 0 19.756094086915255
6639 0 0 0 19.345124950632453
6640 0 0 0 15.021002036519349
6641 0 0 0 15.029044938273728
6642 0 0 0 16.100929933600128
6643 0 0 0 19.21955798752606
6644 0 0 0 15.389613923616707
6645 0 0 0 18.02125305403024
6646 0 0 0 17.935229931026697
6647 0 0 0 20.079911104403436
6648 0 0 0 22.613017936237156
6649 0 0 0 18.0866060545668
6650 0 0 0 17.21471908967942
6651 0 0 0 19.899677950888872
6652 0 0 0 20.956689957529306
6653 0 0 0 19.934594980441034
6654 0 0 0 18.602865049615502
6655 0 0 0 12.07983901258558
6656 0 0 0 15.385387931019068
6657 0 0 0 14.776836964301765
6658 0 0 0 18.300761934369802
6659 0 0 0 14.676457038149238
6660 0 0 0 14.928049989975989
6661 0 0 0 15.54922095965594
6662 0 0 0 15.74975298717618
6663 0 0 0 14.3842309480533
6664 0 0 0 13.06964608374983
6665 0 0 0 18.086062045767903
6666 0 0 0 17.373453942127526
6667 0 0 0 17.164024990051985
6668 0 0 0 14.977821032516658
6669 1 1081603 0.71 11.67114288546145
6670 1 1566713 0.7093023 18.744427943602204
6671 0 0 0 18.298077979125082
6672 0 0 0 13.983806013129652
6673 0 0 0 16.443725093267858
6674 0 0 0 18.08282802812755
6675 0 0 0 18.2939600199461
6676 1 1191367 0.71428573 15.566649963147938
6677 0 0 0 14.43631702568382
6678 0 0 0 19.470928004011512
6679 0 0 0 19.206620985642076
6680 0 0 0 14.828587067313492
6681 0 0 0 17.871195916086435
6682 0 0 0 19.178119022399187
6683 0 0 0 20.358406007289886
6684 0 0 0 19.39897204283625
6685 0 0 0 18.64916505292058
6686 0 0 0 20.127176074311137
6687 0 0 0 13.554128003306687
6688 0 0 0 19.32517089881003
6689 0 0 0 17.740822047926486
6690 0 0 0 13.39668408036232
6691 0 0 0 17.103417892940342
6692 0 0 0 13.391708955168724
6693 0 0 0 20.029927021823823
6694 1 407191 0.71428573 23.923717089928687
6695 0 0 0 20.40709205903113
6696 0 0 0 23.521160939708352
6697 1 370562 0.7078652 20.765705034136772
6698 1 407191 0.71428573 23.8138260319829
6699 0 0 0 14.510379056446254
6700 0 0 0 17.097209114581347
6701 0 0 0 19.568635965697467
6702 0 0 0 20.75985004194081
6703 0 0 0 19.478857051581144
6704 0 0 0 18.21060897782445
6705 0 0 0 20.569219021126628
6706 0 0 0 18.868107930757105
6707 0 0 0 24.620219017378986
6708 0 0 0 20.451055956073105
6709 0 0 0 20.943442010320723
6710 0 0 0 14.687218936160207
6711 0 0 0 18.141389940865338
6712 0 0 0 24.383477051742375
6713 0 0 0 19.937507109716535
6714 0 0 0 19.666824024170637
6715 1 1226791 0.70454544 20.23484604433179
6716 1 704348 0.7011494 22.024421021342278
6717 0 0 0 16.96223800536245
6718 0 0 0 19.712063018232584
6719 0 0 0 18.68252595886588
6720 0 0 0 16.8498489074409
6721 0 0 0 16.795636038295925
6722 1 1406709 0.7032967 21.45087590906769
6723 0 0 0 20.185990957543254
6724 0 0 0 19.054927048273385
6725 0 0 0 23.24355999007821
6726 0 0 0 14.680251944810152
6727 0 0 0 16.138346050865948
6728 0 0 0 17.768171033822
6729 0 0 0 19.524206058122218
6730 0 0 0 21.442640922032297
6731 0 0 0 17.68694003112614
6732 0 0 0 20.450162002816796
6733 0 0 0 21.285418886691332
6734 0 0 0 23.95704190712422
6735 0 0 0 21.42761996947229
6736 0 0 0 16.056171036325395
6737 0 0 0 21.563934977166355
6738 0 0 0 23.795342072844505
6739 0 0 0 19.381870981305838
6740 0 0 0 13.81466502789408
6741 0 0 0 28.712116996757686
6742 0 0 0 22.457425016909838
6743 0 0 0 17.16718601528555
6744 0 0 0 17.283572000451386
6745 0 0 0 24.698822060599923
6746 0 0 0 19.62567202281207
6747 0 0 0 16.627888078801334
6748 1 407191 0.71428573 24.638826958835125
6749 0 0 0 22.95607700943947
6750 0 0 0 21.798835950903594
6751 0 0 0 21.307136048562825
6752 0 0 0 18.631387036293745
6753 0 0 0 20.06706700194627
6754 0 0 0 22.140195942483842
6755 0 0 0 22.632859996519983
6756 0 0 0 16.639268025755882
6757 0 0 0 21.392923896200955
6758 0 0 0 20.75512008741498
6759 0 0 0 20.76227602083236
6760 0 0 0 16.37299102731049
6761 0 0 0 20.95686597749591
6762 1 1558157 0.7032967 20.86846507154405
6763 0 0 0 16.247924999333918
6764 0 0 0 23.55525502935052
6765 0 0 0 24.3128560250625
6766 0 0 0 21.63915103301406
6767 0 0 0 30.971935018897057
6768 0 0 0 16.74621202982962
6769 0 0 0 26.045410078950226
6770 0 0 0 22.574661998078227
6771 0 0 0 28.981340932659805
6772 0 0 0 19.522345042787492
6773 0 0 0 22.639920003712177
6774 0 0 0 15.422988100908697
6775 0 0 0 22.896378999575973
6776 0 0 0 20.15287394169718
6777 0 0 0 20.920246955938637
6778 0 0 0 22.341668023727834
6779 0 0 0 23.914091056212783
6780 0 0 0 33.95067504607141
6781 0 0 0 24.49589699972421
6782 0 0 0 21.099801058880985
6783 0 0 0 22.965501993894577
6784 0 0 0 17.735827947035432
6785 0 0 0 16.772950999438763
6786 0 0 0 21.926011075265706
6787 0 0 0 21.914824959822
6788 0 0 0 21.337684942409396
6789 0 0 0 21.007430041208863
6790 0 0 0 20.749103976413608
6791 0 0 0 23.09849695302546
6792 0 0 0 18.093535909429193
6793 0 0 0 18.17518298048526
6794 1 407191 0.71428573 33.86968595441431
6795 0 0 0 20.882143988274038
6796 0 0 0 25.608486030250788
6797 0 0 0 32.05690404865891
6798 1 1009462 0.72043014 20.12451400514692
6799 0 0 0 20.204170024953783
6800 0 0 0 26.20042592752725
6801 0 0 0 27.883343980647624
6802 0 0 0 23.841790040023625
6803 1 1558157 0.7032967 19.38920794054866
6804 0 0 0 24.770152056589723
6805 0 0 0 28.37807103060186
6806 0 0 0 20.7907990552485
6807 1 1053639 0.7083333 23.60861690249294
6808 0 0 0 20.501306978985667
6809 0 0 0 24.348211009055376
6810 0 0 0 15.94678102992475
6811 0 0 0 21.690621972084045
6812 0 0 0 18.2989890454337
6813 0 0 0 25.827970006503165
6814 0 0 0 20.85170801728964
6815 0 0 0 21.05012896936387
6816 0 0 0 15.477380016818643
6817 0 0 0 12.447513989172876
6818 0 0 0 22.111741011030972
6819 0 0 0 20.038185990415514
6820 0 0 0 20.58390306774527
6821 0 0 0 15.51419508177787
6822 0 0 0 22.433473961427808
6823 0 0 0 19.00449302047491
6824 0 0 0 18.974967999383807
6825 0 0 0 20.41184902191162
6826 0 0 0 16.620558919385076
6827 0 0 0 22.712024045176804
6828 0 0 0 14.330956968478858
6829 0 0 0 22.8875910397619
6830 0 0 0 20.37639799527824
6831 0 0 0 25.564742041751742
6832 0 0 0 21.380614023655653
6833 0 0 0 17.696186085231602
6834 0 0 0 19.921045983210206
6835 0 0 0 13.825155096128583
6836 0 0 0 15.466280980035663
6837 0 0 0 15.973345027305186
6838 0 0 0 16.914853011257946
6839 0 0 0 16.006986959837377
6840 0 0 0 14.479766017757356
6841 0 0 0 19.718316034413874
6842 0 0 0 18.553677946329117
6843 0 0 0 18.81221600342542
6844 0 0 0 17.45901396498084
6845 0 0 0 18.617987050674856
6846 0 0 0 17.488997895270586
6847 1 407191 0.71428573 21.88723103608936
6848 0 0 0 18.541063996963203
6849 0 0 0 16.56493602786213
6850 1 1118977 0.7195122 20.932044950313866
6851 0 0 0 14.790665009059012
6852 0 0 0 18.582154996693134
6853 0 0 0 13.086038990877569
6854 0 0 0 12.542510987259448
6855 1 823513 0.7011494 14.452984905801713
6856 1 407191 0.71428573 21.336978999897838
6857 0 0 0 15.64412796869874
6858 0 0 0 16.295374953188002
6859 0 0 0 17.857109080068767
6860 0 0 0 17.297641024924815
6861 0 0 0 19.783293013460934
6862 1 1191367 0.71428573 16.73377596307546
6863 0 0 0 15.059276018291712
6864 0 0 0 17.983617028221488
6865 0 0 0 14.478327939286828
6866 0 0 0 18.61023693345487
6867 1 1551078 0.7157895 16.707856906577945
6868 0 0 0 18.59676302410662
6869 0 0 0 15.27819293551147
6870 0 0 0 19.403371028602123
6871 1 1191367 0.71428573 16.250886023044586
6872 0 0 0 19.374274997971952
6873 0 0 0 21.14955394063145
6874 0 0 0 14.95816104579717
6875 0 0 0 20.670711994171143
6876 0 0 0 15.599220991134644
6877 0 0 0 10.00920298974961
6878 0 0 0 10.819243034347892
6879 0 0 0 11.263603926636279
6880 0 0 0 13.335020979866385
6881 0 0 0 6.858685985207558
6882 0 0 0 11.532354052178562
6883 0 0 0 7.113427040167153
6884 0 0 0 14.130697003565729
6885 0 0 0 6.834120023995638
6886 0 0 0 6.6020520171150565
6887 0 0 0 6.519453949294984
6888 0 0 0 10.963067994453013
6889 0 0 0 6.857324973680079
6890 0 0 0 5.379083915613592
6891 0 0 0 9.847674053162336
6892 0 0 0 6.213956978172064
6893 0 0 0 11.220258078537881
6894 0 0 0 8.156789932399988
6895 0 0 0 6.634733988903463
6896 0 0 0 10.069289011880755
6897 0 0 0 6.287302006967366
6898 0 0 0 10.18601399846375
6899 0 0 0 9.698581066913903
6900 0 0 0 11.207215953618288
6901 0 0 0 8.619970991276205
6902 0 0 0 6.524499971419573
6903 0 0 0 10.901825036853552
6904 0 0 0 11.52578101027757
6905 0 0 0 6.75162801053375
6906 1 1195135 0.70408165 11.478692991659045
6907 0 0 0 9.922800003550947
6908 0 0 0 5.324052996002138
6909 0 0 0 6.860904977656901
6910 0 0 0 6.675141048617661
6911 0 0 0 11.412141029722989
6912 0 0 0 11.567543027922511
6913 0 0 0 8.077088976278901
6914 0 0 0 6.686834967695177
6915 0 0 0 11.239942046813667
6916 0 0 0 6.481615942902863
6917 0 0 0 8.561676018871367
6918 0 0 0 11.179853929206729
6919 0 0 0 11.584459920413792
6920 0 0 0 11.158414068631828
6921 0 0 0 11.325500905513763
6922 0 0 0 11.060461052693427
6923 0 0 0 11.07624894939363
6924 0 0 0 6.487525999546051
6925 0 0 0 5.723406095057726
6926 0 0 0 6.751856999471784
6927 0 0 0 9.878275915980339
6928 0 0 0 10.161414975300431
6929 1 1081603 0.7029703 10.753203998319805
6930 0 0 0 6.400599027983844
6931 0 0 0 9.308333974331617
6932 0 0 0 6.528878933750093
6933 0 0 0 8.65560700185597
6934 0 0 0 11.066672974266112
6935 0 0 0 6.497510010376573
6936 0 0 0 6.636337959207594
6937 0 0 0 6.369365961290896
6938 0 0 0 6.428458029404283
6939 0 0 0 11.351217981427908
6940 0 0 0 7.211175048723817
6941 0 0 0 7.036175928078592
6942 0 0 0 6.768602994270623
6943 0 0 0 11.387018952518702
6944 1 1081603 0.7058824 9.934566915035248
6945 0 0 0 10.306712938472629
6946 0 0 0 6.744193960912526
6947 0 0 0 6.409795023500919
6948 0 0 0 6.404145038686693
6949 0 0 0 10.19679894670844
6950 0 0 0 6.537243025377393
6951 0 0 0 6.6629210487008095
6952 0 0 0 7.179960026405752
6953 0 0 0 11.12166908569634
6954 0 0 0 11.296943994238973
6955 1 993226 0.7 11.383875040337443
6956 0 0 0 6.848983000963926
6957 0 0 0 6.973298965021968
6958 0 0 0 6.5969700226560235
6959 0 0 0 8.178540039807558
6960 0 0 0 6.653383024968207
6961 0 0 0 10.73764800094068
6962 0 0 0 10.823579039424658
6963 0 0 0 6.3598150154575706
6964 0 0 0 10.681280051358044
6965 0 0 0 11.064018006436527
6966 0 0 0 5.3562530083581805
6967 0 0 0 8.077464066445827
6968 0 0 0 11.284754029475152
6969 0 0 0 11.691601946949959
6970 0 0 0 8.781157084740698
6971 0 0 0 5.6099098874256015
6972 0 0 0 10.318387998268008
6973 0 0 0 9.433257975615561
6974 0 0 0 8.031719014979899
6975 0 0 0 11.169397970661521
6976 0 0 0 9.796604048460722
6977 0 0 0 6.40333304181695
6978 0 0 0 11.232997989282012
6979 0 0 0 11.21158804744482
6980 0 0 0 6.403728970326483
6981 0 0 0 6.436381954699755
6982 0 0 0 5.398298962973058
6983 0 0 0 6.42994896043092
6984 0 0 0 10.695255012251437
6985 1 1081603 0.7128713 11.048770043998957
6986 0 0 0 10.762698017060757
6987 0 0 0 11.256573954597116
6988 0 0 0 10.661548003554344
6989 0 0 0 5.405797041021287
6990 0 0 0 6.355252931825817
6991 0 0 0 5.453260033391416
6992 0 0 0 5.4522870341315866
6993 0 0 0 11.079277959652245
6994 0 0 0 6.338261999189854
6995 0 0 0 10.993432020768523
6996 0 0 0 11.599740013480186
6997 0 0 0 11.085193022154272
6998 0 0 0 7.192516000941396
6999 0 0 0 5.732801044359803
7000 0 0 0 11.22803904581815
7001 0 0 0 6.653619930148125
7002 0 0 0 6.719026947394013
7003 0 0 0 6.505014025606215
7004 0 0 0 5.429161945357919
7005 0 0 0 6.439459975808859
7006 0 0 0 6.652047974057496
7007 0 0 0 12.310080928727984
7008 0 0 0 6.486931000836194
7009 0 0 0 6.4933099783957005
7010 0 0 0 11.144326068460941
7011 0 0 0 8.548983954824507
7012 0 0 0 6.526684970594943
7013 0 0 0 10.134060983546078
7014 0 0 0 10.128887952305377
7015 0 0 0 5.540338926948607
7016 0 0 0 10.945754940621555
7017 0 0 0 9.898507036268711
7018 0 0 0 11.243119952268898
7019 0 0 0 6.424141000024974
7020 0 0 0 6.5157340141013265
7021 0 0 0 6.449888925999403
7022 0 0 0 10.086039081215858
7023 0 0 0 5.473808036185801
7024 0 0 0 8.494070963934064
7025 0 0 0 6.459624972194433
7026 0 0 0 6.722490070387721
7027 0 0 0 11.58769300673157
7028 0 0 0 6.741245975717902
7029 0 0 0 6.73112494405359
7030 1 1081603 0.7227723 10.361111024394631
7031 0 0 0 5.5993819842115045
7032 0 0 0 10.724605992436409
7033 1 1479431 0.71428573 1.054071937687695
7034 1 942245 0.75 0.9954710258170962
7035 1 348885 0.7777778 0.9653940796852112
7036 1 534251 0.71428573 1.182763953693211
7037 1 534251 0.71428573 1.0575130581855774
7038 1 1971156 0.72727275 1.0215460788458586
7039 1 598624 0.71428573 1.1661120224744081
7040 1 598624 0.71428573 1.0393679840490222
7041 1 1780896 0.75 1.0431250557303429
7042 1 328950 0.71428573 0.9921599412336946
7043 1 347336 0.71428573 1.732644042931497
7044 1 501073 0.71428573 1.6909739933907986
7045 1 1684608 0.71428573 1.0865279473364353
7046 1 501073 0.71428573 0.8870710153132677
7047 1 1425522 0.7777778 1.0376430582255125
7048 1 1967209 0.72727275 1.0372740216553211
7049 1 1732970 0.7692308 1.0132408933714032
7050 1 1732970 0.7692308 1.0511740110814571
7051 1 598624 0.71428573 1.1049850145354867
7052 1 15575 0.72727275 1.0062300134450197
7053 1 1699878 0.75 0.9744850685819983
7054 1 598624 0.71428573 1.1184440227225423
7055 1 1964157 0.7692308 1.7948269378393888
7056 1 1715387 0.7 2.8468340169638395
7057 1 1961116 0.75 1.1391909793019295
7058 1 360119 0.71428573 2.2503769723698497
7059 1 1962433 0.7368421 2.5803609751164913
7060 1 1596895 0.7 1.44386594183743
7061 1 2117243 0.7222222 2.0567879546433687
7062 1 1189613 0.7407407 3.203321946784854
7063 1 224779 0.7826087 2.1841569105163217
7064 1 52739 0.7037037 2.9963499400764704
7065 1 2117661 0.72727275 1.9672330236062407
7066 1 426592 0.71428573 2.830474986694753
7067 1 2126196 0.7 2.8055020375177264
7068 1 1982295 0.71428573 2.0268979715183377
7069 1 1965062 0.73333335 3.0241040512919426
7070 1 1448413 0.75 2.772263018414378
7071 1 371246 0.7 2.3431150475516915
7072 1 1965066 0.7 2.3598199477419257
7073 1 1659111 0.72727275 2.749266102910042
7074 1 1279902 0.7 2.067098976112902
7075 1 293224 0.7 2.9635659884661436
7076 1 232152 0.7619048 2.0681170281022787
7077 1 417455 0.7 1.7195830587297678
7078 1 660748 0.75 2.8053269488736987
7079 1 1400424 0.7619048 3.0202320776879787
7080 1 499940 0.7058824 2.1832200000062585
7081 1 1891906 0.72727275 2.0385300740599632
7082 1 1965629 0.7368421 1.7269570380449295
7083 1 1978405 0.75 2.2861789911985397
7084 1 279009 0.7222222 1.529618981294334
7085 1 1962433 0.7368421 2.5521579664200544
7086 1 1141731 0.7083333 2.629956929013133
7087 1 2305316 0.71428573 1.161422929726541
7088 1 277773 0.7368421 2.6336960727348924
7089 1 1617471 0.72727275 1.9714409718289971
7090 1 819437 0.73333335 1.4089620672166348
7091 1 74689 0.73913044 1.9578259671106935
7092 1 607279 0.76 3.043652977794409
7093 1 1949771 0.76 2.680647070519626
7094 1 1964588 0.7 2.844183938577771
7095 1 1549376 0.7647059 1.7549260519444942
7096 1 1762520 0.7222222 1.8994100391864777
7097 1 1962478 0.7619048 2.9970629839226604
7098 1 959840 0.75 3.4355820389464498
7099 1 31737 0.75 2.3717840667814016
7100 1 1962832 0.75 2.4460660060867667
7101 1 1963610 0.71428573 1.2653479352593422
7102 1 71795 0.77272725 1.8729970324784517
7103 1 448565 0.73913044 2.636076998896897
7104 1 640977 0.7619048 2.5180369848385453
7105 1 380461 0.73913044 2.2498450707644224
7106 1 2450244 0.7619048 3.0799659434705973
7107 1 181151 0.75 3.0175528954714537
7108 1 1966875 0.7894737 2.1822770358994603
7109 1 1617801 0.75 1.6371540259569883
7110 1 166135 0.7 3.3727280097082257
7111 1 1968188 0.7058824 1.18220504373312
7112 1 1681620 0.7307692 4.2236000299453735
7113 1 1040842 0.72 3.5931109450757504
7114 1 1965062 0.73333335 2.039866056293249
7115 1 398606 0.7083333 5.2671380108222365
7116 1 354360 0.75 2.3261350579559803
7117 1 395769 0.75 1.1921240948140621
7118 1 969631 0.75 2.2134960163384676
7119 1 640121 0.71428573 2.816049032844603
7120 1 1677491 0.75 1.493711955845356
7121 1 39946 0.7 2.3518119705840945
7122 1 143867 0.71428573 3.442019922658801
7123 1 291693 0.76 2.7717100456357002
7124 1 1969514 0.72727275 3.8193330401554704
7125 1 1675060 0.7222222 2.0560930715873837
7126 1 1821578 0.75 2.79239600058645
7127 1 185487 0.7894737 1.6014690045267344
7128 1 1078242 0.7222222 2.1339230006560683
7129 1 1699560 0.7894737 1.6572719905525446
7130 1 719478 0.76 2.907215035520494
7131 1 1624393 0.72727275 2.9760029865428805
7132 1 62775 0.7 2.7900859713554382
7133 1 661217 0.7222222 1.8465900793671608
7134 1 1695623 0.75 2.820127992890775
7135 1 62775 0.7 2.9471750603988767
7136 1 1299558 0.7826087 2.5841030292212963
7137 1 1671914 0.75 2.7123430045321584
7138 1 659802 0.7619048 3.054314060136676
7139 1 1807074 0.7222222 2.1132369292899966
7140 1 1967228 0.75 2.568376949056983
7141 1 2120755 0.7058824 3.3114480320364237
7142 1 1079181 0.72 2.7929600328207016
7143 1 1474062 0.7 3.375643049366772
7144 1 981122 0.75 2.3971879854798317
7145 1 2242303 0.7083333 2.2597250062972307
7146 1 928453 0.75 4.630813957192004
7147 1 28570 0.7 1.993592013604939
7148 1 8969 0.7647059 1.4335940359160304
7149 1 403421 0.7058824 1.7982600256800652
7150 1 1436967 0.71428573 3.1774919480085373
7151 1 96961 0.7368421 1.8038750858977437
7152 1 1712811 0.72 2.6613679947331548
7153 1 17393 0.7083333 3.3981140004470944
7154 1 1964807 0.71428573 1.2723730178549886
7155 1 178283 0.7894737 1.6871250700205564
7156 1 441824 0.7058824 1.1385510442778468
7157 1 518521 0.75 2.920544007793069
7158 1 166135 0.7 3.0785700073465705
7159 1 843748 0.7777778 2.2581079974770546
7160 1 1260472 0.71428573 3.423574031330645
7161 1 969586 0.7368421 2.914236974902451
7162 1 1586009 0.73913044 2.6532619958743453
7163 1 1299731 0.7619048 2.1400830009952188
7164 1 1781941 0.7894737 2.7624419890344143
7165 1 512515 0.7619048 3.6037079989910126
7166 1 1517687 0.7368421 1.4064559945836663
7167 1 1860396 0.7368421 2.619539969600737
7168 1 1964889 0.7777778 1.481120940297842
7169 1 1347129 0.76 2.706444007344544
7170 1 1782004 0.75 2.7164809871464968
7171 1 860469 0.75 1.2242620578035712
7172 1 1457843 0.73913044 3.8965310668572783
7173 1 1580247 0.7222222 2.263823989778757
7174 1 249975 0.7894737 1.6409329837188125
7175 1 2421751 0.7083333 2.396139083430171
7176 1 325802 0.7 3.362191026099026
7177 1 183713 0.7 3.4730590414255857
7178 1 1782004 0.75 2.629711991176009
7179 1 1962062 0.73913044 3.4330670023337007
7180 1 169922 0.7407407 3.120394074358046
7181 1 24633 0.75 2.995125949382782
7182 1 468524 0.71428573 1.9424880156293511
7183 1 1696126 0.7894737 3.6794209154322743
7184 1 928488 0.7368421 2.7630269760265946
7185 1 1969920 0.72727275 2.7973110554739833
7186 1 504216 0.75 1.5763819683343172
7187 1 942245 0.73333335 1.6394450794905424
7188 1 956469 0.7 1.7277330625802279
7189 1 503196 0.71428573 3.3716210164129734
7190 1 1968153 0.8125 1.6987479757517576
7191 1 1695535 0.7647059 3.3435639925301075
7192 1 1695673 0.7916667 3.108466975390911
7193 1 41152 0.73333335 1.178500009700656
7194 1 96961 0.7368421 1.5383691061288118
7195 1 1968910 0.75 2.6811609277501702
7196 1 1559381 0.7916667 3.0208620009943843
7197 1 581234 0.71428573 2.9182289727032185
7198 1 548116 0.72727275 3.550745896063745
7199 1 98538 0.7083333 2.9797550523653626
7200 1 205630 0.75 3.139047999866307
7201 1 1174354 0.71428573 3.6851019831374288
7202 1 1670638 0.7647059 2.1637530298903584
7203 1 472396 0.7368421 3.0155759304761887
7204 1 951508 0.7777778 1.4150519855320454
7205 1 472396 0.7 3.2547599403187633
7206 1 1905570 0.71428573 3.4820380387827754
7207 1 178288 0.73333335 1.577720046043396
7208 1 1692795 0.72 2.9189210617914796
7209 1 2431005 0.76 5.130819045007229
7210 1 43657 0.7647059 1.7918320372700691
7211 0 0 0 2.6270130183547735
7212 1 1967850 0.7 1.9761980511248112
7213 1 1679526 0.72727275 2.0514660282060504
7214 1 159530 0.76 2.858113031834364
7215 1 1757910 0.7058824 1.650732010602951
7216 1 1706503 0.73913044 2.313334960490465
7217 1 837166 0.7 2.102870959788561
7218 1 1673976 0.7368421 2.6963739655911922
7219 1 8746 0.71428573 1.2963120825588703
7220 1 1910976 0.7307692 2.925216918811202
7221 1 1016884 0.71428573 0.9984869975596666
7222 1 344118 0.71428573 1.1957320384681225
7223 1 138777 0.75 2.7354720514267683
7224 1 1633533 0.75 2.952108043245971
7225 1 172568 0.7916667 2.848787000402808
7226 1 457942 0.7368421 1.331362989731133
7227 1 1602917 0.7777778 1.2798549141734838
7228 1 21954 0.72727275 1.653379062190652
7229 1 7863 0.7 2.737976028583944
7230 1 1589425 0.75 2.413581940345466
7231 1 1588531 0.7 1.33943697437644
7232 1 2360142 0.71428573 2.95326707419008
7233 1 142491 0.73913044 2.801066031679511
7234 1 1960299 0.71428573 1.1201970046386123
7235 1 445370 0.7222222 1.2525609927251935
7236 1 2237130 0.7368421 2.1182619966566563
7237 1 164155 0.7083333 2.4076360277831554
7238 1 1701378 0.78571427 1.0980739025399089
7239 1 2233529 0.7083333 3.170038922689855
7240 1 1961116 0.75 1.8020019633695483
7241 1 1701526 0.7368421 2.148462925106287
7242 1 1962833 0.7 1.5457659028470516
7243 1 122348 0.7083333 2.2969829151406884
7244 1 1572659 0.7 1.4210300287231803
7245 1 1963610 0.73333335 1.4403160894289613
7246 1 1963122 0.7 1.5026070177555084
7247 1 1660061 0.7894737 1.6898999456316233
7248 1 1689811 0.7222222 2.3054099874570966
7249 1 1968910 0.75 2.6767359813675284
7250 1 288300 0.71428573 3.5695789847522974
7251 1 18156 0.75 1.8118059961125255
7252 1 2026039 0.73913044 3.8757830625399947
7253 1 1660488 0.7083333 3.20411694701761
7254 1 157648 0.7058824 1.095597050152719
7255 1 743871 0.73333335 1.174011966213584
7256 1 1963471 0.7777778 3.985802992247045
7257 1 1500326 0.7777778 1.897374982945621
7258 1 652675 0.7 1.446794020012021
7259 1 2137525 0.71428573 2.7282650116831064
7260 1 455305 0.71428573 2.554951934143901
7261 1 1985399 0.7368421 1.4491609763354063
7262 1 1961116 0.75 1.101862988434732
7263 1 280888 0.73913044 2.3811060236766934
7264 1 279963 0.71428573 0.9858009871095419
7265 1 1967867 0.7368421 1.3444189680740237
7266 1 1073600 0.7 2.866246970370412
7267 1 1963862 0.77272725 2.435688045807183
7268 1 1086668 0.72727275 1.7213099636137486
7269 1 2040239 0.7619048 1.5981420874595642
7270 1 1968153 0.7058824 1.5838310355320573
7271 1 472493 0.75 2.952197100967169
7272 1 1085329 0.72727275 1.6137550119310617
7273 1 1241773 0.75 2.060344093479216
7274 1 1910633 0.7083333 2.2000849712640047
7275 1 1924167 0.7619048 2.890976029448211
7276 1 1722341 0.7619048 2.369577996432781
7277 1 1931822 0.7 2.760856063105166
7278 1 1735814 0.7894737 1.8684010719880462
7279 1 1534100 0.7894737 1.5805161092430353
7280 1 1964838 0.7368421 2.426506020128727
7281 1 1924168 0.7619048 2.8849709779024124
7282 1 445946 0.7058824 1.6269891057163477
7283 1 787586 0.7058824 1.2314360355958343
7284 1 954630 0.7368421 2.7396660298109055
7285 1 447801 0.7 2.7399850077927113
7286 1 1705892 0.75 1.512104063294828
7287 1 1960701 0.7647059 1.341518945991993
7288 1 1970573 0.7 2.823833958245814
7289 1 1551141 0.7 3.6861379630863667
7290 1 1302198 0.75 2.596524078398943
7291 1 841339 0.7307692 3.1747559551149607
7292 1 1481216 0.75 4.605943919159472
7293 1 549595 0.73913044 2.3484500125050545
7294 1 279009 0.7647059 1.6927989199757576
7295 1 620779 0.72 3.0533409444615245
7296 1 56848 0.76 3.099919995293021
7297 1 2120755 0.7058824 2.141628065146506
7298 1 1608475 0.7619048 3.050331026315689
7299 1 9088 0.7058824 1.9692829810082912
7300 1 128009 0.7368421 2.8937739552929997
7301 1 933893 0.71428573 1.2947500217705965
7302 1 1965066 0.7 2.3346649250015616
7303 1 640121 0.7222222 2.4555919226258993
7304 1 585568 0.7916667 2.4965089978650212
7305 1 735379 0.7619048 2.0630640210583806
7306 1 1968295 0.7083333 3.3731990261003375
7307 1 2005271 0.7058824 1.2649560812860727
7308 1 1967614 0.7058824 1.9745550816878676
7309 1 843748 0.7368421 2.572159981355071
7310 1 350827 0.7 3.2700860174372792
7311 1 1965852 0.7222222 2.347877947613597
7312 1 764693 0.7894737 2.754218061454594
7313 1 160088 0.72727275 1.7110640183091164
7314 1 1551623 0.7083333 2.2436230210587382
7315 1 2451717 0.76 2.7637809980660677
7316 1 1137948 0.7058824 2.899367013014853
7317 1 1403034 0.7 1.621769042685628
7318 1 1586009 0.73913044 2.182882046326995
7319 1 541913 0.75 2.3192710941657424
7320 1 643369 0.75 2.6312200352549553
7321 1 2398977 0.71428573 2.6238420978188515
7322 1 25318 0.7619048 1.9807639764621854
7323 1 453331 0.72727275 4.638697020709515
7324 1 279963 0.71428573 1.8516849959269166
7325 1 1405208 0.76 3.186322981491685
7326 1 1779783 0.78571427 1.0486349929124117
7327 1 2259688 0.7619048 1.7137740505859256
7328 1 346716 0.7222222 2.243943978101015
7329 1 1128622 0.7619048 3.582065925002098
7330 1 128009 0.7368421 2.6079900562763214
7331 1 2006389 0.71428573 1.8364440184086561
7332 1 1963946 0.71428573 3.3672640565782785
7333 1 1963122 0.7 1.6432090196758509
7334 1 1730951 0.71428573 1.2807250022888184
7335 1 1991147 0.7368421 1.5747470315545797
7336 1 1171066 0.77272725 3.318249946460128
7337 1 2015617 0.7368421 2.410401008091867
7338 1 180897 0.75 3.024350036866963
7339 1 62114 0.71428573 2.822507987730205
7340 1 1966706 0.71428573 2.6829070411622524
7341 1 1450919 0.7777778 1.7365559469908476
7342 1 2237130 0.7 2.8497520834207535
7343 1 1535318 0.76 2.7605090290308
7344 1 975665 0.7647059 1.2027870398014784
7345 1 247514 0.75 3.2140830298885703
7346 1 1530322 0.7894737 2.5500139454379678
7347 1 2393706 0.72 3.2774130813777447
7348 1 1240278 0.8 1.748545910231769
7349 1 1860792 0.71428573 5.816729972139001
7350 1 614728 0.78571427 1.0564338881522417
7351 1 1924167 0.7619048 2.9081719694659114
7352 1 1154012 0.7083333 3.516840049996972
7353 1 795506 0.71428573 2.9938039369881153
7354 1 490579 0.75 2.0927879959344864
7355 1 35112 0.75 2.7829729951918125
7356 1 2450666 0.7894737 1.3550190487876534
7357 1 142491 0.71428573 1.6336350236088037
7358 1 1966379 0.75 2.4868929758667946
7359 1 1812920 0.75 2.1770319435745478
7360 1 1734387 0.72727275 2.9643679736182094
7361 1 1300146 0.7826087 3.100614994764328
7362 1 640121 0.71428573 2.8713670326396823
7363 1 1968910 0.75 2.625504042953253
7364 1 867203 0.7 1.5990090323612094
7365 1 185038 0.72727275 3.2233080128207803
7366 1 1586009 0.73913044 2.2776040714234114
7367 1 745382 0.71428573 2.475464018061757
7368 1 2096014 0.75 2.9960350366309285
7369 1 448565 0.73913044 2.649120055139065
7370 1 634105 0.7916667 2.49393202830106
7371 1 1695623 0.75 2.812354010529816
7372 1 244577 0.7619048 2.9026539996266365
7373 1 1965567 0.73333335 1.3896770542487502
7374 1 1985399 0.7368421 1.6195669304579496
7375 1 1965052 0.72727275 3.142063971608877
7376 1 1855912 0.7647059 1.99348502792418
7377 1 617914 0.73333335 1.2873020023107529
7378 1 1934445 0.72727275 3.2783650094643235
7379 1 398841 0.7368421 2.9279410373419523
7380 1 1481216 0.75 3.1537589384242892
7381 1 1734527 0.73333335 3.6148810759186745
7382 1 942245 0.73333335 1.708742929622531
7383 1 1452867 0.76 2.9299380257725716
7384 1 1933515 0.75 3.0825589783489704
7385 1 334506 0.7777778 2.1720610093325377
7386 1 1824450 0.73913044 2.3206189507618546
7387 1 417054 0.7894737 1.4864100376144052
7388 1 160897 0.7647059 1.4023010153323412
7389 1 132704 0.78571427 1.3593670446425676
7390 1 1623882 0.7222222 2.2280289558693767
7391 1 1968188 0.7058824 2.181612071581185
7392 1 276523 0.7647059 2.98427592497319
7393 1 388190 0.75 3.1027410877868533
7394 1 372971 0.7 2.6838970370590687
7395 1 1965629 0.7368421 1.5142019838094711
7396 1 1049745 0.7 2.8197490610182285
7397 1 1663318 0.7619048 2.0519690588116646
7398 1 1968564 0.71428573 3.207458066754043
7399 1 28269 0.75 1.617013942450285
7400 1 1968910 0.71428573 3.1085519585758448
7401 1 1617801 0.75 1.5304810367524624
7402 1 969564 0.7777778 1.528174034319818
7403 1 1691891 0.73333335 1.9324010936543345
7404 1 1811227 0.7 1.7465309938415885
7405 1 2305316 0.71428573 1.6506350366398692
7406 1 1965052 0.72727275 3.0802550027146935
7407 1 1830684 0.7083333 3.2402679789811373
7408 1 1702847 0.75 2.6200430002063513
7409 1 67746 0.7916667 2.9933879850432277
7410 1 1969933 0.7222222 2.31461797375232
7411 1 981122 0.75 2.763069001957774
7412 1 182770 0.72727275 2.3138310061767697
7413 1 1963153 0.7647059 1.4271839754655957
7414 1 333692 0.72727275 3.0175410211086273
7415 1 1961202 0.7222222 2.4370619794353843
7416 1 8931 0.7 3.577655996195972
7417 1 1925490 0.75 3.284125938080251
7418 1 928488 0.7 3.6885400768369436
7419 1 1910657 0.71428573 2.973530092276633
7420 1 378476 0.71428573 3.3549570944160223
7421 1 1993699 0.7 1.9930789712816477
7422 1 28570 0.7 3.0566758941859007
7423 1 376911 0.7222222 3.8610839983448386
7424 1 496033 0.72727275 2.54775898065418
7425 1 1855912 0.7647059 1.5366689767688513
7426 1 1010218 0.7692308 3.441537031903863
7427 1 1778561 0.7222222 2.50548601616174
7428 1 1967540 0.72727275 4.742316086776555
7429 1 389820 0.7 1.7604670720174909
7430 1 1280615 0.7916667 3.0494319507852197
7431 1 447801 0.75 3.3796230563893914
7432 1 1108347 0.75 3.36063199210912
7433 1 1936842 0.7894737 3.0982940224930644
7434 1 362564 0.7307692 3.716445993632078
7435 1 547280 0.7307692 3.5511539317667484
7436 1 1481216 0.75 3.3838769886642694
7437 1 1899842 0.7368421 2.6271879905834794
7438 1 1679526 0.72727275 3.799170022830367
7439 1 165407 0.73913044 3.700853092595935
7440 1 1780527 0.72727275 2.995111048221588
7441 1 1848314 0.75 2.296089078299701
7442 1 60030 0.71428573 3.4312440548092127
7443 1 1017284 0.7037037 3.3578439615666866
7444 1 1828511 0.72727275 1.930330996401608
7445 1 395769 0.75 1.1438520159572363
7446 1 372053 0.75 3.0362510588020086
7447 1 1842230 0.71428573 3.4848240902647376
7448 1 276523 0.7647059 2.0051199244335294
7449 1 1166975 0.75 3.7421080050989985
7450 1 41152 0.73333335 1.3152649626135826
7451 1 1730693 0.75 3.8517459761351347
7452 1 1394463 0.7222222 2.2498329635709524
7453 1 650331 0.75 3.098545945249498
7454 1 730052 0.7058824 1.232162001542747
7455 1 1964814 0.7368421 3.253369010053575
7456 1 1771302 0.7777778 1.6801910242065787
7457 1 1925489 0.71428573 3.4373350208625197
7458 1 1706503 0.73913044 2.518345951102674
7459 1 1660061 0.7894737 2.66718294005841
7460 1 1963862 0.72727275 2.38136004190892
7461 1 1966376 0.71428573 1.916920067742467
7462 1 447773 0.7916667 2.7319430373609066
7463 1 1960306 0.72 3.1334960367530584
7464 1 25297 0.7222222 3.4041849430650473
7465 1 383449 0.72727275 3.076452063396573
7466 1 43643 0.7619048 2.149198087863624
7467 1 169922 0.7407407 3.1427060021087527
7468 1 1454170 0.7083333 2.3851169971749187
7469 1 1646238 0.7916667 2.6776239974424243
7470 1 1634434 0.7916667 4.011918092146516
7471 1 1970274 0.75 1.776002929545939
7472 1 395769 0.75 1.4689540257677436
7473 1 125485 0.75 2.8821940068155527
7474 1 940519 0.7916667 3.0569160589948297
7475 1 607858 0.7647059 1.343694981187582
7476 1 86306 0.72 3.2311639515683055
7477 1 1964164 0.73913044 2.3045429261401296
7478 1 304102 0.7 1.811061054468155
7479 1 1967554 0.75 1.653613056987524
7480 1 293572 0.7894737 1.7845010152086616
7481 1 1969920 0.75 1.7637020209804177
7482 1 1462558 0.76 2.754392917267978
7483 1 1812920 0.75 2.3109730100259185
7484 1 139028 0.7777778 2.8956689639016986
7485 1 2012470 0.71428573 1.2243929086253047
7486 1 934477 0.7368421 2.7699510101228952
7487 1 1887649 0.7619048 3.027078928425908
7488 1 1732615 0.7083333 3.0124629847705364
7489 1 1938818 0.7222222 2.042659092694521
7490 1 830583 0.7037037 3.411776968277991
7491 1 1969933 0.7222222 2.2865610662847757
7492 1 124495 0.7 3.3474729862064123
7493 1 981880 0.72 2.8546879766508937
7494 1 249975 0.7894737 2.3683580802753568
7495 1 1962372 0.7222222 2.0683109760284424
7496 1 1797630 0.71428573 3.0998869333416224
7497 1 1992890 0.7647059 1.3820190215483308
7498 1 358663 0.76 2.8600720688700676
7499 1 624353 0.73333335 1.0741150472313166
7500 1 397699 0.72 2.5587360141798854
7501 1 1978405 0.75 2.246839925646782
7502 1 1823107 0.78571427 1.0821259347721934
7503 1 1968910 0.75 2.644580090418458
7504 1 691123 0.75 2.640328952111304
7505 1 1936842 0.75 3.065936965867877
7506 1 2356090 0.72727275 3.3130579395219684
7507 1 1964583 0.7222222 2.253729966469109
7508 1 2002811 0.71428573 2.1205629454925656
7509 1 2162562 0.77272725 1.8128370866179466
7510 1 1394463 0.7647059 1.7739789327606559
7511 1 445370 0.7222222 1.3170139864087105
7512 1 1820495 0.7916667 2.947369939647615
7513 1 454557 0.7 2.3451539454981685
7514 1 4377 0.7619048 2.558815060183406
7515 1 648719 0.71428573 3.3472160575911403
7516 1 249971 0.7083333 2.7949250070378184
7517 1 1166975 0.75 2.438411000184715
7518 1 360505 0.8 2.286761999130249
7519 1 1924166 0.75 2.3321729386225343
7520 1 39524 0.7058824 1.8109719967469573
7521 1 625116 0.7083333 2.541156020015478
7522 1 166135 0.75 2.719216048717499
7523 1 160498 0.7777778 2.018896979279816
7524 1 178374 0.8125 1.6472330316901207
7525 1 991221 0.7692308 3.000061959028244
7526 1 1778587 0.7619048 3.238157951273024
7527 1 159869 0.7647059 2.009243005886674
7528 1 28504 0.7 1.6418399754911661
7529 1 1221861 0.8235294 1.7480989918112755
7530 1 1860792 0.71428573 2.9332609847187996
7531 1 1735091 0.7777778 1.6239499673247337
7532 1 1596895 0.7368421 1.61167501937598
7533 1 1530322 0.7 2.9050769517198205
7534 1 299896 0.72727275 2.8713769279420376
7535 1 276523 0.75 1.8150280229747295
7536 1 233750 0.7407407 3.2486149575561285
7537 1 1442864 0.7058824 1.7651270609349012
7538 1 1906439 0.72727275 1.6403720946982503
7539 1 1517687 0.7368421 1.3750160578638315
7540 1 1726948 0.75 1.5397770330309868
7541 1 794389 0.7083333 2.453420078381896
7542 1 614824 0.7083333 3.387838019989431
7543 1 1963862 0.72727275 2.2883039200678468
7544 1 1964889 0.7 2.083870000205934
7545 1 1270536 0.7826087 2.2317980183288455
7546 1 136569 0.71428573 1.1614920804277062
7547 1 60030 0.75 2.8228869196027517
7548 1 1968910 0.71428573 3.2750710379332304
7549 1 1963478 0.7647059 1.3036630116403103
7550 0 0 0 2.4795789504423738
7551 1 1963610 0.73333335 2.6557829696685076
7552 1 1566196 0.75 3.0002129497006536
7553 1 1961012 0.71428573 1.9899040926247835
7554 1 2225112 0.7619048 2.611940959468484
7555 1 1888069 0.7058824 1.659838017076254
7556 1 982282 0.73333335 11.137290042825043
7557 1 617022 0.7058824 17.7887900499627
7558 1 637657 0.71428573 9.505146997980773
7559 1 2216463 0.72727275 14.942427980713546
7560 1 1908093 0.7037037 7.549882982857525
7561 1 2457368 0.73333335 9.593094000592828
7562 1 1597384 0.71428573 6.800882983952761
7563 1 179446 0.7741935 13.569016940891743
7564 1 39096 0.7 10.412128060124815
7565 1 860501 0.7058824 16.42944593913853
7566 1 850965 0.73333335 6.384821957908571
7567 1 1073765 0.75 17.486348981037736
7568 1 196696 0.7352941 18.259401083923876
7569 1 961203 0.7058824 14.539568917825818
7570 1 2398038 0.71428573 20.923445001244545
7571 1 1122821 0.7241379 10.60883596073836
7572 1 1905826 0.71875 16.87870209570974
7573 1 1557126 0.72727275 16.314763925038278
7574 1 1453983 0.71428573 19.774875952862203
7575 1 1175294 0.7352941 17.11465895641595
7576 1 1298903 0.7352941 17.03786093275994
7577 1 1189009 0.7105263 17.057660035789013
7578 1 1847839 0.79310346 12.41769501939416
7579 1 556812 0.74285716 16.74688293132931
7580 1 110414 0.7037037 7.221891079097986
7581 1 579518 0.71428573 17.54704990889877
7582 1 1609348 0.79310346 6.146013969555497
7583 1 1730934 0.72727275 14.494081027805805
7584 1 1202310 0.7096774 10.569018893875182
7585 1 1184699 0.7096774 17.41117495112121
7586 1 1322392 0.78125 8.387887035496533
7587 1 2120262 0.7777778 5.693007027730346
7588 1 1704733 0.75 12.835017987526953
7589 1 1630819 0.73333335 9.09498194232583
7590 1 1265643 0.7241379 9.628171916119754
7591 1 2013246 0.7878788 10.33190090674907
7592 1 1613760 0.7647059 14.11550398916006
7593 1 502335 0.73333335 10.348846088163555
7594 1 422929 0.7 7.735485094599426
7595 1 1128408 0.7241379 7.438265020027757
7596 1 11997 0.73333335 9.084898978471756
7597 1 1969915 0.71428573 13.370383996516466
7598 1 1494835 0.7105263 19.449795014224946
7599 1 208884 0.7027027 17.580287996679544
7600 1 534120 0.75 7.016569026745856
7601 1 566744 0.8076923 5.365425022318959
7602 1 1509616 0.7 10.057506035082042
7603 1 829824 0.74285716 10.294378036633134
7604 1 915500 0.71875 9.474594029597938
7605 1 1981768 0.7037037 5.583224934525788
7606 1 820356 0.7352941 14.738797908648849
7607 1 141637 0.7307692 4.998869961127639
7608 1 186714 0.7 10.167744942009449
7609 1 595710 0.73333335 10.568792000412941
7610 1 113749 0.7058824 9.81685402803123
7611 1 249970 0.7 7.771859061904252
7612 1 517123 0.71875 13.114691944792867
7613 1 1540129 0.7096774 9.78617591317743
7614 1 663029 0.7058824 15.98710403777659
7615 1 221952 0.75 5.235895048826933
7616 1 2115981 0.71875 13.890659902244806
7617 1 1262747 0.7096774 20.571113913320005
7618 1 223840 0.7619048 3.9088400080800056
7619 1 1689017 0.75 12.47697591315955
7620 1 2134995 0.7878788 16.17613306734711
7621 1 1627108 0.7352941 16.136527992784977
7622 1 2246889 0.7096774 10.17158105969429
7623 1 1156726 0.7368421 16.650567995384336
7624 1 1211366 0.75757575 12.283326010219753
7625 1 1036304 0.74285716 9.382541989907622
7626 1 1265869 0.72727275 14.565742923878133
7627 1 1245308 0.7241379 6.750494008883834
7628 1 1798937 0.7692308 6.8396939896047115
7629 1 1621508 0.7419355 10.289623984135687
7630 1 1422961 0.725 16.23334491159767
7631 1 420299 0.75 14.14740807376802
7632 1 299896 0.72 6.693370989523828
7633 1 1628133 0.7037037 5.511355004273355
7634 1 1961313 0.7037037 7.019562995992601
7635 1 615321 0.71428573 18.257986987009645
7636 1 2453234 0.71428573 14.270488056354225
7637 1 1264951 0.7741935 15.790536999702454
7638 1 1966527 0.7037037 6.9954670034348965
7639 1 1533700 0.79310346 8.176462026312947
7640 1 1508691 0.7 17.231190926395357
7641 1 1277014 0.71794873 14.399103005416691
7642 1 1140940 0.71875 16.758635989390314
7643 1 1217836 0.7407407 9.438011911697686
7644 1 355998 0.7777778 4.732034984044731
7645 1 1794671 0.76666665 12.991628958843648
7646 1 1632266 0.72727275 13.90952302608639
7647 1 1111882 0.7631579 16.44710695836693
7648 1 1530899 0.7916667 5.799788981676102
7649 1 659387 0.75 7.406141026876867
7650 1 586598 0.7037037 9.737463085912168
7651 1 1296520 0.7222222 16.99184498284012
7652 1 1779686 0.75 10.562967974692583
7653 1 1125778 0.7368421 16.787698958069086
7654 1 649474 0.7407407 4.938325961120427
7655 1 538209 0.7241379 9.16840205900371
7656 1 21700 0.71428573 7.9767509596422315
7657 1 1436967 0.7619048 3.6473810905590653
7658 1 1797421 0.7096774 18.6860280809924
7659 1 967124 0.7 10.591086000204086
7660 1 1808808 0.74285716 15.129932900890708
7661 1 2268750 0.76666665 16.226275940425694
7662 1 586500 0.7419355 12.970888055860996
7663 1 1655130 0.7083333 6.635618978179991
7664 1 32096 0.7058824 11.157786939293146
7665 1 825118 0.71428573 5.325454985722899
7666 1 2212352 0.73333335 9.672811953350902
7667 1 197402 0.7241379 4.899478983134031
7668 1 704480 0.73913044 5.303599056787789
7669 1 2121701 0.7419355 7.163909962400794
7670 1 1829719 0.7 15.924389008432627
7671 1 1649066 0.72727275 13.098608935251832
7672 1 1935553 0.7586207 9.130396065302193
7673 1 1121935 0.73333335 10.61045192182064
7674 1 1048468 0.71875 14.48815199546516
7675 1 816660 0.7096774 14.226619969122112
7676 1 852827 0.75757575 14.850452076643705
7677 1 975375 0.73333335 9.599677985534072
7678 1 244201 0.7692308 5.039108917117119
7679 1 2262614 0.71875 16.063324990682304
7680 1 1906969 0.71875 11.650844011455774
7681 1 2130511 0.7419355 15.36429300904274
7682 1 1234448 0.7241379 14.61320393718779
7683 1 1340069 0.71875 16.76185498945415
7684 1 1686291 0.7027027 18.771679024212062
7685 1 4377 0.77272725 3.7800350692123175
7686 1 10358 0.75757575 10.618151049129665
7687 1 957549 0.7241379 11.365406913682818
7688 1 1458812 0.7096774 11.729003977961838
7689 1 454277 0.72727275 18.194061936810613
7690 1 1679261 0.7 10.379482060670853
7691 1 70004 0.7 10.685449000447989
7692 1 1257656 0.71875 9.874830953776836
7693 1 1116574 0.72727275 11.206032009795308
7694 1 1062538 0.7352941 17.116357921622694
7695 1 1617801 0.76 6.3429189613088965
7696 1 1707516 0.76666665 14.359681052155793
7697 1 1186497 0.7777778 13.936952105723321
7698 1 1130743 0.73333335 10.853878920897841
7699 1 1142984 0.76666665 10.378392995335162
7700 1 1159164 0.75 6.393287912942469
7701 1 876204 0.7058824 16.416874015703797
7702 1 301776 0.71875 13.948424952104688
7703 1 557951 0.7352941 17.508374992758036
7704 1 1552741 0.7307692 8.070057956501842
7705 1 271184 0.7 12.273750035092235
7706 1 533839 0.7352941 17.229977063834667
7707 1 1279791 0.7027027 18.801070051267743
7708 1 1970866 0.7037037 7.370951934717596
7709 1 31612 0.7916667 4.994383896701038
7710 1 1003888 0.75757575 10.283762007020414
7711 1 992392 0.75 14.73837299272418
7712 1 434589 0.7419355 9.61108598858118
7713 1 1645126 0.72 7.864931947551668
7714 1 389604 0.71428573 18.02579697687179
7715 1 2199771 0.7037037 12.170805013738573
7716 1 1809278 0.75 17.287475056946278
7717 1 1550725 0.7058824 18.50022899452597
7718 1 1694095 0.7307692 5.2095550345256925
7719 1 1992586 0.7692308 6.277134991250932
7720 1 692706 0.71428573 11.136853019706905
7721 1 1703893 0.7 7.994036073796451
7722 1 1711320 0.7407407 9.459680994041264
7723 1 1650716 0.7777778 9.111449937336147
7724 1 1048340 0.7878788 9.706292999908328
7725 1 1570259 0.75757575 15.151539933867753
7726 1 574121 0.7714286 14.495593961328268
7727 1 1046659 0.7647059 15.131272957660258
7728 1 1194208 0.72727275 15.272163087502122
7729 1 660007 0.7 10.493948007933795
7730 1 1256355 0.7 12.02731707599014
7731 1 1040331 0.7352941 17.01906998641789
7732 1 1690004 0.7096774 11.727040982805192
7733 1 1436262 0.73333335 9.620726923458278
7734 1 1566523 0.7222222 18.12091493047774
7735 1 1112610 0.78125 14.128169976174831
7736 1 1511017 0.7241379 13.811560929752886
7737 1 1549566 0.7352941 13.460086076520383
7738 1 372053 0.71428573 4.134161048568785
7739 1 2247518 0.71428573 8.207011967897415
7740 1 145719 0.7105263 18.789145979098976
7741 1 139370 0.7307692 5.405987962149084
7742 1 1558591 0.7352941 16.615678905509412
7743 1 1667510 0.7352941 19.820915069431067
7744 1 1077708 0.78125 13.296543969772756
7745 1 1043247 0.73333335 11.632665060460567
7746 1 1050262 0.7 12.03047507442534
7747 1 314872 0.7419355 15.561667969450355
7748 1 393645 0.79310346 6.786599988117814
7749 1 347681 0.71875 14.142871019430459
7750 1 1276462 0.78571427 9.637507959268987
7751 1 1139478 0.7241379 10.94479497987777
7752 1 2473744 0.7419355 15.98618901334703
7753 1 1536568 0.7 7.185874041169882
7754 1 893201 0.7058824 10.361791937611997
7755 1 783931 0.7352941 17.289406969211996
7756 1 1094076 0.7352941 12.77761603705585
7757 1 339510 0.8125 13.426513993181288
7758 1 1664224 0.7777778 6.021974026225507
7759 1 1146144 0.7878788 15.888921916484833
7760 1 199382 0.7241379 6.840599933639169
7761 1 2355460 0.7105263 14.049477060325444
7762 1 1756080 0.72727275 15.963893034495413
7763 1 1308496 0.71428573 15.008941059932113
7764 1 938333 0.7692308 7.186449016444385
7765 1 143329 0.7096774 9.716621018014848
7766 1 463132 0.71428573 6.7552439868450165
7767 1 1578726 0.7096774 8.158395066857338
7768 1 288170 0.75 10.096894926391542
7769 1 932733 0.75 12.78285903390497
7770 1 241203 0.73333335 13.813941041007638
7771 1 1571786 0.7352941 15.663936035707593
7772 1 10258 0.78125 15.699604991823435
7773 1 2227382 0.7027027 17.892168019898236
7774 1 315042 0.7419355 9.608191903680563
7775 1 925 0.7241379 7.6488020131364465
7776 1 1676662 0.7307692 7.577264099381864
7777 1 445752 0.71875 10.077486978843808
7778 1 1001912 0.7058824 14.570837956853211
7779 1 659180 0.71428573 18.374867038801312
7780 1 1432022 0.7222222 18.39345903135836
7781 1 1640549 0.71875 13.502986053936183
7782 1 2020417 0.75 14.710891991853714
7783 1 115884 0.71428573 8.190974942408502
7784 1 145895 0.75 14.087604940868914
7785 1 538882 0.7058824 14.73364292178303
7786 1 2158023 0.72727275 15.792852966114879
7787 1 274362 0.75 13.985755038447678
7788 1 1192955 0.7096774 9.940095013007522
7789 1 2253045 0.7 12.167263077571988
7790 1 76978 0.7058824 18.205390078946948
7791 1 1186967 0.7058824 18.887590966187418
7792 1 648600 0.72727275 12.283295975066721
7793 1 2437871 0.7058824 17.042904044501483
7794 1 1558033 0.7241379 9.697396075353026
7795 1 1963200 0.72727275 4.612785065546632
7796 1 1631257 0.7241379 6.786487065255642
7797 1 533770 0.7 8.216574904508889
7798 1 31783 0.7297297 18.8860350754112
7799 1 1663255 0.71428573 7.303122081793845
7800 1 1078975 0.7241379 9.477081010118127
7801 1 249912 0.8 11.526653077453375
7802 1 483315 0.75 14.002406038343906
7803 1 153775 0.71428573 18.634985899552703
7804 1 1594632 0.72727275 14.55929595977068
7805 1 1015833 0.7586207 5.286099971272051
7806 1 1165355 0.71875 13.816370046697557
7807 1 1477396 0.75 14.631379046477377
7808 1 446779 0.7 7.945111021399498
7809 1 1654856 0.7 10.464672930538654
7810 1 1074622 0.79310346 12.82762794289738
7811 1 421257 0.7096774 10.869399993680418
7812 1 2451145 0.7419355 11.274807970039546
7813 1 1801925 0.76666665 16.771553084254265
7814 1 1908938 0.8 15.371579909697175
7815 1 1511017 0.75 10.63834992237389
7816 1 49001 0.8333333 12.254626955837011
7817 1 1106227 0.7 11.338601005263627
7818 1 1545492 0.71428573 5.171220982447267
7819 1 1057167 0.75757575 12.249620980583131
7820 1 1910812 0.7352941 16.356665058992803
7821 1 2315194 0.7741935 15.1675830129534
7822 1 1629073 0.7105263 14.970707008615136
7823 1 1911289 0.79310346 11.566463974304497
7824 1 1172470 0.78125 11.693317093886435
7825 1 412344 0.7058824 17.720098956488073
7826 1 1442979 0.7241379 7.675569970160723
7827 1 1964042 0.7083333 4.050795920193195
7828 1 1086226 0.7 10.455445037223399
7829 1 510478 0.7058824 14.247043058276176
7830 1 1490435 0.75757575 16.477387980557978
7831 1 630186 0.7058824 14.248860999941826
7832 1 21487 0.76666665 14.261391945183277
7833 1 502989 0.7692308 7.211009971797466
7834 1 510926 0.71428573 18.77270801924169
7835 1 2377318 0.7 10.682970052585006
7836 1 870030 0.71794873 17.49343308620155
7837 1 482445 0.7419355 12.932667043060064
7838 1 1404200 0.71428573 11.139848036691546
7839 1 1623420 0.75 8.923189016059041
7840 1 141186 0.71875 13.907795073464513
7841 1 357061 0.75 13.112223939970136
7842 1 873759 0.7741935 15.586972935125232
7843 1 748919 0.71428573 10.348036070354283
7844 1 426294 0.72727275 14.558621915057302
7845 1 1727243 0.76 6.329293013550341
7846 1 102392 0.74285716 9.33915504720062
7847 1 2393533 0.7 10.51862898748368
7848 1 857986 0.71428573 5.405202973634005
7849 1 1994001 0.71428573 15.847385046072304
7850 1 1759246 0.75 4.802278010174632
7851 1 1291161 0.7419355 13.146285084076226
7852 1 940909 0.7241379 6.422595004551113
7853 1 316042 0.7058824 17.855232930742204
7854 1 1664771 0.71428573 18.9890539040789
7855 1 1855246 0.71875 11.463907896541059
7856 1 1672415 0.7307692 5.23301400244236
7857 1 1174347 0.75757575 12.406541965901852
7858 1 1273209 0.7 11.03011891245842
7859 1 1347327 1.0 15.643788035959005
7860 1 1464214 0.7058824 18.51685589645058
7861 1 518686 0.7647059 17.571076983585954
7862 1 661716 0.73333335 15.417187940329313
7863 0 0 0 11.727278004400432
7864 1 1905410 0.71428573 15.957280993461609
7865 0 0 0 5.006529972888529
7866 1 634684 0.7096774 12.440397054888308
7867 1 1960511 0.72 5.719484994187951
7868 1 1358116 0.72727275 17.06799794919789
7869 1 1266039 1.0 8.008157019503415
7870 1 20465 0.71875 13.880820013582706
7871 1 1569519 0.73333335 6.591452984139323
7872 1 342532 0.7 8.305144030600786
7873 1 1272716 0.7586207 6.224417011253536
7874 1 1677057 0.7352941 13.919782941229641
7875 1 1903269 0.7777778 8.848365978337824
7876 1 1046065 0.7058824 18.088115961290896
7877 1 1591629 0.72727275 13.578335056081414
7878 1 2283755 0.74285716 17.037544981576502
7879 1 1858213 0.75 12.827772065065801
7880 1 142888 0.75 13.377854018472135
7881 1 1713067 0.7307692 6.365893990732729
7882 1 910880 0.72 5.098436027765274
7883 1 495071 0.72727275 15.200003981590271
7884 1 1807901 0.7407407 6.811049999669194
7885 1 1454238 0.71428573 10.402048006653786
7886 1 437428 0.76666665 10.40402497164905
7887 1 1467166 0.7777778 8.715634932741523
7888 1 1653198 0.75 13.682471006177366
7889 1 1620426 0.75 10.211504064500332
7890 1 1133859 0.71428573 16.881449962966144
7891 1 981579 0.71875 11.957162991166115
7892 1 1963946 0.7619048 3.850633045658469
7893 1 1565338 0.75 13.50046694278717
7894 1 1789023 0.7647059 18.148056929931045
7895 1 195711 0.71428573 6.990013993345201
7896 1 1249345 0.71428573 14.508680906146765
7897 1 1203678 0.7352941 17.74267992004752
7898 1 666734 0.76666665 14.281857991591096
7899 1 1157340 0.75 14.55687207635492
7900 1 275096 0.73333335 10.781138087622821
7901 1 747463 0.7419355 6.5980920335277915
7902 1 1463517 0.71875 11.413578991778195
7903 1 1433186 0.7916667 4.615850979462266
7904 1 238950 0.75 4.257597029209137
7905 1 734023 0.8181818 14.344859053380787
7906 1 2355439 0.7096774 11.629046988673508
7907 1 412652 0.71428573 3.294690977782011
7908 1 1300146 0.7407407 9.391482104547322
7909 1 1234534 0.79310346 11.982185067608953
7910 1 1614561 0.725 16.62884291727096
7911 1 2820 0.71875 14.272649073973298
7912 1 1640219 0.71875 10.236078989692032
7913 1 1399012 1.0 6.022220943123102
7914 1 451068 0.7419355 9.741668938659132
7915 1 2018489 0.7037037 7.300697034224868
7916 1 600797 0.7647059 15.9703369718045
7917 1 6476 0.7 10.418826946988702
7918 1 746596 0.7241379 7.778689032420516
7919 1 611932 0.7 8.085737936198711
7920 1 201273 0.72727275 17.687467043288052
7921 1 1668405 0.7037037 11.033684015274048
7922 1 717568 0.75757575 16.966222901828587
7923 1 2457346 0.7058824 11.733746039681137
7924 1 442618 0.7826087 4.191627958789468
7925 1 1321168 0.7297297 17.33844797126949
7926 1 673776 0.7586207 14.741136110387743
7927 1 2388043 0.78125 17.861519008874893
7928 1 142289 0.7058824 18.659649998880923
7929 1 1778456 0.7 10.369992000050843
7930 1 1178187 0.7777778 13.917056028731167
7931 1 1385999 0.725 17.90976303163916
7932 1 1079429 0.73333335 4.761054064147174
7933 1 1157106 0.7352941 18.22750794235617
7934 1 1030729 0.7297297 15.561835025437176
7935 1 2172357 0.7027027 18.935136031359434
7936 1 439558 0.7419355 13.47883592825383
7937 1 1554594 0.7 11.790563934482634
7938 1 1445062 0.7586207 9.192276978865266
7939 1 346817 0.7419355 9.839080972597003
7940 1 2455037 0.7352941 15.55100700352341
7941 1 735661 0.7692308 6.231672945432365
7942 1 869915 0.74285716 9.663059958256781
7943 1 1938071 0.76 7.504213019274175
7944 1 1970866 0.7307692 5.3313360549509525
7945 1 410818 0.75 10.544887045398355
7946 1 5233 0.7037037 7.274816976860166
7947 1 1466643 0.75 15.570185030810535
7948 1 1733043 0.71875 7.781862048432231
7949 1 10845 0.71428573 14.64096806012094
7950 1 1521553 0.75 14.514459995552897
7951 1 630184 0.73333335 6.401258986443281
7952 1 833350 0.74285716 17.010397044941783
7953 1 490252 0.71428573 8.739857003092766
7954 1 448652 0.7222222 11.742943082936108
7955 1 863052 0.7352941 17.917571938596666
7956 1 666353 0.71428573 10.14894898980856
7957 1 598202 0.72727275 15.317776007577777
7958 1 1448714 0.75757575 16.97979390155524
7959 1 976796 0.73333335 11.676784022711217
7960 1 1165792 0.7105263 18.580324947834015
7961 1 518655 0.7096774 12.338823988102376
7962 1 1001780 0.7368421 16.96322998031974
7963 1 1056470 0.7083333 4.010739969089627
7964 1 231654 0.7878788 13.816626975312829
7965 1 537773 0.71428573 4.143420024774969
7966 1 443758 0.7083333 5.8315349742770195
7967 1 1987104 0.7058824 11.961956974118948
7968 1 556051 0.7096774 8.051705895923078
7969 1 24777 0.7741935 13.004345004446805
7970 1 1063976 0.7352941 9.884883998893201
7971 1 659833 0.75 9.169438038952649
7972 1 83167 0.7241379 5.4102110443636775
7973 1 1968818 0.7307692 7.829460082575679
7974 1 1530211 0.7878788 9.972810046747327
7975 1 1073845 0.7027027 17.38822099287063
7976 1 1378389 0.71428573 11.966036050580442
7977 1 1173099 0.7058824 17.54789100959897
7978 1 2199327 0.7 5.653853993862867
7979 1 1299215 0.71875 9.851118084043264
7980 1 1301619 0.76 6.167317973449826
7981 1 1143288 0.71794873 17.235061968676746
7982 1 1619612 0.7058824 14.05527291353792
7983 1 1969281 0.7692308 6.183427991345525
7984 1 116528 0.75 8.826192002743483
7985 1 2272379 0.75 6.307954085059464
7986 1 1176047 0.7777778 15.207997057586908
7987 1 1653198 0.7 18.454183940775692
7988 1 764857 0.73333335 9.543638909235597
7989 1 1170645 0.7027027 11.716619948856533
7990 1 390744 0.7878788 16.424403991550207
7991 1 309780 0.7 15.299441060051322
7992 1 930871 0.73333335 10.729952016845345
7993 1 1669083 0.71428573 8.17541591823101
7994 1 2199328 0.7419355 10.685686022043228
7995 1 1483061 0.7241379 11.769106960855424
7996 1 2436753 0.78571427 9.94152796920389
7997 1 1096453 0.7058824 17.409540014341474
7998 1 388559 0.7352941 17.62930501718074
7999 1 1261897 0.71875 14.181269914843142
8000 1 2115778 0.7714286 18.3222679188475
8001 1 451339 0.75 5.062362994067371
8002 1 305184 0.7058824 17.73942494764924
8003 1 1073788 0.7241379 7.935438072308898
8004 1 443778 0.7777778 4.898682003840804
8005 1 1042380 0.7878788 16.76455303095281
8006 1 660385 0.7096774 9.835966979153454
8007 1 1626528 0.76666665 8.881141082383692
8008 1 472559 0.7586207 9.014026960358024
8009 1 1433186 0.7083333 3.9494259981438518
8010 1 844858 0.7307692 7.7616450143978
8011 1 1260325 0.75 10.858491063117981
8012 1 423727 0.71428573 14.081954956054688
8013 1 1293783 0.7241379 10.553510976023972
8014 1 1160567 0.7027027 14.572181040421128
8015 1 2199771 0.7307692 9.522437932901084
8016 1 43213 0.76 5.950819933786988
8017 1 1553497 0.73333335 10.408727917820215
8018 1 1270379 0.7307692 9.090255945920944
8019 1 1418407 0.7419355 6.522918003611267
8020 1 1530839 0.7241379 12.37007591407746
8021 1 58921 0.71428573 19.215589039959013
8022 1 77752 0.72727275 16.136127058416605
8023 1 32729 0.7096774 12.350495089776814
8024 1 355638 0.7058824 17.605711007490754
8025 1 994185 0.725 18.276876071467996
8026 1 1450433 0.7 10.68450603634119
8027 1 1169226 0.72727275 15.127695980481803
8028 1 1711322 0.71428573 16.04539796244353
8029 1 407101 0.7586207 10.503825964406133
8030 1 2199771 0.7916667 7.159278029575944
8031 1 1117442 0.75757575 12.212925008498132
8032 1 499981 0.72727275 14.74096009042114
8033 1 1628591 0.75 17.23402296192944
8034 1 1346388 1.0 14.83317802194506
8035 1 1119569 0.75 19.228366087190807
8036 1 2019095 0.7647059 16.4715830469504
8037 1 22584 0.75 14.845508965663612
8038 1 663997 0.7307692 5.437610088847578
8039 1 2469658 0.78571427 8.888181997463107
8040 1 1553299 0.7878788 11.89324096776545
8041 1 1317765 0.75 14.197108917869627
8042 1 1408860 0.7222222 10.039690998382866
8043 1 1030179 0.71875 13.346499064937234
8044 1 1952088 0.75757575 15.31914493534714
8045 1 1110437 0.7058824 18.706568982452154
8046 1 1516382 0.7777778 5.837782984599471
8047 1 245653 0.7 10.589350014925003
8048 1 1735041 0.7037037 4.350391100160778
8049 1 1050280 0.75 17.414305941201746
8050 1 803474 0.7058824 16.77492295857519
8051 1 956533 0.7058824 13.99184891488403
8052 1 1963191 0.73333335 9.580383077263832
8053 1 1015435 0.71875 13.275354984216392
8054 1 760963 0.7037037 7.113571045920253
8055 1 1420103 0.78125 14.03523690532893
8056 1 1061958 0.7209302 37.11666795425117
8057 1 663416 0.7209302 38.08326693251729
8058 1 1015477 0.7111111 44.40473101567477
8059 1 1196003 0.73913044 38.34620595443994
8060 1 2449033 0.77272725 40.884366957470775
8061 1 1146464 0.71794873 22.6433560019359
8062 1 1441321 0.7209302 39.19586294796318
8063 1 1073402 0.75 21.850862074643373
8064 1 1691303 0.7659575 42.77231404557824
8065 1 2049192 0.7894737 29.206344042904675
8066 1 1558866 0.7692308 30.225430033169687
8067 1 1553283 0.79545456 40.83375399932265
8068 1 20227 0.7 36.39069804921746
8069 1 1471643 0.70212764 44.06888992525637
8070 1 477121 0.75 33.31974509637803
8071 1 1731904 0.7368421 30.988257960416377
8072 1 1128805 0.75 22.129359073005617
8073 1 575808 0.73170733 38.479047012515366
8074 1 1079160 0.7346939 41.69787699356675
8075 1 1128617 0.7619048 35.7491570757702
8076 1 1520427 0.79545456 39.551816997118294
8077 1 1444103 0.71794873 31.968654948286712
8078 1 1099524 0.7105263 28.2809300115332
8079 0 0 0 33.042520051822066
8080 1 1356187 0.8918919 27.053099940530956
8081 1 1317348 0.75 39.81440793722868
8082 1 1078086 0.75 35.9894399298355
8083 1 1218420 0.7777778 17.838740022853017
8084 1 1032529 0.7173913 36.79421392735094
8085 1 653279 0.70731705 35.77684494666755
8086 1 1686405 0.74358976 30.046571977436543
8087 1 1467787 0.7222222 27.720013982616365
8088 1 1084840 0.7631579 20.925329998135567
8089 1 537963 0.70212764 42.66931803431362
8090 1 721435 0.75 30.90019291266799
8091 1 1454121 0.74358976 21.276377025060356
8092 1 1394917 0.7027027 20.717015955597162
8093 1 1057599 0.7804878 31.46111103706062
8094 1 322526 0.74358976 30.74111696332693
8095 1 1175785 0.75609756 37.592454929836094
8096 1 2121608 0.7222222 17.634817049838603
8097 1 1557378 0.7777778 29.86017696093768
8098 1 1576146 0.775 38.76316302921623
8099 1 1908840 0.71428573 21.255407016724348
8100 1 1396406 0.7234042 43.13717596232891
8101 1 1024987 0.7105263 33.14322105143219
8102 1 841312 0.73170733 26.179370004683733
8103 1 1406197 0.7368421 21.94331691134721
8104 1 1439681 0.7209302 36.23332700226456
8105 1 1063036 0.79545456 43.916229042224586
8106 1 540628 0.7777778 23.259929032064974
8107 1 1548743 0.775 27.187325060367584
8108 1 1498103 0.74358976 31.156089971773326
8109 1 1220951 0.7234042 36.715959082357585
8110 1 1741839 0.7804878 27.74581010453403
8111 1 562927 0.74358976 32.96139102894813
8112 1 1733136 0.7297297 25.230073020793498
8113 1 2055994 0.7222222 17.307389993220568
8114 1 655943 0.7 31.705874018371105
8115 1 923381 0.7631579 27.169444016180933
8116 1 476549 0.78125 18.592840060591698
8117 1 1997397 0.74358976 30.218197964131832
8118 1 1078506 0.775 33.101083943620324
8119 1 611754 0.7647059 26.64048201404512
8120 1 1705590 0.71794873 32.520591048523784
8121 1 2113627 0.73913044 29.485638020560145
8122 1 858157 0.70731705 26.004821993410587
8123 1 1623760 0.71428573 40.31213803682476
8124 1 553281 0.71428573 28.26665306929499
8125 1 514145 0.70454544 34.73243210464716
8126 1 1474725 0.76744187 39.445856935344636
8127 1 1562830 0.7380952 41.10929695889354
8128 1 312235 0.775 30.494865961372852
8129 1 990846 0.71428573 39.39880302641541
8130 1 2106246 0.7380952 40.20478902384639
8131 1 1901523 0.74285716 21.73031703568995
8132 0 0 0 35.780632053501904
8133 1 1094195 0.71794873 24.806002038531005
8134 1 827365 0.8055556 18.943469040095806
8135 1 720196 0.7209302 44.403893989510834
8136 1 1460487 0.7 41.70118807815015
8137 1 1306550 0.75 33.81250309757888
8138 1 1431583 0.7906977 38.23093103710562
8139 1 987160 0.7906977 39.45929300971329
8140 1 726168 0.73170733 36.489592981524765
8141 0 0 0 37.672453094273806
8142 1 1095762 0.7368421 29.482883983291686
8143 1 1441339 0.7826087 38.769460981711745
8144 1 11358 0.7297297 33.05700304917991
8145 1 1254040 0.7209302 38.462470984086394
8146 1 1289956 0.7804878 30.77803202904761
8147 1 1392989 0.76744187 32.640043064020574
8148 1 1980117 0.725 24.178100982680917
8149 1 1504375 0.7906977 34.48906203266233
8150 1 1396136 0.7297297 19.475474953651428
8151 1 426950 0.7619048 33.95041706971824
8152 1 853348 0.7297297 17.372201080434024
8153 1 1462856 0.78571427 32.122333999723196
8154 1 1293915 0.76744187 39.86665606498718
8155 1 1095621 0.7804878 26.205493020825088
8156 1 1705777 0.72727275 41.80417105089873
8157 1 518763 0.7027027 24.45492602419108
8158 1 1779707 0.75 43.160403962247074
8159 1 1177886 0.75609756 34.32413097470999
8160 1 1308141 0.7209302 31.075706938281655
8161 1 1302915 0.70731705 26.497183949686587
8162 1 998147 0.7 22.607436985708773
8163 1 1629851 0.74358976 22.67394308000803
8164 1 1549291 0.73913044 44.48654199950397
8165 1 1061943 0.7209302 44.53808895777911
8166 1 544284 0.7291667 35.57240997906774
8167 1 1525759 0.73913044 43.30069699790329
8168 1 1500044 0.7631579 30.387848033569753
8169 1 1378040 0.7804878 33.70834095403552
8170 1 1654586 0.78571427 35.62059404794127
8171 1 1274215 0.7380952 33.43386703636497
8172 1 2217561 0.725 34.79928197339177
8173 1 1585385 0.71794873 35.21738899871707
8174 1 1623439 0.7948718 29.993291944265366
8175 1 1452403 0.7567568 27.214457979425788
8176 1 493157 0.74285716 17.60144205763936
8177 1 498092 0.71794873 19.083424005657434
8178 1 1191057 0.73170733 28.41874200385064
8179 1 1610134 0.71794873 41.42577096354216
8180 1 1046528 0.7894737 30.71679105050862
8181 1 1497381 0.7297297 26.898537995293736
8182 1 1709209 0.72727275 40.590893011540174
8183 1 744966 0.70454544 47.03473101835698
8184 1 1298288 0.7941176 22.04532199539244
8185 1 1728798 0.7804878 34.94231903459877
8186 1 1212832 0.7297297 30.341528938151896
8187 1 648384 0.74285716 34.42572394851595
8188 1 1401424 0.71794873 39.51900789979845
8189 1 1261880 0.7380952 33.90138200484216
8190 1 1517669 0.73170733 39.30939896963537
8191 1 1030830 0.7 42.2786760609597
8192 1 347167 0.71428573 30.29595292173326
8193 1 2088436 0.7619048 45.462212059646845
8194 1 1300263 0.7837838 25.257791974581778
8195 1 1243119 0.7631579 21.477209054864943
8196 1 1508600 0.70454544 35.98832502029836
8197 1 1136545 0.75609756 36.07361204922199
8198 1 1915605 0.7297297 19.178287009708583
8199 1 1127161 0.70212764 45.59140105266124
8200 1 1475932 0.7368421 29.108489048667252
8201 1 2386331 0.72727275 50.29604898300022
8202 1 1241479 0.7567568 20.192360039800406
8203 1 447524 0.75609756 34.193423110991716
8204 1 1512196 0.77272725 36.919918027706444
8205 1 1888410 0.7027027 27.7475529583171
8206 1 1303044 0.71428573 34.27301091141999
8207 1 2431754 0.7619048 37.79547894373536
8208 1 1045781 0.7894737 25.909746065735817
8209 1 1405724 0.7567568 24.41575296688825
8210 1 1255082 0.7837838 26.506521040573716
8211 1 66712 0.80487806 34.097686992026865
8212 1 1795903 0.7209302 39.54920207615942
8213 1 1905834 0.7105263 31.4307720400393
8214 1 1966483 0.7 27.645122027024627
8215 1 995994 0.71428573 33.073446014896035
8216 1 807384 0.75609756 40.72124196682125
8217 1 1700028 0.78125 18.742610001936555
8218 1 1648100 0.74358976 29.8762209713459
8219 1 1428846 0.775 34.148858045227826
8220 1 1104332 0.76744187 38.47083600703627
8221 1 2048659 0.71794873 23.27669004444033
8222 1 764347 0.7105263 33.73439202550799
8223 1 840543 0.7368421 33.218287979252636
8224 1 1063288 0.7380952 40.447180974297225
8225 1 1291639 0.75609756 30.63747799023986
8226 1 1291702 0.7111111 38.13063993584365
8227 1 1660545 0.7692308 28.688230086117983
8228 1 458424 0.73170733 34.076487994752824
8229 1 1621951 0.7173913 33.766563050448895
8230 1 1586809 0.7368421 28.048163978382945
8231 1 1740549 0.73913044 40.6536019872874
8232 1 945600 0.71794873 30.427291058003902
8233 1 595183 0.75 22.15664100367576
8234 1 1472934 0.7567568 34.249902004376054
8235 1 1252661 0.7111111 38.512997911311686
8236 1 1470733 0.75 45.223830034956336
8237 1 964465 0.75 29.527344973757863
8238 1 1058246 0.7647059 20.4506809823215
8239 1 430688 0.74358976 29.411075985990465
8240 1 1107876 0.71428573 36.909496993757784
8241 1 684134 0.70731705 43.835684075020254
8242 1 1276726 0.75 32.52528898883611
8243 1 1497397 0.8 31.985594076104462
8244 1 1527077 0.7777778 40.43449799064547
8245 1 1026733 0.73170733 23.8740200875327
8246 1 1564413 0.79545456 40.22725496906787
8247 1 2075260 0.7804878 39.28838495630771
8248 1 1119033 0.73170733 39.72367895767093
8249 1 240855 0.75 35.36936396267265
8250 1 1425220 0.7692308 24.812483927235007
8251 1 695875 0.74418604 38.24475593864918
8252 1 87544 0.75 24.881448945961893
8253 1 1048483 0.71428573 23.18187803030014
8254 1 1073470 0.74418604 37.23809996154159
8255 1 2027849 0.7619048 34.571966039948165
8256 1 1652633 0.75555557 40.73900997173041
8257 1 482210 0.70731705 44.382964028045535
8258 1 1512462 0.7352941 20.960215013474226
8259 1 1626490 0.7368421 23.497015004977584
8260 1 566400 0.75609756 36.91030596382916
8261 1 292709 0.75 26.212975033558905
8262 1 836588 0.7 38.443857920356095
8263 1 1198488 0.70454544 39.29304494522512
8264 1 820267 0.7567568 32.37748797982931
8265 1 1639299 0.71794873 32.1782729588449
8266 1 1133547 0.725 35.77670594677329
8267 1 869935 0.8095238 33.31335901748389
8268 1 1262468 0.7222222 27.59285701904446
8269 1 192930 0.7368421 26.27757005393505
8270 1 1547904 0.7804878 42.76932799257338
8271 1 983315 0.70212764 52.615375025197864
8272 1 787019 0.7368421 35.9437350416556
8273 1 1708168 0.7 41.01734096184373
8274 1 1138682 0.7209302 32.41584205534309
8275 1 704839 0.74418604 26.633255067281425
8276 1 719370 0.7111111 39.459130028262734
8277 1 302029 0.7297297 26.653051027096808
8278 1 560713 0.73170733 28.51342293433845
8279 1 1475319 0.70731705 19.456007983535528
8280 1 1492919 0.75 40.92174302786589
8281 1 2031614 0.8 24.605280021205544
8282 1 1088748 0.73913044 40.601633954793215
8283 1 1654772 0.7 28.55285396799445
8284 1 1272326 0.725 31.314087915234268
8285 1 1513214 0.71428573 35.08602501824498
8286 1 1292214 0.7941176 23.88371794950217
8287 1 1457999 0.71794873 32.18578000087291
8288 1 738972 0.7297297 31.25049697700888
8289 1 1921934 0.71428573 33.08626601938158
8290 1 1481511 0.70731705 40.82496801856905
8291 1 1457099 0.71794873 32.963939011096954
8292 1 1715265 0.71428573 29.685931047424674
8293 1 161810 0.7631579 31.12397703807801
8294 1 1508548 0.75609756 30.756469001062214
8295 1 1109065 0.70731705 24.252742994576693
8296 1 2227382 0.7692308 30.875468044541776
8297 1 1706924 0.7567568 25.500210002064705
8298 1 1907887 0.7234042 40.99077696446329
8299 1 1127941 0.7173913 44.35764194931835
8300 1 1169636 0.80487806 35.13514390215278
8301 1 1394864 0.74285716 18.918422050774097
8302 1 630286 0.75 23.28591700643301
8303 1 1961930 0.7894737 35.00123310368508
8304 1 1243513 0.76086956 37.63281600549817
8305 1 2048484 0.7446808 41.90390603616834
8306 1 619524 0.73333335 39.16773200035095
8307 1 1123173 0.7777778 18.935951055027544
8308 1 1465332 0.7297297 20.006135920993984
8309 1 426192 0.7826087 40.65894696395844
8310 1 2114024 0.75 38.18147105630487
8311 1 1770262 0.775 33.258666982874274
8312 1 572295 0.7 36.03478195145726
8313 1 1121037 0.7692308 30.370882945135236
8314 1 569535 0.71428573 20.750673953443766
8315 1 1022380 0.7 46.32083501201123
8316 1 2068074 0.77272725 36.68875899165869
8317 1 1843653 0.79545456 30.9300139779225
8318 1 1546799 0.7297297 18.175272038206458
8319 1 1124944 0.7368421 24.6935150353238
8320 1 1538980 0.74358976 31.88836993649602
8321 1 1498657 0.7209302 38.375520962290466
8322 1 1280712 0.7692308 36.32582607679069
8323 1 1566244 0.725 31.839918927289546
8324 1 1402384 0.7619048 40.97372305113822
8325 1 855566 0.7173913 47.534052981063724
8326 1 660931 0.7804878 34.03987199999392
8327 1 1346648 0.74358976 23.565324023365974
8328 1 1587431 0.7619048 38.10635500121862
8329 1 1183844 0.7692308 28.97605497855693
8330 1 455710 0.7058824 23.922980995848775
8331 1 1015715 0.71153843 46.94433102849871
8332 1 364453 0.7619048 35.48557800240815
8333 1 1183307 0.71428573 39.6707080071792
8334 1 1137473 0.7837838 29.234180925413966
8335 1 1377244 0.7209302 43.23285003192723
8336 1 1469168 0.70454544 39.30785600095987
8337 1 2258750 0.71794873 29.416596051305532
8338 1 1006290 0.7380952 34.67996104154736
8339 1 1125499 0.75 30.053994967602193
8340 1 1757796 0.77272725 38.819183013401926
8341 1 123284 0.71428573 22.593124071136117
8342 1 1023892 0.75 19.373190007172525
8343 1 1594322 0.775 19.02228395920247
8344 1 1456955 0.75609756 30.33850295469165
8345 1 1062409 0.70454544 36.34545102249831
8346 1 1899932 0.71428573 32.32643206138164
8347 1 1493444 0.74358976 24.51214799657464
8348 1 2383728 0.75 41.84837394859642
8349 1 479840 0.7647059 18.69609800633043
8350 1 1059286 0.8 17.504483927041292
8351 1 1552318 0.78125 18.375832005403936
8352 1 563671 0.7105263 26.961929979734123
8353 1 510304 0.7906977 38.64121995866299
8354 1 34215 0.8 20.062732975929976
8355 1 1471956 0.74358976 26.687082019634545
8356 1 1280323 0.7111111 44.6612189989537
8357 1 110903 0.75 39.126518997363746
8358 1 1290607 0.7567568 24.74881208036095
8359 1 1055038 0.77272725 32.188432989642024
8360 1 901436 0.7105263 29.65049399062991
8361 1 1373576 0.7222222 21.91596501506865
8362 1 28751 0.74358976 32.538522966206074
8363 1 1604587 0.71875 24.491381947882473
8364 1 781779 0.7692308 32.92129503097385
8365 1 1153553 0.7209302 32.726788078434765
8366 1 1468865 0.7222222 20.80457902047783
8367 1 617938 0.78125 18.7786309979856
8368 1 200987 0.7027027 26.25059091951698
8369 1 1475832 0.7894737 19.980877987109125
8370 1 1161127 0.7777778 41.471341042779386
8371 1 1611164 0.7631579 20.75730892829597
8372 1 1272598 0.7777778 37.787714041769505
8373 1 2105754 0.7777778 40.13000300619751
8374 1 461766 0.74285716 24.451985023915768
8375 1 2407300 0.7567568 21.30375406704843
8376 1 1630123 0.7027027 26.549639063887298
8377 1 1072808 0.7446808 39.945645024999976
8378 1 1451740 0.7894737 32.60329202748835
8379 1 1363845 0.76744187 37.018889910541475
8380 1 1549696 0.7619048 31.193298054859042
8381 1 1401911 0.75 41.76444699987769
8382 1 1162754 0.75609756 37.49943105503917
8383 1 1167171 0.7878788 21.89864299725741
8384 1 1294522 0.78125 18.7368510523811
8385 1 573017 0.7368421 21.312967059202492
8386 1 580307 0.7 36.16689098998904
8387 1 1013667 0.75555557 33.804113045334816
8388 1 1001479 0.7209302 36.6266529308632
8389 1 1369084 0.70454544 45.84079293999821
8390 1 219585 0.7297297 26.69116307515651
8391 1 1485750 0.725 41.72063700389117
8392 1 1192162 0.7380952 36.85805294662714
8393 1 1258033 0.74285716 22.366094985045493
8394 1 1095546 0.71428573 36.99809801764786
8395 1 1433073 0.7297297 26.925218058750033
8396 1 1283955 0.7 34.05604010913521
8397 1 1609916 0.7368421 30.45986406505108
8398 1 1987769 0.81395346 38.4944430552423
8399 1 1552586 0.7804878 40.71687499526888
8400 1 1532385 0.7105263 31.808522064238787
8401 1 1112460 0.7631579 28.35887810215354
8402 1 1510334 0.7105263 44.98852405231446
8403 1 1018350 0.7368421 39.98501889873296
8404 1 1127677 0.7941176 30.84188303910196
8405 1 1482717 0.7777778 46.17640294600278
8406 1 1553918 0.70731705 31.84122103266418
8407 1 2361870 0.70731705 39.679008070379496
8408 1 1552942 0.73913044 38.08194294106215
8409 1 1599109 0.775 20.92377096414566
8410 1 1486198 0.76086956 36.36860300321132
8411 1 876061 0.7297297 27.65536494553089
8412 1 156595 0.75757575 21.08827407937497
8413 1 592618 0.7297297 24.12884496152401
8414 1 921563 0.775 36.391160101629794
8415 1 1177958 0.70454544 46.94729798939079
8416 1 1273031 0.70454544 35.572060965932906
8417 1 1502733 0.75 32.5437419814989
8418 1 140840 0.7209302 38.07776898611337
8419 1 1056035 0.76086956 37.08787797950208
8420 1 1006142 0.7692308 30.071313958615065
8421 1 1635678 0.75 22.534649935550988
8422 1 1946077 0.7291667 45.018286909908056
8423 1 502047 0.74285716 21.621798048727214
8424 1 1549802 0.7714286 22.475865087471902
8425 1 1113467 0.79545456 39.22844398766756
8426 1 1158325 0.7368421 25.0800559297204
8427 1 526406 0.7105263 20.605145022273064
8428 1 1274769 0.75 33.0907660536468
8429 1 1613854 0.74285716 18.877210095524788
8430 1 1186459 0.70454544 41.07581498101354
8431 1 1207870 0.78571427 31.826691003516316
8432 1 1075276 0.75 20.84944595117122
8433 1 1444520 0.7105263 26.944676996208727
8434 1 865557 0.7027027 32.11420099250972
8435 1 395478 0.75 37.56626998074353
8436 1 1103886 0.7058824 38.639995036646724
8437 1 1305299 0.75 20.227625034749508
8438 1 1577052 0.70454544 41.123708011582494
8439 1 842245 0.70454544 35.92970501631498
8440 1 2093772 0.78571427 37.89004997815937
8441 1 2052497 0.70731705 27.75180002208799
8442 1 1000885 0.70731705 39.16265210136771
8443 1 1474994 0.74285716 19.63799400255084
8444 1 997511 0.74285716 23.035779013298452
8445 1 1159552 0.7209302 32.60676597710699
8446 1 1511923 0.74285716 20.817629992961884
8447 1 840889 0.75609756 31.556763919070363
8448 1 1555681 0.8095238 38.05015701800585
8449 1 1256411 0.70454544 38.415872026234865
8450 1 1662618 0.77272725 43.0946679553017
8451 1 1506975 0.71428573 35.5060399742797
8452 1 189548 0.75 22.949100006371737
8453 1 2295295 0.7826087 36.186887067742646
8454 1 1275578 0.76744187 34.9822900025174
8455 1 1252740 0.75 22.631619940511882
8456 1 1096968 0.74 43.42116799671203
8457 1 1713115 0.71794873 28.96090690046549
8458 1 2388290 0.7567568 19.052469986490905
8459 1 1005288 0.725 32.787728938274086
8460 1 1060036 0.7111111 36.84398403856903
8461 1 1658904 0.70212764 37.313429987989366
8462 1 1349169 0.74418604 35.79374996479601
8463 1 1214411 0.7567568 23.753860965371132
8464 1 243010 0.7714286 21.262421971186996
8465 1 543376 0.7906977 35.4427209822461
8466 1 1627555 0.77272725 37.43920801207423
8467 1 1630466 0.75 21.13566396292299
8468 1 1148021 0.71428573 26.309279957786202
8469 1 1451973 0.7352941 20.81797202117741
8470 1 1001746 0.77272725 40.37518100813031
8471 1 1711131 0.73333335 42.578342952765524
8472 1 1333062 0.7837838 26.066996972076595
8473 1 1026940 0.7692308 26.64601302240044
8474 1 833811 0.71428573 21.219119080342352
8475 1 1049360 0.72727275 38.854566984809935
8476 1 1854610 0.7058824 23.535803076811135
8477 1 1118067 0.75 23.54924101382494
8478 1 1510819 0.7714286 23.514856002293527
8479 1 1686405 0.74358976 31.709425966255367
8480 1 2074569 0.7380952 33.66389009170234
8481 1 1586809 0.71794873 29.001791961491108
8482 1 754634 0.71428573 30.87081399280578
8483 1 1178480 0.7027027 41.13034100737423
8484 1 948525 0.70731705 38.58649090398103
8485 1 1574288 0.75555557 38.17888197954744
8486 1 1252550 0.7027027 24.309872067533433
8487 1 1465448 0.7 25.813189102336764
8488 1 2247243 0.71794873 25.67325404379517
8489 1 1211356 0.7058824 45.1159329386428
8490 1 563671 0.7105263 28.22599606588483
8491 1 1167713 0.7 41.70498205348849
8492 1 672040 0.71428573 41.409687022678554
8493 1 421710 0.7380952 37.3637150041759
8494 1 717437 0.7380952 35.62895592767745
8495 1 944200 0.7567568 28.40242104139179
8496 1 601168 0.725 24.27251695189625
8497 1 1065358 0.725 25.092042051255703
8498 1 564588 0.7234042 39.893590030260384
8499 1 2282706 0.7941176 26.864917017519474
8500 1 1499798 0.7027027 22.357237990945578
8501 1 463031 0.7619048 32.250375021249056
8502 1 1438939 0.78723407 40.28280603233725
8503 1 1118031 0.7222222 20.42826102115214
8504 1 809820 0.7619048 40.39109800942242
8505 1 1142664 0.7631579 25.11884702835232
8506 1 1377943 0.73333335 42.31076198630035
8507 1 461284 0.71428573 23.719332995824516
8508 1 1570488 0.79545456 35.15328699722886
8509 1 44138 0.7368421 28.284884989261627
8510 1 837688 0.7297297 33.160644001327455
8511 1 1482400 0.7906977 36.8588239653036
8512 1 1410316 0.7619048 37.73237101268023
8513 1 2075973 0.71428573 41.267335996963084
8514 1 1088910 0.7209302 37.88008401170373
8515 1 388469 0.71794873 33.0633909907192
8516 1 1300054 0.7209302 43.63366693723947
8517 1 1272027 0.70454544 33.11498498078436
8518 1 1676703 0.78125 21.78879000712186
8519 1 2354419 0.7058824 22.955021006055176
8520 1 945936 0.77272725 40.68219906184822
8521 1 1270936 0.775 39.46859098505229
8522 1 2042494 0.7105263 29.23923300113529
8523 1 1486761 0.76744187 36.34499304462224
8524 1 2413776 0.7741935 19.926873967051506
8525 1 1009591 0.7209302 39.04435399454087
8526 1 782046 0.75 21.7345270793885
8527 1 1616979 0.72727275 32.7193170087412
8528 1 1452767 0.71428573 21.244970033876598
8529 1 1043827 0.7906977 30.473558930680156
8530 1 2046760 0.7659575 35.62902600970119
8531 1 48633 0.8 19.250510958954692
8532 1 1180393 0.7222222 22.054352099075913
8533 1 742788 0.7567568 25.475099100731313
8534 1 1111555 0.70731705 28.04959798231721
8535 1 243529 0.77272725 37.17609599698335
8536 1 648830 0.71428573 23.335032048635185
8537 1 1594557 0.7380952 34.50246201828122
8538 1 1571570 0.7777778 23.06325302924961
8539 1 719120 0.75 39.280047989450395
8540 1 38618 0.75 33.82070502266288
8541 1 567667 0.7804878 27.335086022503674
8542 1 2078684 0.73333335 39.465607958845794
8543 1 2093930 0.73170733 32.08255406934768
8544 1 1803619 0.7647059 27.55626104772091
8545 1 655159 0.7297297 24.048315011896193
8546 1 1609785 0.7446808 40.59196403250098
8547 1 991711 0.7297297 28.24880403932184
8548 1 1005352 0.7837838 29.112671967595816
8549 1 1392594 0.7804878 33.79507805220783
8550 1 1615254 0.71794873 29.38265702687204
8551 1 2379832 0.73170733 32.09414496086538
8552 1 1418872 0.7111111 41.89354297704995
8553 1 1453049 0.74418604 34.24449299927801
8554 1 626461 0.71794873 33.76037592533976
8555 1 1154267 0.71428573 39.77387899067253
8556 1 440233 0.7083333 48.66730095818639
8557 1 820650 0.71428573 50.580515060573816
8558 1 1625518 0.7 46.769496984779835
8559 1 1120568 0.7222222 48.18183393217623
8560 1 1207719 0.754717 47.200579079799354
8561 1 601749 0.7254902 48.31070697400719
8562 1 1495564 0.71428573 47.973537002690136
8563 1 1107979 0.7592593 47.37201100215316
8564 1 1048150 0.73214287 48.053988022729754
8565 1 1492887 0.7818182 47.63250902760774
8566 1 1267059 0.74 47.92396794073284
8567 1 2111401 0.75 53.95487102214247
8568 1 771428 0.7222222 71.76005095243454
8569 1 654827 0.7346939 66.72014109790325
8570 1 1139333 0.7037037 67.94615706894547
8571 1 1043130 0.74509805 62.23935494199395
8572 1 1301059 0.7307692 48.65237104240805
8573 1 1061424 0.73214287 49.84320199582726
8574 1 974484 0.7755102 42.640096973627806
8575 1 846458 0.78723407 41.05547000654042
8576 1 1077087 0.7307692 48.65065508056432
8577 1 1483664 0.78 47.05862293485552
8578 1 1802573 0.7291667 49.439287977293134
8579 1 662314 0.7346939 57.01796791981906
8580 1 1002422 0.79591835 50.14015396591276
8581 1 1453380 0.72727275 48.190267058089375
8582 1 1650058 0.7647059 57.74000508245081
8583 1 1207035 0.7826087 46.13051493652165
8584 1 983643 0.75510204 51.223926013335586
8585 1 1159607 0.73214287 56.38918199110776
8586 1 898581 0.7118644 51.17023491766304
8587 1 2064489 0.7 54.610577994026244
8588 1 1954987 0.7111111 50.5444590235129
8589 1 1405317 0.79591835 52.43472207803279
8590 1 1626587 0.78846157 52.17876599635929
8591 1 1444291 0.7894737 51.929175038821995
8592 1 1191475 0.75438595 49.05554803553969
8593 1 1567017 0.7777778 51.7311169533059
8594 1 1300961 0.7037037 56.41303095035255
8595 1 1117086 0.7169811 50.76352902688086
8596 1 1794113 0.76744187 42.84201702103019
8597 1 2090471 0.72727275 51.547850016504526
8598 1 2075689 0.7090909 51.40316905453801
8599 1 1370208 0.78723407 44.36068003997207
8600 1 1012256 0.71929824 51.27572605852038
8601 1 1223057 0.7755102 48.66257298272103
8602 1 1124876 0.7169811 56.611052015796304
8603 1 1345717 0.7346939 53.4569890005514
8604 1 1184507 0.7647059 59.068745002150536
8605 1 1028734 0.70212764 47.878404962830245
8606 1 1037577 0.74509805 52.88604006636888
8607 1 1616987 0.71153843 58.111974969506264
8608 1 586189 0.7090909 50.58320099487901
8609 1 560769 0.7291667 48.672155011445284
8610 1 620307 0.76 49.60926901549101
8611 1 2027748 0.7659575 46.73201695550233
8612 1 1003804 0.7358491 56.2901699449867
8613 1 1665947 0.7735849 52.69857298117131
8614 1 1296966 0.7592593 52.74050799198449
8615 1 677264 0.70689654 56.180926971137524
8616 1 1339363 0.7058824 55.57011405471712
8617 1 837390 0.75510204 48.59683697577566
8618 1 1652765 0.75555557 51.31455999799073
8619 1 1138795 0.75510204 44.92150992155075
8620 1 2052308 0.7058824 58.34642704576254
8621 1 1615557 0.71428573 56.840002071112394
8622 1 1199156 0.7755102 59.48511103633791
8623 1 1426988 0.7818182 56.074427091516554
8624 1 1556475 0.74 44.93305890355259
8625 1 2455793 0.74509805 52.408651914447546
8626 1 1502279 0.7307692 63.083382905460894
8627 1 2174224 0.7307692 58.99476306512952
8628 1 1010627 0.7037037 59.63696097023785
8629 1 991628 0.7358491 54.862438002601266
8630 1 2035625 0.73170733 62.35513696447015
8631 1 1611350 0.7647059 56.32050603162497
8632 1 1426397 0.7111111 55.95429497770965
8633 1 1111709 0.7368421 55.800467962399125
8634 1 1295425 0.78723407 47.34720103442669
8635 1 1575050 0.7358491 54.77879894897342
8636 1 1289075 0.8039216 61.9629779830575
8637 1 2062520 0.7777778 74.779789079912
8638 1 1174968 0.7017544 78.22015299461782
8639 1 1738995 0.71428573 57.28051206097007
8640 1 843569 0.76 62.44603300001472
8641 1 1594838 0.7407407 63.12191893812269
8642 1 1192740 0.7924528 54.19776507187635
8643 1 1567885 0.82978725 51.183801027946174
8644 1 492665 0.7058824 57.923372951336205
8645 1 1667201 0.7307692 49.15240698028356
8646 1 1157450 0.7735849 54.763599997386336
8647 1 1641772 0.78723407 57.05275991931558
8648 1 1047247 0.7659575 51.43797607161105
8649 1 1665377 0.725 47.425126074813306
8650 1 1498969 0.79545456 49.63063192553818
8651 1 817601 0.7 51.85068107675761
8652 1 1129206 0.7446808 48.93902002368122
8653 1 1460093 0.75 47.56098298821598
8654 1 1530164 0.71428573 54.284275975078344
8655 1 1586772 0.7307692 50.71099696215242
8656 1 1389458 0.7916667 45.19693704787642
8657 1 1286010 0.76086956 49.612550996243954
8658 1 2298585 0.8 55.391587084159255
8659 1 636820 0.7037037 50.10393098928034
8660 1 524626 0.7692308 56.574308895505965
8661 1 1041223 0.74545455 64.76588395889848
8662 1 1265248 0.71428573 53.65201900713146
8663 1 582057 0.75510204 50.01718504354358
8664 0 0 0 54.60066394880414
8665 1 1058247 0.7111111 46.52326204814017
8666 1 2107068 0.72 45.28289393056184
8667 1 1531467 0.7368421 59.733403963036835
8668 1 1785566 0.74 55.74224691372365
8669 1 1526736 0.79545456 41.013236972503364
8670 1 922465 0.7173913 52.032724022865295
8671 1 132366 0.7173913 53.45671996474266
8672 1 1260561 0.78723407 43.29829302150756
8673 1 1315175 0.72 51.46522796712816
8674 1 2008543 0.7254902 56.535673909820616
8675 1 1380308 0.7090909 60.82745094317943
8676 1 810342 0.7586207 52.967269090004265
8677 0 0 0 63.22754407301545
8678 1 1047782 0.7 56.103017064742744
8679 1 860721 0.7254902 61.20508396998048
8680 1 1492126 0.7777778 73.990298085846
8681 1 1538779 0.72 64.69376501627266
8682 1 1538779 0.7708333 50.99214194342494
8683 1 1490117 0.7234042 55.443726014345884
8684 1 1134901 0.7446808 55.15306000597775
8685 1 1170285 0.71153843 67.27265601512045
8686 1 859283 0.7058824 51.87348404433578
8687 1 1624807 0.78846157 59.020899003371596
8688 1 669686 0.7346939 49.615524942055345
8689 1 1614080 0.7222222 59.58828888833523
8690 1 1663755 0.7037037 65.19665697123855
8691 1 1498647 0.71428573 57.85702099092305
8692 1 1446062 0.7169811 75.48509503249079
8693 1 1092795 0.754717 69.62277798447758
8694 1 841859 0.71666664 80.83256997633725
8695 1 1594766 0.7037037 58.46376204863191
8696 1 1624641 0.7380952 42.720976984128356
8697 1 1196292 0.7083333 46.9210670562461
8698 1 826853 0.78723407 44.818283058702946
8699 1 1555469 0.70212764 50.22874602582306
8700 1 1634653 0.71153843 53.602601983584464
8701 1 1072679 0.73770493 50.18251796718687
8702 1 2092425 0.7058824 54.161753971129656
8703 1 1156667 0.7083333 49.91626599803567
8704 1 711650 0.7894737 51.54939799103886
8705 1 1928717 0.76744187 41.34720505680889
8706 1 1487948 0.72727275 47.017026925459504
8707 1 1641245 0.75438595 51.01314501371235
8708 1 1341021 0.8 57.07924801390618
8709 1 1428573 0.76 50.801703007891774
8710 1 1753196 0.7368421 53.93678497057408
8711 1 1083472 0.78 47.93826909735799
8712 1 1295912 0.74509805 50.890815909951925
8713 1 1610915 0.76 48.80238603800535
8714 1 2070366 0.74 49.621285987086594
8715 1 1760001 0.76785713 49.26808399613947
8716 1 1078591 0.7291667 49.40893093589693
8717 1 1505395 0.7368421 50.58711895253509
8718 1 618396 0.7234042 50.59726792387664
8719 1 1571376 0.7358491 60.84106303751469
8720 1 583256 0.70212764 54.11165999248624
8721 1 1468187 0.7755102 51.34315707255155
8722 1 1802718 0.72 51.86536500696093
8723 1 1573733 0.7692308 47.91655798908323
8724 1 1268420 0.7735849 47.356405993923545
8725 1 1007973 0.72727275 47.70539002493024
8726 1 1338726 0.72 48.91055996995419
8727 1 1143746 0.75555557 43.17215399350971
8728 1 1558414 0.7368421 50.83849898073822
8729 1 834844 0.8039216 48.3335149474442
8730 1 1446478 0.7735849 44.02903898153454
8731 1 1792012 0.7916667 43.17381407599896
8732 1 1072660 0.7962963 49.6131960535422
8733 1 1450707 0.75 47.09552205167711
8734 1 1156677 0.7692308 54.917538072913885
8735 1 1033295 0.7 55.61800207942724
8736 1 1117461 0.7916667 58.742446010001004
8737 1 1575366 0.7818182 55.368350935168564
8738 1 1482510 0.76086956 49.48127898387611
8739 1 1558588 0.74509805 53.59125602990389
8740 1 1106824 0.7058824 53.61265898682177
8741 1 1596719 0.7777778 68.43640794977546
8742 1 1652781 0.7755102 56.37720797676593
8743 1 1180853 0.7169811 63.60955093987286
8744 1 546983 0.73913044 63.109522918239236
8745 1 1063684 0.73214287 79.61264497134835
8746 1 1796677 0.754717 56.5989970928058
8747 1 1402405 0.7962963 62.98996601253748
8748 1 1630780 0.7826087 52.183983963914216
8749 1 2109611 0.7058824 55.73231307789683
8750 1 1612368 0.7 53.38574503548443
8751 1 1482951 0.71153843 54.189563961699605
8752 1 1196803 0.72 60.1133689051494
8753 1 1084316 0.75438595 57.33866209629923
8754 1 2093873 0.70212764 52.1328910253942
8755 1 1516260 0.7826087 48.24808693956584
8756 1 1437505 0.7818182 55.090883979573846
8757 1 1342945 0.7692308 59.300404973328114
8758 1 1435939 0.7647059 63.3559999987483
8759 1 2363315 0.7037037 63.919413019903004
8760 1 325349 0.76086956 50.90461310464889
8761 1 1035446 0.7735849 54.28726098034531
8762 1 1011261 0.75438595 66.42042903695256
8763 1 1119692 0.7735849 56.86066602356732
8764 1 1407006 0.76 56.705613038502634
8765 1 1442168 0.78431374 55.809128913097084
8766 1 1459708 0.72 53.40586602687836
8767 1 549840 0.78431374 58.70723200496286
8768 1 275538 0.75609756 48.2542619574815
8769 1 1482567 0.7647059 60.300281969830394
8770 1 1139395 0.7708333 51.47686100099236
8771 1 1398193 0.73913044 48.658886924386024
8772 1 1010771 0.72727275 49.521879060193896
8773 1 1875117 0.75510204 43.196668033488095
8774 1 441115 0.7173913 46.89605801831931
8775 1 1273268 0.71929824 62.315555987879634
8776 1 1452973 0.7755102 51.18985602166504
8777 1 1111356 0.7916667 46.13577306736261
8778 1 1566785 0.7818182 47.93472099117935
8779 1 1591752 0.71428573 53.02612006198615
8780 1 1492126 0.7254902 45.40415701922029
8781 1 272790 0.74509805 48.94459492061287
8782 1 1010311 0.73913044 55.064029060304165
8783 1 1008372 0.7719298 53.84532897733152
8784 1 1453380 0.72727275 44.75337010808289
8785 1 2083227 0.73913044 45.11572793126106
8786 1 1252034 0.7916667 50.448652007617056
8787 1 1483786 0.75555557 45.705912983976305
8788 1 1358069 0.7254902 56.84509908314794
8789 1 1255261 0.7291667 55.60421000700444
8790 1 1510029 0.78723407 43.37061708793044
8791 1 1478411 0.7708333 46.83027695864439
8792 1 430174 0.7173913 47.24212200380862
8793 1 981908 0.7457627 57.441749959252775
8794 1 1607345 0.7358491 55.613348027691245
8795 1 1171919 0.7413793 53.34339605178684
8796 1 1016103 0.7173913 54.12014701869339
8797 1 1149212 0.7083333 58.80791402887553
8798 1 1483762 0.72727275 49.18772401288152
8799 1 1622056 0.7735849 50.708169932477176
8800 1 1620044 0.74509805 50.893786014057696
8801 1 1821661 0.7 49.98406604863703
8802 1 817445 0.78 55.06937799509615
8803 1 1070196 0.8 65.09776902385056
8804 1 1191899 0.71428573 68.9198860200122
8805 1 1298206 0.7058824 63.09775297995657
8806 1 1153850 0.78 54.76672598160803
8807 1 552356 0.78723407 53.90638206154108
8808 1 1254856 0.76785713 60.722014983184636
8809 1 1447365 0.75 57.506012031808496
8810 1 1350172 0.74 59.98943198937923
8811 1 515951 0.7358491 59.935495955869555
8812 1 842848 0.7058824 55.514388950541615
8813 1 790867 0.79545456 50.347106996923685
8814 1 1619027 0.71428573 57.94339091517031
8815 1 115555 0.71428573 51.8421099986881
8816 1 1185099 0.7446808 48.08270593639463
8817 1 2091534 0.75 54.90850401110947
8818 1 823239 0.7307692 57.7130860183388
8819 1 1064694 0.73913044 44.80041400529444
8820 1 1576207 0.7407407 51.81073595304042
8821 1 1470368 0.7169811 51.90412502270192
8822 1 1240429 0.75555557 44.820973998866975
8823 1 1290211 0.78431374 51.398269017226994
8824 1 262996 0.75 46.885024989023805
8825 1 1500894 0.79591835 46.221241005696356
8826 1 1554378 0.72727275 49.560304963961244
8827 1 1472201 0.7358491 47.95114404987544
8828 1 1283967 0.70212764 46.49554204661399
8829 1 2088966 0.7719298 51.63564800750464
8830 1 1514279 0.8 49.412988941185176
8831 1 627270 0.7358491 56.01278005633503
8832 1 1894923 0.7659575 50.06427795160562
8833 1 1495760 0.7241379 56.908875005319715
8834 1 1139071 0.72 59.43641101475805
8835 1 1094359 0.75 51.79247900377959
8836 1 1268037 0.78 50.5895420210436
8837 1 2087577 0.7169811 48.97686291951686
8838 1 1428725 0.74509805 53.33706201054156
8839 1 1083802 0.8125 38.40133501216769
8840 1 1676882 0.7058824 51.276487996801734
8841 1 1062589 0.75510204 46.06174700893462
8842 1 1086613 0.7090909 55.28826802037656
8843 1 1478864 0.72727275 46.953550074249506
8844 1 1193555 0.7647059 51.6646069008857
8845 1 1159141 0.76363635 46.57436802517623
8846 1 990474 0.7358491 50.009589991532266
8847 1 1068126 0.74509805 43.83845196571201
8848 1 1090109 0.71153843 44.70488103106618
8849 1 1504375 0.70212764 42.29763790499419
8850 1 1405346 0.71428573 52.810730994679034
8851 1 592858 0.76 45.09799904190004
8852 1 1500930 0.75 47.50345798674971
8853 1 1007660 0.7777778 45.92053999658674
8854 1 1289617 0.7894737 52.604514989070594
8855 1 1542913 0.7358491 49.83290797099471
8856 1 1251504 0.7758621 48.19153493735939
8857 1 1173715 0.7169811 52.23182204645127
8858 1 658092 0.75 75.31320699490607
8859 1 1461633 0.75 55.651739006862044
8860 1 1229310 0.7307692 57.67458095215261
8861 1 1165292 0.75 53.946050000377
8862 1 640257 0.70212764 56.35852401610464
8863 1 1730962 0.7826087 46.657653991132975
8864 1 1093845 0.71428573 55.497547960840166
8865 1 731267 0.7916667 45.67567293997854
8866 1 772437 0.7169811 47.78832697775215
8867 1 1408003 0.70454544 49.303464009426534
8868 1 1072949 0.7894737 54.83647307846695
8869 1 1496802 0.73214287 59.207462007179856
8870 1 1440444 0.8113208 54.84817607793957
8871 1 2416071 0.76785713 49.45981304626912
8872 1 2048404 0.74 42.59419196750969
8873 1 1515865 0.71428573 47.63659101445228
8874 1 1550806 0.71929824 47.87931696046144
8875 1 1652848 0.72727275 50.56328303180635
8876 1 1406602 0.78 42.20076196361333
8877 1 1231763 0.7358491 50.96731404773891
8878 1 1950983 0.7777778 38.29180798493326
8879 1 2453891 0.7755102 50.67603092174977
8880 1 1590810 0.7894737 55.12058502063155
8881 1 1060597 0.7058824 50.027605961076915
8882 1 1504132 0.76 44.93105097208172
8883 1 1413476 0.754717 47.5926180370152
8884 1 1156589 0.72727275 44.39082997851074
8885 1 1504638 0.75 47.27737698704004
8886 1 1336308 0.7291667 45.22558499593288
8887 1 1435985 0.7368421 47.23512101918459
8888 1 1089538 0.7407407 51.76679790019989
8889 1 1612743 0.71428573 48.29802003223449
8890 1 1419728 0.7307692 48.28765708953142
8891 1 2359662 0.7692308 52.128431969322264
8892 1 462211 0.7708333 47.563264961354434
8893 1 1554592 0.71929824 50.259707029908895
8894 1 1253339 0.7083333 48.70083008427173
8895 1 1445525 0.74509805 45.8141069393605
8896 1 1518290 0.76363635 49.49382902123034
8897 1 1278607 0.75 47.859854996204376
8898 1 1126724 0.7234042 45.54083303082734
8899 1 1027473 0.71428573 50.20067002624273
8900 1 1551822 0.7777778 49.70387800130993
8901 1 1451499 0.7017544 54.84274297486991
8902 1 1843503 0.75510204 51.1888979235664
8903 1 1131559 0.7692308 44.71781104803085
8904 1 2434042 0.7254902 46.95315903518349
8905 1 1035741 0.7818182 51.29579093772918
8906 1 2119543 0.72 47.9335431009531
8907 1 1069768 0.76 46.84968700166792
8908 1 1303030 0.70689654 56.26980995293707
8909 1 494684 0.7222222 57.06098291557282
8910 1 1455491 0.82978725 42.44522098451853
8911 1 1016690 0.7627119 50.148223992437124
8912 1 1014872 0.7592593 46.49321909528226
8913 1 1573534 0.7111111 46.01743503008038
8914 1 1035137 0.7407407 51.388520980253816
8915 1 1298597 0.76 49.61213900242001
8916 1 876411 0.78846157 48.0678629828617
8917 1 1203739 0.7407407 47.89747192990035
8918 1 1446317 0.78 46.75571504049003
8919 1 373254 0.73333335 45.34828395117074
8920 1 828486 0.70212764 46.991521026939154
8921 1 837373 0.7 49.98726595658809
8922 1 250134 0.7818182 45.81873002462089
8923 1 1432209 0.7 45.81226606387645
8924 1 1624117 0.7 49.777289968915284
8925 1 1478668 0.72 48.95406507421285
8926 1 1446081 0.754717 48.056947998702526
8927 1 959528 0.71929824 49.51945703942329
8928 1 988926 0.70689654 49.85614097677171
8929 1 1205998 0.7291667 47.733522951602936
8930 1 1463496 0.74545455 47.07223305013031
8931 1 587189 0.7254902 48.12037490773946
8932 1 1511844 0.7758621 48.310801037587225
8933 1 1611428 0.7647059 48.84827102068812
8934 1 1007133 0.74545455 45.54007900878787
8935 1 1504935 0.7288136 47.46979498304427
8936 1 1477632 0.75 46.96514899842441
8937 1 1118162 0.71153843 47.164555988274515
8938 1 1498999 0.7368421 47.0492240274325
8939 1 2047811 0.72727275 47.047693049535155
8940 1 1243390 0.71428573 46.686061075888574
8941 1 1560850 0.7307692 49.05254801269621
8942 1 1547703 0.78 42.643188033252954
8943 1 1509311 0.71153843 51.29576602485031
8944 1 741875 0.7254902 48.34176099393517
8945 1 1850598 0.7090909 47.698238980956376
8946 1 842761 0.7169811 44.43690599873662
8947 1 1298141 0.75 41.88035207334906
8948 1 1435866 0.78571427 47.55325405858457
8949 1 1377912 0.7755102 42.32501098886132
8950 1 1155453 0.74509805 48.861713032238185
8951 1 1183815 0.754717 46.686505898833275
8952 1 1294001 0.7346939 47.36781003884971
8953 1 2094533 0.7037037 50.24920904543251
8954 1 1361749 0.8043478 43.73657202813774
8955 1 2070164 0.74 41.55510605778545
8956 1 1662519 0.75555557 43.378053000196815
8957 1 1507911 0.74 47.52747598104179
8958 1 1565676 0.7777778 49.03754603583366
8959 1 1116454 0.7592593 48.48704591859132
8960 1 2110296 0.7358491 46.749478904530406
8961 1 2088614 0.71929824 50.72326399385929
8962 1 2340943 0.7083333 47.568609938025475
8963 1 1167369 0.75510204 47.6143560372293
8964 1 805077 0.71428573 49.688172060996294
8965 1 1490563 0.7017544 51.849329960532486
8966 1 1188370 0.75 46.5221400372684
8967 1 498510 0.7407407 46.54029500670731
8968 0 0 0 47.169078956358135
8969 1 1062072 0.81395346 38.11655496247113
8970 1 1098512 0.7291667 44.46184600237757
8971 1 1431920 0.75510204 46.069146948866546
8972 1 1147095 0.76785713 45.7561599323526
8973 1 1408601 0.7719298 49.99238392338157
8974 1 1595041 0.7307692 46.689050970599055
8975 1 1897076 0.7169811 48.50404895842075
8976 1 1203549 0.76 47.857118071988225
8977 1 1668077 0.7924528 51.1549049988389
8978 1 1407705 0.7413793 49.02939288876951
8979 1 1195142 0.78 49.28649705834687
8980 1 1425278 0.7659575 59.58193296100944
8981 1 1400844 0.7916667 52.30167810805142
8982 1 580237 0.7777778 51.87014595139772
8983 1 1092048 0.7241379 62.05718603450805
8984 1 639139 0.75510204 58.09654307086021
8985 1 1113097 0.71428573 72.21214997116476
8986 1 1467834 0.72 54.83162694144994
8987 1 2089604 0.7708333 52.237274940125644
8988 1 2052580 0.7659575 52.86836402956396
8989 1 1591431 0.72727275 54.782907012850046
8990 1 1506892 0.71428573 53.2101719873026
8991 1 1053156 0.7758621 51.803702022880316
8992 1 1382472 0.74 50.716641009785235
8993 1 1551727 0.754717 48.6404929542914
8994 1 626865 0.76 49.328829045407474
8995 1 1010949 0.7058824 53.65997098851949
8996 1 1454964 0.7083333 51.830634009093046
8997 1 1010195 0.7 60.604215948842466
8998 1 1473279 0.74545455 54.369507008232176
8999 1 1625776 0.75 49.17389992624521
9000 1 1465105 0.7017544 55.687563959509134
9001 1 1292162 0.7346939 49.453584011644125
9002 1 1371492 0.7169811 54.71032706554979
9003 1 1365845 0.7659575 57.25229706149548
9004 1 1294145 0.7083333 57.800037087872624
9005 1 1624936 0.77272725 45.67496292293072
9006 1 1419765 0.71428573 50.75018899515271
9007 1 1742765 0.7017544 48.644055030308664
9008 1 1047176 0.7307692 48.74231992289424
9009 1 1146415 0.73333335 43.320455006323755
9010 1 1321897 0.71153843 54.75432996172458
9011 1 1255659 0.75 47.85425099544227
9012 1 1010884 0.7291667 46.65554501116276
9013 1 1058773 0.7924528 45.03705503884703
9014 1 1585365 0.7058824 47.859324025921524
9015 1 672866 0.75 44.01238705031574
9016 1 1603866 0.7083333 49.47865894064307
9017 1 1445230 0.7111111 48.44255105126649
9018 1 1553731 0.754717 47.349820961244404
9019 1 1488023 0.7358491 46.30836006253958
9020 1 2021571 0.79591835 41.71324206981808
9021 1 1141860 0.7647059 47.730099060572684
9022 1 1407223 0.7 45.18552205991
9023 1 1109918 0.7222222 45.639905030839145
9024 1 1652602 0.7826087 43.229180038906634
9025 1 1130546 0.71666664 49.975633970461786
9026 1 2068632 0.78846157 47.745759948156774
9027 1 1441872 0.71428573 46.125791035592556
9028 1 2041356 0.7446808 42.380101047456264
9029 1 1592108 0.7719298 49.47984404861927
9030 1 1071632 0.78723407 44.36699801590294
9031 1 1316143 0.7111111 49.01959502603859
9032 1 1022006 0.70689654 49.794708960689604
9033 1 525370 0.7111111 42.872710968367755
9034 1 1586767 0.75 44.9950200272724
9035 1 2090558 0.76 43.78855100367218
9036 1 1167638 0.7254902 46.249388018622994
9037 1 1319547 0.7090909 51.612260984256864
9038 1 1607060 0.7826087 59.8203829722479
9039 1 989983 0.76785713 53.03975299466401
9040 1 1664861 0.71153843 58.15785494633019
9041 1 1174394 0.78431374 52.688646013848484
9042 1 1402710 0.74509805 46.95539898239076
9043 1 1144370 0.7307692 51.876958925276995
9044 1 2093865 0.74545455 55.785089964047074
9045 1 1405695 0.76086956 46.611060039140284
9046 1 2106524 0.75438595 54.843805031850934
9047 1 2089417 0.7407407 54.88566099666059
9048 1 1608492 0.7692308 53.820495028048754
9049 1 2071123 0.76363635 57.812237995676696
9050 1 1087170 0.74418604 52.68186703324318
9051 1 1906616 0.7173913 53.02768002729863
9052 1 570957 0.75555557 53.578354069031775
9053 1 1133250 0.704918 54.00942906271666
9054 1 1533470 0.72 51.310844952240586
9055 1 1572115 0.78723407 42.7400809712708
9056 1 1242234 0.7076923 49.5657849824056
9057 1 1984381 0.70689654 48.99897298309952
9058 1 1175765 0.7090909 51.34615709539503
9059 1 1611286 0.76785713 46.399746905080974
9060 1 1516084 0.7719298 59.232136933133006
9061 1 1437573 0.75384617 48.822932061739266
9062 1 1113218 0.7118644 57.24118498619646
9063 1 621492 0.74603176 49.68867695424706
9064 1 823367 0.7714286 48.808288061991334
9065 1 1086387 0.74626863 51.04144290089607
9066 1 1177599 0.7058824 53.285307018086314
9067 1 1055971 0.7121212 52.0595459965989
9068 0 0 0 55.926611996255815
9069 1 1113161 0.73333335 57.23711894825101
9070 1 1849665 0.70689654 57.46623396407813
9071 1 1363381 0.7096774 58.2790159387514
9072 1 1632061 0.75438595 55.80637406092137
9073 1 1501851 0.7936508 53.24257805477828
9074 1 1559380 0.74603176 48.38815703988075
9075 1 1044795 0.74242425 47.69383103121072
9076 1 1096652 0.7619048 52.4912349646911
9077 1 1502192 0.71428573 54.142418899573386
9078 1 1675048 0.7288136 47.36631398554891
9079 1 841347 0.72307694 43.64736599382013
9080 1 1630097 0.73214287 46.20762402191758
9081 1 1184491 0.71929824 47.73165297228843
9082 1 365660 0.74242425 63.90713306609541
9083 1 2216185 0.7169811 68.70824401266873
9084 1 1100108 0.796875 55.83908793050796
9085 1 1267474 0.828125 42.89309401065111
9086 1 1965588 0.7758621 46.6642789542675
9087 1 853239 0.7777778 48.759642988443375
9088 1 1033358 0.7457627 46.80917295627296
9089 1 1609638 0.7818182 45.34546099603176
9090 1 1293742 0.72131145 44.62680802680552
9091 1 1523744 0.7619048 43.8492790563032
9092 1 1170735 0.7096774 44.84839492943138
9093 1 1963898 0.76666665 48.20511897560209
9094 1 1401485 0.71929824 45.62166694086045
9095 1 1996642 0.7758621 50.116649945266545
9096 1 1471943 0.7741935 43.432710925117135
9097 1 1090891 0.7777778 44.84030499588698
9098 1 1520724 0.8035714 48.1054310221225
9099 1 1170534 0.71929824 49.51629997231066
9100 1 1414834 0.74242425 44.062308967113495
9101 1 992271 0.7258065 46.03326600044966
9102 1 1401448 0.74626863 46.60974198486656
9103 1 1634926 0.72131145 56.111543090082705
9104 1 1574023 0.71428573 46.42385395709425
9105 1 1577040 0.72131145 43.40762202627957
9106 1 1492805 0.7241379 46.03301698807627
9107 1 1479562 0.70689654 45.407090918160975
9108 1 1471913 0.76363635 47.22713597584516
9109 1 1576015 0.71428573 43.80570899229497
9110 1 1064637 0.72131145 48.88528399169445
9111 1 1103338 0.75409836 42.65318193938583
9112 1 997926 0.7076923 48.23935800231993
9113 1 835119 0.7692308 42.06270107533783
9114 1 1036910 0.73333335 44.44455599877983
9115 1 1609029 0.7118644 46.2916319957003
9116 1 1445690 0.779661 44.51799194794148
9117 0 0 0 46.58236401155591
9118 1 1370556 0.704918 46.08732997439802
9119 1 1668203 0.7586207 45.42138404212892
9120 1 1091985 0.7183099 45.49147898796946
9121 1 1649814 0.734375 50.39433599449694
9122 1 1622895 0.7288136 51.97853408753872
9123 1 1174877 0.73239434 43.77184889744967
9124 1 1503815 0.78125 48.77031501382589
9125 1 1614510 0.8076923 51.92463402636349
9126 1 1649762 0.75384617 49.56994601525366
9127 1 1621518 0.72307694 48.306961078196764
9128 1 826213 0.7777778 46.32529499940574
9129 1 1063363 0.7777778 53.495118976570666
9130 1 1520604 0.7619048 50.220559001900256
9131 1 1409637 0.7368421 51.39947694260627
9132 1 1159237 0.7936508 49.39542501233518
9133 1 1595852 0.7241379 54.11197792273015
9134 1 962807 0.76363635 56.49118998553604
9135 1 2085452 0.7627119 53.0193829908967
9136 1 1616165 0.72727275 58.45991300884634
9137 1 1464867 0.7096774 47.5507479859516
9138 1 1019956 0.7288136 57.97909898683429
9139 1 1141682 0.7413793 48.85885491967201
9140 1 1283385 0.7619048 46.18207097519189
9141 1 1471164 0.779661 53.72777907177806
9142 1 1508695 0.73015875 44.201940996572375
9143 1 1514980 0.7777778 48.2111310120672
9144 1 1628148 0.75409836 44.5854029385373
9145 1 1790603 0.71428573 50.743997911922634
9146 1 1594893 0.73134327 47.727736993692815
9147 1 1403826 0.72131145 49.96015108190477
9148 1 1254785 0.73333335 56.34042795281857
9149 1 1196998 0.7241379 48.85007895063609
9150 1 1621451 0.7118644 51.04453791864216
9151 1 2042885 0.7413793 53.74267802108079
9152 1 1178275 0.78688526 51.6789429821074
9153 1 1201872 0.7692308 52.20691789872944
9154 1 2047810 0.71428573 50.7691859966144
9155 1 2022395 0.71875 56.39055103529245
9156 1 1071447 0.7 64.05374396126717
9157 1 1662738 0.74603176 60.41844200808555
9158 1 1003303 0.73015875 63.11639002524316
9159 1 856156 0.7704918 71.1334430379793
9160 1 1424682 0.7619048 59.61228907108307
9161 1 1611648 0.73770493 55.28773204423487
9162 1 1418001 0.7457627 54.501989972777665
9163 1 1552973 0.7457627 51.009463029913604
9164 1 1409135 0.72131145 57.17129004187882
9165 1 1917865 0.7758621 56.2901470111683
9166 1 1144885 0.7580645 55.4413489298895
9167 1 1852719 0.75409836 56.48330901749432
9168 1 1532350 0.7777778 47.69197094719857
9169 1 92412 0.7241379 50.915616913698614
9170 1 1143420 0.7096774 45.02438602503389
9171 1 1038744 0.7692308 45.88786605745554
9172 1 1591168 0.7741935 45.941934920847416
9173 1 955444 0.7903226 46.61625891458243
9174 1 1331727 0.79310346 46.90435098018497
9175 1 1850635 0.71428573 46.9643659889698
9176 1 1121395 0.70149255 50.284394063055515
9177 0 0 0 53.68641694076359
9178 1 1097311 0.73846155 45.74190208222717
9179 1 1300636 0.70689654 54.116077022626996
9180 1 1144440 0.75757575 51.9821880152449
9181 1 1151678 0.74603176 55.81722501665354
9182 1 1342850 0.76785713 48.51319396402687
9183 1 1060531 0.72727275 43.93572302069515
9184 1 1163101 0.73134327 50.355002051219344
9185 1 1155183 0.7352941 43.78412908408791
9186 1 1081325 0.7096774 50.46635901089758
9187 1 1416288 0.78333336 44.412930961698294
9188 1 1951340 0.7241379 48.29466401133686
9189 1 1976076 0.7419355 43.88779297005385
9190 1 1130081 0.7794118 41.668360005132854
9191 1 852574 0.73015875 46.136221033521
9192 1 1627086 0.7017544 49.05456199776381
9193 1 1294875 0.7910448 41.17511189542711
9194 1 1315110 0.75 47.81819996424019
9195 1 535718 0.73333335 48.29753702506423
9196 1 1055773 0.71014494 49.82260300312191
9197 1 862908 0.734375 45.53969902917743
9198 1 1191559 0.79710144 43.064319994300604
9199 1 1383539 0.74545455 47.127446974627674
9200 1 1494374 0.78688526 45.78287806361914
9201 1 1180686 0.7241379 46.44022404681891
9202 1 2109210 0.7288136 52.82373202499002
9203 1 1114681 0.79710144 48.750242101959884
9204 1 1796640 0.796875 42.596696061082184
9205 1 1416382 0.75 46.120159910060465
9206 1 989041 0.7719298 46.574717038311064
9207 1 1440910 0.72727275 42.65845601912588
9208 1 1445726 0.7096774 48.1164010707289
9209 1 1234166 0.7076923 48.63710701465607
9210 1 1019542 0.7121212 44.699349091388285
9211 1 1637036 0.71014494 52.45877197012305
9212 1 1069498 0.72307694 51.96175898890942
9213 1 1024735 0.7258065 50.088824005797505
9214 1 1183473 0.7183099 43.000507983379066
9215 1 1141585 0.75438595 48.938135034404695
9216 1 1044950 0.73214287 45.252735959365964
9217 1 1343890 0.76666665 48.755308031104505
9218 1 702114 0.7894737 45.866469969041646
9219 1 1004027 0.7288136 46.87289195135236
9220 1 1167005 0.7368421 49.087765044532716
9221 1 1016422 0.7903226 44.45889103226364
9222 1 1085717 0.71428573 46.055095037445426
9223 1 1481100 0.70689654 50.170271075330675
9224 1 994223 0.71666664 51.04810302145779
9225 1 1440223 0.7627119 46.10830603633076
9226 1 2075407 0.76666665 45.39895197376609
9227 1 1668278 0.72307694 43.69154293090105
9228 1 1523543 0.7627119 43.24972501490265
9229 1 2346544 0.76666665 45.850750990211964
9230 0 0 0 54.46211399976164
9231 1 1303023 0.73770493 49.591227900236845
9232 1 817444 0.7076923 43.65368699654937
9233 1 1561749 0.8032787 48.45141596160829
9234 1 1491403 0.73913044 46.58573295455426
9235 1 1549977 0.7777778 49.41589792724699
9236 1 1052919 0.7164179 62.767270021140575
9237 1 1407029 0.73770493 54.19999803416431
9238 1 1384464 0.7758621 48.82685490883887
9239 1 1953562 0.70149255 50.62667699530721
9240 1 1506662 0.7076923 54.1313310386613
9241 1 1506410 0.72131145 54.987277020700276
9242 1 1110472 0.7627119 56.42977391835302
9243 1 1795009 0.73770493 55.447940016165376
9244 1 1436901 0.7586207 54.541463032364845
9245 1 1404576 0.7692308 51.14056309685111
9246 1 1794373 0.75 54.120996966958046
9247 1 1335588 0.78333336 54.51521999202669
9248 1 1021611 0.7580645 51.131182932294905
9249 1 714554 0.73846155 63.34058498032391
9250 1 1008870 0.71666664 57.828729040920734
9251 1 627904 0.72727275 46.70557705685496
9252 1 1213411 0.73134327 41.0026169847697
9253 1 1637588 0.7777778 48.50667202845216
9254 1 1047909 0.72131145 53.12554002739489
9255 1 1975779 0.74603176 52.69451392814517
9256 1 1293640 0.7258065 49.64538407512009
9257 1 1228096 0.7536232 47.8528420208022
9258 1 1172550 0.7 50.831145024858415
9259 1 2033718 0.7586207 46.93028808105737
9260 1 1486923 0.7619048 47.27182106580585
9261 1 1210042 0.7457627 46.34114005602896
9262 1 1063930 0.7096774 45.02405400853604
9263 1 1468292 0.71666664 51.63506499957293
9264 1 981740 0.7413793 49.54521998297423
9265 1 733994 0.71929824 47.27338801603764
9266 1 399582 0.7704918 44.76634308230132
9267 1 1530643 0.7246377 43.85162401013076
9268 1 1607172 0.71428573 44.65616098605096
9269 1 1077094 0.74545455 46.1377480532974
9270 1 2137124 0.72131145 58.99143998976797
9271 1 1459013 0.78688526 48.72552095912397
9272 1 1983872 0.72727275 54.97039400506765
9273 1 1133941 0.704918 56.46545998752117
9274 1 164537 0.7307692 57.23092204425484
9275 1 1093480 0.7118644 53.93623898271471
9276 1 1275936 0.75 50.20671198144555
9277 1 1299410 0.7288136 56.00689398124814
9278 1 1420647 0.76785713 52.78893408831209
9279 1 1282420 0.7741935 54.12688397336751
9280 0 0 0 59.90237195510417
9281 1 1728947 0.75409836 59.246555087156594
9282 1 1102935 0.734375 56.14210700150579
9283 1 997194 0.7246377 49.6238429332152
9284 1 1865792 0.7627119 52.01502097770572
9285 1 1213299 0.7368421 55.27890205848962
9286 1 1556419 0.75438595 48.184021026827395
9287 1 1005977 0.71666664 47.80131997540593
9288 1 1615589 0.71875 44.815656961873174
9289 1 1044367 0.75438595 47.56263201124966
9290 1 2097186 0.7419355 47.30930703226477
9291 1 1373165 0.73770493 48.403530032373965
9292 1 987568 0.7586207 55.15026010107249
9293 1 1127244 0.7017544 55.92289404012263
9294 1 828547 0.73333335 47.363451099954545
9295 1 1629854 0.7894737 45.441637048497796
9296 1 1571944 0.7419355 48.26226306613535
9297 1 2347158 0.7 45.88826198596507
9298 1 1612348 0.7118644 48.90815995167941
9299 1 1449392 0.796875 44.43898005411029
9300 1 1109115 0.7076923 45.17258203122765
9301 1 1292512 0.7037037 47.5157379405573
9302 1 1131787 0.79310346 46.67669103946537
9303 1 1078913 0.70149255 42.479382012970746
9304 1 1021964 0.71428573 46.44577903673053
9305 1 281002 0.7586207 44.68893201556057
9306 1 1793945 0.703125 46.675534918904305
9307 1 1144883 0.74603176 54.424147005192935
9308 1 1299566 0.74603176 49.814950907602906
9309 1 1608633 0.7017544 50.98098097369075
9310 1 1794163 0.765625 47.00248898006976
9311 1 671177 0.72131145 45.65708001609892
9312 1 1049941 0.7 47.2935289144516
9313 1 1325834 0.7758621 48.534016008488834
9314 1 333008 0.78688526 43.784226989373565
9315 1 632191 0.71929824 47.165708034299314
9316 1 1651443 0.71666664 43.51687408052385
9317 1 1516335 0.7719298 45.09475699160248
9318 1 1565292 0.7719298 45.92991108074784
9319 1 1192267 0.70689654 46.818859060294926
9320 1 1722963 0.7096774 48.08816802687943
9321 1 1167591 0.72727275 45.337488991208375
9322 1 1632243 0.72307694 43.026057071983814
9323 1 1097154 0.79310346 45.06285605020821
9324 1 533724 0.76363635 58.20530001074076
9325 1 1203837 0.7894737 50.029926002025604
9326 1 1570397 0.7096774 49.72421901766211
9327 1 1486675 0.7777778 47.70026390906423
9328 1 1455862 0.7903226 44.04636402614415
9329 1 1302506 0.73214287 52.26504697930068
9330 1 827684 0.7758621 47.33031499199569
9331 1 1492888 0.7894737 44.845322030596435
9332 1 1029856 0.7246377 44.838342000730336
9333 1 1065267 0.7 55.781200993806124
9334 1 1346366 0.75757575 44.047810952179134
9335 1 1532032 0.75 42.27698198519647
9336 1 1433133 0.7164179 46.333241974934936
9337 1 994058 0.7076923 44.415176031179726
9338 1 1525157 0.77272725 42.51370800193399
9339 1 1496420 0.73770493 40.85399501491338
9340 1 2082820 0.75 47.43705608416349
9341 1 1677238 0.7 44.61825208272785
9342 1 1477659 0.73134327 41.01308004464954
9343 1 1506343 0.7692308 44.282987946644425
9344 1 1237044 0.78571427 46.28372495062649
9345 1 1184551 0.75438595 47.98029700759798
9346 1 1350168 0.7966102 45.88353994768113
9347 1 1794327 0.7627119 46.382155967876315
9348 1 1516142 0.79310346 49.20207604300231
9349 1 1408161 0.70689654 46.600786969065666
9350 1 1418712 0.7222222 47.494429047219455
9351 1 770622 0.75438595 46.481926925480366
9352 1 1227364 0.75 45.36120791453868
9353 1 1050559 0.7903226 43.738384963944554
9354 1 1500517 0.7777778 45.077197952196
9355 1 2089343 0.74545455 44.59421802312136
9356 1 1752345 0.8032787 44.77859195321798
9357 1 1344005 0.71929824 46.93858395330608
9358 1 1626229 0.7368421 46.85145593248308
9359 1 1120242 0.7758621 46.17890599183738
9360 1 1410600 0.704918 45.896574039943516
9361 1 1111094 0.72727275 46.960523002780974
9362 1 1617952 0.78125 40.00235197599977
9363 1 1094447 0.7 43.62752998713404
9364 1 1971023 0.7352941 41.955770924687386
9365 1 1576481 0.71428573 42.667403002269566
9366 1 1099966 0.7352941 40.588665986433625
9367 1 1796790 0.7 44.086550013162196
9368 1 1466244 0.8196721 44.65445003006607
9369 1 2107677 0.7413793 45.99171201698482
9370 1 1101921 0.7352941 42.402324033901095
9371 1 821270 0.78125 44.436601107008755
9372 1 1116438 0.70149255 41.36812500655651
9373 1 1547987 0.779661 45.23796902503818
9374 1 1063280 0.7258065 48.47614699974656
9375 1 1118754 0.73333335 46.20373609941453
9376 1 1453661 0.7894737 46.642342931590974
9377 1 1649756 0.7368421 45.595656032674015
9378 1 1973450 0.7586207 44.68653199728578
9379 1 1951938 0.7903226 43.3820589678362
9380 1 1460494 0.75 45.21251702681184
9381 1 1791357 0.7258065 47.850678907707334
9382 1 1496572 0.72131145 44.59181893616915
9383 1 1302180 0.71428573 45.08134606294334
9384 1 1448425 0.7164179 43.31905394792557
9385 1 1272259 0.7894737 45.239189988933504
9386 1 1062164 0.71428573 42.14464290998876
9387 1 1267842 0.7205882 43.93568099476397
9388 1 1170597 0.7580645 45.63793702982366
9389 1 1423919 0.74603176 41.78941994905472
9390 0 0 0 42.803483083844185
9391 1 1665722 0.75438595 47.448573051951826
9392 1 1039736 0.75438595 45.65627803094685
9393 1 1191138 0.7419355 46.3320380076766
9394 1 1512030 0.71428573 45.073897927068174
9395 1 998118 0.78333336 44.06698897946626
9396 1 1086137 0.7894737 44.58367789629847
9397 1 807296 0.7096774 45.00314500182867
9398 1 1463463 0.75 45.92057201080024
9399 1 1651005 0.7258065 49.35269698034972
9400 1 1796663 0.75 44.94163696654141
9401 1 1481055 0.7586207 46.951669966802
9402 1 1525050 0.7368421 44.7206279495731
9403 1 1591252 0.7627119 43.948922073468566
9404 1 1207366 0.75714284 41.65576596278697
9405 1 719130 0.70149255 45.174553990364075
9406 1 1607236 0.704918 45.13596394099295
9407 1 625487 0.75 43.640204006806016
9408 1 1003678 0.765625 40.76322494074702
9409 1 1021376 0.7704918 44.237911934033036
9410 0 0 0 45.96267396118492
9411 1 1099344 0.7903226 43.377907015383244
9412 1 1515715 0.7894737 42.75650600902736
9413 1 1201203 0.703125 42.54216107074171
9414 1 1624387 0.79310346 42.18034795485437
9415 1 1432972 0.7096774 46.47712002042681
9416 1 1255243 0.73913044 40.78851698432118
9417 1 1520628 0.75757575 42.102245963178575
9418 1 1521485 0.78333336 44.221249991096556
9419 1 1613964 0.71929824 45.25376309175044
9420 1 1256245 0.779661 45.1932440046221
9421 1 1074361 0.7258065 45.029188971966505
9422 1 224358 0.7903226 42.17544896528125
9423 1 1119360 0.72727275 41.369775077328086
9424 1 1613990 0.75409836 44.63348491117358
9425 1 1717269 0.74603176 39.71230098977685
9426 1 1607394 0.7017544 44.830347993411124
9427 1 1473245 0.73333335 44.22283708117902
9428 1 1615947 0.7096774 41.9559070141986
9429 1 1591888 0.72131145 42.2268669353798
9430 1 224034 0.71014494 40.143153979443014
9431 1 1281876 0.73913044 40.26117897592485
9432 1 1567114 0.7619048 38.392273942008615
9433 1 1409421 0.7288136 49.22299401368946
9434 1 1326041 0.7288136 47.67197393812239
9435 1 956995 0.7288136 48.770511988550425
9436 1 1180771 0.78571427 46.625811024568975
9437 1 1086466 0.7288136 45.550678041763604
9438 1 2415549 0.71666664 47.44242399465293
9439 1 2091149 0.7307692 44.88104803021997
9440 1 1793928 0.71875 39.898675051517785
9441 1 981314 0.7777778 40.59270501602441
9442 1 2089990 0.7627119 49.07474003266543
9443 1 1021030 0.72727275 45.1731689972803
9444 1 1170281 0.75 46.48208909202367
9445 1 1986912 0.704918 43.17696997895837
9446 1 837169 0.7741935 44.69442192930728
9447 1 1152288 0.7777778 44.548285077326
9448 1 1046313 0.7719298 44.59679895080626
9449 0 0 0 43.86879992671311
9450 1 1022845 0.70149255 44.49869005475193
9451 1 818343 0.72727275 43.26001205481589
9452 1 1011668 0.71428573 45.21400004159659
9453 1 1082918 0.7 44.599355082027614
9454 1 1483384 0.7457627 44.94706692639738
9455 1 1357103 0.7118644 45.48644390888512
9456 1 1566985 0.73015875 43.60686894506216
9457 1 1058096 0.7419355 41.88103799242526
9458 1 1438474 0.8 44.75921904668212
9459 1 1038233 0.73015875 43.46254200208932
9460 1 1515008 0.70689654 48.17169206216931
9461 1 1612889 0.73333335 45.486664050258696
9462 1 1006047 0.734375 43.31766604445875
9463 1 1617002 0.73015875 44.35159603599459
9464 1 1285646 0.73770493 47.702291049063206
9465 1 1344525 0.7894737 44.92706700693816
9466 1 1193668 0.78571427 45.18189199734479
9467 1 2416071 0.73333335 45.3855290543288
9468 1 1299548 0.71875 43.80700190085918
9469 1 829442 0.7121212 43.64482604432851
9470 1 1203448 0.7183099 40.84277502261102
9471 1 1543155 0.734375 40.50720203667879
9472 1 1609397 0.8035714 46.51501204352826
9473 1 1260029 0.7761194 43.31185296177864
9474 1 982311 0.7121212 43.32764493301511
9475 1 758664 0.73846155 47.71360696759075
9476 1 1798120 0.80701756 45.77222804073244
9477 1 298486 0.7 48.720392980612814
9478 1 2088797 0.7758621 48.43863099813461
9479 1 964742 0.71428573 45.82548700273037
9480 1 1743329 0.7076923 43.94833499100059
9481 1 1332980 0.7777778 44.668518006801605
9482 1 1447149 0.7586207 50.06485199555755
9483 1 1662762 0.7076923 43.41518599539995
9484 1 1402971 0.78688526 46.047076932154596
9485 1 833298 0.75 42.041135020554066
9486 1 1004765 0.75 43.67236199323088
9487 1 547953 0.7962963 45.35420297179371
9488 1 1555008 0.704918 44.48582499753684
9489 1 1198229 0.73913044 42.23889496643096
9490 1 1532110 0.7627119 47.51781409140676
9491 1 2093973 0.7118644 45.46027700416744
9492 1 1097750 0.7288136 45.855542994104326
9493 1 1232024 0.7118644 44.609406031668186
9494 1 1218194 0.75438595 46.22179002035409
9495 1 1129478 0.7457627 45.38547294214368
9496 1 1454484 0.76363635 48.18361799698323
9497 1 1606081 0.72727275 44.75402901880443
9498 1 1743131 0.7719298 45.37137504667044
9499 1 651033 0.7846154 40.97726894542575
9500 1 1096592 0.779661 43.826284003444016
9501 1 1471955 0.72131145 45.76756001915783
9502 1 1023672 0.78688526 46.908542048186064
9503 1 2362922 0.7037037 46.109489048831165
9504 1 1131465 0.75 42.39078192040324
9505 1 1004360 0.70689654 49.48589392006397
9506 1 1007171 0.7285714 42.311450000852346
9507 1 1507546 0.71666664 45.37969303783029
9508 1 1842975 0.7413793 48.4607940306887
9509 1 1569345 0.7241379 43.1868489831686
9510 1 1527797 0.72307694 47.120200004428625
9511 1 1484562 0.7761194 40.18051002640277
9512 1 838671 0.71929824 46.40586907044053
9513 1 1125667 0.7627119 45.31012906227261
9514 1 1167725 0.7619048 42.825625045225024
9515 1 1532677 0.7169811 45.95504608005285
9516 1 1664270 0.7692308 43.45573403406888
9517 1 1277534 0.71666664 45.8822239888832
9518 0 0 0 45.012958929874
9519 1 1347894 0.734375 43.04118698928505
9520 1 590244 0.7205882 40.79815896693617
9521 1 1588635 0.7076923 40.3700569877401
9522 1 1491179 0.71428573 40.321158012375236
9523 1 1055044 0.7692308 42.74706507567316
9524 1 1595403 0.78333336 44.868654920719564
9525 1 1457660 0.75 43.15715003758669
9526 1 842951 0.74626863 43.20159403141588
9527 1 1489635 0.72131145 43.059949995949864
9528 1 851490 0.73846155 45.04766198806465
9529 1 1454830 0.7735849 46.11915908753872
9530 1 1016303 0.7118644 43.905718019232154
9531 1 1529539 0.796875 42.35304496251047
9532 1 1138773 0.7123288 43.13692101277411
9533 1 1299800 0.77272725 40.317420032806695
9534 1 1560407 0.7164179 40.789876016788185
9535 1 213954 0.7580645 42.94902796391398
9536 1 977888 0.7962963 45.12408096343279
9537 1 1107851 0.734375 43.11746498569846
9538 1 1488481 0.73913044 40.334819932468235
9539 1 1437205 0.76785713 45.88061792310327
9540 1 837439 0.73846155 42.3452629474923
9541 1 1627230 0.75438595 45.3429400222376
9542 1 1124725 0.7619048 44.33744994457811
9543 1 1066505 0.7076923 40.79463006928563
9544 1 1988145 0.73333335 46.83018894866109
9545 1 1461063 0.7222222 48.86634193826467
9546 1 1471882 0.7368421 47.19277401454747
9547 1 1487825 0.73846155 43.3231060160324
9548 1 1416125 0.73015875 43.96483302116394
9549 1 857226 0.71428573 40.718064992688596
9550 1 1634712 0.70689654 42.50088206026703
9551 1 1043392 0.74603176 43.63820003345609
9552 1 1180880 0.73015875 44.5718199480325
9553 1 1633702 0.75409836 43.53805002756417
9554 1 1114154 0.75 41.56158701516688
9555 1 1501237 0.78688526 42.795695015229285
9556 1 1475099 0.7746479 39.70780409872532
9557 1 669821 0.7236842 39.51918799430132
9558 1 1622073 0.7419355 39.97538110706955
9559 1 1204492 0.75714284 40.299369022250175
9560 1 665218 0.7692308 39.01769395451993
9561 1 1526466 0.7910448 36.515587009489536
9562 1 1185607 0.7777778 31.430310918949544
9563 1 1614113 0.7922078 28.429863043129444
9564 1 165884 0.7671233 31.625678995624185
9565 1 1416672 0.7671233 35.87721998337656
9566 1 1144667 0.8142857 35.06262006703764
9567 1 1125114 0.74666667 34.61312397848815
9568 1 1154171 0.71014494 42.841646005399525
9569 1 417913 0.739726 30.350485001690686
9570 1 1146273 0.77272725 39.81319605372846
9571 1 1079976 0.7246377 40.19179195165634
9572 1 426527 0.75 37.33906999696046
9573 1 1475857 0.7692308 42.12515603285283
9574 1 1622077 0.71428573 35.56185495108366
9575 1 1228967 0.7638889 37.61937003582716
9576 1 1114681 0.7361111 41.76636703778058
9577 1 1420064 0.7567568 32.993742963299155
9578 1 1983687 0.70422536 41.369126993231475
9579 1 1557475 0.7 39.406982017681
9580 1 1028411 0.72602737 43.09128504246473
9581 1 1451777 0.7826087 41.66228708345443
9582 1 1012183 0.75342464 32.130712061189115
9583 1 1969970 0.7222222 36.23575496021658
9584 1 1189398 0.78571427 39.45415292400867
9585 1 627072 0.76811594 37.913587992079556
9586 1 1470744 0.7721519 29.185015009716153
9587 1 1294152 0.76811594 40.145521983504295
9588 1 1444448 0.8405797 35.96009698230773
9589 1 1313104 0.7746479 33.89223606791347
9590 1 1104209 0.7826087 35.970760975033045
9591 1 1172178 0.70422536 42.38267394248396
9592 1 1984582 0.75714284 33.064472023397684
9593 1 1482067 0.7605634 31.147841014899313
9594 1 1417083 0.7903226 42.1564009739086
9595 1 1056298 0.71428573 39.14881800301373
9596 1 868851 0.77922076 33.35103206336498
9597 1 1389195 0.75 36.24451800715178
9598 1 1294013 0.73239434 33.0575400730595
9599 1 1560462 0.75342464 41.94247396662831
9600 1 1560050 0.7368421 33.29563804436475
9601 1 1167686 0.7605634 36.90060798544437
9602 1 1446395 0.71875 43.06440497748554
9603 0 0 0 33.970439922995865
9604 1 1059862 0.78125 40.531649021431804
9605 1 1562525 0.7246377 39.91716296877712
9606 1 1295540 0.7058824 37.721275934018195
9607 1 1634623 0.71014494 45.56420596782118
9608 1 801252 0.73913044 40.938288904726505
9609 1 1340301 0.7647059 37.3620989266783
9610 1 714554 0.71428573 39.37210899312049
9611 1 1056724 0.7746479 36.39120690058917
9612 1 1082671 0.7297297 32.94340102002025
9613 1 1066410 0.7058824 35.77604901511222
9614 1 1608568 0.75 36.57160000875592
9615 1 1078421 0.8 42.96845500357449
9616 1 1949149 0.7236842 35.53837398067117
9617 1 1275840 0.74285716 39.95822893921286
9618 1 1246659 0.75 41.252788971178234
9619 1 984708 0.7183099 41.518682963214815
9620 1 1081448 0.7605634 32.58739796001464
9621 1 1637090 0.7076923 41.54586000367999
9622 1 1402788 0.72 37.628140999004245
9623 1 1474424 0.75757575 42.613056022673845
9624 1 1487838 0.71875 43.65221399348229
9625 1 1480231 0.72727275 34.67229998204857
9626 1 794200 0.71014494 36.35098796803504
9627 1 906483 0.72727275 41.439990978688
9628 1 866388 0.7123288 32.21127204596996
9629 1 1029966 0.7 30.003675958141685
9630 1 641282 0.73770493 40.72033101692796
9631 1 1503265 0.7794118 40.99013702943921
9632 1 1064571 0.74647886 39.852926041930914
9633 1 842259 0.73333335 29.6189000364393
9634 1 1664538 0.7205882 39.78027694392949
9635 1 1158764 0.75409836 42.70416300278157
9636 1 826123 0.7866667 32.701373915188015
9637 1 1986912 0.71428573 41.69989097863436
9638 1 1094939 0.7794118 34.69195507932454
9639 1 1001140 0.75342464 39.36202102340758
9640 1 1520602 0.71428573 41.002259007655084
9641 1 1445058 0.73913044 39.39665399957448
9642 1 1318368 0.7567568 35.901520983316004
9643 1 995877 0.75342464 37.45450894348323
9644 1 1965756 0.7536232 41.006061946973205
9645 1 1099521 0.7671233 31.45860997028649
9646 1 1365518 0.7605634 35.89855902828276
9647 1 1344402 0.74626863 38.54992298875004
9648 1 1769400 0.765625 43.379992013797164
9649 1 985832 0.71428573 42.35468606930226
9650 1 1901537 0.7352941 43.01604593638331
9651 1 588684 0.7808219 34.66011001728475
9652 1 1595462 0.73333335 35.15574603807181
9653 1 392091 0.7638889 34.47987395338714
9654 1 627750 0.7826087 32.98364800866693
9655 1 1060214 0.7105263 36.584737012162805
9656 1 704348 0.7837838 38.93846308346838
9657 1 1253711 0.7205882 40.88653007056564
9658 1 1580922 0.7183099 44.32033305056393
9659 1 558023 0.74390244 36.877583945170045
9660 1 1462205 0.7536232 38.68756094016135
9661 1 1020980 0.70422536 39.77010806556791
9662 1 1255414 0.77272725 44.2599089583382
9663 1 1445877 0.72727275 39.112812955863774
9664 1 588684 0.7012987 34.32484599761665
9665 1 1291915 0.75 38.54331106413156
9666 1 1233022 0.7647059 43.03854296449572
9667 1 2234177 0.80597013 37.51048899721354
9668 1 700833 0.7222222 37.01436298433691
9669 1 1175789 0.76119405 43.13646606169641
9670 1 1129833 0.75641024 33.2747200736776
9671 1 668197 0.7887324 35.669966018758714
9672 1 1463843 0.7647059 41.529066977091134
9673 1 1629133 0.7121212 41.21253301855177
9674 1 1156984 0.71875 42.26268001366407
9675 1 645152 0.73134327 41.798579040914774
9676 1 1201423 0.73913044 39.07559404615313
9677 1 1440203 0.7297297 34.53575598541647
9678 1 1007709 0.72602737 36.44598205573857
9679 1 4693 0.7794118 37.28303394746035
9680 1 1124187 0.71428573 36.921469029039145
9681 1 675844 0.8082192 38.63030404318124
9682 1 1432608 0.7638889 40.25982599705458
9683 1 700833 0.7222222 37.73824404925108
9684 1 1655195 0.7285714 35.71808210108429
9685 1 1193761 0.7297297 31.960748019628227
9686 1 824595 0.7714286 36.440736963413656
9687 1 1633643 0.75 38.15792000386864
9688 1 1507405 0.73134327 38.247975055128336
9689 1 1889622 0.7205882 36.33014892693609
9690 1 1528101 0.76119405 38.35134406108409
9691 1 1063629 0.8032787 42.21577104181051
9692 1 1521151 0.7361111 36.57697909511626
9693 1 1069744 0.78571427 36.825775052420795
9694 1 925635 0.74285716 38.681779988110065
9695 1 1246447 0.7605634 37.69388305954635
9696 1 1086208 0.7746479 35.01039103139192
9697 1 455623 0.7733333 34.269133931957185
9698 1 714554 0.7222222 33.05417997762561
9699 1 828934 0.70422536 36.619001999497414
9700 1 1308392 0.70422536 38.83581992704421
9701 1 1201032 0.7051282 33.40067598037422
9702 1 1952122 0.79452056 31.57966199796647
9703 1 1163726 0.7285714 40.98333895672113
9704 1 1389438 0.70422536 39.60680193267763
9705 1 540597 0.7536232 36.57586802728474
9706 1 1460508 0.703125 42.90043003857136
9707 1 907949 0.7887324 37.8787670051679
9708 1 1201916 0.71428573 40.08711699862033
9709 1 1196242 0.7123288 39.055663975887
9710 1 1334329 0.7222222 34.841328975744545
9711 1 1094295 0.7702703 33.772703958675265
9712 1 1509689 0.7027027 35.31871107406914
9713 1 1650710 0.734375 41.23890399932861
9714 1 1900760 0.7692308 43.08178694918752
9715 1 723610 0.78571427 37.08357899449766
9716 1 1625967 0.7692308 38.24345604516566
9717 1 1210115 0.8 29.541310970671475
9718 1 846014 0.74242425 36.568294977769256
9719 1 1001349 0.7826087 35.30550608411431
9720 1 1507018 0.8 38.107248954474926
9721 1 1052944 0.71428573 41.979394969530404
9722 1 1968745 0.7307692 30.77038307674229
9723 1 1030101 0.8142857 32.933474984019995
9724 1 947846 0.73134327 40.423105005174875
9725 1 530250 0.7910448 42.23225393798202
9726 1 1973761 0.75757575 39.66943605337292
9727 1 1662973 0.76811594 40.219016023911536
9728 1 1092268 0.79710144 37.118821986950934
9729 1 704348 0.70886075 33.99320296011865
9730 1 1194229 0.7941176 41.995372041128576
9731 1 1749697 0.74626863 42.58640902116895
9732 1 836773 0.7058824 42.97051392495632
9733 1 989566 0.7671233 34.03461899142712
9734 1 1211910 0.71428573 39.29373295977712
9735 1 1361698 0.74666667 32.725332072004676
9736 1 851580 0.75384617 41.08271806035191
9737 1 844169 0.7605634 39.55132304690778
9738 1 1010172 0.75 37.29253797791898
9739 1 417913 0.74647886 37.116614053957164
9740 1 1373015 0.7027027 36.697944975458086
9741 1 1114681 0.7162162 38.52517402265221
9742 1 617136 0.7162162 40.27150105684996
9743 1 1087434 0.74647886 38.09649799950421
9744 1 1172691 0.75714284 34.63897795882076
9745 1 1844200 0.73134327 35.983077017590404
9746 1 1630474 0.70149255 37.95034997165203
9747 1 975381 0.73846155 41.426802054047585
9748 1 1621457 0.74647886 40.6402189983055
9749 1 1422041 0.74647886 36.56179003883153
9750 1 1295722 0.71794873 32.00352704152465
9751 1 1053719 0.71428573 29.84072605613619
9752 1 804570 0.7027027 38.93445001449436
9753 1 1082876 0.7 33.481723978184164
9754 1 1509117 0.7246377 32.78152400162071
9755 1 667872 0.70238096 30.140280025079846
9756 1 989566 0.7671233 33.59875502064824
9757 1 1178726 0.7692308 40.43387703131884
9758 1 1261069 0.7027027 38.4013990405947
9759 1 1544061 0.72727275 44.69551600050181
9760 1 1073249 0.72727275 37.71575994323939
9761 1 1630474 0.72307694 43.59691496938467
9762 1 1175438 0.7848101 33.08187099173665
9763 1 1474701 0.7714286 33.66648906376213
9764 1 1407523 0.7692308 41.23051499482244
9765 1 994236 0.7222222 40.503638912923634
9766 1 1503265 0.7794118 42.420415906235576
9767 1 1188439 0.76119405 42.17993502970785
9768 1 1404569 0.75 33.22775999549776
9769 1 1527369 0.75 39.262825972400606
9770 1 1390008 0.74603176 41.19136603549123
9771 1 1574598 0.7183099 43.65374695044011
9772 1 1561114 0.765625 44.13045500405133
9773 1 1450163 0.765625 42.231476050801575
9774 1 1026310 0.7432432 34.163044998422265
9775 1 1485664 0.70149255 43.962236028164625
9776 1 1170561 0.7567568 33.802243997342885
9777 1 1261069 0.7605634 37.933996063657105
9778 1 1970471 0.73417723 31.783642014488578
9779 1 1110765 0.7894737 29.757393058389425
9780 1 1128906 0.7746479 39.28936703596264
9781 1 1423625 0.73239434 44.76326401345432
9782 1 1258622 0.7878788 42.641087085939944
9783 1 1013159 0.75 33.59673800878227
9784 1 894710 0.7297297 36.988999927416444
9785 1 1086144 0.73239434 42.80976997688413
9786 1 1984582 0.74647886 35.10706394445151
9787 1 1901537 0.75 40.719821001403034
9788 1 1274719 0.7352941 38.52852201089263
9789 1 1202945 0.75 33.13271701335907
9790 1 1011208 0.75949365 35.60802701395005
9791 1 1257506 0.71428573 40.00372800510377
9792 1 1557050 0.7761194 41.563104023225605
9793 0 0 0 37.789663998410106
9794 1 1478052 0.7205882 42.54987393505871
9795 1 1453408 0.7083333 36.32962901610881
9796 1 1417985 0.7746479 37.68037003464997
9797 1 1662748 0.78571427 41.23586602509022
9798 1 1635762 0.7761194 40.950648952275515
9799 1 1732385 0.7 31.418061000294983
9800 1 1180799 0.7297297 41.83056904003024
9801 1 1557572 0.8028169 39.730834076181054
9802 1 455623 0.7746479 39.236449054442346
9803 1 1974018 0.74666667 33.38993899524212
9804 1 1662973 0.8 35.70862393826246
9805 1 1413307 0.7162162 37.734320969320834
9806 1 1091533 0.739726 32.841641921550035
9807 1 1407683 0.76811594 41.235942975617945
9808 1 1339210 0.7910448 38.808301906101406
9809 1 1104532 0.75 35.636428045108914
9810 1 1026088 0.7162162 41.04878299403936
9811 1 868851 0.74358976 33.155582030303776
9812 1 1129811 0.8 29.086880036629736
9813 1 891710 0.79452056 32.79877791646868
9814 1 1051384 0.7761194 40.57614295743406
9815 1 1082887 0.72602737 37.39350801333785
9816 1 1415072 0.7631579 29.460260993801057
9817 1 719469 0.7826087 40.28704296797514
9818 1 1394481 0.70666665 34.13622104562819
9819 1 817097 0.7777778 33.86187402065843
9820 1 1513898 0.7285714 41.132017970085144
9821 1 1298074 0.74647886 40.25084199383855
9822 1 1288406 0.7826087 40.35937099251896
9823 1 1065717 0.7222222 41.97984503116459
9824 1 1028503 0.7746479 37.22049598582089
9825 1 1154449 0.72727275 33.02644402720034
9826 1 1172029 0.7183099 37.97193197533488
9827 1 1516010 0.75384617 41.859490098431706
9828 1 1113004 0.7826087 39.711810066364706
9829 1 1972528 0.75714284 38.86985604185611
9830 1 1221411 0.71428573 39.511444978415966
9831 1 1045696 0.7361111 32.80399495270103
9832 1 1436491 0.7631579 31.880282913334668
9833 1 1263418 0.7702703 32.693645101971924
9834 1 984126 0.7866667 29.099252889864147
9835 1 1528226 0.7532467 36.249571945518255
9836 1 1279213 0.7183099 42.87358408328146
9837 1 889936 0.7846154 42.796787922270596
9838 1 1968745 0.7702703 35.01235693693161
9839 1 1696810 0.72602737 35.229080938734114
9840 1 1676604 0.796875 41.62502696271986
9841 1 1480327 0.7183099 36.43447707872838
9842 1 1609395 0.74285716 41.03054793085903
9843 1 1230660 0.7027027 34.444523975253105
9844 1 1029360 0.7352941 40.76540400274098
9845 1 1138121 0.7121212 40.67749297246337
9846 1 1436491 0.7368421 36.57036600634456
9847 1 1662973 0.7605634 36.233421065844595
9848 1 1790955 0.75641024 33.099059015512466
9849 1 1943211 0.7887324 32.772509031929076
9850 1 995716 0.7647059 41.06259101536125
9851 1 719540 0.7794118 42.01113595627248
9852 1 1570235 0.74285716 41.6795319179073
9853 1 1063045 0.7794118 38.58323208987713
9854 1 995375 0.739726 34.0457409620285
9855 1 1027842 0.7236842 33.476236974820495
9856 1 1875149 0.70422536 36.64559102617204
9857 1 1267358 0.7027027 37.73274703416973
9858 1 1019928 0.7058824 40.95537692774087
9859 1 1984812 0.74358976 33.86187902651727
9860 1 1780767 0.76811594 44.84364599920809
9861 1 1523612 0.72602737 36.44954797346145
9862 1 1557475 0.73134327 47.44868294801563
9863 1 1404920 0.71428573 42.92525595519692
9864 1 668082 0.79452056 45.48998503014445
9865 1 1039509 0.7432432 39.72569794859737
9866 1 222687 0.72727275 42.426224099472165
9867 1 1626589 0.7910448 40.70015100296587
9868 1 1943211 0.7746479 37.10969106759876
9869 1 1092579 0.78571427 56.51827703695744
9870 1 1620662 0.7222222 43.29175490420312
9871 1 1007184 0.7605634 40.958208963274956
9872 1 1413718 0.8235294 46.3140660431236
9873 1 1790536 0.7878788 42.166585102677345
9874 1 1279851 0.73134327 56.67987291235477
9875 1 809061 0.7083333 56.16729205939919
9876 1 1164855 0.7468355 37.686979048885405
9877 1 1204609 0.73913044 53.36540495045483
9878 1 1037144 0.75714284 51.7528640339151
9879 0 0 0 38.22649398352951
9880 1 1473480 0.7826087 39.74467294756323
9881 1 854939 0.7714286 39.09551503602415
9882 1 1412431 0.7910448 46.26324388664216
9883 1 1037477 0.7468355 32.07646810915321
9884 1 1068043 0.73913044 37.5963730039075
9885 1 1013791 0.76623374 31.0587240383029
9886 1 1790489 0.7647059 32.603963976725936
9887 1 796098 0.71428573 40.66822398453951
9888 1 2141327 0.76119405 40.181307005696
9889 1 1157474 0.80597013 39.165131049230695
9890 1 700708 0.7536232 43.55755599681288
9891 1 1147564 0.7058824 42.7312480751425
9892 1 231453 0.72602737 39.42836297210306
9893 1 1968741 0.75 38.51576300803572
9894 1 1462250 0.7 41.13462602254003
9895 1 1649817 0.8030303 41.78008600138128
9896 1 1629132 0.71875 40.39069509599358
9897 1 1310061 0.7714286 40.6352779828012
9898 1 1842746 0.8 29.045340954326093
9899 1 1639865 0.77272725 38.00112591125071
9900 1 1732385 0.77922076 30.636984040029347
9901 1 1653173 0.79710144 38.85761497076601
9902 1 1972528 0.70666665 33.07006706018001
9903 1 1528619 0.7647059 44.00323797017336
9904 1 1420488 0.7567568 32.56360604427755
9905 1 1572011 0.7222222 34.984380938112736
9906 1 1124725 0.7846154 40.66803795285523
9907 1 888177 0.74285716 37.34253591392189
9908 1 1157392 0.7887324 41.36872000526637
9909 1 1608917 0.72727275 36.43743402790278
9910 1 1159769 0.7 45.47679901588708
9911 1 1325474 0.7352941 39.040286908857524
9912 1 1971820 0.7702703 33.81807298865169
9913 1 1501084 0.7761194 41.29335796460509
9914 1 1484762 0.72727275 42.75459598284215
9915 1 1776164 0.80597013 32.438818947412074
9916 1 1176794 0.7183099 38.85386302135885
9917 1 1184338 0.75342464 34.70709396060556
9918 1 1624958 0.75714284 36.13696596585214
9919 1 1984582 0.7536232 36.77919798064977
9920 1 1901537 0.7246377 41.763579938560724
9921 1 1278956 0.7183099 35.7620749855414
9922 1 824507 0.7297297 34.41757208202034
9923 1 1134004 0.7076923 42.723816935904324
9924 1 712980 0.76811594 40.925385896116495
9925 1 820293 0.7746479 34.083977923728526
9926 1 693371 0.74285716 39.764376007951796
9927 1 1398441 0.7536232 36.74402600154281
9928 1 1153759 0.76 32.30174002237618
9929 1 1459297 0.7058824 39.408480981364846
9930 1 1435635 0.70149255 39.063067990355194
9931 1 529500 0.74626863 36.03821899741888
9932 1 1984812 0.73417723 33.011503983289
9933 1 1971669 0.70422536 33.17846299614757
9934 1 1514005 0.74666667 35.55403195787221
9935 1 1579415 0.739726 40.17097793985158
9936 1 1620134 0.76119405 45.19877699203789
9937 1 1427083 0.7361111 36.588302929885685
9938 1 1573929 0.73913044 40.42062093503773
9939 1 1319533 0.7164179 41.12369101494551
9940 1 551953 0.73333335 36.76106198690832
9941 1 1259993 0.79710144 37.98887901939452
9942 1 1640028 0.7123288 40.94853100832552
9943 1 627904 0.71428573 38.26630092225969
9944 1 1224238 0.7285714 40.89930804912001
9945 1 1631317 0.75384617 40.729637956246734
9946 1 1158625 0.7361111 36.37456800788641
9947 1 1424840 0.734375 41.035069967620075
9948 1 825797 0.7164179 37.35417895950377
9949 1 1347656 0.7846154 39.04486703686416
9950 1 1299953 0.74285716 39.807606022804976
9951 1 2081098 0.796875 41.154998005367815
9952 1 655764 0.71428573 41.538552031852305
9953 1 801664 0.73913044 39.513188996352255
9954 1 1465526 0.71794873 32.242230023257434
9955 1 1468287 0.75384617 41.09315003734082
9956 1 1436838 0.7826087 38.90992805827409
9957 1 1331289 0.73913044 37.964157992973924
9958 1 838343 0.7536232 41.9441529083997
9959 1 1296472 0.74025977 36.413227091543376
9960 1 996318 0.76119405 39.86702603287995
9961 1 1101828 0.74647886 43.510171002708375
9962 1 1098479 0.7162162 37.63927798718214
9963 1 1487838 0.71875 46.67143407277763
9964 1 1516638 0.72602737 39.156888029538095
9965 1 1407386 0.74242425 39.92424195166677
9966 1 1843676 0.72602737 32.70075295586139
9967 1 1193761 0.7222222 36.58370394259691
9968 1 769024 0.7352941 38.7157240184024
9969 1 1628853 0.7361111 33.895377069711685
9970 1 990373 0.78571427 39.576109033077955
9971 1 1745480 0.76811594 38.383712992072105
9972 1 1553710 0.7777778 34.279488027095795
9973 1 833092 0.739726 37.88186702877283
9974 1 2193327 0.739726 35.9580060467124
9975 1 1985662 0.75714284 40.31028493773192
9976 1 1013135 0.7246377 47.06140304915607
9977 1 1301117 0.7205882 44.26978505216539
9978 1 1669678 0.75308645 38.02869003266096
9979 1 1400701 0.7183099 36.37512703426182
9980 1 1115189 0.74285716 44.14216801524162
9981 1 985832 0.7083333 35.76112701557577
9982 1 1474701 0.7910448 41.64761502761394
9983 1 1138859 0.7887324 35.36995709873736
9984 1 817017 0.765625 41.467386996373534
9985 1 1459775 0.7761194 39.58526300266385
9986 1 1598369 0.703125 44.48354395572096
9987 1 2439516 0.77272725 44.02757401112467
9988 1 719540 0.72602737 36.82188410311937
9989 1 1606840 0.7246377 39.05697294976562
9990 1 1316105 0.7236842 37.22220996860415
9991 1 1975276 0.7910448 39.80289993342012
9992 1 1808183 0.71428573 37.20667795278132
9993 1 529035 0.73239434 42.8917600074783
9994 1 219285 0.72727275 42.21284808591008
9995 1 1113675 0.7012987 33.96710497327149
9996 1 2075400 0.75714284 36.78846498951316
9997 1 815547 0.75757575 37.76000009384006
9998 1 1042853 0.7222222 37.87742299027741
9999 1 719540 0.74647886 37.3984290054068
10000 1 1972760 0.73333335 33.42569898813963
10001 1 1410421 0.7285714 39.20035099145025
10002 1 1281227 0.73913044 40.75386002659798
10003 1 1573380 0.7916667 35.17444897443056
10004 1 1617864 0.72602737 37.012989982031286
10005 1 824848 0.7083333 35.97918199375272
10006 1 1640736 0.7536232 36.519942921586335
10007 1 1793434 0.7162162 33.86462095659226
10008 1 1844997 0.7794118 46.99072695802897
10009 1 588684 0.7162162 38.20692398585379
10010 1 1021507 0.75757575 40.79666989855468
10011 1 1640882 0.7671233 32.65635995194316
10012 1 2083866 0.73134327 44.429515954107046
10013 1 1465345 0.75308645 32.2189109865576
10014 1 995830 0.7432432 34.53051100950688
10015 1 1630557 0.73239434 40.82195402588695
10016 1 1202156 0.73846155 41.58856102731079
10017 1 1416987 0.75384617 40.55543104186654
10018 1 714554 0.73913044 38.72246399987489
10019 1 1035424 0.73239434 39.98268104624003
10020 1 1055850 0.7076923 41.33668902795762
10021 1 1611681 0.7887324 42.540860013104975
10022 1 2079365 0.75 39.714541053399444
10023 1 1037557 0.8055556 33.62147801090032
10024 1 1442390 0.76119405 37.745472975075245
10025 1 2428199 0.7878788 42.52829297911376
10026 1 1204492 0.7714286 40.19266495015472
10027 1 1196806 0.7352941 43.393666041083634
10028 1 1125894 0.7307692 32.21509302966297
10029 1 1459043 0.73239434 37.69988601561636
10030 1 816989 0.73015875 41.272467002272606
10031 1 1650306 0.7164179 39.67651096172631
10032 1 1336746 0.7866667 33.69669197127223
10033 1 234623 0.72 33.01456000190228
10034 1 1525139 0.72602737 36.94578795693815
10035 1 1378151 0.7631579 33.693062025122344
10036 1 1261069 0.7027027 36.92117694299668
10037 1 1547190 0.77272725 40.79454892780632
10038 1 1452947 0.74626863 41.689104051329195
10039 1 1350998 0.7647059 40.82350502721965
10040 1 1056565 0.7083333 36.51527501642704
10041 1 727972 0.7183099 38.19951799232513
10042 1 1840760 0.79710144 35.201739985495806
10043 1 1069744 0.7361111 37.561094970442355
10044 1 1272364 1.0 37.152458098717034
10045 1 1477963 0.73239434 38.104917970485985
10046 1 1497113 0.73417723 31.64591605309397
10047 1 862079 0.73333335 36.92671994213015
10048 1 1560462 0.75 35.96227499656379
10049 1 1632865 0.7808219 32.22994599491358
10050 1 1177653 0.7285714 40.75279994867742
10051 1 1453131 0.72839504 31.800488010048866
10052 1 1669374 0.7647059 36.33949300274253
10053 1 779721 0.7162162 34.58418103400618
10054 1 1415893 0.72307694 40.696915006265044
10055 1 1063056 0.75 39.58502400200814
10056 1 370562 0.73170733 28.589940979145467
10057 1 1454646 0.73170733 21.44166501238942
10058 1 129091 0.73333335 27.86056709010154
10059 1 407191 0.7638889 29.023159062489867
10060 1 1396279 0.75 27.719147969037294
10061 1 1594056 0.7692308 28.620199067518115
10062 1 1875148 0.72727275 25.856039952486753
10063 1 407191 0.7236842 22.415493964217603
10064 1 1104780 0.75 27.442211052402854
10065 1 1580922 0.72 37.02765004709363
10066 1 1426924 0.7972973 32.15663798619062
10067 1 1310061 0.72727275 30.452340026386082
10068 1 1460364 0.7209302 24.892857996746898
10069 1 1458774 0.725 28.624892001971602
10070 1 704348 0.725 30.303401988931
10071 1 1528226 0.7195122 29.220171039924026
10072 1 1202958 0.73170733 23.246049997396767
10073 1 1266812 0.7710843 21.91155799664557
10074 1 1351641 0.77922076 30.530865071341395
10075 1 1150426 0.78409094 20.316993002779782
10076 1 1278962 0.7160494 27.02611801214516
10077 1 1293387 0.7532467 31.191362999379635
10078 1 1411338 0.7804878 24.641135009005666
10079 1 1572367 0.74418604 24.037741008214653
10080 1 1065623 0.7721519 24.49936093762517
10081 1 709320 0.71910113 22.27055502589792
10082 1 1022665 0.7432432 25.07710107602179
10083 0 0 0 26.44332405179739
10084 1 1555077 0.7407407 25.53850202821195
10085 1 1039990 0.725 31.01469692774117
10086 1 1190504 0.71428573 20.948671037331223
10087 1 1493604 0.8 28.014404932036996
10088 1 888621 0.74390244 27.417161967605352
10089 1 407191 0.7432432 24.299276061356068
10090 1 1096966 0.74698794 26.16875001695007
10091 1 337850 0.74418604 27.638148982077837
10092 1 1148997 0.7532467 28.360810014419258
10093 1 719540 0.7012987 29.348967014811933
10094 1 1519426 0.77922076 33.99683395400643
10095 1 829282 0.7222222 19.291608943603933
10096 1 1021128 0.83116883 25.711772963404655
10097 0 0 0 27.91820198763162
10098 1 307160 0.7625 27.2709249984473
10099 1 1014394 0.775 29.609024990350008
10100 1 1273869 0.71590906 19.967442960478365
10101 1 840177 0.74666667 29.536401969380677
10102 1 1467735 0.72839504 31.344049028120935
10103 1 407191 0.7236842 23.023801972158253
10104 1 392091 0.7236842 31.41588903963566
10105 1 1237997 0.7894737 29.978204984217882
10106 1 1949294 0.7906977 19.95001290924847
10107 1 1184257 0.7209302 20.95874899532646
10108 1 1676321 0.721519 22.40685699507594
10109 1 2370704 0.7532467 27.29360293596983
10110 1 1255817 0.7848101 27.50384504906833
10111 1 981129 0.7380952 24.854636983945966
10112 1 407191 0.75342464 24.527485948055983
10113 1 831040 0.79746836 30.30370397027582
10114 1 843514 0.75609756 27.95561496168375
10115 1 999321 0.73493975 26.266869972459972
10116 1 1267771 0.75308645 18.333393963985145
10117 1 1406709 0.7764706 23.91960099339485
10118 1 1542092 0.7922078 29.131578048691154
10119 1 1984582 0.7236842 28.670490020886064
10120 1 1968349 0.7763158 34.18515692465007
10121 1 858120 0.775 28.932492015883327
10122 1 825513 0.78313255 26.392510975711048
10123 1 1573267 0.76829267 27.395414072088897
10124 1 1573267 0.7875 31.96677309460938
10125 1 1155804 0.7702703 27.452039998024702
10126 1 1875148 0.7432432 31.680600019171834
10127 1 1573267 0.7380952 25.730238994583488
10128 1 1281482 0.71428573 32.187005039304495
10129 1 1403759 0.7051282 24.478280916810036
10130 1 407191 0.7432432 25.52275196649134
10131 1 978453 0.7 33.87800499331206
10132 1 1607627 0.7567568 31.195860006846488
10133 1 407191 0.78571427 31.60056401975453
10134 1 1001386 0.7176471 20.932625979185104
10135 1 1467735 0.7948718 28.222637018188834
10136 1 1951651 0.7866667 31.248179962858558
10137 1 1543037 0.74358976 22.357175941579044
10138 1 1133505 0.73493975 22.19377306755632
10139 0 0 0 29.188713990151882
10140 1 1573267 0.7590361 25.104627944529057
10141 1 1148997 0.7532467 28.277050936594605
10142 1 413369 0.7764706 22.726255003362894
10143 1 1274999 0.7037037 25.393225019797683
10144 1 1078690 0.7692308 33.5741009330377
10145 1 1972317 0.7567568 28.877698932774365
10146 1 1169972 0.75949365 24.545234977267683
10147 1 1184677 0.7176471 21.872758981771767
10148 1 1610577 0.7733333 28.727108030579984
10149 1 1074039 0.72727275 31.49475797545165
10150 1 1172322 0.7160494 30.255781020969152
10151 1 1018504 0.725 30.310509027913213
10152 1 2263629 0.7613636 21.219528978690505
10153 1 1179277 0.71428573 24.39253404736519
10154 1 843514 0.79268295 24.9561209930107
10155 1 1087335 0.73170733 24.133188999257982
10156 0 0 0 30.162473092786968
10157 1 1654051 0.7894737 29.730416019447148
10158 1 1066368 0.74390244 24.107659002766013
10159 1 1397925 0.73493975 25.86953097488731
10160 1 1316443 0.8 29.94161401875317
10161 1 1063634 0.7631579 28.65958004258573
10162 1 2221553 0.7051282 23.775611887685955
10163 1 129091 0.7 20.778389065526426
10164 1 1217671 0.70731705 29.628023970872164
10165 1 1129044 0.74025977 30.23849707096815
10166 1 1092319 0.775 24.538441095501184
10167 1 250150 0.7875 24.579459917731583
10168 1 1202151 0.72727275 28.528260998427868
10169 0 0 0 29.908771044574678
10170 1 1162215 0.8028169 28.875924996100366
10171 1 712778 0.71794873 29.337645042687654
10172 1 1580922 0.73333335 29.985853005200624
10173 1 1087873 0.77011496 19.586306996643543
10174 1 1337908 0.7875 25.85568104404956
10175 1 872354 0.71428573 24.446545052342117
10176 0 0 0 27.9001509770751
10177 1 1176724 0.72289157 26.06658299919218
10178 1 1899836 0.7307692 25.37871792446822
10179 1 1943211 0.7567568 36.41588194295764
10180 1 1530884 0.7532467 25.79772297758609
10181 1 1566712 0.7411765 19.678098033182323
10182 1 1184257 0.75609756 25.709362933412194
10183 1 827043 0.75609756 29.489310923963785
10184 0 0 0 29.730067937634885
10185 1 1292907 0.79518074 27.407329995185137
10186 1 367266 0.79746836 27.023341041058302
10187 1 808336 0.7631579 26.646158075891435
10188 1 1673391 0.73333335 32.12144004646689
10189 1 1134570 0.77922076 31.311296042986214
10190 1 332147 0.8051948 26.094265980646014
10191 1 1566713 0.7407407 24.9470790149644
10192 1 1037557 0.74358976 25.134944007731974
10193 1 1174545 0.7058824 20.27887909207493
10194 1 1891188 0.76623374 25.85008298046887
10195 1 1272483 0.7380952 21.716212038882077
10196 1 1013339 0.75 19.12677800282836
10197 1 1423148 0.7375 26.16641891654581
10198 1 1467735 0.7195122 26.483032037504017
10199 1 1184677 0.7176471 21.395916934125125
10200 1 1037557 0.7 24.000423960387707
10201 1 165884 0.76 29.279868002049625
10202 1 417913 0.739726 29.621350928209722
10203 1 724756 0.7105263 25.86495701689273
10204 1 1572279 0.72839504 27.347608003765345
10205 1 862672 0.73417723 23.83945998735726
10206 1 1667097 0.7948718 23.63783202599734
10207 1 237217 0.72289157 29.177984921261668
10208 1 1295722 0.76623374 30.261141946539283
10209 1 1446474 0.70731705 28.54988700710237
10210 1 1033519 0.72839504 28.49556098226458
10211 1 1115189 0.725 21.193651016801596
10212 1 1097990 0.80246913 24.922305019572377
10213 1 1274483 0.74712646 23.616773076355457
10214 1 1010562 0.74698794 29.416091972962022
10215 1 1616670 0.7468355 24.397866101935506
10216 1 1091512 0.73493975 28.118422953411937
10217 1 1518171 0.7297297 30.641890014521778
10218 1 1448930 0.72839504 28.736109030433
10219 1 1094279 0.72839504 24.35506507754326
10220 1 1039990 0.7125 29.627757030539215
10221 1 370562 0.7011494 21.829738980159163
10222 1 1507270 0.7407407 25.99891205318272
10223 1 1057393 0.70731705 26.764838956296444
10224 1 1560142 0.78205127 27.425470994785428
10225 0 0 0 28.81310402881354
10226 1 379010 0.76404494 17.79495202936232
10227 1 831040 0.79746836 31.652895035222173
10228 1 407191 0.7432432 25.36308893468231
10229 1 1973912 0.7590361 23.983865045011044
10230 1 175445 0.7777778 22.42764795664698
10231 1 1232687 0.75 29.768406064249575
10232 1 1140172 0.7375 24.525666027329862
10233 1 1016430 0.7619048 25.909845950081944
10234 1 719540 0.7012987 29.49071303009987
10235 1 222186 0.74358976 31.337613007053733
10236 1 1293387 0.7532467 30.94469802454114
10237 1 1342021 0.75 28.70133309625089
10238 1 1417046 0.78205127 28.183868038468063
10239 1 1382687 0.70731705 24.290271918289363
10240 1 1096966 0.77380955 20.996484090574086
10241 1 1018504 0.7692308 29.49094003997743
10242 1 407191 0.73333335 22.254216950386763
10243 1 1566712 0.74698794 22.6155670825392
10244 1 122803 0.72619045 30.71329405065626
10245 1 129091 0.7 21.6003559762612
10246 1 1189724 0.73255813 24.242674000561237
10247 1 1949294 0.79268295 27.82647800631821
10248 1 1973912 0.77380955 22.11678901221603
10249 1 1573267 0.7590361 23.99729995522648
10250 1 1515578 0.7307692 23.97838595788926
10251 1 712778 0.71794873 37.755361991003156
10252 1 1532721 0.7407407 23.989817942492664
10253 1 731410 0.7222222 38.07212796527892
10254 1 1269209 0.7777778 32.97559998463839
10255 1 1079407 0.76829267 22.354204091243446
10256 1 1973912 0.77380955 23.246397031471133
10257 1 367266 0.79746836 32.2059280006215
10258 1 1562702 0.74025977 37.62568102683872
10259 1 1432608 0.70886075 32.955934992060065
10260 1 1411488 0.7297297 31.96782898157835
10261 1 1274483 0.7816092 22.462539956904948
10262 1 1566712 0.7407407 30.219258973374963
10263 1 852917 0.72839504 28.420265996828675
10264 1 1096966 0.77380955 24.10373999737203
10265 1 1032115 0.71794873 29.48151994496584
10266 1 1696810 0.7236842 33.750163041986525
10267 1 1542092 0.775 21.394468029029667
10268 1 2021989 0.7222222 31.642597052268684
10269 1 1086748 0.7721519 30.01929703168571
10270 1 490315 0.7647059 29.584639007225633
10271 1 695062 0.73333335 31.384667963720858
10272 1 1580922 0.72 31.845199991948903
10273 1 1022086 0.79268295 28.937167022377253
10274 1 2196 0.7710843 27.89466397371143
10275 1 704348 0.7625 28.266899986192584
10276 1 695062 0.70886075 26.782073080539703
10277 1 1221889 0.7051282 30.056215007789433
10278 1 1189269 0.74157304 20.16922296024859
10279 1 1184677 0.7093023 19.891756935976446
10280 1 1971101 0.75 27.441142010502517
10281 1 1973912 0.7875 30.719208996742964
10282 1 1019311 0.78313255 24.134319042786956
10283 1 1037557 0.74358976 24.381625931710005
10284 1 1239064 0.72602737 29.392241965979338
10285 1 1666796 0.76829267 22.998737054876983
10286 1 667872 0.75609756 28.17357308231294
10287 1 1572367 0.7529412 26.555163087323308
10288 1 507062 0.7411765 25.130253983661532
10289 1 1338784 0.7307692 34.11260002758354
10290 1 1058544 0.71428573 27.1145700244233
10291 1 1671474 0.72839504 27.760731987655163
10292 1 883062 0.7105263 33.45355310011655
10293 1 686529 0.73170733 30.812822049483657
10294 1 1184257 0.7209302 35.56833602488041
10295 1 407191 0.7432432 31.818146002478898
10296 1 1102899 0.70731705 31.34478605352342
10297 1 1573267 0.75 31.105551053769886
10298 1 1984582 0.70666665 34.70597602427006
10299 1 1073294 0.70731705 42.10923600476235
10300 1 486882 0.7236842 33.287530997768044
10301 1 1900871 0.7386364 27.05221204087138
10302 1 1017782 0.72727275 31.586247961968184
10303 1 1185486 0.7108434 36.84284503106028
10304 1 1267771 0.75308645 24.00882204528898
10305 1 129091 0.73333335 38.68505696300417
10306 1 1439660 0.72619045 32.601832994259894
10307 1 1076908 0.7307692 36.58583702053875
10308 1 869781 0.79452056 40.053555043414235
10309 1 1651574 0.79518074 32.72330097388476
10310 1 809706 0.71794873 40.756816044449806
10311 1 1195088 0.7887324 36.848338902927935
10312 1 1530884 0.7532467 28.840302024036646
10313 1 1130231 0.70886075 28.717410983517766
10314 1 1107847 0.79518074 32.900659018196166
10315 1 1973912 0.7619048 29.473577975295484
10316 1 1112905 0.7804878 29.588002944365144
10317 1 679943 0.77922076 35.66605690866709
10318 0 0 0 30.57804307900369
10319 1 1968349 0.71794873 31.77062899339944
10320 1 1573267 0.7058824 26.687128003686666
10321 1 1666796 0.76829267 22.845178027637303
10322 1 708832 0.7432432 31.655287952162325
10323 1 731410 0.7123288 29.28591798990965
10324 1 1191367 0.7380952 25.73624101933092
10325 1 1510972 0.74698794 23.17734295502305
10326 1 1542092 0.775 21.170655032619834
10327 1 1567538 0.71794873 30.10895592160523
10328 1 2446604 0.73255813 21.528123994357884
10329 1 1560548 0.75641024 26.7529699485749
10330 1 823513 0.72839504 23.2915939996019
10331 1 995534 0.7875 27.749355067498982
10332 1 1009715 0.7532467 31.35505598038435
10333 1 1370717 0.7887324 30.10322793852538
10334 1 1573267 0.75 24.672210915014148
10335 1 1384404 0.75641024 31.342884991317987
10336 1 407191 0.75342464 26.46553609520197
10337 1 667872 0.75 25.16458195168525
10338 1 1616973 0.75 30.812175944447517
10339 1 1104106 0.7692308 31.972569064237177
10340 1 1563488 0.70666665 29.364621033892035
10341 1 1077098 0.70666665 31.661867047660053
10342 1 1511418 0.7922078 30.136437970213592
10343 1 1129833 0.7875 24.092209059745073
10344 1 1619085 0.75308645 25.618792977184057
10345 1 1179731 0.7058824 27.865599957294762
10346 1 719540 0.7567568 29.36463593505323
10347 1 1337908 0.7875 27.86213404033333
10348 1 1806355 0.73333335 25.313846999779344
10349 1 1532185 0.76623374 26.520084007643163
10350 1 1378449 0.79268295 26.015448034740984
10351 1 1423148 0.72839504 24.092765990644693
10352 1 1639182 0.7176471 22.699585068039596
10353 1 838918 0.7160494 30.15011304523796
10354 1 407191 0.7746479 27.88967394735664
10355 1 2221553 0.72 29.73251009825617
10356 1 1174922 0.79746836 22.51006697770208
10357 1 1797585 0.74666667 29.246018966659904
10358 1 1952370 0.7297297 32.858746009878814
10359 1 1174545 0.71428573 21.655960008502007
10360 1 1864426 0.75 30.921134050004184
10361 1 790753 0.8095238 21.027436014264822
10362 1 1572279 0.7625 26.428295066580176
10363 1 1000758 0.7808219 27.392685995437205
10364 1 1186563 0.7625 23.965106927789748
10365 1 579910 0.75 27.944739093072712
10366 0 0 0 29.52572493813932
10367 1 417913 0.7105263 24.541900027543306
10368 1 407191 0.7746479 28.678436065092683
10369 1 1974237 0.725 27.006710995920002
10370 1 1095237 0.70666665 30.465157004073262
10371 1 1310061 0.7368421 32.228613970801234
10372 1 1088152 0.8072289 27.952995034866035
10373 1 1611084 0.7468355 30.593876959756017
10374 1 413369 0.7764706 24.749294971115887
10375 1 1635219 0.7361111 31.05003188829869
10376 1 1454646 0.7407407 24.843730032444
10377 1 1088152 0.7590361 31.426745001226664
10378 1 1943211 0.76 39.91439798846841
10379 1 1473987 0.8051948 44.26361806690693
10380 1 1686181 0.78205127 33.53369596879929
10381 1 1058544 0.71428573 25.91035794466734
10382 1 1094360 0.7804878 28.601069003343582
10383 1 363925 0.7176471 22.507193963974714
10384 1 989795 0.7790698 22.500879014842212
10385 1 1973912 0.77380955 22.997168940491974
10386 1 1970471 0.72839504 31.067840987816453
10387 1 1409596 0.7380952 23.371557937934995
10388 1 2011535 0.72839504 29.5274619711563
10389 1 836084 0.7375 24.728631018660963
10390 1 1337908 0.7777778 27.111818082630634
10391 1 987085 0.7176471 25.304443086497486
10392 1 407191 0.75342464 25.400749989785254
10393 1 1177574 0.7 33.18070899695158
10394 1 2000221 0.721519 31.193525064736605
10395 1 1953012 0.70666665 32.2878030128777
10396 1 129091 0.7432432 30.113875051029027
10397 1 129091 0.7368421 27.001417009159923
10398 1 935430 0.7468355 33.43197808135301
10399 1 1226791 0.7848101 31.564520904794335
10400 1 862672 0.73417723 26.40587603673339
10401 1 1627521 0.76829267 24.253890966065228
10402 1 1236531 0.75308645 26.608603075146675
10403 1 332147 0.8051948 25.415543001145124
10404 1 823513 0.77922076 27.2304069949314
10405 1 854346 0.74712646 21.53651905246079
10406 1 543642 0.73493975 32.096020062454045
10407 1 1573267 0.75609756 31.45646001212299
10408 1 1320175 0.7532467 28.526588925160468
10409 1 1098814 0.73493975 28.967450954951346
10410 1 1074039 0.74358976 31.01241507101804
10411 1 1133486 0.7848101 30.032644048333168
10412 1 1134296 0.74390244 27.165418956428766
10413 1 1125389 0.7407407 31.949296011589468
10414 1 1492509 0.7386364 20.147884963080287
10415 1 336826 0.8051948 30.91055597178638
10416 1 1972081 0.76 30.382997007109225
10417 1 1342065 0.7692308 24.648888036608696
10418 1 597111 0.72727275 30.73194797616452
10419 1 1265042 0.71428573 27.383840060792863
10420 1 1082390 0.74390244 31.382238026708364
10421 1 790753 0.8095238 21.75332501064986
10422 1 1232687 0.8082192 32.24927501287311
10423 1 417913 0.70666665 28.389335959218442
10424 1 822534 0.75949365 28.657190036028624
10425 1 987513 0.71428573 24.511586991138756
10426 1 1520672 0.7875 29.13239097688347
10427 1 1429134 0.7922078 30.036272015422583
10428 1 129091 0.7236842 26.66811691597104
10429 1 1041172 0.7241379 22.612625965848565
10430 1 1087873 0.77011496 19.54669994302094
10431 1 407191 0.71428573 21.385275991633534
10432 1 1731224 0.721519 31.17099602241069
10433 1 987123 0.77922076 31.451625050976872
10434 1 1047441 0.71794873 29.562613111920655
10435 1 1622943 0.7093023 24.562522070482373
10436 1 486882 0.73333335 27.899933978915215
10437 1 1155916 0.7804878 24.560179095715284
10438 1 823513 0.7468355 24.066344019956887
10439 1 1226791 0.79746836 27.574407984502614
10440 1 1007115 0.76829267 23.72189797461033
10441 1 1037557 0.7160494 21.57366997562349
10442 1 1488703 0.775 21.54812798835337
10443 1 724756 0.7012987 25.2399779856205
10444 1 407191 0.7746479 27.492475928738713
10445 1 1441827 0.7590361 21.728542051278055
10446 1 1505381 0.76829267 24.096449953503907
10447 1 407191 0.7746479 27.423930005170405
10448 1 1425868 0.7702703 29.58202303852886
10449 1 1084772 0.7733333 28.946125064976513
10450 1 1310061 0.70886075 28.929059044457972
10451 1 1018504 0.7692308 30.07152595091611
10452 1 2359951 0.71910113 25.86729801259935
10453 1 1529965 0.74666667 28.39851297903806
10454 1 1692803 0.7631579 31.21728904079646
10455 1 857724 0.70238096 22.421402973122895
10456 1 1328970 0.72727275 30.2363820374012
10457 1 712778 0.77922076 25.869352975860238
10458 1 1297569 0.7027027 25.69174999371171
10459 1 998932 0.725 26.177559979259968
10460 1 1057397 0.7468355 29.65307200793177
10461 1 1035409 0.7894737 29.513066983781755
10462 1 1007115 0.7590361 24.983223993331194
10463 1 1086388 0.79746836 26.50810405611992
10464 1 1719222 0.73333335 20.62017295975238
10465 1 1973912 0.77380955 21.051921998150647
10466 1 868851 0.75949365 29.665461042895913
10467 1 1116778 0.79518074 22.523369058035314
10468 1 704348 0.725 29.642735957168043
10469 1 1427131 0.81578946 27.90057403035462
10470 1 1025694 0.75 26.469039963558316
10471 1 652347 0.7972973 29.5377109432593
10472 1 1493190 0.721519 25.179371004924178
10473 1 407191 0.7432432 24.590463959611952
10474 1 1184257 0.7654321 28.92537205480039
10475 1 1580922 0.7671233 29.942235094495118
10476 1 247368 0.8076923 20.94039600342512
10477 1 1531320 0.721519 23.836622014641762
10478 1 1089093 0.75 29.75367894396186
10479 1 1162414 0.7468355 29.60349398199469
10480 1 1022086 0.75 22.430979064665735
10481 1 1625998 0.78571427 21.432218956761062
10482 1 1342065 0.74358976 27.496758964844048
10483 1 1947766 0.7894737 29.06828501727432
10484 1 679943 0.7894737 30.080419965088367
10485 1 1943211 0.7808219 32.31316001620144
10486 1 1039990 0.7125 31.40971506945789
10487 1 1560548 0.7468355 24.086302961222827
10488 1 1130719 0.72839504 27.411004062741995
10489 1 1483901 0.7532467 26.66274702642113
10490 1 1036052 0.721519 22.97769591677934
10491 1 1181933 0.79310346 18.85011896956712
10492 1 858120 0.7058824 22.798685007728636
10493 1 1232687 0.75 29.580338043160737
10494 1 417913 0.70666665 28.381620068103075
10495 1 1428059 0.74712646 21.023722016252577
10496 1 1076356 0.7407407 27.404339984059334
10497 1 1668055 0.7721519 24.300940916873515
10498 1 814683 0.72839504 28.704982018098235
10499 1 1003071 0.77922076 27.601754991337657
10500 1 1193654 0.7721519 28.384563978761435
10501 1 1121433 0.70454544 21.553280064836144
10502 1 370562 0.7407407 29.256945941597223
10503 1 69438 0.75 26.804603985510767
10504 1 1573267 0.7777778 28.036334086209536
10505 1 712778 0.721519 27.776037924923003
10506 1 1003514 0.73493975 24.38646589871496
10507 1 1157374 0.7209302 24.386447039432824
10508 1 1354390 0.72839504 29.133528005331755
10509 1 706472 0.7468355 29.501746059395373
10510 1 1096966 0.7126437 21.490636048838496
10511 1 1731224 0.75 25.839966954663396
10512 1 367266 0.75949365 30.146384960971773
10513 1 1714351 0.71590906 25.79219196923077
10514 1 1004367 0.7411765 24.578355019912124
10515 1 1101046 0.74698794 27.099716011434793
10516 1 417913 0.70666665 29.896997031755745
10517 1 1351641 0.77922076 33.95256190560758
10518 1 417913 0.7162162 45.06415606010705
10519 1 679943 0.725 38.602918037213385
10520 1 1543240 0.70886075 37.9604110494256
10521 1 1096966 0.7126437 30.100123956799507
10522 1 712778 0.7195122 31.67596401181072
10523 1 1014448 0.72619045 29.585950076580048
10524 1 1156956 0.75 38.90161798335612
10525 1 1314561 0.7816092 30.475379899144173
10526 1 1039990 0.7692308 35.51480500027537
10527 1 788461 0.7625 28.133582090958953
10528 1 1625998 0.78571427 21.99924294836819
10529 1 1516460 0.7 29.914323007687926
10530 1 530082 0.75609756 26.518729981034994
10531 1 1403498 0.7297297 30.485381023027003
10532 1 1288986 0.74666667 35.10732692666352
10533 1 1686181 0.7590361 24.933746084570885
10534 1 1416643 0.77922076 28.15826900769025
10535 1 1015075 0.72527474 20.320651005022228
10536 1 410790 0.71590906 20.021897042170167
10537 1 712980 0.71428573 29.75333307404071
10538 1 1188658 0.72839504 28.844326036050916
10539 1 392091 0.7125 27.68809092231095
10540 1 392091 0.7051282 37.01173304580152
10541 1 731410 0.7123288 33.52382103912532
10542 1 1461928 0.71794873 33.95608195569366
10543 1 1949294 0.7647059 28.95772794727236
10544 1 1622447 0.7176471 25.63251997344196
10545 1 805028 0.7195122 29.047020012512803
10546 1 1976516 0.739726 33.83377299178392
10547 1 1631909 0.72839504 24.94774293154478
10548 1 1061249 0.75609756 28.915610979311168
10549 1 1153747 0.721519 24.106670054607093
10550 1 898528 0.74358976 27.37641299609095
10551 1 1010562 0.75609756 31.295337015762925
10552 1 1616670 0.7468355 23.867884068749845
10553 1 407191 0.7432432 24.351423024199903
10554 1 813775 0.70731705 25.6827799603343
10555 1 1352197 0.7848101 26.22861007694155
10556 1 1150426 0.73913044 16.79972792044282
10557 1 851226 0.7473684 13.02365807350725
10558 1 993226 0.73195875 12.110354960896075
10559 1 1077466 0.7010309 15.427917009219527
10560 1 1060723 0.79761904 18.045368022285402
10561 1 1041615 0.7755102 11.126889032311738
10562 1 1150250 0.7586207 18.19586695637554
10563 1 873084 0.7752809 18.250643042847514
10564 1 1191367 0.72527474 14.848466031253338
10565 1 1669678 0.7173913 14.477538992650807
10566 1 1081603 0.73 10.349032003432512
10567 1 964909 0.79569894 14.45571903605014
10568 1 1138458 0.7717391 15.653177979402244
10569 1 866868 0.73333335 16.83746895287186
10570 1 1721980 0.73626375 18.236862029880285
10571 1 240008 0.7340425 14.447472989559174
10572 1 873084 0.7777778 15.604635933414102
10573 1 1088152 0.7282609 15.55196801200509
10574 1 873084 0.79545456 17.87981193047017
10575 1 1013339 0.73255813 19.995825015939772
10576 1 1093245 0.8021978 15.455952030606568
10577 1 1142235 0.7473684 10.29908808413893
10578 1 109474 0.83146065 14.128254959359765
10579 1 1253839 0.7160494 19.829033059068024
10580 1 1700397 0.8172043 12.627325020730495
10581 1 837522 0.7446808 16.008946928195655
10582 1 1440673 0.76086956 15.768595039844513
10583 1 873084 0.78651685 16.76681893877685
10584 1 873084 0.76666665 17.132129054516554
10585 1 1491008 0.7790698 15.179869951680303
10586 1 1226791 0.7529412 17.99821900203824
10587 1 1150250 0.7386364 22.716986015439034
10588 1 873084 0.79310346 19.607644993811846
10589 1 1342007 0.7582418 14.106056885793805
10590 1 850089 0.71910113 14.236449962481856
10591 1 709444 0.75 14.322369010187685
10592 1 1016912 0.7752809 15.258640050888062
10593 1 1150250 0.7386364 18.393754959106445
10594 1 1081603 0.7171717 12.509239953942597
10595 1 842478 0.71 12.369637028314173
10596 1 821172 0.7882353 18.750188988633454
10597 1 1012009 0.80898875 17.06437801476568
10598 1 1123499 0.75268817 17.054582946002483
10599 1 836289 0.79787236 10.131329065188766
10600 1 1501594 0.79518074 18.014803994446993
10601 1 1831035 0.8068182 14.49045108165592
10602 1 704348 0.7093023 19.764708005823195
10603 1 1023666 0.7977528 18.21631204802543
10604 1 840337 0.7741935 14.352467027492821
10605 1 240008 0.7777778 17.96348101925105
10606 1 222186 0.7093023 17.978228977881372
10607 1 1491008 0.7613636 20.900946925394237
10608 1 1428059 0.7303371 32.75641391519457
10609 1 240008 0.78651685 51.91751604434103
10610 1 1081603 0.7171717 23.487553000450134
10611 1 1551078 0.8111111 24.829417001456022
10612 1 1123652 0.79787236 20.727802999317646
10613 1 1949294 0.74444443 24.880765937268734
10614 1 1183528 0.7777778 24.93714797310531
10615 1 1415695 0.7882353 25.958513957448304
10616 1 1491008 0.72043014 14.758498989976943
10617 1 709444 0.75 20.73970204219222
10618 1 1377187 0.80851066 17.748033977113664
10619 1 1081603 0.7553192 20.982409943826497
10620 1 1595124 0.80898875 20.082481089048088
10621 1 873084 0.75268817 16.093092039227486
10622 1 1081603 0.7741935 18.63235398195684
10623 1 1440673 0.7659575 13.905853033065796
10624 1 873084 0.75 16.488964087329805
10625 1 854346 0.7111111 18.02596589550376
10626 1 1015075 0.7752809 17.93789502698928
10627 1 979375 0.71428573 12.496751034632325
10628 1 1166146 0.72527474 12.554220971651375
10629 1 1566712 0.7241379 18.927467055618763
10630 1 1161492 0.71 13.755407999269664
10631 1 873084 0.7777778 16.303863027133048
10632 1 1081603 0.77894735 12.933559948578477
10633 1 1009778 0.73626375 14.517203089781106
10634 1 1491008 0.72043014 10.592042002826929
10635 1 1081603 0.742268 12.903456925414503
10636 1 1016912 0.78651685 15.297670033760369
10637 1 1081603 0.7244898 13.253022101707757
10638 1 873084 0.76086956 14.636594918556511
10639 1 946218 0.7613636 19.03735299129039
10640 1 1081603 0.7128713 10.31988300383091
10641 1 1053639 0.75555557 18.457241007126868
10642 1 939116 0.72043014 17.05412589944899
10643 1 1022086 0.70652175 12.98223901540041
10644 1 1053639 0.7157895 12.874717940576375
10645 1 243282 0.80898875 17.006315989419818
10646 1 1253839 0.7160494 19.72506393212825
10647 1 1460096 0.7613636 16.664569964632392
10648 1 1166146 0.7586207 15.209365054033697
10649 1 1377187 0.80851066 13.326289015822113
10650 1 1253839 0.7160494 20.13837394770235
10651 1 1077466 0.78494626 14.507579035125673
10652 1 1491008 0.7282609 11.404387070797384
10653 1 1024767 0.75555557 18.594149965792894
10654 1 1669678 0.7173913 14.217696967534721
10655 1 1491008 0.7613636 15.00456698704511
10656 1 873084 0.76666665 18.36183399427682
10657 1 837522 0.7157895 17.809472046792507
10658 1 1150426 0.7752809 18.791695008985698
10659 1 1085126 0.75555557 18.842463032342494
10660 1 939116 0.72043014 17.442334908992052
10661 1 1142235 0.7083333 11.45774801261723
10662 1 240008 0.75 16.632864018902183
10663 1 938694 0.78409094 18.11283198185265
10664 1 1083735 0.7380952 18.009331892244518
10665 1 845476 0.7816092 18.964611925184727
10666 1 222186 0.7093023 18.38945597410202
10667 1 1491008 0.7282609 11.214872007258236
10668 1 1595124 0.80898875 15.916378004476428
10669 1 1022086 0.7586207 16.810155007988214
10670 1 704348 0.7093023 19.55972600262612
10671 1 1781080 0.8111111 16.035923967137933
10672 1 1077466 0.76344085 17.294312943704426
10673 1 167079 0.7590361 15.573687967844307
10674 1 1081603 0.73195875 13.229389092884958
10675 1 1573267 0.7386364 18.33462400827557
10676 1 1016912 0.76666665 14.226036029867828
10677 1 240008 0.78651685 17.91171496734023
10678 1 1521697 0.7882353 18.02553702145815
10679 1 999321 0.7032967 14.467357890680432
10680 1 1491008 0.72043014 10.227744933217764
10681 1 845476 0.752809 17.81248999759555
10682 1 871240 0.7659575 15.278730890713632
10683 1 845476 0.7816092 18.32282403483987
10684 1 1142235 0.7311828 13.532864977605641
10685 1 815439 0.79569894 14.128541923128068
10686 1 240008 0.7340425 14.37252399045974
10687 1 1831035 0.7419355 12.215616996400058
10688 1 873084 0.7340425 12.967913993634284
10689 1 1249397 0.79545456 17.8557540057227
10690 1 240008 0.7340425 15.933379996567965
10691 1 873084 0.75 15.65245003439486
10692 1 240008 0.7446808 15.570616000331938
10693 1 713529 0.7692308 14.747305074706674
10694 1 283478 0.70212764 17.261649016290903
10695 1 1081603 0.7717391 21.394297014921904
10696 1 1041615 0.7916667 13.56685592327267
10697 1 1183528 0.76666665 20.02384897787124
10698 1 1711841 0.8043478 18.026171950623393
10699 1 1081603 0.79569894 16.642243950627744
10700 1 2451298 0.79268295 21.524352952837944
10701 1 1081603 0.76344085 18.810085952281952
10702 1 1077466 0.7010309 17.31246802955866
10703 1 822534 0.7011494 20.426537026651204
10704 1 1084686 0.71910113 18.81155592855066
10705 1 1093245 0.8021978 17.358259996399283
10706 1 1081603 0.77894735 13.71800503693521
10707 1 1839063 0.7019231 12.707307003438473
10708 1 1072031 0.75 20.78741800505668
10709 1 993226 0.7582418 19.3304669810459
10710 1 839221 0.71590906 19.165058969520032
10711 1 1013339 0.7411765 18.67453590966761
10712 1 1060723 0.79761904 19.059540005400777
10713 1 1342007 0.74444443 18.596727051772177
10714 1 1157843 0.7173913 16.094394959509373
10715 1 1150250 0.7032967 16.253035981208086
10716 1 1566712 0.7241379 18.920578062534332
10717 1 1081603 0.7473684 14.69178800471127
10718 1 809645 0.7173913 15.242111985571682
10719 1 1157019 0.76344085 16.631133970804513
10720 1 1183528 0.78651685 18.05458904709667
10721 1 1067514 0.78651685 15.326919965445995
10722 1 993226 0.70408165 12.129156035371125
10723 1 1068180 0.7582418 16.965689952485263
10724 1 1454646 0.7058824 18.068038974888623
10725 1 1440673 0.7659575 12.033024919219315
10726 1 1491008 0.7613636 14.367574010975659
10727 1 1521697 0.7882353 18.422418041154742
10728 1 1068617 0.7741935 16.00122603122145
10729 1 1174922 0.7590361 18.6890420736745
10730 1 1150250 0.7882353 18.071762984618545
10731 1 1137675 0.7395833 14.401038992218673
10732 1 1193233 0.7222222 16.887829056940973
10733 1 240008 0.7446808 14.303187956102192
10734 1 1975872 0.7176471 18.035167013294995
10735 1 1038904 0.76404494 14.324693009257317
10736 1 1183528 0.76086956 14.095985097810626
10737 1 836289 0.78494626 12.620643014088273
10738 1 1521546 0.78571427 23.027433082461357
10739 1 873084 0.76666665 18.1517549790442
10740 1 1081603 0.73 10.873214108869433
10741 1 1460096 0.7613636 17.380392993800342
10742 1 1067514 0.78651685 18.526450963690877
10743 1 1067514 0.78651685 18.29321903642267
10744 1 1692047 0.72527474 21.003672038204968
10745 1 977705 0.8020833 12.088018003851175
10746 1 240008 0.78651685 21.515305037610233
10747 1 873084 0.7888889 15.052694012410939
10748 1 1191367 0.72527474 14.657872961834073
10749 1 828675 0.7380952 18.716541002504528
10750 1 1560721 0.79545456 15.076198964379728
10751 1 1700397 0.8172043 11.90960593521595
10752 1 1721980 0.73626375 18.017734051682055
10753 1 1081603 0.76344085 16.625797958113253
10754 1 240008 0.75 17.028566915541887
10755 1 821172 0.8023256 14.16907797101885
10756 1 243282 0.80898875 16.677114996127784
10757 1 240008 0.7340425 14.178844983689487
10758 1 1142235 0.7340425 12.25694001186639
10759 1 1068180 0.7582418 20.233991090208292
10760 1 1073169 0.7582418 21.70211693737656
10761 1 1016912 0.7340425 14.177366974763572
10762 1 1409596 0.7356322 19.138968898914754
10763 1 1142235 0.74725276 15.446315053850412
10764 1 873084 0.76666665 17.245689989067614
10765 1 1949294 0.74444443 16.891458071768284
10766 1 1081603 0.72727275 11.2502760021016
10767 1 704348 0.7093023 19.33846005704254
10768 1 1081603 0.7525773 12.144143925979733
10769 1 1551078 0.8111111 14.168530004099011
10770 1 1093245 0.8021978 16.39630808494985
10771 1 400210 0.8 13.630507048219442
10772 1 1761802 0.7647059 14.741505961865187
10773 1 1195135 0.76086956 14.427794958464801
10774 1 240008 0.7446808 15.548940980806947
10775 1 1249397 0.79545456 19.181084004230797
10776 1 851658 0.73913044 15.038766898214817
10777 1 836289 0.79787236 10.660778963938355
10778 1 1006239 0.76344085 12.309260084293783
10779 1 1700397 0.8172043 12.369666947051883
10780 1 1183528 0.7582418 16.740520019084215
10781 1 370562 0.71590906 18.07322003878653
10782 1 1949294 0.74444443 16.461497987620533
10783 1 1573267 0.7222222 15.421227901242673
10784 1 1081603 0.71 11.46364607848227
10785 1 1081603 0.72727275 11.453866958618164
10786 1 1009462 0.73626375 17.895420896820724
10787 1 1150426 0.75268817 14.600713970139623
10788 1 833111 0.7227723 12.271913001313806
10789 1 1072031 0.75 16.592592000961304
10790 1 1440673 0.7659575 11.489582946524024
10791 1 243282 0.80898875 16.235115006566048
10792 1 240008 0.7446808 14.954074984416366
10793 1 1949294 0.74444443 17.314141034148633
10794 1 1501594 0.79518074 18.61561695113778
10795 1 811200 0.75555557 18.219938967376947
10796 1 1672237 0.7395833 13.843566994182765
10797 1 821172 0.79310346 14.352470054291189
10798 1 1193233 0.75 17.082862090319395
10799 1 1150250 0.7816092 15.142354066483676
10800 1 240008 0.7446808 14.309289981611073
10801 1 1025579 0.8 13.386058970354497
10802 1 1016772 0.7826087 13.74189299531281
10803 1 1195135 0.7446808 12.51873408909887
10804 1 240008 0.7340425 13.863336993381381
10805 1 1521697 0.75581396 17.40350597538054
10806 1 1535844 0.79787236 14.102773042395711
10807 1 1150250 0.7078652 19.18387901969254
10808 1 1067299 0.7222222 15.046854969114065
10809 1 1140128 0.7368421 17.49789691530168
10810 1 1150426 0.7419355 15.668855980038643
10811 1 1150250 0.72727275 18.398571060970426
10812 1 1145626 0.7340425 17.37600495107472
10813 1 1154446 0.79545456 14.395623933523893
10814 1 815406 0.76086956 14.152063988149166
10815 1 1171480 0.76344085 15.416261041536927
10816 1 1150426 0.73913044 16.785832936875522
10817 1 357450 0.725 17.875891062431037
10818 1 939116 0.74725276 17.701294971629977
10819 1 1150426 0.7752809 17.685786937363446
10820 1 1949149 0.72619045 17.618932062759995
10821 1 1016912 0.7752809 15.112499939277768
10822 1 1831035 0.8068182 14.26347007509321
10823 1 1081603 0.7741935 17.000893014483154
10824 1 939116 0.7234042 15.69405198097229
10825 1 267717 0.7222222 19.216759013943374
10826 1 1150250 0.71590906 20.008162944577634
10827 1 400210 0.7244898 15.009816037490964
10828 1 1151835 0.75555557 17.31663302052766
10829 1 1415695 0.7882353 19.27964307833463
10830 1 1491008 0.7790698 17.724246019497514
10831 1 999321 0.75 15.006468049250543
10832 1 81388 0.7356322 16.24502893537283
10833 1 1009462 0.7282609 16.74282702151686
10834 1 1068180 0.7419355 14.243340934626758
10835 1 1672237 0.7395833 13.011622009798884
10836 1 1700397 0.8172043 11.664038058370352
10837 1 1193233 0.73333335 15.097500057891011
10838 1 1254188 0.8 16.563883051276207
10839 1 1573267 0.71910113 19.873837009072304
10840 1 240008 0.78651685 19.646294065751135
10841 1 1024767 0.75555557 18.705444992519915
10842 1 1068180 0.73913044 17.524969996884465
10843 1 1781080 0.8111111 15.683770994655788
10844 1 1226791 0.7529412 17.93945604003966
10845 1 1254188 0.8 16.68652193620801
10846 1 993226 0.75 17.890244955196977
10847 1 370562 0.71590906 17.45009096339345
10848 1 1081603 0.7741935 15.150747960433364
10849 1 1492387 0.75 17.98837399110198
10850 1 1079799 0.75268817 15.42190695181489
10851 1 1079799 0.7582418 18.06928194127977
10852 1 1081603 0.73195875 13.0417060572654
10853 1 1845575 0.75268817 14.223383041098714
10854 1 1521697 0.7241379 21.324509056285024
10855 1 1093245 0.8021978 16.862506978213787
10856 1 1105991 0.80851066 12.523145996965468
10857 1 1118388 0.79569894 15.29078499879688
10858 1 1573267 0.7303371 17.83744408749044
10859 1 1085024 0.8023256 17.734477994963527
10860 1 1081603 0.7708333 11.997020919807255
10861 1 1491008 0.72043014 10.114580974914134
10862 1 1024767 0.7311828 14.161685016006231
10863 1 1067299 0.74712646 17.96669396571815
10864 1 1118915 0.74725276 13.940570061095059
10865 1 240008 0.7446808 14.105086913332343
10866 1 1491008 0.7790698 15.364266000688076
10867 1 1166146 0.7303371 13.960633077658713
10868 1 851226 0.7244898 10.881169000640512
10869 1 1595124 0.80898875 15.3670470463112
10870 1 1092524 0.78651685 17.823240952566266
10871 1 1157019 0.76344085 16.922345967032015
10872 1 1053639 0.7291667 11.795667000114918
10873 1 873084 0.76666665 17.637958051636815
10874 1 1226791 0.74418604 18.972588935866952
10875 1 1053639 0.7282609 17.60937098879367
10876 1 1226791 0.74418604 17.582918982952833
10877 1 1560451 0.78409094 17.800509929656982
10878 1 709444 0.75 14.324991032481194
10879 1 993226 0.7244898 11.083088931627572
10880 1 1491008 0.7882353 16.359412926249206
10881 1 1085024 0.8023256 17.554951016791165
10882 1 1464790 0.75 13.613924034871161
10883 1 1226791 0.74418604 17.92137895245105
10884 1 1081603 0.7373737 9.727892000228167
10885 1 240008 0.75 16.133929952047765
10886 1 2015125 0.79347825 12.778852949850261
10887 1 821172 0.79310346 14.38254292588681
10888 1 10191 0.7473684 16.462915926240385
10889 1 1521697 0.7882353 19.054056028835475
10890 1 1454646 0.7058824 19.531302037648857
10891 1 1183528 0.7419355 14.984978013671935
10892 1 1123652 0.7553192 17.56029494572431
10893 1 1158408 0.7380952 18.039460061118007
10894 1 1006239 0.78651685 16.756942961364985
10895 1 1440673 0.7659575 11.764385038986802
10896 1 1440673 0.7659575 12.006312957964838
10897 1 979375 0.8021978 15.238613006658852
10898 1 1150426 0.75555557 17.819109954871237
10899 1 1081603 0.7473684 14.173457049764693
10900 1 993226 0.7717391 15.459411079064012
10901 1 1016912 0.75 13.349167071282864
10902 1 1161492 0.73195875 15.361791010946035
10903 1 1501594 0.79518074 18.09145789593458
10904 1 1342007 0.7582418 15.582642052322626
10905 1 1409596 0.7209302 20.65406402107328
10906 1 1226791 0.7529412 19.027275033295155
10907 1 1085024 0.8023256 19.030684954486787
10908 1 1088152 0.7282609 16.18825609330088
10909 1 977705 0.8020833 10.345179005526006
10910 1 815406 0.78651685 16.360393026843667
10911 1 993226 0.7113402 13.058406068012118
10912 1 1566713 0.7380952 17.93940190691501
10913 1 1700397 0.8172043 11.960393050685525
10914 1 1067299 0.7303371 15.444557997398078
10915 1 558023 0.73913044 14.29628801997751
10916 1 851658 0.71428573 18.11451092362404
10917 1 977705 0.8020833 10.557419038377702
10918 1 1183528 0.7582418 17.509000026620924
10919 1 1253839 0.7160494 20.785936038009822
10920 1 1460096 0.7613636 20.92518808785826
10921 1 1016912 0.76666665 15.82513703033328
10922 1 240008 0.7340425 15.816692961379886
10923 1 1254188 0.8 18.378879060037434
10924 1 275461 0.73195875 14.644843991845846
10925 1 850089 0.7586207 15.705997007898986
10926 1 1067299 0.71428573 15.229403972625732
10927 1 1595124 0.80898875 17.625108011998236
10928 1 1138735 0.79545456 23.41043297201395
10929 1 267717 0.7222222 22.51370798330754
10930 1 999321 0.75 17.765933996997774
10931 1 713529 0.7692308 14.969907933846116
10932 1 1254188 0.8 17.78601505793631
10933 1 1081603 0.7525773 13.268999056890607
10934 1 1669678 0.7173913 15.879011945798993
10935 1 1053639 0.73913044 17.790380981750786
10936 1 1460096 0.7613636 19.137038965709507
10937 1 1142235 0.7234042 13.254615012556314
10938 1 1150426 0.76666665 19.25618899986148
10939 1 1848384 0.7912088 16.612358042038977
10940 1 987103 0.7802198 15.245103975757957
10941 1 1491008 0.7282609 10.987639077939093
10942 1 240008 0.7340425 14.23784694634378
10943 1 240008 0.75 16.472451970912516
10944 1 1016912 0.78651685 13.534873025491834
10945 1 1249397 0.79545456 17.02490507159382
10946 1 1501594 0.79518074 17.965902923606336
10947 1 1097990 0.75 15.336500015109777
10948 1 1094336 0.7826087 14.83881997410208
10949 1 1188764 0.7303371 17.328926012851298
10950 1 1094360 0.73626375 18.995190039277077
10951 1 1839063 0.7019231 12.021105969324708
10952 1 1081603 0.7373737 10.978095000609756
10953 1 1142235 0.74725276 15.103822923265398
10954 1 1492905 0.78409094 19.02057894039899
10955 1 1016912 0.7263158 11.777385021559894
10956 1 1024767 0.75555557 19.57347197458148
10957 1 1148796 0.7912088 15.826510963961482
10958 1 1081603 0.7604167 12.509437976405025
10959 1 1048414 0.7659575 14.616077998653054
10960 1 1067299 0.7386364 16.639542067423463
10961 1 1081603 0.7244898 12.09216401912272
10962 1 1226791 0.7529412 18.826628918759525
10963 1 1183528 0.7582418 16.043042996898293
10964 1 1154446 0.78409094 15.169055084697902
10965 1 1692047 0.72527474 18.129206029698253
10966 1 1101230 0.7912088 16.359557048417628
10967 1 1455108 0.7356322 20.859175943769515
10968 1 1455108 0.7356322 20.162171917036176
10969 1 240008 0.7777778 18.644386902451515
10970 1 1142235 0.7157895 12.596379965543747
10971 1 558023 0.73913044 14.253566041588783
10972 1 1081603 0.71 11.1985900439322
10973 1 1067299 0.71428573 14.167053974233568
10974 1 1183528 0.7888889 15.259547042660415
10975 1 881899 0.78651685 17.780073103494942
10976 1 1140128 0.7291667 15.395005932077765
10977 1 1595124 0.80898875 15.30640502460301
10978 1 1491008 0.7882353 17.76254002470523
10979 1 1105991 0.78494626 14.52077692374587
10980 1 1041615 0.7916667 11.783074936829507
10981 1 1081603 0.7244898 12.20392098184675
10982 1 2015125 0.79347825 13.013217016123235
10983 1 1492387 0.75 19.888639100827277
10984 1 1081603 0.7525773 13.61325301695615
10985 1 1491008 0.7882353 18.339562928304076
10986 1 1067299 0.7386364 18.37388495914638
10987 1 1167045 0.76086956 17.152037005871534
10988 1 851226 0.7473684 13.496315921656787
10989 1 240008 0.7777778 18.400962930172682
10990 1 1154446 0.74157304 18.166828085668385
10991 1 1440673 0.7659575 12.266737991012633
10992 1 856290 0.78651685 17.570534022524953
10993 1 1491008 0.7282609 11.283226078376174
10994 1 850089 0.7647059 17.916684970259666
10995 1 1560451 0.78409094 17.606726032681763
10996 1 977705 0.8020833 10.1771050831303
10997 1 1081603 0.7373737 10.343902045860887
10998 1 938694 0.78409094 19.5914669893682
10999 1 10191 0.7473684 16.906495904549956
11000 1 1081603 0.7244898 13.291027047671378
11001 1 1142235 0.76404494 17.427310929633677
11002 1 1077466 0.7340425 19.325702916830778
11003 0 0 0 15.666686929762363
11004 1 1491008 0.7882353 16.58311695791781
11005 1 709444 0.75 17.76103302836418
11006 1 873084 0.8045977 17.1885269228369
11007 1 709444 0.75 14.246764942072332
11008 1 1016912 0.76666665 13.958075898699462
11009 1 873084 0.76086956 14.131554984487593
11010 1 1551078 0.8111111 14.145383960567415
11011 1 1081603 0.7346939 12.106007081456482
11012 1 815406 0.7553192 12.026143027469516
11013 1 1142235 0.7234042 11.918246978893876
11014 1 1188764 0.7303371 17.939898069016635
11015 1 873084 0.76666665 18.14482396002859
11016 1 1123499 0.7446808 17.141029005870223
11017 1 1041615 0.78350514 13.313175993971527
11018 1 1226791 0.74418604 20.571036031469703
11019 1 873084 0.79310346 20.648302976042032
11020 1 845476 0.7613636 19.292145036160946
11021 1 939116 0.74725276 19.296815036796033
11022 1 267717 0.7282609 14.607638935558498
11023 1 1254188 0.8 16.66527905035764
11024 1 1138458 0.8021978 13.953662943094969
11025 1 1093245 0.8021978 15.421777032315731
11026 1 1097990 0.7303371 16.46073698066175
11027 1 1073169 0.73626375 19.328272086568177
11028 1 1761802 0.7647059 15.644753002561629
11029 1 1016912 0.75 13.572318013757467
11030 1 1024767 0.74725276 18.374445964582264
11031 1 873084 0.78409094 19.184678909368813
11032 1 1560451 0.78409094 19.406275008805096
11033 1 1226791 0.7529412 19.000974018126726
11034 1 1193233 0.7111111 18.02673004567623
11035 1 1077466 0.7340425 19.71313206013292
11036 1 1181206 0.7234042 14.196075964719057
11037 1 10191 0.7473684 15.46191400848329
11038 1 1006239 0.7977528 14.97729797847569
11039 1 809645 0.72527474 16.876305919140577
11040 1 1105991 0.78494626 13.889397028833628
11041 1 240008 0.78651685 17.718998016789556
11042 1 1081603 0.73195875 13.046577922068536
11043 1 1088152 0.79545456 16.342294053174555
11044 1 828675 0.7058824 19.352957024239004
11045 1 2451298 0.79268295 20.471974974498153
11046 1 993226 0.79347825 15.014145988970995
11047 1 1161492 0.75510204 12.713112053461373
11048 1 704348 0.7093023 20.644754986278713
11049 1 820185 0.8068182 18.36093806196004
11050 1 840337 0.80898875 18.195147975347936
11051 1 1148796 0.7263158 14.14434495382011
11052 1 1013339 0.7241379 16.607023077085614
11053 1 1150426 0.7582418 16.60192699637264
11054 1 240008 0.7446808 14.179545920342207
11055 1 1031468 0.7303371 19.456945941783488
11056 1 1440673 0.7346939 10.372444987297058
11057 1 602764 0.7358491 6.6067560110241175
11058 1 2014726 0.7169811 12.004847987554967
11059 1 957928 0.7383177 8.043598965741694
11060 1 2014726 0.7169811 10.276690009050071
11061 1 836289 0.79787236 11.056780931539834
11062 1 1440673 0.75 11.607608059421182
11063 1 1041615 0.79591835 10.903054964728653
11064 1 957928 0.7383177 8.577350061386824
11065 1 457738 0.74285716 9.162802947685122
11066 1 836289 0.79787236 10.902218986302614
11067 1 1440673 0.75 11.745230061933398
11068 1 1198814 0.7878788 10.932639939710498
11069 1 602764 0.7358491 7.020947989076376
11070 1 1041615 0.7777778 10.273715946823359
11071 1 1440673 0.75 11.07771706301719
11072 1 1086542 0.78 9.303594008088112
11073 1 1081603 0.74 9.450762998312712
11074 1 1041615 0.7878788 9.399421978741884
11075 1 1440673 0.7346939 10.365266003645957
11076 1 1440673 0.7346939 10.59555693063885
11077 1 1081603 0.71568626 8.534529944881797
11078 1 1440673 0.72727275 9.819186991080642
11079 1 418766 0.75961536 8.2147850189358
11080 1 1440673 0.75 11.281076003797352
11081 1 1440673 0.75 14.605885022319853
11082 1 418766 0.75961536 12.257786002010107
11083 1 836289 0.7894737 10.054353973828256
11084 1 1016912 0.7113402 10.229557985439897
11085 1 1142235 0.7659575 10.511317988857627
11086 1 1941398 0.79591835 10.054753976874053
11087 1 836289 0.8064516 11.747102020308375
11088 1 1440673 0.72727275 9.92022396530956
11089 1 1081603 0.71568626 9.380164905451238
11090 1 836289 0.7894737 11.316256015561521
11091 1 1077466 0.72 11.320304009132087
11092 1 1440673 0.75 11.472965008579195
11093 1 1941398 0.79591835 9.836741955950856
11094 1 1440673 0.75 10.812104097567499
11095 1 602764 0.7358491 6.518174079246819
11096 1 418766 0.75961536 8.160687051713467
11097 1 1440673 0.742268 10.115818004123867
11098 1 1440673 0.75 11.071407934650779
11099 1 1081603 0.7227723 9.47827601339668
11100 1 1440673 0.75 10.846078977920115
11101 1 1195135 0.7227723 7.478740997612476
11102 1 1086542 0.7878788 10.222831973806024
11103 1 836289 0.79787236 10.238852933980525
11104 1 2014726 0.7169811 10.25859999936074
11105 1 1440673 0.7346939 10.234078974463046
11106 1 1440673 0.75 12.173807946965098
11107 1 836289 0.77319586 8.32173298113048
11108 1 1198814 0.79 8.495813002809882
11109 1 886535 0.71153843 10.225006029941142
11110 1 1941398 0.79591835 9.448036085814238
11111 1 418766 0.75961536 8.987921988591552
11112 1 836289 0.82608694 12.012433959171176
11113 1 957928 0.7383177 9.035794995725155
11114 1 836289 0.79787236 10.63947204966098
11115 1 457738 0.74285716 8.996173972263932
11116 1 1941398 0.79591835 9.98726801481098
11117 1 1440673 0.75 12.048157979734242
11118 1 1440673 0.75 11.392485932447016
11119 1 2014726 0.7169811 10.420489939861
11120 1 1440673 0.7346939 10.32824907451868
11121 1 602764 0.7358491 6.509840954095125
11122 1 886535 0.71153843 10.332113015465438
11123 1 1440673 0.75 11.089950101450086
11124 1 1041615 0.78571427 10.201972909271717
11125 1 1440673 0.7346939 10.292118065990508
11126 1 836289 0.78125 9.564185980707407
11127 1 1776586 0.85714287 1.5805920120328665
11128 1 1691629 0.8888889 1.6157360514625907
11129 1 406172 0.8888889 1.544603961519897
11130 1 976455 0.8181818 0.8595340186730027
11131 1 1799538 0.8181818 0.8852609898895025
11132 1 1425522 0.8888889 0.8576019899919629
11133 1 171720 0.875 0.845395028591156
11134 1 13012 0.8888889 1.1909750755876303
11135 1 2314921 0.875 1.4763659564778209
11136 1 13012 0.8888889 1.605505938641727
11137 1 395769 0.8181818 0.9605810046195984
11138 1 13012 0.8888889 1.5576910227537155
11139 1 1966038 0.875 0.9867720073089004
11140 1 1678182 0.85714287 0.8400429505854845
11141 1 149535 0.8 1.0087440023198724
11142 1 1630850 0.8181818 1.0713969822973013
11143 1 406172 0.8888889 1.0449530091136694
11144 1 1575713 0.875 2.093750052154064
11145 1 178281 0.8181818 0.9493589168414474
11146 1 470475 0.85714287 0.9713789913803339
11147 1 1459038 0.8888889 2.6296830037608743
11148 1 278036 0.8888889 1.5897939447313547
11149 1 178281 0.8181818 1.386683085002005
11150 1 278036 0.8888889 1.004977966658771
11151 1 1669974 0.8888889 0.9265959961339831
11152 1 1967575 0.8888889 0.9210709249600768
11153 1 1969602 0.8888889 0.9428000776097178
11154 1 173355 0.875 0.8899410022422671
11155 1 1691629 0.8888889 0.8979360572993755
11156 1 1780050 0.8888889 0.8625530172139406
11157 1 1795410 0.8333333 0.8826240664348006
11158 1 1425522 0.8888889 0.9523009648546576
11159 1 395769 0.8181818 1.2031940277665854
11160 1 1562909 0.8888889 0.9224920067936182
11161 1 1459038 0.8888889 2.6249660877510905
11162 1 1425522 0.8888889 1.2131850235164165
11163 1 15575 0.8181818 0.9587510721758008
11164 1 30921 0.8 2.9538499657064676
11165 1 80764 0.85714287 2.824860974214971
11166 1 222657 0.85 2.8502560453489423
11167 1 578128 0.85714287 2.3212130181491375
11168 1 138871 0.85 2.581387059763074
11169 1 824227 0.8095238 3.0129050137475133
11170 1 345061 0.8695652 2.975216950289905
11171 1 1596516 0.85714287 1.4948169700801373
11172 1 489285 0.8 4.15349705144763
11173 1 1967844 0.85714287 2.5162409292533994
11174 1 6965 0.8333333 3.140634042210877
11175 1 297617 0.8095238 3.1105789821594954
11176 1 1019697 0.84210527 2.6951819891110063
11177 1 637475 0.82608694 2.942577935755253
11178 1 303440 0.8 1.90235604532063
11179 1 1945762 0.8181818 3.374016028828919
11180 1 447801 0.8125 1.3711359351873398
11181 1 80764 0.8095238 2.453139051795006
11182 1 598624 0.8 1.2479879660531878
11183 1 993461 0.8695652 3.6648360546678305
11184 1 412652 0.8333333 1.8650470301508904
11185 1 1696750 0.88235295 1.8540630117058754
11186 1 2382942 0.875 2.642097999341786
11187 1 1778587 0.85 2.138438983820379
11188 1 8881 0.8125 2.3194830864667892
11189 1 454901 0.85 4.420154960826039
11190 1 578128 0.85714287 2.37554800696671
11191 1 1860792 0.88235295 1.4442030806094408
11192 1 1963862 0.85714287 2.5414719711989164
11193 1 231994 0.82608694 2.631612936966121
11194 1 2243956 0.8947368 2.071410999633372
11195 1 1747484 0.84210527 2.584475092589855
11196 1 1993926 0.85714287 2.480491064488888
11197 1 953673 0.8181818 2.2236579097807407
11198 1 1167841 0.875 1.540469005703926
11199 1 291039 0.82608694 2.4998850421980023
11200 1 1188591 0.8181818 3.8864880334585905
11201 1 1675766 0.8235294 1.9690139451995492
11202 1 396351 0.8888889 1.87704898416996
11203 1 1384313 0.8 2.4058650014922023
11204 1 1661713 0.8333333 1.4124410226941109
11205 1 1967140 0.8235294 1.2938090367242694
11206 1 469613 0.82608694 2.6971219340339303
11207 1 1302410 0.8 2.4803639389574528
11208 1 1925491 0.8 2.749169012531638
11209 1 98538 0.82608694 2.632619929499924
11210 1 983274 0.82608694 2.666441025212407
11211 1 1442864 0.8125 1.4711000258103013
11212 1 1966527 0.8636364 2.471051993779838
11213 1 1738244 0.8095238 1.7913590418174863
11214 1 196586 0.85714287 4.473997978493571
11215 1 1695184 0.8 1.615451998077333
11216 1 138871 0.85 2.03570700250566
11217 1 2429392 0.8181818 1.9797480199486017
11218 1 962300 0.8333333 1.173043972812593
11219 1 767599 0.85714287 0.9893759852275252
11220 1 243607 0.82608694 3.354885964654386
11221 1 746787 0.8 2.422699937596917
11222 1 1019697 0.8947368 1.930632977746427
11223 1 643369 0.84210527 2.6397990295663476
11224 1 31737 0.8095238 2.1532970713451505
11225 1 138871 0.85 2.061064005829394
11226 1 1605500 0.8095238 2.16989207547158
11227 1 1678286 0.84210527 1.9034369615837932
11228 1 31737 0.8 1.5988170634955168
11229 1 1695184 0.8 1.3287999900057912
11230 1 138871 0.85 1.8007369944825768
11231 1 1968188 0.8235294 1.2702330714091659
11232 1 566343 0.8 1.1349170235916972
11233 1 2019893 0.8235294 1.2189389672130346
11234 1 1778506 0.8333333 1.6559211071580648
11235 1 46582 0.88235295 1.6606999561190605
11236 1 195232 0.8636364 2.5562189985066652
11237 1 2466397 0.8888889 1.8377669621258974
11238 1 1966875 0.8 2.7736190240830183
11239 1 52610 0.8666667 1.2470899382606149
11240 1 1924168 0.8 2.1308569703251123
11241 1 596375 0.8125 1.2776650255545974
11242 1 486280 0.8095238 1.8905650358647108
11243 1 1726948 0.8947368 1.6897880705073476
11244 1 1630727 0.8 2.6642889715731144
11245 1 1246414 0.875 1.3197140069678426
11246 1 474234 0.85714287 1.2435449752956629
11247 1 161983 0.8947368 2.2220700047910213
11248 1 1678656 0.875 1.304958015680313
11249 1 1854807 0.85 2.1348840091377497
11250 1 1961202 0.8666667 1.225435989908874
11251 1 96961 0.85 2.328854985535145
11252 1 1961012 0.85714287 2.4855920346453786
11253 1 1909564 0.85 2.5260860566049814
11254 1 650161 0.8 1.969721051864326
11255 1 1645126 0.84210527 1.7981900600716472
11256 1 1302410 0.8 4.152609035372734
11257 1 598624 0.8 1.1475919745862484
11258 1 1585108 0.8095238 3.296365961432457
11259 1 1925491 0.8 3.097873064689338
11260 1 596375 0.8 1.2842960422858596
11261 1 596375 0.8666667 1.6965920804068446
11262 1 1824434 0.84210527 2.687429077923298
11263 1 1338616 0.8181818 2.6183580048382282
11264 1 746787 0.8 2.62338703032583
11265 1 2017015 0.8 1.362742972560227
11266 1 1522881 0.8235294 1.2925040209665895
11267 1 2017015 0.8 1.5321410028263927
11268 1 326888 0.8 3.0970550142228603
11269 1 1648408 0.8333333 1.450622919946909
11270 1 232413 0.85 3.7206090055406094
11271 1 1961754 0.8 1.8964109476655722
11272 1 1630727 0.8235294 1.8670529825612903
11273 1 1925489 0.8 2.901691012084484
11274 1 1121676 0.8333333 2.8451060643419623
11275 1 454901 0.85 2.006114926189184
11276 1 2133072 0.8 2.601420972496271
11277 1 1700674 0.8333333 2.74720904417336
11278 1 591023 0.8947368 2.407820080406964
11279 1 332660 0.8636364 2.6367040118202567
11280 1 1090737 0.8636364 3.0324209947139025
11281 1 8496 0.82608694 2.7413700008764863
11282 1 1691746 0.8095238 2.105079940520227
11283 1 1678837 0.8095238 2.17066693585366
11284 1 1136461 0.85 2.1020059939473867
11285 1 1500326 0.8235294 1.5751209575682878
11286 1 13276 0.8666667 1.4684320194646716
11287 1 1965745 0.8888889 1.585979014635086
11288 1 432226 0.8333333 2.617649035528302
11289 1 2359946 0.8947368 2.6121740229427814
11290 1 1945762 0.8181818 2.053310046903789
11291 1 1660060 0.8 1.933158957399428
11292 1 1965745 0.8888889 1.5561779728159308
11293 1 691123 0.8 2.532058977521956
11294 1 784744 0.8095238 1.6907009994611144
11295 1 1936422 0.8333333 1.3216210063546896
11296 1 157648 0.8888889 1.679091015830636
11297 1 1963862 0.85714287 2.046343986876309
11298 1 1319013 0.85714287 1.0791230015456676
11299 1 1963862 0.85714287 2.4883250007405877
11300 1 1967535 0.8 2.460662042722106
11301 1 269992 0.85 2.3204439785331488
11302 1 1960354 0.8636364 2.5634000776335597
11303 1 1957934 0.8 1.758566009812057
11304 1 1860792 0.8235294 3.2873740419745445
11305 1 502105 0.82608694 2.5239710230380297
11306 1 598624 0.8 2.9276299756020308
11307 1 1857699 0.85 1.9945480162277818
11308 1 735379 0.85714287 3.313806955702603
11309 1 1966875 0.8 2.7985740453004837
11310 1 2277260 0.8 2.3424529936164618
11311 1 1383866 0.8947368 3.637998946942389
11312 1 1857899 0.8888889 1.6977470368146896
11313 1 453380 0.8888889 2.463098964653909
11314 1 1210062 0.85714287 1.8169679678976536
11315 1 1683455 0.8095238 1.6311670187860727
11316 1 606721 0.875 1.1299130273982882
11317 1 2140411 0.88235295 1.1764110531657934
11318 1 1675461 0.8235294 1.085613970644772
11319 1 833767 0.8095238 1.6961420187726617
11320 1 1420284 0.8 2.4802839616313577
11321 1 1906438 0.8333333 1.6055790474638343
11322 1 314248 0.8888889 1.3927300460636616
11323 1 1969559 0.82608694 2.5847579818218946
11324 1 1209149 0.8333333 1.8483540043234825
11325 1 397142 0.8125 2.292532008141279
11326 1 1859329 0.85714287 2.547263982705772
11327 1 87927 0.8095238 2.207107958383858
11328 1 298030 0.84210527 2.083148923702538
11329 1 1925491 0.8 2.655726973898709
11330 1 1662476 0.8636364 2.5206439895555377
11331 1 269992 0.85 2.3749599931761622
11332 1 1028297 0.82608694 2.825535018928349
11333 1 2267829 0.8 1.8205030355602503
11334 1 106491 0.8 3.105000010691583
11335 1 1341532 1.0 2.0584060112014413
11336 1 1629941 0.8181818 4.003750975243747
11337 1 505621 0.82608694 3.432176075875759
11338 1 1857899 0.84210527 2.8453500708565116
11339 1 1147792 0.82608694 3.313843044452369
11340 1 1820399 0.8 1.245953026227653
11341 1 1622849 0.8 0.9987490484490991
11342 1 1662880 0.8 2.6961449766531587
11343 1 1857899 0.8888889 1.7215479165315628
11344 1 1965535 0.85714287 2.2711060009896755
11345 1 1654963 0.8 2.0998429972678423
11346 1 1354348 0.8947368 2.2983619710430503
11347 1 1093783 0.8095238 2.0580639829859138
11348 1 342591 0.8095238 2.5774900568649173
11349 1 1678656 0.875 1.6220289980992675
11350 1 138871 0.85 2.660880913026631
11351 1 60381 0.7894737 1.8600630573928356
11352 1 2020054 0.8095238 2.044510911218822
11353 1 1925490 0.8 3.099269000813365
11354 1 1963946 0.8 3.200532984919846
11355 1 1963862 0.85714287 2.810092060826719
11356 1 474075 0.88235295 1.711738994345069
11357 1 96961 0.85 2.694676979444921
11358 1 662281 0.8235294 1.59204110968858
11359 1 1336859 0.85714287 1.4309529215097427
11360 1 143073 0.8636364 2.763345022685826
11361 1 1910654 0.8 1.6017110319808125
11362 1 578128 0.85714287 3.166010952554643
11363 1 369449 0.84210527 2.1435630042105913
11364 1 1522881 0.8888889 1.618528040125966
11365 1 1933516 0.85714287 2.707004896365106
11366 1 1687042 0.8095238 2.729865023866296
11367 1 33508 0.82608694 2.782494993880391
11368 1 248091 0.85714287 2.531348029151559
11369 1 1711072 0.8333333 1.3879420002922416
11370 1 1483338 0.8333333 1.3167099095880985
11371 1 464105 0.84210527 2.33753293287009
11372 1 1854807 0.85 1.834867987781763
11373 1 2374468 0.8181818 4.1049569845199585
11374 1 1033542 0.8947368 2.837408916093409
11375 1 2120755 0.85714287 1.2775029754266143
11376 1 222510 0.8333333 1.558025018312037
11377 1 1802089 0.8695652 2.8417169814929366
11378 1 2017015 0.8 1.4646321069449186
11379 1 185487 0.8 1.70616596005857
11380 1 1906438 0.8333333 1.9187850411981344
11381 1 138871 0.85 2.297396073117852
11382 1 1354348 0.8947368 2.749170991592109
11383 1 832167 0.8888889 1.9035560544580221
11384 1 1209149 0.88235295 1.6442110063508153
11385 1 1777085 0.8333333 1.6515909228473902
11386 1 640121 0.8333333 2.4039469426497817
11387 1 11371 0.84210527 2.7596259023994207
11388 1 879595 0.8095238 2.1873190999031067
11389 1 1934482 0.84210527 3.998511005192995
11390 1 1961442 0.88235295 1.4610040234401822
11391 1 1396202 0.84210527 2.438626019284129
11392 1 1555186 0.82608694 2.876546001061797
11393 1 1899842 0.8095238 2.7559379814192653
11394 1 1963862 0.85714287 2.3670929949730635
11395 1 1910654 0.8 2.429082989692688
11396 1 662134 0.8181818 2.6129090692847967
11397 1 1641539 0.8 2.869043033570051
11398 1 531452 0.8181818 2.466777921654284
11399 1 962567 0.8695652 3.7706189323216677
11400 1 1857899 0.8888889 2.5444780476391315
11401 1 230993 0.84210527 3.273806069046259
11402 1 1529919 0.82608694 2.7126679196953773
11403 1 137758 0.8181818 2.4295119801536202
11404 1 1966958 0.8666667 3.114341991022229
11405 1 1553402 0.8 2.474058070220053
11406 1 643010 0.8181818 2.460521995089948
11407 1 1085573 0.8181818 2.350948052480817
11408 1 1967064 0.8 2.830183017067611
11409 1 193747 0.8125 1.4774649171158671
11410 1 489285 0.8 1.9283280707895756
11411 1 595068 0.7894737 1.2930789962410927
11412 1 1535097 0.8181818 1.8378259846940637
11413 1 1125472 0.8181818 2.4772409815341234
11414 1 288300 0.88235295 1.6952609876170754
11415 1 1856072 0.8333333 2.6930299354717135
11416 1 2017015 0.8 1.5290669398382306
11417 1 1471974 0.8333333 3.302498022094369
11418 1 195218 0.8095238 2.7079309802502394
11419 1 1899842 0.8095238 3.272965084761381
11420 1 619193 0.8333333 2.109101042151451
11421 1 2219008 0.8181818 2.384567051194608
11422 1 2027211 0.88235295 1.615404966287315
11423 1 581234 0.8095238 2.6005390100181103
11424 1 1965678 0.8235294 1.3241709675639868
11425 1 1384313 0.8 2.234939020127058
11426 1 1960727 0.85714287 2.670148038305342
11427 1 1857899 0.84210527 1.9275299273431301
11428 1 2385173 0.8 1.3209590688347816
11429 1 486280 0.8095238 2.033791970461607
11430 1 140692 0.82608694 2.5602419627830386
11431 1 1925494 0.85714287 2.1652529248967767
11432 1 103379 0.88235295 1.2529060477390885
11433 1 1967801 0.8095238 1.704686088487506
11434 1 1660060 0.8 1.5357870142906904
11435 1 318314 0.85714287 0.9872670052573085
11436 1 1279902 0.9411765 1.1877219658344984
11437 1 1965678 0.8235294 1.1019749799743295
11438 1 1965745 0.8888889 1.6231019981205463
11439 1 1778587 0.8095238 2.4114580592140555
11440 1 1027606 0.82608694 2.6920929085463285
11441 1 1521804 0.8333333 2.7510420186445117
11442 1 2017015 0.8 3.173925098963082
11443 1 1662880 0.8 2.989363973028958
11444 1 354942 0.8947368 2.5023010093718767
11445 1 1965854 0.8 3.0130709055811167
11446 1 357184 0.8 3.0920690624043345
11447 1 1535097 0.8181818 3.184341941960156
11448 1 8852 0.82608694 3.014373010955751
11449 1 598624 0.8 1.3074909802526236
11450 1 1452742 0.8235294 3.54540697298944
11451 1 746787 0.8 2.541382913477719
11452 1 568305 0.84210527 1.7904919805005193
11453 1 824227 0.8095238 2.8106700628995895
11454 1 531452 0.8181818 3.0786650022491813
11455 1 1036666 0.85 2.3251420352607965
11456 1 157648 0.8888889 1.6051259590312839
11457 1 1090737 0.8636364 2.483898075297475
11458 1 1732920 0.84615386 1.914930995553732
11459 1 983274 0.82608694 2.783111995086074
11460 1 1494495 0.8 1.8657289911061525
11461 1 119674 0.8 1.4771770220249891
11462 1 223840 0.8 2.6077849324792624
11463 1 269992 0.85 2.2429809905588627
11464 1 1961070 0.8095238 2.8093591099604964
11465 1 1888069 0.8125 1.626032986678183
11466 1 1965507 0.8125 1.60405901260674
11467 1 1663318 0.8181818 2.795291948132217
11468 1 1001964 0.85714287 2.4343760451301932
11469 1 1083264 0.8695652 2.4649809347465634
11470 1 2011504 0.8888889 1.5510680386796594
11471 1 1624426 0.8 2.645317930728197
11472 1 1695184 0.8 1.5865369932726026
11473 1 936147 0.85714287 2.798949950374663
11474 1 1965052 0.84210527 1.8416170496493578
11475 1 1968564 0.8 2.8224909910932183
11476 1 685030 0.8181818 4.344290005974472
11477 1 1966875 0.8 2.560436027124524
11478 1 1628882 0.85714287 1.8151529366150498
11479 1 558971 0.8 1.3334429822862148
11480 1 1421713 0.9 2.544142073020339
11481 1 502105 0.82608694 4.6497120056301355
11482 1 1874201 0.85714287 2.7078069979324937
11483 1 692640 0.8 3.1163330422714353
11484 1 180304 0.8888889 2.7567149372771382
11485 1 1968564 0.8 4.469676990993321
11486 1 1989674 0.82608694 4.4004080118611455
11487 1 1707686 0.85 3.0267219990491867
11488 1 2017015 0.8 1.5994670102372766
11489 1 1688992 0.8888889 1.6516910400241613
11490 1 444714 0.82608694 4.852210986427963
11491 1 493769 0.8095238 1.9099339842796326
11492 1 1961395 0.84210527 2.790265018120408
11493 1 1962372 0.84210527 1.5434549422934651
11494 1 1367664 0.8095238 2.249332028441131
11495 1 397906 0.8235294 1.188811962492764
11496 1 1967227 0.7894737 2.2081320639699697
11497 1 2359597 0.8 1.7889180453494191
11498 1 1966210 0.8947368 2.1663930965587497
11499 1 962300 0.8333333 1.2875300599262118
11500 1 650161 0.8 1.8017470138147473
11501 1 1535097 0.8181818 3.5757579607889056
11502 1 1793030 0.8095238 2.292139921337366
11503 1 2368099 0.84210527 2.42812093347311
11504 1 691123 0.8 2.6828369591385126
11505 1 2355191 0.8095238 1.8712020246312022
11506 1 560831 0.8333333 2.7458500117063522
11507 1 1051280 0.8888889 1.7170800128951669
11508 1 125527 0.84210527 2.460325020365417
11509 1 445682 0.85714287 1.1337940813973546
11510 1 1865518 0.8947368 1.9564219983294606
11511 1 1580247 0.8125 1.5650049317628145
11512 1 749237 0.8095238 2.6898450450971723
11513 1 82613 0.85714287 3.2145960722118616
11514 1 1860792 0.88235295 2.1306349663063884
11515 1 1672749 0.85714287 3.518778015859425
11516 1 2243171 0.8235294 2.519036061130464
11517 1 1648408 0.8333333 2.0489299204200506
11518 1 344638 0.8947368 1.9588780123740435
11519 1 1857899 0.84210527 3.113572020083666
11520 1 591023 0.8947368 2.250437973998487
11521 1 452465 0.8 1.8259880598634481
11522 1 222657 0.8947368 2.256378997117281
11523 1 1906438 0.8333333 2.2083509247750044
11524 1 2209661 0.82608694 2.399394055828452
11525 1 1860792 0.88235295 1.5585110522806644
11526 1 1961754 0.8095238 2.297655097208917
11527 1 1857699 0.8 1.779673038981855
11528 1 465510 0.8636364 2.3216689005494118
11529 1 1966992 0.85714287 1.1408650316298008
11530 1 1967227 0.7894737 2.452409011311829
11531 1 575406 0.8888889 3.9830459281802177
11532 1 2117243 0.8125 1.3905969681218266
11533 1 1964157 0.8 1.2358499225229025
11534 1 1963478 0.8 2.9101590625941753
11535 1 526209 0.8947368 1.9242590060457587
11536 1 1532143 0.8125 1.6335659893229604
11537 1 1964525 0.84615386 1.5425840392708778
11538 1 1602917 0.84210527 1.909179030917585
11539 1 1572110 0.8181818 2.0968569442629814
11540 1 1663318 0.85714287 2.418824005872011
11541 1 746077 0.82608694 2.9179539997130632
11542 1 1962163 0.8125 1.6235200455412269
11543 1 1487143 0.8095238 2.5605870177969337
11544 1 1068484 0.88235295 1.685786060988903
11545 1 356778 0.84210527 4.001619992777705
11546 1 1924166 0.8 3.013970097526908
11547 1 31813 0.84210527 2.4093870306387544
11548 1 372053 0.8333333 2.2737339604645967
11549 1 1662880 0.8 3.069080994464457
11550 1 29774 0.82608694 3.0028020264580846
11551 1 223693 0.8333333 2.5733980583027005
11552 1 558971 0.8 2.0120100816711783
11553 1 1889743 0.85 3.3424480352550745
11554 1 596375 0.8666667 1.7506490694358945
11555 1 1730647 0.84210527 2.190792001783848
11556 1 1960727 0.85714287 2.714721951633692
11557 1 959814 0.8 2.4109150981530547
11558 1 1832174 0.8888889 1.8042270094156265
11559 1 191891 0.8333333 2.3939539678394794
11560 1 1773177 0.8181818 3.3849410247057676
11561 1 119080 0.85 2.982010948471725
11562 1 2119558 0.8125 1.8089719815179706
11563 1 427125 0.8 3.427244024351239
11564 1 125527 0.84210527 2.210001926869154
11565 1 1963862 0.85714287 3.4710040781646967
11566 1 138328 0.8 1.9845159258693457
11567 1 2355191 0.8095238 3.5758879967033863
11568 1 1001964 0.85714287 3.3386610448360443
11569 1 2355191 0.8095238 2.512659993954003
11570 1 1899842 0.85 3.4705859143286943
11571 1 1860792 0.88235295 2.997063100337982
11572 1 333047 0.8 4.516390967182815
11573 1 1934750 0.8181818 2.5750650092959404
11574 1 1507735 0.8 3.088145051151514
11575 1 2242657 0.85714287 1.3937529874965549
11576 1 366960 0.84615386 2.46644695289433
11577 1 650161 0.8 3.5323709016665816
11578 1 948797 0.8 5.229067988693714
11579 1 643010 0.8181818 4.3228709837421775
11580 1 1399203 0.84210527 1.9222779665142298
11581 1 48907 0.8235294 2.9079659143462777
11582 1 1966875 0.8 5.285619059577584
11583 1 922534 0.84210527 2.8803510358557105
11584 1 1662880 0.8 3.3932969672605395
11585 1 1992890 0.88235295 2.348621957935393
11586 1 1967227 0.7894737 3.0157919973134995
11587 1 1730951 0.85714287 1.6312530497089028
11588 1 1925491 0.8 3.626176039688289
11589 1 1487143 0.8095238 2.8285610023885965
11590 1 746787 0.8 4.506745026446879
11591 1 825123 0.8947368 2.234932966530323
11592 1 1963478 0.8 3.0959040159359574
11593 1 1487143 0.85 3.144499030895531
11594 1 1396202 0.8 4.457712988369167
11595 1 1130658 0.82608694 2.6625320315361023
11596 1 1909564 0.85 2.7869989862665534
11597 1 1538483 0.8333333 1.5372009947896004
11598 1 1965507 0.8125 2.6581049896776676
11599 1 1802518 0.8095238 2.5051849661394954
11600 1 1718869 0.8 2.161526004783809
11601 1 474234 0.85714287 1.5633569564670324
11602 1 1965745 0.8888889 1.958798966370523
11603 1 1906055 0.8 2.0079590613022447
11604 1 1963862 0.85714287 3.8165589794516563
11605 1 1125472 0.8181818 3.876012982800603
11606 1 1238146 0.8 3.079999005421996
11607 1 2045868 0.84210527 2.6540070539340377
11608 1 1857860 0.8181818 3.815116942860186
11609 1 666976 0.8181818 3.7551880814135075
11610 1 956786 0.84210527 2.2183300461620092
11611 1 80449 0.8888889 2.5650960160419345
11612 1 1965854 0.84210527 4.312137025408447
11613 1 648719 0.88235295 3.2986600417643785
11614 1 1019697 0.8 4.0606140391901135
11615 1 758654 0.8095238 3.9103509625419974
11616 1 240875 0.8181818 2.924320986494422
11617 1 544027 0.8 1.775538083165884
11618 1 488868 0.8 1.402358990162611
11619 1 1688055 0.875 2.0130209159106016
11620 1 1395889 0.82608694 3.1184579711407423
11621 1 1136461 0.8095238 2.706466941162944
11622 1 1854807 0.85 2.13476805947721
11623 1 156183 0.8 2.3334650322794914
11624 1 1659111 0.8095238 2.634430071339011
11625 1 1596373 0.85714287 2.829659031704068
11626 1 1669916 0.8 2.63529596850276
11627 1 127327 0.85 2.0759800681844354
11628 1 1711279 0.8095238 2.0438169594854116
11629 1 1924167 0.8 2.7658360777422786
11630 1 1354348 0.8947368 2.6106409495696425
11631 1 1777932 0.85714287 4.439712036401033
11632 1 1961754 0.8095238 2.747073071077466
11633 1 361619 0.84210527 2.2209039889276028
11634 1 1354348 1.0 2.029634080827236
11635 1 157648 0.8888889 4.3494770070537925
11636 1 1965535 0.85714287 2.999081974849105
11637 1 243011 0.8636364 5.441326065920293
11638 1 1384313 0.8 2.683817991055548
11639 1 217812 0.8181818 2.6879720389842987
11640 1 1966594 0.82608694 2.7790889143943787
11641 1 1136461 0.9 3.552402020432055
11642 1 1458613 0.85714287 2.511907950975001
11643 1 2245453 0.8 3.2553329365327954
11644 1 833767 0.85714287 2.481422037817538
11645 1 276183 0.84210527 2.5051719276234508
11646 1 767599 0.85714287 1.2087030336260796
11647 1 1565985 0.8 1.7566410824656487
11648 1 748752 0.82608694 4.456475027836859
11649 1 2240560 0.8 1.7448141006752849
11650 1 1257094 0.8695652 2.7499189600348473
11651 1 1963455 0.8947368 1.8842628924176097
11652 1 746787 0.8 2.480491064488888
11653 1 1898713 0.8 3.3818460069596767
11654 1 477856 0.8095238 2.180539071559906
11655 1 601260 0.85714287 2.614850993268192
11656 1 1678837 0.85 1.6828390071168542
11657 1 1364461 0.85714287 2.5420350721105933
11658 1 821208 0.8333333 1.2545069912448525
11659 1 1678656 0.875 1.1744999792426825
11660 1 1962478 0.8947368 2.065414097160101
11661 1 1535097 0.8181818 2.050432958640158
11662 1 1965052 0.84210527 2.2266170708462596
11663 1 1156023 0.8333333 2.8946769889444113
11664 1 241203 0.8518519 7.59553094394505
11665 1 1294956 0.85714287 5.515531986020505
11666 1 1593784 0.89285713 7.566849002614617
11667 1 2447622 0.85714287 7.520661107264459
11668 1 1369951 0.8 16.14891702774912
11669 1 383729 0.8055556 14.885507058352232
11670 1 1378365 0.8125 11.82835700456053
11671 1 1859245 0.8064516 15.633406932465732
11672 1 1497984 0.8965517 14.443317078985274
11673 1 2463737 0.8064516 16.054245992563665
11674 1 2252803 0.8 8.423937018960714
11675 1 1116024 0.85294116 17.191594932228327
11676 1 1483326 0.83870965 11.006270069628954
11677 1 14958 0.8666667 19.539109081961215
11678 1 1719600 0.84 7.136531989090145
11679 1 2473949 0.89285713 9.476084029302001
11680 1 1124673 0.8055556 15.817190986126661
11681 1 2095035 0.82857144 15.60217805672437
11682 1 502228 0.8 11.783830006606877
11683 1 1520916 0.85714287 13.932600966654718
11684 1 642719 0.84615386 6.041072076186538
11685 1 1705234 0.8518519 5.997653934173286
11686 1 1850912 0.84615386 4.233545972965658
11687 1 1024915 0.8 11.690085986629128
11688 1 1193266 0.84615386 3.8124409038573503
11689 1 1779002 0.8181818 3.189602983184159
11690 1 1362021 0.8484849 12.320181936956942
11691 1 872108 0.82758623 10.9909389866516
11692 1 636802 0.8 6.450127926655114
11693 1 1642307 0.82758623 12.697129976004362
11694 1 1383465 0.8666667 11.562059982679784
11695 1 1458298 0.8076923 7.180991000495851
11696 1 1899932 0.8333333 15.185698051936924
11697 1 845778 0.87096775 12.65869999770075
11698 1 447944 0.8064516 9.596309042535722
11699 1 1586010 0.8 4.051106050610542
11700 1 617938 0.8064516 15.207631979137659
11701 1 1069482 0.84 3.9711330318823457
11702 1 626271 0.8484849 12.799126096069813
11703 1 491419 0.8214286 12.072450015693903
11704 1 1149461 0.87096775 10.708262911066413
11705 1 1707516 0.8888889 11.887287022545934
11706 1 1964866 0.85714287 10.613106074742973
11707 1 481925 0.86206895 7.450085016898811
11708 1 642719 0.84615386 6.113345036283135
11709 1 1604587 0.82758623 12.601672089658678
11710 1 389462 0.8 16.219699988141656
11711 1 1164393 0.8064516 12.123293010517955
11712 1 1925492 0.8181818 3.006099024787545
11713 1 754223 0.8148148 8.750963024795055
11714 1 2351808 0.875 3.9804839761927724
11715 1 666734 0.8 12.950508971698582
11716 1 1650180 0.8333333 14.074813923798501
11717 1 1696883 0.8333333 14.531321940012276
11718 1 608945 0.8064516 9.090404957532883
11719 1 946449 0.8125 14.085017028264701
11720 1 2128351 0.8484849 14.587145997211337
11721 1 1060256 0.8787879 13.987218961119652
11722 1 692693 0.8965517 8.965627988800406
11723 1 1044421 0.875 3.796420991420746
11724 1 15048 0.8666667 14.429787988774478
11725 1 1186958 0.8333333 2.914473065175116
11726 1 423556 0.8076923 8.53880902286619
11727 1 2199327 0.8965517 8.838042966090143
11728 1 1270379 0.7916667 5.816448014229536
11729 1 2199334 0.83870965 8.914384059607983
11730 1 1048530 0.85714287 13.713479042053223
11731 1 1007800 0.82608694 4.220040049403906
11732 1 2215048 0.8064516 16.535687958821654
11733 1 557033 0.79310346 10.306638083420694
11734 1 1525722 0.8076923 8.521222975105047
11735 1 1729166 0.8064516 15.38038405124098
11736 1 1118284 0.8055556 16.708455979824066
11737 1 1908909 0.8 13.47419002559036
11738 1 2079221 0.8 12.076560989953578
11739 1 551830 0.8064516 9.254991076886654
11740 1 805226 0.85294116 14.177114004269242
11741 1 821299 0.82758623 7.846430060453713
11742 1 903839 0.84615386 4.0587689727544785
11743 1 1618496 0.84615386 8.404583903029561
11744 1 1699881 0.8333333 14.054415049031377
11745 1 1791026 0.8076923 9.105663048103452
11746 1 1170323 0.8 13.848092057742178
11747 1 979439 0.8 12.109823990613222
11748 1 477005 0.8148148 9.854292962700129
11749 1 1586010 0.84 4.42648003809154
11750 1 1970935 0.8695652 3.3670540433377028
11751 1 2451776 0.82608694 4.484151024371386
11752 1 1803619 0.8666667 13.917396077886224
11753 1 1491697 0.84375 11.372831999324262
11754 1 61138 0.8181818 12.392409960739315
11755 1 843885 0.90625 13.052996015176177
11756 1 1970255 0.8076923 8.106248918920755
11757 1 1598601 0.84615386 6.030695047229528
11758 1 2019100 0.8333333 4.216609988361597
11759 1 1103117 0.84375 11.331071029417217
11760 1 1144746 0.875 11.88698096666485
11761 1 1961012 0.8181818 3.3641960471868515
11762 1 1712995 0.83870965 7.977482979185879
11763 1 172498 0.8666667 10.584017029032111
11764 1 919785 0.8333333 15.00296697486192
11765 1 847316 0.84615386 4.150695982389152
11766 1 1165208 0.8787879 11.704905075021088
11767 1 1067033 0.83870965 13.5744649451226
11768 1 592406 0.8181818 3.8572399644181132
11769 1 1934445 0.8181818 3.69713397230953
11770 1 257084 0.85714287 14.69613192602992
11771 1 540193 0.8 12.125078006647527
11772 1 505498 0.8518519 9.107699035666883
11773 1 1700970 0.8125 17.20444404054433
11774 1 275538 0.84375 11.534050921909511
11775 1 1798794 0.8 6.698551005683839
11776 1 1559894 0.8666667 8.973813964985311
11777 1 1034438 0.8888889 5.784187000244856
11778 1 1469366 0.8064516 12.740564066916704
11779 1 1421689 0.8181818 14.81751597020775
11780 1 1521267 0.8333333 14.193414011970162
11781 1 230587 0.8333333 14.120234991423786
11782 1 1256161 0.82857144 12.767411069944501
11783 1 235058 0.8214286 11.163307004608214
11784 1 141637 0.8148148 9.129905956797302
11785 1 1782342 0.86206895 7.403178955428302
11786 1 1409118 0.83870965 8.859973982907832
11787 1 1001310 0.8214286 5.355535075068474
11788 1 1057555 0.90625 12.754781055264175
11789 1 936938 0.8076923 6.197475944645703
11790 1 1924169 0.8095238 3.3176770666614175
11791 1 1560081 0.8235294 14.242445002309978
11792 1 814543 0.88461536 5.103998933918774
11793 1 878591 0.82758623 8.130379021167755
11794 1 1961838 0.8076923 6.079629994928837
11795 1 1797188 0.83870965 9.752800920978189
11796 1 1550419 0.8787879 14.077107072807848
11797 1 1966524 0.8518519 7.912504952400923
11798 1 576627 0.8125 15.087469015270472
11799 1 1678686 0.85714287 6.539112073369324
11800 1 1934480 0.8333333 5.544216022826731
11801 1 588791 0.8 5.996715044602752
11802 1 1864111 0.82608694 4.526905948296189
11803 1 1198619 0.8125 14.79755702894181
11804 1 1460388 0.8888889 8.410966023802757
11805 1 1730693 0.8076923 5.53781702183187
11806 1 1003888 0.875 11.926278006285429
11807 1 1182759 0.8333333 12.474306975491345
11808 1 1793014 0.8484849 12.242970988154411
11809 1 236544 0.8333333 13.529374031350017
11810 1 1965608 0.8333333 5.145883071236312
11811 1 1054880 0.82758623 10.353889898397028
11812 1 397789 0.8214286 11.032192967832088
11813 1 1525196 0.8064516 15.106735052540898
11814 1 1961773 0.8076923 6.301771034486592
11815 1 761395 0.8148148 7.746608927845955
11816 1 2119603 0.83870965 10.619851993396878
11817 1 1852803 0.8214286 5.901366006582975
11818 1 1414468 0.88461536 5.673257983289659
11819 1 1133337 0.8333333 13.828698894940317
11820 1 586104 0.8125 9.004585910588503
11821 1 893891 0.82608694 4.2974939569830894
11822 1 1499398 0.8181818 12.528840103186667
11823 1 968715 0.8181818 13.36870703380555
11824 1 1887650 0.84615386 6.373895914293826
11825 1 13991 0.8666667 15.309856040403247
11826 1 1198982 0.8 6.907056085765362
11827 1 287048 0.84375 11.457607033662498
11828 1 907355 0.88461536 5.174455931410193
11829 1 2409256 0.8695652 3.437021980062127
11830 1 155914 0.8076923 8.623869973234832
11831 1 2018007 0.8666667 14.104565023444593
11832 1 358908 0.85714287 8.202798082493246
11833 1 1445003 0.83870965 13.856596080586314
11834 1 1991438 0.8 13.293879106640816
11835 1 545275 0.86206895 12.57835398428142
11836 1 2212710 0.8214286 6.358280079439282
11837 1 247880 0.8235294 14.32584400754422
11838 1 2164564 0.8181818 9.633820969611406
11839 1 1461707 0.8 5.575357005000114
11840 1 1183578 0.8666667 11.75368798431009
11841 1 1790621 0.8333333 7.610586006194353
11842 1 1188594 0.8484849 12.327707023359835
11843 1 443690 0.8125 14.410619041882455
11844 1 817472 0.8888889 5.940904025919735
11845 1 1800168 0.84375 11.147265904583037
11846 1 626533 0.85714287 12.63652800116688
11847 1 1198982 0.8 6.655056029558182
11848 1 221830 0.8333333 6.787467980757356
11849 1 233763 0.8214286 11.949142906814814
11850 1 1593059 0.8333333 14.877409092150629
11851 1 1936672 0.8 14.030887046828866
11852 1 1707209 0.82758623 11.340604978613555
11853 1 1116916 0.88461536 5.504242959432304
11854 1 575502 0.8787879 12.724751024506986
11855 1 1719600 0.8076923 8.471389999613166
11856 1 322672 0.8 12.467591906897724
11857 1 1970255 0.8695652 3.6962159210816026
11858 1 789771 0.8064516 14.653192949481308
11859 1 1182759 0.8064516 14.627594035118818
11860 1 1532909 0.8484849 12.464354978874326
11861 1 1549231 0.8484849 12.45754596311599
11862 1 1179003 0.86206895 7.891815039329231
11863 1 1491795 0.8 13.367105042561889
11864 1 1108613 0.8235294 11.241025989875197
11865 1 1967324 0.8636364 3.7664970150217414
11866 1 218258 0.8214286 9.092792985029519
11867 1 143988 0.88 4.044653964228928
11868 1 1462264 0.8 13.094012974761426
11869 1 1270379 0.7916667 5.609874031506479
11870 1 1082807 0.82608694 3.3202009508386254
11871 1 2075144 0.8484849 12.632256024517119
11872 1 1973219 0.84375 11.206767987459898
11873 1 1416608 0.8148148 9.999301983043551
11874 1 1459413 0.85294116 13.308012974448502
11875 1 1624165 0.82758623 13.467042008414865
11876 1 1111432 0.86206895 9.212901000864804
11877 1 1123213 0.8181818 13.314274954609573
11878 1 986277 0.875 5.287017091177404
11879 1 1470119 0.83870965 9.538878919556737
11880 1 836758 0.8333333 14.988567098043859
11881 1 1649320 0.84615386 8.01438488997519
11882 1 2250314 0.86206895 12.254043016582727
11883 1 1710917 0.8965517 10.452688904479146
11884 1 1067708 0.8076923 6.341867963783443
11885 1 1511232 0.8125 11.545251007191837
11886 1 1960511 0.875 4.228185978718102
11887 1 504902 0.8695652 4.22159896697849
11888 1 197810 0.88 5.417604930698872
11889 1 1180393 0.83870965 8.9953230926767
11890 1 1968810 0.8333333 14.316931017674506
11891 1 1044421 0.875 3.6533810198307037
11892 1 1161128 0.8666667 11.854293989017606
11893 1 1458660 0.8695652 3.2038060016930103
11894 1 169252 0.8695652 3.6387749714776874
11895 1 1337770 0.8 12.425513938069344
11896 1 738969 0.8 6.364310975186527
11897 1 2344852 0.84615386 5.190550000406802
11898 1 1116024 0.85294116 13.038730947300792
11899 1 1762518 0.8148148 7.791375974193215
11900 1 1026236 0.8518519 6.635580095462501
11901 1 1230565 0.8333333 15.053385985083878
11902 1 1930837 0.8125 8.473983965814114
11903 1 1018994 0.82758623 13.16543691791594
11904 1 791423 0.8333333 13.000603998079896
11905 1 367767 0.86206895 8.497475064359605
11906 1 1443096 0.8 10.108254966326058
11907 1 602164 0.85714287 6.342515000142157
11908 1 703762 0.8148148 9.529453003779054
11909 1 1007800 0.8636364 3.7242769030854106
11910 1 600254 0.8 13.285905006341636
11911 1 1167820 0.86206895 6.201628013513982
11912 1 1884845 0.8235294 12.949096038937569
11913 1 1526227 0.87096775 11.610119952820241
11914 1 1284942 0.85294116 13.885307940654457
11915 1 659180 0.9 8.277849992737174
11916 1 64204 0.8076923 7.701535942032933
11917 1 1137419 0.8076923 7.826774963177741
11918 1 1207039 0.86206895 10.048811906017363
11919 1 1727243 0.8 6.489297025837004
11920 1 33943 0.8518519 4.1497990023344755
11921 1 1009312 0.8484849 11.806039954535663
11922 1 267003 0.8518519 5.347990081645548
11923 1 1680926 0.8125 11.162462062202394
11924 1 703838 0.8333333 12.33455108013004
11925 1 1034438 0.8518519 5.286931060254574
11926 1 1016798 0.875 3.6680640187114477
11927 1 1477077 0.84375 13.349525979720056
11928 1 1887650 0.84615386 6.232302985154092
11929 1 1505870 0.86206895 7.939602946862578
11930 1 1934480 0.82608694 3.8459039060398936
11931 1 1049636 0.8148148 8.27547605149448
11932 1 1117244 0.85714287 8.958019083365798
11933 1 2252803 0.8 6.793607957661152
11934 1 1426789 0.8076923 8.343402063474059
11935 1 1699471 0.8235294 11.532219010405242
11936 1 1618346 0.8333333 14.845688012428582
11937 1 843885 0.90625 13.15250899642706
11938 1 825511 0.8181818 11.399826034903526
11939 1 847316 0.84615386 4.273531027138233
11940 1 1655184 0.83870965 8.947580005042255
11941 1 1884400 0.8 12.841344927437603
11942 1 181985 0.88461536 7.269353955052793
11943 1 434856 0.8125 14.380712062120438
11944 1 1560001 0.89285713 7.567418972030282
11945 1 1594902 0.89285713 8.56827199459076
11946 1 1652426 0.9032258 10.50799002405256
11947 1 1413528 0.8148148 3.823585924692452
11948 1 1727180 0.7916667 5.553258000873029
11949 1 1101936 0.875 10.583174065686762
11950 1 768418 0.8125 11.332827038131654
11951 1 469887 0.8064516 13.642007950693369
11952 1 407110 0.8965517 12.32056797016412
11953 1 1613402 0.8181818 14.078668085858226
11954 1 1937173 0.84615386 6.569372024387121
11955 1 1257656 0.8666667 9.421005961485207
11956 1 1018075 0.84615386 5.788722075521946
11957 1 609346 0.8695652 4.013616940937936
11958 1 1044421 0.8 4.077030927874148
11959 1 153775 0.875 14.045965042896569
11960 1 1474083 0.88461536 6.170206004753709
11961 1 491596 0.87096775 11.3189029507339
11962 1 614354 0.84615386 4.127922002226114
11963 1 1632993 0.82758623 13.32788891158998
11964 1 577405 0.8965517 8.471074979752302
11965 1 2038594 0.8064516 13.217605999670923
11966 1 753743 0.8787879 13.488251948729157
11967 1 1098886 0.84615386 7.5376470340415835
11968 1 1452523 0.84615386 7.460021995939314
11969 1 32183 0.85714287 6.299343076534569
11970 1 2072557 0.8181818 12.478113058023155
11971 1 1639030 0.8 7.197004044428468
11972 1 1171371 0.8181818 12.469446985051036
11973 1 1546354 0.8235294 14.171222923323512
11974 1 1557210 0.86206895 11.984845041297376
11975 1 2252331 0.8333333 5.358168040402234
11976 1 1234448 0.84615386 7.8580150147899985
11977 1 1086367 0.88235295 13.348671956919134
11978 1 1125332 0.85714287 6.314550992101431
11979 1 661142 0.8064516 15.192187973298132
11980 1 1700970 0.8125 15.453458996489644
11981 1 871247 0.8333333 9.457143023610115
11982 1 1419181 0.8333333 14.930982957594097
11983 1 2012552 0.8888889 5.491833086125553
11984 1 1175169 0.8125 9.787146933376789
11985 1 257686 0.82857144 13.600677018985152
11986 1 1665887 0.8787879 13.134993030689657
11987 1 1653308 0.85714287 10.615212027914822
11988 1 1279902 0.8095238 3.284382983110845
11989 1 1276076 0.96 5.7685800129547715
11990 1 1786056 0.85714287 10.725944070145488
11991 1 1164246 0.8125 9.148334036581218
11992 1 1859245 0.8518519 5.4781840881332755
11993 1 601004 0.88461536 5.141193978488445
11994 1 814273 0.8484849 12.506950995884836
11995 1 1967957 0.84615386 5.401415983214974
11996 1 1312032 0.96 4.893888020887971
11997 1 86005 0.88 5.088512087240815
11998 1 42362 0.82608694 4.227110999636352
11999 1 1034285 0.875 11.892116977833211
12000 1 738972 0.8666667 8.4978659870103
12001 1 1555186 0.8148148 9.223734959959984
12002 1 1439685 0.87096775 8.478877018205822
12003 1 562424 0.8148148 4.2239249451085925
12004 1 2424074 0.8214286 11.202579946257174
12005 1 1198619 0.8125 14.070447999984026
12006 1 1679078 0.8125 13.774950988590717
12007 1 1978120 0.875 12.48592499177903
12008 1 1075634 0.79310346 12.248756946064532
12009 1 741786 0.875 3.7141699576750398
12010 1 250679 0.8 15.978310024365783
12011 1 1287339 0.8 12.473128968849778
12012 1 1470784 0.8181818 9.824950946494937
12013 1 577581 0.85714287 6.347240065224469
12014 1 366218 0.8888889 9.02180711273104
12015 1 1346388 0.8064516 8.658636012114584
12016 1 1557662 0.8148148 9.47538297623396
12017 1 1104497 0.84615386 7.960323942825198
12018 1 536233 0.8055556 14.730544062331319
12019 1 658077 0.8125 11.36055402457714
12020 1 1278811 0.8 9.20869898982346
12021 1 1341584 0.8787879 13.42841295991093
12022 1 1515224 0.8148148 7.800313062034547
12023 1 2197095 0.875 3.6284480011090636
12024 1 1741623 0.8484849 12.327346950769424
12025 1 1499307 0.8333333 6.222611991688609
12026 1 1078466 0.8333333 14.21054603997618
12027 1 825085 0.82758623 6.268744939006865
12028 1 518774 0.8 14.125069952569902
12029 1 1178222 0.83870965 8.79156298469752
12030 1 1164246 0.8125 8.971884963102639
12031 1 2028184 0.8064516 12.397623038850725
12032 1 1301611 0.875 13.202504953369498
12033 1 1034438 0.8518519 5.664209951646626
12034 1 851366 0.8666667 14.624195988290012
12035 1 1791715 0.84615386 6.591167999431491
12036 1 824314 0.79310346 12.576723005622625
12037 1 2128351 0.8181818 11.971125029958785
12038 1 1320014 0.8148148 6.628878065384924
12039 1 2053164 0.85294116 16.255202936008573
12040 1 1665151 0.8666667 8.858412969857454
12041 1 1620951 0.8333333 7.7418319415301085
12042 1 158549 0.8 11.644575046375394
12043 1 1525160 0.8 11.725471937097609
12044 1 1560808 0.8 6.512966006994247
12045 1 1661509 0.85294116 13.664780999533832
12046 1 1197377 0.84375 13.729512924328446
12047 1 934415 0.82608694 3.6959530552849174
12048 1 1457482 0.8181818 12.225915910676122
12049 1 1467799 0.8064516 15.350022935308516
12050 1 667959 0.88461536 7.943099015392363
12051 1 263144 0.84 4.2740830685943365
12052 1 1701517 0.82608694 3.715542028658092
12053 1 1027653 0.87096775 12.479291995987296
12054 1 271281 0.8076923 6.2686840537935495
12055 1 26580 0.86206895 7.571145077235997
12056 1 1067285 0.88461536 5.293491063639522
12057 1 285798 0.8214286 10.317526990547776
12058 1 655141 0.83870965 9.330799919553101
12059 1 1303086 0.8064516 15.529030933976173
12060 1 1707528 0.8214286 11.725027929060161
12061 1 1680452 0.83870965 9.447196964174509
12062 1 1710854 0.82608694 4.450966021977365
12063 1 821299 0.82758623 8.294126950204372
12064 1 530296 0.7878788 8.957833051681519
12065 1 1908843 0.8 12.390855932608247
12066 1 1689017 0.8148148 8.90434393659234
12067 1 1910976 0.84615386 4.202418960630894
12068 1 1708569 0.8518519 8.273497107438743
12069 1 536916 0.82758623 13.124077930115163
12070 1 1056930 0.8214286 5.571754998527467
12071 1 2197097 0.8888889 5.663726013153791
12072 1 1709359 0.84 3.3735729521140456
12073 1 2013745 0.84615386 7.3343279073014855
12074 1 1232348 0.8055556 14.278576010838151
12075 1 1876041 0.8 11.378846014849842
12076 1 821299 0.89285713 7.205858011730015
12077 1 917343 0.83870965 8.719131932593882
12078 1 570521 0.8333333 14.492882997728884
12079 1 1265304 0.79310346 5.642267060466111
12080 1 1416446 0.90909094 3.620196948759258
12081 1 1964228 0.8333333 3.7140519125387073
12082 1 1259902 0.87096775 11.323933023959398
12083 1 1556493 0.8333333 4.098354023881257
12084 1 51029 0.875 5.2045469637960196
12085 1 1636240 0.8484849 12.702382984571159
12086 1 2197101 0.85294116 14.935068087652326
12087 1 1605545 0.87096775 14.076146995648742
12088 1 1426891 0.85714287 14.504392049275339
12089 1 1407086 0.82758623 13.27559503261
12090 1 2358012 0.85294116 12.869699974544346
12091 1 1910976 0.8148148 5.803277948871255
12092 1 941025 0.83870965 9.141713962890208
12093 1 1166700 0.8 13.063188060186803
12094 1 1688756 0.8 5.813303985632956
12095 1 1628699 0.88235295 13.27313098590821
12096 1 991467 0.8 11.613330920226872
12097 1 1063213 0.8214286 11.423776973970234
12098 1 2343946 0.8 13.030464993789792
12099 1 1530606 0.8125 14.700467931106687
12100 1 1270388 0.8787879 14.644703944213688
12101 1 397953 0.8214286 5.654670996591449
12102 1 1403134 0.875 12.699128012172878
12103 1 1056777 0.8214286 9.467305964790285
12104 1 1792758 0.86206895 11.28416194114834
12105 1 673776 0.8148148 9.780213935300708
12106 1 211184 0.84375 11.643939069472253
12107 1 1964228 0.8 4.388457979075611
12108 1 1410912 0.87096775 8.815927081741393
12109 1 74041 0.85714287 8.736424962989986
12110 1 1183578 0.8666667 11.839870945550501
12111 1 1544394 0.86206895 6.2440469628199935
12112 1 1502487 0.8214286 12.475137016735971
12113 1 817472 0.8888889 6.060226005502045
12114 1 123930 0.8 6.0756749007850885
12115 1 545280 0.82758623 12.61614600662142
12116 1 2038594 0.8064516 12.656821985729039
12117 1 1966301 0.8333333 5.408914992585778
12118 1 1012753 0.8235294 12.984627042897046
12119 1 988146 0.8055556 15.06890298333019
12120 1 1000056 0.8148148 4.062556894496083
12121 1 33871 0.8484849 11.424234951846302
12122 1 1571351 0.8787879 13.787472969852388
12123 1 666734 0.8 13.074213056825101
12124 1 1452523 0.84 5.259979981929064
12125 1 356393 0.8666667 10.805845027789474
12126 1 2016035 0.8076923 8.074634009972215
12127 1 1647158 0.8 3.535764990374446
12128 1 81607 0.87096775 10.945377056486905
12129 1 1462439 0.83870965 8.710709982551634
12130 1 1117244 0.85714287 8.481645956635475
12131 1 541146 0.8214286 11.062631965614855
12132 1 606903 0.84375 11.98045106139034
12133 1 1798794 0.8 7.787390029989183
12134 1 834184 0.875 11.966231046244502
12135 1 835334 0.8235294 16.693772980943322
12136 1 6938 0.8148148 6.042584078386426
12137 1 2072557 0.8181818 13.351369998417795
12138 1 1123087 0.8484849 11.848021997138858
12139 1 51185 0.8125 14.776731957681477
12140 1 1608897 0.86206895 12.73671502713114
12141 1 16736 0.8 13.903034036047757
12142 1 1652426 0.9032258 11.135490029118955
12143 1 1778306 0.86206895 7.514980970881879
12144 1 539394 0.8125 11.584584950469434
12145 1 1968473 0.85714287 7.37279502209276
12146 1 354678 0.8965517 8.440849022008479
12147 1 175883 0.8181818 3.2390160486102104
12148 1 296849 0.8076923 8.430835092440248
12149 1 2242436 0.8076923 5.644105025567114
12150 1 1557884 0.82758623 13.004601001739502
12151 1 1528203 0.8214286 5.3702929290011525
12152 1 814543 0.84615386 4.120936966501176
12153 1 2119603 0.8125 12.412869022227824
12154 1 1481945 0.8214286 8.964055916294456
12155 1 1356967 0.8 6.429164903238416
12156 1 2153453 0.84615386 5.9401351027190685
12157 1 1571318 0.83870965 13.588894042186439
12158 1 1159249 0.84375 11.157540022395551
12159 1 1462820 0.8064516 9.303131024353206
12160 1 1179125 0.8064516 15.753973042592406
12161 1 1449623 0.8181818 3.3640029141679406
12162 1 1098960 0.8 5.770756979472935
12163 1 1508844 0.82758623 11.209717951714993
12164 1 1619589 0.81395346 34.36697495635599
12165 1 1341796 0.875 35.148350056260824
12166 1 408355 0.80487806 36.13098501227796
12167 1 2028413 0.8604651 31.874589971266687
12168 1 832434 0.84210527 21.185270976275206
12169 1 1589072 0.82051283 32.40377095062286
12170 1 1425647 0.94285715 18.536316929385066
12171 1 1549051 0.8333333 26.893396046943963
12172 1 2029678 0.84615386 26.113511994481087
12173 1 824532 0.8108108 24.75999598391354
12174 1 1483763 0.8 22.488916059955955
12175 1 318748 0.82857144 17.491439008153975
12176 1 1005267 0.85 30.805720016360283
12177 1 1523457 0.85294116 21.4754450134933
12178 1 2049350 0.8857143 22.056436049751937
12179 1 1483429 0.84090906 32.578335027210414
12180 1 1485237 0.81395346 36.24451102223247
12181 1 853552 0.875 33.36025692988187
12182 1 17544 0.8636364 36.41011496074498
12183 1 1430479 0.8181818 34.6895270049572
12184 1 1448904 0.8095238 29.04307097196579
12185 1 1441829 0.85 34.97131692711264
12186 1 1474725 0.85 27.154861949384212
12187 1 1560926 0.83870965 16.177666024304926
12188 1 1359916 0.8 30.21862404420972
12189 1 1296076 0.8181818 16.761186067014933
12190 1 1605265 0.81578946 18.84936704300344
12191 1 1363275 0.8947368 24.748816969804466
12192 1 1470556 0.8717949 29.468214022926986
12193 1 1453249 0.8 30.40725295431912
12194 1 599704 0.825 28.90835702419281
12195 1 1627648 0.8108108 29.86132598016411
12196 1 1484230 0.82051283 30.324865016154945
12197 1 1027242 0.82051283 30.662250006571412
12198 1 313606 0.8378378 26.862347032874823
12199 1 994618 0.8 40.018634987063706
12200 1 1539249 0.82857144 21.333149983547628
12201 1 1779707 0.82857144 27.41816092748195
12202 1 1114568 0.84615386 22.99213199876249
12203 1 47520 0.85294116 19.182746997103095
12204 1 1446757 0.82051283 33.027927041985095
12205 1 1101235 0.85365856 32.51330798957497
12206 1 294385 0.8333333 27.751354034990072
12207 1 2008233 0.81578946 29.93536798749119
12208 1 1137224 0.81395346 34.01645296253264
12209 1 1391242 0.85 30.88801691774279
12210 1 861096 0.8 20.66034998279065
12211 1 1947228 0.8611111 28.700542985461652
12212 1 1557063 0.825 35.660171997733414
12213 1 2027849 0.84210527 20.951049053110182
12214 1 2452078 0.82857144 17.42371602449566
12215 1 115246 0.825 36.88710101414472
12216 1 1400301 0.80487806 32.72837202530354
12217 1 1628393 0.8611111 27.038616011850536
12218 1 622736 0.8372093 31.069783959537745
12219 1 847805 0.88095236 32.60559297632426
12220 1 1529753 0.8918919 21.312634111382067
12221 1 1496236 0.8372093 34.63038499467075
12222 1 1379981 0.82608694 36.81476798374206
12223 1 1288708 0.8235294 16.244144993834198
12224 1 1360908 1.0 18.108827993273735
12225 1 1624720 0.84090906 34.59507797379047
12226 1 1252988 0.902439 32.02644397970289
12227 1 1413537 0.8043478 39.247593958862126
12228 1 1558178 0.84210527 28.12831406481564
12229 1 1136446 0.82857144 23.395851021632552
12230 1 686187 0.8333333 33.429204020649195
12231 1 1418394 0.84210527 26.631281012669206
12232 1 1545262 0.8604651 34.46192597039044
12233 1 1468161 0.8 32.69375301897526
12234 1 2231901 0.82222223 34.58558896090835
12235 1 1602354 0.8095238 35.22222698666155
12236 1 41132 0.8 31.599796027876437
12237 1 1700970 0.84375 18.127690069377422
12238 1 1386239 0.8974359 26.167082018218935
12239 1 1287311 0.8636364 32.192465965636075
12240 1 1433711 0.825 27.499913005158305
12241 1 817985 0.8 32.90288697462529
12242 1 474017 0.825 28.30825198907405
12243 1 1336936 0.8484849 18.358916975557804
12244 1 1067901 0.85714287 32.91712293867022
12245 1 1571825 0.8043478 35.28106398880482
12246 1 2249580 0.8055556 22.890485008247197
12247 1 1358988 0.84615386 35.26369493920356
12248 1 390761 0.8181818 41.781041072681546
12249 1 2053287 0.8 53.945482010021806
12250 1 1464970 0.8 42.40550904069096
12251 1 1609381 0.8604651 34.83620402403176
12252 1 1341020 0.825 31.22392704244703
12253 1 1567468 0.8108108 28.06484396569431
12254 1 52775 0.8 39.45154510438442
12255 1 1952567 0.8717949 46.48659098893404
12256 1 241492 0.8181818 26.39405697118491
12257 1 1285890 0.8717949 36.58844297751784
12258 1 1452328 0.84615386 27.93508197646588
12259 1 1191331 0.8095238 39.43351795896888
12260 1 832884 0.8947368 32.2190779261291
12261 1 1286239 0.875 18.908238969743252
12262 1 1057742 0.8055556 18.4555099112913
12263 1 1653628 0.82222223 39.60938297677785
12264 1 557842 0.82857144 16.752290073782206
12265 1 1618508 0.8378378 24.81625904329121
12266 1 2397935 0.8 18.187624984420836
12267 1 1081628 0.8378378 22.95140502974391
12268 1 1876826 0.8 34.221400041133165
12269 1 1001801 0.81578946 27.77611603960395
12270 1 1554942 0.84615386 27.421574923209846
12271 1 1026041 0.8 28.47166103310883
12272 1 1595426 0.80487806 35.525914980098605
12273 1 390628 0.82051283 28.771787998266518
12274 1 1038796 0.8333333 28.559071011841297
12275 1 823078 0.8888889 26.497957995161414
12276 1 294428 0.8333333 38.679529912769794
12277 1 265551 0.88235295 16.50268502999097
12278 1 139333 0.8378378 26.20152593590319
12279 1 892183 0.8333333 17.09773496259004
12280 1 1739970 0.82051283 27.786955004557967
12281 1 1572014 0.81395346 33.5644509177655
12282 1 1490077 0.88235295 15.927850967273116
12283 1 1132931 0.8 38.077028933912516
12284 1 1639346 0.8 30.392221990041435
12285 1 1274711 1.0 23.930107010528445
12286 1 1410951 0.875 35.012054024264216
12287 1 1414045 0.85365856 29.279000009410083
12288 1 1921760 0.825 27.091416995972395
12289 1 1472912 0.8484849 16.754382057115436
12290 1 1554635 0.8378378 25.26311995461583
12291 1 1585391 0.8181818 34.13474792614579
12292 1 668312 0.8108108 26.889487984590232
12293 1 1611666 0.83870965 16.140086925588548
12294 1 1176957 0.8181818 30.36607406102121
12295 1 1251561 0.8 25.910094962455332
12296 1 1920313 0.8 34.111527958884835
12297 1 1649445 0.8918919 20.14808205422014
12298 1 1290117 0.875 26.027016923762858
12299 1 1382093 0.82857144 27.622050954960287
12300 1 1119744 0.8604651 39.221714017912745
12301 1 1480169 0.8 38.73470006510615
12302 1 1220473 0.88235295 17.018264974467456
12303 1 573393 0.81395346 28.517614002339542
12304 1 239992 0.81578946 26.58996405079961
12305 1 1198522 0.8 30.619723023846745
12306 1 2070730 0.8333333 25.394686963409185
12307 1 1001392 0.8043478 36.67326003778726
12308 1 1531831 0.80487806 34.44216190837324
12309 1 1484987 0.825 23.51057401392609
12310 1 423617 0.81395346 36.86025703791529
12311 1 1075930 0.8333333 32.17121702618897
12312 1 1484956 0.84615386 23.76204903703183
12313 1 1428579 0.8636364 32.34683501068503
12314 1 1457220 0.82857144 23.559945984743536
12315 1 1396239 0.83870965 16.2789550377056
12316 1 1625602 0.8857143 17.491378006525338
12317 1 1132931 0.8 33.82409492041916
12318 1 265437 0.8378378 16.4331590058282
12319 1 1626422 0.85 31.34653391316533
12320 1 1199811 0.8717949 29.321720940060914
12321 1 1119857 0.8684211 21.250140969641507
12322 1 1129495 0.81578946 25.583834038116038
12323 1 1056378 0.8095238 31.173311988823116
12324 1 263048 0.8 31.457848963327706
12325 1 483967 0.8055556 22.400398971512914
12326 1 1421521 0.81395346 41.299511096440256
12327 1 1656124 0.8055556 23.01532099954784
12328 1 979944 0.8292683 37.586375954560935
12329 1 1047012 0.80487806 36.15008597262204
12330 1 719089 0.8888889 21.742266952060163
12331 1 1296825 0.85365856 34.36091705225408
12332 1 1358803 0.82222223 35.10030603501946
12333 1 1242674 1.0 18.00907007418573
12334 1 2109162 0.8333333 36.44706401973963
12335 1 393754 0.8095238 32.792362035252154
12336 1 1007393 0.8372093 33.261536969803274
12337 1 1527946 0.8333333 21.09376003500074
12338 1 628002 0.8095238 35.322294919751585
12339 1 1059368 0.8888889 23.45023804809898
12340 1 193485 0.85 32.48006396461278
12341 1 1129789 0.80487806 25.57795902248472
12342 1 592664 0.8292683 36.66802099905908
12343 1 1705590 0.8108108 29.155289055779576
12344 1 1419919 0.85714287 22.2210050560534
12345 1 1354059 0.8717949 33.054327010177076
12346 1 1136066 0.8108108 17.744628014042974
12347 1 1184687 0.85365856 32.656146911904216
12348 1 1016393 0.8857143 24.15379590820521
12349 1 1461336 0.85 26.683585019782186
12350 1 1068978 0.8181818 35.015399917028844
12351 1 1114335 0.8604651 31.348675023764372
12352 1 1461067 0.8333333 28.149540070444345
12353 1 824312 0.8333333 18.52938497904688
12354 1 1895737 0.8 21.5611889725551
12355 1 1046338 0.8095238 32.6105939457193
12356 1 1025049 0.8 24.65881302487105
12357 1 2036677 0.82051283 28.701807954348624
12358 1 1410755 0.80487806 35.619709989987314
12359 1 1639488 0.82222223 34.45829404518008
12360 1 2153256 0.8604651 31.812894972972572
12361 1 2444296 0.8095238 33.62727793864906
12362 1 859568 0.8857143 18.722899025306106
12363 1 2071149 0.85294116 21.244575968012214
12364 1 1730759 0.7948718 32.84732799511403
12365 1 1369138 1.0 18.389235949143767
12366 1 1100941 0.8 32.984769088216126
12367 1 1594623 0.8636364 45.322907040826976
12368 1 2298585 0.8918919 26.913956040516496
12369 1 892414 0.8181818 42.80479205772281
12370 1 1114568 0.8333333 38.32738602068275
12371 1 815773 0.8372093 40.874436032027006
12372 1 1715006 0.81578946 31.396960956044495
12373 1 1609908 0.85714287 45.93406792264432
12374 1 1624620 0.85365856 35.898276953957975
12375 1 1176736 0.84090906 40.201778057962656
12376 1 1744077 0.8648649 23.877540952526033
12377 1 1776126 0.8888889 21.32931991945952
12378 1 1080293 0.8292683 35.99222702905536
12379 1 1378299 0.8 34.62222497910261
12380 1 1517783 0.80487806 35.26061889715493
12381 1 1484794 0.82857144 24.12469091359526
12382 1 1107184 0.85714287 35.63749301247299
12383 1 1405732 0.8181818 15.795105951838195
12384 1 1936631 0.82857144 21.789490012452006
12385 1 827930 0.875 29.885238967835903
12386 1 1008621 0.80487806 35.779920988716185
12387 1 1109665 0.84615386 35.88949900586158
12388 1 299410 0.8043478 38.27922104392201
12389 1 1481429 0.8055556 30.96047998405993
12390 1 1187353 0.82051283 35.9382739989087
12391 1 2125065 0.80487806 27.128565940074623
12392 1 1073378 0.8095238 33.690302981995046
12393 1 1391738 0.9142857 21.93457609973848
12394 1 1983363 0.88235295 20.44576604384929
12395 1 614670 0.8 38.05708198342472
12396 1 632702 0.8918919 27.586372918449342
12397 1 1556314 0.8292683 36.649657995440066
12398 1 1515840 0.81395346 42.39149997010827
12399 1 1797264 0.8095238 30.745272990316153
12400 1 1627926 0.8611111 22.720856009982526
12401 1 625438 0.8181818 18.81127094384283
12402 1 41234 0.82857144 23.818118032068014
12403 1 1120752 0.84444445 33.425859990529716
12404 1 640257 0.8947368 28.158092056401074
12405 1 1641963 0.81395346 37.327507976442575
12406 1 1616373 0.8857143 21.257306914776564
12407 1 1129597 0.7941176 15.122417942620814
12408 1 1548492 0.8095238 35.34159599803388
12409 1 1520689 0.85365856 32.25679800380021
12410 1 1624227 0.81395346 34.447151934728026
12411 1 1004400 0.85714287 16.612690989859402
12412 1 1449794 0.8333333 26.457436033524573
12413 1 1629201 0.8292683 36.112223053351045
12414 1 1149136 0.82051283 26.794867939315736
12415 1 1304592 0.84782606 38.269252981990576
12416 1 2037089 0.85 36.41655994579196
12417 1 2466493 0.85714287 34.3352269846946
12418 1 2075474 0.81578946 23.842717986553907
12419 1 1229082 0.8292683 28.669440071098506
12420 1 1528847 0.82051283 30.860429047606885
12421 1 192698 0.8 41.2524490384385
12422 1 2393120 0.82051283 27.801226009614766
12423 1 1630070 0.85 25.790710002183914
12424 1 1629602 0.8 32.86582406144589
12425 1 1427693 0.82051283 31.009836005978286
12426 1 1608611 0.8108108 23.698367062024772
12427 1 1059824 0.84210527 22.726202965714037
12428 1 2048774 0.8 22.51066395547241
12429 1 1205443 0.85 28.920636046677828
12430 1 244733 0.81395346 48.89041103888303
12431 1 2064407 0.8181818 44.268746045418084
12432 1 1400130 0.8292683 32.011520001105964
12433 1 2469393 0.8684211 36.827740957960486
12434 1 2051000 0.84615386 26.671660947613418
12435 1 1558882 0.84090906 33.87717599980533
12436 1 236545 0.8333333 15.006063040345907
12437 1 1151890 0.80487806 33.671188983134925
12438 1 390335 0.79545456 35.345309996046126
12439 1 1296851 0.82857144 22.820162936113775
12440 1 1283967 0.8095238 34.55462597776204
12441 1 1654072 0.8181818 34.851685049943626
12442 1 1616349 0.8108108 17.773253028281033
12443 1 2023869 0.8181818 36.23057994991541
12444 1 1711293 0.8684211 25.213530054315925
12445 1 1524077 0.85 29.23496102448553
12446 1 1699565 0.81395346 34.74714292678982
12447 1 465217 0.8292683 36.288272007368505
12448 1 1484699 0.80487806 31.758300960063934
12449 1 1244591 0.80487806 37.446754053235054
12450 1 1160109 0.8 40.17688997555524
12451 1 569801 0.8055556 20.067453966476023
12452 1 1095047 0.84210527 27.745898929424584
12453 1 1583752 0.80487806 30.255130026489496
12454 1 2108577 0.80851066 34.64008797891438
12455 1 1134239 0.80487806 30.991829931735992
12456 1 1614175 0.8292683 26.556357042863965
12457 1 1440013 0.8181818 19.230594974942505
12458 1 1488763 0.8947368 32.72651194129139
12459 1 623663 0.84615386 34.38492200803012
12460 1 1621066 0.8055556 17.064124927856028
12461 1 1061487 0.85714287 33.544652978889644
12462 1 1277442 0.8095238 34.559108898974955
12463 1 1510574 0.8780488 32.58596395608038
12464 1 1554131 0.85294116 21.286475006490946
12465 1 569401 0.8108108 25.854832027107477
12466 1 1127351 0.8095238 30.837132944725454
12467 1 1418394 0.84210527 27.22092706244439
12468 1 1667301 0.8055556 23.868637974373996
12469 1 1294332 0.80487806 30.24315508082509
12470 1 1303262 0.8918919 25.930028990842402
12471 1 1470643 0.825 24.097621091641486
12472 1 854174 0.88235295 22.29482203256339
12473 1 1481170 0.8043478 38.874848978593946
12474 1 1935314 0.85714287 22.25939102936536
12475 1 1057239 0.8974359 29.700924060307443
12476 1 505862 0.8292683 28.22592097800225
12477 1 1544939 0.85714287 18.60790397040546
12478 1 1513981 0.8181818 37.979830987751484
12479 1 1611061 0.8 25.657639955170453
12480 1 732632 0.8684211 30.4600209929049
12481 1 695653 0.8 31.81325807236135
12482 1 1626646 0.84090906 37.656269967556
12483 1 285428 0.85 31.490547000430524
12484 1 2120235 0.8095238 33.36323797702789
12485 1 1995089 0.84375 17.113436944782734
12486 1 1546250 0.8108108 24.016743060201406
12487 1 1584703 0.8 33.95955194719136
12488 1 834155 0.8648649 25.904897949658334
12489 1 1275905 0.84615386 25.957828969694674
12490 1 449624 0.82051283 28.936755028553307
12491 1 467961 0.8108108 24.085976066999137
12492 1 571707 0.80487806 28.540501021780074
12493 1 488971 0.80487806 37.46223798952997
12494 1 1192535 0.8888889 22.039189003407955
12495 1 1316484 0.8108108 19.083840074017644
12496 1 1014457 0.8611111 26.56111097894609
12497 1 1487012 0.81395346 36.990275024436414
12498 1 562927 0.8108108 28.2464399933815
12499 1 1503984 0.85714287 24.633799912407994
12500 1 1423907 0.8918919 26.005262974649668
12501 1 592034 0.8636364 33.92182802781463
12502 1 1188627 0.8604651 32.9990399768576
12503 1 1558174 0.825 31.14281699527055
12504 1 1253092 0.8857143 17.613664036616683
12505 1 1596719 0.85365856 30.8274730341509
12506 1 1523085 0.8947368 29.81703996192664
12507 1 1068203 0.8235294 17.911082948558033
12508 1 829464 0.88372093 35.646924981847405
12509 1 1540467 0.8055556 18.60579301137477
12510 1 1405730 0.8888889 23.894084035418928
12511 1 2453803 0.8108108 18.88302096631378
12512 1 1772087 0.8378378 25.82188800442964
12513 1 779983 0.8 28.985090903006494
12514 1 1048953 0.85365856 33.288651960901916
12515 1 476507 0.825 34.187305951491
12516 1 1549101 0.8235294 18.61553406342864
12517 1 1296694 0.8 34.48118001688272
12518 1 656694 0.8 32.66537201125175
12519 1 2041828 0.8181818 35.222330945543945
12520 1 1166655 0.8484849 20.676403888501227
12521 1 1809752 0.8 24.360985029488802
12522 1 1441359 0.85 27.437268989160657
12523 1 1188100 0.80487806 30.857809935696423
12524 1 2120235 0.8095238 33.91412796918303
12525 1 1111542 0.8095238 33.434391021728516
12526 1 1305638 0.84210527 22.307339939288795
12527 1 582315 0.81395346 34.03633204288781
12528 1 1528221 0.8181818 16.660177032463253
12529 1 1531369 0.8095238 31.095426995307207
12530 1 1093539 0.88235295 16.806340077891946
12531 1 993378 0.8095238 37.607859005220234
12532 1 1268464 0.7948718 28.88428303413093
12533 1 1199337 0.8666667 35.90698295738548
12534 1 1184138 0.8095238 32.40857203491032
12535 1 2443495 0.8333333 26.166551979258657
12536 1 1639881 0.875 26.519841980189085
12537 1 1073378 0.8095238 32.930952962487936
12538 1 1486792 0.8 26.69423201587051
12539 1 1402836 0.8611111 25.575395906344056
12540 1 1139856 0.85365856 34.39488704316318
12541 1 1637315 0.8181818 19.982115016318858
12542 1 1265387 0.8717949 26.683453004807234
12543 1 1977831 0.8857143 16.240615979768336
12544 1 419399 0.8292683 26.7802249873057
12545 1 1206505 0.8333333 20.624759956263006
12546 1 1998052 0.8611111 18.442441942170262
12547 1 2081026 0.825 30.826436006464064
12548 1 238345 0.84210527 26.707662967965007
12549 1 1431929 0.8857143 24.901613011024892
12550 1 1097588 0.82051283 22.843459038995206
12551 1 1524214 0.8333333 34.119970980100334
12552 1 576159 0.8292683 32.32744103297591
12553 1 1153087 0.85365856 34.58449803292751
12554 1 1118945 0.875 30.34913493320346
12555 1 1483120 0.8292683 35.16575903631747
12556 1 1306713 0.8974359 27.843695017509162
12557 1 793886 0.85714287 26.292673079296947
12558 1 1418047 0.79545456 35.28857894707471
12559 1 2088951 0.82222223 40.50036892294884
12560 1 1232283 0.8378378 19.451142055913806
12561 1 1302592 0.82608694 37.193580996245146
12562 1 1304592 0.8666667 34.1844690265134
12563 1 1012159 0.85 26.77490096539259
12564 1 1544760 0.825 32.57900197058916
12565 1 1546538 0.8 38.270796998403966
12566 1 1582899 0.8333333 22.049018065445125
12567 1 1688691 0.8 26.944610057398677
12568 1 1617833 0.8918919 27.30169694405049
12569 1 394932 0.8857143 17.319425009191036
12570 1 1406328 0.81578946 26.967374957166612
12571 1 1650951 0.9117647 22.363457013852894
12572 1 1554131 0.85294116 22.267753025516868
12573 1 628261 0.8 22.5421889917925
12574 1 1140555 0.8333333 29.923916910775006
12575 1 1451840 0.82051283 33.46920001786202
12576 1 1616126 0.84210527 19.14155506528914
12577 1 601262 0.8125 17.359304940328002
12578 1 1053151 0.8 29.23817199189216
12579 1 1355434 0.875 26.64890408050269
12580 1 1200362 0.8604651 32.72286395076662
12581 1 1615872 0.81395346 30.63925600145012
12582 1 1425001 0.8292683 32.10313501767814
12583 1 545636 0.8372093 30.476909945718944
12584 1 1000157 0.8378378 25.39672900456935
12585 1 1262494 0.82051283 29.902557958848774
12586 1 1066903 0.8 30.001909006386995
12587 1 1474376 0.85365856 31.099737039767206
12588 1 1797302 0.8108108 17.51600590068847
12589 1 1301987 0.8 24.711690959520638
12590 1 760500 0.8108108 23.163894074968994
12591 1 1209600 0.84375 19.010444055311382
12592 1 1331908 0.80487806 28.471786994487047
12593 1 2109292 0.8235294 19.283001078292727
12594 1 1115528 0.81395346 37.99443400930613
12595 1 712365 0.84090906 33.33737107459456
12596 1 1484475 0.88095236 33.673856989480555
12597 1 2233869 0.8125 12.803053017705679
12598 1 1524166 0.81395346 38.17843704018742
12599 1 543084 0.82051283 26.906785904429853
12600 1 199696 0.85 25.504403049126267
12601 1 2020185 0.80487806 28.4052980132401
12602 1 1605837 0.8378378 21.04641601908952
12603 1 1484713 0.81578946 18.517052987590432
12604 1 1163216 0.81395346 34.39684398472309
12605 1 1793980 0.8181818 36.572305019944906
12606 1 872344 0.8611111 25.535756954923272
12607 1 817135 0.8 31.427663983777165
12608 1 1193403 0.8095238 31.13712603226304
12609 1 1403405 0.8684211 28.437379049137235
12610 1 68110 0.80487806 39.4301179330796
12611 1 1938117 0.85714287 16.869885032065213
12612 1 1573336 0.825 24.455614970065653
12613 1 1105279 0.8235294 21.570176002569497
12614 1 1189756 0.82608694 37.89148107171059
12615 1 1094385 0.8684211 30.69429798051715
12616 1 1597177 0.8787879 23.00376200582832
12617 1 1048931 0.8684211 26.301810052245855
12618 1 618739 0.85294116 17.987316008657217
12619 1 720807 0.875 27.7711070375517
12620 1 973420 0.875 17.775767017155886
12621 1 1558882 0.84090906 32.647202955558896
12622 1 2436328 0.8611111 17.78329408261925
12623 1 525655 0.8974359 33.19112898316234
12624 1 1650193 0.81395346 33.98101089987904
12625 1 1047427 0.88235295 22.691710968501866
12626 1 1429245 0.8 39.70540396403521
12627 1 1482553 0.85 27.050805976614356
12628 1 435471 0.8717949 27.57896506227553
12629 1 1136894 0.825 29.698735917918384
12630 1 509476 0.8 20.12055495288223
12631 1 1857368 0.82051283 32.6431670691818
12632 1 1191235 0.80487806 30.258881044574082
12633 1 265666 0.80487806 31.602746108546853
12634 1 1205448 0.8095238 30.528411967679858
12635 1 1090865 0.8372093 30.23628902155906
12636 1 2088498 0.82051283 37.518874974921346
12637 1 1491552 0.84615386 29.6504779253155
12638 1 1059243 0.85 25.607738993130624
12639 1 1153760 0.8181818 32.26376208476722
12640 1 872143 0.85714287 23.008674033917487
12641 1 1045384 0.8611111 28.062458033673465
12642 1 1662883 0.8333333 25.835053995251656
12643 1 1301236 0.8611111 25.631511001847684
12644 1 1008678 0.83870965 17.30117795523256
12645 1 732632 0.8108108 24.72571295220405
12646 1 495617 0.81395346 36.27350798342377
12647 1 2014478 0.8 37.546006962656975
12648 1 1530023 0.82051283 27.913426980376244
12649 1 1429886 0.8235294 22.137622931040823
12650 1 1489349 0.8 27.944991015829146
12651 1 1278829 0.8611111 18.614699016325176
12652 1 1166700 0.8064516 19.845884991809726
12653 1 1651808 0.8918919 23.652527015656233
12654 1 1529756 0.82051283 30.68484493996948
12655 1 1024605 0.9 31.313827959820628
12656 1 835923 0.8108108 26.53278596699238
12657 1 1445735 0.82857144 21.716677001677454
12658 1 1604719 0.82857144 23.307427996769547
12659 1 630712 0.8292683 30.535724945366383
12660 1 389873 0.875 16.461511026136577
12661 1 1093053 0.8 19.468137994408607
12662 1 1540344 0.8372093 33.137592021375895
12663 1 1637887 0.8181818 18.074332969263196
12664 1 1077877 0.8043478 37.41504903882742
12665 1 1490263 0.8367347 41.729831020347774
12666 1 1053036 0.8541667 43.251257040537894
12667 1 704562 0.8181818 38.373642950318754
12668 1 1388455 0.84444445 36.278000101447105
12669 1 1768997 0.82978725 47.459863941185176
12670 1 1479792 0.8269231 48.5931079601869
12671 1 1631505 0.89361703 41.13721405155957
12672 1 1256174 0.82 45.98575201816857
12673 1 1131920 0.8148148 48.45984396524727
12674 1 1420772 0.8372093 36.90807393286377
12675 1 1153621 0.8604651 40.78279307577759
12676 1 1184557 0.81632656 44.6746910456568
12677 1 1118818 0.8 44.03042700141668
12678 1 984384 0.88 48.28083806205541
12679 1 1610451 0.8039216 45.95340206287801
12680 1 630077 0.8604651 35.50900099799037
12681 1 1486602 0.8235294 47.88111103698611
12682 1 1435627 0.8333333 47.839710023254156
12683 1 74725 0.84615386 45.11577798984945
12684 1 1602414 0.8181818 39.693186059594154
12685 1 1093008 0.8269231 42.9102050838992
12686 1 1076989 0.82 45.97929702140391
12687 1 1755317 0.80851066 41.16032610181719
12688 1 1141927 0.8113208 45.34331394825131
12689 1 1204833 0.84615386 47.240237006917596
12690 1 1152460 0.8043478 47.314357943832874
12691 1 1285068 0.8035714 50.56762299500406
12692 1 1001065 0.84 48.08935499750078
12693 1 992036 0.84782606 49.709434038959444
12694 1 1562101 0.82 49.67394995037466
12695 1 808372 0.8333333 52.094022976234555
12696 1 1889819 0.8125 43.507632915861905
12697 1 1597973 0.8490566 53.574101999402046
12698 1 1179773 0.8076923 51.93495308049023
12699 1 799455 0.8148148 51.132697029970586
12700 1 1206916 0.8333333 54.40928100142628
12701 1 1202677 0.8235294 51.81759293191135
12702 1 1581184 0.8235294 51.06321000494063
12703 1 840397 0.82222223 45.46696599572897
12704 1 1659727 0.8333333 50.83887395448983
12705 1 1795947 0.82978725 48.19048696663231
12706 1 1479398 0.8113208 56.34928203653544
12707 1 1265831 0.85106385 70.338323013857
12708 1 1204804 0.8913044 66.54876901302487
12709 1 1020895 0.8301887 73.0732949450612
12710 1 1610583 0.8 64.69438900239766
12711 1 1573448 0.8113208 81.37892908416688
12712 1 1031283 0.8695652 61.32698594592512
12713 1 1317583 0.81632656 68.37033806368709
12714 1 1489311 0.82608694 65.85557397920638
12715 1 1037915 0.8333333 66.25450099818408
12716 1 1163056 0.82608694 54.122509085573256
12717 1 1560145 0.8039216 80.9511139523238
12718 1 501849 0.8043478 63.246909994632006
12719 1 2094977 0.8113208 55.47703104093671
12720 1 816162 0.8 51.580282975919545
12721 1 2053090 0.8636364 39.72290002275258
12722 1 1400018 0.8113208 46.32087890058756
12723 1 2079132 0.8367347 47.59906302206218
12724 1 2109161 0.8333333 47.14949696790427
12725 1 1195891 0.8541667 42.74608800187707
12726 1 1488785 0.85714287 46.823768061585724
12727 1 1325964 0.8076923 52.03630798496306
12728 1 1428616 0.8363636 46.54942697379738
12729 1 2154572 0.8125 46.58834997098893
12730 1 936572 0.8076923 44.96446100529283
12731 1 1528079 0.84782606 41.65174497757107
12732 1 1414216 0.8125 44.454714050516486
12733 1 193079 0.84 43.351748026907444
12734 1 1466147 0.8113208 44.02988497167826
12735 1 586075 0.81632656 41.017369949258864
12736 1 1183465 0.84782606 43.323484947904944
12737 1 1385413 0.8301887 45.70888704620302
12738 1 2061815 0.80851066 41.81705799419433
12739 1 2087256 0.88235295 48.67410205770284
12740 1 1609943 0.82 49.06275402754545
12741 1 2090530 0.8076923 44.43473997525871
12742 1 1504817 0.8867925 44.87830796279013
12743 1 1480735 0.8181818 55.51814509090036
12744 1 1738073 0.8 49.8670160304755
12745 1 1551376 0.84615386 52.06361599266529
12746 1 1517186 0.8 48.58516901731491
12747 1 1863006 0.8333333 45.40692700538784
12748 1 2056886 0.9111111 38.67858799640089
12749 1 1315081 0.8269231 44.13854796439409
12750 1 826462 0.8039216 49.813424004241824
12751 1 1412441 0.8 52.098660031333566
12752 1 1664623 0.8333333 43.66070299874991
12753 1 769329 0.80851066 42.96281491406262
12754 1 1135012 0.9 46.04416398797184
12755 1 1003030 0.8604651 39.290121058002114
12756 1 1408953 0.8148148 46.92977597005665
12757 1 1013856 0.8113208 54.370839963667095
12758 1 2028217 0.82978725 47.91207599919289
12759 1 2085549 0.8333333 45.72995600756258
12760 1 350039 0.8627451 63.08360700495541
12761 1 1198182 0.8636364 39.7107609314844
12762 1 246058 0.8367347 51.487299031578004
12763 1 1106040 0.7962963 49.38891006167978
12764 1 2030298 0.8043478 40.75162601657212
12765 1 2050916 0.8214286 48.37371199391782
12766 1 1610659 0.8181818 45.65571201965213
12767 1 1413137 0.81632656 44.3631379166618
12768 1 1244746 0.82978725 43.811178067699075
12769 1 625952 0.8214286 51.46720202174038
12770 1 1196890 0.8541667 49.62187400087714
12771 1 641005 0.8490566 45.01543601509184
12772 1 1628643 0.8363636 49.973157001659274
12773 1 1515971 0.86 45.31731293536723
12774 1 1447532 0.8 49.80109294410795
12775 1 1129471 0.82 53.601805004291236
12776 1 1087425 0.8 52.15582507662475
12777 1 2332173 0.84615386 50.087193958461285
12778 1 1495519 0.8490566 46.41092603560537
12779 1 1402271 0.8035714 51.90366005990654
12780 1 1618432 0.81632656 45.81006697844714
12781 1 1423814 0.84 46.68241995386779
12782 1 1653549 0.82 45.95784505363554
12783 1 227521 0.80851066 44.25900802016258
12784 1 1111094 0.81632656 45.63091800082475
12785 1 1222331 0.8666667 37.98948193434626
12786 1 1117521 0.8235294 49.63665595278144
12787 1 1690798 0.8372093 40.74037296231836
12788 1 1458285 0.8333333 48.814104055054486
12789 1 551749 0.8 40.2113749878481
12790 1 851989 0.8 43.349175946787
12791 1 1445830 0.8148148 45.31933204270899
12792 1 1084375 0.84782606 42.86443302407861
12793 1 700463 0.8148148 50.03627995029092
12794 1 1414220 0.8333333 42.63892909511924
12795 1 1032043 0.81632656 43.141523958183825
12796 1 1616280 0.84615386 43.84537797886878
12797 1 2081643 0.8666667 39.055624045431614
12798 1 1615067 0.8269231 45.03882199060172
12799 1 1114207 0.82222223 38.285531918518245
12800 1 1431165 0.8541667 43.24965795967728
12801 1 980861 0.8979592 45.025871018879116
12802 1 2076489 0.9019608 46.78172699641436
12803 1 1113147 0.81632656 49.3494929978624
12804 1 1302226 0.8076923 49.740687943995
12805 1 1481052 0.83928573 50.29684095643461
12806 1 1053799 0.85106385 50.47287198249251
12807 1 2260451 0.8235294 49.5278179878369
12808 1 1699565 0.82608694 45.361815951764584
12809 1 1112039 0.84313726 53.15359798260033
12810 1 2231566 0.8235294 51.092250971123576
12811 1 1110317 0.82222223 43.56046998873353
12812 1 916408 0.86 41.89951403532177
12813 1 1634465 0.84782606 43.5515419812873
12814 1 827242 0.8148148 48.84652199689299
12815 1 1396941 0.8490566 47.17880301177502
12816 1 1512288 0.88235295 44.99552201014012
12817 1 501640 0.8490566 48.67532406933606
12818 1 1004171 0.8039216 47.336327959783375
12819 1 1508126 0.8958333 40.61709903180599
12820 1 1234970 0.8148148 50.16833497211337
12821 1 1454757 0.82608694 42.77210996951908
12822 1 1649945 0.8235294 44.979957048781216
12823 1 1615979 0.8269231 46.5128889773041
12824 1 1641222 0.8043478 40.54509208071977
12825 1 1417124 0.8148148 47.361770062707365
12826 1 1449912 0.85714287 38.74807991087437
12827 1 1029272 0.8076923 47.26095695514232
12828 1 1040413 0.82608694 36.57039999961853
12829 1 544620 0.7966102 45.97065399866551
12830 1 1529388 0.82978725 42.972348048351705
12831 1 1138269 0.8545455 44.20332598965615
12832 1 1409145 0.8235294 45.928494073450565
12833 1 1296770 0.8367347 41.14231595303863
12834 1 1274804 0.8518519 45.66156200598925
12835 1 482365 0.81632656 45.499978004954755
12836 1 1284434 0.8367347 43.72301697731018
12837 1 827242 0.8148148 44.97497598640621
12838 1 2107500 0.8867925 42.00596606824547
12839 1 1511610 0.8333333 43.15711709205061
12840 1 1976594 0.8039216 45.96017405856401
12841 1 2249711 0.8913044 44.22431404236704
12842 1 2441104 0.8490566 53.93818498123437
12843 1 666741 0.84444445 44.74226199090481
12844 1 1193344 0.83928573 52.7985590742901
12845 1 1277405 1.0 43.3544599218294
12846 1 1175977 0.8113208 60.4738820111379
12847 1 1440517 0.8 57.70659109111875
12848 1 1457415 0.86538464 47.51235793810338
12849 1 1555125 0.8113208 46.42821196466684
12850 1 1449066 0.8076923 48.227773047983646
12851 1 1402817 0.8518519 50.35004403907806
12852 1 1798949 0.81632656 44.88499602302909
12853 1 1353382 0.8 47.59601200930774
12854 1 1442103 0.8 45.02008901908994
12855 1 1381806 0.86538464 44.19476899784058
12856 1 1572840 0.8301887 49.17670600116253
12857 1 1634463 0.8541667 47.831962001509964
12858 1 1525923 0.8 53.722933982498944
12859 1 1574045 0.8679245 50.93981500249356
12860 1 1619545 0.84615386 48.45830495469272
12861 1 1077793 0.8214286 47.9065899271518
12862 1 1507024 0.8703704 45.16264097765088
12863 1 867592 0.8 41.883434052579105
12864 1 2471471 0.8518519 48.87861793395132
12865 1 853778 0.88235295 46.52051301673055
12866 1 1532194 0.8039216 47.2632929449901
12867 1 1528295 0.8363636 49.416281981393695
12868 1 1163600 0.8679245 48.60564798582345
12869 1 1367347 0.8181818 43.977499939501286
12870 1 1404049 0.8113208 54.661842063069344
12871 1 988211 0.84 49.96698792092502
12872 1 898787 0.8780488 37.82742295879871
12873 1 1571000 0.86538464 45.382509008049965
12874 1 555823 0.8 47.43105301167816
12875 1 1499769 0.82978725 48.701849998906255
12876 1 824462 0.8043478 41.44801199436188
12877 1 1108370 0.8541667 48.52862504776567
12878 1 1008026 0.8679245 45.17822794150561
12879 1 1794619 0.80851066 49.3619799381122
12880 1 1130443 0.8913044 41.63859796244651
12881 1 1667191 0.8863636 38.37367403320968
12882 1 1778657 0.8636364 34.932285896502435
12883 1 880347 0.81632656 45.21982301957905
12884 1 1159461 0.82222223 37.03668201342225
12885 1 1532105 0.81632656 46.449503977783024
12886 1 1521222 0.8301887 45.909057022072375
12887 1 1465495 0.8666667 41.36491601821035
12888 1 1043147 0.82608694 43.7124059535563
12889 1 1217234 0.8 45.87213904596865
12890 1 2470422 0.87234044 45.834886957891285
12891 1 1632966 0.80851066 42.68466599751264
12892 1 119466 0.80851066 47.03366197645664
12893 1 2073603 0.8 38.976010982878506
12894 1 733994 0.82 43.61513804178685
12895 1 2063158 0.82222223 44.77088898420334
12896 1 1034590 0.84313726 43.85629796888679
12897 1 1263411 0.83928573 46.49543191771954
12898 1 1108370 0.87234044 44.2288420163095
12899 1 1255242 0.8181818 48.34835708606988
12900 1 1423759 0.82 49.464019015431404
12901 1 1159607 0.8367347 41.053000022657216
12902 1 2278001 0.8269231 47.691582003608346
12903 1 863520 0.88095236 36.597504978999496
12904 1 1015898 0.8301887 49.089342006482184
12905 1 1532807 0.8039216 47.90879494976252
12906 1 1479351 0.8125 44.97447400353849
12907 1 822523 0.8043478 41.06790607329458
12908 1 1295308 0.8333333 45.137633103877306
12909 1 1170763 0.8367347 45.662662014365196
12910 1 1377057 0.82 47.294235904701054
12911 1 235864 0.83928573 46.90823191776872
12912 1 350039 0.86 43.60468208324164
12913 1 1329478 0.8043478 41.91145906224847
12914 1 2409850 0.8113208 45.799221959896386
12915 1 1562941 0.8269231 50.94743298832327
12916 1 1193475 0.84 44.9896709760651
12917 1 1826937 0.80851066 40.976995951496065
12918 1 1422740 0.8367347 51.42107198480517
12919 1 1169501 0.8113208 53.23826090898365
12920 1 1013182 0.85714287 42.678999016061425
12921 1 1513356 0.88372093 37.48496598564088
12922 1 1849731 0.8490566 47.10769793018699
12923 1 1754399 0.82222223 42.80439601279795
12924 1 1963117 0.8095238 40.056489990092814
12925 1 1197417 0.8666667 46.081624925136566
12926 1 1052600 0.8913044 42.18776209745556
12927 1 1571584 0.8181818 42.56446100771427
12928 1 1888397 0.79545456 39.73041905555874
12929 1 1562832 0.82222223 43.12334698624909
12930 1 1500267 0.8541667 48.31702506635338
12931 1 1614168 0.82608694 43.95747999660671
12932 1 26923 0.8627451 49.10642490722239
12933 1 2091595 0.8695652 43.314252980053425
12934 1 1069698 0.88 47.700423980131745
12935 1 1655679 0.82608694 48.27805305831134
12936 1 1558067 0.8235294 46.78133002016693
12937 1 1607422 0.8039216 43.11654297634959
12938 1 1591048 0.8269231 46.68407596182078
12939 1 1595812 0.85714287 42.95690497383475
12940 1 1418450 0.8627451 45.0621519703418
12941 1 1610396 0.84090906 41.75139998551458
12942 1 1420885 0.81632656 43.80079999100417
12943 1 1481226 0.8148148 47.9805771028623
12944 1 2044404 0.8235294 48.42425207607448
12945 1 350039 0.88 45.81807600334287
12946 1 1068623 0.84615386 43.834686977788806
12947 1 1299888 0.8235294 49.4906990788877
12948 1 1569235 0.8301887 46.90250800922513
12949 1 1143043 0.8367347 48.77490794751793
12950 1 1601661 0.8 41.83642892166972
12951 1 2059148 0.84615386 44.76298997178674
12952 1 1065206 0.84090906 36.76990803796798
12953 1 1068267 0.8269231 45.58785003609955
12954 1 1100132 0.84615386 50.07314891554415
12955 1 654659 0.82222223 41.32223408669233
12956 1 837802 0.82222223 43.56131295207888
12957 1 189457 0.8 41.89447790849954
12958 1 1473011 0.82222223 44.21028203796595
12959 1 1030447 0.81666666 52.27527196984738
12960 1 1449988 0.8113208 46.41742503736168
12961 1 1420984 0.8076923 51.905223983339965
12962 1 1134695 0.85714287 54.3307289481163
12963 1 1613940 0.8 49.799988977611065
12964 1 1031703 0.8301887 47.25632001645863
12965 1 1093107 0.8636364 43.275039992295206
12966 1 1528987 0.82 52.3615189595148
12967 1 1431568 0.8043478 42.65577299520373
12968 1 1228284 0.86 47.538080951198936
12969 1 1014350 0.84615386 45.72145501151681
12970 1 1011017 0.88 43.44060400035232
12971 1 1621507 0.8039216 51.36470100842416
12972 1 1103799 0.8627451 44.65290706139058
12973 1 1121670 0.8333333 43.93966495990753
12974 1 769034 0.87234044 38.693333975970745
12975 1 1121048 0.8490566 44.52471900731325
12976 1 1213620 0.8113208 45.33548199106008
12977 1 1266028 0.81632656 47.73515299893916
12978 1 1938273 0.82 47.38509899470955
12979 1 1412506 0.89361703 41.38958395924419
12980 1 1167104 0.80851066 44.77927403058857
12981 1 1343820 0.84313726 44.71227806061506
12982 1 1418988 0.8 44.75750704295933
12983 1 200109 0.85714287 43.78081893082708
12984 1 1298035 0.8076923 50.98299006931484
12985 1 772026 0.8269231 47.2231509629637
12986 1 1517095 0.8269231 47.1253750147298
12987 1 2090060 0.80487806 39.22526107635349
12988 1 1466564 0.8333333 48.3166299527511
12989 1 1591233 0.8269231 47.59505204856396
12990 1 1187360 0.80851066 45.506080030463636
12991 1 2087660 0.88 43.86896302457899
12992 1 1435144 0.8913044 39.79756694752723
12993 1 1276882 0.85714287 37.53713297192007
12994 1 1005933 0.8333333 43.30333904363215
12995 1 2087617 0.8695652 38.60360605176538
12996 1 1543149 0.8666667 43.75974799040705
12997 1 1149772 0.86 39.9129840079695
12998 1 2398142 0.8148148 45.8693589316681
12999 1 56642 0.8333333 47.30520606972277
13000 1 1410752 0.8541667 42.66908497083932
13001 1 1802926 0.84615386 48.72169601731002
13002 1 2013298 0.8541667 41.438914951868355
13003 1 987452 0.79591835 46.40459199436009
13004 1 1626126 0.8 42.603317997418344
13005 1 374416 0.8269231 46.43459105864167
13006 1 1064728 0.81632656 47.62586602009833
13007 1 835889 0.8333333 47.24965605419129
13008 1 1620688 0.82608694 40.103466948494315
13009 1 1450226 0.8367347 43.63162803929299
13010 1 1088200 0.8269231 46.81170906405896
13011 1 669801 0.7906977 37.96838305424899
13012 1 2130626 0.8 46.71818809583783
13013 1 1162942 0.8333333 46.73844401258975
13014 1 1608267 0.8181818 51.57414893619716
13015 1 1081095 0.84615386 45.98869592882693
13016 1 1152119 0.81395346 38.24958193581551
13017 1 1128978 0.8035714 44.92500703781843
13018 1 1638864 0.8148148 47.47871705330908
13019 1 603925 0.81632656 47.32651193626225
13020 1 1465944 0.81395346 45.79063702840358
13021 1 1034519 0.8148148 47.88827698212117
13022 1 439531 0.8113208 46.29892099183053
13023 1 1052600 0.8235294 45.47733999788761
13024 1 836167 0.8148148 48.92974707763642
13025 1 1260388 0.8695652 40.92618892900646
13026 1 1171524 0.8076923 49.16702292393893
13027 1 1958828 0.8125 50.918077933602035
13028 1 1080171 0.8666667 40.66631500609219
13029 1 1410773 0.8076923 46.36192100588232
13030 1 631211 0.83928573 53.30821394454688
13031 1 1235354 0.84444445 41.86247498728335
13032 1 1433338 0.84615386 47.677553026005626
13033 1 1664456 0.8181818 42.08934307098389
13034 1 1195886 0.877551 45.19598605111241
13035 1 1611129 0.82608694 37.30157495010644
13036 1 1352325 0.82222223 48.41902502812445
13037 1 1016155 0.84313726 46.40362109057605
13038 1 1272754 0.84782606 44.00685802102089
13039 1 1051881 0.8 50.23405409883708
13040 1 1473813 0.8333333 45.505675952881575
13041 1 1948846 0.8181818 50.79164705239236
13042 1 1676665 0.8148148 49.84059906564653
13043 1 1634926 0.8076923 49.77866297122091
13044 1 1390170 0.8181818 38.90527901239693
13045 1 990449 0.82608694 47.270105918869376
13046 1 1187848 0.8113208 61.22024089563638
13047 1 1129794 0.8 47.64525801874697
13048 1 823864 0.8363636 53.57148696202785
13049 1 1257806 0.8235294 48.93134394660592
13050 1 1256595 0.8541667 50.57642003521323
13051 1 1436970 0.8181818 49.08734990749508
13052 1 1439653 0.8 47.23591101355851
13053 1 1664388 0.80851066 43.5290290042758
13054 1 25455 0.82222223 38.709532003849745
13055 1 2068690 0.82 48.009668942540884
13056 1 1010966 0.8363636 49.5542970020324
13057 1 1742529 0.85714287 42.8002089029178
13058 1 1926002 0.8235294 52.333127008751035
13059 1 1047712 0.79591835 45.826891087926924
13060 1 1061736 0.8333333 41.986271971836686
13061 1 813960 0.8518519 47.08728997502476
13062 1 2064525 0.8113208 53.26004093512893
13063 1 2076127 0.8039216 46.391168027184904
13064 1 1192209 0.82 46.23801703564823
13065 1 1519946 0.8125 48.0165759800002
13066 1 1349529 0.8367347 42.97147900797427
13067 1 1594843 0.82978725 44.69141608569771
13068 1 2298585 0.8 46.4691260131076
13069 1 1193727 0.8043478 45.34811794292182
13070 1 1406258 0.82222223 42.176136979833245
13071 1 1609258 0.8235294 44.05252600554377
13072 1 2463798 0.8541667 42.57866297848523
13073 1 1623320 0.8541667 43.30870392732322
13074 1 2079121 0.8043478 46.775568975135684
13075 1 1430533 0.81632656 45.50877504516393
13076 1 1532240 0.8235294 45.06146104540676
13077 1 1667638 0.8518519 45.5739019671455
13078 1 2080938 0.8 47.418619971722364
13079 1 1608873 0.8235294 47.574926051311195
13080 1 838748 0.8039216 51.678788964636624
13081 1 1478071 0.8113208 49.18081592768431
13082 1 2106885 0.82608694 40.10430793277919
13083 1 1623788 0.8490566 44.08850008621812
13084 1 1938273 0.81632656 46.45929497200996
13085 1 1291756 0.8148148 46.419335063546896
13086 1 1855968 0.82 45.430061989463866
13087 1 1795947 0.82978725 39.51414593029767
13088 1 1132702 0.88235295 42.68956498708576
13089 1 2092476 0.8076923 45.59555905871093
13090 1 1479203 0.84 47.969726962037385
13091 1 1405676 0.82222223 45.17961398232728
13092 1 1963405 0.82 48.996748053468764
13093 1 1313690 0.88 47.37087001558393
13094 1 1549093 0.79545456 38.72370603494346
13095 1 1330551 0.8 45.70605594199151
13096 1 825043 0.8518519 44.31439796462655
13097 1 1765021 0.8269231 46.957356040365994
13098 1 1625588 0.8627451 45.41651695035398
13099 1 1157715 0.8269231 42.37451497465372
13100 1 627248 0.8333333 46.83775408193469
13101 1 1172818 0.82978725 44.0864700358361
13102 1 1963645 0.8039216 47.86931094713509
13103 1 1215615 0.8333333 47.33671701978892
13104 1 997210 0.8490566 48.15551999490708
13105 1 514528 0.8125 46.993830939754844
13106 1 1021104 0.8627451 45.24504498112947
13107 1 1651432 0.8 48.78403199836612
13108 1 1430845 0.84090906 40.57506693061441
13109 1 1072599 0.84444445 39.28651101887226
13110 1 1679590 0.84444445 44.06029696110636
13111 1 1495672 0.8 45.46011798083782
13112 1 789266 0.8541667 42.07123699598014
13113 1 1150559 0.85714287 44.365239911712706
13114 1 1606033 0.8125 42.28819103445858
13115 1 2052646 0.82608694 49.578813021071255
13116 1 1174394 0.81632656 46.250840998254716
13117 1 1800107 0.8148148 49.00454101152718
13118 1 1588328 0.81632656 49.66940404847264
13119 1 1132209 0.8148148 49.779430963099
13120 1 1463864 0.84782606 45.86562002077699
13121 1 1622616 0.8043478 47.90161398705095
13122 1 1301284 0.8 47.44389001280069
13123 1 1257742 0.84313726 46.51004797779024
13124 1 1301201 0.8 48.19841904100031
13125 1 1338505 0.84782606 45.119451940990984
13126 1 1549093 0.79545456 37.51839592587203
13127 1 1201292 0.8 47.46122099459171
13128 1 1400660 0.8333333 45.882278005592525
13129 1 1969262 0.8125 44.3755240412429
13130 1 1664861 0.8125 46.017197077162564
13131 1 1049346 0.85714287 45.37099495064467
13132 1 1294373 0.8039216 45.37917498964816
13133 1 1434598 0.877551 46.95682693272829
13134 1 1048513 0.8627451 47.37097199540585
13135 1 1497333 0.8235294 49.083551042713225
13136 1 476566 0.8 44.64644903782755
13137 1 938990 0.8235294 47.16377297881991
13138 1 1533183 0.82978725 44.12262805271894
13139 1 1626891 0.8039216 50.51906709559262
13140 1 988979 0.82978725 43.542057974264026
13141 1 1302360 0.82 44.68530195299536
13142 1 1270302 0.86 44.04074396006763
13143 1 1557182 0.8039216 49.335421063005924
13144 1 1627593 0.8113208 47.531045973300934
13145 1 1172080 0.8043478 41.952089057303965
13146 1 1442144 0.82222223 40.41585500817746
13147 1 482806 0.82608694 43.429164099507034
13148 1 2047978 0.8269231 44.583390932530165
13149 1 516655 0.8 47.12542798370123
13150 1 1309572 0.8035714 46.77579598501325
13151 1 1392939 0.8 46.5667579555884
13152 1 653148 0.8518519 44.89528003614396
13153 1 960039 0.8367347 42.9428230272606
13154 1 1620397 0.8035714 50.109719042666256
13155 1 1761054 0.85714287 38.108206004835665
13156 1 1087425 0.8181818 49.011653987690806
13157 1 1095409 0.8372093 38.214835920371115
13158 1 1150998 0.86 42.992657981812954
13159 1 1364926 0.8958333 44.581506052054465
13160 1 986136 0.84 48.515920992940664
13161 1 1058298 0.84615386 43.397290050052106
13162 1 1755372 0.8269231 46.17976304143667
13163 1 524131 0.8490566 48.61498507671058
13164 1 1091975 0.8518519 46.706388937309384
13165 1 1157291 0.875 46.36071703862399
13166 1 995306 0.84210527 48.9266209769994
13167 1 263990 0.83928573 46.35862400755286
13168 1 4693 0.85 45.57278496213257
13169 1 1483105 0.83870965 45.26187700685114
13170 1 846723 0.84745765 45.58234300930053
13171 1 850749 0.8113208 48.91952499747276
13172 1 1468303 0.8032787 47.96571796759963
13173 1 1514376 0.83928573 44.85269100405276
13174 1 1413326 0.84745765 50.700844964012504
13175 1 1797758 0.8333333 48.50032296963036
13176 1 1561762 0.8135593 47.435787972062826
13177 1 1667794 0.8064516 45.51901202648878
13178 1 1526779 0.8208955 41.12102591898292
13179 1 677264 0.80701756 48.22987597435713
13180 1 1031606 0.87931037 45.15488597098738
13181 1 1531837 0.8305085 45.63500301446766
13182 1 1369518 0.8833333 44.46621297392994
13183 1 1475101 0.8360656 44.03272795025259
13184 1 268734 0.8135593 46.1510659661144
13185 1 1606761 0.8305085 43.96828101016581
13186 1 1091190 0.85714287 41.04628798086196
13187 1 2138599 0.80701756 45.931134023703635
13188 1 1413364 0.8135593 46.49638698901981
13189 1 1745480 0.84375 42.0937150483951
13190 1 1467464 0.8153846 46.66586802341044
13191 1 1431475 0.877193 49.26253901794553
13192 1 1427344 0.81666666 46.78035399410874
13193 1 1491933 0.852459 45.00007699243724
13194 1 1437060 0.8196721 50.109961070120335
13195 1 853238 0.8 42.47361607849598
13196 1 1487760 0.8333333 43.82495500613004
13197 1 1285246 0.8245614 47.25717299152166
13198 1 1435126 0.8 47.95263707637787
13199 1 1555864 0.80701756 48.4608510741964
13200 1 1046083 0.85 45.453939004801214
13201 1 1624174 0.8305085 47.8443349711597
13202 1 1499826 0.8305085 45.00934400130063
13203 1 821659 0.8305085 46.35907500050962
13204 1 1123475 0.8214286 47.66764200758189
13205 1 679821 0.8703704 44.377720914781094
13206 1 1621790 0.852459 43.93524304032326
13207 1 1016422 0.8448276 44.865263043902814
13208 1 1534556 0.7966102 48.61713293939829
13209 1 1446461 0.8358209 42.35115903429687
13210 1 1434872 0.875 47.84660192672163
13211 1 1396138 0.8596491 43.3365439530462
13212 1 1631317 0.8448276 47.665391000919044
13213 1 1608491 0.86885244 43.34606695920229
13214 1 1235393 0.81666666 48.13796002417803
13215 1 1301859 0.8064516 45.34798499662429
13216 1 1665722 0.8113208 51.485440926626325
13217 1 1797015 0.8360656 50.413051969371736
13218 1 1792869 0.8545455 55.19485508557409
13219 1 845027 0.82539684 47.34686401207
13220 1 1614454 0.8030303 48.4598430339247
13221 1 1242980 0.80701756 47.16018005274236
13222 1 856156 0.8448276 45.21381598897278
13223 1 1370556 0.8596491 46.30022100172937
13224 1 1523955 0.86440676 48.456526012159884
13225 1 1697447 0.83076924 44.23939099069685
13226 1 1640924 0.8363636 46.35023104492575
13227 1 1669261 0.84210527 43.93596004229039
13228 1 1419879 0.88709676 41.44968604668975
13229 1 1510501 0.82539684 43.54471806436777
13230 1 1367574 0.86440676 47.15412110090256
13231 1 1303817 0.8103448 48.629632918164134
13232 1 1975134 0.8035714 47.170831938274205
13233 1 1439396 0.8448276 49.27163606043905
13234 1 2097186 0.8135593 45.978990965522826
13235 1 1050235 0.8545455 48.49277902394533
13236 1 869169 0.8548387 43.09556202497333
13237 1 1606729 0.8208955 42.50574402976781
13238 1 1189688 0.8360656 44.34838204178959
13239 1 1398467 0.86206895 43.1154778925702
13240 1 1021507 0.85 45.29009701218456
13241 1 1112797 0.8064516 48.76106802839786
13242 1 1092118 0.88235295 48.89759502839297
13243 1 1291798 0.8095238 44.91260496433824
13244 1 1449659 0.8214286 49.74475794006139
13245 1 1064889 0.8 50.532178953289986
13246 1 1128267 0.8196721 46.002283110283315
13247 1 1013604 0.8181818 48.176378943026066
13248 1 1163836 0.85714287 44.24322908744216
13249 1 1137498 0.8035714 51.19247396942228
13250 1 1600867 0.8181818 48.39894897304475
13251 1 1794542 0.875 45.67267303355038
13252 1 1596408 0.8103448 47.697399044409394
13253 1 818798 0.81666666 45.242724008858204
13254 1 1157291 0.8448276 45.234337099827826
13255 1 1619797 0.8148148 49.73044409416616
13256 1 1669725 0.8035714 46.64205200970173
13257 1 1649362 0.83928573 46.96780093945563
13258 1 1636728 0.8035714 45.93901289626956
13259 1 1228996 0.8032787 47.71474306471646
13260 1 150859 0.83870965 46.76335002295673
13261 1 1257065 0.8363636 45.09326093830168
13262 1 1417139 0.8035714 46.13880498800427
13263 1 1533531 0.8103448 47.52867098432034
13264 1 1166206 0.82539684 43.4778539929539
13265 1 624458 0.85714287 49.57435594405979
13266 1 592890 0.84375 43.68244204670191
13267 1 1170805 0.877193 45.92651792336255
13268 1 1100056 0.88135594 44.010887038894
13269 1 1274634 0.8148148 46.25062504783273
13270 1 1171441 0.8181818 45.1937650796026
13271 1 1117340 0.81666666 44.83036999590695
13272 1 652554 0.80701756 46.774118090979755
13273 1 1087734 0.8 51.576631027273834
13274 1 1296710 0.8032787 45.26227305177599
13275 1 1268366 0.8103448 46.86515696812421
13276 1 1116438 0.86440676 51.58227903302759
13277 1 1060674 0.82539684 45.55262008216232
13278 1 840383 0.8305085 46.12413793802261
13279 1 1949711 0.84126985 46.57717200461775
13280 1 1075658 0.8596491 45.50775699317455
13281 1 1556897 0.86440676 46.228503924794495
13282 1 1075571 0.82539684 43.509543989785016
13283 1 1476330 0.8103448 47.14037699159235
13284 1 1337988 0.8245614 49.49884593952447
13285 1 1419844 0.8730159 42.26254508830607
13286 1 1846977 0.86440676 44.491678941994905
13287 1 1390948 0.8148148 50.04505696706474
13288 1 619092 0.8548387 46.18042299989611
13289 1 1504236 0.8035714 47.00030398089439
13290 1 2366619 0.8103448 46.411251998506486
13291 1 1403245 0.8548387 42.37796796951443
13292 1 1637588 0.8076923 46.5010009938851
13293 1 1521373 0.84615386 43.5441539157182
13294 1 1845610 0.84210527 48.844201024621725
13295 1 1265959 0.8596491 49.13185001350939
13296 1 848539 0.83076924 48.325044102966785
13297 1 1178011 0.81666666 49.599902937188745
13298 1 815305 0.8305085 46.66254494804889
13299 1 1244239 0.8833333 46.83261504396796
13300 1 1468981 0.8301887 46.82371695525944
13301 1 627690 0.81666666 45.303317019715905
13302 1 1409421 0.8703704 44.96686800848693
13303 1 1665175 0.877193 44.2222049459815
13304 1 1274653 0.7966102 49.10641396418214
13305 1 1609814 0.8245614 50.55849498603493
13306 1 1236474 0.8035714 48.44301997218281
13307 1 997486 0.85 42.64372098259628
13308 1 1621790 0.852459 43.373820022679865
13309 1 1218354 0.8032787 42.681860039010644
13310 1 1501436 0.8113208 49.34502602554858
13311 1 1616665 0.8596491 46.97427595965564
13312 1 1189921 0.8333333 46.308112097904086
13313 1 1609075 0.82258064 44.51943107414991
13314 1 1501740 0.8852459 41.397333960048854
13315 1 1333691 0.8032787 44.56086899153888
13316 1 1011171 0.82539684 42.946528061293066
13317 1 1511487 0.8333333 44.21965801157057
13318 1 848010 0.8208955 42.047105031087995
13319 1 1138498 0.8727273 46.2099970318377
13320 1 1502481 0.80701756 44.52557896729559
13321 1 1043842 0.8333333 57.00089002493769
13322 1 14282 0.83870965 54.39409299287945
13323 1 993531 0.8548387 48.11746999621391
13324 1 1030130 0.81666666 45.28511990793049
13325 1 991666 0.8125 42.252493905834854
13326 1 1417310 0.8867925 44.78338803164661
13327 1 1623856 0.877193 42.21666802186519
13328 1 1518513 0.82258064 43.20872400421649
13329 1 1585024 0.8448276 43.89674693811685
13330 1 1195837 0.8196721 44.82875391840935
13331 1 1454463 0.8333333 42.638767044991255
13332 1 1138817 0.8032787 46.17512505501509
13333 1 1048200 0.82758623 46.81366600561887
13334 1 1633995 0.7962963 46.49806790985167
13335 1 1019343 0.86206895 43.56536001432687
13336 1 1667794 0.8360656 44.78712205309421
13337 1 1480517 0.8 49.436072004027665
13338 1 1666915 0.8095238 45.71351897902787
13339 1 1274322 0.8363636 45.86830304469913
13340 1 1591015 0.7966102 49.80340495239943
13341 1 991174 0.81666666 46.0642259567976
13342 1 1141444 0.8333333 45.09671404957771
13343 1 971781 0.85 47.15406091418117
13344 1 1191403 0.88135594 41.390720987692475
13345 1 1429865 0.82758623 44.52086903620511
13346 1 1296505 0.8518519 45.27230793610215
13347 1 1560435 0.8333333 44.435306917876005
13348 1 1441971 0.83076924 48.73875598423183
13349 1 2334957 0.8965517 43.33409899845719
13350 1 471810 0.8360656 43.48950006533414
13351 1 1064010 0.8947368 43.14518498722464
13352 1 1214117 0.8064516 43.36477199103683
13353 1 1524289 0.85714287 41.39076801948249
13354 1 1199683 0.8360656 40.51587299909443
13355 1 1517350 0.7962963 45.44487700331956
13356 1 1395377 0.8135593 43.2267589494586
13357 1 1630811 0.84126985 43.50293101742864
13358 1 1241979 0.84745765 42.48764703515917
13359 1 1630939 0.85714287 40.98426701966673
13360 1 826085 0.83870965 48.31322596874088
13361 1 841347 0.8305085 49.579383921809494
13362 1 1844435 0.89285713 45.860418933443725
13363 1 1665005 0.7966102 47.79039090499282
13364 1 1097311 0.8 46.91676003858447
13365 1 645949 0.8947368 43.36052993312478
13366 1 1517027 0.90384614 45.78282404690981
13367 1 1367986 0.84615386 50.37271394394338
13368 1 982970 0.84126985 40.41887493804097
13369 1 1281994 0.81666666 44.84394600149244
13370 1 400776 0.81666666 44.12850900553167
13371 1 1153501 0.8360656 46.30633699707687
13372 1 1041210 0.86885244 43.00410801079124
13373 1 1505500 0.86885244 43.014670023694634
13374 1 1497314 0.8245614 44.78107299655676
13375 1 1401200 0.87096775 42.02230693772435
13376 1 971623 0.8148148 47.137818997725844
13377 1 1128561 0.8245614 49.436880042776465
13378 1 1680098 0.8103448 52.844405989162624
13379 1 1164956 0.82258064 54.46102807763964
13380 1 1969234 0.89285713 43.64475898910314
13381 1 1447289 0.85714287 47.62564902193844
13382 1 851353 0.852459 41.1737629910931
13383 1 238100 0.86206895 49.94577495381236
13384 1 546890 0.8196721 45.7834709668532
13385 1 620577 0.8596491 44.792853994295
13386 1 1130268 0.8103448 44.96901307720691
13387 1 2107283 0.8113208 48.313634004443884
13388 1 1068534 0.852459 44.153857976198196
13389 1 1574045 0.8035714 51.740472903475165
13390 1 827789 0.875 47.19791898969561
13391 1 1076515 0.8035714 46.245406032539904
13392 1 618292 0.8153846 43.01257501356304
13393 1 1517283 0.8153846 41.741594090126455
13394 1 1663519 0.828125 41.800289996899664
13395 1 1063665 0.83870965 41.35413293261081
13396 1 1197488 0.8448276 44.11842406261712
13397 1 1455533 0.8113208 46.02234100457281
13398 1 618780 0.8730159 41.508203954435885
13399 1 1680447 0.82539684 45.638657989911735
13400 1 853239 0.8076923 57.7238779515028
13401 1 1177154 0.8545455 46.06082697864622
13402 1 1018349 0.8548387 46.68776493053883
13403 1 919934 0.8135593 45.86626298259944
13404 1 630878 0.8363636 45.730189071036875
13405 1 1011810 0.8208955 46.490754932165146
13406 1 1198369 0.8947368 44.62410102132708
13407 1 1181928 0.80701756 48.723602085374296
13408 1 1473962 0.81666666 47.99490107689053
13409 1 1434453 0.8333333 45.17101007513702
13410 1 462050 0.8548387 45.50105705857277
13411 1 1240062 0.8545455 46.48961499333382
13412 1 547127 0.8727273 47.37269796896726
13413 1 1106905 0.8333333 49.0894130198285
13414 1 1517205 0.82758623 54.640660993754864
13415 1 1039494 0.89285713 46.68729507829994
13416 1 1469278 0.81666666 44.01611094363034
13417 1 1574262 0.8305085 54.82476204633713
13418 1 1009480 0.86440676 64.77095896843821
13419 1 1362781 0.8064516 70.64970000647008
13420 1 1524574 0.83076924 70.52985893096775
13421 1 1077599 0.8363636 71.74395199399441
13422 1 1099727 0.85 48.57438709586859
13423 1 1290536 0.8064516 51.238422049209476
13424 1 1410033 0.8484849 42.600512970238924
13425 1 1354788 0.89285713 45.79965106677264
13426 1 1611456 0.852459 43.623592937365174
13427 1 1409421 0.8214286 46.205054968595505
13428 1 815749 0.86206895 45.132389990612864
13429 1 861596 0.875 42.4376999726519
13430 1 1949114 0.84210527 47.27732506580651
13431 1 1416615 0.91071427 42.85961692221463
13432 1 1075244 0.8666667 44.5862429914996
13433 1 1378514 0.84615386 46.7767029767856
13434 1 192876 0.81666666 47.19050007406622
13435 1 2228925 0.8113208 45.62586999963969
13436 1 822961 0.8035714 44.22379902098328
13437 1 2000067 0.859375 41.30121890921146
13438 1 1037143 0.8035714 47.30227601248771
13439 1 1981591 0.8333333 42.8725570673123
13440 1 1326795 0.82258064 45.67074298392981
13441 1 934919 0.84745765 42.06024995073676
13442 1 1628275 0.84745765 47.47306206263602
13443 1 1370556 0.8103448 49.64027309324592
13444 1 994874 0.852459 46.497899922542274
13445 1 1125701 0.8095238 44.37249805778265
13446 1 1351755 0.8360656 49.220492015592754
13447 1 1301881 0.8103448 47.54278599284589
13448 1 1652742 0.8333333 46.13785701803863
13449 1 1663495 0.8 46.795272966846824
13450 1 1153476 0.80597013 47.96110501047224
13451 1 1160927 0.80701756 49.32635405566543
13452 1 1667742 0.84375 43.15908800344914
13453 1 1606530 0.8448276 49.47561805602163
13454 1 1158007 0.8113208 50.874478998593986
13455 1 1117293 0.8703704 48.94678294658661
13456 1 1652320 0.86206895 44.397128047421575
13457 1 1611505 0.8363636 46.302753034979105
13458 1 1423300 0.8305085 48.62037510611117
13459 1 997467 0.8103448 52.83001996576786
13460 1 1638483 0.8196721 51.07860593125224
13461 1 1255303 0.8679245 49.55160105600953
13462 1 1653969 0.84210527 47.568722045980394
13463 1 1187438 0.7936508 45.51426705438644
13464 1 971623 0.8148148 50.24635000154376
13465 1 2053004 0.8035714 47.06133995205164
13466 1 1165920 0.8245614 47.47737804427743
13467 1 1092389 0.8153846 45.627246028743684
13468 1 1454867 0.7966102 51.53185804374516
13469 1 1557234 0.89285713 47.30930004734546
13470 1 1572158 0.8852459 46.84017598628998
13471 1 1515151 0.877193 51.91211903002113
13472 1 1029465 0.8833333 48.12800500076264
13473 1 1340406 0.8 51.239619962871075
13474 1 554488 0.8196721 54.06072398182005
13475 1 1740851 0.8545455 48.093730001710355
13476 1 1351585 0.8596491 49.97901001479477
13477 1 619209 0.8305085 47.61586699169129
13478 1 1435597 0.84745765 46.593990991823375
13479 1 1096231 0.84210527 47.646879917010665
13480 1 1691362 0.8363636 56.85815296601504
13481 1 1575712 0.85714287 43.66447601933032
13482 1 1154366 0.8333333 44.608848984353244
13483 1 986609 0.8363636 48.65257197525352
13484 1 1039509 0.8787879 44.30451209191233
13485 1 397186 0.85 44.057628023438156
13486 1 852936 0.8148148 48.364244983531535
13487 1 331006 0.85714287 45.732462080195546
13488 1 1844597 0.8125 42.502250988036394
13489 1 1253928 0.82758623 45.888387016020715
13490 1 813123 0.86440676 43.03866205736995
13491 1 862478 0.8214286 45.33940798137337
13492 1 1069698 0.8148148 49.64632901828736
13493 1 1445702 0.8 45.66776694264263
13494 1 1129902 0.852459 43.35059004370123
13495 1 1281178 0.8596491 49.21335307881236
13496 1 1297915 0.84745765 48.52861596737057
13497 1 1985930 0.83870965 43.56433008797467
13498 1 1062161 0.82539684 43.668895959854126
13499 1 1052100 0.8153846 41.761904023587704
13500 1 1147285 0.8548387 42.53125702962279
13501 1 1172916 0.8548387 41.363397031091154
13502 1 674928 0.828125 44.050384080037475
13503 1 1063799 0.8181818 46.92932404577732
13504 1 1154470 0.8148148 46.4019930223003
13505 1 1068660 0.8181818 44.9719550088048
13506 1 681400 0.88709676 42.89411299396306
13507 1 1202287 0.81666666 42.22277703229338
13508 1 1611247 0.8181818 45.116311055608094
13509 1 1186846 0.86885244 43.76436991151422
13510 1 1204181 0.8305085 46.60127207171172
13511 1 282172 0.8518519 44.077878003008664
13512 1 1480272 0.86885244 42.24323097150773
13513 1 1063153 0.82539684 42.355365003459156
13514 1 1669576 0.88709676 40.11413699481636
13515 1 1491959 0.8867925 42.967509012669325
13516 1 1632575 0.83870965 46.32307100109756
13517 1 1157080 0.88709676 38.85059000458568
13518 1 978575 0.828125 40.16355995554477
13519 1 1086144 0.83076924 44.010175042785704
13520 1 1345395 0.8490566 45.8519650856033
13521 1 881547 0.82539684 45.14659091364592
13522 1 1216376 0.8545455 45.528898015618324
13523 1 1168739 0.828125 43.50050608627498
13524 1 1199537 0.82539684 41.17842298001051
13525 1 655234 0.86440676 42.312862002290785
13526 1 1091463 0.8360656 44.00057904422283
13527 1 1108325 0.9032258 42.70899889525026
13528 1 1090760 0.8769231 40.45688989572227
13529 1 1402942 0.84745765 45.438103028573096
13530 1 1256250 0.84745765 44.611076009459794
13531 1 1561762 0.8305085 43.56890998315066
13532 1 1116412 0.852459 44.04167307075113
13533 1 1190916 0.8196721 42.48651198577136
13534 1 1667073 0.8113208 46.073608100414276
13535 1 1001495 0.81666666 48.94072096794844
13536 1 623581 0.86440676 45.584155013784766
13537 1 2082890 0.82758623 46.305272029712796
13538 1 1000106 0.8 40.84603802766651
13539 1 1666728 0.8214286 46.59142403397709
13540 1 1023616 0.81666666 45.20883201621473
13541 1 1045218 0.852459 44.61221699602902
13542 1 1053456 0.8196721 44.41308998502791
13543 1 1524756 0.84210527 46.607875963672996
13544 1 1625891 0.8333333 46.621499001048505
13545 1 1283624 0.84745765 45.253820018842816
13546 1 1469286 0.82758623 45.901642995886505
13547 1 1470861 0.8214286 45.37870001513511
13548 1 1118312 0.82758623 44.95349794160575
13549 1 1150649 0.84745765 45.24174006655812
13550 1 1602237 0.84210527 43.79741498269141
13551 1 796605 0.8148148 45.52469600457698
13552 1 643645 0.8333333 45.700418995693326
13553 1 1499316 0.8965517 44.62002101354301
13554 1 1696024 0.852459 41.613043984398246
13555 1 1638491 0.8032787 44.72520004492253
13556 1 1198435 0.9122807 47.11232800036669
13557 1 1508154 0.84615386 47.2977589815855
13558 1 1194459 0.87931037 42.55904408637434
13559 1 1561691 0.8196721 45.40940502192825
13560 1 1548508 0.80701756 45.06114299874753
13561 1 1257794 0.83870965 40.378522942774
13562 1 1312350 0.8363636 44.30470592342317
13563 1 1446797 0.83870965 42.6954390713945
13564 1 1266779 0.8181818 46.477438998408616
13565 1 1618666 0.8 45.87950906716287
13566 1 1565292 0.8148148 48.10740798711777
13567 1 1476641 0.8181818 44.635111931711435
13568 1 834043 0.88135594 43.80505299195647
13569 1 1175951 0.8679245 43.25626895297319
13570 1 2093136 0.8181818 45.62591796275228
13571 1 1508230 0.8548387 41.90650605596602
13572 1 1570430 0.8333333 40.47036392148584
13573 1 1518513 0.82258064 44.14657095912844
13574 1 594904 0.8333333 42.97208902426064
13575 1 2407538 0.8032787 43.852822040207684
13576 1 1195176 0.8103448 44.742705998942256
13577 1 1235850 0.8245614 45.428207027725875
13578 1 1530 0.8135593 43.93519496079534
13579 1 1167497 0.85714287 40.85234401281923
13580 1 1523233 0.81666666 45.360293006524444
13581 1 677264 0.8214286 45.95452395733446
13582 1 1523702 0.8703704 43.90198807232082
13583 1 994791 0.796875 43.96969103254378
13584 1 1527322 0.8333333 45.031461981125176
13585 1 1120861 0.80701756 46.80671798996627
13586 1 1284560 0.859375 42.66280005685985
13587 1 657707 0.8627451 44.302236987277865
13588 1 1433016 0.8666667 41.76199797075242
13589 1 1614622 0.8 41.2776320008561
13590 1 1335636 0.8730159 44.63968798518181
13591 1 1211158 0.8333333 47.903359052725136
13592 1 1170149 0.8214286 44.62095908820629
13593 1 1614488 0.8035714 44.06353703234345
13594 1 1193112 0.83870965 42.82640595920384
13595 1 1801745 0.81666666 47.95090202242136
13596 1 1180739 0.8448276 51.05852801352739
13597 1 1118104 0.8064516 45.2581699937582
13598 1 1533411 0.8545455 45.9501720033586
13599 1 1975287 0.8 44.995605014264584
13600 1 1468571 0.8360656 46.305793919600546
13601 1 1336261 0.8518519 45.92185898218304
13602 1 977883 0.85 45.28971004765481
13603 1 1559600 0.8305085 43.37768303230405
13604 1 1401920 0.8548387 41.37291794177145
13605 1 14282 0.82539684 41.52560990769416
13606 1 987801 0.81666666 42.56338893901557
13607 1 1461097 0.8135593 44.56548497546464
13608 1 1367819 0.8305085 48.8452750723809
13609 1 1521485 0.8032787 43.57927700038999
13610 1 813503 0.80701756 45.55235698353499
13611 1 1423337 0.82258064 42.3206880223006
13612 1 1127640 0.8135593 42.4478790955618
13613 1 1602334 0.8333333 44.217481976374984
13614 1 1439209 0.84745765 44.195780996233225
13615 1 1594419 0.8064516 41.897044982761145
13616 1 1353965 0.84126985 41.87216702848673
13617 1 981960 0.87931037 42.36547404434532
13618 1 1296736 0.86206895 43.42997900675982
13619 1 1853278 0.80701756 44.64527498930693
13620 1 1415298 0.84210527 43.973898980766535
13621 1 1288769 0.80701756 45.61259609181434
13622 1 1796787 0.8245614 45.70934106595814
13623 1 1792900 0.8245614 45.26382498443127
13624 1 1016051 0.8181818 43.843008927069604
13625 1 1116920 0.828125 39.587296079844236
13626 1 1445233 0.8333333 44.42857904359698
13627 1 1199613 0.8245614 46.97979299817234
13628 1 696267 0.8636364 44.207394937984645
13629 1 1724348 0.8358209 46.63452599197626
13630 1 1592242 0.8363636 58.30662196967751
13631 1 1248594 0.8490566 55.1667099352926
13632 1 1055850 0.83928573 48.61887195147574
13633 1 378193 0.86153847 41.75852600019425
13634 1 1609342 0.85 45.49828206654638
13635 1 1797784 0.8064516 45.232050004415214
13636 1 1505321 0.86440676 45.06442998535931
13637 1 1471433 0.8833333 45.51518498919904
13638 1 1502979 0.86206895 43.83723298087716
13639 1 1409610 0.8103448 44.26980600692332
13640 1 1703345 0.85714287 41.150358971208334
13641 1 213954 0.8135593 43.45973895397037
13642 1 1129310 0.84210527 42.92111494578421
13643 1 1139587 0.8214286 46.233491972088814
13644 1 836209 0.8305085 46.37945396825671
13645 1 1474872 0.8064516 58.666249038651586
13646 1 1486209 0.8305085 58.79952397663146
13647 1 1018220 0.8088235 52.67428304068744
13648 1 1050135 0.852459 53.4313740208745
13649 1 1544617 0.80701756 49.36628707218915
13650 1 1413027 0.852459 48.91042900271714
13651 1 1107998 0.88135594 45.494938967749476
13652 1 1460752 0.8135593 46.18067899718881
13653 1 1275201 0.86440676 57.00603895820677
13654 1 1424390 0.84210527 48.008546931669116
13655 1 1558934 0.8148148 43.86398906353861
13656 1 998220 0.84745765 43.08014502748847
13657 1 1300484 0.8305085 43.53468504268676
13658 1 1422969 0.88461536 43.407120974734426
13659 1 1317750 0.859375 39.508890942670405
13660 1 1480146 0.8 44.59864099044353
13661 1 361491 0.8305085 42.76204004418105
13662 1 1517283 0.84126985 44.045192073099315
13663 1 1576639 0.8196721 44.36933307442814
13664 1 1012918 0.8115942 36.875398945994675
13665 1 1415072 0.8857143 33.74400606844574
13666 1 1116258 0.8088235 33.730819006450474
13667 1 719540 0.8636364 41.464465088211
13668 1 1349281 0.8235294 37.427883013151586
13669 1 1020980 0.83076924 39.75718596484512
13670 1 991576 0.8405797 38.06271299254149
13671 1 1189668 0.8 33.363784896209836
13672 1 1559243 0.8695652 36.99234500527382
13673 1 1492503 0.875 46.26808001194149
13674 1 1840760 0.8181818 39.62588694412261
13675 1 1953562 0.8787879 37.39298100117594
13676 1 1167644 0.8630137 35.43765505310148
13677 1 1097877 0.8857143 35.78648099210113
13678 1 1468698 0.84615386 42.29551798198372
13679 1 1401666 0.8030303 44.01282302569598
13680 1 1476169 0.8769231 39.20865093823522
13681 1 1416960 0.84375 39.71197293139994
13682 1 1053255 0.86567163 36.51187301147729
13683 1 1560050 0.8082192 31.91302204504609
13684 1 1204365 0.8235294 36.40743799041957
13685 1 1039509 0.8082192 33.03536295425147
13686 1 1176263 0.85507244 34.422488999553025
13687 1 1484426 0.8115942 39.019349962472916
13688 1 1057210 0.8243243 32.83447597641498
13689 1 1806355 0.859375 38.8226859504357
13690 1 1172365 0.83076924 36.91665607038885
13691 1 719469 0.8115942 35.755968070589006
13692 1 1510617 0.8064516 38.93053100910038
13693 1 1460990 0.8378378 32.74414094630629
13694 1 1618792 0.828125 44.708468951284885
13695 1 1512195 0.7936508 43.42530795838684
13696 1 342131 0.8630137 32.873368938453496
13697 1 326694 0.7936508 42.31524502392858
13698 1 1090670 0.80597013 40.54425796493888
13699 1 1073294 0.8169014 39.23921601381153
13700 1 1085976 0.8939394 38.68470503948629
13701 1 1474914 0.8695652 37.27973601780832
13702 1 1048773 0.82857144 31.780914054252207
13703 1 1187116 0.8030303 56.563084945082664
13704 1 1465476 0.8153846 59.099781909026206
13705 1 535393 0.8507463 50.43035396374762
13706 1 1146217 0.8636364 39.58849597256631
13707 1 1443352 0.8153846 40.65942403394729
13708 1 1437269 0.8695652 35.40555899962783
13709 1 1059504 0.8333333 37.73955500219017
13710 1 1949368 0.859375 41.79458098951727
13711 1 1406791 0.8030303 41.85057897120714
13712 1 1173569 0.7936508 42.762654018588364
13713 1 1437868 0.82608694 34.28580902982503
13714 1 1633355 0.83076924 42.41894301958382
13715 1 1621336 0.86153847 42.869876022450626
13716 1 1102706 0.84375 43.32068399526179
13717 1 464827 0.85294116 38.01136207766831
13718 1 1040067 0.8769231 36.68128000572324
13719 1 1465717 0.8382353 40.38620600476861
13720 1 1264852 0.82191783 35.02473689150065
13721 1 1092268 0.8769231 38.157070986926556
13722 1 1594355 0.83076924 40.8076640451327
13723 1 1120766 0.85714287 31.82156290858984
13724 1 1192192 0.8787879 38.066461915150285
13725 1 1519984 0.86567163 36.78530594334006
13726 1 1038773 0.8055556 31.96757799014449
13727 1 1580922 0.8208955 39.36375095508993
13728 1 583996 0.88235295 38.8757559703663
13729 1 1444448 0.82857144 37.61691693216562
13730 1 1427345 0.85714287 40.811519022099674
13731 1 1580922 0.8939394 33.55468297377229
13732 1 1201603 0.8082192 36.002826993353665
13733 1 987123 0.8309859 43.34538197144866
13734 1 1436224 0.8484849 43.3127359719947
13735 1 990573 0.8 44.96832704171538
13736 1 1368416 0.8428571 37.65026689507067
13737 1 1162066 0.8169014 44.7188870748505
13738 1 1018762 0.8082192 33.87532802298665
13739 1 1267278 0.84375 40.3411959996447
13740 1 1486213 0.82608694 37.95379004441202
13741 1 1033519 0.82894737 31.332117039710283
13742 1 1065233 0.8507463 40.21052794996649
13743 1 1606503 0.82608694 34.93170894216746
13744 1 1549530 0.8181818 38.416043971665204
13745 1 1510056 0.8484849 38.169610081240535
13746 1 719469 0.8382353 35.83911806344986
13747 1 1943211 0.8235294 36.14375100005418
13748 1 719540 0.8235294 37.34759194776416
13749 1 1189668 0.8115942 36.14728304091841
13750 1 937501 0.85714287 37.92037395760417
13751 1 1567077 0.85507244 42.1935070771724
13752 1 1090082 0.8507463 42.97084896825254
13753 1 1559685 0.8088235 60.390850994735956
13754 1 1459174 0.8 54.979723994620144
13755 1 1484908 0.8 41.205225978046656
13756 1 1024408 0.86764705 41.08354588970542
13757 1 1094266 0.79710144 40.534508996643126
13758 1 714554 0.8030303 39.4505369476974
13759 1 915935 0.84126985 38.600848987698555
13760 1 719540 0.8142857 37.38220001105219
13761 1 1028464 0.86153847 43.153269100002944
13762 1 1430146 0.82608694 40.27857107575983
13763 1 1624856 0.82608694 35.93966003973037
13764 1 1079203 0.80263156 32.72469900548458
13765 1 1486805 0.8507463 37.19830303452909
13766 1 265610 0.859375 41.7515579611063
13767 1 1078289 0.8088235 41.5709720691666
13768 1 1295466 0.8356164 30.40599904488772
13769 1 1308886 0.8181818 37.321549956686795
13770 1 1745059 0.82608694 41.54807503800839
13771 1 1151117 0.82191783 34.149414976127446
13772 1 1426144 0.880597 35.03558493684977
13773 1 1469089 0.86153847 39.824239909648895
13774 1 1336746 0.8472222 33.287771977484226
13775 1 1707237 0.85714287 33.82858703844249
13776 1 695062 0.8235294 36.101879086345434
13777 1 1553216 0.82191783 29.050661949440837
13778 1 1649418 0.8 36.42945003230125
13779 1 1988701 0.875 33.52513490244746
13780 1 1469951 0.796875 42.31432196684182
13781 1 1968741 0.8115942 36.853673052974045
13782 1 1559001 0.8333333 42.87031199783087
13783 1 1201173 0.86567163 42.033985955640674
13784 1 504156 0.8405797 37.482514046132565
13785 1 1266123 0.8472222 32.47631003614515
13786 1 979034 0.8358209 39.747573086060584
13787 1 821020 0.8888889 40.9589089686051
13788 1 939828 0.82608694 41.095230961218476
13789 1 1160813 0.8955224 34.5127439359203
13790 1 864895 0.8108108 35.59741098433733
13791 1 1286215 0.875 41.47464095149189
13792 1 488710 0.82191783 34.23474496230483
13793 1 1629306 0.859375 74.64370992965996
13794 1 621246 0.8730159 59.88479999359697
13795 1 824868 0.8 39.04522198718041
13796 1 1618896 0.8382353 39.95363705325872
13797 1 1013891 0.8507463 36.85995889827609
13798 1 853842 0.8507463 35.70619598031044
13799 1 1430149 0.8181818 38.29275001771748
13800 1 1176263 0.88235295 34.651331952773035
13801 1 619716 0.859375 38.84817904327065
13802 1 1436588 0.875 32.25876297801733
13803 1 1123026 0.8055556 34.41183397080749
13804 1 683619 0.8181818 39.05682999175042
13805 1 1003458 0.8472222 29.072095057927072
13806 1 1148375 0.8082192 32.860588980838656
13807 1 1408721 0.8923077 41.355355991981924
13808 1 1147344 0.89041096 29.205573024228215
13809 1 636159 0.8695652 32.03306801151484
13810 1 843745 0.8484849 39.05932395718992
13811 1 1081147 0.85333335 28.936506947502494
13812 1 419263 0.89855075 33.8664740556851
13813 1 1107027 0.880597 36.02379898075014
13814 1 1472548 0.80597013 38.68200408760458
13815 1 1062692 0.859375 40.546763921156526
13816 1 1174877 0.8405797 36.74250200856477
13817 1 668803 0.8923077 38.19003701210022
13818 1 1241903 0.8636364 37.301064003258944
13819 1 1189392 0.8666667 29.299297952093184
13820 1 1257737 0.875 38.963741972111166
13821 1 1096909 0.8088235 37.01262304093689
13822 1 1037557 0.85294116 36.11896210350096
13823 1 1976516 0.8333333 40.60603596735746
13824 1 988633 0.8333333 39.087482960894704
13825 1 1402788 0.8428571 36.19317407719791
13826 1 999837 0.8507463 35.94085795339197
13827 1 1164122 0.8030303 36.025568027980626
13828 1 837494 0.82857144 35.28141602873802
13829 1 1077098 0.8730159 38.641799008473754
13830 1 813120 0.8507463 38.79027394577861
13831 1 1000758 0.8405797 31.26518800854683
13832 1 1037557 0.8428571 32.82572200987488
13833 1 1375477 0.86567163 38.21720299310982
13834 1 1034489 0.84615386 39.559377008117735
13835 1 861414 0.8088235 38.942947052419186
13836 1 435307 0.84375 40.61308002565056
13837 1 1003174 0.82857144 41.278689983300865
13838 1 1483767 0.8181818 39.54574395902455
13839 1 1015558 0.90909094 35.91922402847558
13840 1 1441255 0.8030303 42.11006895639002
13841 1 987476 0.8235294 36.45744908135384
13842 1 1069948 0.82191783 31.325931078754365
13843 1 837815 0.8030303 37.659976980648935
13844 1 1447897 0.8356164 31.031328020617366
13845 1 1454647 0.82608694 35.76820797752589
13846 1 1075335 0.8636364 39.67428195755929
13847 1 1664254 0.85294116 37.63053298462182
13848 1 1361434 0.828125 40.721465018577874
13849 1 1968741 0.79710144 38.83850888814777
13850 1 998447 0.83076924 40.88747303467244
13851 1 1047170 0.8208955 39.53903808724135
13852 1 1615914 0.8055556 32.375048962421715
13853 1 1077231 0.8028169 34.67927791643888
13854 1 1180420 0.8088235 38.75199495814741
13855 1 1154449 0.8630137 29.06732400879264
13856 1 1986158 0.8142857 36.45310190040618
13857 1 2328229 0.8405797 35.564485006034374
13858 1 1014974 0.8382353 37.05255000386387
13859 1 679943 0.8857143 33.87014602776617
13860 1 1049670 0.8507463 42.60482802055776
13861 1 1097163 0.890625 40.16067192424089
13862 1 1518958 0.82857144 34.07722106203437
13863 1 1852387 0.8088235 41.16396594326943
13864 1 1282389 0.85507244 37.25639404729009
13865 1 1204156 0.8108108 29.785759979858994
13866 1 1441255 0.8030303 38.907569949515164
13867 1 1794332 0.8142857 35.577804083004594
13868 1 1044002 0.8405797 34.217405947856605
13869 1 1507909 0.8507463 32.45801304001361
13870 1 1552983 0.83076924 39.84847606625408
13871 1 1013891 0.86153847 41.9317779596895
13872 1 1789677 0.82857144 32.34753804281354
13873 1 1094830 0.8405797 34.70435400959104
13874 1 1461363 0.8857143 36.12099995370954
13875 1 1980699 0.8769231 35.6077840551734
13876 1 1927022 0.828125 44.410330010578036
13877 1 1369021 0.84126985 39.337770896963775
13878 1 1965511 0.88709676 41.52730095665902
13879 1 1436938 0.84375 39.62954506278038
13880 1 1191321 0.82539684 41.0277689807117
13881 1 723610 0.8382353 36.055476986803114
13882 1 1254517 0.8125 37.00647095683962
13883 1 1301787 0.8082192 39.30660197511315
13884 1 1438553 0.880597 37.236377014778554
13885 1 1442498 0.85714287 40.027027018368244
13886 1 1434594 0.84126985 40.71413993369788
13887 1 1518053 0.84375 41.491743992082775
13888 1 1436637 0.880597 37.06586395855993
13889 1 1135207 0.79710144 33.46652607433498
13890 1 1663642 0.8115942 41.88593104481697
13891 1 1015334 0.80597013 45.9134770790115
13892 1 1058659 0.7941176 41.23720293864608
13893 1 1639406 0.8142857 36.889301030896604
13894 1 1521075 0.884058 40.364612941630185
13895 1 224776 0.81578946 40.29183299280703
13896 1 1608291 0.8888889 33.79772196058184
13897 1 1105756 0.8082192 40.5105670215562
13898 1 1187081 0.8769231 44.14231108967215
13899 1 1520521 0.8030303 42.3352048965171
13900 1 1475847 0.8333333 39.82076398096979
13901 1 1631506 0.8695652 40.88773508556187
13902 1 1561951 0.8484849 43.578739976510406
13903 1 1484127 0.84375 44.80688797775656
13904 1 1159210 0.8115942 40.25158996228129
13905 1 1084691 0.8382353 35.30123503878713
13906 1 1654110 0.83076924 43.00658404827118
13907 1 1494787 0.82608694 36.469251033850014
13908 1 1005475 0.80597013 40.42417695745826
13909 1 1049972 0.8382353 43.516883975826204
13910 1 1794332 0.8115942 39.12554495036602
13911 1 1018811 0.8333333 42.38294006790966
13912 1 2128984 0.87323946 30.817158985882998
13913 1 1875149 0.8730159 41.20621795300394
13914 1 265610 0.859375 43.087264988571405
13915 1 1402788 0.875 29.992068069987
13916 1 1479251 0.84375 42.27922996506095
13917 1 1864426 0.82857144 39.76872796192765
13918 1 1135207 0.84615386 40.09708296507597
13919 1 1026310 0.85294116 40.93192797154188
13920 1 869781 0.8055556 29.331276076845825
13921 1 413700 0.8888889 32.89591404609382
13922 1 1410004 0.8428571 39.662959054112434
13923 1 1486177 0.8472222 34.07437389250845
13924 1 1398201 0.884058 36.95377695839852
13925 1 1183125 0.875 30.266228946857154
13926 1 1570307 0.82608694 35.50697199534625
13927 1 650709 0.8636364 35.903705982491374
13928 1 1495910 0.85915494 34.15079496335238
13929 1 1669374 0.8125 40.720927994698286
13930 1 1648494 0.86567163 36.88269108533859
13931 1 1162201 0.8472222 32.78574103023857
13932 1 1448065 0.8153846 40.09520693216473
13933 1 1056724 0.86764705 35.225122002884746
13934 1 151548 0.9047619 36.791768041439354
13935 1 2345881 0.85714287 41.171255987137556
13936 1 1080063 0.84931505 33.796085976064205
13937 1 1468281 0.8115942 37.21081395633519
13938 1 1138636 0.85507244 34.3425510218367
13939 1 994929 0.85294116 35.36948002874851
13940 1 1466295 0.8484849 41.99626890476793
13941 1 997991 0.82857144 36.93379310425371
13942 1 1857740 0.82258064 40.448284009471536
13943 1 1666796 0.8082192 37.157105980440974
13944 1 1456859 0.8405797 44.06162502709776
13945 1 1019749 0.7972973 35.55534000042826
13946 1 1314390 0.8695652 37.9112979862839
13947 1 699828 0.8428571 36.994365975260735
13948 1 1020382 0.8181818 40.7200789777562
13949 1 1654218 0.8769231 36.480425973422825
13950 1 1382647 0.84126985 40.216434048488736
13951 1 521908 0.8769231 36.22197697404772
13952 1 820435 0.83116883 30.412744032219052
13953 1 1119669 0.8115942 37.452515913173556
13954 1 1194606 0.82191783 33.09504606295377
13955 1 1627521 0.84931505 34.35835405252874
13956 1 1066279 0.8513514 29.638158972375095
13957 1 695062 0.8769231 40.545642958022654
13958 1 1118729 0.87142855 35.162735963240266
13959 1 1177297 0.8358209 41.270841960795224
13960 1 1493734 0.8309859 33.32432499155402
13961 1 1184389 0.8787879 36.148994928225875
13962 1 1814864 0.8939394 36.450227024033666
13963 1 1039252 0.8857143 34.139149938710034
13964 1 1457030 0.88235295 41.45544802304357
13965 1 1631962 0.8030303 37.17871697153896
13966 1 394469 0.8142857 35.87937809061259
13967 1 1189392 0.85333335 30.61605105176568
13968 1 151548 0.890625 35.59713694266975
13969 1 1000955 0.8 37.716632010415196
13970 1 990711 0.8 33.445845008827746
13971 1 1984582 0.84375 39.95133505668491
13972 1 1790201 0.8181818 36.83565999381244
13973 1 128421 0.8783784 29.12900096271187
13974 1 712980 0.86567163 36.50897403713316
13975 1 853842 0.8181818 41.095964959822595
13976 1 983313 0.8730159 40.76684999745339
13977 1 564783 0.85294116 35.991179989650846
13978 1 1165899 0.852459 40.00426095444709
13979 1 1126354 0.84615386 43.28953998629004
13980 1 1201165 0.8115942 36.061851074919105
13981 1 869781 0.8 34.496554057113826
13982 1 1068412 0.8142857 37.77215804439038
13983 1 1447804 0.8450704 35.94173491001129
13984 1 1570430 0.86567163 36.73352499026805
13985 1 1422340 0.8208955 38.59901800751686
13986 1 1283643 0.82608694 36.91340598743409
13987 1 1802788 0.7936508 41.80100106168538
13988 1 1566713 0.8082192 34.25643499940634
13989 1 1059943 0.875 41.50014300830662
13990 1 1386667 0.86764705 31.3796850387007
13991 1 1021139 0.852459 43.27837796881795
13992 1 1557412 0.8235294 34.82182801235467
13993 1 1406657 0.8428571 33.36160501930863
13994 1 1640736 0.83076924 39.90986105054617
13995 1 1953012 0.85714287 40.30545393470675
13996 1 532088 0.82191783 33.89555693138391
13997 1 1627521 0.8630137 32.169630052521825
13998 1 1984582 0.8888889 40.562234935350716
13999 1 1987727 0.8235294 37.10564295761287
14000 1 75774 0.8028169 36.85298899654299
14001 1 1398612 0.82857144 37.27703099139035
14002 1 1047102 0.8115942 39.69042899552733
14003 1 1193152 0.8923077 37.55599202122539
14004 1 1553216 0.8450704 33.4807550534606
14005 1 1510142 0.8142857 34.196509048342705
14006 1 1084369 0.8208955 45.1949069974944
14007 1 1017079 0.8695652 36.756971036083996
14008 1 1470194 0.8125 39.70894101075828
14009 1 818314 0.8194444 32.751432969234884
14010 1 457089 0.8181818 37.54338703583926
14011 1 1167571 0.85 40.56066693738103
14012 1 1500238 0.85294116 38.27237500809133
14013 1 1110305 0.8 37.51365002244711
14014 1 719540 0.875 43.01970393862575
14015 1 1624958 0.8208955 38.31575799267739
14016 1 1826772 0.8115942 36.018380895256996
14017 1 1394150 0.8142857 34.96360208373517
14018 1 1532185 0.8450704 32.71805704571307
14019 1 1039176 0.8082192 36.58224199898541
14020 1 1118729 0.87142855 32.45378902647644
14021 1 1436637 0.86764705 35.3444020729512
14022 1 1111077 0.8125 41.29599907901138
14023 1 1087573 0.8169014 32.93727396521717
14024 1 1628619 0.8095238 43.49128494504839
14025 1 1254517 0.8125 37.59193001314998
14026 1 1528579 0.88235295 34.148158971220255
14027 1 1026310 0.8055556 33.06009992957115
14028 1 1451434 0.8648649 33.6375959450379
14029 1 1504601 0.8032787 40.42199009563774
14030 1 1106734 0.86764705 40.306531940586865
14031 1 1558811 0.8484849 46.43456905614585
14032 1 817033 0.8028169 36.620878032408655
14033 1 1151117 0.84931505 33.76455290708691
14034 1 423058 0.8142857 35.28632200323045
14035 1 1692873 0.84126985 42.194736073724926
14036 1 1293852 0.8923077 39.02193601243198
14037 1 1286333 0.83076924 38.881860906258225
14038 1 990509 0.8695652 38.54741295799613
14039 1 1971868 0.8181818 40.91761098243296
14040 1 1437868 0.7941176 37.47122304048389
14041 1 719540 0.8235294 38.17098098807037
14042 1 699029 0.8636364 37.17760799918324
14043 1 1520039 0.828125 39.88647100050002
14044 1 920061 0.86567163 36.36967996135354
14045 1 1171151 0.8405797 32.929047010838985
14046 1 1841512 0.8055556 39.02231599204242
14047 1 1558290 0.8153846 39.42480601835996
14048 1 1173922 0.8235294 38.63292594905943
14049 1 1652931 0.8125 44.182518031448126
14050 1 1622359 0.8405797 35.735176992602646
14051 1 820544 0.8405797 34.718947019428015
14052 1 1795805 0.8358209 39.6099059144035
14053 1 1421769 0.8125 39.163345005363226
14054 1 1488472 0.796875 40.459753945469856
14055 1 869978 0.8095238 40.89140798896551
14056 1 2472786 0.890625 40.29213101603091
14057 1 1132795 0.82608694 39.28925492800772
14058 1 1464956 0.86153847 38.32044906448573
14059 1 1792652 0.80597013 39.31584698148072
14060 1 1566990 0.8923077 37.08793793339282
14061 1 1201743 0.8169014 36.462416988797486
14062 1 1116538 0.859375 42.17732208780944
14063 1 1403962 0.8923077 38.05886604823172
14064 1 1133668 0.88235295 36.455926951020956
14065 1 719760 0.8636364 42.002162081189454
14066 1 990686 0.82857144 41.69150197412819
14067 1 1914522 0.89855075 34.089397988282144
14068 1 382264 0.89705884 39.20812299475074
14069 1 1261494 0.84375 45.57281394954771
14070 1 1438930 0.8888889 29.68770998995751
14071 1 1342065 0.9 31.267393962480128
14072 1 1799094 0.859375 41.60177195444703
14073 1 1533153 0.8769231 37.673520972020924
14074 1 1518278 0.890625 35.685540991835296
14075 1 1684119 0.85 41.118043940514326
14076 1 1630337 0.8153846 37.97142603434622
14077 1 428216 0.859375 40.259354980662465
14078 1 1147344 0.89041096 29.469728004187346
14079 1 1076024 0.82191783 36.171047016978264
14080 1 1954053 0.86153847 39.23696803394705
14081 1 1175658 0.880597 37.18584089074284
14082 1 1611876 0.82191783 35.02533002756536
14083 1 1444448 0.89705884 34.4202941050753
14084 1 1808737 0.8082192 33.982402994297445
14085 1 1043291 0.8428571 32.644173013977706
14086 1 1428059 0.8333333 32.91524201631546
14087 1 1493175 0.8695652 36.65364603511989
14088 1 699906 0.8208955 37.65202406793833
14089 1 1953562 0.84615386 40.823085932061076
14090 1 1525526 0.86764705 38.11755101196468
14091 1 1455536 0.81333333 31.795502989552915
14092 1 1845306 0.8030303 41.055429028347135
14093 1 1468281 0.8484849 39.21910095959902
14094 1 1039509 0.8055556 34.561276086606085
14095 1 992844 0.85507244 35.30050290282816
14096 1 1444886 0.8382353 39.18613004498184
14097 1 1425262 0.884058 33.289921935647726
14098 1 1889951 0.82857144 35.15456907916814
14099 1 1058280 0.84375 43.35863108281046
14100 1 1132949 0.80597013 39.392077014781535
14101 1 1201715 0.8636364 38.957856013439596
14102 1 1797354 0.8405797 36.46805405151099
14103 1 1038773 0.87142855 30.121791060082614
14104 1 1109603 0.875 32.6777269365266
14105 1 1968741 0.8358209 39.44848699029535
14106 1 1481129 0.80597013 36.94057802204043
14107 1 1206075 0.8507463 36.2155829789117
14108 1 1319533 0.8095238 43.31200092565268
14109 1 994943 0.8769231 36.96450998540968
14110 1 1791289 0.8507463 37.51995391212404
14111 1 1310061 0.8787879 41.329255094751716
14112 1 1439660 0.84415585 28.8813499500975
14113 1 1030447 0.859375 41.33281100075692
14114 1 1519452 0.8873239 30.391663080081344
14115 1 1497982 0.87142855 32.17803395818919
14116 1 1040404 0.8769231 39.25075498409569
14117 1 1680555 0.8382353 37.215385935269296
14118 1 487649 0.859375 42.29735303670168
14119 1 1635404 0.82539684 37.618489004671574
14120 1 1504335 0.8356164 30.27501900214702
14121 1 1148375 0.8082192 31.169397057965398
14122 1 1607279 0.8484849 35.88503890205175
14123 1 1173890 0.8 39.75385706871748
14124 1 1521373 0.8636364 37.63218689709902
14125 1 1624958 0.8428571 29.890525969676673
14126 1 1162063 0.8730159 38.11719501391053
14127 1 1974701 0.86764705 34.15711899287999
14128 1 1029771 0.8051948 30.21233796607703
14129 1 1053290 0.8695652 35.74555600062013
14130 1 1665487 0.8358209 37.38322202116251
14131 1 1247323 0.86153847 38.477582042105496
14132 1 999058 0.8428571 34.2374830506742
14133 1 1046565 0.81333333 32.206651056185365
14134 1 979278 0.8333333 42.21631900873035
14135 1 624876 0.8382353 40.181524003855884
14136 1 1413692 0.8051948 29.834763961844146
14137 1 407191 0.8333333 32.87060197908431
14138 1 1272696 0.884058 36.650378024205565
14139 1 1621457 0.86567163 38.05650398135185
14140 1 1406605 0.8181818 39.29945197887719
14141 1 1671474 0.85915494 35.982990055345
14142 1 1627719 0.83076924 38.371870992705226
14143 1 1575216 0.8333333 29.300680034793913
14144 1 1562306 0.8636364 40.83881597034633
14145 1 1319075 0.8484849 39.49504694901407
14146 1 2345380 0.8208955 41.386517928913236
14147 1 1082918 0.884058 33.72044302523136
14148 1 1059862 0.852459 42.20586398150772
14149 1 1609374 0.8095238 42.70600306335837
14150 1 1027944 0.8030303 39.81520899105817
14151 1 1131272 0.84126985 42.36024303827435
14152 1 1080118 0.8169014 35.12553102336824
14153 1 1107218 0.82857144 37.43380995001644
14154 1 1051384 0.8235294 37.21385297831148
14155 1 1449627 0.8333333 31.925376038998365
14156 1 1830092 0.8088235 32.79520000796765
14157 1 1004292 0.8405797 34.50499405153096
14158 1 1488481 0.8235294 37.288401974365115
14159 1 1027371 0.85915494 37.00825502164662
14160 1 713695 0.8 41.2843800149858
14161 1 1943211 0.8028169 33.84419099893421
14162 1 1176585 0.86153847 39.96580292005092
14163 1 1851469 0.875 41.75419395323843
14164 1 1501594 0.8684211 24.583135964348912
14165 1 1894349 0.8815789 27.210830943658948
14166 1 1401642 0.9041096 23.690660018473864
14167 1 1491069 0.8072289 21.34089998435229
14168 1 1119090 0.8875 21.0840399377048
14169 1 1333014 0.8082192 30.002938001416624
14170 1 1318864 0.8243243 31.43622900824994
14171 1 1120374 0.83950615 23.975314921699464
14172 1 1223617 0.8701299 24.254785967059433
14173 1 1664503 0.82191783 33.80399302113801
14174 1 1410266 0.83116883 29.27311707753688
14175 1 1461106 0.81333333 29.874622938223183
14176 1 1731224 0.8243243 29.395984020084143
14177 1 1273955 0.85714287 26.4402290340513
14178 1 1075596 0.8051948 26.32835297845304
14179 1 1069457 0.8076923 24.736783001571894
14180 1 67744 0.86585367 21.879978012293577
14181 1 1061068 0.8076923 23.074881988577545
14182 1 1182234 0.82051283 31.458259909413755
14183 1 1006283 0.8815789 23.777964059263468
14184 1 1009656 0.80263156 25.712233036756516
14185 1 1623239 0.79746836 29.622102971188724
14186 1 1099297 0.8783784 26.733089005574584
14187 1 1069801 0.81707317 23.160520009696484
14188 1 1028781 0.84615386 25.266307056881487
14189 1 1122439 0.8148148 24.736464023590088
14190 1 1090760 0.82191783 29.15930503513664
14191 1 1292907 0.8313253 24.27472802810371
14192 1 175445 0.83116883 25.96923103556037
14193 1 1191579 0.8181818 27.50700106844306
14194 1 1492387 0.84810126 25.786974001675844
14195 1 1521697 0.8933333 29.748136992566288
14196 1 664172 0.8101266 25.215129018761218
14197 1 1342007 0.85365856 22.44144503492862
14198 1 77974 0.82051283 29.063925961963832
14199 1 1408448 0.88 28.729320038110018
14200 1 1188764 0.8271605 24.227172951214015
14201 1 1073903 0.82894737 29.190226923674345
14202 1 938694 0.8333333 21.273264079354703
14203 1 1160418 0.8333333 25.526807992719114
14204 1 1061068 0.8076923 22.332685999572277
14205 1 837249 0.84 29.573527979664505
14206 1 1470744 0.88 30.025830026715994
14207 1 1086388 0.8666667 30.063720070756972
14208 1 67744 0.86585367 21.27233101055026
14209 1 1580922 0.8055556 30.05916008260101
14210 1 1669678 0.8125 29.22406606376171
14211 1 1186478 0.8378378 28.71047193184495
14212 1 1060723 0.82051283 28.472640900872648
14213 1 1057798 0.8552632 26.173994061537087
14214 1 1487771 0.81333333 27.798542054370046
14215 1 1038773 0.87323946 28.264914988540113
14216 1 1410266 0.8933333 31.53721196576953
14217 1 1109603 0.9027778 29.86889297608286
14218 1 1015613 0.8271605 29.374095029197633
14219 1 247368 0.8873239 32.47190499678254
14220 1 858120 0.85897434 23.01840705331415
14221 1 1268403 0.8918919 27.79925102367997
14222 1 1015613 0.8888889 22.028113016858697
14223 1 999929 0.81707317 22.528108092956245
14224 1 1521145 0.79746836 36.038037040270865
14225 1 533333 0.84931505 36.86434403061867
14226 1 1501594 0.835443 31.596474931575358
14227 1 836289 0.90361446 25.938360020518303
14228 1 1973912 0.79746836 36.33149096276611
14229 1 1006283 0.88 32.433790038339794
14230 1 1138830 0.8684211 32.599591999314725
14231 1 1646346 0.8961039 33.90693094115704
14232 1 1501594 0.8684211 28.464901028200984
14233 1 999929 0.8607595 30.462308088317513
14234 1 1154449 0.84 31.795257003977895
14235 1 543642 0.875 22.752651013433933
14236 1 1096966 0.8831169 28.49098201841116
14237 1 788461 0.8666667 33.53807097300887
14238 1 1571037 0.85333335 31.585599994286895
14239 1 1685835 0.8051948 29.81804800219834
14240 1 1334634 0.8625 33.0556679982692
14241 1 790753 0.8518519 28.631013934500515
14242 1 1440898 0.8313253 22.094844025559723
14243 1 981129 0.8181818 36.59880498889834
14244 1 1484812 0.8701299 30.35111096687615
14245 1 265052 0.8333333 27.86281402222812
14246 1 1947766 0.84 31.334648956544697
14247 1 1310061 0.8333333 36.49991098791361
14248 1 1714411 0.85 30.358191928826272
14249 1 1191367 0.88461536 33.48328894935548
14250 1 999929 0.81707317 27.9344969894737
14251 1 905909 0.85542166 27.572127990424633
14252 1 67744 0.86585367 22.494914010167122
14253 1 1144480 0.8333333 25.550669990479946
14254 1 1971101 0.8194444 35.23296501953155
14255 1 2472147 0.8888889 30.222253990359604
14256 1 1185679 0.84415585 23.850630968809128
14257 1 265052 0.8333333 24.37600097618997
14258 1 1707698 0.8648649 29.627981944940984
14259 1 1512930 0.81578946 26.243609027005732
14260 1 1057481 0.8780488 21.27081307116896
14261 1 381043 0.81578946 30.859148944728076
14262 1 1072695 0.8414634 21.356730023398995
14263 1 1611671 0.8076923 28.03759998641908
14264 1 1178306 0.8783784 25.700638070702553
14265 1 1073903 0.8051948 29.40916095394641
14266 1 1984582 0.8 29.377963044680655
14267 1 1501535 0.8117647 21.06886194087565
14268 1 1087335 0.9054054 25.720464065670967
14269 1 1253839 0.8082192 28.682130970992148
14270 1 1593666 0.81333333 30.263956054113805
14271 1 1042415 0.8831169 24.704002076759934
14272 1 1638413 0.8701299 27.371578034944832
14273 1 957457 0.886076 22.34726189635694
14274 1 1121433 0.87341774 23.661815910600126
14275 1 826222 0.8313253 22.88744004908949
14276 1 1406709 0.8333333 19.16403998620808
14277 1 1189392 0.8101266 26.49158297572285
14278 1 1445877 0.84210527 29.53143499325961
14279 1 1984812 0.88 29.223357909359038
14280 1 1622943 0.825 24.265203974209726
14281 1 1102899 0.8181818 23.989800945855677
14282 1 1237417 0.8 23.729745065793395
14283 1 1031501 0.8313253 19.402511999942362
14284 1 1189894 0.825 24.957102024927735
14285 1 1415695 0.81707317 22.279448923654854
14286 1 868851 0.8076923 29.362765955738723
14287 1 1109603 0.9027778 29.508048086427152
14288 1 1493190 0.8450704 31.534156994894147
14289 1 1949294 0.8888889 22.33740605879575
14290 1 1185505 0.84415585 30.94960399903357
14291 1 2000221 0.82666665 29.149580979719758
14292 1 1445304 0.84810126 24.5440190192312
14293 1 981129 0.8181818 32.26648294366896
14294 1 1317324 0.85 24.16516002267599
14295 1 1303206 0.835443 23.87505501974374
14296 1 1662974 0.82051283 27.424588100984693
14297 1 938694 0.79518074 27.649296913295984
14298 1 1069567 0.8918919 29.616273939609528
14299 1 1894349 0.8815789 27.57315302733332
14300 1 1130719 0.82051283 24.09401594195515
14301 1 1951461 0.84615386 25.972467032261193
14302 1 679943 0.84931505 28.994419029913843
14303 1 1092019 0.8148148 22.940516006201506
14304 1 1627521 0.88 26.83967095799744
14305 1 618155 0.84210527 25.795330991968513
14306 1 1110544 0.8 27.52922393847257
14307 1 981129 0.825 24.22891091555357
14308 1 1455335 0.8125 26.04708098806441
14309 1 1219745 0.84210527 27.54710498265922
14310 1 1286812 0.88 25.95715702045709
14311 1 1978500 0.8888889 29.81388894841075
14312 1 1365575 0.8933333 27.572227991186082
14313 1 667872 0.80246913 24.107091943733394
14314 1 1163968 0.8192771 21.045719040557742
14315 1 1407859 0.83116883 27.66471798531711
14316 1 1015613 0.8214286 20.77317493967712
14317 1 1970471 0.9041096 29.717350960709155
14318 1 1102899 0.82894737 26.42596501391381
14319 1 1566677 0.81707317 26.494330959394574
14320 1 987103 0.8902439 25.385541026480496
14321 1 1053680 0.83116883 25.461788987740874
14322 1 679943 0.84931505 28.88081397395581
14323 1 1594566 0.8767123 29.039991088211536
14324 1 878723 0.8255814 19.384046085178852
14325 1 1073903 0.8181818 29.010487953200936
14326 1 636159 0.82191783 29.099792940542102
14327 1 1438219 0.8333333 31.436686986126006
14328 1 826645 0.82894737 28.042025049217045
14329 1 999929 0.84810126 25.457040057517588
14330 1 1406709 0.8333333 19.375672098249197
14331 1 1436491 0.8108108 29.403754975646734
14332 1 1292907 0.8023256 21.534829051233828
14333 1 1623239 0.79746836 31.443131039850414
14334 1 1014127 0.8243243 27.501846896484494
14335 1 67744 0.8765432 20.78738098498434
14336 1 1401642 0.9041096 23.519392940215766
14337 1 247368 0.8873239 29.19796295464039
14338 1 240002 0.8333333 27.924191090278327
14339 1 991944 0.8271605 21.188567974604666
14340 1 1501594 0.825 20.9838489536196
14341 1 533333 0.84931505 29.970396077260375
14342 1 1031468 0.8375 28.079376905225217
14343 1 1154446 0.80487806 24.488347000442445
14344 1 1470744 0.88 29.21919198706746
14345 1 679943 0.8243243 28.945541009306908
14346 1 1573051 0.8243243 29.754324932582676
14347 1 667872 0.80246913 25.156436022371054
14348 1 1520662 0.875 20.766100962646306
14349 1 1334634 0.8625 23.688122048042715
14350 1 1523000 0.82051283 23.942093946971
14351 1 1134570 0.8767123 29.020178015343845
14352 1 1273955 0.88 29.294974985532463
14353 1 1646346 0.8961039 26.04272007010877
14354 1 1611671 0.8076923 27.228349936194718
14355 1 1178409 0.82051283 27.245296980254352
14356 1 1293032 0.8375 20.764230052009225
14357 1 1129833 0.82051283 26.314310962334275
14358 1 1174486 0.88461536 24.521484039723873
14359 1 1492895 0.7922078 29.139381949789822
14360 1 1288402 0.8717949 25.29544394928962
14361 1 863466 0.8051948 28.371198917739093
14362 1 704348 0.82894737 30.34883795771748
14363 1 1984812 0.88 27.891367906704545
14364 1 1191776 0.825 30.096670030616224
14365 1 1567538 0.8108108 30.08684702217579
14366 1 1163968 0.8292683 22.93734601698816
14367 1 1803449 0.84 28.102835989557207
14368 1 1146291 0.85333335 25.707890978083014
14369 1 1492905 0.8333333 21.000411943532526
14370 1 1572253 0.84931505 29.206693987362087
14371 1 1470744 0.8684211 27.474206988699734
14372 1 1493174 0.835443 23.381081060506403
14373 1 1273955 0.85714287 26.424620067700744
14374 1 704348 0.85333335 29.158698045648634
14375 1 1006283 0.8815789 23.848062963224947
14376 1 811200 0.81395346 19.897385966032743
14377 1 1646346 0.8961039 26.795301935635507
14378 1 1156956 0.8 27.383000939153135
14379 1 863466 0.82894737 27.863100985996425
14380 1 1646346 0.8961039 25.35177895333618
14381 1 1018058 0.8961039 23.626665002666414
14382 1 2041608 0.8767123 29.907674062997103
14383 1 1072695 0.8148148 23.87037198059261
14384 1 1177541 0.84615386 28.300406993366778
14385 1 1100710 0.8148148 24.815620970912278
14386 1 1501594 0.8684211 24.91275710053742
14387 1 1973912 0.80246913 24.65155499521643
14388 1 1606192 0.8701299 23.775273002684116
14389 1 1698517 0.8888889 31.811263994313776
14390 1 1288432 0.886076 19.023112952709198
14391 1 1080806 0.8873239 31.182689941488206
14392 1 1288454 0.8717949 27.22425095271319
14393 1 850089 0.8 23.920719977468252
14394 1 1544082 0.82051283 27.19965495634824
14395 1 880396 0.8023256 22.040560957975686
14396 1 1491008 0.8072289 18.38143588975072
14397 1 1626636 0.81578946 27.239631046541035
14398 1 1698517 0.8888889 30.69796203635633
14399 1 1133486 0.8076923 28.061904944479465
14400 1 1006283 0.8918919 27.00152201578021
14401 1 1558157 0.8933333 28.905155952088535
14402 1 1617470 0.8194444 32.512043020688
14403 1 1406709 0.86585367 21.13110199570656
14404 1 1051527 0.8227848 28.91197707504034
14405 1 67744 0.86585367 22.00493006967008
14406 1 1040370 0.85542166 23.341326043009758
14407 1 826645 0.82894737 28.156857006251812
14408 1 1072238 0.825 21.4333429466933
14409 1 1082332 0.88461536 24.65369796846062
14410 1 1395519 0.84210527 30.39822494611144
14411 1 1566712 0.8076923 27.69190294202417
14412 1 987085 0.8933333 28.961249045096338
14413 1 1627521 0.79746836 25.66381706856191
14414 1 1640321 0.8767123 29.6476730145514
14415 1 1519095 0.8815789 25.948347058147192
14416 1 1133668 0.80263156 27.114345924928784
14417 1 1653928 0.82666665 31.904873088933527
14418 1 1004554 0.8082192 28.283186024054885
14419 1 1799009 0.8888889 30.87875002529472
14420 1 2037883 0.9 21.45137300249189
14421 1 1189392 0.8101266 26.191637967713177
14422 1 1447738 0.81578946 29.093042016029358
14423 1 2000221 0.8888889 28.782848035916686
14424 1 1191367 0.8414634 21.003077970817685
14425 1 938694 0.8117647 23.033465025946498
14426 1 188215 0.8414634 21.203824901022017
14427 1 1992686 0.85227275 19.253292004577816
14428 1 1522998 0.8101266 25.733629008755088
14429 1 1436168 0.8552632 23.770692059770226
14430 1 1086388 0.85714287 23.695150041021407
14431 1 1470744 0.8684211 27.467350009828806
14432 1 1492387 0.84810126 25.741836056113243
14433 1 686529 0.81578946 29.426991939544678
14434 1 1154446 0.8 19.57835303619504
14435 1 1085245 0.8666667 28.79824594128877
14436 1 1461363 0.84 29.82070599682629
14437 1 1571037 0.85333335 26.26893704291433
14438 1 1365575 0.8933333 27.13449008297175
14439 1 1072238 0.8831169 22.581869969144464
14440 1 1043213 0.8076923 31.2643920769915
14441 1 1976286 0.8815789 26.35352802462876
14442 1 1439660 0.8101266 30.6090289959684
14443 1 1517572 0.88 29.496698989532888
14444 1 1668055 0.89041096 35.378081956878304
14445 1 1566712 0.8552632 28.332246001809835
14446 1 1572367 0.886076 26.1810680385679
14447 1 1973875 0.8767123 29.340587905608118
14448 1 1571037 0.85333335 25.652155047282577
14449 1 1177541 0.8831169 28.161666938103735
14450 1 1088896 0.8271605 21.726473001763225
14451 1 968065 0.8192771 22.578601026907563
14452 1 1668055 0.89041096 28.895886964164674
14453 1 1976286 0.8815789 28.0725130578503
14454 1 1061862 0.8082192 33.76412100624293
14455 1 1249397 0.85542166 22.888198029249907
14456 1 1992686 0.85227275 21.874524070881307
14457 1 2095822 0.82894737 30.760930967517197
14458 1 1579415 0.8333333 37.67235891427845
14459 1 1523000 0.8 23.858348024077713
14460 1 1219745 0.84210527 29.50800198595971
14461 1 1061068 0.8181818 26.55318600591272
14462 1 1007115 0.9066667 30.78851697500795
14463 1 829282 0.81707317 25.753587018698454
14464 1 1891188 0.7972973 32.36751793883741
14465 1 1623239 0.8717949 25.93963500112295
14466 1 1273955 0.85714287 28.715719003230333
14467 1 267025 0.82894737 28.810094110667706
14468 1 1288454 0.84810126 28.284201049245894
14469 1 1434503 0.8082192 28.13651505857706
14470 1 1108200 0.8783784 36.29084606654942
14471 1 398287 0.81707317 22.406831034459174
14472 1 790753 0.8192771 22.84480701200664
14473 1 679943 0.84931505 30.466664000414312
14474 1 1501594 0.825 22.76468405034393
14475 1 1085632 0.8148148 28.40524003840983
14476 1 1429519 0.79746836 36.577576072886586
14477 1 1092319 0.84210527 30.334134004078805
14478 1 1439660 0.8 28.933116933330894
14479 1 237217 0.8072289 24.031254113651812
14480 1 1292907 0.8313253 28.87758193537593
14481 1 1428059 0.81707317 25.876251980662346
14482 1 1452000 0.84615386 24.701145011931658
14483 1 993226 0.8795181 22.082936018705368
14484 1 1800335 0.8076923 24.565970059484243
14485 1 1640321 0.8767123 35.210572998039424
14486 1 1521546 0.8227848 28.76092493534088
14487 1 1486310 0.84 33.20959093980491
14488 1 1012130 0.81578946 31.350473989732563
14489 1 1238441 0.8292683 23.481311043724418
14490 1 1467735 0.8101266 26.203745044767857
14491 1 1434503 0.8082192 29.30561697576195
14492 1 1137368 0.8666667 28.424654039554298
14493 1 1973875 0.8767123 30.872475006617606
14494 1 1668055 0.83116883 24.837438017129898
14495 1 1110544 0.875 21.392778027802706
14496 1 1185679 0.84415585 24.68147105537355
14497 1 1219745 0.8666667 27.71505492273718
14498 1 1459651 0.8076923 26.772084995172918
14499 1 821172 0.8961039 24.689267040230334
14500 1 843514 0.8433735 18.564597005024552
14501 1 1491069 0.8072289 25.985272019170225
14502 1 1529663 0.8875 22.131028003059328
14503 1 1093373 0.84 29.766512918286026
14504 1 1056081 0.8375 26.0736639611423
14505 1 74199 0.88461536 24.650041945278645
14506 1 1003458 0.8356164 31.16254007909447
14507 1 1573267 0.886076 22.351168910972774
14508 1 6014 0.79746836 30.725068994797766
14509 1 1273955 0.88 33.006231067702174
14510 1 1974076 0.81578946 26.606098050251603
14511 1 1434419 0.8076923 29.319404042325914
14512 1 1266812 0.8076923 27.277893968857825
14513 1 850089 0.875 18.496033968403935
14514 1 1489483 0.8194444 29.9227440264076
14515 1 67744 0.86585367 33.91430398914963
14516 1 1342007 0.85365856 56.53264210559428
14517 1 1840356 0.84 53.704924997873604
14518 1 1429519 0.8101266 42.853438993915915
14519 1 1521145 0.79746836 39.90116098430008
14520 1 1288432 0.8684211 42.27969399653375
14521 1 1970471 0.9041096 44.8646389413625
14522 1 1317024 0.8513514 35.13050405308604
14523 1 1493174 0.8227848 33.55003800243139
14524 1 1156956 0.8 37.204702966846526
14525 1 679943 0.8378378 35.81407596357167
14526 1 1072695 0.8271605 30.245344969443977
14527 1 1492387 0.85897434 35.352983977645636
14528 1 1092699 0.8888889 30.447035911493003
14529 1 1080806 0.8873239 33.71544403489679
14530 1 247368 0.8513514 30.241544940508902
14531 1 1008117 0.8947368 26.277131983079016
14532 1 280868 0.8765432 22.356710047461092
14533 1 990509 0.8552632 24.60613497532904
14534 1 1410266 0.8815789 25.788133963942528
14535 1 1594566 0.8767123 28.677404043264687
14536 1 1515085 0.84415585 27.89136697538197
14537 1 280868 0.8765432 20.686643081717193
14538 1 491012 0.82191783 29.06904893461615
14539 1 1179555 0.8648649 30.12940799817443
14540 1 1067514 0.85365856 23.158368072472513
14541 1 1614851 0.8309859 30.070136999711394
14542 1 1228139 0.8051948 32.044884050264955
14543 1 67744 0.86585367 20.848862011916935
14544 1 1251492 0.8378378 27.21729001495987
14545 1 704348 0.8513514 30.79871495719999
14546 1 995534 0.85 19.024160923436284
14547 1 1134296 0.84415585 27.295936946757138
14548 1 982465 0.8051948 26.56142902560532
14549 1 1415695 0.85 25.008558994159102
14550 1 1075997 0.8356164 29.041105997748673
14551 1 1573380 0.8309859 30.581759987398982
14552 1 686529 0.81578946 29.419827973470092
14553 1 1594566 0.8767123 28.843063046224415
14554 1 704348 0.8125 20.784354070201516
14555 1 1200224 0.84 30.27607104741037
14556 1 1161344 0.875 29.89623893518001
14557 1 1251304 0.8076923 27.324144961312413
14558 1 700481 0.84810126 26.071483036503196
14559 1 1462290 0.8243243 28.12110201921314
14560 1 67744 0.86585367 20.99649701267481
14561 1 247368 0.8873239 29.712441959418356
14562 1 1501594 0.825 21.19455102365464
14563 1 1072238 0.82051283 25.373146985657513
14564 1 995534 0.85714287 25.311685050837696
14565 1 981129 0.8181818 31.796282972209156
14566 1 1054125 0.84810126 23.8498569233343
14567 1 686529 0.81578946 30.94183700159192
14568 1 1119090 0.8414634 24.258033954538405
14569 1 938694 0.8452381 22.52190001308918
14570 1 1016744 0.83116883 26.940166018903255
14571 1 1257453 0.8243243 27.890685945749283
14572 1 1043213 0.83116883 31.85975505039096
14573 1 1501594 0.85714287 24.17048392817378
14574 1 1442264 0.8313253 20.94034105539322
14575 1 1455108 0.87341774 22.638259921222925
14576 1 1410477 0.8918919 27.423587976954877
14577 1 1110544 0.886076 20.518628996796906
14578 1 1187076 0.8082192 28.2112630084157
14579 1 1440898 0.8313253 19.792155944742262
14580 1 1028781 0.8831169 23.018577019684017
14581 1 952719 0.8125 29.277484980411828
14582 1 1639182 0.84415585 27.154557057656348
14583 1 995570 0.8095238 21.03604597505182
14584 1 1518626 0.8313253 25.687890010885894
14585 1 1992686 0.85227275 19.40150000154972
14586 1 1453412 0.8918919 27.75076706893742
14587 1 1177541 0.84615386 27.828424936160445
14588 1 1453131 0.9066667 29.09446496050805
14589 1 667872 0.8961039 25.211839005351067
14590 1 1762547 0.81395346 18.535419018007815
14591 1 1016912 0.8117647 20.014398032799363
14592 1 1628433 0.8108108 29.889069963246584
14593 1 1077704 0.81707317 21.365229971706867
14594 1 1455335 0.8125 25.626769056543708
14595 1 1607675 0.8783784 29.79706891346723
14596 1 280868 0.8765432 22.502436069771647
14597 1 1169972 0.84 27.322500012815
14598 1 1542092 0.84931505 39.18277798220515
14599 1 821172 0.90789473 25.956453988328576
14600 1 1288432 0.8076923 31.58230090048164
14601 1 1492905 0.8117647 21.987860091030598
14602 1 1016744 0.83116883 24.71980603877455
14603 1 790753 0.8433735 19.26570397336036
14604 1 1832766 0.80898875 19.845059025101364
14605 1 1976286 0.8815789 26.145632029511034
14606 1 1028781 0.83116883 28.564838925376534
14607 1 209042 0.8648649 27.110171038657427
14608 1 1016912 0.8023256 19.42180097103119
14609 1 1185486 0.85714287 35.18919495400041
14610 1 1542092 0.84931505 34.59258796647191
14611 1 704348 0.8513514 31.986195943318307
14612 1 1467735 0.82051283 23.921251995489
14613 1 1698517 0.8888889 30.379053088836372
14614 1 1521546 0.84810126 20.59879491571337
14615 1 679943 0.8243243 28.521778993308544
14616 1 1471236 0.8051948 27.91961596813053
14617 1 1124851 0.8125 25.596193969249725
14618 1 1015075 0.8313253 23.681859020143747
14619 1 1109603 0.9027778 29.404225992038846
14620 1 827074 0.8765432 21.223819931037724
14621 1 1484812 0.8701299 25.371619034558535
14622 1 1675744 0.84415585 29.28197698201984
14623 1 1188764 0.81707317 21.375311072915792
14624 1 856290 0.79545456 18.628029036335647
14625 1 1018058 0.8961039 23.490504012443125
14626 1 1287015 0.82191783 28.414888074621558
14627 1 667872 0.835443 25.413567083887756
14628 1 1043385 0.8 27.255418011918664
14629 1 1334634 0.835443 29.860293958336115
14630 1 1622943 0.825 24.061471922323108
14631 1 1348072 0.91780823 28.6258680280298
14632 1 67744 0.86585367 20.774186006747186
14633 1 789632 0.8108108 29.622202971950173
14634 1 1267771 0.8356164 27.558026020415127
14635 1 1416053 0.8076923 26.748607982881367
14636 1 1627521 0.88 27.049697935581207
14637 1 1410266 0.8933333 27.132500079460442
14638 1 1094963 0.8192771 22.74111902806908
14639 1 1112905 0.8148148 24.795879027806222
14640 1 1237417 0.8 25.12429398484528
14641 1 1831885 0.8918919 28.101203963160515
14642 1 1238441 0.8292683 22.370517952367663
14643 1 1237417 0.8 23.871963028796017
14644 1 1072238 0.8101266 25.5620350362733
14645 1 1580922 0.8169014 28.822218999266624
14646 1 1984812 0.88 27.127104927785695
14647 1 868851 0.8076923 29.447394073940814
14648 1 1512930 0.8378378 31.51081595569849
14649 1 1121433 0.8947368 31.30538505502045
14650 1 266408 0.85333335 30.77699802815914
14651 1 1501594 0.85714287 23.98275095038116
14652 1 864089 0.8625 25.435949908569455
14653 1 1973912 0.79746836 28.9477719925344
14654 1 1116357 0.8552632 24.26046598702669
14655 1 1109795 0.8181818 23.061198997311294
14656 1 868851 0.84 31.09245898667723
14657 1 1639459 0.8450704 30.826646951027215
14658 1 1526537 0.81578946 27.074271929450333
14659 1 1146277 0.84210527 30.709945946000516
14660 1 1075997 0.8356164 29.114890028722584
14661 1 1181933 0.8452381 17.770968028344214
14662 1 686529 0.81578946 29.548697057180107
14663 1 1395519 0.84210527 28.244531946256757
14664 1 1017805 0.8181818 15.795416082255542
14665 1 820185 0.9047619 15.88700502179563
14666 1 1114782 0.8181818 17.473694984801114
14667 1 460761 0.88372093 15.134450048208237
14668 1 999929 0.8 18.767726025544107
14669 1 1177038 0.89772725 14.67257202602923
14670 1 827074 0.8888889 20.59568592812866
14671 1 2467496 0.8372093 17.573838937096298
14672 1 1072031 0.8068182 18.20092904381454
14673 1 1048414 0.8021978 15.217376057989895
14674 1 1848451 0.814433 12.013608939014375
14675 1 1198814 0.83157897 11.827335925772786
14676 1 768928 0.85882354 17.918292083777487
14677 1 709444 0.8372093 17.93391304090619
14678 1 836289 0.8064516 10.521236923523247
14679 1 1923496 0.85882354 14.605221105739474
14680 1 1150426 0.8068182 17.638865974731743
14681 1 802727 0.8125 11.61547307856381
14682 1 1348072 0.8292683 17.703676014207304
14683 1 1560721 0.86904764 15.133181004785001
14684 1 864089 0.81609195 18.06871499866247
14685 1 1672941 0.90361446 18.64965900313109
14686 1 1031468 0.8117647 20.700863911770284
14687 1 1105991 0.8666667 13.88644299004227
14688 1 370562 0.8192771 18.729325965978205
14689 1 895426 0.83157897 11.875818017870188
14690 1 584976 0.83146065 13.879047939553857
14691 1 1183528 0.8488372 17.701620003208518
14692 1 1118388 0.83516484 12.52642401959747
14693 1 987103 0.82954544 16.71401597559452
14694 1 1011827 0.8333333 13.85165099054575
14695 1 713529 0.7977528 14.071227051317692
14696 1 993226 0.8111111 15.189598081633449
14697 1 999929 0.8 17.414252972230315
14698 1 1107349 0.8131868 15.071236994117498
14699 1 836289 0.86206895 15.456256922334433
14700 1 1135095 0.8915663 18.97230406757444
14701 1 1523485 0.8780488 20.206485060043633
14702 1 709444 0.8372093 19.040018087252975
14703 1 1150250 0.8192771 20.11026395484805
14704 1 1573267 0.86419755 22.30134408455342
14705 1 713529 0.85882354 15.172471990808845
14706 1 1023666 0.88505745 13.99675803259015
14707 1 1199697 0.8068182 16.392786987125874
14708 1 717168 0.8 13.513218029402196
14709 1 1428059 0.8023256 17.266000038944185
14710 1 895426 0.83157897 11.862640036270022
14711 1 1191367 0.84705883 13.52242799475789
14712 1 717168 0.8 13.914126087911427
14713 1 1662839 0.86206895 14.087470946833491
14714 1 1107349 0.83146065 17.73961598519236
14715 1 1692047 0.8117647 22.834053030237556
14716 1 1041615 0.84042555 13.014756026677787
14717 1 717168 0.8 14.922782895155251
14718 1 840337 0.8651685 14.909098041243851
14719 1 1041615 0.8494624 12.7472800668329
14720 1 821172 0.8518519 19.380575977265835
14721 1 713529 0.7977528 14.22203704714775
14722 1 1684793 0.87058824 18.020036979578435
14723 1 863895 0.85227275 15.146426041610539
14724 1 709444 0.8372093 17.31543499045074
14725 1 1923496 0.85882354 14.758346020244062
14726 1 999929 0.8117647 17.440308001823723
14727 1 709444 0.8372093 18.17233709152788
14728 1 999929 0.8117647 17.854396952316165
14729 1 1016772 0.8372093 19.277076004073024
14730 1 1831035 0.8452381 19.785798038356006
14731 1 843428 0.8068182 17.948817112483084
14732 1 1188182 0.81395346 19.040990970097482
14733 1 1492905 0.8023256 20.359624992124736
14734 1 1348072 0.8292683 18.435881938785315
14735 1 1954924 0.875 10.354042053222656
14736 1 768928 0.85882354 18.912632949650288
14737 1 1140128 0.87356323 18.400399014353752
14738 1 768928 0.85882354 18.501727026887238
14739 1 1105991 0.84615386 13.184168958105147
14740 1 1348072 0.8292683 18.43792700674385
14741 1 1183528 0.81609195 17.47559104114771
14742 1 1406709 0.8902439 18.166573019698262
14743 1 2004094 0.8181818 16.73164893873036
14744 1 1831035 0.8452381 22.58488000370562
14745 1 1144258 0.81395346 15.938075026497245
14746 1 1440673 0.8915663 22.65540207736194
14747 1 1105991 0.8172043 12.660106061957777
14748 1 863333 0.8795181 14.990017982199788
14749 1 1105991 0.90697676 16.812621033750474
14750 1 1684055 0.8020833 12.382911052554846
14751 1 709444 0.8372093 18.33590306341648
14752 1 459135 0.88235295 16.316469991579652
14753 1 1692047 0.8117647 20.987453986890614
14754 1 460761 0.88372093 15.149879967793822
14755 1 1006239 0.8068182 16.08962705358863
14756 1 1191367 0.84705883 14.281385927461088
14757 1 821172 0.8313253 17.391348956152797
14758 1 843428 0.80898875 13.707090984098613
14759 1 1684793 0.87058824 17.927897977642715
14760 1 1143800 0.88235295 16.314812935888767
14761 1 1406709 0.8902439 18.688108073547482
14762 1 836289 0.8152174 13.588982983492315
14763 1 40474 0.8192771 18.637352040968835
14764 1 1572367 0.8488372 15.665502985939384
14765 1 1657518 0.8372093 16.553892055526376
14766 1 843428 0.8045977 17.142850090749562
14767 1 1954924 0.875 9.792955941520631
14768 1 1050822 0.8235294 17.665007966570556
14769 1 1428059 0.8117647 17.58982101455331
14770 1 1672237 0.82222223 15.038748970255256
14771 1 1041615 0.8494624 11.937787057831883
14772 1 821172 0.8192771 17.67254201695323
14773 1 1348072 0.8292683 17.66109699383378
14774 1 1672237 0.82222223 16.709045972675085
14775 1 827074 0.85542166 21.516300970688462
14776 1 1848451 0.814433 15.024827094748616
14777 1 1105991 0.8666667 15.463825897313654
14778 1 1191367 0.84705883 18.48976593464613
14779 1 1428059 0.8023256 21.92319300957024
14780 1 713529 0.85882354 18.27504497487098
14781 1 584976 0.83146065 16.214002040214837
14782 1 2152981 0.82758623 20.00017394311726
14783 1 1183528 0.8488372 19.405400031246245
14784 1 1155825 0.85882354 19.28408199455589
14785 1 1672237 0.82222223 16.219938057474792
14786 1 938694 0.8352941 20.268462947569788
14787 1 1155825 0.8352941 21.415867027826607
14788 1 993226 0.83516484 13.739025918766856
14789 1 1183528 0.83908045 18.96306301932782
14790 1 1198814 0.83870965 15.856940066441894
14791 1 1848451 0.814433 13.739853980951011
14792 1 1185060 0.84090906 19.931967020966113
14793 1 1560721 0.86904764 15.723317977972329
14794 1 1848451 0.814433 12.166470056399703
14795 1 1183528 0.82758623 17.863041954115033
14796 1 1144258 0.8780488 15.136391040869057
14797 1 1094360 0.8117647 17.789290053769946
14798 1 840337 0.83146065 16.102507011964917
14799 1 1406709 0.8902439 16.96916902437806
14800 1 863895 0.8181818 17.68354291561991
14801 1 460761 0.88372093 14.861261006444693
14802 1 1672237 0.82222223 15.295892022550106
14803 1 1041615 0.8125 10.975928977131844
14804 1 1848451 0.814433 13.46305594779551
14805 1 1047035 0.8117647 18.96428398322314
14806 1 836289 0.83908045 18.907090998254716
14807 1 1492509 0.85542166 20.38197300862521
14808 1 1190630 0.8117647 18.72022298630327
14809 1 1455108 0.8192771 19.08731402363628
14810 1 2152981 0.82758623 17.646815977059305
14811 1 1000695 0.85057473 17.74114102590829
14812 1 1492509 0.85542166 17.646412015892565
14813 1 2004094 0.8181818 16.004258999601007
14814 1 2279387 0.8795181 20.48276993446052
14815 1 843428 0.9047619 14.671014971099794
14816 1 802727 0.8125 12.136807083152235
14817 1 821172 0.8414634 18.262224970385432
14818 1 2467496 0.81395346 18.127248040400445
14819 1 1684793 0.87058824 19.129633903503418
14820 1 993226 0.8202247 17.44933391455561
14821 1 2467496 0.8372093 17.474984051659703
14822 1 826222 0.8255814 18.866732949391007
14823 1 895426 0.83157897 12.162582948803902
14824 1 999321 0.8780488 15.176143031567335
14825 1 836289 0.86206895 15.065639046952128
14826 1 938694 0.8352941 19.19741102028638
14827 1 843428 0.8372093 17.97761907801032
14828 1 1198814 0.814433 10.105998953804374
14829 1 1409596 0.8292683 18.865384045057
14830 1 1143800 0.86206895 13.541579945012927
14831 1 709444 0.8372093 17.593046999536455
14832 1 1143800 0.872093 13.656278024427593
14833 1 713529 0.7977528 13.77824298106134
14834 1 768928 0.85882354 17.843015026301146
14835 1 836289 0.8202247 15.95857401844114
14836 1 709444 0.8372093 19.02879704721272
14837 1 2152981 0.82758623 18.99726002011448
14838 1 827074 0.8674699 18.81307305302471
14839 1 938694 0.8352941 19.547929987311363
14840 1 1492509 0.85542166 17.56943599320948
14841 1 1167045 0.80898875 17.850427888333797
14842 1 1183528 0.8255814 19.324684981256723
14843 1 843428 0.85714287 19.378416007384658
14844 1 1183528 0.81609195 17.84221502020955
14845 1 821172 0.8214286 16.384138027206063
14846 1 275461 0.8876405 12.979174964129925
14847 1 1923496 0.85882354 15.220856992527843
14848 1 709444 0.8372093 17.57768599782139
14849 1 938694 0.79310346 19.269844982773066
14850 1 2004094 0.8181818 17.637568060308695
14851 1 1006239 0.81609195 18.837861018255353
14852 1 826222 0.8452381 22.401095018722117
14853 1 1041615 0.8020833 12.840684037655592
14854 1 1406709 0.8902439 17.98073493409902
14855 1 1142235 0.8068182 13.974700006656349
14856 1 1143800 0.90361446 21.593092009425163
14857 1 1142235 0.80898875 12.77411903720349
14858 1 1138458 0.8131868 13.75590602401644
14859 1 1114782 0.8 16.516756964847445
14860 1 1013942 0.85393256 16.02277799975127
14861 1 1167045 0.83146065 15.204119961708784
14862 1 1195135 0.8 14.242986915633082
14863 1 1086542 0.8229167 10.772728943265975
14864 1 709444 0.8372093 17.305182060226798
14865 1 1183528 0.79545456 20.850387983955443
14866 1 277578 0.88372093 17.937900964170694
14867 1 1183528 0.79545456 19.16621101554483
14868 1 1137367 0.8043478 16.066943993791938
14869 1 1138458 0.8021978 14.958914020098746
14870 1 1057481 0.84705883 17.59250496979803
14871 1 840337 0.90909094 11.75969501491636
14872 1 836289 0.8021978 14.129376038908958
14873 1 1093245 0.8636364 15.198598033748567
14874 1 836289 0.82417583 11.685080942697823
14875 1 1191367 0.8235294 16.056662891060114
14876 1 713529 0.85882354 14.87914810422808
14877 1 1081603 0.8666667 12.842214899137616
14878 1 1428059 0.8117647 18.110955017618835
14879 1 1086716 0.8111111 15.313989017158747
14880 1 1183528 0.81609195 21.83170209173113
14881 1 1831035 0.8452381 19.06553201843053
14882 1 1183528 0.8181818 18.064152915030718
14883 1 1105991 0.82417583 15.023501007817686
14884 1 990372 0.8131868 16.75759197678417
14885 1 1573267 0.86419755 20.52513405214995
14886 1 1142235 0.8488372 14.457236975431442
14887 1 1041615 0.8125 10.713451076298952
14888 1 768928 0.85882354 17.403869074769318
14889 1 1144258 0.81395346 13.768406002782285
14890 1 963158 0.79569894 14.011229039169848
14891 1 840337 0.8651685 14.286621008068323
14892 1 955133 0.86021507 9.693574975244701
14893 1 1148796 0.88235295 16.989360912702978
14894 1 981218 0.86419755 15.714893001131713
14895 1 1058818 0.83146065 15.890112961642444
14896 1 840337 0.84444445 15.305393026210368
14897 1 836289 0.872093 19.481165916658938
14898 1 821172 0.8414634 26.62747900467366
14899 1 717168 0.8 15.989604988135397
14900 1 1135095 0.87058824 16.82690903544426
14901 1 1167045 0.86206895 17.762028030119836
14902 1 1170299 0.88372093 19.47648311033845
14903 1 987103 0.7977528 20.145446062088013
14904 1 1183528 0.8181818 18.365390016697347
14905 1 2467496 0.81395346 19.863854977302253
14906 1 1145325 0.8625 19.957933924160898
14907 1 1657518 0.8372093 17.74474501144141
14908 1 1086542 0.8804348 12.479564058594406
14909 1 1067479 0.80898875 19.07523302361369
14910 1 1105991 0.84615386 14.896590961143374
14911 1 827074 0.86585367 22.303909063339233
14912 1 1649370 0.84090906 18.32880696747452
14913 1 1025579 0.8172043 15.30184899456799
14914 1 1649370 0.84090906 16.616734908893704
14915 1 1779939 0.88505745 19.330965937115252
14916 1 1560721 0.86904764 17.044111038558185
14917 1 1101458 0.85555553 14.427870977669954
14918 1 1006909 0.8172043 17.046210006810725
14919 1 709444 0.8372093 20.86989302188158
14920 1 1560721 0.86904764 17.61919097043574
14921 1 1138458 0.875 16.58675994258374
14922 1 2467496 0.81395346 19.986665924079716
14923 1 1057481 0.84705883 22.65469601843506
14924 1 1123652 0.8172043 15.465239994227886
14925 1 827074 0.8333333 21.350387018173933
14926 1 821172 0.8214286 22.54076604731381
14927 1 802727 0.8125 14.019460999406874
14928 1 1167045 0.85393256 16.094887047074735
14929 1 1848451 0.814433 14.518456067889929
14930 1 1428059 0.8023256 19.263030029833317
14931 1 40474 0.8192771 18.22377706412226
14932 1 1058818 0.83146065 15.934691997244954
14933 1 813110 0.872093 15.499802073463798
14934 1 836289 0.8202247 14.535684022121131
14935 1 1831035 0.8452381 16.804047976620495
14936 1 1142235 0.8068182 13.194703962653875
14937 1 1138458 0.8333333 13.277675025165081
14938 1 1006909 0.82608694 13.129816972650588
14939 1 1191367 0.8235294 15.375114046037197
14940 1 1440673 0.8915663 20.829239976592362
14941 1 370562 0.8192771 17.694228095933795
14942 1 1142235 0.80898875 12.636841041967273
14943 1 1105991 0.8426966 16.679684980772436
14944 1 1181933 0.8452381 17.994557041674852
14945 1 1662839 0.86206895 13.081792043522
14946 1 1023886 0.8372093 16.59849495626986
14947 1 821172 0.8414634 16.65884500835091
14948 1 999321 0.8780488 14.263937016949058
14949 1 836289 0.85227275 13.354678056202829
14950 1 802727 0.8125 11.280786944553256
14951 1 127492 0.85057473 14.406963950023055
14952 1 836289 0.8202247 14.4110870314762
14953 1 802727 0.8125 11.287851957604289
14954 1 1155825 0.81609195 16.959980013780296
14955 1 1662839 0.86206895 13.142039068043232
14956 1 1025579 0.8369565 12.137899990193546
14957 1 1041615 0.82978725 12.213778914883733
14958 1 826222 0.8452381 19.84710805118084
14959 1 1198814 0.82978725 13.323562918230891
14960 1 1155825 0.8255814 17.30792294256389
14961 1 1181933 0.8352941 17.319367034360766
14962 1 1183528 0.84705883 18.131045973859727
14963 1 2004094 0.8181818 15.611367067322135
14964 1 938694 0.79310346 18.286800011992455
14965 1 1428059 0.8117647 16.76383602898568
14966 1 836289 0.84444445 11.189068900421262
14967 1 1181933 0.8255814 15.807880088686943
14968 1 275461 0.8876405 12.268547900021076
14969 1 821172 0.8023256 13.481462956406176
14970 1 826222 0.8255814 16.76861906889826
14971 1 1781917 0.8333333 10.815309011377394
14972 1 768928 0.85882354 16.97834802325815
14973 1 1155825 0.81609195 16.84793597087264
14974 1 1923496 0.85882354 14.422640088014305
14975 1 938694 0.79310346 20.08011902216822
14976 1 1041615 0.8210526 13.193903025239706
14977 1 993226 0.80898875 17.857771017588675
14978 1 1662839 0.86206895 13.600533013232052
14979 1 1041615 0.84042555 11.54604705516249
14980 1 836289 0.8426966 13.75001692213118
14981 1 1138458 0.82222223 13.430432067252696
14982 1 26517 0.81609195 17.319125006906688
14983 1 1086716 0.8111111 14.619902009144425
14984 1 2467496 0.8372093 15.56392596103251
14985 1 895426 0.83157897 11.241933098062873
14986 1 1183528 0.79545456 16.834905021823943
14987 1 836289 0.8064516 10.435840929858387
14988 1 1692047 0.8117647 22.132592042908072
14989 1 1492905 0.8023256 18.73767690267414
14990 1 1684055 0.8020833 11.632622103206813
14991 1 836289 0.8426966 19.615331082604825
14992 1 2467496 0.81395346 20.15503798611462
14993 1 709444 0.8372093 30.172811006195843
14994 1 1954924 0.875 10.395312099717557
14995 1 1191367 0.8235294 17.00117695145309
14996 1 1572367 0.8488372 15.054285060614347
14997 1 1057481 0.84705883 19.78892704937607
14998 1 836289 0.89285713 16.94757502991706
14999 1 866868 0.8452381 17.184154014103115
15000 1 1630386 0.8072289 18.716237973421812
15001 1 1016772 0.8372093 18.65275704767555
15002 1 40474 0.8192771 17.861585947684944
15003 1 1134637 0.8125 11.508533963933587
15004 1 1440673 0.8915663 19.902655039913952
15005 1 1831035 0.8452381 18.259407952427864
15006 1 987103 0.84090906 16.468162997625768
15007 1 1684793 0.87058824 19.3708180449903
15008 1 963158 0.79569894 14.914923929609358
15009 1 955133 0.86021507 10.903802933171391
15010 1 826222 0.8452381 19.8523550061509
15011 1 863895 0.80898875 17.694435897283256
15012 1 1409596 0.8292683 17.70847593434155
15013 1 1198814 0.82978725 12.44413002859801
15014 1 1009381 0.81395346 18.50991102401167
15015 1 938694 0.8352941 18.560498021543026
15016 1 833111 0.84210527 10.46648994088173
15017 1 1191367 0.84705883 13.450871920213103
15018 1 1025579 0.8172043 12.857138994149864
15019 1 1447199 0.8068182 16.971896984614432
15020 1 2467496 0.8372093 16.043851035647094
15021 1 1831035 0.8452381 17.849856987595558
15022 1 836289 0.86206895 16.91251900047064
15023 1 1492905 0.8023256 20.382142043672502
15024 1 938694 0.79310346 20.34874598030001
15025 1 1455108 0.8192771 20.428347983397543
15026 1 2152981 0.82758623 17.96730502974242
15027 1 1000695 0.84090906 16.40494994353503
15028 1 1138458 0.82222223 14.016019064001739
15029 1 1409596 0.8292683 17.05269794911146
15030 1 1831035 0.8452381 26.573645998723805
15031 1 1142235 0.81609195 14.380834996700287
15032 1 836289 0.88235295 16.845937934704125
15033 1 1150426 0.8488372 17.3002399969846
15034 1 1183528 0.80898875 14.769891975447536
15035 1 1523485 0.8780488 18.987538060173392
15036 1 1848451 0.814433 12.978581013157964
15037 1 460761 0.88372093 17.35195005312562
15038 1 713529 0.7977528 14.26865195389837
15039 1 713529 0.85882354 15.547756920568645
15040 1 1006239 0.83908045 15.583734959363937
15041 1 40474 0.8192771 18.434589030221105
15042 1 1409596 0.8292683 18.529515014961362
15043 1 840337 0.8172043 13.922596001066267
15044 1 1428059 0.8023256 18.351783975958824
15045 1 1105991 0.82608694 13.296306948177516
15046 1 1428059 0.8117647 18.01758899819106
15047 1 1572367 0.8488372 15.001037972979248
15048 1 1447199 0.8068182 17.592519987374544
15049 1 1140128 0.85393256 16.35752699803561
15050 1 1041615 0.8 12.922100955620408
15051 1 826222 0.7977528 14.255482936277986
15052 1 1572367 0.8488372 17.43621297646314
15053 1 1016772 0.83908045 19.51805700082332
15054 1 1692047 0.8117647 22.990880999714136
15055 1 1183528 0.82954544 16.006813966669142
15056 1 1198814 0.8041237 11.261402978561819
15057 1 1492905 0.8023256 21.016079001128674
15058 1 895426 0.83157897 12.769956956617534
15059 1 1041615 0.83870965 13.319502002559602
15060 1 1954924 0.875 10.31653000973165
15061 1 1492509 0.85542166 18.147537019103765
15062 1 1945002 0.83516484 14.316485030576587
15063 1 709444 0.8372093 17.82039599493146
15064 1 1011827 0.8333333 13.909115106798708
15065 1 1057481 0.84705883 17.72627397440374
15066 1 1148796 0.872093 17.725280951708555
15067 1 1191367 0.8235294 25.191379943862557
15068 1 1167045 0.80851066 10.846627061255276
15069 1 464182 0.82 10.045381030067801
15070 1 1679471 0.8080808 10.833965032361448
15071 1 1440673 0.82608694 12.164329062215984
15072 1 926714 0.8053097 5.383127951063216
15073 1 557255 0.8181818 8.340646978467703
15074 1 1684075 0.8061224 10.20639797206968
15075 1 926714 0.8053097 5.1124009769409895
15076 1 987233 0.8041237 11.038845987059176
15077 1 926714 0.8053097 5.018263938836753
15078 1 1679471 0.8080808 10.081771994009614
15079 1 926714 0.8053097 4.907150054350495
15080 1 987233 0.8041237 10.760889039374888
15081 1 10904 0.82 8.494879002682865
15082 1 2474223 0.86 7.658172980882227
15083 1 886535 0.83505154 9.897097945213318
15084 1 2097904 0.81 9.149972000159323
15085 1 557255 0.8181818 7.6069530332461
15086 1 957928 0.85858583 8.321527973748744
15087 1 1440673 0.82608694 10.427647968754172
15088 1 2097904 0.81 9.203122928738594
15089 1 987233 0.8041237 10.600309004075825
15090 1 2097904 0.81 9.05970809981227
15091 1 557255 0.8181818 7.723865914158523
15092 1 926714 0.8053097 4.996875999495387
15093 1 1722896 0.8842105 9.866971988230944
15094 1 464182 0.82 9.297779062762856
15095 1 2097904 0.81 15.218838001601398
15096 1 1679471 0.8080808 10.578154004178941
15097 1 449145 0.84375 10.425467975437641
15098 1 987233 0.8041237 11.45660097245127
15099 1 1722896 0.8842105 10.560367023572326
15100 1 957928 0.85858583 9.160947985947132
15101 1 987233 0.8041237 11.381739052012563
15102 1 987233 0.8041237 11.126152938231826
15103 1 926714 0.8053097 5.052032065577805
15104 1 957928 0.85858583 8.401843020692468
15105 1 557255 0.8181818 8.253939915448427
15106 1 2305316 0.90909094 1.69096898753196
15107 1 1967913 0.90909094 1.6438430175185204
15108 1 942245 0.90909094 1.0433910647407174
15109 1 2344560 0.90909094 0.948033994063735
15110 1 1779239 0.90909094 1.233097049407661
15111 1 450042 0.9 1.0603290284052491
15112 1 1780896 0.90909094 2.8216950595378876
15113 1 450042 0.9 1.0529219871386886
15114 1 278781 0.90909094 0.9097690926864743
15115 1 149535 0.9 0.9635250316932797
15116 1 170584 0.90909094 0.9238009806722403
15117 1 450042 0.9 0.9787620510905981
15118 1 2267327 0.90909094 0.9369049221277237
15119 1 2305316 0.90909094 0.9138849563896656
15120 1 363326 0.90909094 1.0822330368682742
15121 1 1779239 0.90909094 0.9962909389287233
15122 1 601260 0.95 3.5589420003816485
15123 1 1629808 0.9444444 1.8830859335139394
15124 1 28686 0.9166667 1.4312680577859282
15125 1 83741 0.95238096 2.566492068581283
15126 1 1965745 0.9444444 1.7536110244691372
15127 1 284808 0.9375 1.2596080778166652
15128 1 1965678 0.9411765 1.5221729408949614
15129 1 1265209 0.9166667 0.9950849926099181
15130 1 1814662 0.94736844 1.7353970324620605
15131 1 316124 0.94736844 1.9568189745768905
15132 1 1413058 0.94736844 2.1322250831872225
15133 1 2040242 0.9411765 1.2289000442251563
15134 1 1001964 0.9047619 2.366816042922437
15135 1 1417237 0.9411765 1.4625720214098692
15136 1 2333360 0.9411765 1.355535932816565
15137 1 1600959 0.95238096 2.563648042269051
15138 1 1563568 0.9411765 1.6319999704137444
15139 1 1727977 0.95 2.2264529252424836
15140 1 1001964 0.9047619 2.765989047475159
15141 1 1830377 0.94736844 2.1152979461476207
15142 1 1417237 0.9411765 1.6123049426823854
15143 1 867203 0.94736844 2.036060905084014
15144 1 234119 0.9047619 2.6641080621629953
15145 1 1259935 0.9047619 2.2893439745530486
15146 1 1125472 0.95238096 2.598191029392183
15147 1 1967841 0.95238096 2.5775909889489412
15148 1 132679 0.94736844 1.8870920175686479
15149 1 1585108 0.9444444 1.8049359787255526
15150 1 366718 0.9375 1.4777929754927754
15151 1 1961070 0.9444444 1.8861580174416304
15152 1 1726155 0.9411765 1.663692994043231
15153 1 1795108 0.9411765 1.3609890593215823
15154 1 714067 0.9047619 2.5759380077943206
15155 1 1965678 0.9411765 1.7970330081880093
15156 1 1512736 0.9230769 1.1242659529671073
15157 1 1965678 0.9411765 1.6876369481906295
15158 1 1484589 0.9 3.868257044814527
15159 1 1417237 0.9411765 1.4858610229566693
15160 1 30698 0.95 2.3292170371860266
15161 1 1747484 0.9375 1.6383080510422587
15162 1 2333360 0.9411765 3.5005349200218916
15163 1 1712095 0.9 2.1635149605572224
15164 1 1940805 0.94736844 1.9441100303083658
15165 1 2216827 0.94736844 3.98516608402133
15166 1 1136461 0.9 2.4313649628311396
15167 1 439256 0.90909094 1.103622023947537
15168 1 1136461 0.95 2.935715951025486
15169 1 596375 0.9285714 1.22943299356848
15170 1 2358734 0.94736844 1.961378031410277
15171 1 138871 0.9 2.4065059842541814
15172 1 316124 0.94736844 1.9324059830978513
15173 1 1136461 0.9 2.3672370007261634
15174 1 1720688 0.94736844 1.8483339808881283
15175 1 353042 0.9411765 1.3479160843417048
15176 1 1960701 0.9375 1.217217999510467
15177 1 138871 0.9 2.3924699053168297
15178 1 82550 0.95238096 3.024280071258545
15179 1 1001964 0.95 4.566992982290685
15180 1 1857862 0.9375 1.4105470618233085
15181 1 2199023 0.95 2.285983064211905
15182 1 1780764 0.95238096 2.454172936268151
15183 1 1001964 0.9047619 2.622256986796856
15184 1 1782044 0.95238096 2.572449971921742
15185 1 1729854 0.95 2.209978993050754
15186 1 1522881 0.9444444 1.9774799002334476
15187 1 168266 0.94736844 2.706505940295756
15188 1 454359 0.94736844 1.9083649385720491
15189 1 477856 0.95 2.2788660135120153
15190 1 1672749 0.95 3.3444510772824287
15191 1 1965529 0.95 2.632988034747541
15192 1 1777085 0.9411765 1.5183179639279842
15193 1 1965062 0.93333334 1.153658959083259
15194 1 96082 0.9375 1.2605219380930066
15195 1 1709273 0.9285714 1.1116421082988381
15196 1 1060418 0.9047619 2.518862020224333
15197 1 1802518 0.95 2.1369900787249207
15198 1 15575 0.90909094 1.2517620343714952
15199 1 170986 0.9375 2.5915730511769652
15200 1 2252331 0.95 3.396310959942639
15201 1 893579 0.9444444 3.029189072549343
15202 1 81595 0.95 4.380865953862667
15203 1 316124 0.94736844 1.7462329706177115
15204 1 54524 0.93333334 1.0443109786137938
15205 1 1654963 0.9 2.048006048426032
15206 1 1965745 0.9444444 1.6416290309280157
15207 1 767599 0.9285714 1.081236987374723
15208 1 578128 0.9047619 2.389232045970857
15209 1 882957 0.9230769 0.9407770121470094
15210 1 1925489 0.9375 1.154256984591484
15211 1 1760932 0.95238096 2.2803019965067506
15212 1 1156023 0.9166667 0.942123937420547
15213 1 20768 0.95 1.9245239673182368
15214 1 1413058 0.94736844 3.2441129442304373
15215 1 1073600 0.93333334 1.999265979975462
15216 1 1857860 0.95238096 3.3855369547381997
15217 1 1969236 0.9375 2.0036790519952774
15218 1 561174 0.95 1.9982900703325868
15219 1 104957 0.9375 1.4370830031111836
15220 1 1660061 0.9444444 1.8105190247297287
15221 1 127602 0.95238096 2.337691024877131
15222 1 1830377 0.94736844 1.6931570135056973
15223 1 168266 0.94736844 1.9978160271421075
15224 1 234504 0.9047619 2.428304054774344
15225 1 1960759 0.9444444 2.445011050440371
15226 1 662281 0.9375 2.031726064160466
15227 1 1113493 0.9375 2.0454699406400323
15228 1 2003341 0.93333334 1.2517640134319663
15229 1 1209149 0.9411765 1.7052770126610994
15230 1 1830377 0.94736844 1.8008070765063167
15231 1 1961754 0.94736844 1.793539966456592
15232 1 1156023 0.9166667 0.964708044193685
15233 1 1722476 0.9375 1.2125199427828193
15234 1 1249345 0.95 2.2313030203804374
15235 1 1090737 0.95238096 2.887933049350977
15236 1 244577 0.9444444 2.0441729575395584
15237 1 640121 0.9411765 1.434869016520679
15238 1 170986 0.9375 1.6955389874055982
15239 1 170986 0.9375 1.5719300135970116
15240 1 1675766 0.9375 1.3158699730411172
15241 1 1597172 0.9444444 1.7260350286960602
15242 1 1396178 0.9047619 2.573331003077328
15243 1 1968874 0.90909094 0.9866779437288642
15244 1 1093783 0.9 1.961055095307529
15245 1 1968280 0.9285714 1.0228549363091588
15246 1 1651938 0.95238096 2.5436150608584285
15247 1 1577922 0.9230769 0.9936050046235323
15248 1 767599 0.9285714 1.9439200405031443
15249 1 138871 0.9 2.5607820134609938
15250 1 1824434 0.9444444 1.5851919306442142
15251 1 1830377 0.94736844 1.7648530192673206
15252 1 1588531 0.94736844 2.5573549792170525
15253 1 1968188 0.9375 2.3708060616627336
15254 1 1965745 0.9444444 1.8163890345022082
15255 1 1854807 0.94736844 1.8462459556758404
15256 1 1156023 0.9166667 2.854121965356171
15257 1 541082 0.9 2.299763960763812
15258 1 1726948 0.94736844 1.7837360501289368
15259 1 370890 0.9166667 0.9010829962790012
15260 1 821323 0.95 2.2214649943634868
15261 1 1027606 0.90909094 2.584942034445703
15262 1 1830377 0.94736844 2.6937100337818265
15263 1 1586007 0.95238096 3.3994369441643357
15264 1 306148 0.94736844 1.8818260869011283
15265 1 1713289 0.94736844 1.8226749962195754
15266 1 138871 0.9 2.642272040247917
15267 1 767599 0.9285714 1.2725340202450752
15268 1 1690904 0.9411765 1.5093310503289104
15269 1 1265209 0.9166667 1.171516953036189
15270 1 999365 0.9047619 2.9718910809606314
15271 1 1480011 0.9047619 2.974794013425708
15272 1 1896312 0.9285714 1.3862199848517776
15273 1 833310 0.9 2.008819952607155
15274 1 82550 0.95238096 2.6861720252782106
15275 1 293572 0.9444444 3.156478051096201
15276 1 1689070 0.9444444 1.7327700043097138
15277 1 609665 0.9166667 1.11991201993078
15278 1 748752 0.90909094 2.7778069488704205
15279 1 1726948 0.94736844 4.252759041264653
15280 1 1857244 0.9285714 1.2904900358989835
15281 1 1814662 0.94736844 1.8970289966091514
15282 1 1830377 0.94736844 1.9085659878328443
15283 1 1968874 0.90909094 1.3358619762584567
15284 1 356778 0.9444444 1.8388379830867052
15285 1 1814662 0.94736844 1.8125760834664106
15286 1 227774 0.95 2.455392968840897
15287 1 1962119 0.95 2.0247279899194837
15288 1 1830377 0.94736844 1.6977490158751607
15289 1 1930250 0.95238096 2.289562951773405
15290 1 1588531 0.94736844 3.992576035670936
15291 1 1905958 0.9375 1.4169110218062997
15292 1 1586011 0.94736844 2.847654977813363
15293 1 1969560 0.9375 1.8422079738229513
15294 1 1962119 0.95 2.1121639292687178
15295 1 183235 0.9444444 1.6356229316443205
15296 1 1799538 0.90909094 0.97347900737077
15297 1 1677518 0.94736844 1.7043380066752434
15298 1 1908874 0.9047619 2.4385619908571243
15299 1 1265209 0.9166667 1.0147029533982277
15300 1 1777356 0.9444444 1.4906399883329868
15301 1 196586 0.95 2.024948946200311
15302 1 168266 0.94736844 1.6744190361350775
15303 1 735379 0.95 2.0839690696448088
15304 1 178281 0.90909094 0.951917958445847
15305 1 1586007 0.95238096 2.4414529325440526
15306 1 3701 0.95238096 2.4227609392255545
15307 1 227774 0.95 2.542032045312226
15308 1 1830377 0.94736844 1.8709789728745818
15309 1 1484589 0.9 2.8127150144428015
15310 1 352731 0.9411765 1.3595150085166097
15311 1 1367664 0.94736844 1.8792790360748768
15312 1 1885931 0.94736844 1.826346036978066
15313 1 125527 0.94736844 2.318544080480933
15314 1 1777356 0.9444444 3.009036066941917
15315 1 447801 0.93333334 1.5824059955775738
15316 1 1780423 0.9375 1.1208640644326806
15317 1 1710034 0.95238096 2.2991449804976583
15318 1 1156023 0.9166667 1.0893180733546615
15319 1 230810 0.9 2.344451961107552
15320 1 791655 0.9285714 1.054828055202961
15321 1 1778311 0.94736844 1.730042975395918
15322 1 1715971 0.9375 1.469914917834103
15323 1 2216827 0.94736844 1.8215329619124532
15324 1 1854807 0.94736844 2.080881968140602
15325 1 767599 0.9285714 1.1705870274454355
15326 1 5044 0.9285714 1.2892839731648564
15327 1 9255 0.9285714 1.1123140575364232
15328 1 2202542 0.93333334 1.1043819831684232
15329 1 1366285 0.95 2.151838969439268
15330 1 1965678 0.9411765 2.7383120032027364
15331 1 37622 0.9230769 2.278517931699753
15332 1 170986 0.9375 1.582284108735621
15333 1 1781988 0.9411765 1.4104560250416398
15334 1 170986 0.9375 1.6206869622692466
15335 1 1156023 0.9166667 0.9965749923139811
15336 1 1778311 0.94736844 1.9294850062578917
15337 1 154605 0.93333334 1.2254930334165692
15338 1 1779207 0.9166667 1.0378939332440495
15339 1 1963571 0.9 2.2232240298762918
15340 1 1460857 0.9166667 1.097732107155025
15341 1 1962010 0.94736844 1.8458460690453649
15342 1 109298 0.9 2.245631068944931
15343 1 1965678 0.9411765 1.3810120290145278
15344 1 1860045 0.95 1.8721219385042787
15345 1 1711072 0.9411765 1.2918770080432296
15346 1 398814 0.9166667 0.9087889920920134
15347 1 1814662 0.94736844 1.6985110705718398
15348 1 1424800 0.94736844 2.789118094369769
15349 1 1967535 0.94736844 3.3832539338618517
15350 1 1966849 0.9444444 1.7201299779117107
15351 1 1461913 0.95238096 2.3557370295748115
15352 1 1125472 0.95238096 2.3873670725151896
15353 1 1547125 0.95 2.16213904786855
15354 1 1965745 0.9444444 1.768089015968144
15355 1 1965135 0.9444444 1.6098819905892015
15356 1 1965678 0.9411765 1.5104890335351229
15357 1 397709 0.9444444 1.9070790149271488
15358 1 1814662 0.94736844 2.5657330406829715
15359 1 2303795 0.9444444 1.5778429806232452
15360 1 37622 0.9230769 1.8069479847326875
15361 1 125527 0.94736844 2.1851189667358994
15362 1 1965975 0.95238096 2.445043995976448
15363 1 833767 0.9 1.8853209912776947
15364 1 1859621 0.9166667 1.018429989926517
15365 1 1019697 0.94736844 2.3061439860612154
15366 1 1782044 0.95238096 2.4170050164684653
15367 1 1964249 0.9375 1.14297098480165
15368 1 1896312 0.9285714 1.1065519647672772
15369 1 1735091 0.9411765 1.2604480143636465
15370 1 573183 0.95 2.087608096189797
15371 1 578128 0.95 2.5284119183197618
15372 1 1964048 0.9230769 1.1073369532823563
15373 1 352731 0.9411765 1.5930490335449576
15374 1 225845 0.9444444 2.766652964055538
15375 1 1965745 0.9444444 2.923597930930555
15376 1 439256 0.90909094 1.8813679926097393
15377 1 1517687 0.94736844 2.8670369647443295
15378 1 1860041 0.9375 2.199960988946259
15379 1 1906055 0.94736844 1.9979430362582207
15380 1 303440 0.95 2.6472030440345407
15381 1 1781486 0.95 3.124529030174017
15382 1 1624663 0.9047619 3.5581799456849694
15383 1 2207170 0.9375 1.4755780575796962
15384 1 1905958 0.9375 1.2981230393052101
15385 1 1001964 0.9047619 2.6444949908182025
15386 1 575406 0.9411765 1.7705950886011124
15387 1 168266 0.94736844 2.0284210331737995
15388 1 1265209 0.9166667 1.6231689369305968
15389 1 3701 0.95238096 2.5282680289819837
15390 1 1725616 0.95238096 2.6115719228982925
15391 1 1907458 0.9166667 0.9976750006899238
15392 1 1629941 0.9047619 2.5678769452497363
15393 1 2040524 0.9285714 1.3866620138287544
15394 1 2224183 0.95 2.1352890180423856
15395 1 8931 0.9285714 1.085206982679665
15396 1 661215 0.9444444 2.0800160709768534
15397 1 2385173 0.9285714 1.068208017386496
15398 1 758654 0.95 2.3476378992199898
15399 1 1845574 0.94736844 2.889916067942977
15400 1 1487143 0.94736844 1.9725760212168097
15401 1 83741 0.95238096 2.568522933870554
15402 1 1500903 0.9285714 1.2246560072526336
15403 1 1727977 0.95 2.1010689670220017
15404 1 1645126 0.9444444 1.6931899590417743
15405 1 138871 0.9 2.5163309182971716
15406 1 767599 0.9285714 1.3633730122819543
15407 1 1968188 0.9375 1.3944030506536365
15408 1 1580197 0.95 2.327069058082998
15409 1 1957934 0.9 2.279347972944379
15410 1 331204 0.9 2.201687078922987
15411 1 1814662 0.94736844 1.7154159722849727
15412 1 1690904 0.9411765 1.6069189878180623
15413 1 900032 0.9230769 0.998210976831615
15414 1 27894 0.90909094 0.915560987778008
15415 1 1633567 0.95 2.5587399723008275
15416 1 1830377 0.94736844 2.25634197704494
15417 1 1962383 0.95 2.1301370579749346
15418 1 1436967 0.9411765 1.6673250356689095
15419 1 1577922 0.9230769 0.9606790263205767
15420 1 1777356 0.9444444 1.593771972693503
15421 1 1660061 0.9444444 1.5566200017929077
15422 1 923071 0.9411765 1.3314230600371957
15423 1 2358774 0.95238096 4.502480034716427
15424 1 170986 0.9375 1.6326520126312971
15425 1 1156023 0.9166667 2.8831269592046738
15426 1 244577 0.9444444 1.8237230833619833
15427 1 526209 0.94736844 2.2327150218188763
15428 1 1156023 0.9166667 1.0386480716988444
15429 1 1962119 0.95 1.9894009456038475
15430 1 454901 0.95 2.256316947750747
15431 1 1156023 0.9166667 0.9934359695762396
15432 1 588791 0.95238096 2.155447960831225
15433 1 9336 0.94736844 1.5331479953601956
15434 1 1966352 0.94736844 1.5099970623850822
15435 1 1968608 0.94736844 2.106526051647961
15436 1 1635149 0.9047619 2.5545430835336447
15437 1 1599216 0.9444444 2.40014202427119
15438 1 1960760 0.9375 2.00043898075819
15439 1 157648 0.9411765 2.1231319988146424
15440 1 8710 0.94736844 1.834822935052216
15441 1 8710 0.94736844 1.8985599745064974
15442 1 1814662 0.94736844 1.825443934649229
15443 1 1600953 0.94736844 1.907953992486
15444 1 1964134 0.9444444 1.7312070121988654
15445 1 296688 0.9444444 2.0859239157289267
15446 1 1399203 0.94736844 1.8857530085369945
15447 1 1036003 0.94736844 2.4324849946424365
15448 1 1136461 0.95 2.4373249616473913
15449 1 1965745 0.9444444 1.9443369237706065
15450 1 1589562 0.9166667 0.961972982622683
15451 1 1643964 0.9444444 1.5935800038278103
15452 1 617914 0.93333334 1.4162249863147736
15453 1 27894 0.90909094 0.9019769495353103
15454 1 1707686 0.94736844 1.7160100396722555
15455 1 486334 0.9047619 2.6723280316218734
15456 1 1416639 0.9411765 1.4784500235691667
15457 1 397906 0.9375 1.3704330194741488
15458 1 1967209 0.90909094 1.2797239469364285
15459 1 1593170 0.9 2.0394070306792855
15460 1 880495 0.94736844 1.634277985431254
15461 1 1777356 0.9444444 1.3926660176366568
15462 1 1367765 0.9375 1.198451966047287
15463 1 1860042 0.95238096 2.2752200020477176
15464 1 2019893 0.9411765 1.28077098634094
15465 1 1734116 0.9285714 1.0096729965880513
15466 1 685030 0.95238096 2.3175179958343506
15467 1 1965904 0.9375 1.1613500537350774
15468 1 1874201 0.95 2.734786947257817
15469 1 1779783 0.9230769 1.3441629707813263
15470 1 374769 0.95 2.1348230075091124
15471 1 298870 0.9166667 1.0730210924521089
15472 1 1799538 0.90909094 2.7529910439625382
15473 1 1726948 0.94736844 1.8376769730821252
15474 1 1925494 0.95 2.251997939310968
15475 1 104957 0.9375 1.4234730042517185
15476 1 434396 0.94736844 3.757606027647853
15477 1 1841527 0.95 2.1879830164834857
15478 1 1961341 0.9166667 0.9714490734040737
15479 1 1724124 0.9166667 1.33270095102489
15480 1 2040242 0.9411765 1.4431949239224195
15481 1 37622 0.9230769 1.4591770013794303
15482 1 1965678 0.9411765 2.8323810547590256
15483 1 1602917 0.9444444 1.760871964506805
15484 1 1722473 0.94736844 1.781355938874185
15485 1 1726154 0.9375 1.2342639965936542
15486 1 1966271 0.95238096 2.2792129311710596
15487 1 1725571 0.95 2.086041960865259
15488 1 1136461 0.9 2.1361690014600754
15489 1 2040524 0.9285714 1.3327480992302299
15490 1 585195 0.9375 1.273036003112793
15491 1 170986 0.9375 1.7944859573617578
15492 1 503583 0.90909094 1.0248279431834817
15493 1 1417237 0.9411765 3.574692993424833
15494 1 1260472 0.9411765 1.8883930752053857
15495 1 1506165 0.9 3.4635280026122928
15496 1 303440 0.9 3.51694505661726
15497 1 1530970 0.95 2.3902019020169973
15498 1 56645 0.93333334 1.311180996708572
15499 1 1965745 0.9444444 2.012031036429107
15500 1 1522881 0.9444444 1.8176540033891797
15501 1 882957 0.9230769 2.88837100379169
15502 1 1050366 0.95238096 2.609233953990042
15503 1 1778311 0.94736844 1.8834510119631886
15504 1 87927 0.94736844 2.1074790274724364
15505 1 2131565 0.95238096 3.718905965797603
15506 1 1830377 0.94736844 2.8684049611911178
15507 1 178283 0.9444444 2.6284910272806883
15508 1 526209 0.94736844 3.3456339733675122
15509 1 1966271 0.95238096 3.6182579351589084
15510 1 1156023 0.9166667 1.88729097135365
15511 1 1962833 0.9444444 2.5310899363830686
15512 1 192929 0.95 3.2216269755735993
15513 1 1517687 0.94736844 2.7970930095762014
15514 1 1964575 0.9166667 1.0603290284052491
15515 1 24172 0.9444444 2.8591169975697994
15516 1 1860792 0.9411765 2.317940932698548
15517 1 1860792 0.9375 1.9403679762035608
15518 1 1602263 0.94736844 2.680908073671162
15519 1 1715940 0.9375 1.5169479884207249
15520 1 1963246 0.93333334 1.1782710207626224
15521 1 1963356 0.9230769 0.9906049817800522
15522 1 980621 0.9444444 1.5404819278046489
15523 1 244577 0.9444444 1.7782439244911075
15524 1 1073600 0.93333334 1.1905190767720342
15525 1 1967140 0.9375 1.2106930371373892
15526 1 1830377 0.94736844 2.3571719648316503
15527 1 170986 0.9375 1.5571609837934375
15528 1 1860040 0.9375 2.670914982445538
15529 1 1689811 0.9285714 1.104444032534957
15530 1 9336 0.94736844 1.7336640739813447
15531 1 244577 0.9444444 2.7209300315007567
15532 1 1471218 0.94736844 1.965416013263166
15533 1 1265209 0.9166667 0.9795200312510133
15534 1 4377 0.9444444 1.609455095604062
15535 1 1799538 0.90909094 0.920955091714859
15536 1 1492778 0.95238096 2.4911599466577172
15537 1 1622849 0.9285714 1.0247790487483144
15538 1 161983 0.9444444 1.5549249947071075
15539 1 178281 0.90909094 0.9742029942572117
15540 1 1962119 0.95 2.9354149010032415
15541 1 279928 0.9444444 2.955152071081102
15542 1 160666 0.9285714 1.7997459508478642
15543 1 1209149 0.9411765 2.5898379972204566
15544 1 1778311 0.94736844 2.6437989436089993
15545 1 384771 0.9411765 2.2409320808947086
15546 1 84377 0.95 2.080315025523305
15547 1 1600959 0.95238096 2.2086689714342356
15548 1 439256 0.90909094 0.925131025724113
15549 1 1725616 0.95238096 2.2994609316810966
15550 1 1136461 0.94736844 1.8416980747133493
15551 1 1566196 0.93333334 1.2131660478189588
15552 1 1602691 0.9375 1.1334939626976848
15553 1 104957 0.9375 1.2224650708958507
15554 1 1814662 0.94736844 1.7580089624971151
15555 1 138871 0.9 4.518455942161381
15556 1 1854807 0.94736844 1.5281849773600698
15557 1 1449623 0.94736844 1.651434926316142
15558 1 1710034 0.95238096 2.34371202532202
15559 1 1681895 0.9375 1.0719819692894816
15560 1 512515 0.9411765 1.1089569889008999
15561 1 1965678 0.9411765 1.414775033481419
15562 1 1203291 0.9 2.360484912060201
15563 1 27894 0.90909094 1.753179938532412
15564 1 1854807 0.94736844 1.765676075592637
15565 1 1001964 0.9047619 2.5000300956889987
15566 1 1577922 0.9230769 0.9670180734246969
15567 1 1630727 0.9375 1.1715010041370988
15568 1 2219637 0.95 4.339524079114199
15569 1 1776609 0.95 2.23212200216949
15570 1 2429242 0.9285714 0.9805989684537053
15571 1 1744932 0.95238096 2.121823956258595
15572 1 454901 0.95 2.1577220177277923
15573 1 1680903 0.94736844 1.7298180609941483
15574 1 1125472 0.9047619 2.013759920373559
15575 1 1651938 0.95238096 2.2449780954048038
15576 1 178281 0.90909094 1.0281859431415796
15577 1 1416639 0.9411765 1.3274600496515632
15578 1 881381 0.95 2.2655880311504006
15579 1 1605500 0.9 1.9481510389596224
15580 1 1001964 0.9047619 2.46526300907135
15581 1 1400655 0.9444444 1.6481759957969189
15582 1 1778941 0.90909094 2.4127160431817174
15583 1 316124 0.94736844 1.730544026941061
15584 1 833310 0.95 1.9181910902261734
15585 1 80247 0.9444444 1.5538570005446672
15586 1 1967535 0.94736844 1.8652009312063456
15587 1 1500903 0.9285714 1.291752909310162
15588 1 1186229 0.9 10.207502054981887
15589 1 1596691 0.9655172 12.101268046535552
15590 1 1299558 0.95454544 3.2651430228725076
15591 1 746077 0.95454544 3.2863160595297813
15592 1 2012551 0.96153843 5.929899052716792
15593 1 729611 0.9230769 6.076957914046943
15594 1 1319482 0.9230769 6.07296300586313
15595 1 1268191 0.9677419 14.585933065973222
15596 1 1535506 0.9354839 13.668671948835254
15597 1 658235 0.93333334 12.06668303348124
15598 1 140692 0.95454544 3.3141140593215823
15599 1 1473676 0.95652175 3.669391036964953
15600 1 2270223 0.9285714 10.442561004310846
15601 1 1027606 0.9130435 3.5098419757559896
15602 1 1070556 0.9285714 8.121966035105288
15603 1 1778941 0.95454544 3.000619006343186
15604 1 1223053 0.9655172 9.996477980166674
15605 1 1034438 0.96153843 5.6275479728356
15606 1 1765456 0.96 5.214245989918709
15607 1 569428 0.9375 12.113046948798
15608 1 817472 0.962963 7.893314003013074
15609 1 598556 0.9655172 10.905403061769903
15610 1 1679526 0.95238096 4.360995953902602
15611 1 903839 0.96 4.760071984492242
15612 1 1777384 0.96153843 5.552802002057433
15613 1 1961771 0.96153843 6.957702920772135
15614 1 654335 0.9259259 7.2288570227101445
15615 1 598556 0.9655172 10.91420603916049
15616 1 1631676 0.9677419 12.157788034528494
15617 1 236159 0.96666664 11.141543043777347
15618 1 1507602 0.90909094 3.643717966042459
15619 1 1855246 0.9 11.3548330264166
15620 1 1664693 0.96428573 7.80348596163094
15621 1 2199328 0.962963 7.524859043769538
15622 1 1540993 0.96428573 8.7474649772048
15623 1 1225600 0.90625 11.956096044741571
15624 1 1050283 0.9655172 11.992992018349469
15625 1 1141973 0.96 4.984649014659226
15626 1 515236 0.962963 8.044377085752785
15627 1 1055762 0.9166667 4.019127925857902
15628 1 1782004 0.9130435 4.725267994217575
15629 1 47729 0.9130435 3.75829404219985
15630 1 8439 0.9655172 10.243871016427875
15631 1 1071201 0.9655172 11.690827086567879
15632 1 2197095 0.9583333 4.768288927152753
15633 1 421257 0.962963 8.688464993610978
15634 1 84245 0.96 4.9704620614647865
15635 1 1986919 0.9032258 11.640917044132948
15636 1 1624797 1.0 10.050032986328006
15637 1 1243668 0.9310345 11.183809023350477
15638 1 2120130 0.9310345 14.60062398109585
15639 1 84245 0.96 5.489125964231789
15640 1 847316 0.96 5.501082981936634
15641 1 758852 0.9032258 14.360537054017186
15642 1 1693367 0.9032258 13.110263971611857
15643 1 1034740 0.93333334 11.549609014764428
15644 1 2293444 0.9259259 11.272424017079175
15645 1 421257 0.962963 7.874878006987274
15646 1 1326851 0.9655172 10.756058967672288
15647 1 1001310 0.9259259 9.155904990620911
15648 1 1450432 0.9285714 13.01492506172508
15649 1 1309399 0.96666664 12.71517900750041
15650 1 76860 0.962963 7.684180047363043
15651 1 656852 0.8965517 9.287285036407411
15652 1 1487484 0.96666664 13.571107061579823
15653 1 1463029 0.9655172 10.865274001844227
15654 1 1027606 0.9130435 3.8431419525295496
15655 1 1781054 0.96153843 5.951232044026256
15656 1 1966876 0.96153843 6.221467978321016
15657 1 2828 0.9 14.382518013007939
15658 1 1633089 0.9310345 11.209421907551587
15659 1 1442916 0.9166667 4.286843934096396
15660 1 1444994 0.9166667 5.335575086064637
15661 1 2199774 0.9655172 10.560872964560986
15662 1 182086 0.9 10.926638031378388
15663 1 1428680 0.96 5.113985971547663
15664 1 1226311 0.9583333 3.923765034414828
15665 1 1044421 0.95652175 3.5834339214488864
15666 1 1426691 0.96666664 11.70894899405539
15667 1 1113565 0.9354839 14.361559064127505
15668 1 1461603 0.96428573 11.470666038803756
15669 1 1497984 0.96428573 9.470809949561954
15670 1 1586009 0.95454544 4.403341910801828
15671 1 1013428 0.9032258 11.878171935677528
15672 1 1546981 0.9677419 13.145542005077004
15673 1 1295990 0.90625 12.878897949121892
15674 1 1628689 0.9677419 13.110728934407234
15675 1 1821352 0.9583333 4.995157942175865
15676 1 1016798 0.9166667 4.4836209854111075
15677 1 1525433 0.93333334 12.566827004775405
15678 1 1457830 0.90909094 15.160299022682011
15679 1 838711 0.9354839 13.933959999121726
15680 1 1560001 0.962963 7.792465039528906
15681 1 1595950 0.96666664 14.30915598757565
15682 1 1713625 0.95652175 4.218041081912816
15683 1 1728142 0.9583333 4.819249967113137
15684 1 1964366 0.96 5.797568941488862
15685 1 1190177 0.9583333 5.5306319845840335
15686 1 648644 0.9310345 11.045751045458019
15687 1 1238086 0.96428573 8.79617698956281
15688 1 1712095 0.90909094 4.198702983558178
15689 1 1170449 0.9677419 14.064392074942589
15690 1 1791585 0.95454544 5.139788030646741
15691 1 1045155 0.9677419 14.667115989141166
15692 1 1935214 0.9166667 4.514732048846781
15693 1 1002972 0.96 6.291024968959391
15694 1 701215 0.962963 7.538391975685954
15695 1 1139754 0.9354839 13.995037064887583
15696 1 1259226 0.9677419 12.552006053738296
15697 1 1557884 0.96 5.504781031049788
15698 1 608182 0.95652175 5.29863394331187
15699 1 701215 0.9285714 10.069179930724204
15700 1 466955 0.96153843 5.8626619866117835
15701 1 1080954 0.9259259 8.01851600408554
15702 1 1560677 0.9655172 10.404131026007235
15703 1 758852 0.9032258 12.919000932015479
15704 1 1068366 0.93333334 12.582783005200326
15705 1 1315737 0.9230769 6.146965082734823
15706 1 301514 0.95454544 3.2940469682216644
15707 1 1463821 0.95652175 5.33141999039799
15708 1 1497123 0.962963 7.218040060251951
15709 1 1614495 0.96 5.245256004855037
15710 1 258586 0.96 5.160933011211455
15711 1 1200275 0.9 10.80858102068305
15712 1 1240433 0.9677419 12.844974990002811
15713 1 1167493 0.96666664 11.612660018727183
15714 1 434689 0.96428573 8.542740950360894
15715 1 1963703 0.9583333 3.8701860466971993
15716 1 2200498 0.9583333 4.992078058421612
15717 1 1586009 0.9130435 3.4661180106922984
15718 1 996238 0.9655172 11.564329965040088
15719 1 1713692 0.9583333 3.7271969486027956
15720 1 1720933 0.9677419 14.019596972502768
15721 1 1218920 0.95652175 3.3831839682534337
15722 1 1054279 0.96 4.816054948605597
15723 1 1060743 0.9677419 12.098170001991093
15724 1 591325 0.9166667 3.601429983973503
15725 1 160572 0.96428573 7.684969925321639
15726 1 1712993 0.9130435 3.299652016721666
15727 1 845146 0.96666664 10.932333068922162
15728 1 1375472 0.96428573 8.176917908713222
15729 1 548028 0.9655172 12.329339981079102
15730 1 1624167 0.96666664 13.045764993876219
15731 1 1910977 0.96 4.890535958111286
15732 1 561861 0.90909094 13.1853410275653
15733 1 1060665 0.96666664 13.042266014963388
15734 1 668785 0.9677419 15.421643038280308
15735 1 1970149 0.95652175 3.628520993515849
15736 1 525220 0.96428573 8.435048046521842
15737 1 1105771 0.962963 8.026764960959554
15738 1 1713692 0.9583333 3.956770058721304
15739 1 1013428 0.96666664 11.104690958745778
15740 1 1855246 0.9310345 10.052819969132543
15741 1 1668646 0.93333334 11.59214205108583
15742 1 1594498 0.9285714 8.371816016733646
15743 1 1711149 0.96666664 12.524123070761561
15744 1 1186293 0.9677419 12.761948979459703
15745 1 742401 0.9583333 4.128706059418619
15746 1 1243007 0.96666664 11.189464945346117
15747 1 1464322 0.96428573 8.934059995226562
15748 1 539993 0.95652175 3.682718030177057
15749 1 1030734 0.9354839 12.27102696429938
15750 1 982282 0.96 4.972225986421108
15751 1 1198397 0.96666664 12.315675034187734
15752 1 1117175 0.93333334 11.109462939202785
15753 1 1986705 0.9230769 7.435440900735557
15754 1 577663 0.90625 12.545539997518063
15755 1 1472166 0.9655172 11.900507961399853
15756 1 1634403 0.90909094 3.6127929342910647
15757 1 1528125 0.96428573 9.790826006792486
15758 1 1116916 0.9230769 5.577026051469147
15759 1 1337237 0.9285714 8.346255985088646
15760 1 1719218 0.95454544 3.0936329858377576
15761 1 1136461 0.9047619 4.3420050060376525
15762 1 1179991 0.93333334 12.161106918938458
15763 1 1557884 0.92 5.17620297614485
15764 1 326888 0.96 4.902281914837658
15765 1 643010 0.90909094 3.0721320072188973
15766 1 729560 0.90625 13.397254049777985
15767 1 954221 0.96153843 10.22685703355819
15768 1 431020 0.962963 8.277709013782442
15769 1 1085588 0.90625 13.222703943029046
15770 1 1592545 0.9677419 12.64656602870673
15771 1 1779002 0.9047619 3.5582249984145164
15772 1 571488 0.90625 12.966992915607989
15773 1 2029591 0.9130435 3.731813980266452
15774 1 26711 0.9655172 9.832073003053665
15775 1 1586009 0.9130435 3.893134999088943
15776 1 664447 0.9032258 11.799231986515224
15777 1 556891 0.96153843 5.50595298409462
15778 1 1151131 0.9032258 11.245292029343545
15779 1 1179306 0.96666664 12.002811999991536
15780 1 693103 0.92 6.893509067595005
15781 1 1257656 0.9655172 11.395415058359504
15782 1 1106227 0.92 4.8954959493130445
15783 1 1653301 0.96 5.388206918723881
15784 1 866913 0.96428573 7.986336015164852
15785 1 479084 0.93333334 12.477901065722108
15786 1 2197095 0.9166667 3.6010360345244408
15787 1 172498 0.9 11.213361052796245
15788 1 813134 0.962963 6.915109930559993
15789 1 2374981 0.95652175 3.3308720448985696
15790 1 169252 0.95454544 3.3808150328695774
15791 1 659387 0.92 4.9104910576716065
15792 1 1852803 0.96153843 5.485566915012896
15793 1 603605 0.9375 12.520737014710903
15794 1 95231 0.9583333 6.193006061948836
15795 1 608182 0.9130435 3.7465740460902452
15796 1 1464538 0.9285714 7.663385942578316
15797 1 1192132 0.96666664 11.520942091010511
15798 1 1667013 0.9130435 3.8047239650040865
15799 1 449338 0.96428573 8.574673091061413
15800 1 1531232 0.9032258 11.265826993621886
15801 1 1446197 0.9166667 4.252701997756958
15802 1 1403615 0.96428573 10.831577936187387
15803 1 494248 0.9130435 3.7949610268697143
15804 1 1707502 0.92 5.224630003795028
15805 1 1966976 0.9047619 3.298332914710045
15806 1 1483326 0.96666664 11.173806036822498
15807 1 547492 0.9677419 12.18510395847261
15808 1 1137272 0.95652175 3.37382301222533
15809 1 1409624 0.96 4.779930924996734
15810 1 45484 0.9259259 6.945708999410272
15811 1 1935214 0.9166667 3.670301055535674
15812 1 1107880 0.96153843 6.887761992402375
15813 1 1005074 0.8965517 8.094349992461503
15814 1 1462439 0.96666664 11.685712030157447
15815 1 1855246 0.9310345 9.771001990884542
15816 1 2468811 0.96153843 5.55666908621788
15817 1 2254538 0.95454544 3.006479935720563
15818 1 1027606 0.95454544 3.230122965760529
15819 1 1036021 0.9375 12.58203899487853
15820 1 1557884 0.96 5.570365930907428
15821 1 1034438 0.96153843 5.2671669982373714
15822 1 570509 0.962963 7.616830989718437
15823 1 820907 0.96666664 11.491948971524835
15824 1 1597725 0.90625 12.648439966142178
15825 1 1523181 0.90625 12.741323094815016
15826 1 1050535 0.96666664 11.356409988366067
15827 1 1475972 0.9655172 12.363662011921406
15828 1 1688649 0.96666664 13.863703003153205
15829 1 1171804 0.9655172 10.370985022746027
15830 1 856979 0.9677419 13.743831077590585
15831 1 1186293 0.90625 13.123263022862375
15832 1 1422995 0.9354839 11.417947011068463
15833 1 1451503 0.9677419 12.729264912195504
15834 1 1440953 0.93333334 11.365839978680015
15835 1 857948 0.9032258 11.391048901714385
15836 1 1855246 0.9 11.895577074028552
15837 1 1777110 0.95652175 3.4108260879293084
15838 1 1305062 1.0 7.6627470552921295
15839 1 1966324 0.962963 6.946266978047788
15840 1 1201015 0.9583333 3.5295209381729364
15841 1 366782 0.9677419 11.968455975875258
15842 1 1060494 0.96 4.6988429967314005
15843 1 1544620 0.962963 7.0857309037819505
15844 1 1935214 0.9166667 3.9516999386250973
15845 1 646206 0.9655172 9.868317050859332
15846 1 562424 0.96153843 5.453906953334808
15847 1 331072 0.90909094 3.422762965783477
15848 1 1116916 0.96 4.8835769994184375
15849 1 1687730 0.9354839 12.356824008747935
15850 1 1714727 0.90909094 3.01991100423038
15851 1 89124 0.9583333 3.794446005485952
15852 1 1541827 0.96153843 5.447008996270597
15853 1 671209 0.96153843 5.388767924159765
15854 1 1963703 0.9583333 3.9345979457721114
15855 1 838711 0.9354839 12.617002008482814
15856 1 559054 0.95238096 2.5215160567313433
15857 1 999226 0.96153843 6.986111053265631
15858 1 1964228 0.95454544 3.298358991742134
15859 1 1716120 0.96666664 11.985416058450937
15860 1 1777889 0.962963 7.593711954541504
15861 1 1781054 0.96153843 5.9169590240344405
15862 1 476624 0.9677419 14.197536977007985
15863 1 2259672 0.95238096 5.221246043220162
15864 1 1050283 0.9 18.086094059981406
15865 1 1551623 0.95652175 5.449438933283091
15866 1 444069 0.8965517 7.773851044476032
15867 1 1964481 0.90909094 5.366513971239328
15868 1 1040177 0.962963 7.005564984865487
15869 1 1116916 0.9230769 5.639913026243448
15870 1 1086131 0.9032258 11.470533907413483
15871 1 858751 0.96428573 7.995737949386239
15872 1 1294141 0.9 11.82636700104922
15873 1 1206619 0.9310345 10.173368034884334
15874 1 833811 0.9655172 9.47646307758987
15875 1 828756 0.96428573 7.680454989895225
15876 1 2018856 0.96153843 5.532312905415893
15877 1 76860 0.962963 6.916684913448989
15878 1 1456742 0.95652175 3.437758074142039
15879 1 630973 0.96 6.509469007141888
15880 1 282603 0.9354839 11.18865900207311
15881 1 1679526 0.95238096 3.942379029467702
15882 1 1439798 0.95652175 4.164175014011562
15883 1 1269010 0.962963 7.826108019798994
15884 1 1517132 0.9655172 9.659921983256936
15885 1 190548 0.96428573 7.906488026492298
15886 1 617912 0.92 5.009312066249549
15887 1 2197094 0.96428573 7.89288803935051
15888 1 647694 0.9583333 3.8542529800906777
15889 1 1712387 0.95652175 3.4520600456744432
15890 1 2128442 0.96428573 8.06072202976793
15891 1 29832 0.96 5.994871957227588
15892 1 33508 0.95454544 4.441190045326948
15893 1 1176322 0.9166667 5.199627950787544
15894 1 531452 0.95454544 3.5844140220433474
15895 1 1487073 0.9655172 11.577801080420613
15896 1 987581 0.9655172 10.045774979516864
15897 1 1712800 0.962963 7.203922956250608
15898 1 1321434 0.90625 13.160169939510524
15899 1 1616722 0.962963 7.093645050190389
15900 1 1855900 0.96666664 12.867572018876672
15901 1 1052632 0.96428573 9.8022420424968
15902 1 1756996 0.9583333 3.600737079977989
15903 1 1382094 0.96666664 12.17925304081291
15904 1 371681 0.96153843 8.868936100043356
15905 1 1059741 0.9655172 9.34315798804164
15906 1 1477532 0.9130435 4.571354947984219
15907 1 1586009 0.95454544 4.028460942208767
15908 1 1067033 0.9285714 7.837565033696592
15909 1 1413946 0.9655172 9.387339930981398
15910 1 851467 0.9 9.58572409581393
15911 1 1448983 0.96 4.591264994814992
15912 1 1205592 0.9655172 9.391645900905132
15913 1 1500622 0.962963 6.505950936116278
15914 1 459686 0.9259259 6.568807060830295
15915 1 1363744 0.9655172 9.111248073168099
15916 1 1974028 0.9032258 10.980742983520031
15917 1 1424355 0.9655172 10.342046036385
15918 1 1628689 0.9677419 11.665435042232275
15919 1 1782431 0.95454544 2.805326017551124
15920 1 301514 0.95454544 2.7602689806371927
15921 1 1244972 0.9655172 10.485216975212097
15922 1 2379620 0.93333334 11.906848987564445
15923 1 411410 0.9310345 9.55060007981956
15924 1 1522246 0.96153843 5.830324022099376
15925 1 1688649 0.96666664 12.654023943468928
15926 1 484790 0.962963 6.914835073985159
15927 1 1027606 0.95454544 2.9039790388196707
15928 1 1797188 0.93333334 10.071530006825924
15929 1 630817 0.9655172 12.583673000335693
15930 1 1102178 0.96666664 12.622956070117652
15931 1 2409256 0.95454544 3.204402979463339
15932 1 1161805 0.9655172 10.045993025414646
15933 1 40169 0.93333334 13.498591957613826
15934 1 1966956 0.9583333 3.848028020001948
15935 1 2120337 0.96153843 7.085176999680698
15936 1 1138031 0.9677419 12.530207051895559
15937 1 2329881 0.96428573 9.09013592172414
15938 1 960372 0.95652175 3.3234129659831524
15939 1 1100131 0.96428573 9.669507038779557
15940 1 1420281 0.9677419 12.6339829294011
15941 1 659387 0.96 5.775088910013437
15942 1 1968473 0.96153843 5.511756986379623
15943 1 2123063 0.9310345 10.72656991891563
15944 1 1779782 0.962963 7.140533067286015
15945 1 1989217 0.96 4.905124078504741
15946 1 67952 0.96 5.456498940475285
15947 1 498688 0.92 5.147592979483306
15948 1 2128442 0.96428573 8.524216944351792
15949 1 817935 0.96666664 11.447204975411296
15950 1 1693006 0.962963 8.011008030734956
15951 1 1524714 0.9677419 12.390438001602888
15952 1 661716 0.9166667 3.7886541103944182
15953 1 1234314 0.9655172 9.591551963239908
15954 1 234505 0.95454544 3.20180703420192
15955 1 1586012 0.95454544 2.870602998882532
15956 1 1638135 0.9130435 3.839842975139618
15957 1 1276150 0.9677419 13.136406079865992
15958 1 446553 0.9047619 2.721568918786943
15959 1 1986705 0.9230769 6.172079010866582
15960 1 1634403 0.90909094 3.571202978491783
15961 1 1105431 0.9677419 12.931448989547789
15962 1 1352271 0.9677419 12.802373967133462
15963 1 1348973 0.9230769 5.665587028488517
15964 1 951174 0.9032258 11.89952704589814
15965 1 1349332 0.95454544 3.5511739552021027
15966 1 1111425 0.96428573 10.691687930375338
15967 1 1179991 0.96666664 14.48889693710953
15968 1 1779002 0.9047619 3.690600977279246
15969 1 1141925 0.96428573 10.445299907587469
15970 1 856272 0.9230769 5.9748959029093385
15971 1 1439798 0.95652175 3.767415997572243
15972 1 234680 0.9310345 11.375798960216343
15973 1 1229577 0.9 2.521130023524165
15974 1 1040120 0.92 5.598851013928652
15975 1 1569512 0.9 11.906270985491574
15976 1 1088289 0.962963 7.210821029730141
15977 1 1314947 1.0 3.3769540023058653
15978 1 1243668 0.9655172 11.375600937753916
15979 1 598607 0.9583333 5.082802032120526
15980 1 562424 0.9230769 5.111156031489372
15981 1 529761 0.96666664 11.17943599820137
15982 1 1442916 0.95652175 3.5047470591962337
15983 1 1125332 0.9285714 8.31649696920067
15984 1 1028504 0.962963 6.879744003526866
15985 1 1885125 0.90625 11.3977330038324
15986 1 1426026 0.96428573 8.980785962194204
15987 1 1177650 0.9655172 12.019661022350192
15988 1 232426 0.9 2.7040730929002166
15989 1 1938482 0.96 5.24156098254025
15990 1 1707197 0.96666664 11.744349962100387
15991 1 2054632 0.96666664 13.38254299480468
15992 1 446724 0.90625 13.927882071584463
15993 1 1500516 0.9 11.157072964124382
15994 1 559471 0.96 5.925495992414653
15995 1 255654 0.96 5.855027004145086
15996 1 2423641 0.96666664 11.637459974735975
15997 1 301514 0.95454544 3.3048599725589156
15998 1 1202762 0.9 10.700660990551114
15999 1 1471293 0.93333334 11.769162025302649
16000 1 1406241 0.9655172 10.046006995253265
16001 1 1040759 0.962963 9.133312967605889
16002 1 641578 0.9583333 4.019894986413419
16003 1 1167160 0.90625 12.632615049369633
16004 1 985133 0.9032258 11.64761499967426
16005 1 1107880 0.96153843 7.248200010508299
16006 1 123024 0.90625 13.349291984923184
16007 1 1855246 0.9 11.77728094626218
16008 1 1679526 0.95238096 3.1254959758371115
16009 1 1043238 0.9 11.582326958887279
16010 1 1502733 0.96428573 10.375322075560689
16011 1 552909 0.9230769 7.146048010326922
16012 1 845778 0.9 10.610706987790763
16013 1 1574461 0.96428573 8.288069046102464
16014 1 1514149 0.9655172 10.906665003858507
16015 1 1535964 0.96428573 7.765498943626881
16016 1 2197093 0.9032258 12.286131968721747
16017 1 1218920 0.95652175 3.8043010281398892
16018 1 1508357 0.92 5.259932950139046
16019 1 1016659 0.92 5.307058920152485
16020 1 1667013 0.9130435 3.728454001247883
16021 1 1054279 0.96 5.133303930051625
16022 1 1658262 0.92 5.417509004473686
16023 1 1574886 0.9 10.832879925146699
16024 1 1358976 0.9677419 12.789555010385811
16025 1 569276 0.9032258 11.001609032973647
16026 1 1653226 0.9354839 12.693258933722973
16027 1 1146255 0.962963 7.865666993893683
16028 1 559471 0.92 5.089764948934317
16029 1 2120262 0.9583333 3.9583290927112103
16030 1 1413946 0.9655172 10.161394020542502
16031 1 11336 0.9655172 9.689308004453778
16032 1 1414756 0.9677419 12.219093972817063
16033 1 891254 0.9677419 12.639327091164887
16034 1 666976 0.95454544 3.417282016016543
16035 1 616272 0.9032258 11.433288920670748
16036 1 1034438 0.9230769 4.998310934752226
16037 1 1364461 0.9047619 3.1924500362947583
16038 1 446756 0.96153843 6.827609031461179
16039 1 1666996 0.9677419 12.588171055540442
16040 1 2197093 0.93333334 10.211277985945344
16041 1 1439798 0.95652175 3.4181169467046857
16042 1 1304128 1.0 12.123613967560232
16043 1 1188538 0.96666664 11.368394014425576
16044 1 1779002 0.9047619 3.745966008864343
16045 1 1658262 0.96 5.713738966733217
16046 1 1781928 0.962963 7.098410977050662
16047 1 613644 0.9 14.079147018492222
16048 1 1052980 0.96666664 11.426593060605228
16049 1 1117442 0.9032258 12.14974804315716
16050 1 1646316 0.96153843 5.870818975381553
16051 1 1020420 0.96 5.22644305601716
16052 1 1989401 0.9677419 12.974551995284855
16053 1 1107880 0.96153843 7.557327044196427
16054 1 1488684 0.9677419 13.460921007208526
16055 1 1505870 0.9310345 10.556205990724266
16056 1 838110 0.90625 13.42972309794277
16057 1 1738899 0.96153843 5.761177046224475
16058 1 181672 0.9655172 9.596158983185887
16059 1 98351 0.95652175 3.5200660349801183
16060 1 1186967 0.9310345 11.66250102687627
16061 1 1036021 0.90625 12.438626028597355
16062 1 368691 0.9677419 12.529378989711404
16063 1 1800734 0.9354839 13.53908097371459
16064 1 576553 0.96 5.964513984508812
16065 1 1424307 0.90625 13.728827005252242
16066 1 1223194 0.9655172 10.31521602999419
16067 1 26580 0.96428573 8.14880698453635
16068 1 1628536 0.95652175 3.5421850625425577
16069 1 1353787 0.96153843 7.31255894061178
16070 1 622494 0.8965517 9.107051067985594
16071 1 1441358 0.96428573 10.65084000583738
16072 1 2434185 0.9130435 4.349490976892412
16073 1 1156519 0.9310345 10.733325965702534
16074 1 1655156 0.96428573 11.64350297767669
16075 1 1101579 0.96666664 13.740711961872876
16076 1 918554 0.95454544 3.6403710255399346
16077 1 1484892 0.90909094 13.464016024954617
16078 1 1100131 0.9285714 8.21649597492069
16079 1 1544341 0.9230769 6.064300076104701
16080 1 1157822 0.90625 13.455461012199521
16081 1 1962104 0.95454544 3.58989997766912
16082 1 1633663 0.9 10.655648889951408
16083 1 1629191 0.9655172 13.365508057177067
16084 1 816293 0.9285714 8.37457098532468
16085 1 2199327 0.96428573 7.937400019727647
16086 1 1460129 0.9677419 12.431832030415535
16087 1 1490206 0.96666664 10.98418002948165
16088 1 601749 0.902439 30.024600913748145
16089 1 1129360 0.90625 16.739904996939003
16090 1 1053366 0.902439 30.558461090549827
16091 1 1258681 0.90909094 15.396272065117955
16092 1 483940 0.9722222 24.25711404066533
16093 1 1488759 0.974359 28.895025025121868
16094 1 823560 0.9756098 33.237305004149675
16095 1 2038469 0.975 31.857338035479188
16096 1 1178347 0.972973 24.224434979259968
16097 1 2371103 0.9677419 12.472276925109327
16098 1 1468454 0.9722222 22.603193996474147
16099 1 1204159 0.975 31.498303054831922
16100 1 1111882 0.8974359 26.822219020687044
16101 1 1468069 0.9047619 29.40522995777428
16102 1 1017956 0.9512195 31.66653006337583
16103 1 1428659 0.972973 24.730648030526936
16104 1 1535506 0.9677419 15.408505103550851
16105 1 1097487 0.9142857 19.908035988919437
16106 1 807384 0.9142857 21.213678061030805
16107 1 262298 0.90909094 19.49736208189279
16108 1 1484093 0.974359 28.503420995548368
16109 1 2039590 0.9 31.62146790418774
16110 1 1458231 0.96875 14.26451897714287
16111 1 1403111 0.9459459 24.00165901053697
16112 1 1057981 0.96666664 12.48141995165497
16113 1 1623201 0.969697 15.774683910422027
16114 1 1102268 0.94736844 26.10857493709773
16115 1 399631 0.9705882 19.45966307539493
16116 1 1233636 0.9 35.18655791413039
16117 1 1666275 0.9166667 21.97389304637909
16118 1 622308 0.90909094 17.46111805550754
16119 1 2069008 0.9047619 34.28837889805436
16120 1 1177269 0.902439 32.67138102091849
16121 1 1470969 0.9736842 28.809147072024643
16122 1 1004400 0.9705882 19.168260972946882
16123 1 1182661 0.9459459 25.781246018595994
16124 1 1086789 0.9 29.464249033480883
16125 1 1624641 0.9411765 20.20723605528474
16126 1 1403134 0.9677419 14.541968004778028
16127 1 1340121 1.0 22.894143010489643
16128 1 447315 0.96875 15.381984994746745
16129 1 1698288 0.9142857 20.097758970223367
16130 1 1335903 0.95 30.87558096740395
16131 1 1799388 0.9230769 26.55722398776561
16132 1 2038469 0.975 30.700654024258256
16133 1 1073349 0.974359 27.198549010790884
16134 1 1492851 0.969697 15.905972919426858
16135 1 1535506 0.9677419 16.83843194041401
16136 1 1190117 0.9722222 25.469452026300132
16137 1 849423 0.9285714 31.342671951279044
16138 1 2010495 0.9285714 36.46764298900962
16139 1 551988 0.9 32.9295180272311
16140 1 1082881 0.972973 24.910627980716527
16141 1 469601 0.96875 15.774086001329124
16142 1 1639905 0.94871795 28.08661002200097
16143 1 365542 0.9714286 23.122995044104755
16144 1 1469158 0.969697 15.884096035733819
16145 1 986308 0.94285715 20.089003955945373
16146 1 1121959 0.9677419 17.17812300194055
16147 1 661904 0.90909094 18.017400987446308
16148 1 1827104 0.969697 19.84866801649332
16149 1 1080470 0.96875 17.187413992360234
16150 1 1425140 0.9705882 19.805388990789652
16151 1 985267 0.9677419 16.24744909349829
16152 1 1412466 0.94285715 21.69423399027437
16153 1 64396 0.90909094 17.11253495886922
16154 1 2012548 0.9142857 16.742554027587175
16155 1 816337 0.969697 18.252645968459547
16156 1 2052413 0.974359 28.38058804627508
16157 1 1480310 0.9705882 18.01358803641051
16158 1 535180 0.9268293 33.707035006955266
16159 1 1246676 0.94871795 29.286285978741944
16160 1 914481 0.9230769 28.116259956732392
16161 1 1123967 0.92105263 27.66416105441749
16162 1 627166 0.8974359 25.02591407392174
16163 1 1031451 0.9354839 12.383779976516962
16164 1 618753 0.975 31.412304961122572
16165 1 1559953 0.969697 18.34381790831685
16166 1 1283086 0.95 31.12345200497657
16167 1 1457319 0.975 29.449528898112476
16168 1 991119 0.9285714 32.09366695955396
16169 1 1664822 0.9677419 19.84183699823916
16170 1 1867202 0.9 29.559226939454675
16171 1 1482105 0.94871795 31.07655607163906
16172 1 995184 0.9268293 34.52851693145931
16173 1 681004 0.9714286 22.441533976234496
16174 1 1566120 0.969697 17.511382000520825
16175 1 849970 0.9705882 20.859011099673808
16176 1 1558662 0.94285715 22.472081007435918
16177 1 1789379 0.90697676 32.857297104783356
16178 1 1135946 0.90625 17.166552948765457
16179 1 1080656 0.902439 33.08394004125148
16180 1 773892 0.972973 26.784045970998704
16181 1 1449555 0.9375 15.877764904871583
16182 1 1205015 0.94736844 28.36174995172769
16183 1 138579 0.9375 15.484079020097852
16184 1 1799195 0.96666664 12.460362981073558
16185 1 1765557 0.9756098 31.180914025753736
16186 1 1167002 0.9230769 30.94873600639403
16187 1 1053366 0.902439 30.54899093694985
16188 1 399383 0.92105263 28.87926995754242
16189 1 1084242 0.9705882 18.247699015773833
16190 1 173273 0.9722222 24.928704951889813
16191 1 1199484 0.969697 16.595792956650257
16192 1 1404641 0.90909094 21.72193699516356
16193 1 1512951 0.9166667 25.53664392326027
16194 1 855628 0.93939394 18.089493038132787
16195 1 1284119 0.9268293 29.01681198272854
16196 1 631392 0.9722222 27.747099054977298
16197 1 1406274 0.93939394 16.30198408383876
16198 1 868525 0.9705882 22.218664991669357
16199 1 2054667 0.94871795 27.547613019123673
16200 1 1471326 0.9722222 24.704301031306386
16201 1 1201906 0.969697 17.227082047611475
16202 1 1073746 0.969697 19.444403937086463
16203 1 1352332 0.9 31.330731930211186
16204 1 1190424 0.9047619 31.13678691443056
16205 1 1176917 0.94871795 29.88567599095404
16206 1 182850 0.9142857 22.54637097939849
16207 1 555731 0.96875 16.011194908060133
16208 1 1493442 0.972973 26.022876030765474
16209 1 1056783 0.9 34.54973001498729
16210 1 610442 0.9722222 22.128459066152573
16211 1 1476094 0.9 32.6573959318921
16212 1 1639905 0.94871795 29.496800038032234
16213 1 1634603 0.9142857 22.188735892996192
16214 1 1378327 0.9047619 31.070522964000702
16215 1 1134571 0.969697 19.239820074290037
16216 1 1233636 0.972973 26.19124308694154
16217 1 850208 0.9459459 24.589613894931972
16218 1 1119023 0.9411765 20.238214056007564
16219 1 1062427 0.93939394 15.947817009873688
16220 1 1043076 0.90697676 36.050422000698745
16221 1 1664280 0.925 31.745270011015236
16222 1 1636134 0.94285715 21.740946918725967
16223 1 1032701 0.972973 26.976070017553866
16224 1 994274 0.9705882 19.67164094094187
16225 1 1979698 0.90909094 15.819177031517029
16226 1 1284934 0.9714286 20.125317038036883
16227 1 1339818 0.975 32.95239608269185
16228 1 1462820 0.9032258 13.390784966759384
16229 1 1132835 0.9 25.107346940785646
16230 1 1139424 0.975 30.317763914354146
16231 1 1160542 0.9 32.429859042167664
16232 1 1986402 0.9047619 31.421349965967238
16233 1 1246676 0.94871795 32.381228054873645
16234 1 1069458 0.9714286 21.79451601114124
16235 1 1161132 0.9655172 11.699735070578754
16236 1 1803429 0.90909094 16.786388005129993
16237 1 1195154 0.9714286 21.053047035820782
16238 1 1035073 0.9705882 20.38271992933005
16239 1 1444039 0.95 29.330778983421624
16240 1 1176128 0.9512195 36.59447096288204
16241 1 1599166 0.969697 17.949947039596736
16242 1 782665 0.9268293 35.06441996432841
16243 1 174335 0.9117647 21.378280012868345
16244 1 1007165 0.93939394 18.37362302467227
16245 1 1558662 0.94285715 22.358334041200578
16246 1 1515538 0.96875 15.86122193839401
16247 1 1470517 0.9459459 24.279949022457004
16248 1 1009192 0.9268293 31.802059966139495
16249 1 1558828 0.9411765 22.379686939530075
16250 1 1451664 0.9714286 22.14981592260301
16251 1 229513 0.972973 25.242033996619284
16252 1 19682 0.975 32.21666405443102
16253 1 240855 0.9166667 24.749884963966906
16254 1 552788 0.9459459 25.12826002202928
16255 1 1255258 1.0 28.95456296391785
16256 1 1452782 0.972973 25.180192082189023
16257 1 183425 0.969697 16.807138919830322
16258 1 1130854 0.9189189 25.07403295021504
16259 1 1087051 0.90697676 32.783061964437366
16260 1 1422792 0.9736842 25.563458912074566
16261 1 532672 0.9117647 16.771047958172858
16262 1 1778368 0.9375 14.624638017266989
16263 1 1016090 0.93939394 17.834861064329743
16264 1 1506021 0.90697676 35.87391704786569
16265 1 672418 0.974359 28.85130699723959
16266 1 1471468 0.9 27.148241992108524
16267 1 1724751 0.974359 28.051254921592772
16268 1 805967 0.9714286 20.46922198496759
16269 1 1545506 0.969697 19.129569991491735
16270 1 1419815 0.9230769 34.00392201729119
16271 1 2998 0.9142857 20.937456050887704
16272 1 1153108 0.9285714 32.08012005779892
16273 1 1484802 0.94736844 28.632814064621925
16274 1 1196912 0.94285715 22.048490005545318
16275 1 477121 0.9166667 24.945971090346575
16276 1 2087782 0.969697 19.502216950058937
16277 1 1337366 1.0 19.650899921543896
16278 1 555083 0.9 32.068277010694146
16279 1 1428659 0.972973 27.344248024746776
16280 1 857199 0.9705882 20.40250098798424
16281 1 264718 0.9230769 26.358837028965354
16282 1 1545487 0.9166667 20.70579188875854
16283 1 31991 0.969697 15.68287902045995
16284 1 1051718 0.90697676 32.355460920371115
16285 1 1455243 0.9047619 32.66871196683496
16286 1 999478 0.92105263 27.080019004642963
16287 1 591804 0.90697676 34.60418002214283
16288 1 1549582 0.93939394 16.58165000844747
16289 1 1292160 0.969697 17.929543973878026
16290 1 1161376 0.9189189 26.14527801051736
16291 1 983557 0.9756098 31.63097205106169
16292 1 1624610 0.9444444 24.301266996189952
16293 1 924602 0.9142857 21.065628970973194
16294 1 1668035 0.9375 15.865399967879057
16295 1 1544485 0.90909094 16.13346696831286
16296 1 1147164 0.9459459 25.128615903668106
16297 1 1217627 0.9705882 23.46749894786626
16298 1 1199484 0.9117647 16.767597058787942
16299 1 1259174 0.93939394 14.956090017221868
16300 1 1520479 0.972973 25.028491974808276
16301 1 1353587 0.902439 27.453343966044486
16302 1 1471468 0.975 31.455815071240067
16303 1 1178271 0.972973 24.646220030263066
16304 1 1434609 0.902439 34.7863599890843
16305 1 1627022 0.96875 15.516130020841956
16306 1 1496133 0.9117647 17.362950020469725
16307 1 1414619 0.972973 25.204389006830752
16308 1 1292605 0.972973 24.200343061238527
16309 1 1075592 0.9411765 19.463084056042135
16310 1 1233046 0.96875 16.17848698515445
16311 1 672418 0.974359 27.933891979046166
16312 1 1071658 0.9 28.54450000450015
16313 1 1707001 0.96875 15.036050928756595
16314 1 1367067 1.0 25.715332943946123
16315 1 1664059 0.9230769 28.698370908387005
16316 1 1531274 0.9736842 26.390807004645467
16317 1 1292091 0.9756098 33.1327710300684
16318 1 1356740 0.96875 14.735630014911294
16319 1 1526119 0.9268293 35.28163000009954
16320 1 501311 0.94736844 26.938993018120527
16321 1 1105436 0.9285714 31.554457964375615
16322 1 381294 0.9117647 17.131219035945833
16323 1 1853846 0.9166667 25.04017809405923
16324 1 1452629 0.9714286 24.933253997005522
16325 1 1195248 0.96875 14.788185944780707
16326 1 858994 0.90697676 37.04631805885583
16327 1 1140615 0.972973 24.652809952385724
16328 1 1430759 0.974359 28.953489963896573
16329 1 1182752 0.96875 16.530815046280622
16330 1 500576 0.96875 14.966039103455842
16331 1 1201072 0.9047619 30.648124986328185
16332 1 1468432 0.9166667 21.01843210402876
16333 1 1441484 0.972973 26.568911038339138
16334 1 867888 0.93939394 16.61506202071905
16335 1 551916 0.9230769 30.503857065923512
16336 1 545494 0.972973 27.185846003703773
16337 1 1460143 0.972973 26.30363090429455
16338 1 837331 0.9411765 20.27319499757141
16339 1 2094506 0.9047619 34.48369400575757
16340 1 2077403 0.9444444 25.081148953177035
16341 1 1405556 0.969697 16.059429035522044
16342 1 569722 0.9459459 24.708086042664945
16343 1 1104170 0.9189189 23.356597987003624
16344 1 1102436 0.96875 15.220929984934628
16345 1 1446286 0.9722222 27.064909925684333
16346 1 1650429 0.9142857 18.57995893806219
16347 1 1931389 0.9411765 20.37768391892314
16348 1 1356740 0.90909094 16.0919459303841
16349 1 952592 0.9268293 32.99311897717416
16350 1 1605285 0.975 29.547423007898033
16351 1 1068624 0.90909094 20.303160999901593
16352 1 1650536 0.90909094 19.872292992658913
16353 1 1215312 0.974359 28.59883802011609
16354 1 182226 0.969697 15.595276956446469
16355 1 1070474 0.972973 23.31635297741741
16356 1 1550511 0.9705882 18.224077066406608
16357 1 1414313 0.9722222 22.571765002794564
16358 1 1297083 0.9166667 24.4864069391042
16359 1 1138557 0.9268293 32.214943901635706
16360 1 1005184 0.9142857 23.122961982153356
16361 1 1132931 0.9705882 20.37319401279092
16362 1 239355 0.9375 15.642413054592907
16363 1 1620249 0.902439 29.86971999052912
16364 1 1198082 0.902439 30.971460975706577
16365 1 654191 0.90909094 16.709779971279204
16366 1 1301611 0.9375 15.501218964345753
16367 1 1387204 0.9705882 18.913179985247552
16368 1 1077783 0.94736844 23.59486499335617
16369 1 1433081 0.9032258 11.188692064024508
16370 1 250946 0.9736842 26.061775046400726
16371 1 1388564 0.9166667 25.7354739587754
16372 1 2048158 0.90909094 16.4909390732646
16373 1 2019445 0.93939394 15.546564012765884
16374 1 822667 0.93939394 15.890095033682883
16375 1 822360 0.9459459 25.645290035754442
16376 1 2075144 0.90909094 16.1660109879449
16377 1 1229751 0.9411765 18.35168106481433
16378 1 1358111 1.0 26.344583020545542
16379 1 1118929 0.9 26.377827976830304
16380 1 1341796 0.92105263 28.510520001873374
16381 1 121587 0.92105263 26.211275020614266
16382 1 1016090 0.93939394 16.946049057878554
16383 1 1025000 0.925 30.007597990334034
16384 1 437947 0.94285715 22.01461896765977
16385 1 1247426 0.9117647 17.055761069059372
16386 1 1485003 0.96666664 13.29028804320842
16387 1 858279 0.972973 25.390998926013708
16388 1 1003329 0.9 34.33111892081797
16389 1 1455087 0.975 32.033491996116936
16390 1 823398 0.9375 14.751994051039219
16391 1 1087482 0.90909094 18.187312060035765
16392 1 1114568 0.9 27.826817939057946
16393 1 1694896 0.902439 30.56985803414136
16394 1 1170652 0.9268293 32.159922062419355
16395 1 850072 0.9268293 32.73076901677996
16396 1 1430320 0.9677419 17.402847995981574
16397 1 1100058 0.9459459 24.593710899353027
16398 1 1186899 0.94871795 28.759945067577064
16399 1 5787 0.975 30.273825046606362
16400 1 849790 0.972973 24.981328984722495
16401 1 1177043 0.925 28.41173391789198
16402 1 980844 0.9736842 26.631658081896603
16403 1 1123233 0.9117647 17.668270971626043
16404 1 1423016 0.9714286 21.317278034985065
16405 1 1184375 0.96875 16.532957088202238
16406 1 1905751 0.9714286 22.797813988290727
16407 1 1056879 0.9230769 28.99286989122629
16408 1 1056093 0.9459459 28.046866063959897
16409 1 1556311 0.974359 28.0521729728207
16410 1 1056535 0.9375 15.49378305207938
16411 1 537193 0.96875 17.67037098761648
16412 1 434400 0.96875 15.728192985989153
16413 1 1428659 0.972973 24.166403920389712
16414 1 807445 0.9722222 27.239856077358127
16415 1 1104914 0.94736844 28.181063011288643
16416 1 1099860 0.9714286 22.329956060275435
16417 1 1273558 1.0 18.83369591087103
16418 1 2080419 0.972973 26.105095050297678
16419 1 1457368 0.90909094 15.534689999185503
16420 1 551631 0.9047619 35.45278904493898
16421 1 1053815 0.974359 27.98146300483495
16422 1 1189660 0.972973 25.658366968855262
16423 1 1415082 0.9705882 18.69857602287084
16424 1 1441484 0.972973 29.182656086049974
16425 1 1206020 0.9714286 23.62983499187976
16426 1 1124151 0.9756098 34.010256989859045
16427 1 409918 0.9705882 20.763411070220172
16428 1 1517678 0.9411765 17.30099704582244
16429 1 1341064 1.0 32.47718408238143
16430 1 2038469 0.975 31.811418011784554
16431 1 1478342 0.94736844 26.786038069985807
16432 1 1033836 0.902439 29.803837067447603
16433 1 1016432 0.9714286 23.64931197371334
16434 1 1470937 0.9375 14.704273082315922
16435 1 1593934 0.94736844 28.305600048042834
16436 1 1944236 0.9677419 15.834716032259166
16437 1 1190346 0.974359 30.11112194508314
16438 1 1334313 0.975 30.921164085157216
16439 1 1286722 1.0 28.279714984819293
16440 1 1848900 0.925 30.249738018028438
16441 1 1724751 0.974359 28.649587999098003
16442 1 1467622 0.96875 14.590653008781374
16443 1 1505757 0.95 31.082539004273713
16444 1 1531274 0.9736842 25.322180008515716
16445 1 1425144 0.9736842 29.059102991595864
16446 1 1307847 0.9714286 21.88770694192499
16447 1 345444 0.9705882 21.157723967917264
16448 1 1095589 0.9705882 19.965379033237696
16449 1 1624305 0.9736842 27.579543995670974
16450 1 1328739 0.9230769 28.609238099306822
16451 1 1632660 0.9736842 25.52510891109705
16452 1 1494354 0.90697676 31.51856001932174
16453 1 882301 0.9705882 21.07879496179521
16454 1 1443124 0.9722222 23.272632039152086
16455 1 1137250 0.96875 15.297429054044187
16456 1 1510910 0.9285714 34.37230898998678
16457 1 1131899 0.925 30.65297589637339
16458 1 1155557 0.96875 14.982718043029308
16459 1 1046796 0.9722222 24.89182399585843
16460 1 1041459 0.8974359 26.933665038086474
16461 1 1560742 0.90697676 30.112102977000177
16462 1 409918 0.9705882 20.252468064427376
16463 1 1143999 0.9444444 23.007732001133263
16464 1 540274 0.9444444 22.845075000077486
16465 1 1186704 0.9268293 28.956488939002156
16466 1 1132931 0.9705882 19.894746015779674
16467 1 1117257 0.902439 31.394531950354576
16468 1 1475796 0.93939394 15.958003932610154
16469 1 1464805 0.9 36.22848400846124
16470 1 1495420 0.9714286 22.232679999433458
16471 1 1185333 0.9444444 24.534241063520312
16472 1 1305476 0.9444444 23.649383103474975
16473 1 1523352 0.969697 21.123730926774442
16474 1 1074856 0.9705882 19.279717933386564
16475 1 1624610 0.9166667 20.969563047401607
16476 1 1026678 0.9512195 31.713002012111247
16477 1 601378 0.925 31.368001946248114
16478 1 873787 0.9375 15.757574932649732
16479 1 1135343 0.9714286 21.256046020425856
16480 1 545708 0.9722222 23.97187694441527
16481 1 386240 0.9722222 25.758034083992243
16482 1 637095 0.93939394 21.053510950878263
16483 1 1490734 0.93939394 26.775849983096123
16484 1 1178968 0.90625 15.797359985299408
16485 1 1429466 0.9166667 24.220107006840408
16486 1 1465931 0.90909094 17.141266027465463
16487 1 981569 0.94736844 25.80702700652182
16488 1 1017673 0.9714286 21.18358004372567
16489 1 1394241 0.969697 16.99249492958188
16490 1 676835 0.974359 29.904396971687675
16491 1 1627059 0.9230769 29.673532000742853
16492 1 1056879 0.9230769 28.98015989921987
16493 1 1554629 0.9 25.798441958613694
16494 1 1827104 0.9411765 21.10919402912259
16495 1 1430759 0.974359 29.54112202860415
16496 1 535905 0.9 28.88677699957043
16497 1 1405983 0.974359 32.78810705523938
16498 1 841991 0.9714286 21.074060001410544
16499 1 1478342 0.9736842 29.81319499667734
16500 1 992085 0.9189189 28.291234048083425
16501 1 1195411 0.94285715 21.18038502521813
16502 1 1064132 0.969697 15.750808990560472
16503 1 2344113 0.969697 15.868789050728083
16504 1 1327492 1.0 15.828452073037624
16505 1 1464419 0.9 32.18677896074951
16506 1 1107101 0.9117647 18.138905987143517
16507 1 835654 0.9 26.67482604738325
16508 1 1271456 0.9375 12.946297996677458
16509 1 1077783 0.94736844 26.23751398641616
16510 1 617873 0.9230769 31.70447493903339
16511 1 1768765 0.972973 28.946970938704908
16512 1 1002090 0.9375 15.308816102333367
16513 1 1304774 0.9714286 22.514399024657905
16514 1 827390 0.9736842 25.987387052737176
16515 1 1544819 0.94871795 31.591836945153773
16516 1 1533047 0.972973 26.28383308183402
16517 1 981569 0.94736844 28.400131035596132
16518 1 2113772 0.9189189 27.628906071186066
16519 1 1553716 0.9189189 27.77718601282686
16520 1 2073040 0.974359 30.4110050201416
16521 1 998231 0.96875 17.159183975309134
16522 1 2354351 0.94871795 26.873547001741827
16523 1 855001 0.9117647 17.85613805986941
16524 1 382436 0.975 29.077250976115465
16525 1 1193466 0.902439 34.59267201833427
16526 1 1199879 0.9444444 22.48394291382283
16527 1 1137246 0.8974359 24.850521003827453
16528 1 1225131 0.9714286 22.83576806075871
16529 1 1196560 0.90909094 35.66870407667011
16530 1 1567515 0.9705882 19.759535905905068
16531 1 1086949 0.94871795 29.32209800928831
16532 1 535308 0.974359 28.465454000979662
16533 1 1334702 0.92105263 24.80855002067983
16534 1 823055 0.9375 14.638782013207674
16535 1 620315 0.9736842 26.29795402754098
16536 1 1503425 0.8974359 27.3359389975667
16537 1 1079897 0.9285714 32.98532799817622
16538 1 1441484 0.9230769 32.6619379920885
16539 1 1277672 0.9705882 19.3824419984594
16540 1 2078663 0.9714286 20.890736021101475
16541 1 1636134 0.94285715 22.003027028404176
16542 1 1625106 0.9047619 29.242128017358482
16543 1 1448742 0.94736844 26.632948080077767
16544 1 1531599 0.9 28.18245894741267
16545 1 1157829 0.9354839 12.809491949155927
16546 1 1423016 0.9714286 20.023994031362236
16547 1 1637445 0.902439 31.979141989722848
16548 1 1183849 0.9705882 20.088800927624106
16549 1 64396 0.90909094 17.346420092508197
16550 1 2134678 0.969697 19.92170501034707
16551 1 2038469 0.975 33.28133292961866
16552 1 1401557 0.9705882 20.70228394586593
16553 1 1574873 0.975 28.898632968775928
16554 1 1467667 0.9736842 25.820040027610958
16555 1 239355 0.9375 15.169215039350092
16556 1 639557 0.9411765 19.29632597602904
16557 1 1202415 0.9705882 19.985325983725488
16558 1 2089831 0.9 25.609828997403383
16559 1 983235 0.9117647 17.148789018392563
16560 1 1278552 0.9459459 25.394805939868093
16561 1 1161376 0.9722222 25.15482297167182
16562 1 1055541 0.93939394 17.23648700863123
16563 1 1113828 0.90909094 16.212202957831323
16564 1 824532 0.9117647 17.59587600827217
16565 1 1591397 0.974359 28.660838957875967
16566 1 1185525 0.9166667 21.27892104908824
16567 1 1425937 0.9756098 32.86442800890654
16568 1 1468474 0.96875 14.159752056002617
16569 1 1608557 0.9705882 18.29640392679721
16570 1 1139534 0.94285715 21.121904952451587
16571 1 1961358 0.93939394 17.52518303692341
16572 1 24152 0.9411765 20.454497076570988
16573 1 1641653 0.9230769 30.3924810141325
16574 1 1164303 0.9166667 20.790152018889785
16575 1 1295745 0.94285715 21.635965909808874
16576 1 1251852 0.94871795 34.0991789707914
16577 1 1198920 0.92105263 25.20021901000291
16578 1 1052113 0.9736842 26.25278406776488
16579 1 1155170 0.92105263 25.47974302433431
16580 1 2038469 0.975 32.96985104680061
16581 1 626396 0.9 27.94242196250707
16582 1 1004728 0.972973 25.42648499365896
16583 1 1077850 0.9736842 29.071131022647023
16584 1 639453 0.975 32.58071199525148
16585 1 1268741 1.0 31.440007966011763
16586 1 1512652 0.9705882 18.606233992613852
16587 1 1619152 0.90909094 16.816439107060432
16588 1 1400209 0.9 44.357837992720306
16589 1 1066878 0.90909094 37.34984097536653
16590 1 1073838 0.95348835 38.020350970327854
16591 1 644319 0.92 43.766131973825395
16592 1 1612583 0.9791667 40.97498790360987
16593 1 1006957 0.9782609 40.061771986074746
16594 1 1478497 0.90384614 43.280939920805395
16595 1 1446875 0.9111111 37.56727196741849
16596 1 1515202 0.9 42.87942498922348
16597 1 1293281 0.902439 36.423583049327135
16598 1 634058 0.97619045 33.54761004447937
16599 1 1207052 0.95454544 36.98650002479553
16600 1 1387975 0.97727275 34.848415991291404
16601 1 2114380 0.9183673 42.15765802655369
16602 1 602141 0.9111111 39.317142916843295
16603 1 1421668 0.9111111 40.139100048691034
16604 1 1440495 0.9183673 44.363131979480386
16605 1 1093039 0.9777778 38.86805102229118
16606 1 1096336 0.97727275 37.390847923234105
16607 1 1194335 0.97959185 40.36238300614059
16608 1 1196786 0.902439 35.57057096622884
16609 1 1465923 0.9183673 39.79524003807455
16610 1 575618 0.9302326 36.785854026675224
16611 1 1178987 0.90909094 34.42342404741794
16612 1 1420647 0.9787234 41.333150933496654
16613 1 1451003 0.9347826 37.591378088109195
16614 1 1791028 0.902439 33.71916094329208
16615 1 643979 0.90697676 36.14981600549072
16616 1 980433 0.97727275 35.94671096652746
16617 1 1044971 0.9347826 41.072387946769595
16618 1 1002260 0.9183673 42.190518928691745
16619 1 937012 0.9787234 42.57944400887936
16620 1 1307691 0.92 40.86056491360068
16621 1 1021497 0.9791667 42.46514698024839
16622 1 1464615 0.9148936 37.4490370741114
16623 1 981160 0.9318182 41.88735201023519
16624 1 237709 0.9411765 53.15935309045017
16625 1 644149 0.9166667 45.08957697544247
16626 1 1611747 0.97959185 41.459690080955625
16627 1 2430221 0.9767442 36.49007203057408
16628 1 1058079 0.9767442 33.452652976848185
16629 1 1505609 0.9756098 36.414613015949726
16630 1 846566 0.93333334 38.27819204889238
16631 1 1799792 0.98 40.36249197088182
16632 1 1155325 0.9166667 42.06742800306529
16633 1 1350652 0.92156863 42.02214302495122
16634 1 1477490 0.9777778 36.01087594870478
16635 1 1394292 0.94 41.18077806197107
16636 1 1021228 0.9056604 46.443035011179745
16637 1 1291994 0.9756098 34.18597800191492
16638 1 1614501 0.90697676 34.68239703215659
16639 1 1654557 0.9787234 37.85013500601053
16640 1 1288377 0.9791667 38.32318598870188
16641 1 963078 0.9111111 39.544648956507444
16642 1 1086292 0.9183673 46.47534992545843
16643 1 1498556 0.9 44.06985198147595
16644 1 1102080 0.9130435 38.54287101421505
16645 1 1319728 0.9111111 41.62859497591853
16646 1 643899 0.9111111 34.8621909506619
16647 1 1842907 0.95238096 35.14473501127213
16648 1 817323 0.9 41.71722999308258
16649 1 1296456 0.9183673 45.06569099612534
16650 1 855598 0.95652175 39.828402106650174
16651 1 1443989 0.902439 36.29829501733184
16652 1 1095092 0.98039216 39.971015066839755
16653 1 657277 0.9268293 32.20310201868415
16654 1 65601 0.97727275 34.1730109648779
16655 1 853894 0.9574468 41.604284080676734
16656 1 1431574 0.98 42.504952987656
16657 1 1399654 0.9787234 40.86352500598878
16658 1 1180282 0.9782609 37.95213205739856
16659 1 825883 0.9111111 37.12360898498446
16660 1 1181415 0.9787234 40.50506802741438
16661 1 2220691 0.95348835 34.465331002138555
16662 1 1688192 0.9111111 37.357712048105896
16663 1 2412768 0.9148936 41.5116969961673
16664 1 1106465 0.9148936 39.30390300229192
16665 1 1633394 0.9111111 40.1637569302693
16666 1 1584274 0.9361702 40.838676039129496
16667 1 439216 0.9 44.06121594365686
16668 1 350039 0.9375 43.6839199392125
16669 1 1523785 0.9777778 38.74888992868364
16670 1 1294395 0.9166667 41.71826597303152
16671 1 1187189 0.9183673 41.84720292687416
16672 1 2225784 0.9 34.4433180289343
16673 1 2087279 0.9767442 36.37109696865082
16674 1 2094033 0.93333334 35.840216907672584
16675 1 1045480 0.94 43.247957015410066
16676 1 1791115 0.9047619 38.586417911574244
16677 1 859538 0.9787234 41.99109598994255
16678 1 1099911 0.95238096 33.69878593366593
16679 1 1397208 0.97619045 33.970277989283204
16680 1 826216 0.9148936 40.47532007098198
16681 1 1508770 0.9166667 51.78938701283187
16682 1 1442168 0.9148936 43.0835000006482
16683 1 1368143 0.9767442 35.27201304677874
16684 1 266801 0.9302326 33.77471794374287
16685 1 1291214 0.90697676 38.40003197547048
16686 1 1412332 0.90909094 35.66876007243991
16687 1 1865311 0.9148936 38.58386795036495
16688 1 1563336 0.90384614 44.18907000217587
16689 1 350039 0.93877554 42.97060100361705
16690 1 1435258 0.9130435 38.53475907817483
16691 1 1208807 0.9019608 42.67387290019542
16692 1 843810 0.9787234 38.366359076462686
16693 1 1203256 0.9 43.518163030967116
16694 1 1160814 0.9302326 36.47892107255757
16695 1 1420001 0.9056604 47.28910396806896
16696 1 150647 0.9130435 40.863781003281474
16697 1 976933 0.9 34.516668994911015
16698 1 1113542 0.97959185 39.00020592845976
16699 1 1054572 0.95555556 36.62978298962116
16700 1 529625 0.95348835 34.1200529364869
16701 1 1119447 0.9047619 36.40763694420457
16702 1 1638035 0.97619045 33.74162293039262
16703 1 1367800 0.95238096 35.703005036339164
16704 1 1541321 0.96 40.83690501283854
16705 1 1605429 0.97959185 40.04298697691411
16706 1 1356208 0.9 41.04919207748026
16707 1 1009917 0.9787234 37.98678808379918
16708 1 1639467 0.9111111 43.14064490608871
16709 1 1012296 0.94 44.353359029628336
16710 1 1203381 0.9791667 41.96764004882425
16711 1 1424738 0.9777778 39.36592896934599
16712 1 1257699 0.95454544 34.63749890215695
16713 1 1065327 0.9777778 37.388363969512284
16714 1 2109202 0.90384614 43.29445003531873
16715 1 1045433 0.95652175 45.98976601846516
16716 1 1113215 0.98 48.671729979105294
16717 1 1606126 0.9361702 49.60340599063784
16718 1 1065411 0.93333334 44.904704904183745
16719 1 1385364 0.9259259 54.798620054498315
16720 1 1571000 0.9791667 46.55659897252917
16721 1 1479917 0.93333334 42.66039305366576
16722 1 1606519 0.90384614 44.44115702062845
16723 1 1304303 0.92 42.76942496653646
16724 1 2334342 0.9361702 41.28092003520578
16725 1 1400018 0.9787234 39.173871045932174
16726 1 1490787 0.9347826 47.19335597474128
16727 1 1082940 0.98 51.3828310649842
16728 1 834599 0.95555556 43.82897401228547
16729 1 1498556 0.9791667 39.75551703479141
16730 1 1013703 0.9767442 35.84522090386599
16731 1 1259347 0.9183673 48.78706007730216
16732 1 2093345 0.93877554 42.74346702732146
16733 1 1513644 0.9411765 42.83368296455592
16734 1 1182959 0.9056604 41.83964501135051
16735 1 1487597 0.902439 34.42865004763007
16736 1 1339853 1.0 32.6090439921245
16737 1 1061197 0.9767442 35.873753018677235
16738 1 1513644 0.9411765 43.17597299814224
16739 1 1081600 0.9787234 40.609218063764274
16740 1 1540603 0.9074074 42.678716010414064
16741 1 1151245 0.9767442 35.467730020172894
16742 1 1565650 0.9347826 38.27031794935465
16743 1 1145116 0.93333334 37.14937099721283
16744 1 1500289 0.8979592 44.51587900985032
16745 1 1440929 0.90384614 45.18130898941308
16746 1 981167 0.9285714 35.04765103571117
16747 1 1483828 0.9591837 39.86779600381851
16748 1 1056037 0.9423077 42.03422903083265
16749 1 1300448 0.90909094 36.503700888715684
16750 1 771390 0.9148936 44.16513699106872
16751 1 2087956 0.94 42.829851037822664
16752 1 1500314 0.96 41.573642985895276
16753 1 2088384 0.94 40.23585096001625
16754 1 1406278 0.9777778 38.71729609090835
16755 1 1058079 0.9767442 33.94303401000798
16756 1 1799851 0.94 43.55672106612474
16757 1 1467026 0.9423077 44.094078009948134
16758 1 1200383 0.9767442 34.87302199937403
16759 1 2093443 0.9056604 46.69458605349064
16760 1 1181587 0.9166667 38.8666921062395
16761 1 1447377 0.9047619 36.98989795520902
16762 1 1047847 0.9183673 45.383080025203526
16763 1 1200645 0.9767442 41.04265593923628
16764 1 2092890 0.9130435 40.04838294349611
16765 1 1106228 0.9302326 39.47102895472199
16766 1 1447457 0.98 42.05895296763629
16767 1 1500980 0.9019608 40.950222057290375
16768 1 1445593 0.9787234 38.90003799460828
16769 1 1015705 0.9148936 40.66619195509702
16770 1 845276 0.975 32.7763770474121
16771 1 1855968 0.9148936 41.72550293151289
16772 1 1120881 0.92 41.46553005557507
16773 1 2094544 0.9148936 38.03949395660311
16774 1 1244234 0.98 39.90119800437242
16775 1 1197329 0.9268293 33.77307497430593
16776 1 701001 0.9782609 41.71326395589858
16777 1 1136016 0.98 44.24982191994786
16778 1 1039916 0.97727275 37.5501059461385
16779 1 2113039 0.9130435 43.198226019740105
16780 1 2111203 0.97959185 39.803812047466636
16781 1 2257451 0.8979592 41.69705999083817
16782 1 1274397 0.92 45.65284098498523
16783 1 1095722 0.97619045 37.069065030664206
16784 1 1302360 0.9148936 39.692712016403675
16785 1 1088797 0.9361702 38.808126002550125
16786 1 708896 0.97619045 30.984502052888274
16787 1 1299441 0.9166667 40.72029609233141
16788 1 1086732 0.902439 33.35745504591614
16789 1 1959630 0.98 42.875275015830994
16790 1 1473704 0.93877554 42.868986958637834
16791 1 810011 0.9183673 44.46818400174379
16792 1 1637588 0.9777778 37.098751054145396
16793 1 1045276 0.9 41.99679708108306
16794 1 1190508 0.9111111 39.941444993019104
16795 1 1387975 0.97727275 41.587589075788856
16796 1 986011 0.9361702 42.866411968134344
16797 1 1141287 0.97619045 35.97511199768633
16798 1 582544 0.95348835 35.575187066569924
16799 1 1409428 0.97727275 35.45501898042858
16800 1 1037123 0.90909094 36.682654987089336
16801 1 994936 0.95555556 38.6495019774884
16802 1 1619449 0.92 45.040376018732786
16803 1 1222794 0.93877554 44.480333919636905
16804 1 1628988 0.94 41.151273995637894
16805 1 1135365 0.9347826 37.64915303327143
16806 1 1459960 0.92 41.407400043681264
16807 1 439552 0.95555556 37.312599015422165
16808 1 1490305 0.9512195 35.073337028734386
16809 1 1021497 0.9791667 42.009529075585306
16810 1 1476174 0.9111111 37.946238997392356
16811 1 1025266 0.9777778 36.522034904919565
16812 1 448868 0.95652175 36.730467923916876
16813 1 1152334 0.9347826 38.332956028170884
16814 1 1400870 0.92 43.11381501611322
16815 1 1270242 0.9787234 37.15960099361837
16816 1 614425 0.90909094 40.93258990906179
16817 1 1609012 0.9230769 42.09591308608651
16818 1 981299 0.9347826 37.26540401112288
16819 1 1035400 0.9791667 43.57352899387479
16820 1 1984706 1.0 38.45952998381108
16821 1 1301284 0.9782609 39.45028898306191
16822 1 1845094 0.92 47.32745897490531
16823 1 937663 0.92156863 44.761472032405436
16824 1 1139279 0.97727275 35.53212492261082
16825 1 1052829 0.93333334 35.66164604853839
16826 1 1797857 0.9411765 40.53471703082323
16827 1 1022454 0.93333334 36.28519899211824
16828 1 1447556 0.9791667 38.458543946035206
16829 1 592276 0.90909094 40.04604299552739
16830 1 2086334 0.9375 44.12681492976844
16831 1 988843 0.97727275 37.30551397893578
16832 1 2081066 0.9787234 46.55645391903818
16833 1 1633403 0.97959185 49.878509948030114
16834 1 1259742 0.9318182 38.73105999082327
16835 1 1484405 0.90384614 47.88764996919781
16836 1 158426 0.9782609 40.50245706457645
16837 1 1106841 0.9777778 41.56831302680075
16838 1 1278641 0.902439 35.80561501439661
16839 1 1865311 0.9148936 40.51096097100526
16840 1 1458659 0.9111111 42.42545901797712
16841 1 1510072 0.8979592 50.48848001752049
16842 1 2090002 0.9375 45.27501994743943
16843 1 1606519 0.90384614 49.1603339323774
16844 1 1093233 0.9074074 49.25068293232471
16845 1 1210019 0.9148936 42.66297398135066
16846 1 789576 0.90384614 44.414283940568566
16847 1 1444331 0.9375 42.48648299835622
16848 1 61878 0.92 40.12025299016386
16849 1 1158604 0.9787234 39.807131979614496
16850 1 1080616 0.9166667 41.233372990973294
16851 1 624029 0.9787234 42.09395102225244
16852 1 2038471 0.9756098 34.1074779862538
16853 1 1840158 0.9782609 37.766661029309034
16854 1 592197 0.90697676 35.904983058571815
16855 1 2091187 0.94 40.407488006167114
16856 1 1555445 0.9787234 37.29441808536649
16857 1 2085689 0.93877554 40.79570097383112
16858 1 1062989 0.95555556 40.009623975493014
16859 1 1414203 0.9787234 40.95177794806659
16860 1 1504355 0.9183673 41.696476051583886
16861 1 1622056 0.9183673 40.25945195462555
16862 1 391118 0.9047619 33.33899693097919
16863 1 1437236 0.9166667 37.33204503078014
16864 1 2094243 0.9347826 37.55428898148239
16865 1 981299 0.9347826 44.34092191513628
16866 1 1625268 0.902439 36.03923600167036
16867 1 1463126 0.90697676 41.470178053714335
16868 1 1031036 0.94 41.70629498548806
16869 1 1401607 0.97727275 37.581346929073334
16870 1 609191 0.9777778 41.176851955242455
16871 1 1094368 0.90909094 35.9356920234859
16872 1 1636603 0.9019608 43.72920107562095
16873 1 1072549 0.9056604 43.836295953951776
16874 1 1301747 0.9777778 37.793867057189345
16875 1 1556018 0.97959185 39.698509965091944
16876 1 350039 0.9183673 40.08039692416787
16877 1 1671130 0.97619045 34.5516650704667
16878 1 65601 0.97727275 36.273190984502435
16879 1 2093228 0.9111111 35.18843697384
16880 1 1425001 0.902439 34.13495293352753
16881 1 1313577 0.9782609 38.64314698148519
16882 1 879878 0.9230769 42.24657092709094
16883 1 1531976 0.9111111 40.087866014800966
16884 1 1524424 0.98 43.87258505448699
16885 1 1335717 0.93333334 36.94289003033191
16886 1 1437036 0.90697676 34.47687299922109
16887 1 1825647 0.94 40.82533298060298
16888 1 1044694 0.90909094 41.42879508435726
16889 1 2091571 0.9423077 45.061124954372644
16890 1 1844575 0.95652175 37.122074980288744
16891 1 1191989 0.9375 40.59806407894939
16892 1 1460072 0.9791667 40.85847991518676
16893 1 741237 0.97727275 39.36557401902974
16894 1 1031999 0.9574468 39.19945296365768
16895 1 1471943 0.9411765 40.27784091886133
16896 1 1005425 0.9512195 32.61200000997633
16897 1 1489189 0.9791667 44.3455649074167
16898 1 1514290 0.9230769 44.475722941569984
16899 1 1482323 0.9148936 39.17244705371559
16900 1 1176711 0.9423077 41.138567961752415
16901 1 1255319 1.0 38.60940097365528
16902 1 350039 0.9166667 38.64822490140796
16903 1 1044660 0.9074074 44.00216601788998
16904 1 1554949 0.97959185 42.73503506556153
16905 1 1391913 0.97959185 46.22173903044313
16906 1 1471792 0.9767442 35.313687985762954
16907 1 1842907 0.9756098 34.96423491742462
16908 1 1481340 0.8979592 40.91722110752016
16909 1 914995 0.92 40.1113749248907
16910 1 1176622 0.9411765 46.472987974993885
16911 1 764029 0.97619045 33.932653022930026
16912 1 1842907 0.95238096 33.88767899014056
16913 1 1129310 0.9056604 45.736291096545756
16914 1 1160814 0.9302326 32.598459045402706
16915 1 1248256 0.97959185 38.66113000549376
16916 1 1170534 0.9782609 36.298658000305295
16917 1 1174260 0.9782609 39.75804802030325
16918 1 1152072 0.97619045 35.48591793514788
16919 1 1176701 0.90909094 36.6367450915277
16920 1 1302227 0.8979592 42.77443396858871
16921 1 1167369 0.90909094 41.17527499329299
16922 1 1435686 0.9130435 38.814554922282696
16923 1 1349529 0.9777778 39.84927397686988
16924 1 1069121 0.9782609 38.560725981369615
16925 1 1028074 0.9791667 39.1961180139333
16926 1 1313577 0.9782609 38.0979310721159
16927 1 1429265 0.90909094 38.000028929673135
16928 1 1133134 0.9361702 39.24228495452553
16929 1 1191087 0.9375 38.910659961402416
16930 1 2051539 0.9111111 38.96866203285754
16931 1 1211984 0.9361702 41.65924806147814
16932 1 1492227 0.9183673 42.99467394594103
16933 1 350039 0.9375 40.4878199333325
16934 1 1619366 0.9787234 42.46833792421967
16935 1 934348 0.9230769 40.54740199353546
16936 1 593780 0.902439 35.510516026988626
16937 1 1191989 0.97959185 41.546131018549204
16938 1 858257 0.9302326 34.85039796214551
16939 1 1669880 0.9245283 43.46859408542514
16940 1 1607588 0.9111111 34.37397500965744
16941 1 1409780 0.9361702 37.26536105386913
16942 1 1592288 0.97959185 39.817303069867194
16943 1 1002478 0.95238096 34.54928193241358
16944 1 1387975 0.97727275 41.97906202170998
16945 1 1597167 0.9183673 43.62542403396219
16946 1 1255659 0.9019608 40.56215600576252
16947 1 1182959 0.9056604 43.96281694062054
16948 1 350039 0.9 43.11269999016076
16949 1 1151245 0.9767442 36.07039793860167
16950 1 1443310 0.92156863 46.66947096120566
16951 1 1006696 0.9787234 39.66414008755237
16952 1 1091444 0.9791667 39.084446034394205
16953 1 1232024 0.9 42.1018450288102
16954 1 1959630 0.98 42.08467993885279
16955 1 1572067 0.97619045 32.61826792731881
16956 1 543548 0.9148936 40.003839996643364
16957 1 1204659 0.9148936 40.28188297525048
16958 1 2470089 0.90909094 41.129369055852294
16959 1 1229636 0.9 43.81210496649146
16960 1 2086953 0.9148936 37.30853891465813
16961 1 855356 0.9767442 39.799728081561625
16962 1 1511793 0.97959185 42.772292043082416
16963 1 1176422 0.97959185 42.44107299018651
16964 1 668936 0.902439 34.52246205415577
16965 1 1349529 0.9777778 37.77023800648749
16966 1 1218159 0.9411765 42.33657498843968
16967 1 1133074 0.96153843 41.12500895280391
16968 1 847532 0.9130435 39.55055901315063
16969 1 552356 0.9047619 37.59589802939445
16970 1 1494263 0.9019608 42.534164036624134
16971 1 468415 0.9130435 39.226163062267005
16972 1 861885 0.9791667 39.562918012961745
16973 1 139990 0.95238096 34.03659106697887
16974 1 1101106 0.95238096 33.809658023528755
16975 1 1555464 0.9318182 40.778439957648516
16976 1 1449644 0.9259259 44.591739075258374
16977 1 1407281 0.90384614 43.959105969406664
16978 1 1036056 0.9111111 40.429226006381214
16979 1 1033024 0.90909094 42.79968305490911
16980 1 1019172 0.95454544 38.690678076818585
16981 1 1081634 0.93333334 39.94775505270809
16982 1 1054164 0.9756098 35.42522294446826
16983 1 1042246 0.98 48.085738089866936
16984 1 1128477 0.9183673 46.14967596717179
16985 1 1210019 0.8979592 43.41860499698669
16986 1 1075879 0.95652175 38.07665302883834
16987 1 1357209 0.98039216 41.09787801280618
16988 1 587421 0.90909094 40.39092210587114
16989 1 1797721 0.97959185 42.39529196638614
16990 1 1207693 0.9767442 36.232845042832196
16991 1 1168070 0.9782609 37.70107193849981
16992 1 1020224 0.9347826 38.610702962614596
16993 1 1822083 0.9 40.79458292108029
16994 1 623624 0.92 44.99422595836222
16995 1 1557640 0.97727275 36.98943799827248
16996 1 1487367 0.9767442 34.7067880211398
16997 1 1654905 0.98039216 40.440557058900595
16998 1 25727 0.9148936 39.21941004227847
16999 1 1074473 0.9130435 38.28088100999594
17000 1 1553103 0.90909094 35.84845399018377
17001 1 830352 0.92 44.97750394511968
17002 1 1353872 0.9302326 33.81674794945866
17003 1 1116203 0.902439 34.688403946347535
17004 1 1141632 0.9166667 38.62508898600936
17005 1 1364926 0.9148936 39.424471906386316
17006 1 625216 0.9375 41.024776990525424
17007 1 1613699 0.9347826 38.59559306874871
17008 1 1561556 0.92156863 44.82546495273709
17009 1 981167 0.9285714 34.724566037766635
17010 1 1265863 0.9782609 40.42013501748443
17011 1 1050665 0.92156863 41.033613961189985
17012 1 1328115 0.9166667 39.49691099114716
17013 1 1060976 0.9111111 39.22811301890761
17014 1 620951 0.9791667 41.63929203059524
17015 1 1199645 0.9318182 38.190544000826776
17016 1 1503247 0.97727275 36.54757491312921
17017 1 1255747 0.97619045 32.36430499237031
17018 1 1844554 0.92 39.48465303983539
17019 1 1437231 0.98 41.322245029732585
17020 1 1469481 0.98 39.47275993414223
17021 1 1471571 0.90909094 36.15673107560724
17022 1 1498871 0.95238096 34.641709993593395
17023 1 593993 0.9782609 37.014951929450035
17024 1 1134022 0.902439 32.58433099836111
17025 1 1089097 0.9056604 40.18858401104808
17026 1 1493004 0.9259259 41.5480718947947
17027 1 1058066 0.95348835 34.345499938353896
17028 1 1438317 0.9 41.452826000750065
17029 1 815617 0.9130435 38.178374990820885
17030 1 158426 0.9782609 37.84828109201044
17031 1 1094278 0.9361702 39.57533999346197
17032 1 350039 0.9 41.620694915764034
17033 1 1439631 0.97959185 38.92050706781447
17034 1 1396242 0.9 44.52431702520698
17035 1 1472264 0.9047619 37.62121999170631
17036 1 1591668 0.9767442 34.94701301679015
17037 1 1016203 0.90697676 36.78838303312659
17038 1 1291421 0.9756098 32.05613209865987
17039 1 1636728 0.97959185 45.153197017498314
17040 1 1633263 0.9777778 39.7437009960413
17041 1 1517218 0.92156863 43.61392802093178
17042 1 1169386 0.9230769 44.12791505455971
17043 1 1435237 0.9791667 42.99184901174158
17044 1 1122877 0.93877554 39.97107595205307
17045 1 1507528 0.97959185 38.768862024880946
17046 1 1442728 0.90697676 38.62770809791982
17047 1 981160 0.9318182 45.20536307245493
17048 1 1563336 0.90384614 44.648092007264495
17049 1 2094963 0.94 41.23945999890566
17050 1 1016711 0.9230769 43.89746091328561
17051 1 1616007 0.975 32.62732597067952
17052 1 1134798 0.9148936 43.162627960555255
17053 1 1525315 0.9361702 42.35464707016945
17054 1 427285 0.9 35.819973913021386
17055 1 643607 0.97727275 41.15104104857892
17056 1 1154527 0.95454544 39.59660406690091
17057 1 1266019 1.0 31.89883998129517
17058 1 1631047 1.0 30.311887036077678
17059 1 1098513 0.9285714 31.567450962029397
17060 1 1169386 0.9230769 44.43363903556019
17061 1 1171405 0.9074074 45.54501094389707
17062 1 669471 0.97727275 35.55278305429965
17063 1 815617 0.9130435 40.91766499914229
17064 1 1011896 0.97727275 36.24284698162228
17065 1 595603 0.95454544 35.272786975838244
17066 1 1652320 0.9056604 41.99129797052592
17067 1 2445636 0.9782609 39.419398992322385
17068 1 1423081 0.9183673 39.85735308378935
17069 1 2430221 0.9767442 40.90105602517724
17070 1 1009917 0.9787234 42.654282064177096
17071 1 1096736 0.9130435 37.27185004390776
17072 1 1062989 0.95555556 36.520035937428474
17073 1 1498136 0.90697676 41.29522503353655
17074 1 1088797 0.9361702 41.31176194641739
17075 1 1251240 0.9782609 39.00058404542506
17076 1 1636603 0.9019608 43.18591905757785
17077 1 1532048 0.95454544 38.88293507043272
17078 1 1905683 0.9787234 36.634789081290364
17079 1 774365 0.9130435 37.26135101169348
17080 1 1399626 0.9423077 48.42433496378362
17081 1 649534 0.90909094 39.685472031123936
17082 1 2113166 0.9347826 38.15571905579418
17083 1 1192839 0.97619045 32.60827797930688
17084 1 2087627 0.9347826 41.002209996804595
17085 1 350039 0.9 43.136178981512785
17086 1 1387975 0.97727275 37.46372100431472
17087 1 1385364 0.9259259 44.54896994866431
17088 1 1493097 0.92727274 44.07598508987576
17089 1 1435303 0.9285714 43.283210950903594
17090 1 1006768 0.9245283 43.861854006536305
17091 1 1274099 0.94827586 38.92650897614658
17092 1 1495431 0.9019608 46.827240963466465
17093 1 258989 0.90163934 40.144152007997036
17094 1 1125423 0.9206349 40.291153942234814
17095 1 1527236 0.91525424 41.80484893731773
17096 1 1606287 0.9811321 39.51239900197834
17097 1 1233432 0.96666664 36.96379903703928
17098 1 1177219 0.98039216 41.54196090530604
17099 1 1960506 0.9354839 40.993940900079906
17100 1 1005722 0.89830506 43.27664594165981
17101 1 1000922 0.94736844 39.62521499488503
17102 1 623325 0.9830508 38.867519004270434
17103 1 621198 0.9464286 41.47336899768561
17104 1 1816327 0.9818182 40.231383056379855
17105 1 1053372 0.9310345 45.78261508140713
17106 1 1200805 0.9310345 43.17364504095167
17107 1 1434216 0.90384614 42.73336997721344
17108 1 1606519 0.9074074 46.79043695796281
17109 1 1236448 0.9056604 42.53282200079411
17110 1 1464500 0.9056604 42.409420013427734
17111 1 1357042 0.9122807 44.02669705450535
17112 1 1628059 0.9285714 43.78991900011897
17113 1 1801697 0.91525424 40.82578991074115
17114 1 998230 0.9166667 39.1264739446342
17115 1 1505184 0.9137931 40.532271028496325
17116 1 1002216 0.9818182 40.21402192302048
17117 1 855031 0.9807692 45.75059795752168
17118 1 807566 0.92727274 45.8366310922429
17119 1 1289156 0.9032258 40.68515298422426
17120 1 1843899 0.9818182 40.71442305576056
17121 1 1049444 0.9811321 39.00918201543391
17122 1 1521688 0.9137931 40.74271908029914
17123 1 1099247 0.9322034 43.54319197591394
17124 1 1067127 0.98039216 42.0130870770663
17125 1 1121132 0.98245615 39.0869959956035
17126 1 1419783 0.9056604 42.24117402918637
17127 1 1530916 0.93333334 38.67042891215533
17128 1 1650306 0.9285714 41.84062092099339
17129 1 2087566 0.94545454 41.49065795354545
17130 1 1457357 0.9285714 41.66764905676246
17131 1 1493720 0.9166667 45.16581096686423
17132 1 480293 0.9811321 40.6245740596205
17133 1 1801697 0.91525424 40.78130901325494
17134 1 1270461 0.9807692 40.38890695665032
17135 1 1650306 0.90909094 45.36637000273913
17136 1 1260037 0.90163934 44.86047907266766
17137 1 1626472 0.98214287 41.41695506405085
17138 1 1654933 0.9807692 41.415896033868194
17139 1 1429998 0.9433962 40.723507991060615
17140 1 1346465 0.9 43.74642297625542
17141 1 1853325 0.9166667 42.156921001151204
17142 1 1001262 0.9310345 42.68945392686874
17143 1 1067732 0.9019608 42.805188917554915
17144 1 1507202 0.9814815 38.79802697338164
17145 1 1512470 0.9310345 40.80849408637732
17146 1 1467273 0.9811321 41.95782891474664
17147 1 1652669 0.98245615 38.77558093518019
17148 1 1141960 0.9818182 41.01105791050941
17149 1 1054619 0.89830506 41.73374897800386
17150 1 1652309 0.98039216 40.83912295754999
17151 1 1302744 0.91803277 41.37969797011465
17152 1 1535082 0.91525424 41.90264909993857
17153 1 1188887 0.9 38.85802801232785
17154 1 1270461 0.9807692 43.194698984734714
17155 1 1179804 0.9245283 43.77528000622988
17156 1 1709152 0.98275864 40.02104001119733
17157 1 1084152 0.9032258 39.718166925013065
17158 1 1413243 0.9122807 45.584372943267226
17159 1 1489270 0.98245615 43.96982293110341
17160 1 1630124 0.9245283 47.26879601366818
17161 1 1136792 0.92727274 42.96703694853932
17162 1 1074055 0.9444444 42.35401994083077
17163 1 555360 0.9649123 40.64290795940906
17164 1 1348194 0.90384614 44.70445599872619
17165 1 1466162 0.921875 38.48605905659497
17166 1 1596759 0.9830508 41.932543041184545
17167 1 1005171 0.98214287 41.69773997273296
17168 1 835978 0.9814815 40.46431288588792
17169 1 1449990 0.91071427 41.00170393940061
17170 1 1182842 0.9814815 39.64594507124275
17171 1 301941 0.9830508 40.78969301190227
17172 1 1113534 0.9310345 43.77003398258239
17173 1 1664989 0.96 42.1794590074569
17174 1 1055971 0.9122807 43.16945595201105
17175 1 258989 0.90163934 40.97453597933054
17176 1 627690 0.9259259 44.04325899668038
17177 1 1274099 0.94827586 41.850191075354815
17178 1 1226344 0.9818182 42.616142076440156
17179 1 2093245 0.9423077 42.80816996470094
17180 1 1851128 0.93333334 42.74831502698362
17181 1 998447 0.9310345 42.248860001564026
17182 1 1504611 0.9245283 41.87556903343648
17183 1 1927567 0.89830506 42.609550058841705
17184 1 1609774 0.9047619 41.70276701916009
17185 1 1727887 0.9814815 42.80002694576979
17186 1 1573583 0.9137931 41.75797291100025
17187 1 1629928 0.9245283 42.03264694660902
17188 1 1171660 0.9298246 40.48057098407298
17189 1 1792303 0.93650794 37.47418196871877
17190 1 1634623 0.9 43.88219502288848
17191 1 822232 0.9811321 42.48823598027229
17192 1 72752 0.92727274 42.368013062514365
17193 1 1194459 0.9814815 40.13114399276674
17194 1 1172241 0.98275864 38.76304696314037
17195 1 1573014 0.98214287 38.93391299061477
17196 1 1600553 0.9310345 40.85262701846659
17197 1 1485664 0.9814815 42.72523208055645
17198 1 1225985 0.9818182 42.580847977660596
17199 1 1128467 0.91803277 42.53774194512516
17200 1 1409635 0.9032258 40.31970398500562
17201 1 1376938 0.9310345 44.408538029529154
17202 1 1011673 0.9444444 41.3840749533847
17203 1 1436546 0.96363634 41.23011801857501
17204 1 1432332 0.9491525 43.596926028840244
17205 1 1428371 0.9818182 41.55407892540097
17206 1 2034530 0.92 42.90412995032966
17207 1 1182608 0.90384614 42.46458399575204
17208 1 1105414 0.90909094 45.06048501934856
17209 1 987849 0.9607843 43.40837197378278
17210 1 1236577 0.98214287 42.136156000196934
17211 1 1020198 0.91525424 42.86694701295346
17212 1 1486824 0.9814815 40.649518952704966
17213 1 1021174 0.962963 40.715224109590054
17214 1 1116005 0.9818182 40.44643696397543
17215 1 1325905 0.93333334 40.71928805205971
17216 1 1848468 0.93333334 45.26087502017617
17217 1 2418562 0.9 42.780327959917486
17218 1 1071541 0.9074074 41.7271830374375
17219 1 1801408 0.9074074 46.65690998081118
17220 1 1400104 0.98039216 40.00998102128506
17221 1 1551383 0.93333334 39.975779014639556
17222 1 1513644 0.9230769 47.304737963713706
17223 1 1605174 0.9032258 42.24028205499053
17224 1 1663421 0.9259259 42.120947036892176
17225 1 1405299 0.9 42.17058094218373
17226 1 1424505 0.9166667 39.521583006717265
17227 1 1443709 0.9285714 39.48348492849618
17228 1 1451179 0.9411765 45.247206930071115
17229 1 1288801 0.9 43.78742096014321
17230 1 864943 0.9814815 39.81990902684629
17231 1 1639459 0.91935486 41.246481938287616
17232 1 1486234 0.9122807 42.0220399973914
17233 1 1149414 0.9122807 41.529826004989445
17234 1 1449990 0.91071427 48.15812804736197
17235 1 1605298 0.98214287 42.97315003350377
17236 1 1417330 0.91803277 41.099308989942074
17237 1 1055981 0.91525424 42.072997079230845
17238 1 839735 0.91071427 41.53330496046692
17239 1 1265007 0.90163934 39.14212610106915
17240 1 1507128 0.9807692 42.23193693906069
17241 1 669607 0.89830506 45.04777095280588
17242 1 1179850 0.92727274 42.12484904564917
17243 1 1614947 0.98245615 40.60173698235303
17244 1 1140546 0.9166667 39.47642701677978
17245 1 1277562 0.9811321 39.456463069655
17246 1 1088816 0.9814815 43.67799195460975
17247 1 1566584 0.9423077 43.5966809745878
17248 1 1543764 0.9807692 40.6870300648734
17249 1 1021507 0.9122807 41.43790795933455
17250 1 1338606 0.9622642 41.78315808530897
17251 1 1294872 0.9259259 46.39067698735744
17252 1 1444629 0.9464286 41.75709909759462
17253 1 1802831 0.93442625 40.68631900008768
17254 1 1800896 0.89830506 43.174454011023045
17255 1 1505984 0.9 41.64067097008228
17256 1 1167581 0.9423077 42.094629956409335
17257 1 1057361 0.9230769 40.60598893556744
17258 1 563457 0.98275864 40.475632064044476
17259 1 1019104 0.91803277 41.212091920897365
17260 1 1404990 0.9464286 45.99266697186977
17261 1 1282420 0.9122807 41.088363039307296
17262 1 106631 0.98333335 36.66662995237857
17263 1 1085422 0.9818182 40.13031499926001
17264 1 1063073 0.98245615 42.68737696111202
17265 1 998230 0.9166667 41.17156402207911
17266 1 1492688 0.90625 41.76506097428501
17267 1 1153585 0.96153843 39.93615205399692
17268 1 1095022 0.9814815 41.90224199555814
17269 1 1663421 0.90909094 41.83700494468212
17270 1 1447881 0.90909094 41.69367998838425
17271 1 1611163 0.9032258 42.03882801812142
17272 1 1059447 0.98275864 43.86521503329277
17273 1 1310313 0.90163934 39.20444392133504
17274 1 1508442 0.9137931 43.35565690416843
17275 1 1693794 0.91071427 41.486819041892886
17276 1 1022162 0.96666664 37.289719097316265
17277 1 1492761 0.98245615 39.24818802624941
17278 1 1052646 0.9259259 44.12817396223545
17279 1 1518740 0.9811321 42.29764000046998
17280 1 698339 0.9230769 41.87233897391707
17281 1 1484600 0.9285714 41.060718009248376
17282 1 1486643 0.98275864 40.01822404097766
17283 1 990390 0.91525424 38.34286401979625
17284 1 1286666 0.9310345 44.15620898362249
17285 1 1522542 0.9032258 42.738283053040504
17286 1 1485664 0.9814815 40.707929991185665
17287 1 823745 0.89830506 44.05182402115315
17288 1 1270461 0.9807692 40.24793196003884
17289 1 1789726 0.9166667 45.091180014424026
17290 1 1091101 0.9811321 43.8231430016458
17291 1 1239576 0.9807692 39.73166400101036
17292 1 1379085 0.91803277 39.674047962762415
17293 1 1093920 0.9 40.1558909798041
17294 1 394071 0.9122807 42.69096103962511
17295 1 1987405 0.9285714 45.22010905202478
17296 1 1797066 0.9807692 42.92934003751725
17297 1 1415610 0.9807692 42.63313498813659
17298 1 1206265 0.98039216 41.29367298446596
17299 1 1178154 0.9464286 42.54762292839587
17300 1 1270185 0.9464286 47.189079923555255
17301 1 1617181 0.91525424 43.302092934027314
17302 1 1408271 0.90384614 44.98269292525947
17303 1 1272302 0.9423077 43.50556305143982
17304 1 1495396 0.9137931 40.82208999898285
17305 1 1224235 0.98214287 38.09629299212247
17306 1 1372315 0.92727274 40.61608307529241
17307 1 1596650 0.8947368 42.21775406040251
17308 1 1147285 0.91525424 44.17093109805137
17309 1 1634943 0.9122807 44.16124103590846
17310 1 1613188 0.9285714 42.53240907564759
17311 1 862396 0.9 40.22846894804388
17312 1 1713253 0.98333335 37.27439895737916
17313 1 1619928 0.9032258 39.802622981369495
17314 1 1409018 0.9444444 47.3467200063169
17315 1 1270461 0.9807692 43.93681604415178
17316 1 1511467 0.9444444 42.77099296450615
17317 1 1628625 0.91935486 39.043453987687826
17318 1 827007 0.9814815 41.90224502235651
17319 1 1124580 0.92727274 43.17127098329365
17320 1 855431 0.9444444 41.60679201595485
17321 1 1095212 0.9298246 44.727141968905926
17322 1 1082605 0.9019608 43.56813000049442
17323 1 1106766 0.89830506 41.83099395595491
17324 1 1433247 0.9310345 39.83753500506282
17325 1 1120485 0.9672131 42.292125057429075
17326 1 1391809 0.98275864 44.00331596843898
17327 1 1632206 0.9074074 46.53614305425435
17328 1 1985310 0.92727274 43.3848969405517
17329 1 1099361 0.9814815 39.971442078240216
17330 1 1413273 0.9032258 39.39614596311003
17331 1 1627885 0.98275864 40.05661408882588
17332 1 1556097 0.9 43.376537039875984
17333 1 1047776 0.98039216 41.569018037989736
17334 1 301941 0.9830508 40.22411594633013
17335 1 1438982 0.9259259 41.952134924940765
17336 1 998283 0.90163934 39.144027046859264
17337 1 819602 0.9310345 42.52289596479386
17338 1 1428676 0.9 41.76321602426469
17339 1 1555778 0.9322034 48.666237969882786
17340 1 1987660 0.93333334 41.10870393924415
17341 1 1033241 0.9032258 41.45978600718081
17342 1 1128978 0.9807692 39.54424802213907
17343 1 1480212 0.9259259 41.005534934811294
17344 1 1527155 0.9137931 41.061474941670895
17345 1 1418711 0.9807692 50.065830000676215
17346 1 797820 0.92727274 45.408084988594055
17347 1 1340349 0.9298246 47.1175170969218
17348 1 1404990 0.9464286 44.73294806666672
17349 1 1453056 0.9 49.68682408798486
17350 1 1793804 0.90909094 53.79540892317891
17351 1 1614714 0.9811321 44.48106896597892
17352 1 1079893 0.90909094 49.181438982486725
17353 1 586163 0.9206349 42.88529395125806
17354 1 566325 0.9137931 42.506540077738464
17355 1 971460 0.96428573 50.1525430008769
17356 1 1441091 0.9661017 46.38002393767238
17357 1 972692 0.94545454 44.17160409502685
17358 1 20847 0.98333335 37.95272996649146
17359 1 1417332 0.9818182 38.53695502039045
17360 1 1416087 0.90163934 40.396135998889804
17361 1 1303111 0.94736844 53.754452033899724
17362 1 1484598 0.9444444 41.67067597154528
17363 1 394071 0.9122807 41.40597698278725
17364 1 1718536 0.9259259 40.989776025526226
17365 1 1101820 0.9811321 41.11559898592532
17366 1 1150302 0.94736844 45.952745946124196
17367 1 427891 0.93442625 42.256605927832425
17368 1 1254159 0.9 42.04510501585901
17369 1 1618629 0.90384614 43.698149966076016
17370 1 1606499 0.98333335 37.43389795999974
17371 1 1065645 0.93333334 38.13559003174305
17372 1 1079893 0.90909094 40.69093894213438
17373 1 558723 0.9298246 43.762989924289286
17374 1 1616273 0.98214287 41.03523900266737
17375 1 1557747 0.9811321 40.23809195496142
17376 1 1066021 0.96153843 40.43653898406774
17377 1 1607554 0.9814815 40.45584099367261
17378 1 1803257 0.9074074 47.61904990300536
17379 1 1272144 0.9166667 42.32035391032696
17380 1 1002264 0.98214287 39.97319703921676
17381 1 817721 0.9298246 42.1443049563095
17382 1 1628059 0.9285714 41.97531403042376
17383 1 1440505 0.9818182 40.91085493564606
17384 1 1294807 0.9298246 41.33071890100837
17385 1 1125554 0.9245283 43.24368096422404
17386 1 1572509 0.9047619 41.27302498091012
17387 1 1296048 0.9433962 41.17773694451898
17388 1 1214371 0.98 41.08286008704454
17389 1 1519773 0.9298246 39.37909298110753
17390 1 1054393 0.9818182 38.41082798317075
17391 1 1062196 0.98275864 42.67371504101902
17392 1 1404554 0.90163934 40.73602007701993
17393 1 1561973 0.9464286 41.06379603035748
17394 1 1236665 0.98214287 37.95125999022275
17395 1 1664818 0.98245615 37.89692709688097
17396 1 1456419 0.9444444 39.75138592068106
17397 1 1612584 0.91803277 42.1899399952963
17398 1 1632437 0.92727274 43.528439942747355
17399 1 1522071 0.9285714 43.93442103173584
17400 1 2055286 0.9259259 41.985135059803724
17401 1 1154126 0.91935486 38.20991504471749
17402 1 644158 0.90163934 38.87447796296328
17403 1 1158252 0.98039216 42.71752806380391
17404 1 1002347 0.90163934 43.52375096641481
17405 1 345064 0.89830506 43.81746205035597
17406 1 1136060 0.93650794 40.103466948494315
17407 1 1400328 0.91525424 42.80072497203946
17408 1 2045234 0.90384614 42.500486015342176
17409 1 1108930 0.9166667 50.030253012664616
17410 1 1557924 0.9032258 42.58229094557464
17411 1 589450 0.89830506 43.91828295774758
17412 1 640203 0.98275864 40.038338978774846
17413 1 1114048 0.9122807 41.91052704118192
17414 1 1398756 0.9 40.325838024728
17415 1 1520856 0.9032258 40.997412987053394
17416 1 1570951 0.90163934 42.13038401212543
17417 1 1125667 0.91071427 42.62333700899035
17418 1 1530908 0.98214287 39.13581999950111
17419 1 1335504 0.91803277 44.89361995365471
17420 1 1986011 0.89830506 44.126339023932815
17421 1 1053620 0.98245615 41.460596956312656
17422 1 1257709 0.9830508 40.1145510841161
17423 1 1570166 0.9 42.363125015981495
17424 1 1406729 0.91803277 40.92165105976164
17425 1 1063073 0.98245615 40.392742957919836
17426 1 1146217 0.91525424 45.76008301228285
17427 1 1140942 0.9122807 40.893426979891956
17428 1 1131669 0.9032258 41.91178607288748
17429 1 1605174 0.9032258 41.05710797011852
17430 1 1413424 0.9122807 41.6092750383541
17431 1 1610169 0.9830508 36.337404046207666
17432 1 1422849 0.9285714 41.467706905677915
17433 1 1226073 0.9047619 39.81726593337953
17434 1 1085663 0.90163934 42.343845940195024
17435 1 1115499 0.9 40.19227810204029
17436 1 1113413 0.91803277 41.222503990866244
17437 1 1475963 0.9245283 41.89600597601384
17438 1 1624474 0.9814815 40.550439967773855
17439 1 1797066 0.9807692 40.13271699659526
17440 1 1531350 0.91525424 44.300150009803474
17441 1 1010110 0.93442625 41.485680965706706
17442 1 1744149 0.9807692 44.93262793403119
17443 1 1301971 0.98245615 41.43478500191122
17444 1 1985310 0.92727274 42.3928159289062
17445 1 1495396 0.9310345 45.48685101326555
17446 1 1487731 0.9814815 42.19103208743036
17447 1 1460345 0.9310345 43.36992499884218
17448 1 1563911 0.9830508 37.35489898826927
17449 1 1501339 0.9807692 40.39563296828419
17450 1 1201765 0.98039216 40.18783301580697
17451 1 1614777 0.9032258 41.81791399605572
17452 1 1297182 0.98039216 43.40901994146407
17453 1 1068043 0.9137931 44.987494009546936
17454 1 1499461 0.96363634 41.34929401334375
17455 1 2111345 0.9423077 48.78815799020231
17456 1 1180739 0.9814815 48.84621896781027
17457 1 1415596 0.98245615 44.174988055601716
17458 1 1536524 0.9056604 47.37149295397103
17459 1 1015445 0.9354839 42.781149968504906
17460 1 1639456 0.98214287 43.25376695487648
17461 1 1024928 0.91525424 41.57196299638599
17462 1 533221 0.9818182 45.530891977250576
17463 1 1114920 0.9 45.93433998525143
17464 1 1007530 0.9285714 46.57034110277891
17465 1 1478249 0.9830508 43.54141699150205
17466 1 1662496 0.9818182 44.09005795605481
17467 1 638387 0.9019608 44.8221469996497
17468 1 1200743 0.89830506 40.7887949841097
17469 1 1142820 0.93333334 44.594123028218746
17470 1 1984381 0.9019608 46.051157056353986
17471 1 1493609 0.9 43.897807016037405
17472 1 1466332 0.9047619 38.332785945385695
17473 1 1471265 0.9285714 39.73028901964426
17474 1 1047275 0.98275864 38.57350302860141
17475 1 1799269 0.9122807 43.93398202955723
17476 1 1032280 0.9032258 39.95850298088044
17477 1 1426869 0.9807692 41.99184093158692
17478 1 1203752 0.93333334 39.22794701065868
17479 1 1413299 0.9245283 52.25721199531108
17480 1 1503178 0.9310345 39.26005295943469
17481 1 1299604 0.8965517 44.609291944652796
17482 1 1470002 0.91935486 40.51576997153461
17483 1 1272302 0.9423077 42.33154305256903
17484 1 1609342 0.93333334 38.467411999590695
17485 1 1556733 0.9322034 36.85229504480958
17486 1 1803101 0.9285714 44.06635300256312
17487 1 1197953 0.9019608 42.6230049924925
17488 1 1172365 0.91525424 42.583992006257176
17489 1 821270 0.91803277 40.83172406535596
17490 1 1087736 0.98245615 39.43451400846243
17491 1 1300840 0.9298246 41.33614699821919
17492 1 106631 0.98333335 38.19621505681425
17493 1 1319136 0.9285714 40.57960701175034
17494 1 1056998 0.98275864 42.606565984897316
17495 1 1410754 0.91525424 43.69049298111349
17496 1 1270461 0.9807692 39.689798024483025
17497 1 1296048 0.9259259 40.40954099036753
17498 1 1515123 0.90909094 41.45759798120707
17499 1 1615449 0.9818182 42.25560696795583
17500 1 1628380 0.9811321 42.60255303233862
17501 1 1468721 0.89830506 43.174794991500676
17502 1 1495396 0.9310345 40.97201395779848
17503 1 1155590 0.91071427 41.17605008650571
17504 1 1431190 0.9 40.59598594903946
17505 1 1270461 0.9807692 44.93056901264936
17506 1 1473715 0.93333334 43.71713497675955
17507 1 1492406 0.91525424 41.937535046599805
17508 1 1181201 0.9649123 39.63966201990843
17509 1 1483251 0.98333335 36.53445700183511
17510 1 1141701 0.9 40.40644608903676
17511 1 1619279 0.9074074 42.45423502288759
17512 1 1128732 0.9830508 39.870404987595975
17513 1 1512850 0.94 43.62179001327604
17514 1 1301862 0.98333335 37.7234349725768
17515 1 2327456 0.9 40.16576102003455
17516 1 1428270 0.9 42.724767001345754
17517 1 1559532 0.91525424 42.57275606505573
17518 1 1602759 0.9811321 41.77750798407942
17519 1 1406642 0.9245283 43.7304760562256
17520 1 1984381 0.9019608 42.74731001351029
17521 1 1152252 0.98333335 37.38835209514946
17522 1 1498874 0.9166667 38.770759012550116
17523 1 1190141 0.9259259 39.688094053417444
17524 1 1171405 0.92727274 41.157722007483244
17525 1 1484016 0.9818182 43.59628900419921
17526 1 1418272 0.9807692 41.735973907634616
17527 1 1516712 0.9137931 41.14272410515696
17528 1 1065678 0.9056604 45.260297949425876
17529 1 1415517 0.9811321 40.06690892856568
17530 1 837908 0.9047619 41.319796931929886
17531 1 793576 0.98039216 43.84985694196075
17532 1 1626625 0.9122807 40.55583104491234
17533 1 1498659 0.9285714 41.806055000051856
17534 1 618717 0.91071427 40.65718990750611
17535 1 1407217 0.9818182 39.19106104876846
17536 1 1427689 0.98214287 43.60955208539963
17537 1 1800896 0.98245615 41.61516693420708
17538 1 1096025 0.98039216 42.25305397994816
17539 1 1709152 0.98275864 39.72018195781857
17540 1 1712339 0.9818182 41.89826105721295
17541 1 1095389 0.9830508 39.76140997838229
17542 1 1428624 0.9137931 46.37558409012854
17543 1 1270619 0.9310345 42.763988953083754
17544 1 145092 0.98214287 41.45897401031107
17545 1 1023811 0.98275864 39.6763370372355
17546 1 1415841 0.9807692 41.029768995940685
17547 1 419986 0.9464286 42.739864089526236
17548 1 1492389 0.92156863 42.980110039934516
17549 1 1974286 0.9491525 45.17484502866864
17550 1 2082679 0.98039216 40.10820109397173
17551 1 1195660 0.9166667 38.70879195164889
17552 1 1165670 0.9464286 43.12797007150948
17553 1 1177946 0.9074074 42.479666066356
17554 1 1000438 0.9 41.14834300708026
17555 1 1383449 0.9622642 43.78267494030297
17556 1 1630332 0.93333334 43.145727016963065
17557 1 1444578 0.92727274 41.31949006114155
17558 1 1171296 0.9032258 38.19522401317954
17559 1 1318213 0.89830506 42.06996702123433
17560 1 1286617 0.90163934 41.985686984844506
17561 1 1528563 0.9230769 43.709003017283976
17562 1 1806998 0.90909094 44.7755609638989
17563 1 1663309 0.9137931 41.29969608038664
17564 1 1281012 0.9 40.75688810553402
17565 1 1630734 0.98214287 39.88450509496033
17566 1 1920930 0.9 41.457226034253836
17567 1 1974286 0.9491525 44.02819508686662
17568 1 1100883 0.93333334 43.027402949519455
17569 1 1045696 0.91803277 40.44883907772601
17570 1 706873 0.90163934 40.58544698636979
17571 1 1152289 0.9 40.85629410110414
17572 1 1533202 0.9137931 41.03124199900776
17573 1 1419822 0.9310345 42.59411105886102
17574 1 1201916 0.9830508 38.64368598442525
17575 1 1638551 0.9137931 43.540801969356835
17576 1 1610169 0.9661017 39.159394917078316
17577 1 1491997 0.9814815 42.14197304099798
17578 1 1043210 0.8965517 44.00700004771352
17579 1 1087504 0.9811321 44.85061194282025
17580 1 1408761 0.9814815 42.85217996221036
17581 1 1149414 0.9122807 41.342881973832846
17582 1 615877 0.9032258 41.08203703071922
17583 1 1497314 0.9245283 40.94488907139748
17584 1 996318 0.98275864 40.79228895716369
17585 1 1374223 0.9 43.62062900327146
17586 1 1635018 0.9285714 43.85623999405652
17587 1 1131677 0.9814815 42.93271200731397
17588 1 1092019 0.9054054 30.393683002330363
17589 1 1530643 0.9104478 33.81841199006885
17590 1 1014448 0.9027778 30.232946970500052
17591 1 242470 0.9047619 36.45763301756233
17592 1 1102749 0.9836066 40.31634307466447
17593 1 2023258 0.921875 37.52297500614077
17594 1 1530692 0.9054054 30.618029995821416
17595 1 982883 0.9375 37.58237091824412
17596 1 1054012 0.9076923 33.43366307672113
17597 1 1204334 0.9104478 35.02361802384257
17598 1 719469 0.89705884 31.6182270180434
17599 1 1519147 0.9 30.04721098113805
17600 1 1037678 0.9846154 34.15340301580727
17601 1 1080177 0.9230769 36.18473501410335
17602 1 1652175 0.90625 34.56766903400421
17603 1 978513 0.92424244 33.367063966579735
17604 1 1298884 0.92424244 35.06668994668871
17605 1 858404 0.9104478 36.843381938524544
17606 1 1081087 0.9104478 35.162028041668236
17607 1 1179485 0.921875 39.86163204535842
17608 1 993367 0.90163934 41.001872974447906
17609 1 1079477 0.9 30.077236937358975
17610 1 1161001 0.9032258 39.077093941159546
17611 1 1048927 0.9230769 33.15884608309716
17612 1 1497870 0.92424244 34.83395301736891
17613 1 1059863 0.9230769 33.35393394809216
17614 1 1574598 0.90625 38.84371800813824
17615 1 1259177 0.9516129 39.541000965982676
17616 1 402660 0.98507464 32.15356299187988
17617 1 1169972 0.90140843 28.558399993926287
17618 1 1482386 0.921875 34.81062303762883
17619 1 1592664 0.9130435 32.06579992547631
17620 1 1462160 0.93650794 39.6753050154075
17621 1 477212 0.9041096 31.88505896832794
17622 1 402660 0.98507464 33.35480799432844
17623 1 1455521 0.9836066 38.87722489889711
17624 1 1053120 0.90909094 37.22887206822634
17625 1 1504174 0.9047619 39.883760968223214
17626 1 696520 0.90909094 36.17028100416064
17627 1 1468541 0.92424244 33.3846170688048
17628 1 668845 0.92537314 33.4839679999277
17629 1 508902 0.90625 41.8196840910241
17630 1 1393054 0.9104478 37.20498294569552
17631 1 1213143 0.90163934 40.51492200233042
17632 1 1572190 0.98333335 38.06960699148476
17633 1 1038773 0.92424244 31.69168997555971
17634 1 1249896 0.9166667 28.1098079867661
17635 1 1434503 0.9836066 37.17336803674698
17636 1 1014127 0.9117647 33.57447509188205
17637 1 953102 0.90625 40.23333196528256
17638 1 1523176 0.9117647 32.87958598230034
17639 1 1107218 0.9104478 35.263511002995074
17640 1 1468541 0.92424244 33.27869204804301
17641 1 1358043 0.9076923 35.03101400565356
17642 1 1524127 0.9104478 33.54718897026032
17643 1 1099804 0.93846154 36.74934897571802
17644 1 2245020 0.91803277 41.53523605782539
17645 1 978513 0.92424244 35.30428605154157
17646 1 633254 0.90625 38.10928203165531
17647 1 1406415 0.9411765 30.84041108377278
17648 1 1127031 0.9076923 33.31990505103022
17649 1 1143218 0.9104478 35.03984410781413
17650 1 1830092 0.91803277 39.17599096894264
17651 1 1640984 0.91803277 39.997069048695266
17652 1 668845 0.89855075 32.44997700676322
17653 1 1451777 0.92424244 33.13501505181193
17654 1 1129883 0.91935486 37.82127995509654
17655 1 1416643 0.95454544 33.92576798796654
17656 1 1754882 0.9516129 38.141387049108744
17657 1 1069457 0.942029 31.836048932746053
17658 1 612154 0.9076923 38.657396915368736
17659 1 385557 0.9206349 41.61483596544713
17660 1 1489622 0.9677419 38.03037304896861
17661 1 1848880 0.90625 41.500795050524175
17662 1 1436910 0.95454544 33.218942931853235
17663 1 1409192 0.95384616 34.55122001469135
17664 1 1464376 0.90909094 37.144233006983995
17665 1 1434503 0.9836066 39.30075198877603
17666 1 1290876 0.9 30.16620606649667
17667 1 1452253 0.90909094 35.41800507809967
17668 1 1472258 0.9117647 33.4005740005523
17669 1 1413240 0.91935486 40.34822003450245
17670 1 1491988 0.984127 35.04376893397421
17671 1 514458 0.90163934 41.13195196259767
17672 1 994791 0.9032258 42.302538990043104
17673 1 1482162 0.9032258 42.714138980954885
17674 1 1078905 0.9104478 34.45934399496764
17675 1 856190 0.9206349 38.43970689922571
17676 1 1436704 0.9846154 35.83616798277944
17677 1 1117294 0.9166667 30.199671047739685
17678 1 1204363 0.91935486 40.99503194447607
17679 1 1101100 0.9836066 39.343453012406826
17680 1 1308185 0.9130435 32.36929897684604
17681 1 1238312 0.98333335 38.44238200690597
17682 1 1516246 0.983871 36.69227403588593
17683 1 719469 0.92424244 32.95319702010602
17684 1 1201622 0.9672131 38.3383659645915
17685 1 1420557 0.953125 37.96444402541965
17686 1 1454207 0.9104478 35.578981041908264
17687 1 1190624 0.90625 36.635875003412366
17688 1 1479588 0.92537314 35.00337910372764
17689 1 1244621 0.91935486 38.02462597377598
17690 1 958596 0.91803277 38.36098895408213
17691 1 1013987 0.90909094 36.56773897819221
17692 1 1071565 0.9104478 36.36380797252059
17693 1 1141281 0.90909094 35.88990191929042
17694 1 1795322 0.90625 36.5311240311712
17695 1 1156363 0.9104478 34.87470094114542
17696 1 1294014 0.92537314 33.18361705169082
17697 1 1433325 0.90909094 36.09840199351311
17698 1 402660 0.98507464 30.00001993495971
17699 1 1484683 0.9375 34.51366105582565
17700 1 1624531 0.92537314 33.770545036531985
17701 1 1134570 0.90140843 32.119506038725376
17702 1 1900292 0.91803277 40.199261042289436
17703 1 1441827 0.9142857 35.18066601827741
17704 1 1462953 0.921875 36.47495189215988
17705 1 1640984 0.9032258 36.442394950427115
17706 1 584529 0.90909094 38.42439502477646
17707 1 1561367 0.91803277 44.751201989129186
17708 1 872078 0.9104478 36.57943301368505
17709 1 1401642 0.9285714 28.665364952757955
17710 1 1452949 0.9117647 34.812110010534525
17711 1 455623 0.9104478 34.98162096366286
17712 1 1035582 0.93939394 34.22610508278012
17713 1 1530692 0.9054054 31.3977119512856
17714 1 1160317 0.921875 38.9160830527544
17715 1 983874 0.9076923 39.79855705983937
17716 1 1471236 0.98550725 29.201241093687713
17717 1 1575216 0.9117647 32.08838799037039
17718 1 1627521 0.9166667 29.84697197098285
17719 1 1503265 0.9375 34.624352934770286
17720 1 1382687 0.9264706 34.956154064275324
17721 1 1623502 0.9230769 35.51219601649791
17722 1 1236531 0.9577465 31.16449899971485
17723 1 477212 0.9041096 33.95024302881211
17724 1 1013544 0.9117647 34.65973096899688
17725 1 1605174 0.9354839 37.3413449851796
17726 1 700843 0.9166667 38.95442700013518
17727 1 1079477 0.9142857 29.00044503621757
17728 1 1133685 0.9206349 35.060318070463836
17729 1 1003992 0.9130435 35.68944800645113
17730 1 1640028 0.9230769 39.61785102728754
17731 1 1380869 0.9264706 32.13935997337103
17732 1 1129883 0.91935486 36.46130708511919
17733 1 1092699 0.9130435 31.3322430010885
17734 1 1790955 0.9305556 29.996001976542175
17735 1 1530275 0.9076923 36.58558300230652
17736 1 861270 0.9830508 41.72912903595716
17737 1 1228897 0.921875 37.05031401477754
17738 1 1207058 0.89855075 33.26494595967233
17739 1 1573397 0.93650794 39.0597409568727
17740 1 1313183 0.9852941 29.27397598978132
17741 1 1617825 0.9076923 37.055397988297045
17742 1 1208768 0.90625 36.348660942167044
17743 1 1437868 0.9047619 41.450151009485126
17744 1 847663 0.93846154 36.52433108072728
17745 1 1516246 0.983871 36.830812925472856
17746 1 1000972 0.942029 33.12934294808656
17747 1 1013987 0.90909094 38.32223906647414
17748 1 1094235 0.953125 37.21390897408128
17749 1 1163316 0.984375 38.92989701125771
17750 1 1378320 0.9206349 44.614271027967334
17751 1 1797878 0.983871 40.73573800269514
17752 1 1980699 0.9047619 38.39569690171629
17753 1 1464682 0.91803277 39.90687197074294
17754 1 1406415 0.95522386 31.476026051677763
17755 1 1497285 0.921875 33.77013001590967
17756 1 1438219 0.9104478 37.4923039926216
17757 1 1021436 0.92537314 36.739884060807526
17758 1 982739 0.942029 29.72234901972115
17759 1 1190188 0.983871 36.48167592473328
17760 1 1476654 0.921875 33.97098707500845
17761 1 627904 0.93333334 40.38542904891074
17762 1 719469 0.89705884 33.35256304126233
17763 1 1112118 0.93846154 36.36244498193264
17764 1 1253839 0.9836066 40.29181192163378
17765 1 1652175 0.9206349 36.76413104403764
17766 1 1998249 0.9852941 33.58244302216917
17767 1 999545 0.921875 39.36996997799724
17768 1 1349551 0.9104478 34.72029103431851
17769 1 1560379 0.9411765 31.656894949264824
17770 1 1524891 0.9848485 34.65945599600673
17771 1 1859191 0.9104478 39.819971891120076
17772 1 1498996 0.91803277 41.87420301605016
17773 1 1125114 0.9264706 32.12316008284688
17774 1 1640984 0.9032258 38.459075964055955
17775 1 1208768 0.90625 35.44205310754478
17776 1 990151 0.9411765 33.39580993633717
17777 1 1526537 0.89855075 35.701963934116066
17778 1 1640984 0.91803277 40.97219300456345
17779 1 1133322 0.9166667 33.86181499809027
17780 1 1168287 0.9032258 41.56896204221994
17781 1 477212 0.9041096 32.081350102089345
17782 1 1170636 0.98571426 28.030385030433536
17783 1 1506750 0.91803277 38.147154031321406
17784 1 1038773 0.92424244 33.05758803617209
17785 1 1378320 0.9206349 39.15429103653878
17786 1 813146 0.92424244 36.92405601032078
17787 1 868241 0.92753625 32.037522993050516
17788 1 1049515 0.90625 37.85885602701455
17789 1 1194200 0.90625 35.476610995829105
17790 1 1499447 0.9047619 38.50297490134835
17791 1 1301763 0.96875 33.83504203520715
17792 1 1476654 0.921875 36.88578004948795
17793 1 1172606 0.9076923 37.369936937466264
17794 1 1606729 0.92424244 34.2779450584203
17795 1 537065 0.9848485 32.55139698740095
17796 1 1379006 0.9285714 30.089774052612484
17797 1 1091190 0.98333335 37.793610943481326
17798 1 700843 0.9166667 38.527088006958365
17799 1 978513 0.92424244 36.28887701779604
17800 1 1150878 0.9206349 39.00659701321274
17801 1 851012 0.9142857 35.20322509575635
17802 1 1059397 0.9852941 32.18180302064866
17803 1 642750 0.90909094 36.94494999945164
17804 1 1106531 0.90625 37.065112963318825
17805 1 1618582 0.9508197 38.220425019972026
17806 1 1180443 0.95238096 36.05037904344499
17807 1 2420906 0.921875 38.98078901693225
17808 1 1605181 0.92424244 33.430958981625736
17809 1 1224473 0.93846154 34.74170702975243
17810 1 1026179 0.9076923 38.200438022613525
17811 1 1632862 0.98507464 30.434907996095717
17812 1 1638985 0.90140843 32.09444903768599
17813 1 1401642 0.9285714 28.80224399268627
17814 1 1492017 0.90625 38.84151601232588
17815 1 1406415 0.95522386 35.320903989486396
17816 1 1254879 0.9672131 39.87024002708495
17817 1 1405530 0.921875 40.6797060277313
17818 1 1476654 0.921875 36.968883010558784
17819 1 700843 0.9166667 41.27242602407932
17820 1 1640984 0.9032258 39.04827497899532
17821 1 1589981 0.9230769 38.54021499864757
17822 1 1028781 0.91549295 33.20265398360789
17823 1 1575216 0.9117647 33.533258945681155
17824 1 1194228 0.9130435 31.805303995497525
17825 1 1310445 0.9166667 41.46077192854136
17826 1 1143007 0.9846154 33.80374005064368
17827 1 1153159 0.92424244 35.417575971223414
17828 1 1205330 0.943662 32.21024200320244
17829 1 1574028 0.91803277 41.29557905253023
17830 1 1789028 0.93846154 34.756644046865404
17831 1 1433325 0.90909094 35.0416109431535
17832 1 1512551 0.983871 36.98391397483647
17833 1 1441402 0.96825397 34.97278201393783
17834 1 1584642 0.91549295 28.542581014335155
17835 1 1053680 0.95652175 31.503161997534335
17836 1 1070989 0.95238096 39.58555404096842
17837 1 815286 0.92753625 36.09175200108439
17838 1 814694 0.93846154 35.9743710141629
17839 1 1464585 0.984375 33.69905101135373
17840 1 1799975 0.9076923 37.83951001241803
17841 1 1253839 0.9836066 36.436240072362125
17842 1 1061795 0.98550725 29.373373952694237
17843 1 56646 0.93939394 38.28170394990593
17844 1 1233022 0.9516129 40.17474292777479
17845 1 1464585 0.984375 34.128274070098996
17846 1 615693 0.9558824 31.347059994004667
17847 1 1228897 0.921875 33.52934098802507
17848 1 1072238 0.91549295 33.484608051367104
17849 1 625989 0.95652175 31.013344996608794
17850 1 868241 0.92753625 35.36209906451404
17851 1 1314390 0.90909094 39.87151908222586
17852 1 622337 0.89855075 34.67662096954882
17853 1 1484683 0.9375 34.546360024251044
17854 1 1061795 0.98550725 29.334137914702296
17855 1 1143007 0.9846154 34.214259940199554
17856 1 1554920 0.9130435 31.896310043521225
17857 1 1213899 0.9 29.912933940067887
17858 1 1497285 0.921875 36.57151595689356
17859 1 712980 0.9047619 40.77112197410315
17860 1 1516246 0.92424244 32.66291902400553
17861 1 1624869 0.984127 35.51724401768297
17862 1 1085630 0.92424244 33.21545198559761
17863 1 1395208 0.9848485 30.268914066255093
17864 1 1980699 0.9047619 36.67074197437614
17865 1 1355949 0.9848485 34.9422050639987
17866 1 856190 0.9206349 36.71348001807928
17867 1 1887886 0.9705882 32.36022195778787
17868 1 1378320 0.9206349 36.11618105787784
17869 1 1466217 0.92753625 30.837515951134264
17870 1 1623502 0.9230769 33.7897629942745
17871 1 1509914 0.9230769 34.622292034327984
17872 1 719469 0.92424244 36.011504009366035
17873 1 1086387 0.921875 40.52600695285946
17874 1 1194200 0.90625 38.3288930170238
17875 1 1015040 0.93939394 34.66541995294392
17876 1 1663860 0.90625 37.88258298300207
17877 1 1797878 0.983871 36.61684808321297
17878 1 1497285 0.921875 34.95412692427635
17879 1 888237 0.9848485 34.93548301048577
17880 1 1516246 0.983871 39.72194599919021
17881 1 821020 0.9047619 41.089928010478616
17882 1 1202945 0.9411765 31.682675005868077
17883 1 1258029 0.9677419 36.02733102161437
17884 1 1044002 0.984127 33.32105895970017
17885 1 1401642 0.9285714 28.38182298000902
17886 1 1038773 0.92424244 32.832462107762694
17887 1 1799975 0.9076923 41.86142305843532
17888 1 1406415 0.9 32.2524169459939
17889 1 1291299 0.91549295 29.337728046812117
17890 1 1608861 0.93846154 34.6188050461933
17891 1 837249 0.92957747 33.87595200911164
17892 1 1707401 0.98507464 31.24244906939566
17893 1 1464585 0.984375 33.517490956000984
17894 1 1110305 0.90909094 34.35262001585215
17895 1 1984582 0.91803277 46.24895192682743
17896 1 1531675 0.9142857 33.53866096585989
17897 1 1574512 0.9 33.165051019750535
17898 1 1616789 0.984127 36.49914497509599
17899 1 1567559 0.90909094 35.06098804064095
17900 1 1510646 0.984127 36.999005009420216
17901 1 1486139 0.9117647 35.188200999982655
17902 1 1530539 0.9230769 42.3864679178223
17903 1 1815302 0.983871 38.713435060344636
17904 1 1409192 0.95384616 36.68209596071392
17905 1 977001 0.90625 36.38977196533233
17906 1 1202945 0.95522386 31.50897496379912
17907 1 1524646 0.9142857 38.164513069204986
17908 1 584529 0.95238096 38.400891004130244
17909 1 868241 0.92753625 33.94705103710294
17910 1 367266 0.9166667 31.286817975342274
17911 1 1014127 0.9117647 31.354168080724776
17912 1 1973187 0.91549295 31.51907306164503
17913 1 1013987 0.90909094 36.290132091380656
17914 1 1158493 0.983871 36.44589998293668
17915 1 1174222 0.9836066 34.887089976109564
17916 1 1302331 0.9032258 39.54624407924712
17917 1 1532659 0.9402985 34.98344693798572
17918 1 664375 0.9206349 41.422361973673105
17919 1 56646 0.93939394 36.24958195723593
17920 1 1080177 0.9230769 40.09701602626592
17921 1 642464 0.93939394 35.332586034201086
17922 1 1079477 0.9130435 32.81109395902604
17923 1 1640984 0.91803277 39.581203018315136
17924 1 1560050 0.9117647 34.815407008863986
17925 1 1590533 0.9264706 35.38367908913642
17926 1 888308 0.984127 34.35277205426246
17927 1 1415770 0.92424244 34.2760409694165
17928 1 1355949 0.9848485 31.166561995632946
17929 1 1143623 0.9411765 29.184772982262075
17930 1 561598 0.9076923 37.27975802030414
17931 1 1042105 0.9130435 34.28559494204819
17932 1 1025440 0.91803277 38.78756100311875
17933 1 1516246 0.983871 38.69270102586597
17934 1 1377818 0.9402985 31.482395948842168
17935 1 1205330 0.943662 29.320152010768652
17936 1 1086748 0.91549295 31.163821928203106
17937 1 1791785 0.93939394 36.07143694534898
17938 1 578772 0.93442625 38.78276399336755
17939 1 1773470 0.9846154 35.169900045730174
17940 1 1532728 0.91803277 39.85065396409482
17941 1 1405530 0.921875 36.068980931304395
17942 1 1557832 0.9047619 37.73645602632314
17943 1 1608782 0.9 38.39573392178863
17944 1 1401799 0.9047619 36.397194024175406
17945 1 1428057 0.90625 38.149980013258755
17946 1 1530539 0.9230769 39.96014501899481
17947 1 1900292 0.91803277 41.370664024725556
17948 1 1316144 0.9836066 37.887396989390254
17949 1 1266005 0.9130435 32.990655046887696
17950 1 1445979 0.9032258 40.92203301843256
17951 1 1574028 0.91803277 38.67971303407103
17952 1 1697501 0.95384616 37.39264502655715
17953 1 1332745 0.9264706 33.53275789413601
17954 1 1503265 0.95238096 35.52275395486504
17955 1 1461674 0.90625 37.67077310476452
17956 1 1622692 0.9130435 32.484662951901555
17957 1 1056088 0.96825397 34.90973904263228
17958 1 1226073 0.9206349 37.268336047418416
17959 1 1438156 0.98333335 39.55584589857608
17960 1 1017764 0.98333335 40.28847406152636
17961 1 1617516 0.9166667 39.575424045324326
17962 1 1275495 0.90625 40.54147796705365
17963 1 1075596 0.90140843 31.240656040608883
17964 1 1186040 0.90909094 37.038492038846016
17965 1 1104395 0.984375 36.386268911883235
17966 1 1253839 0.9836066 39.97236501891166
17967 1 1524891 0.9848485 33.34774810355157
17968 1 1519361 0.89855075 37.127115996554494
17969 1 1180307 0.9076923 39.87594600766897
17970 1 891710 0.9130435 35.434699966572225
17971 1 1133826 0.98507464 33.10752904508263
17972 1 1454207 0.9104478 38.7947850394994
17973 1 1259340 0.983871 40.500725037418306
17974 1 1519452 0.9 36.52164398226887
17975 1 1039582 0.89855075 35.63813597429544
17976 1 1143598 0.98507464 31.56018804293126
17977 1 939828 0.984127 36.15437401458621
17978 1 1296286 0.9032258 40.46029003802687
17979 1 1549022 0.921875 36.433644010685384
17980 1 1629573 0.921875 40.44327000156045
17981 1 739498 0.90625 39.661815972067416
17982 1 1403122 0.9264706 35.90498794801533
17983 1 1555763 0.9836066 40.24071095045656
17984 1 1574805 0.984127 34.761385060846806
17985 1 1480577 0.9166667 29.864869080483913
17986 1 1112013 0.984375 33.6863660486415
17987 1 1652175 0.9206349 36.5492959972471
17988 1 1291767 0.9692308 36.657790071330965
17989 1 1571731 0.983871 35.3023330681026
17990 1 1302962 0.92424244 33.456696080975235
17991 1 1151117 0.91549295 29.94429401587695
17992 1 1336583 0.90163934 37.65369695611298
17993 1 1152346 0.9677419 41.01470101159066
17994 1 1272751 0.921875 37.0795609196648
17995 1 1605181 0.9104478 34.868192044086754
17996 1 1563804 0.983871 35.2465360192582
17997 1 1471360 0.9836066 36.76988300867379
17998 1 1481658 0.90909094 39.37856701668352
17999 1 1557832 0.9047619 37.54661011043936
18000 1 1228897 0.921875 34.09719793125987
18001 1 796571 0.90625 40.24124797433615
18002 1 664375 0.9206349 41.22297989670187
18003 1 1948980 0.9142857 31.591324019245803
18004 1 1444271 0.9104478 39.08603196032345
18005 1 1377818 0.9402985 30.383849050849676
18006 1 1652175 0.90625 34.46198103483766
18007 1 1377818 0.9402985 31.75959608051926
18008 1 1266939 0.9104478 35.014800960198045
18009 1 1141196 0.93442625 40.816663997247815
18010 1 1138047 0.92537314 36.94663103669882
18011 1 385688 0.9076923 35.959494998678565
18012 1 1475200 0.92424244 33.4421779261902
18013 1 1301248 0.9117647 34.8898998927325
18014 1 1425262 0.984127 35.26494500692934
18015 1 1573397 0.93650794 39.060126058757305
18016 1 1128525 0.9206349 43.05041104089469
18017 1 1621399 0.98333335 43.01582195330411
18018 1 1121066 0.9402985 36.19350492954254
18019 1 1608861 0.9104478 37.26105799432844
18020 1 1415797 0.98333335 40.86570010986179
18021 1 837249 0.92957747 33.926680916920304
18022 1 1487974 0.90909094 40.45656195376068
18023 1 870579 0.93650794 42.54203906748444
18024 1 1189668 0.921875 37.20115392934531
18025 1 1409619 0.9375 38.03043405059725
18026 1 1224442 0.9130435 32.238682033494115
18027 1 1563804 0.983871 38.10230700764805
18028 1 1226073 0.9206349 46.65726004168391
18029 1 1798051 0.9130435 41.107740020379424
18030 1 1247323 0.93650794 41.25143098644912
18031 1 1664254 0.9264706 32.62636798899621
18032 1 1005183 0.9444444 30.0680180080235
18033 1 824132 0.9411765 31.582341995090246
18034 1 625839 0.98333335 37.907324032858014
18035 1 1293154 0.9206349 39.633614011108875
18036 1 1476562 0.9230769 43.72030997183174
18037 1 1638567 0.9076923 38.7155229691416
18038 1 1666796 0.942029 32.48543001245707
18039 1 1044741 0.93939394 33.54696405585855
18040 1 1389205 0.9047619 36.52580501511693
18041 1 1516246 0.983871 35.50172899849713
18042 1 2095822 0.9852941 33.27135695144534
18043 1 939828 0.984127 38.0732110934332
18044 1 627904 0.93333334 39.951376034878194
18045 1 1071565 0.9104478 32.24855801090598
18046 1 1574805 0.984127 34.95630098041147
18047 1 1436704 0.9846154 34.26175599452108
18048 1 1109426 0.90625 37.644529016688466
18049 1 1409192 0.95384616 36.73209005501121
18050 1 1008866 0.9047619 41.39690799638629
18051 1 1244621 0.9032258 40.97738000564277
18052 1 1545145 0.92537314 31.850117025896907
18053 1 1044002 0.984127 34.054448013193905
18054 1 1454207 0.9104478 32.28584898170084
18055 1 1815302 0.983871 36.41650592908263
18056 1 635779 0.9142857 33.7738529779017
18057 1 1454588 0.969697 35.30274797230959
18058 1 1153876 0.9142857 31.925983959808946
18059 1 1044396 0.9206349 37.40400297101587
18060 1 1273666 0.9117647 34.374829032458365
18061 1 1630967 0.93846154 33.85231003630906
18062 1 1301841 0.90625 37.49660507310182
18063 1 1154854 0.9041096 34.13194802124053
18064 1 981669 0.93442625 41.43703810404986
18065 1 1143007 0.9846154 36.50769707746804
18066 1 469575 0.984375 33.20676903240383
18067 1 1611816 0.91935486 37.29858703445643
18068 1 1081835 0.90625 37.40777599159628
18069 1 1013881 0.9047619 36.789590027183294
18070 1 1524891 0.9848485 34.374729031696916
18071 1 1591978 0.90625 41.39743302948773
18072 1 1470331 0.9375 37.65351907350123
18073 1 1633318 0.92537314 33.721255022101104
18074 1 1355949 0.9848485 32.056224066764116
18075 1 1411695 0.9142857 31.065152026712894
18076 1 1749694 0.9846154 33.770842012017965
18077 1 745931 0.942029 34.617347992025316
18078 1 1162761 0.9230769 37.17973397579044
18079 1 1474806 0.90625 37.32730099000037
18080 1 1773470 0.9846154 33.6965040769428
18081 1 1406415 0.95522386 31.05025307741016
18082 1 1950423 0.9104478 34.783981973305345
18083 1 1193152 0.90625 36.60110093187541
18084 1 1652175 0.90625 34.08929705619812
18085 1 1029182 0.9047619 41.11435997765511
18086 1 1169972 0.9130435 33.73052191454917
18087 1 1022780 0.9032258 41.79504292551428
18088 1 1438479 0.90789473 25.437682983465493
18089 1 2095594 0.9875 18.003299017436802
18090 1 1417263 0.9861111 27.911982033401728
18091 1 1779179 0.987013 20.15306707471609
18092 1 1015703 0.9868421 21.602909895591438
18093 1 804558 0.9066667 29.655053047463298
18094 1 1442264 0.9 21.74620097503066
18095 1 626153 0.9027778 27.573816012591124
18096 1 1015703 0.9868421 21.972796064801514
18097 1 638120 0.90909094 23.391144000925124
18098 1 889800 0.9866667 23.06408795993775
18099 1 1966885 0.9864865 22.203893051482737
18100 1 2095594 0.9875 16.93253801204264
18101 1 1118857 0.9589041 26.458462001755834
18102 1 473015 0.9859155 28.052630950696766
18103 1 1623239 0.9066667 26.930868974886835
18104 1 863466 0.9166667 31.189983943477273
18105 1 1233381 0.9066667 24.038905976340175
18106 1 1970650 0.9868421 22.43360597640276
18107 1 1110544 0.9350649 21.472573978826404
18108 1 1268023 0.91780823 29.35542503837496
18109 1 1492904 0.9189189 29.32186797261238
18110 1 1438479 0.90789473 24.014458991587162
18111 1 889800 0.9866667 25.14441905077547
18112 1 1015703 0.9868421 22.966774995438755
18113 1 1467735 0.9577465 30.042690108530223
18114 1 1390407 0.9859155 29.735510936006904
18115 1 1086388 0.9305556 29.224894009530544
18116 1 1101338 0.902439 18.4858680004254
18117 1 2095594 0.9875 18.445097957737744
18118 1 1966885 0.9864865 23.318356019444764
18119 1 1410266 0.9054054 31.38793702237308
18120 1 1001706 0.94520545 25.380944018252194
18121 1 1110544 0.92105263 23.37359101511538
18122 1 161689 0.91780823 28.12441298738122
18123 1 1387734 0.92 25.992762995883822
18124 1 1143800 0.9746835 20.38861601613462
18125 1 2095594 0.9875 18.38066300842911
18126 1 1970650 0.9868421 23.31102592870593
18127 1 1779179 0.987013 21.381674916483462
18128 1 1075596 0.91549295 31.180409947410226
18129 1 2289232 0.91549295 30.529521056450903
18130 1 1442264 0.9 20.230812020599842
18131 1 1970650 0.9868421 20.833236048929393
18132 1 1410266 0.9054054 27.743107988499105
18133 1 1154854 0.9324324 24.135900079272687
18134 1 1118617 0.90123457 22.287255967967212
18135 1 981129 0.91780823 35.49710102379322
18136 1 473015 0.9859155 28.95314304623753
18137 1 621009 0.9859155 27.209509047679603
18138 1 1087335 0.9066667 23.877647938206792
18139 1 199485 0.9166667 35.20037198904902
18140 1 667872 0.93421054 22.641442948952317
18141 1 889800 0.9866667 23.855624021962285
18142 1 667872 0.93421054 23.13341200351715
18143 1 1438479 0.90789473 22.832955000922084
18144 1 1193654 0.9054054 26.472965953871608
18145 1 473015 0.9859155 30.186016927473247
18146 1 1015703 0.9868421 22.899682982824743
18147 1 1144258 0.92105263 23.10738095548004
18148 1 1596438 0.9358974 19.72370606381446
18149 1 315483 0.92 21.36209001764655
18150 1 1754419 0.9240506 21.85890299733728
18151 1 1010562 0.8974359 25.088599999435246
18152 1 1001706 0.9583333 26.902329991571605
18153 1 1966885 0.9864865 27.171827969141304
18154 1 1417263 0.9861111 28.710912098176777
18155 1 1010562 0.8974359 26.046199025586247
18156 1 1438479 0.93421054 26.15399402566254
18157 1 1070315 0.9324324 24.020174983888865
18158 1 1001706 0.9583333 26.53738099616021
18159 1 2095594 0.9875 17.252644058316946
18160 1 1417263 0.9861111 26.273315073922276
18161 1 1966885 0.9864865 32.67028299160302
18162 1 2095594 0.9875 16.775327967479825
18163 1 473015 0.9859155 27.106191962957382
18164 1 1061249 0.92105263 25.35564999561757
18165 1 1623239 0.9066667 28.487928910180926
18166 1 187162 0.90789473 26.740283938124776
18167 1 821172 0.90909094 21.867783972993493
18168 1 1966885 0.9864865 24.196245009079576
18169 1 2465803 0.9268293 18.898288952186704
18170 1 1110544 0.9350649 23.578830063343048
18171 1 864938 0.90789473 28.605397092178464
18172 1 887549 0.9861111 30.430261977016926
18173 1 1520662 0.9102564 24.14313203189522
18174 1 928655 0.8947368 32.1937610860914
18175 1 666759 0.9142857 32.91698999237269
18176 1 981129 0.91780823 34.53421103768051
18177 1 1438479 0.93421054 23.61064706929028
18178 1 262871 0.9166667 30.467662028968334
18179 1 1970650 0.9868421 23.196220980025828
18180 1 1110544 0.9350649 21.707503008656204
18181 1 889800 0.9866667 23.737007984891534
18182 1 981129 0.91780823 32.2932880371809
18183 1 815406 0.90123457 22.40653696935624
18184 1 1177191 0.91780823 31.58408694434911
18185 1 1779179 0.987013 24.461111985147
18186 1 1253988 0.9027778 34.2202780302614
18187 1 1070315 0.9324324 26.998480083420873
18188 1 889800 0.9866667 26.1177719803527
18189 1 1042415 0.9722222 28.832608950324357
18190 1 1010562 0.8974359 25.180422933772206
18191 1 1288432 0.9726027 23.0803859885782
18192 1 1288432 0.9315069 27.652401011437178
18193 1 973296 0.9350649 22.703972994349897
18194 1 2095594 0.9875 17.97399704810232
18195 1 2095594 0.9875 17.350167967379093
18196 1 1966885 0.9864865 23.17038201726973
18197 1 1060723 0.94666666 21.301102940924466
18198 1 187162 0.90789473 24.41076294053346
18199 1 1001706 0.9583333 25.766717037186027
18200 1 1085245 0.9315069 23.762476979754865
18201 1 1966885 0.9864865 21.910162991844118
18202 1 815406 0.9358974 22.769581992179155
18203 1 1015703 0.9868421 21.276719984598458
18204 1 1087335 0.9444444 26.861788937821984
18205 1 1238441 0.9866667 25.036895065568388
18206 1 1966885 0.9864865 24.133799015544355
18207 1 1087335 0.9444444 28.414734988473356
18208 1 2095594 0.9875 18.286408972926438
18209 1 1520662 0.92105263 23.32031901460141
18210 1 2095594 0.9875 17.338874051347375
18211 1 981129 0.91780823 30.10086005087942
18212 1 1238441 0.9866667 22.55986607633531
18213 1 1634824 0.9230769 23.516799905337393
18214 1 1205330 0.97183096 28.532590018585324
18215 1 1966885 0.9864865 23.12337001785636
18216 1 887549 0.9861111 26.859752950258553
18217 1 1453131 0.90909094 24.132405989803374
18218 1 1010562 0.8974359 24.26347800064832
18219 1 1070315 0.9324324 24.005537969060242
18220 1 1442264 0.9 20.469130016863346
18221 1 981129 0.91780823 29.780247947201133
18222 1 1268023 0.91780823 27.930877055041492
18223 1 889800 0.9866667 22.967103985138237
18224 1 863466 0.9166667 28.53645198047161
18225 1 269935 0.9041096 28.13799900468439
18226 1 1966885 0.9864865 22.17811904847622
18227 1 1438479 0.90789473 24.529058020561934
18228 1 1544082 0.94520545 28.956925962120295
18229 1 928655 0.8947368 28.411526000127196
18230 1 1966885 0.9864865 23.19237298797816
18231 1 1238441 0.9866667 22.950335056521
18232 1 1288432 0.9315069 28.359431074932218
18233 1 1075596 0.9027778 28.593353927135468
18234 1 1238441 0.9866667 22.061644005589187
18235 1 1438479 0.93421054 21.371469018049538
18236 1 1438479 0.93421054 21.714381990022957
18237 1 1288432 0.9315069 30.833133962005377
18238 1 2465803 0.9268293 18.57196493074298
18239 1 1070315 0.9324324 24.636988062411547
18240 1 1439660 0.9350649 21.268489072099328
18241 1 502781 0.91358024 21.57348406035453
18242 1 10705 0.9102564 20.16385900788009
18243 1 1140585 0.9480519 22.96347706578672
18244 1 1346317 0.96103895 19.967284984886646
18245 1 827074 0.9220779 23.39284506160766
18246 1 1085245 0.9315069 24.293483002111316
18247 1 1438479 0.90789473 22.365462966263294
18248 1 1439660 0.9350649 19.905346911400557
18249 1 666759 0.9142857 28.654966969043016
18250 1 981129 0.91780823 32.205584924668074
18251 1 1001706 0.94520545 26.498570921830833
18252 1 1238441 0.9866667 24.11818492691964
18253 1 1015703 0.9868421 21.582357003353536
18254 1 1439660 0.9350649 19.97421495616436
18255 1 1438479 0.90789473 23.30122806597501
18256 1 2465803 0.9268293 16.765328007750213
18257 1 2095594 0.9875 17.20879308413714
18258 1 1438479 0.93421054 21.193564985878766
18259 1 1110544 0.9350649 19.68857506290078
18260 1 1100710 0.9864865 22.802012972533703
18261 1 269935 0.9041096 29.3307340471074
18262 1 1015703 0.9868421 22.97563198953867
18263 1 938694 0.9125 22.2839250927791
18264 1 984687 0.92105263 24.815106997266412
18265 1 1001706 0.9583333 26.647562044672668
18266 1 1346317 0.96103895 20.06902708671987
18267 1 1070315 0.9324324 22.842162987217307
18268 1 1966885 0.9864865 22.960095084272325
18269 1 1966885 0.9864865 23.439659038558602
18270 1 262871 0.9166667 28.140751062892377
18271 1 1028781 0.9444444 27.736793039366603
18272 1 1118857 0.9861111 29.99600803013891
18273 1 473015 0.9859155 29.71256000455469
18274 1 1015703 0.9868421 23.189628962427378
18275 1 1438479 0.90789473 23.668059962801635
18276 1 1062579 0.9166667 28.625406906940043
18277 1 863466 0.9166667 28.76916597597301
18278 1 1001706 0.94520545 25.093929027207196
18279 1 889800 0.9866667 23.134368006139994
18280 1 1438479 0.93421054 21.88710100017488
18281 1 621009 0.9859155 27.059916988946497
18282 1 1038904 0.92105263 27.05593395512551
18283 1 1001706 0.94520545 26.12430101726204
18284 1 1163968 0.9220779 26.15879592485726
18285 1 1001706 0.9583333 26.706325937993824
18286 1 1015703 0.9868421 21.633959957398474
18287 1 1520662 0.9102564 20.283157005906105
18288 1 262871 0.9166667 28.16362597513944
18289 1 1288432 0.9726027 23.59140000771731
18290 1 1846898 0.9230769 21.981329075060785
18291 1 1102573 0.9558824 31.789007945917547
18292 1 1439660 0.9350649 22.93266204651445
18293 1 1085245 0.9315069 26.204258087091148
18294 1 1438479 0.90789473 24.010302033275366
18295 1 820435 0.9324324 24.77711602114141
18296 1 1102899 0.95714283 31.386328977532685
18297 1 973296 0.9350649 22.436690982431173
18298 1 2470926 0.8974359 20.931795006617904
18299 1 2095594 0.9875 17.37998193129897
18300 1 1193654 0.9054054 25.132013950496912
18301 1 1118617 0.90123457 20.315665053203702
18302 1 1622805 0.943662 33.111780998297036
18303 1 1085245 0.9315069 27.578272973187268
18304 1 2095594 0.9875 18.33869400434196
18305 1 2095594 0.9875 18.439549021422863
18306 1 1087335 0.9315069 25.549881043843925
18307 1 1001706 0.9583333 27.52322389278561
18308 1 1754419 0.9240506 21.868035895749927
18309 1 1110544 0.92105263 22.83494791481644
18310 1 2465803 0.9268293 16.777248005382717
18311 1 999929 0.9594595 25.99302097223699
18312 1 175966 0.9 20.199300022795796
18313 1 1410266 0.9054054 28.701051021926105
18314 1 820435 0.9324324 26.61788195837289
18315 1 1010562 0.8974359 25.10634600184858
18316 1 1438479 0.93421054 23.25419196859002
18317 1 1439660 0.9350649 21.272363956086338
18318 1 1238441 0.9866667 23.3584379311651
18319 1 981129 0.91780823 31.355855986475945
18320 1 543642 0.9864865 24.513578042387962
18321 1 1970650 0.9868421 23.128989967517555
18322 1 1417263 0.9861111 28.55767705477774
18323 1 1623239 0.9066667 30.11756401974708
18324 1 1520662 0.92105263 24.38561397138983
18325 1 682562 0.9041096 27.28504897095263
18326 1 187162 0.90789473 25.676911929622293
18327 1 1453131 0.90909094 22.089862963184714
18328 1 1288432 0.9315069 28.147295932285488
18329 1 1015703 0.9868421 21.630503935739398
18330 1 999929 0.9594595 26.70946402940899
18331 1 1070315 0.9324324 24.694068008102477
18332 1 1779179 0.987013 20.028750994242728
18333 1 1163968 0.9220779 23.700359044596553
18334 1 1417263 0.9861111 28.080577962100506
18335 1 1669314 0.9189189 30.44741100165993
18336 1 1573267 0.92105263 24.434193968772888
18337 1 473015 0.9859155 27.969246031716466
18338 1 1031501 0.8974359 23.744756006635725
18339 1 1075596 0.9027778 28.825055924244225
18340 1 1779179 0.987013 19.945048028603196
18341 1 1086388 0.9305556 28.410535072907805
18342 1 1163968 0.9220779 23.6059749731794
18343 1 1610672 0.9859155 28.150590951554477
18344 1 981129 0.91780823 32.26260398514569
18345 1 938694 0.9125 23.53033795952797
18346 1 269935 0.9041096 29.770812019705772
18347 1 1970650 0.9868421 21.792589919641614
18348 1 1144258 0.92105263 23.496631998568773
18349 1 1779179 0.987013 19.906502100639045
18350 1 1606760 0.98571426 27.61525905225426
18351 1 1118388 0.9390244 19.97218106407672
18352 1 1417263 0.9861111 26.248111971653998
18353 1 1238441 0.9866667 23.698367993347347
18354 1 1143800 0.9375 21.86427905689925
18355 1 574538 0.91780823 29.532060027122498
18356 1 1100710 0.96 24.333824985660613
18357 1 1573267 0.92105263 23.59082200564444
18358 1 1118617 0.90123457 20.86470404174179
18359 1 1121433 0.9459459 28.72659801505506
18360 1 1001706 0.94520545 27.28689997456968
18361 1 821172 0.90909094 21.91690297331661
18362 1 928655 0.8947368 27.034711092710495
18363 1 1610672 0.9859155 30.31046304386109
18364 1 1966885 0.9864865 25.460987933911383
18365 1 1001706 0.94520545 28.764104936271906
18366 1 269935 0.9041096 31.437772908248007
18367 1 10705 0.9102564 20.61656501609832
18368 1 1238441 0.9866667 23.13621703069657
18369 1 1061249 0.92105263 24.952254025265574
18370 1 1092319 0.91780823 26.712183956988156
18371 1 1061249 0.92105263 24.78644298389554
18372 1 1779179 0.987013 19.76762292906642
18373 1 1622805 0.943662 28.466679039411247
18374 1 1387734 0.92 27.20863395370543
18375 1 1630386 0.93333334 24.543192936107516
18376 1 1966885 0.9864865 25.071911979466677
18377 1 1439660 0.9350649 20.33898001536727
18378 1 1061249 0.92105263 25.62379208393395
18379 1 473015 0.9859155 28.29237503465265
18380 1 1001706 0.9583333 26.417749002575874
18381 1 889800 0.9866667 23.040391970425844
18382 1 1456833 0.91780823 26.23003802727908
18383 1 1015703 0.9868421 22.643444943241775
18384 1 1181933 0.9102564 25.172333931550384
18385 1 1238441 0.9866667 24.808660964481533
18386 1 1092319 0.91780823 27.14058803394437
18387 1 1163968 0.9220779 24.092007079161704
18388 1 863466 0.9166667 29.091037926264107
18389 1 928655 0.8947368 27.038734988309443
18390 1 1001706 0.94520545 25.220415089279413
18391 1 667872 0.93421054 23.411737056449056
18392 1 887549 0.9861111 26.401475071907043
18393 1 1463169 0.9315069 28.603419079445302
18394 1 574538 0.91780823 31.898268964141607
18395 1 1085245 0.9315069 27.77708205394447
18396 1 1463846 0.92105263 25.135135976597667
18397 1 1669314 0.9594595 23.922624066472054
18398 1 1070315 0.9324324 23.45274097751826
18399 1 1467735 0.9714286 27.97733701299876
18400 1 1085245 0.9315069 24.926743004471064
18401 1 1238441 0.9866667 23.433886002749205
18402 1 1001706 0.94520545 25.145814986899495
18403 1 262871 0.9166667 28.434286010451615
18404 1 1390407 0.9859155 28.921684017404914
18405 1 1544082 0.94520545 28.769203927367926
18406 1 1177191 0.91780823 30.390860978513956
18407 1 1442264 0.9 20.95038804691285
18408 1 1520662 0.9350649 20.467716036364436
18409 1 1085245 0.9315069 25.04378999583423
18410 1 667872 0.93421054 23.473515990190208
18411 1 1238441 0.9866667 23.091066046617925
18412 1 2095594 0.9875 17.381157958880067
18413 1 1623239 0.9066667 27.027764008380473
18414 1 889800 0.9866667 23.21892895270139
18415 1 1019584 0.94520545 24.836450000293553
18416 1 1779179 0.987013 21.469219005666673
18417 1 2095594 0.9875 18.614233005791903
18418 1 1118617 0.90123457 21.421964978799224
18419 1 1410266 0.9054054 28.71569595299661
18420 1 1520662 0.9350649 21.048454917035997
18421 1 2465803 0.9268293 17.53213198389858
18422 1 1015703 0.9868421 22.48556399717927
18423 1 821172 0.90909094 21.159183932468295
18424 1 1288432 0.9726027 22.736263112165034
18425 1 1050932 0.91780823 27.153325034305453
18426 1 1633107 0.9305556 32.199028064496815
18427 1 10705 0.9102564 21.87948999926448
18428 1 1073693 0.9324324 26.47094801068306
18429 1 1085245 0.9315069 25.432247086428106
18430 1 187162 0.90789473 24.923750082962215
18431 1 1970650 0.9868421 21.594022982753813
18432 1 1439660 0.9350649 19.428667961619794
18433 1 1042415 0.9589041 24.637131951749325
18434 1 1116778 0.96 23.109194007702172
18435 1 1190959 0.9444444 23.74707395210862
18436 1 1966885 0.9864865 23.174764937721193
18437 1 1970650 0.9868421 25.28630499728024
18438 1 973296 1.0 24.586401996202767
18439 1 1453131 0.90909094 23.477574926801026
18440 1 1970650 0.9868421 22.23994897212833
18441 1 1118617 0.9 21.891069947741926
18442 1 1001706 0.9583333 26.680647977627814
18443 1 1779179 0.987013 20.117955980822444
18444 1 1238441 0.9866667 23.07377092074603
18445 1 1606760 0.98571426 27.599430992268026
18446 1 1118617 0.9 22.19749696087092
18447 1 1966885 0.9864865 23.22723693214357
18448 1 1456833 0.91780823 28.961288975551724
18449 1 10705 0.9102564 21.283850073814392
18450 1 1116778 0.96 24.199917097575963
18451 1 315483 0.92 22.091867052949965
18452 1 1966885 0.9864865 23.189417086541653
18453 1 1520662 0.92105263 23.454805021174252
18454 1 1205330 0.97183096 28.307024971581995
18455 1 2095594 0.9875 17.650117981247604
18456 1 1102899 0.95714283 28.18130806554109
18457 1 1288432 0.9726027 22.944682044908404
18458 1 1070315 0.9324324 38.27729495242238
18459 1 1453131 0.90909094 23.246624041348696
18460 1 981129 0.91780823 31.90336306579411
18461 1 1633107 0.9305556 30.08505201432854
18462 1 2465803 0.9268293 17.73417799267918
18463 1 1015703 0.9868421 21.43722993787378
18464 1 1010562 0.8974359 23.07368500623852
18465 1 1520662 0.92105263 23.138690972700715
18466 1 1438479 0.93421054 21.4453989174217
18467 1 1439660 0.9350649 20.349915022961795
18468 1 2465803 0.9268293 19.25991103053093
18469 1 844967 0.9589041 26.469214004464447
18470 1 1484656 0.9876543 18.58125301077962
18471 1 833111 0.9 15.010240953415632
18472 1 1484656 0.9876543 18.694970989599824
18473 1 1484656 0.9876543 18.050879007205367
18474 1 240008 0.9166667 16.351444995962083
18475 1 1118388 0.90588236 17.78369105886668
18476 1 1484656 0.9876543 17.22346805036068
18477 1 240008 0.9166667 16.310001024976373
18478 1 240008 0.9166667 16.220582998357713
18479 1 1484656 0.9876543 17.445760080590844
18480 1 240008 0.9166667 16.31017995532602
18481 1 240008 0.9166667 16.326889977790415
18482 1 1896026 0.89772725 16.577713075093925
18483 1 1183528 0.91566265 18.88103410601616
18484 1 1484656 0.9876543 19.58074199501425
18485 1 240008 0.9166667 18.118062987923622
18486 1 240008 0.9166667 17.189271980896592
18487 1 1484656 0.9876543 17.955034971237183
18488 1 1484656 0.9876543 18.647140939719975
18489 1 240008 0.9166667 16.766821034252644
18490 1 240008 0.9166667 16.8684059754014
18491 1 418766 0.9052632 11.02128392085433
18492 1 557255 0.9032258 10.259083006531
18493 1 575956 0.9148936 9.594164090231061
18494 1 2472578 0.90625 9.3698650598526
18495 1 418766 0.9052632 8.658390026539564
18496 1 418766 0.9052632 8.654323988594115
18497 1 557255 0.9032258 10.085600079037249
18498 1 1771741 0.98876405 10.799481999129057
18499 1 418766 0.9052632 10.002598981373012
18500 1 418766 0.9052632 9.86717501655221
18501 1 557255 0.9032258 11.269692913629115
18502 1 418766 0.9052632 9.022223064675927
18503 1 1771741 0.98876405 11.479434091597795
18504 1 418766 0.9052632 9.418211062438786
18505 1 557255 0.9032258 12.077338993549347
18506 1 418766 0.9052632 9.105080040171742
18507 1 418766 0.9052632 9.049170999787748
18508 1 418766 0.9052632 9.16778901591897
18509 1 9447 1.0 1.1587649350985885
18510 1 1403500 1.0 0.9618869516998529
18511 1 23561 1.0 2.818056964315474
18512 1 1839839 1.0 2.8140359790995717
18513 1 1960763 1.0 0.9679420618340373
18514 1 1826891 1.0 1.512437011115253
18515 1 350377 1.0 1.6076730098575354
18516 1 12413 1.0 1.6692460048943758
18517 1 1999132 1.0 1.6367570497095585
18518 1 149779 1.0 1.6256059752777219
18519 1 2117248 1.0 1.7378359334543347
18520 1 1065253 1.0 1.587900915183127
18521 1 316706 1.0 1.719180028885603
18522 1 1963814 1.0 0.8515039226040244
18523 1 1968450 1.0 0.8573479717597365
18524 1 105137 1.0 0.8547980105504394
18525 1 976318 1.0 0.9852349758148193
18526 1 1421215 1.0 0.9230480063706636
18527 1 21484 1.0 0.9481719462200999
18528 1 104110 1.0 0.9221329819411039
18529 1 1424613 1.0 0.8755900198593736
18530 1 852487 1.0 0.8426939602941275
18531 1 278570 1.0 0.8717109449207783
18532 1 1963205 1.0 0.9882590966299176
18533 1 144178 1.0 0.9376030648127198
18534 1 12955 1.0 0.9245930705219507
18535 1 471804 1.0 0.9154889266937971
18536 1 150618 1.0 0.9293199982494116
18537 1 130506 1.0 0.9239818900823593
18538 1 296940 1.0 0.8820459479466081
18539 1 11537 1.0 1.078817993402481
18540 1 1795410 1.0 1.0094849858433008
18541 1 288050 1.0 0.9482280584052205
18542 1 1799538 1.0 0.9119990281760693
18543 1 168871 1.0 1.5730049926787615
18544 1 501119 1.0 1.5646519605070353
18545 1 1962065 1.0 1.553202047944069
18546 1 1962876 1.0 1.634888001717627
18547 1 102982 1.0 1.5413350192829967
18548 1 1778868 1.0 1.5647719847038388
18549 1 1963152 1.0 1.6128589631989598
18550 1 360985 1.0 1.637210021726787
18551 1 25879 1.0 1.6626419965177774
18552 1 10963 1.0 1.5413770452141762
18553 1 148326 1.0 1.5393230132758617
18554 1 439256 1.0 1.6326019540429115
18555 1 475886 1.0 0.9540619794279337
18556 1 150828 1.0 0.8850019657984376
18557 1 180091 1.0 0.8787279948592186
18558 1 505552 1.0 0.8951240452006459
18559 1 40108 1.0 0.8673600386828184
18560 1 426265 1.0 0.891040894202888
18561 1 395769 1.0 0.8605680195614696
18562 1 1968194 1.0 0.8285869844257832
18563 1 103776 1.0 0.8668859954923391
18564 1 5936 1.0 0.8320980705320835
18565 1 1780695 1.0 0.8860370144248009
18566 1 40845 1.0 0.9427209151908755
18567 1 984250 1.0 0.9519748855382204
18568 1 1962802 1.0 0.8747510146349669
18569 1 1425522 1.0 0.949010020121932
18570 1 468302 1.0 0.9373570792376995
18571 1 144178 1.0 1.1510939802974463
18572 1 1967575 1.0 0.8569940691813827
18573 1 350377 1.0 0.8754020091146231
18574 1 39105 1.0 1.4663859037682414
18575 1 857223 1.0 1.4459519879892468
18576 1 453362 1.0 1.47877202834934
18577 1 5877 1.0 0.906412024050951
18578 1 1415976 1.0 0.8634170517325401
18579 1 277194 1.0 0.8422370301559567
18580 1 444630 1.0 0.8742110803723335
18581 1 1966196 1.0 0.8869259618222713
18582 1 328760 1.0 0.919974991120398
18583 1 455617 1.0 0.8969319751486182
18584 1 26106 1.0 0.9241920197382569
18585 1 426265 1.0 0.9174509905278683
18586 1 1299676 1.0 0.9687220444902778
18587 1 977232 1.0 0.9366909507662058
18588 1 2001476 1.0 1.8046050099655986
18589 1 62288 1.0 2.824363997206092
18590 1 505552 1.0 1.9617429934442043
18591 1 975224 1.0 1.1664970079436898
18592 1 26666 1.0 0.9909799555316567
18593 1 1510226 1.0 0.863037072122097
18594 1 28605 1.0 0.8685729699209332
18595 1 447002 1.0 0.8903200505301356
18596 1 62091 1.0 0.93869399279356
18597 1 1969537 1.0 1.0283180745318532
18598 1 471804 1.0 0.947657972574234
18599 1 560546 1.0 0.8991860086098313
18600 1 280901 1.0 0.8586610201746225
18601 1 104110 1.0 0.8996849646791816
18602 1 366988 1.0 0.9093109983950853
18603 1 95776 1.0 0.8644349873065948
18604 1 1147966 1.0 1.2994629796594381
18605 1 377295 1.0 1.0410469258204103
18606 1 149535 1.0 1.1286810040473938
18607 1 975409 1.0 0.9726479183882475
18608 1 299146 1.0 1.0787039063870907
18609 1 1968194 1.0 0.9357869857922196
18610 1 1795410 1.0 1.1031120084226131
18611 1 348324 1.0 1.0889290133491158
18612 1 1968450 1.0 0.9453030070289969
18613 1 15575 1.0 1.1328160762786865
18614 1 1425522 1.0 1.7161129508167505
18615 1 976455 1.0 1.0411100229248405
18616 1 349755 1.0 0.8767819963395596
18617 1 1967357 1.0 0.9620449272915721
18618 1 940041 1.0 1.4044609852135181
18619 1 1040850 1.0 1.950099947862327
18620 1 1906971 1.0 1.8715760670602322
18621 1 2005776 1.0 0.9740240639075637
18622 1 1729270 1.0 1.1373389279469848
18623 1 1965528 1.0 1.10621505882591
18624 1 1966288 1.0 3.0807940056547523
18625 1 12652 1.0 1.6837370349094272
18626 1 1486197 1.0 1.6216859221458435
18627 1 329273 1.0 1.5954159898683429
18628 1 1963547 1.0 1.6038489993661642
18629 1 600741 1.0 1.5812789788469672
18630 1 1966893 1.0 1.6662749694660306
18631 1 471804 1.0 1.635111984796822
18632 1 934715 1.0 1.607410958968103
18633 1 12443 1.0 1.6502629732713103
18634 1 2117237 1.0 1.621281960979104
18635 1 1968194 1.0 1.61292206030339
18636 1 15575 1.0 1.7354730516672134
18637 1 92539 1.0 1.6004130011424422
18638 1 1111428 1.0 1.5961260069161654
18639 1 1887200 1.0 1.2243459932506084
18640 1 512635 1.0 1.1969469487667084
18641 1 256566 1.0 0.9999510366469622
18642 1 1969144 1.0 0.9159629698842764
18643 1 15943 1.0 1.152785960584879
18644 1 8786 1.0 1.0535060428082943
18645 1 1963538 1.0 0.9774790378287435
18646 1 40108 1.0 0.9972559055313468
18647 1 1967357 1.0 2.8870069654658437
18648 1 471804 1.0 2.4160140892490745
18649 1 1040850 1.0 1.002162927761674
18650 1 144067 1.0 0.9237339254468679
18651 1 1826891 1.0 1.56500400044024
18652 1 713147 1.0 1.4813870657235384
18653 1 101665 1.0 0.907464069314301
18654 1 158303 1.0 0.969718093983829
18655 1 1967209 1.0 0.9421899449080229
18656 1 471804 1.0 0.9218460181728005
18657 1 1969144 1.0 0.8987929904833436
18658 1 1795410 1.0 1.0166229913011193
18659 1 290371 1.0 0.9335739305242896
18660 1 473347 1.0 0.965783023275435
18661 1 1969574 1.0 0.9478890569880605
18662 1 278036 1.0 0.8935049409046769
18663 1 13153 1.0 0.8736340096220374
18664 1 471804 1.0 0.9369930485263467
18665 1 832598 1.0 0.9071939857676625
18666 1 41333 1.0 0.9458869462832808
18667 1 456918 1.0 0.9040349395945668
18668 1 38952 1.0 0.9114230051636696
18669 1 1040850 1.0 0.9376229718327522
18670 1 1906971 1.0 0.8970859926193953
18671 1 26666 1.0 0.9418339468538761
18672 1 1963205 1.0 0.9909209329634905
18673 1 1691629 1.0 0.9140149923041463
18674 1 12068 1.0 0.8925539441406727
18675 1 1971156 1.0 0.9337919764220715
18676 1 12671 1.0 0.902400934137404
18677 1 1960353 1.0 0.9328080341219902
18678 1 234306 1.0 0.9540729224681854
18679 1 12376 1.0 0.9092149557545781
18680 1 1627027 1.0 0.9299770463258028
18681 1 270203 1.0 0.908421934582293
18682 1 1403500 1.0 0.8685400243848562
18683 1 444630 1.0 0.8921929402276874
18684 1 1961116 1.0 0.9285799460485578
18685 1 10725 1.0 1.6753480304032564
18686 1 144178 1.0 1.6972939483821392
18687 1 1969574 1.0 1.6726868925616145
18688 1 122084 1.0 1.6573580214753747
18689 1 12903 1.0 1.6235960647463799
18690 1 279779 1.0 1.675338950008154
18691 1 1669204 1.0 0.9771230397745967
18692 1 473133 1.0 0.9255580371245742
18693 1 8913 1.0 0.9378289105370641
18694 1 1450969 1.0 0.9397310204803944
18695 1 2474557 1.0 0.9080989984795451
18696 1 395769 1.0 0.9569169487804174
18697 1 1963879 1.0 0.9995170403271914
18698 1 2006685 1.0 1.0264050215482712
18699 1 26666 1.0 0.9258120553568006
18700 1 1268891 1.0 1.6371089732274413
18701 1 328950 1.0 1.0273830266669393
18702 1 2314921 1.0 0.9460340952500701
18703 1 764893 1.0 0.9751010220497847
18704 1 470996 1.0 0.9704770054668188
18705 1 1960763 1.0 0.9431310463696718
18706 1 1960279 1.0 0.9574550203979015
18707 1 1782221 1.0 1.0184249840676785
18708 1 282052 1.0 0.9795830119401217
18709 1 1653297 1.0 1.0320149594917893
18710 1 352178 1.0 0.9769470198079944
18711 1 2136346 1.0 2.8602509992197156
18712 1 472353 1.0 1.025496982038021
18713 1 2314921 1.0 1.1428609723225236
18714 1 670161 1.0 1.1589759960770607
18715 1 898511 1.0 0.8581069996580482
18716 1 1317339 1.0 2.410304034128785
18717 1 1966038 1.0 0.9596640011295676
18718 1 1469432 1.0 0.8998790290206671
18719 1 1961116 1.0 2.7862919960170984
18720 1 1340143 1.0 1.0404170025140047
18721 1 1999618 1.0 0.8897880325093865
18722 1 1571209 1.0 1.161653082817793
18723 1 1399615 1.0 1.1908189626410604
18724 1 103477 1.0 2.3853390011936426
18725 1 1575713 1.0 1.0210510808974504
18726 1 469261 1.0 1.332373940385878
18727 1 505890 1.0 1.2248920975252986
18728 1 505552 1.0 1.1820750078186393
18729 1 566345 1.0 0.9857319528236985
18730 1 104299 1.0 2.785373944789171
18731 1 1961116 1.0 1.0799369774758816
18732 1 736175 1.0 1.012125052511692
18733 1 1970939 1.0 1.0280429851263762
18734 1 1965572 1.0 1.5202269423753023
18735 1 2016249 1.0 0.9518970036879182
18736 1 12850 1.0 0.945929903537035
18737 1 443251 1.0 0.9758470114320517
18738 1 595151 1.0 0.9012219961732626
18739 1 1465602 1.0 1.0055199963971972
18740 1 26666 1.0 0.9854560485109687
18741 1 159816 1.0 0.8975650416687131
18742 1 40926 1.0 0.8517620153725147
18743 1 1780672 1.0 0.9204489178955555
18744 1 964750 1.0 0.9715539636090398
18745 1 1962065 1.0 1.019745017401874
18746 1 1299676 1.0 0.9638749761506915
18747 1 280854 1.0 1.6275589587166905
18748 1 304561 1.0 1.0580200469121337
18749 1 1946218 1.0 0.9567099623382092
18750 1 277488 1.0 1.1948969913646579
18751 1 1763076 1.0 1.1262909974902868
18752 1 346498 1.0 1.02331698872149
18753 1 144841 1.0 0.8666809881106019
18754 1 12732 1.0 0.9941089665517211
18755 1 469625 1.0 1.1599219869822264
18756 1 178281 1.0 1.073099090717733
18757 1 27894 1.0 0.8886120049282908
18758 1 1962470 1.0 0.8507620077580214
18759 1 1962065 1.0 0.8174689719453454
18760 1 1963954 1.0 0.8509570034220815
18761 1 1969144 1.0 1.627200050279498
18762 1 443398 1.0 0.9347780141979456
18763 1 497966 1.0 1.0260179406031966
18764 1 267794 1.0 0.8781490614637733
18765 1 28699 1.0 0.9018899872899055
18766 1 1777851 1.0 0.965256942436099
18767 1 404238 1.0 0.8816249901428819
18768 1 41229 1.0 0.9048338979482651
18769 1 1968450 1.0 0.8241570321843028
18770 1 23790 1.0 0.8338399929925799
18771 1 25879 1.0 0.855174963362515
18772 1 288050 1.0 0.8572760270908475
18773 1 1458565 1.0 0.8277760352939367
18774 1 26666 1.0 0.8459410164505243
18775 1 60290 1.0 0.8322680369019508
18776 1 12074 1.0 0.8853039471432567
18777 1 41333 1.0 0.8521570125594735
18778 1 1966196 1.0 0.8343029767274857
18779 1 1968874 1.0 0.85877301171422
18780 1 1961116 1.0 0.8642689790576696
18781 1 395769 1.0 0.9237669873982668
18782 1 918322 1.0 1.1832710588350892
18783 1 455617 1.0 0.891174073331058
18784 1 1960294 1.0 1.152537064626813
18785 1 1795044 1.0 1.1373049346730113
18786 1 183743 1.0 0.9364200523123145
18787 1 1967280 1.0 1.7539729597046971
18788 1 128502 1.0 1.700649969279766
18789 1 104142 1.0 1.055493950843811
18790 1 1969609 1.0 1.2136460281908512
18791 1 1720212 1.0 1.7491880571469665
18792 1 552388 1.0 0.974418013356626
18793 1 1968450 1.0 1.036816043779254
18794 1 1969602 1.0 1.0099699720740318
18795 1 1962802 1.0 1.0479119373485446
18796 1 1969574 1.0 1.0771490633487701
18797 1 1969924 1.0 1.2267209822311997
18798 1 471804 1.0 1.7554149962961674
18799 1 597182 1.0 1.7052559414878488
18800 1 1965204 1.0 1.7830379074439406
18801 1 1969602 1.0 1.7856890335679054
18802 1 1466066 1.0 1.6307670157402754
18803 1 13012 1.0 0.9989890968427062
18804 1 1699878 1.0 1.1338699841871858
18805 1 1748392 1.0 1.4959879918023944
18806 1 1962865 1.0 1.7753290012478828
18807 1 12759 1.0 1.6458909958600998
18808 1 983653 1.0 1.8176899757236242
18809 1 980617 1.0 1.659628003835678
18810 1 7510 1.0 1.6895569860935211
18811 1 1966038 1.0 1.4363030204549432
18812 1 41333 1.0 1.0420340113341808
18813 1 471804 1.0 1.059863017871976
18814 1 12902 1.0 0.9538820013403893
18815 1 1514927 1.0 1.4065379509702325
18816 1 280205 1.0 0.9987670928239822
18817 1 1999617 1.0 1.137095969170332
18818 1 501073 1.0 0.9412489598616958
18819 1 351831 1.0 0.9999779285863042
18820 1 1969144 1.0 0.9755570208653808
18821 1 828021 1.0 1.8376120133325458
18822 1 1960342 1.0 2.9787420062348247
18823 1 1268891 1.0 1.0557069908827543
18824 1 1970152 1.0 1.1264350032433867
18825 1 262681 1.0 0.9458549320697784
18826 1 143736 1.0 1.1239489540457726
18827 1 104934 1.0 1.0057679610326886
18828 1 231607 1.0 1.5936900163069367
18829 1 1966038 1.0 1.67766900267452
18830 1 75801 1.0 1.119846012443304
18831 1 347336 1.0 0.9519030572846532
18832 1 477205 1.0 0.92748599126935
18833 1 445925 1.0 0.9147729724645615
18834 1 1205053 1.0 0.8942160056903958
18835 1 1826891 1.0 0.9112450061365962
18836 1 1969144 1.0 0.8889539167284966
18837 1 12965 1.0 1.007709070108831
18838 1 1780505 1.0 0.9366839658468962
18839 1 1299676 1.0 2.902823965996504
18840 1 426265 1.0 0.9559449972584844
18841 1 450042 1.0 1.0087649570778012
18842 1 269223 1.0 1.3307039625942707
18843 1 270042 1.0 1.0435290168970823
18844 1 178281 1.0 2.6119978865608573
18845 1 1965863 1.0 1.609149039722979
18846 1 11325 1.0 1.1585820466279984
18847 1 2314921 1.0 2.6297139702364802
18848 1 1441974 1.0 1.0325980838388205
18849 1 471804 1.0 2.2823900217190385
18850 1 2264570 1.0 1.0447499807924032
18851 1 10521 1.0 0.9712249739095569
18852 1 1966098 1.0 1.0032790014520288
18853 1 279278 1.0 1.0424910578876734
18854 1 15575 1.0 2.6448610005900264
18855 1 764893 1.0 1.5449179336428642
18856 1 1670848 1.0 1.504434971138835
18857 1 248445 1.0 2.2858530282974243
18858 1 1890916 1.0 2.544249058701098
18859 1 2199023 1.0 3.3558999421074986
18860 1 1961395 1.0 2.0745809888467193
18861 1 1260472 1.0 2.113785012625158
18862 1 1282567 1.0 2.3586450843140483
18863 1 471606 1.0 2.692373003810644
18864 1 80764 1.0 2.2859210148453712
18865 1 686069 1.0 1.6535219037905335
18866 1 2474522 1.0 1.0514750611037016
18867 1 1905579 1.0 2.441684016957879
18868 1 30698 1.0 2.3443090030923486
18869 1 27788 1.0 0.8919689571484923
18870 1 1185142 1.0 1.0235519148409367
18871 1 1706603 1.0 1.4895909698680043
18872 1 1136967 1.0 2.5428939843550324
18873 1 1282812 1.0 2.30338703840971
18874 1 277450 1.0 1.7638129647821188
18875 1 77323 1.0 1.7246169736608863
18876 1 1990050 1.0 1.895062974654138
18877 1 738348 1.0 2.107159001752734
18878 1 348770 1.0 1.531874993816018
18879 1 1966577 1.0 2.14174494612962
18880 1 2461507 1.0 1.4215989504009485
18881 1 327245 1.0 2.4425300071015954
18882 1 1669884 1.0 2.7255150489509106
18883 1 185354 1.0 1.1746400268748403
18884 1 1716208 1.0 4.168928950093687
18885 1 1960760 1.0 1.135468017309904
18886 1 976255 1.0 0.8977639954537153
18887 1 2015121 1.0 1.7140069976449013
18888 1 1965205 1.0 1.581593998707831
18889 1 2096011 1.0 1.5472739469259977
18890 1 439882 1.0 1.7347510438412428
18891 1 1856080 1.0 2.5649149902164936
18892 1 73783 1.0 4.333253018558025
18893 1 347972 1.0 2.220490016043186
18894 1 2222109 1.0 2.385372994467616
18895 1 1714023 1.0 1.8447580514475703
18896 1 2001479 1.0 1.2694289907813072
18897 1 234175 1.0 3.298782976344228
18898 1 1468332 1.0 2.6247160276398063
18899 1 344638 1.0 2.5370370130985975
18900 1 660478 1.0 3.3370889723300934
18901 1 2308426 1.0 1.8515619449317455
18902 1 1481438 1.0 2.2728219628334045
18903 1 168266 1.0 2.722208038903773
18904 1 812221 1.0 2.1244719391688704
18905 1 349616 1.0 1.8120439490303397
18906 1 1629505 1.0 1.8148280214518309
18907 1 1966263 1.0 1.4933919301256537
18908 1 2360639 1.0 2.1270739380270243
18909 1 1961013 1.0 2.45929101947695
18910 1 1780719 1.0 3.5728670191019773
18911 1 1711363 1.0 2.577373059466481
18912 1 1421713 1.0 4.757403046824038
18913 1 937929 1.0 2.0416619954630733
18914 1 1563135 1.0 3.7689919117838144
18915 1 1962026 1.0 2.3558660177513957
18916 1 604092 1.0 2.611842006444931
18917 1 184137 1.0 1.6505600651726127
18918 1 1549376 1.0 1.0475500021129847
18919 1 1966875 1.0 1.2605059891939163
18920 1 1563096 1.0 1.4778650365769863
18921 1 936568 1.0 2.1171850385144353
18922 1 181841 1.0 1.2291599996387959
18923 1 2381723 1.0 2.02289002481848
18924 1 1670608 1.0 1.8846889724954963
18925 1 1965567 1.0 1.1355280876159668
18926 1 1229577 1.0 1.8265580292791128
18927 1 1241773 1.0 1.8194169970229268
18928 1 1999616 1.0 2.6377768954262137
18929 1 1505887 1.0 2.3601059801876545
18930 1 1731387 1.0 2.5090540293604136
18931 1 1498970 1.0 2.0034339977428317
18932 1 231490 1.0 1.1402450036257505
18933 1 858891 1.0 1.1691919062286615
18934 1 620803 1.0 2.2328209597617388
18935 1 811773 1.0 1.4558490365743637
18936 1 2385173 1.0 1.1205769842490554
18937 1 631217 1.0 2.339394995942712
18938 1 2343963 1.0 2.762184012681246
18939 1 1657340 1.0 2.225521020591259
18940 1 1237116 1.0 2.2977080661803484
18941 1 2221704 1.0 2.309778006747365
18942 1 182004 1.0 2.3964480496942997
18943 1 73783 1.0 2.3324209032580256
18944 1 1593170 1.0 2.4327399441972375
18945 1 73246 1.0 2.594960038550198
18946 1 1506041 1.0 2.295302925631404
18947 1 1730951 1.0 1.1860820231959224
18948 1 368277 1.0 3.8827829994261265
18949 1 1440339 1.0 1.1283960193395615
18950 1 537524 1.0 2.6639699935913086
18951 1 12259 1.0 1.6704840818420053
18952 1 349616 1.0 1.7383259255439043
18953 1 1615987 1.0 1.164861023426056
18954 1 317554 1.0 2.0024171099066734
18955 1 445231 1.0 2.2472990676760674
18956 1 1582426 1.0 1.0176870273426175
18957 1 561663 1.0 1.4172019436955452
18958 1 101535 1.0 2.3559340042993426
18959 1 440546 1.0 1.6656490042805672
18960 1 1910654 1.0 4.2704950319603086
18961 1 2362487 1.0 1.9297320395708084
18962 1 285454 1.0 1.249691005796194
18963 1 1960676 1.0 3.2997539965435863
18964 1 265080 1.0 3.7234999472275376
18965 1 1455839 1.0 3.063253010623157
18966 1 222499 1.0 2.0516549702733755
18967 1 1966553 1.0 1.8404109869152308
18968 1 26563 1.0 2.852145000360906
18969 1 1967227 1.0 2.0424029789865017
18970 1 2382833 1.0 1.9468601094558835
18971 1 1961442 1.0 1.741793006658554
18972 1 1644075 1.0 3.452171920798719
18973 1 1970237 1.0 1.0206090519204736
18974 1 12975 1.0 0.9975580032914877
18975 1 1571427 1.0 1.341714058071375
18976 1 99816 1.0 2.0033400505781174
18977 1 1811224 1.0 1.7493190243840218
18978 1 277350 1.0 2.0187949994578958
18979 1 35001 1.0 2.334538963623345
18980 1 1522865 1.0 2.588873030617833
18981 1 40645 1.0 1.0894379811361432
18982 1 111822 1.0 2.015669015236199
18983 1 1137948 1.0 3.309448016807437
18984 1 1963129 1.0 2.7393059572204947
18985 1 1966222 1.0 1.5537020517513156
18986 1 1855687 1.0 1.4136439422145486
18987 1 1720996 1.0 3.4056720323860645
18988 1 1960657 1.0 1.3149689184501767
18989 1 1034950 1.0 2.1037369733676314
18990 1 1847815 1.0 2.6824900414794683
18991 1 321550 1.0 1.2441750150173903
18992 1 448589 1.0 1.4608100755140185
18993 1 1964515 1.0 1.255652983672917
18994 1 313307 1.0 1.8869609339162707
18995 1 954856 1.0 2.6949759339913726
18996 1 103911 1.0 1.0823049815371633
18997 1 1715971 1.0 3.511441987939179
18998 1 1553053 1.0 3.9793539326637983
18999 1 2233078 1.0 1.4108680188655853
19000 1 977158 1.0 1.4274789718911052
19001 1 1689432 1.0 1.1828800197690725
19002 1 1614903 1.0 1.5954449772834778
19003 1 1707686 1.0 2.064591972157359
19004 1 1967140 1.0 1.4862960670143366
19005 1 374469 1.0 2.7964110486209393
19006 1 727679 1.0 2.3509489838033915
19007 1 469909 1.0 2.078372985124588
19008 1 1967535 1.0 2.4169200332835317
19009 1 2128136 1.0 1.4992279466241598
19010 1 1906756 1.0 1.9669589819386601
19011 1 1760454 1.0 2.3203619057312608
19012 1 38549 1.0 1.096257008612156
19013 1 1961420 1.0 2.4039880372583866
19014 1 1291054 1.0 2.24767392501235
19015 1 2018405 1.0 2.3071899777278304
19016 1 1960701 1.0 1.403263071551919
19017 1 478111 1.0 2.3778040194883943
19018 1 1967535 1.0 2.541193040087819
19019 1 177295 1.0 2.045396016910672
19020 1 758654 1.0 2.579202991910279
19021 1 640977 1.0 2.0521209808066487
19022 1 19733 1.0 1.4455450000241399
19023 1 124265 1.0 2.3704778868705034
19024 1 2380814 1.0 2.3124959552660584
19025 1 2011030 1.0 0.9799629915505648
19026 1 241964 1.0 2.359966980293393
19027 1 1135297 1.0 1.7495150677859783
19028 1 232152 1.0 2.279961947351694
19029 1 1483982 1.0 2.0487289875745773
19030 1 22865 1.0 2.4069210048764944
19031 1 1945393 1.0 2.3057139478623867
19032 1 310157 1.0 2.023888984695077
19033 1 1220385 1.0 2.6130659971386194
19034 1 2460768 1.0 1.063500065356493
19035 1 1967573 1.0 2.087278990074992
19036 1 1970176 1.0 1.0239459807053208
19037 1 940886 1.0 2.1373339695855975
19038 1 452685 1.0 3.165700938552618
19039 1 2369583 1.0 1.8422129796817899
19040 1 1265209 1.0 1.1077530216425657
19041 1 1189881 1.0 1.0967259295284748
19042 1 284510 1.0 2.116314950399101
19043 1 19072 1.0 2.2632998879998922
19044 1 1648408 1.0 1.8269900465384126
19045 1 1908289 1.0 1.8733949400484562
19046 1 1889743 1.0 1.7562980065122247
19047 1 1960727 1.0 2.325206995010376
19048 1 1507735 1.0 1.5429279301315546
19049 1 156564 1.0 2.3806040408089757
19050 1 580371 1.0 2.0314500434324145
19051 1 1961391 1.0 2.391226007603109
19052 1 21568 1.0 1.0681790299713612
19053 1 168347 1.0 1.9692479399964213
19054 1 742922 1.0 1.9979990320280194
19055 1 1667507 1.0 2.6196970138698816
19056 1 1968145 1.0 2.0006210543215275
19057 1 474234 1.0 1.7443089745938778
19058 1 1485788 1.0 2.1927880588918924
19059 1 308586 1.0 1.0625050636008382
19060 1 1654069 1.0 2.2307849721983075
19061 1 59751 1.0 1.7880809027701616
19062 1 218432 1.0 2.477111993357539
19063 1 1963356 1.0 1.815055962651968
19064 1 1888594 1.0 2.4801070103421807
19065 1 976255 1.0 1.9914970034733415
19066 1 629011 1.0 1.342447940260172
19067 1 305433 1.0 1.398624968715012
19068 1 1961077 1.0 0.971497967839241
19069 1 1906754 1.0 1.7977909883484244
19070 1 453961 1.0 1.4825710095465183
19071 1 1565906 1.0 1.7671140376478434
19072 1 1967867 1.0 2.161947079002857
19073 1 975788 1.0 1.0807389626279473
19074 1 1960519 1.0 1.0667439782992005
19075 1 142999 1.0 2.499756054021418
19076 1 1940805 1.0 2.1983879851177335
19077 1 1060660 1.0 2.2203429834917188
19078 1 1457599 1.0 1.55306002125144
19079 1 276523 1.0 2.766145975328982
19080 1 60030 1.0 1.3960310025140643
19081 1 401172 1.0 1.9282740540802479
19082 1 352841 1.0 1.0379949817433953
19083 1 970719 1.0 1.3834770070388913
19084 1 1967064 1.0 1.6068890690803528
19085 1 166098 1.0 1.0437299497425556
19086 1 84986 1.0 1.0322289308533072
19087 1 1849851 1.0 2.9253039974719286
19088 1 1970652 1.0 2.443274948745966
19089 1 1921688 1.0 2.8025030624121428
19090 1 272449 1.0 1.6698850085958838
19091 1 745382 1.0 2.14161304756999
19092 1 2040524 1.0 1.0935860918834805
19093 1 242242 1.0 2.6564099825918674
19094 1 1667079 1.0 1.2733018957078457
19095 1 1967809 1.0 1.3015220174565911
19096 1 94453 1.0 1.0187110165134072
19097 1 375410 1.0 1.3182659167796373
19098 1 2450317 1.0 2.4646810488775373
19099 1 523014 1.0 2.4109219666570425
19100 1 1178459 1.0 2.1525369957089424
19101 1 1930274 1.0 1.482487074099481
19102 1 1963356 1.0 1.054521999321878
19103 1 1965660 1.0 1.3534229947254062
19104 1 486334 1.0 2.6141860289499164
19105 1 530091 1.0 1.4252079417929053
19106 1 75370 1.0 3.0670519918203354
19107 1 1617801 1.0 2.4280400248244405
19108 1 974237 1.0 1.6653159400448203
19109 1 1962433 1.0 1.182424952276051
19110 1 1055629 1.0 2.7886920142918825
19111 1 1136461 1.0 2.468992955982685
19112 1 1960644 1.0 2.585793030448258
19113 1 1964122 1.0 2.973712980747223
19114 1 397906 1.0 1.644963980652392
19115 1 1960299 1.0 1.1521049309521914
19116 1 1633533 1.0 1.5436399262398481
19117 1 625318 1.0 1.3519229833036661
19118 1 1727654 1.0 2.6632959488779306
19119 1 504195 1.0 2.630040980875492
19120 1 1912882 1.0 1.8404459115117788
19121 1 1967249 1.0 1.2012510560452938
19122 1 2221667 1.0 2.3418309865519404
19123 1 24172 1.0 2.4805660359561443
19124 1 474924 1.0 3.203302971087396
19125 1 1934833 1.0 1.7909419257193804
19126 1 217427 1.0 2.504864940419793
19127 1 60485 1.0 1.4131980715319514
19128 1 450232 1.0 1.2389650801196694
19129 1 342325 1.0 3.880389966070652
19130 1 976255 1.0 1.2541289906948805
19131 1 918995 1.0 2.1022610599175096
19132 1 1963122 1.0 2.235325053334236
19133 1 2002570 1.0 1.363690011203289
19134 1 1813803 1.0 1.486059045419097
19135 1 1966992 1.0 2.9604979790747166
19136 1 27984 1.0 1.616830937564373
19137 1 1961300 1.0 1.0342840105295181
19138 1 1580247 1.0 1.2618439504876733
19139 1 975431 1.0 1.6741639701649547
19140 1 257247 1.0 2.3149680346250534
19141 1 1185448 1.0 1.1432719184085727
19142 1 928488 1.0 1.5498509164899588
19143 1 1899842 1.0 2.570921089500189
19144 1 558165 1.0 1.0439869947731495
19145 1 2259217 1.0 2.2682519629597664
19146 1 2366726 1.0 2.222007024101913
19147 1 551825 1.0 1.5547119546681643
19148 1 1106958 1.0 1.8001110292971134
19149 1 2383123 1.0 2.1629080874845386
19150 1 1980999 1.0 1.7369380220770836
19151 1 810724 1.0 3.1881509348750114
19152 1 1449735 1.0 3.4852350363507867
19153 1 302056 1.0 2.953947987407446
19154 1 1634720 1.0 2.9228930361568928
19155 1 449922 1.0 1.603530952706933
19156 1 1996506 1.0 4.5892439084127545
19157 1 1689311 1.0 1.560277072712779
19158 1 1279902 1.0 1.755941892042756
19159 1 1563618 1.0 1.6819000011309981
19160 1 899353 1.0 2.9885509284213185
19161 1 366859 1.0 2.3450469598174095
19162 1 27577 1.0 1.0557379573583603
19163 1 1969236 1.0 1.289856038056314
19164 1 1965505 1.0 1.0940879583358765
19165 1 1638456 1.0 2.530083991587162
19166 1 1113493 1.0 1.3454640284180641
19167 1 295818 1.0 2.368033048696816
19168 1 55348 1.0 2.2375030675902963
19169 1 1512736 1.0 2.8341399738565087
19170 1 1963926 1.0 1.9865690264850855
19171 1 975638 1.0 1.2577860616147518
19172 1 1940711 1.0 2.9664140893146396
19173 1 1899378 1.0 1.7677370924502611
19174 1 302395 1.0 2.487552003003657
19175 1 1678286 1.0 1.8745599081739783
19176 1 91736 1.0 2.089090063236654
19177 1 2473734 1.0 2.300872001796961
19178 1 1963122 1.0 2.4172429693862796
19179 1 1967215 1.0 0.9300560923293233
19180 1 182933 1.0 2.3443399695679545
19181 1 1891629 1.0 1.9975340692326427
19182 1 466677 1.0 1.064840005710721
19183 1 1435864 1.0 2.47551198117435
19184 1 2233380 1.0 1.8336559878662229
19185 1 2223149 1.0 3.3836959628388286
19186 1 84381 1.0 2.966748084872961
19187 1 181371 1.0 2.5796659756451845
19188 1 466676 1.0 1.3466699747368693
19189 1 1799105 1.0 1.0464710649102926
19190 1 346130 1.0 3.189440001733601
19191 1 630062 1.0 2.44412396568805
19192 1 1730162 1.0 1.956162042915821
19193 1 2004355 1.0 3.0165599891915917
19194 1 181872 1.0 1.9792490638792515
19195 1 84532 1.0 3.432102967053652
19196 1 1619945 1.0 2.626557950861752
19197 1 2232352 1.0 2.1667450200766325
19198 1 445946 1.0 1.0439130710437894
19199 1 1452742 1.0 1.345577067695558
19200 1 326852 1.0 0.9928210638463497
19201 1 1144782 1.0 2.6577700627967715
19202 1 1967169 1.0 2.4875790113583207
19203 1 565233 1.0 2.0085240248590708
19204 1 1663468 1.0 1.2200180208310485
19205 1 1964252 1.0 1.088118995539844
19206 1 539908 1.0 2.2584240650758147
19207 1 1714023 1.0 2.607705071568489
19208 1 1580197 1.0 2.6979949325323105
19209 1 1483982 1.0 2.0281830802559853
19210 1 2015617 1.0 1.8948090728372335
19211 1 1966174 1.0 1.3342489255592227
19212 1 1773544 1.0 1.945607946254313
19213 1 382378 1.0 2.140983007848263
19214 1 1416588 1.0 2.12604901753366
19215 1 1970573 1.0 1.2303850380703807
19216 1 956254 1.0 2.138535026460886
19217 1 1965629 1.0 1.693541998974979
19218 1 166098 1.0 1.1333039728924632
19219 1 9196 1.0 1.3797859428450465
19220 1 8931 1.0 1.2678339844569564
19221 1 1732970 1.0 1.9439340103417635
19222 1 875456 1.0 2.2766300244256854
19223 1 1591303 1.0 2.2092409199103713
19224 1 1968145 1.0 1.4306349912658334
19225 1 768593 1.0 1.0879510082304478
19226 1 1676750 1.0 1.914147986099124
19227 1 1824901 1.0 1.829286920838058
19228 1 1425482 1.0 2.4584579514339566
19229 1 1422793 1.0 1.8965810304507613
19230 1 366859 1.0 2.5762320728972554
19231 1 1019697 1.0 3.2993039349094033
19232 1 85449 1.0 1.0752619709819555
19233 1 916392 1.0 1.9526989199221134
19234 1 904488 1.0 2.5052520213648677
19235 1 80659 1.0 2.0444419933483005
19236 1 1183766 1.0 2.080892096273601
19237 1 248640 1.0 1.5114620327949524
19238 1 1970274 1.0 2.3313489509746432
19239 1 1031936 1.0 1.9694099901244044
19240 1 980621 1.0 4.036286962218583
19241 1 1661713 1.0 2.585545997135341
19242 1 44374 1.0 3.6397980293259025
19243 1 26286 1.0 1.4820349169895053
19244 1 82588 1.0 3.1413770047947764
19245 1 1964126 1.0 1.2742499820888042
19246 1 533068 1.0 2.4034089874476194
19247 1 2140411 1.0 2.1814039209857583
19248 1 1151188 1.0 3.647304023616016
19249 1 1967478 1.0 2.6588529581204057
19250 1 276555 1.0 2.1843420108780265
19251 1 1713025 1.0 2.165831974707544
19252 1 1965131 1.0 2.0113600185140967
19253 1 892766 1.0 1.7337619792670012
19254 1 1499809 1.0 3.0138889560475945
19255 1 107725 1.0 2.8435559943318367
19256 1 29559 1.0 3.26346792280674
19257 1 379139 1.0 3.307178965769708
19258 1 1887199 1.0 1.838156022131443
19259 1 263114 1.0 2.248195931315422
19260 1 1936421 1.0 1.276878989301622
19261 1 1660061 1.0 3.724263049662113
19262 1 37293 1.0 2.8811750235036016
19263 1 347958 1.0 2.9857310000807047
19264 1 51977 1.0 3.7655389169231057
19265 1 2013673 1.0 4.540819092653692
19266 1 110449 1.0 1.4450909802690148
19267 1 12355 1.0 0.9223159868270159
19268 1 1961754 1.0 1.95768300909549
19269 1 1962433 1.0 2.990562003105879
19270 1 432758 1.0 1.1801129439845681
19271 1 223840 1.0 1.2712660245597363
19272 1 374777 1.0 2.7735800249502063
19273 1 2120755 1.0 0.9776899823918939
19274 1 1728597 1.0 2.196710091084242
19275 1 2356090 1.0 2.363511943258345
19276 1 10799 1.0 0.9745600400492549
19277 1 1908286 1.0 2.049147034995258
19278 1 1458760 1.0 2.7329770382493734
19279 1 1337346 1.0 2.1969989174976945
19280 1 1963466 1.0 3.1713059870526195
19281 1 124265 1.0 1.9579679938033223
19282 1 1672848 1.0 1.5466370387002826
19283 1 490631 1.0 2.5314820231869817
19284 1 1627989 1.0 1.2458900455385447
19285 1 1965208 1.0 1.4966130256652832
19286 1 1993699 1.0 2.5029019452631474
19287 1 597307 1.0 1.2504979968070984
19288 1 178283 1.0 1.9298859406262636
19289 1 585619 1.0 1.7790410201996565
19290 1 2385470 1.0 3.682657959870994
19291 1 1052248 1.0 2.287182956933975
19292 1 926903 1.0 1.7118180403485894
19293 1 1962520 1.0 3.3971340162679553
19294 1 2005362 1.0 1.035172026604414
19295 1 1100506 1.0 2.2506500827148557
19296 1 523388 1.0 1.2593750143423676
19297 1 923071 1.0 1.7040770035237074
19298 1 176946 1.0 4.191476968117058
19299 1 397906 1.0 1.4837640337646008
19300 1 103316 1.0 1.8077020067721605
19301 1 1394463 1.0 1.3844709610566497
19302 1 96487 1.0 2.6137689128518105
19303 1 593685 1.0 2.3675839183852077
19304 1 1965535 1.0 2.727507962845266
19305 1 1325532 1.0 2.5923479115590453
19306 1 658691 1.0 2.663270919583738
19307 1 1733009 1.0 1.6160639934241772
19308 1 107722 1.0 2.1241920767351985
19309 1 930282 1.0 2.876125043258071
19310 1 1800102 1.0 2.5515399174764752
19311 1 1532143 1.0 1.0953579330816865
19312 1 1962520 1.0 3.8903970271348953
19313 1 1241353 1.0 2.5283389259129763
19314 1 1923723 1.0 2.6432950980961323
19315 1 942245 1.0 1.1494809295982122
19316 1 1967850 1.0 1.861540018580854
19317 1 1664439 1.0 1.4061520341783762
19318 1 1795371 1.0 1.0804260382428765
19319 1 1963466 1.0 1.7872370081022382
19320 1 1780896 1.0 1.0569820879027247
19321 1 1630727 1.0 1.8636530730873346
19322 1 1968501 1.0 1.9083659863099456
19323 1 331204 1.0 3.428954049013555
19324 1 1203291 1.0 3.5666460171341896
19325 1 181656 1.0 1.2451560469344258
19326 1 1968564 1.0 1.423753914423287
19327 1 65393 1.0 1.759225968271494
19328 1 309142 1.0 3.4044550266116858
19329 1 280835 1.0 1.28077098634094
19330 1 80449 1.0 1.4514289796352386
19331 1 248445 1.0 1.790969050489366
19332 1 27201 1.0 2.623158972710371
19333 1 1058668 1.0 2.2864319616928697
19334 1 35233 1.0 1.6288980841636658
19335 1 1693978 1.0 1.080651069059968
19336 1 787730 1.0 1.7042789841070771
19337 1 249975 1.0 2.091284957714379
19338 1 320196 1.0 1.127548050135374
19339 1 2373107 1.0 1.801240025088191
19340 1 9176 1.0 3.002807032316923
19341 1 1964231 1.0 2.1205429220572114
19342 1 1900059 1.0 3.270312095992267
19343 1 2138198 1.0 2.458673086948693
19344 1 1857899 1.0 2.2758980048820376
19345 1 1692346 1.0 1.031943946145475
19346 1 42362 1.0 2.0617340924218297
19347 1 270961 1.0 1.4718750026077032
19348 1 1649473 1.0 2.1134469425305724
19349 1 1607419 1.0 2.4792359909042716
19350 1 1732381 1.0 2.5776760885491967
19351 1 1303406 1.0 2.2832690738141537
19352 1 1713977 1.0 0.9584809886291623
19353 1 1934833 1.0 1.601806958205998
19354 1 2253057 1.0 1.6994420439004898
19355 1 1530899 1.0 2.3712380789220333
19356 1 1712419 1.0 1.5380320837721229
19357 1 1891906 1.0 2.8959240298718214
19358 1 1436137 1.0 10.694287018850446
19359 1 41201 1.0 3.959774039685726
19360 1 824032 1.0 12.074644910171628
19361 1 1552996 1.0 11.964652920141816
19362 1 1944956 1.0 3.033371060155332
19363 1 1035452 1.0 9.833522024564445
19364 1 86045 1.0 3.9446799783036113
19365 1 1068385 1.0 11.10373204573989
19366 1 1923279 1.0 4.0310039184987545
19367 1 568542 1.0 4.577398067340255
19368 1 1698579 1.0 5.1383329555392265
19369 1 1167939 1.0 10.691625066101551
19370 1 1139976 1.0 11.411421000957489
19371 1 1262747 1.0 4.410568042658269
19372 1 1688967 1.0 11.746919946745038
19373 1 1761259 1.0 11.453157057985663
19374 1 233138 1.0 10.083984001539648
19375 1 992422 1.0 11.171536054462194
19376 1 363223 1.0 8.64000606816262
19377 1 106873 1.0 5.545702064409852
19378 1 724166 1.0 7.381441071629524
19379 1 1483713 1.0 11.233629076741636
19380 1 1206646 1.0 13.012796058319509
19381 1 1400815 1.0 12.6862219767645
19382 1 702631 1.0 7.941192016005516
19383 1 1590409 1.0 10.917227948084474
19384 1 817387 1.0 10.895435931161046
19385 1 557748 1.0 5.373173044063151
19386 1 460250 1.0 6.8256399827077985
19387 1 1437752 1.0 10.914530023001134
19388 1 597101 1.0 3.3430280163884163
19389 1 1192188 1.0 12.032318045385182
19390 1 352852 1.0 4.796752939000726
19391 1 796025 1.0 11.44383696373552
19392 1 1394569 1.0 10.912869009189308
19393 1 1989440 1.0 11.816041078418493
19394 1 1676893 1.0 5.432695965282619
19395 1 91366 1.0 9.596585994586349
19396 1 1094664 1.0 10.771696106530726
19397 1 1337237 1.0 7.769978023134172
19398 1 309540 1.0 3.0835409415885806
19399 1 2153203 1.0 5.578954005613923
19400 1 1027606 1.0 3.975335042923689
19401 1 139370 1.0 3.812053008005023
19402 1 1027271 1.0 8.418885990977287
19403 1 798785 1.0 5.59162104036659
19404 1 1635258 1.0 5.706341005861759
19405 1 1968539 1.0 6.889845011755824
19406 1 2428956 1.0 14.11684206686914
19407 1 773899 1.0 8.122506085783243
19408 1 1433465 1.0 12.589523917995393
19409 1 1178717 1.0 12.699838960543275
19410 1 1354774 1.0 11.08912390191108
19411 1 1530935 1.0 12.401643907651305
19412 1 593286 1.0 5.4186920169740915
19413 1 506186 1.0 8.508301922120154
19414 1 828873 1.0 10.936064063571393
19415 1 1474325 1.0 12.632183963432908
19416 1 42518 1.0 2.900636987760663
19417 1 1729634 1.0 4.852376063354313
19418 1 1457346 1.0 3.899558912962675
19419 1 2468619 1.0 11.647092993371189
19420 1 597627 1.0 5.453724064864218
19421 1 275824 1.0 3.4395880065858364
19422 1 2474129 1.0 4.921080078929663
19423 1 2117688 1.0 3.4400930162519217
19424 1 613488 1.0 3.8737140130251646
19425 1 410749 1.0 7.085651974193752
19426 1 1103544 1.0 11.460426030680537
19427 1 425760 1.0 8.08525609318167
19428 1 1198449 1.0 8.244069991633296
19429 1 358191 1.0 6.864115013740957
19430 1 1621969 1.0 9.62032307870686
19431 1 2070465 1.0 11.194266029633582
19432 1 557437 1.0 13.98130797315389
19433 1 201281 1.0 7.5688830111175776
19434 1 1881904 1.0 13.9735690318048
19435 1 1953149 1.0 5.141151952557266
19436 1 541486 1.0 12.83895003143698
19437 1 1056200 1.0 5.881667020730674
19438 1 2300178 1.0 10.786580969579518
19439 1 1164263 1.0 11.859909049235284
19440 1 1902789 1.0 11.270898045040667
19441 1 2157550 1.0 9.950131992809474
19442 1 1554493 1.0 3.5429939161986113
19443 1 1405083 1.0 11.31683902349323
19444 1 668205 1.0 3.0805409187451005
19445 1 505871 1.0 3.4417640417814255
19446 1 1186266 1.0 9.82591393403709
19447 1 639761 1.0 7.035559043288231
19448 1 993461 1.0 4.219349008053541
19449 1 1684392 1.0 9.807916008867323
19450 1 588690 1.0 11.217024992220104
19451 1 546238 1.0 6.897595943883061
19452 1 10990 1.0 9.641955024562776
19453 1 369414 1.0 12.30032800231129
19454 1 1298013 1.0 4.053976037539542
19455 1 1981768 1.0 5.402581999078393
19456 1 414793 1.0 9.610274923034012
19457 1 1038716 1.0 9.552238043397665
19458 1 1985343 1.0 5.250227986834943
19459 1 526132 1.0 4.628769936971366
19460 1 469887 1.0 7.575200987048447
19461 1 1849855 1.0 5.499524995684624
19462 1 314193 1.0 6.796718924306333
19463 1 1690329 1.0 8.819964015856385
19464 1 348664 1.0 7.209246978163719
19465 1 1625781 1.0 5.046327016316354
19466 1 1463398 1.0 7.364997058175504
19467 1 982716 1.0 11.882895953021944
19468 1 1686805 1.0 13.435394037514925
19469 1 604514 1.0 12.795383110642433
19470 1 1970034 1.0 3.656842978671193
19471 1 1062429 1.0 11.228629038669169
19472 1 47556 1.0 7.060678908601403
19473 1 1235172 1.0 9.695035987533629
19474 1 843045 1.0 12.757914024405181
19475 1 1468314 1.0 6.959638907574117
19476 1 1474467 1.0 11.132447980344296
19477 1 502366 1.0 3.7867199862375855
19478 1 1965623 1.0 3.3606200013309717
19479 1 2016136 1.0 4.449981031939387
19480 1 66622 1.0 7.5847950065508485
19481 1 1007556 1.0 13.734000967815518
19482 1 1357240 1.0 12.160844984464347
19483 1 1494550 1.0 12.836889014579356
19484 1 1802453 1.0 6.50005997158587
19485 1 383528 1.0 6.8441369803622365
19486 1 1121166 1.0 13.254844001494348
19487 1 1060407 1.0 11.54680096078664
19488 1 1001310 1.0 8.181929006241262
19489 1 2043166 1.0 13.436355045996606
19490 1 630723 1.0 13.807645067572594
19491 1 1232200 1.0 7.307793945074081
19492 1 1614203 1.0 3.931317012757063
19493 1 443742 1.0 5.031152977608144
19494 1 1536429 1.0 11.45066402386874
19495 1 165921 1.0 3.801185986958444
19496 1 1170172 1.0 7.350984029471874
19497 1 1575001 1.0 12.732903007417917
19498 1 1398540 1.0 9.908428997732699
19499 1 59595 1.0 5.3394780261442065
19500 1 1432297 1.0 10.758289019577205
19501 1 430597 1.0 3.5033220192417502
19502 1 1770916 1.0 9.592315065674484
19503 1 795785 1.0 11.229355004616082
19504 1 2377764 1.0 11.311128037050366
19505 1 1483804 1.0 6.200128933414817
19506 1 68620 1.0 10.528989019803703
19507 1 1828181 1.0 4.842706955969334
19508 1 609991 1.0 3.7568139377981424
19509 1 1791420 1.0 7.8420620411634445
19510 1 1939055 1.0 3.8096769712865353
19511 1 2068753 1.0 11.333417962305248
19512 1 1574427 1.0 9.603101992979646
19513 1 1523180 1.0 6.754121044650674
19514 1 1609839 1.0 12.014403939247131
19515 1 1626594 1.0 3.411807003431022
19516 1 552291 1.0 3.2580200349912047
19517 1 2397903 1.0 7.700713933445513
19518 1 1406554 1.0 3.76326497644186
19519 1 621479 1.0 7.007132982835174
19520 1 1534333 1.0 3.434138954617083
19521 1 1428510 1.0 13.22359696496278
19522 1 1738497 1.0 6.004696944728494
19523 1 1031667 1.0 13.821981032378972
19524 1 567780 1.0 9.956699097529054
19525 1 1384707 1.0 8.509571081958711
19526 1 1769902 1.0 14.493245049379766
19527 1 8660 1.0 5.460224929265678
19528 1 2053522 1.0 6.7775220377370715
19529 1 452151 1.0 5.361138028092682
19530 1 1753407 1.0 5.56449091527611
19531 1 1688262 1.0 3.455257974565029
19532 1 991196 1.0 3.89807706233114
19533 1 576345 1.0 5.184498964808881
19534 1 2019439 1.0 11.829031049273908
19535 1 1429669 1.0 9.439743007533252
19536 1 2124796 1.0 6.41338003333658
19537 1 200073 1.0 12.112605036236346
19538 1 1935027 1.0 7.491096039302647
19539 1 1614149 1.0 9.457333944737911
19540 1 1940051 1.0 7.529267924837768
19541 1 1305229 1.0 7.382832933217287
19542 1 180041 1.0 2.8635410126298666
19543 1 514002 1.0 10.911125922575593
19544 1 1993334 1.0 5.468751071020961
19545 1 994642 1.0 5.320355063304305
19546 1 1293234 1.0 4.734984016977251
19547 1 637718 1.0 6.825219956226647
19548 1 144380 1.0 6.640129955485463
19549 1 1188835 1.0 9.721098002046347
19550 1 51815 1.0 11.380037991330028
19551 1 1484583 1.0 10.950298979878426
19552 1 1138744 1.0 6.848136079497635
19553 1 1354046 1.0 4.353343043476343
19554 1 623245 1.0 10.370064061135054
19555 1 1707516 1.0 5.475197918713093
19556 1 568760 1.0 10.45998407062143
19557 1 1460884 1.0 8.225212106481194
19558 1 1414731 1.0 7.231810945086181
19559 1 551737 1.0 8.129365975037217
19560 1 988608 1.0 7.322023040615022
19561 1 1963585 1.0 8.15172994043678
19562 1 177910 1.0 3.7894509732723236
19563 1 1559972 1.0 12.989555951207876
19564 1 16244 1.0 9.470644989050925
19565 1 263115 1.0 4.578804015181959
19566 1 841427 1.0 7.605339982546866
19567 1 7768 1.0 9.864115971140563
19568 1 1157010 1.0 5.322525044903159
19569 1 1152290 1.0 9.48307802900672
19570 1 17371 1.0 6.893499055877328
19571 1 1964560 1.0 3.7293509813025594
19572 1 1620549 1.0 7.603630074299872
19573 1 1245845 1.0 10.549175087362528
19574 1 1926271 1.0 14.811040018685162
19575 1 1459467 1.0 4.876643070019782
19576 1 1036265 1.0 11.248945957049727
19577 1 1701359 1.0 7.879058015532792
19578 1 1809752 1.0 11.04542997200042
19579 1 2461082 1.0 10.183664038777351
19580 1 1559537 1.0 5.378706962801516
19581 1 1022341 1.0 5.545012070797384
19582 1 1257656 1.0 10.817715083248913
19583 1 1386180 1.0 15.08844899944961
19584 1 1066161 1.0 6.123253959231079
19585 1 1596275 1.0 3.3881949493661523
19586 1 1390780 1.0 10.09969599545002
19587 1 63607 1.0 7.187512004747987
19588 1 1525955 1.0 6.953753065317869
19589 1 2017032 1.0 5.398420966230333
19590 1 554 1.0 6.925704074092209
19591 1 112558 1.0 7.980066002346575
19592 1 2431105 1.0 5.631583975628018
19593 1 1623659 1.0 10.080085950903594
19594 1 1653250 1.0 9.960175957530737
19595 1 1203141 1.0 10.935939964838326
19596 1 532559 1.0 3.70288104750216
19597 1 49570 1.0 5.655865999870002
19598 1 1966521 1.0 7.6730550499632955
19599 1 982770 1.0 8.230527979321778
19600 1 668178 1.0 9.77760402020067
19601 1 1857925 1.0 10.007121018134058
19602 1 1692090 1.0 7.527231005951762
19603 1 667224 1.0 6.732439971528947
19604 1 1443132 1.0 10.945457965135574
19605 1 1970452 1.0 12.04093499109149
19606 1 1205557 1.0 12.287118006497622
19607 1 52587 1.0 7.740790955722332
19608 1 1696536 1.0 6.789657985791564
19609 1 20127 1.0 4.6790470369160175
19610 1 165354 1.0 3.0649049440398812
19611 1 493726 1.0 9.704189957119524
19612 1 1133701 1.0 13.11945600900799
19613 1 1554038 1.0 3.9397389627993107
19614 1 1477396 1.0 8.542895084246993
19615 1 1727670 1.0 12.999354978092015
19616 1 1525271 1.0 10.194391943514347
19617 1 1671525 1.0 5.076149012893438
19618 1 1634021 1.0 7.1010279934853315
19619 1 2408491 1.0 8.013562997803092
19620 1 902044 1.0 3.266839077696204
19621 1 555092 1.0 9.881615056656301
19622 1 720777 1.0 10.179379023611546
19623 1 926675 1.0 7.164047914557159
19624 1 1038309 1.0 5.603815079666674
19625 1 661782 1.0 9.769345982931554
19626 1 1405030 1.0 7.806007983162999
19627 1 788564 1.0 8.582965936511755
19628 1 355337 1.0 6.7450100323185325
19629 1 36592 1.0 3.3053989754989743
19630 1 450851 1.0 5.383982905186713
19631 1 1129085 1.0 3.6027709720656276
19632 1 2288541 1.0 7.035657996311784
19633 1 1052636 1.0 9.510813979431987
19634 1 1645355 1.0 3.7342869909480214
19635 1 1002893 1.0 12.028092052787542
19636 1 412414 1.0 10.764140984974802
19637 1 100475 1.0 5.6473539443686604
19638 1 800044 1.0 3.41329094953835
19639 1 484104 1.0 8.829021011479199
19640 1 1797947 1.0 6.771084037609398
19641 1 1966368 1.0 6.628487026318908
19642 1 2118253 1.0 5.483415094204247
19643 1 1472212 1.0 3.801940008997917
19644 1 1889742 1.0 3.7577589973807335
19645 1 545622 1.0 6.866452982649207
19646 1 1510019 1.0 7.714833016507328
19647 1 845146 1.0 13.065600069239736
19648 1 350349 1.0 10.25670999661088
19649 1 1761994 1.0 11.039100005291402
19650 1 1700313 1.0 4.520289017818868
19651 1 1450598 1.0 8.653662982396781
19652 1 636227 1.0 8.699416066519916
19653 1 1525313 1.0 12.78723799623549
19654 1 134926 1.0 4.165608086623251
19655 1 1935716 1.0 8.091096999123693
19656 1 1777440 1.0 15.227674972265959
19657 1 629475 1.0 10.950434021651745
19658 1 1548489 1.0 9.486616007052362
19659 1 1648262 1.0 7.667972939088941
19660 1 1541827 1.0 6.654485943727195
19661 1 573767 1.0 2.7792660985141993
19662 1 607183 1.0 11.503500980325043
19663 1 276166 1.0 6.844531046226621
19664 1 455710 1.0 7.294352049939334
19665 1 1681451 1.0 6.445498904213309
19666 1 1452856 1.0 11.50703092571348
19667 1 2227390 1.0 3.778313985094428
19668 1 1015351 1.0 11.95661595556885
19669 1 595544 1.0 6.303125061094761
19670 1 1163859 1.0 12.20144098624587
19671 1 1817635 1.0 2.9961629770696163
19672 1 844396 1.0 11.952894041314721
19673 1 2052126 1.0 11.128508020192385
19674 1 1960283 1.0 7.715496933087707
19675 1 1462348 1.0 14.647674979642034
19676 1 1433850 1.0 11.533049051649868
19677 1 1333315 1.0 11.461472953669727
19678 1 1585765 1.0 4.178634961135685
19679 1 1334536 1.0 4.0710639441385865
19680 1 1908876 1.0 7.400801056064665
19681 1 1530606 1.0 10.349274962209165
19682 1 821624 1.0 5.008992040529847
19683 1 1874633 1.0 12.848634971305728
19684 1 1050476 1.0 10.373758035711944
19685 1 402044 1.0 3.6647929809987545
19686 1 113541 1.0 3.433335921727121
19687 1 1474766 1.0 7.522586965933442
19688 1 1970343 1.0 9.760810993611813
19689 1 508514 1.0 3.0698960181325674
19690 1 438864 1.0 11.026656022295356
19691 1 29077 1.0 3.158723935484886
19692 1 1497340 1.0 9.885054896585643
19693 1 2197097 1.0 9.239820996299386
19694 1 323333 1.0 3.192085074260831
19695 1 311677 1.0 11.62747002672404
19696 1 25772 1.0 7.4179250514134765
19697 1 927867 1.0 6.648346898145974
19698 1 316806 1.0 3.036672016605735
19699 1 1920635 1.0 4.36223391443491
19700 1 1543129 1.0 5.168574047274888
19701 1 1049305 1.0 6.838395027443767
19702 1 1951755 1.0 10.597588028758764
19703 1 1959452 1.0 6.787025951780379
19704 1 825354 1.0 7.657151087187231
19705 1 1439281 1.0 7.573300041258335
19706 1 1673260 1.0 4.732700996100903
19707 1 161903 1.0 3.8411960704252124
19708 1 574994 1.0 7.61463597882539
19709 1 438777 1.0 6.6370980348438025
19710 1 482244 1.0 12.139277998358011
19711 1 1943974 1.0 10.159433004446328
19712 1 1401153 1.0 12.007271056063473
19713 1 198513 1.0 11.290578986518085
19714 1 1522204 1.0 11.413204949349165
19715 1 78960 1.0 7.555934018455446
19716 1 627369 1.0 9.599262033589184
19717 1 1150187 1.0 4.9013919197022915
19718 1 1566354 1.0 4.89325902890414
19719 1 279274 1.0 5.432254984043539
19720 1 2445311 1.0 3.5777579760178924
19721 1 514952 1.0 7.602585945278406
19722 1 520448 1.0 12.389471987262368
19723 1 1157097 1.0 12.42840790655464
19724 1 2443565 1.0 7.651019026525319
19725 1 9370 1.0 3.762118984013796
19726 1 1681235 1.0 5.285804974846542
19727 1 1269422 1.0 11.21172506827861
19728 1 2263425 1.0 4.998121992684901
19729 1 1712389 1.0 10.768908075988293
19730 1 825213 1.0 3.0302739469334483
19731 1 860074 1.0 11.574477073736489
19732 1 1517334 1.0 5.469804047606885
19733 1 1141290 1.0 12.106314999982715
19734 1 153591 1.0 3.3306570257991552
19735 1 538231 1.0 10.366082075051963
19736 1 2013745 1.0 3.111158963292837
19737 1 336878 1.0 3.678975044749677
19738 1 443482 1.0 7.578457938507199
19739 1 615938 1.0 4.631106974557042
19740 1 1323297 1.0 6.60236703697592
19741 1 840307 1.0 11.529956944286823
19742 1 1573523 1.0 14.52547695953399
19743 1 348342 1.0 5.0998879596591
19744 1 433560 1.0 3.49693198222667
19745 1 579894 1.0 6.2173339538276196
19746 1 154336 1.0 5.016374052502215
19747 1 1100508 1.0 11.175618972629309
19748 1 1991438 1.0 5.411299993284047
19749 1 146178 1.0 5.524629028514028
19750 1 1424125 1.0 4.8855149652808905
19751 1 1960511 1.0 3.49064904730767
19752 1 933564 1.0 5.3107800194993615
19753 1 1698938 1.0 5.493871052749455
19754 1 1700783 1.0 3.2073339680209756
19755 1 831479 1.0 11.9708749698475
19756 1 1730116 1.0 5.363474017940462
19757 1 2054193 1.0 7.593535003252327
19758 1 807512 1.0 10.417225072160363
19759 1 407040 1.0 11.318550910800695
19760 1 1079575 1.0 4.730583052150905
19761 1 1284789 1.0 9.556320030242205
19762 1 1484196 1.0 12.008902034722269
19763 1 1558501 1.0 11.98348100297153
19764 1 941660 1.0 6.781809031963348
19765 1 1931401 1.0 7.56460998672992
19766 1 615479 1.0 5.435463972389698
19767 1 897875 1.0 4.817106062546372
19768 1 1802825 1.0 10.221471078693867
19769 1 945410 1.0 5.560877965763211
19770 1 1230648 1.0 4.2027829913422465
19771 1 663998 1.0 11.689272010698915
19772 1 1157306 1.0 14.156133984215558
19773 1 1633746 1.0 7.577672018669546
19774 1 1660933 1.0 8.256698027253151
19775 1 385751 1.0 13.082519988529384
19776 1 1935548 1.0 5.669428966939449
19777 1 2052325 1.0 10.99820202216506
19778 1 1591326 1.0 13.0234370008111
19779 1 338641 1.0 10.227869031950831
19780 1 1001876 1.0 11.212618905119598
19781 1 1782283 1.0 9.81911295093596
19782 1 2117593 1.0 3.3699710620567203
19783 1 1139464 1.0 9.8091010004282
19784 1 1040842 1.0 4.014412988908589
19785 1 1486796 1.0 12.287543970160186
19786 1 816293 1.0 7.640683092176914
19787 1 595854 1.0 6.767494021914899
19788 1 1019484 1.0 12.751944945193827
19789 1 1966453 1.0 7.011226029135287
19790 1 378089 1.0 12.48349400702864
19791 1 2067776 1.0 12.666510068811476
19792 1 154175 1.0 7.925210054963827
19793 1 1155677 1.0 8.092629024758935
19794 1 663830 1.0 7.02463393099606
19795 1 737656 1.0 15.965968021191657
19796 1 1613474 1.0 9.863112936727703
19797 1 541009 1.0 5.298653966747224
19798 1 1687797 1.0 5.2612690487876534
19799 1 1933286 1.0 3.9538030978292227
19800 1 2347675 1.0 6.885783979669213
19801 1 1401885 1.0 9.026570012792945
19802 1 1537366 1.0 8.752382942475379
19803 1 544456 1.0 4.996946081519127
19804 1 1574571 1.0 9.842210914939642
19805 1 63628 1.0 5.037072929553688
19806 1 76051 1.0 7.214068085886538
19807 1 442540 1.0 5.735201993957162
19808 1 2457753 1.0 11.051526991650462
19809 1 1653710 1.0 5.51155093125999
19810 1 127288 1.0 10.792020941153169
19811 1 1609829 1.0 6.741365999914706
19812 1 1467127 1.0 12.122525949962437
19813 1 217184 1.0 3.4085609950125217
19814 1 493769 1.0 3.2380399061366916
19815 1 587387 1.0 4.748923936858773
19816 1 1518172 1.0 7.798929000273347
19817 1 1480128 1.0 3.836404997855425
19818 1 1859291 1.0 5.480926018208265
19819 1 741615 1.0 8.112712996080518
19820 1 1854123 1.0 2.4937749840319157
19821 1 1837750 1.0 3.460222971625626
19822 1 856035 1.0 10.99748199339956
19823 1 828756 1.0 9.627738036215305
19824 1 29346 1.0 12.496773968450725
19825 1 535215 1.0 6.743827951140702
19826 1 1067285 1.0 5.3833420388400555
19827 1 993435 1.0 5.906570935621858
19828 1 1790779 1.0 2.2255009971559048
19829 1 204100 1.0 2.6469860458746552
19830 1 2075647 1.0 7.43655301630497
19831 1 1564094 1.0 2.9674749821424484
19832 1 981080 1.0 12.070333934389055
19833 1 278254 1.0 3.372624982148409
19834 1 382195 1.0 5.513204960152507
19835 1 177701 1.0 6.687517045065761
19836 1 764809 1.0 10.571892955340445
19837 1 107434 1.0 9.30080795660615
19838 1 215244 1.0 4.88680403213948
19839 1 539377 1.0 11.332925991155207
19840 1 1530699 1.0 12.613142025656998
19841 1 1141378 1.0 10.136548080481589
19842 1 2259218 1.0 3.2889998983591795
19843 1 1091117 1.0 11.770177981816232
19844 1 457167 1.0 12.482141028158367
19845 1 1298671 1.0 11.00553700234741
19846 1 798864 1.0 4.453315050341189
19847 1 1688324 1.0 7.276986027136445
19848 1 1901523 1.0 10.867788922041655
19849 1 1881099 1.0 11.41319505404681
19850 1 1733453 1.0 11.211764998733997
19851 1 1622112 1.0 7.797177066095173
19852 1 153838 1.0 6.9377030013129115
19853 1 451892 1.0 4.8188489163294435
19854 1 586936 1.0 4.4443029910326
19855 1 1048300 1.0 7.2557569947093725
19856 1 1459513 1.0 5.722329951822758
19857 1 1428768 1.0 24.95212003123015
19858 1 1124161 1.0 27.81125600449741
19859 1 1729446 1.0 20.410356926731765
19860 1 1573381 1.0 31.911956029944122
19861 1 1094414 1.0 27.16527204029262
19862 1 1124564 1.0 28.148334939032793
19863 1 1456361 1.0 17.794804996810853
19864 1 1879883 1.0 27.738490025512874
19865 1 1174746 1.0 30.585559085011482
19866 1 1163383 1.0 26.522187050431967
19867 1 2065432 1.0 25.63253592234105
19868 1 1126510 1.0 24.389656959101558
19869 1 2067549 1.0 23.88285903725773
19870 1 1174451 1.0 24.96778208296746
19871 1 1631573 1.0 28.821137035265565
19872 1 843291 1.0 28.33765302784741
19873 1 1194776 1.0 26.038844953291118
19874 1 603324 1.0 25.44499095529318
19875 1 1048813 1.0 23.522040923126042
19876 1 152921 1.0 18.497087992727757
19877 1 833818 1.0 28.79716199822724
19878 1 1962618 1.0 29.466049978509545
19879 1 1501798 1.0 23.460539989173412
19880 1 1504399 1.0 16.087931930087507
19881 1 845715 1.0 29.5790689997375
19882 1 1096255 1.0 24.015389033593237
19883 1 1283063 1.0 28.47784000914544
19884 1 1988310 1.0 18.332839012145996
19885 1 1491978 1.0 25.33569699153304
19886 1 1299886 1.0 14.407085021957755
19887 1 1269671 1.0 15.54809499066323
19888 1 1173411 1.0 19.590973970480263
19889 1 33344 1.0 21.652064053341746
19890 1 1191158 1.0 19.301616004668176
19891 1 839066 1.0 24.724922026507556
19892 1 1365137 1.0 30.026847030967474
19893 1 1542265 1.0 25.66021995153278
19894 1 1215663 1.0 32.35149499960244
19895 1 1610405 1.0 21.082301973365247
19896 1 1089768 1.0 29.88766599446535
19897 1 1632036 1.0 16.491538961417973
19898 1 851837 1.0 27.39834296517074
19899 1 1507531 1.0 18.199284910224378
19900 1 1527226 1.0 23.794466047547758
19901 1 641300 1.0 26.30861394573003
19902 1 1164521 1.0 31.65771800559014
19903 1 1493782 1.0 26.30948508158326
19904 1 1533356 1.0 28.508477029390633
19905 1 1243294 1.0 21.002631983719766
19906 1 1128352 1.0 27.048137970268726
19907 1 1781804 1.0 16.729642054997385
19908 1 1921208 1.0 17.975143040530384
19909 1 1136905 1.0 30.23328899871558
19910 1 1436747 1.0 26.663466007448733
19911 1 465217 1.0 22.935244953259826
19912 1 1488076 1.0 30.97386099398136
19913 1 1513909 1.0 25.479086092673242
19914 1 1138292 1.0 25.372972013428807
19915 1 1319078 1.0 18.744464963674545
19916 1 1569239 1.0 32.336228992789984
19917 1 510128 1.0 26.68937691487372
19918 1 1197723 1.0 15.056775999255478
19919 1 1249373 1.0 16.263950965367258
19920 1 1162168 1.0 19.64750001206994
19921 1 719975 1.0 18.436423037201166
19922 1 1034298 1.0 28.30215508583933
19923 1 1153684 1.0 27.940233005210757
19924 1 1190579 1.0 33.14673400018364
19925 1 1208583 1.0 24.44197202567011
19926 1 2031117 1.0 32.14957204181701
19927 1 1515569 1.0 24.97464104089886
19928 1 1036527 1.0 19.300220999866724
19929 1 408596 1.0 23.439413984306157
19930 1 1514296 1.0 18.53626302909106
19931 1 1193028 1.0 11.04023796506226
19932 1 2053083 1.0 28.405047953128815
19933 1 543972 1.0 33.484712010249496
19934 1 892654 1.0 28.50994805339724
19935 1 1256914 1.0 31.870011007413268
19936 1 819383 1.0 14.910617959685624
19937 1 854043 1.0 25.99602600093931
19938 1 34287 1.0 14.804168022237718
19939 1 1157296 1.0 30.886716907843947
19940 1 625429 1.0 13.952985987998545
19941 1 1209707 1.0 27.820997056551278
19942 1 1057319 1.0 17.543404013849795
19943 1 1170346 1.0 25.388977956026793
19944 1 813437 1.0 27.56965102162212
19945 1 1079947 1.0 25.760514894500375
19946 1 1408060 1.0 29.81683996040374
19947 1 1420848 1.0 15.107847983017564
19948 1 1452559 1.0 22.148151067085564
19949 1 1458901 1.0 29.483784921467304
19950 1 1951906 1.0 14.343101996928453
19951 1 1042891 1.0 19.15843295864761
19952 1 1438077 1.0 27.756421943195164
19953 1 1298662 1.0 28.332320973277092
19954 1 2071149 1.0 12.551932013593614
19955 1 1688720 1.0 22.59176899679005
19956 1 1628641 1.0 24.296564981341362
19957 1 1057239 1.0 24.782052962109447
19958 1 1054451 1.0 14.995711972005665
19959 1 1293812 1.0 16.445449902676046
19960 1 392947 1.0 31.282878946512938
19961 1 608916 1.0 28.104213066399097
19962 1 1476461 1.0 25.440947036258876
19963 1 1113015 1.0 18.227946013212204
19964 1 1476504 1.0 24.399229092523456
19965 1 1086920 1.0 22.93436205945909
19966 1 1069208 1.0 16.912288032472134
19967 1 1061442 1.0 28.70046196039766
19968 1 1117564 1.0 26.024822960607708
19969 1 2048973 1.0 24.267529952339828
19970 1 1498012 1.0 25.63708508387208
19971 1 1561432 1.0 28.305014013312757
19972 1 1576247 1.0 16.208021086640656
19973 1 625800 1.0 25.48363897949457
19974 1 1421325 1.0 23.612197022885084
19975 1 1189895 1.0 28.149115038104355
19976 1 2054654 1.0 31.492427922785282
19977 1 1115986 1.0 22.216558107174933
19978 1 2065226 1.0 34.72724405582994
19979 1 2265563 1.0 31.766686006449163
19980 1 2051698 1.0 20.55373101029545
19981 1 1085550 1.0 27.50806009862572
19982 1 1492745 1.0 28.646202059462667
19983 1 263543 1.0 15.513279009610415
19984 1 936003 1.0 20.627705031074584
19985 1 1134064 1.0 19.30694200564176
19986 1 1150134 1.0 34.443821059539914
19987 1 1468002 1.0 25.21599899046123
19988 1 1640840 1.0 18.53338594082743
19989 1 1088439 1.0 21.317588980309665
19990 1 1056639 1.0 20.224403007887304
19991 1 1309616 1.0 27.035610983148217
19992 1 423140 1.0 22.410594043321908
19993 1 552890 1.0 15.017871977761388
19994 1 1001306 1.0 31.007440062239766
19995 1 1207194 1.0 16.434984980151057
19996 1 1411799 1.0 22.01997907832265
19997 1 1148944 1.0 20.730067044496536
19998 1 1053982 1.0 18.20006303023547
19999 1 2052406 1.0 25.09562496561557
20000 1 1176964 1.0 20.875893998891115
20001 1 923512 1.0 21.114109084010124
20002 1 2074858 1.0 29.998607002198696
20003 1 1047800 1.0 32.295431941747665
20004 1 1191703 1.0 20.09114797692746
20005 1 1414942 1.0 27.20288699492812
20006 1 1576570 1.0 24.036827962845564
20007 1 1428540 1.0 28.92200998030603
20008 1 1370074 1.0 24.733225000090897
20009 1 1630931 1.0 17.92731392197311
20010 1 1759994 1.0 19.59003205411136
20011 1 1246668 1.0 31.918353051878512
20012 1 921102 1.0 29.442547005601227
20013 1 1510411 1.0 23.440379067324102
20014 1 1539137 1.0 24.79317900724709
20015 1 1239995 1.0 22.318155970424414
20016 1 1424804 1.0 21.63307904265821
20017 1 1197187 1.0 25.478442083112895
20018 1 1178970 1.0 29.31627002544701
20019 1 1672813 1.0 21.27779391594231
20020 1 1610127 1.0 21.382628940045834
20021 1 2090232 1.0 23.02569802850485
20022 1 1022418 1.0 23.927231086418033
20023 1 579377 1.0 28.26803899370134
20024 1 1566119 1.0 24.055516929365695
20025 1 471070 1.0 14.347540913149714
20026 1 1429080 1.0 26.844721054658294
20027 1 2077403 1.0 22.50757603906095
20028 1 2072588 1.0 16.75001997500658
20029 1 1043648 1.0 22.37164508551359
20030 1 1178843 1.0 14.269942999817431
20031 1 818448 1.0 29.138338984921575
20032 1 522108 1.0 22.364828968420625
20033 1 1308616 1.0 29.848221922293305
20034 1 981481 1.0 27.645009919069707
20035 1 1628845 1.0 21.021689986810088
20036 1 630559 1.0 27.076305937953293
20037 1 1102017 1.0 30.679626972414553
20038 1 1458592 1.0 23.876972030848265
20039 1 2090041 1.0 22.450077929534018
20040 1 885774 1.0 18.095741979777813
20041 1 1021933 1.0 25.205646990798414
20042 1 2050492 1.0 24.365750956349075
20043 1 812105 1.0 31.046635936945677
20044 1 1205524 1.0 30.134728993289173
20045 1 579785 1.0 32.820302061736584
20046 1 996213 1.0 28.5934949060902
20047 1 1719127 1.0 29.41582805942744
20048 1 1167944 1.0 21.221659961156547
20049 1 2031339 1.0 30.647962004877627
20050 1 1528767 1.0 31.067306990735233
20051 1 828622 1.0 25.502420961856842
20052 1 1083194 1.0 29.873291961848736
20053 1 1509839 1.0 20.60321404132992
20054 1 1100058 1.0 23.702855920419097
20055 1 1368304 1.0 22.91249204427004
20056 1 1496958 1.0 31.953722005710006
20057 1 450648 1.0 24.983381968922913
20058 1 1064358 1.0 30.25238204281777
20059 1 1595415 1.0 27.630144963040948
20060 1 1109942 1.0 17.423020908609033
20061 1 1120180 1.0 31.998216989450157
20062 1 1693490 1.0 30.270353076048195
20063 1 2107785 1.0 26.004815008491278
20064 1 256350 1.0 28.52488192729652
20065 1 445516 1.0 28.313396032899618
20066 1 1467643 1.0 27.991847950033844
20067 1 398252 1.0 24.860444013029337
20068 1 631709 1.0 23.0870780069381
20069 1 1475721 1.0 29.697983991354704
20070 1 1537778 1.0 12.94394803699106
20071 1 1121857 1.0 26.293747941963375
20072 1 1182216 1.0 24.41298996564001
20073 1 1085461 1.0 16.413433011621237
20074 1 1114141 1.0 21.07997704297304
20075 1 1568911 1.0 18.896048073656857
20076 1 1212087 1.0 23.424651008099318
20077 1 1142994 1.0 24.65439692605287
20078 1 1064679 1.0 22.306291037239134
20079 1 536823 1.0 21.28043200355023
20080 1 1079198 1.0 28.746096068061888
20081 1 1150358 1.0 17.658262979239225
20082 1 1126764 1.0 20.14255302492529
20083 1 372997 1.0 15.971875982359052
20084 1 1056012 1.0 12.45981699321419
20085 1 2074369 1.0 23.73739902395755
20086 1 1484093 1.0 29.141889070160687
20087 1 1597508 1.0 14.500235905870795
20088 1 1005284 1.0 21.186135010793805
20089 1 1552770 1.0 14.170189970172942
20090 1 993294 1.0 14.025270938873291
20091 1 571707 1.0 28.07289094198495
20092 1 1237955 1.0 22.147070965729654
20093 1 1707527 1.0 14.276465051807463
20094 1 1162539 1.0 23.106642067432404
20095 1 1769196 1.0 31.71298501547426
20096 1 1252468 1.0 24.015421979129314
20097 1 990652 1.0 22.50944497063756
20098 1 86948 1.0 22.51882292330265
20099 1 1614828 1.0 25.62877000309527
20100 1 1487358 1.0 16.385825001634657
20101 1 1824404 1.0 28.680038056336343
20102 1 2073619 1.0 30.90756095480174
20103 1 1022504 1.0 31.763384002260864
20104 1 2047806 1.0 28.5996668972075
20105 1 1033770 1.0 24.261779966764152
20106 1 1505491 1.0 22.929517086595297
20107 1 2107304 1.0 28.957094997167587
20108 1 1173168 1.0 29.82870489358902
20109 1 1182513 1.0 27.08609600085765
20110 1 1102165 1.0 23.0461509199813
20111 1 1395464 1.0 26.416992070153356
20112 1 1045325 1.0 27.88539696484804
20113 1 1107789 1.0 22.939027985557914
20114 1 1304774 1.0 20.576450042426586
20115 1 1197223 1.0 21.07808704022318
20116 1 1502970 1.0 25.004894006997347
20117 1 1105809 1.0 20.963014918379486
20118 1 2358441 1.0 31.28271596506238
20119 1 644062 1.0 24.4570670183748
20120 1 1571196 1.0 34.60167092271149
20121 1 1521221 1.0 16.159081016667187
20122 1 1028234 1.0 19.606831017881632
20123 1 1028280 1.0 14.684193069115281
20124 1 239107 1.0 17.71187107078731
20125 1 1079001 1.0 23.223862051963806
20126 1 2220554 1.0 19.472810090519488
20127 1 1126862 1.0 28.44583708792925
20128 1 1492851 1.0 18.327079946175218
20129 1 1024352 1.0 35.33153492026031
20130 1 1451298 1.0 19.946067943237722
20131 1 1305469 1.0 30.781294917687774
20132 1 1050870 1.0 19.03504692018032
20133 1 1564432 1.0 31.672184006311
20134 1 1206531 1.0 14.067885000258684
20135 1 580181 1.0 20.801521954126656
20136 1 1460635 1.0 29.874700005166233
20137 1 453355 1.0 15.373995993286371
20138 1 991158 1.0 14.673506026156247
20139 1 1106055 1.0 20.18524892628193
20140 1 1424265 1.0 16.378671978600323
20141 1 1164264 1.0 31.650837045162916
20142 1 376870 1.0 14.740629936568439
20143 1 1619365 1.0 28.71855697594583
20144 1 2370393 1.0 22.940619965083897
20145 1 1232654 1.0 15.759621979668736
20146 1 1269969 1.0 18.95214000251144
20147 1 1574316 1.0 23.791501997038722
20148 1 1339893 1.0 25.747483945451677
20149 1 1440554 1.0 14.217634918168187
20150 1 2072930 1.0 31.23705496545881
20151 1 1789510 1.0 22.364247008226812
20152 1 281276 1.0 33.82364101707935
20153 1 1136133 1.0 32.152718980796635
20154 1 2083932 1.0 21.543293027207255
20155 1 1421853 1.0 32.98515500500798
20156 1 2036265 1.0 19.499113084748387
20157 1 1551155 1.0 20.453007891774178
20158 1 852185 1.0 29.45562801323831
20159 1 479062 1.0 16.88600203488022
20160 1 1572228 1.0 30.54374095518142
20161 1 1467504 1.0 39.11203006282449
20162 1 1324434 1.0 27.454969007521868
20163 1 2072573 1.0 24.092981009744108
20164 1 1165450 1.0 16.962348017841578
20165 1 1409159 1.0 19.476022920571268
20166 1 1043331 1.0 26.94239397533238
20167 1 1282038 1.0 26.180519023910165
20168 1 1091233 1.0 31.05726803187281
20169 1 607203 1.0 18.810781999491155
20170 1 2071181 1.0 24.46759503800422
20171 1 2388539 1.0 33.96766004152596
20172 1 672040 1.0 23.8314860034734
20173 1 1186695 1.0 35.07388290017843
20174 1 988470 1.0 27.414039010182023
20175 1 1801693 1.0 15.545038972049952
20176 1 962529 1.0 30.542684951797128
20177 1 1066361 1.0 27.05913200043142
20178 1 1062980 1.0 19.014500081539154
20179 1 988921 1.0 27.593792998231947
20180 1 661986 1.0 34.08998006489128
20181 1 1292114 1.0 23.082484025508165
20182 1 2059304 1.0 28.764684917405248
20183 1 1497729 1.0 16.216796939261258
20184 1 1360342 1.0 29.136001016013324
20185 1 1175858 1.0 18.7211399897933
20186 1 1491645 1.0 13.797609019093215
20187 1 1166946 1.0 22.84073003102094
20188 1 450564 1.0 21.784484037198126
20189 1 571295 1.0 23.356606950983405
20190 1 1507594 1.0 23.035486927255988
20191 1 1148171 1.0 30.602907994762063
20192 1 1988018 1.0 24.131707032211125
20193 1 618010 1.0 25.756383081898093
20194 1 1570527 1.0 27.867406024597585
20195 1 1474459 1.0 23.862337111495435
20196 1 1083035 1.0 32.83967694733292
20197 1 1945949 1.0 18.135142978280783
20198 1 2049355 1.0 28.57632900122553
20199 1 1161261 1.0 28.070179047062993
20200 1 1149221 1.0 17.1946850605309
20201 1 1193796 1.0 23.951501003466547
20202 1 1629943 1.0 16.93905098363757
20203 1 1459219 1.0 18.42694904189557
20204 1 1547738 1.0 23.829972953535616
20205 1 2056621 1.0 24.64062999933958
20206 1 2046418 1.0 26.79393393918872
20207 1 1129191 1.0 19.856372964568436
20208 1 1510409 1.0 31.17589105386287
20209 1 1407503 1.0 23.738672025501728
20210 1 1694849 1.0 22.575910086743534
20211 1 2066896 1.0 24.049413041211665
20212 1 1895760 1.0 25.15011199284345
20213 1 1525244 1.0 15.035881893709302
20214 1 1456172 1.0 16.68093295302242
20215 1 2387579 1.0 18.19821703247726
20216 1 1473677 1.0 25.235499953851104
20217 1 1432162 1.0 11.795777012594044
20218 1 1107771 1.0 26.293016970157623
20219 1 2090909 1.0 20.824022009037435
20220 1 1268764 1.0 18.986126058734953
20221 1 2375122 1.0 13.392101973295212
20222 1 1125873 1.0 25.44016402680427
20223 1 1510419 1.0 20.675856969319284
20224 1 781011 1.0 11.220789048820734
20225 1 1072178 1.0 22.540677920915186
20226 1 2088547 1.0 23.978437995538116
20227 1 1122540 1.0 24.227819056250155
20228 1 1507143 1.0 23.633476928807795
20229 1 1293290 1.0 24.85596004407853
20230 1 1553144 1.0 19.43833997938782
20231 1 1033573 1.0 24.328637053258717
20232 1 1448292 1.0 22.63175800908357
20233 1 1143751 1.0 15.01376403030008
20234 1 549116 1.0 18.703100038692355
20235 1 2070508 1.0 29.198874020949006
20236 1 938459 1.0 17.488647950813174
20237 1 1030135 1.0 26.84189402498305
20238 1 1700503 1.0 13.699322007596493
20239 1 1461390 1.0 22.98853499814868
20240 1 1501208 1.0 28.704389929771423
20241 1 1976063 1.0 22.487204056233168
20242 1 1504159 1.0 28.617701958864927
20243 1 1299997 1.0 23.210290004499257
20244 1 533809 1.0 17.99877395387739
20245 1 1161297 1.0 17.373237991705537
20246 1 1616488 1.0 14.889047015458345
20247 1 1300263 1.0 22.94600789900869
20248 1 1798226 1.0 26.88151807524264
20249 1 2083385 1.0 23.565712035633624
20250 1 1038024 1.0 14.055464998818934
20251 1 1697265 1.0 17.17790204565972
20252 1 1697882 1.0 22.71281904540956
20253 1 2071944 1.0 28.0136379878968
20254 1 1091777 1.0 30.918167904019356
20255 1 1519718 1.0 22.1433270489797
20256 1 1487968 1.0 20.696051069535315
20257 1 659486 1.0 21.922982996329665
20258 1 1302197 1.0 25.714384973980486
20259 1 1532561 1.0 33.15181809011847
20260 1 566618 1.0 24.11051606759429
20261 1 1620115 1.0 22.20659505110234
20262 1 1490121 1.0 15.232581994496286
20263 1 1007110 1.0 29.14018905721605
20264 1 2140241 1.0 20.88071603793651
20265 1 1281360 1.0 20.062873023562133
20266 1 669088 1.0 32.849297975189984
20267 1 439328 1.0 16.97504404000938
20268 1 1331962 1.0 30.62567289453
20269 1 628002 1.0 25.02238203305751
20270 1 2055011 1.0 23.517712019383907
20271 1 1559835 1.0 27.719930978491902
20272 1 140734 1.0 14.256350928917527
20273 1 572955 1.0 15.60934295412153
20274 1 1470810 1.0 23.879528045654297
20275 1 1729531 1.0 15.314880991354585
20276 1 617908 1.0 23.790108039975166
20277 1 1056543 1.0 18.907799036242068
20278 1 87063 1.0 20.70566196925938
20279 1 857576 1.0 25.398867903277278
20280 1 1313861 1.0 28.808402945287526
20281 1 2075049 1.0 19.103472004644573
20282 1 1427075 1.0 24.977345019578934
20283 1 1413391 1.0 13.81773001048714
20284 1 1515500 1.0 21.361824008636177
20285 1 1257697 1.0 15.568676055409014
20286 1 1484092 1.0 21.276416955515742
20287 1 1475265 1.0 14.357066014781594
20288 1 1497713 1.0 32.52856805920601
20289 1 1179081 1.0 20.507301087491214
20290 1 1161698 1.0 15.048993984237313
20291 1 1463784 1.0 22.10132696200162
20292 1 1161904 1.0 15.507109928876162
20293 1 1520479 1.0 26.3914680108428
20294 1 1385030 1.0 28.51841493975371
20295 1 2072602 1.0 25.929249939508736
20296 1 2068216 1.0 28.951579006388783
20297 1 2049233 1.0 24.660750990733504
20298 1 1445206 1.0 29.10800906829536
20299 1 1909000 1.0 12.957209954038262
20300 1 1376952 1.0 24.64272396173328
20301 1 2346850 1.0 14.428350026719272
20302 1 455920 1.0 16.00630907341838
20303 1 1189677 1.0 18.29934900160879
20304 1 1129824 1.0 24.944189004600048
20305 1 1798381 1.0 33.07129500899464
20306 1 1172565 1.0 25.488149956800044
20307 1 1057561 1.0 24.372656014747918
20308 1 1369454 1.0 22.490476025268435
20309 1 1083446 1.0 20.88813402224332
20310 1 829674 1.0 18.908923026174307
20311 1 1458906 1.0 25.32372297719121
20312 1 1427253 1.0 22.707769996486604
20313 1 1615515 1.0 23.972892900928855
20314 1 531514 1.0 30.4538500495255
20315 1 1005418 1.0 19.51386604923755
20316 1 1573425 1.0 29.26272200420499
20317 1 1150120 1.0 22.389148944057524
20318 1 1802224 1.0 14.515658956952393
20319 1 1120384 1.0 27.63965306803584
20320 1 2030360 1.0 23.56758201494813
20321 1 1015889 1.0 15.541059081442654
20322 1 2030288 1.0 25.007194955833256
20323 1 1104099 1.0 23.084645974449813
20324 1 1856807 1.0 23.585736053064466
20325 1 2097153 1.0 30.260562081821263
20326 1 1518853 1.0 22.796990000642836
20327 1 844764 1.0 17.982874996960163
20328 1 634719 1.0 21.592436940409243
20329 1 148739 1.0 21.6217499691993
20330 1 1598742 1.0 15.357786905951798
20331 1 1146840 1.0 23.441084078513086
20332 1 566111 1.0 18.740894040092826
20333 1 1029116 1.0 29.07891303766519
20334 1 2051795 1.0 29.50782503467053
20335 1 1043859 1.0 24.334474001079798
20336 1 1108918 1.0 32.32170396950096
20337 1 1568475 1.0 15.708565013483167
20338 1 1917356 1.0 27.629663003608584
20339 1 779742 1.0 15.446120058186352
20340 1 2031805 1.0 32.085024984553456
20341 1 1017274 1.0 27.653999044559896
20342 1 1070767 1.0 21.24264999292791
20343 1 2426641 1.0 25.26787098031491
20344 1 1482760 1.0 32.40412299055606
20345 1 1780156 1.0 26.623134966939688
20346 1 2033261 1.0 28.366912971250713
20347 1 1480466 1.0 26.16471005603671
20348 1 1376617 1.0 26.563031948171556
20349 1 479744 1.0 30.249400064349174
20350 1 1024352 1.0 30.189647106453776
20351 1 1241600 1.0 30.2076080115512
20352 1 842522 1.0 19.538920954801142
20353 1 400388 1.0 26.14180906675756
20354 1 857519 1.0 29.942064080387354
20355 1 1487290 1.0 28.477318002842367
20356 1 1053003 1.0 28.676690999418497
20357 1 2105845 1.0 38.418643991462886
20358 1 1121695 1.0 46.63031408563256
20359 1 1189741 1.0 41.57164297066629
20360 1 1207149 1.0 35.49603302963078
20361 1 1407415 1.0 41.93573794327676
20362 1 899869 1.0 42.456388007849455
20363 1 207794 1.0 33.976281993091106
20364 1 1024204 1.0 32.50945592299104
20365 1 1034272 1.0 41.004245984368026
20366 1 2410137 1.0 34.45428400300443
20367 1 1131996 1.0 35.96728900447488
20368 1 2071342 1.0 37.77579904999584
20369 1 1473408 1.0 47.75312100537121
20370 1 2109090 1.0 44.707147986628115
20371 1 542971 1.0 31.932318932376802
20372 1 1176195 1.0 38.65011502057314
20373 1 2071588 1.0 39.612749009393156
20374 1 1008622 1.0 39.841693942435086
20375 1 1100880 1.0 36.43914498388767
20376 1 1172872 1.0 35.491510992869735
20377 1 1123710 1.0 35.197663004510105
20378 1 1469357 1.0 32.75788901373744
20379 1 1004145 1.0 37.359401932917535
20380 1 2070030 1.0 39.353369968011975
20381 1 619664 1.0 33.529336913488805
20382 1 1571717 1.0 40.68901599384844
20383 1 2072761 1.0 39.29970203898847
20384 1 1572101 1.0 37.67674101982266
20385 1 1455628 1.0 31.6546019166708
20386 1 1129163 1.0 32.36098005436361
20387 1 1486876 1.0 32.20493404660374
20388 1 1469965 1.0 43.9638770185411
20389 1 1153502 1.0 36.264341906644404
20390 1 1044491 1.0 36.03345900774002
20391 1 2106965 1.0 37.16860001441091
20392 1 1135892 1.0 37.77339099906385
20393 1 1243543 1.0 35.5514349648729
20394 1 1634702 1.0 37.53992996644229
20395 1 2051687 1.0 35.36870901007205
20396 1 1007763 1.0 39.194926037453115
20397 1 1692139 1.0 36.39311506412923
20398 1 1071252 1.0 31.64348192512989
20399 1 827242 1.0 41.358178947120905
20400 1 1662739 1.0 35.231968970038
20401 1 1260055 1.0 34.559032996185124
20402 1 1014940 1.0 39.92246801499277
20403 1 1431175 1.0 39.345478056930006
20404 1 822927 1.0 35.70332902017981
20405 1 1639841 1.0 32.39847696386278
20406 1 983070 1.0 33.319570007734
20407 1 1618829 1.0 37.97804599162191
20408 1 1450023 1.0 39.939346024766564
20409 1 2092369 1.0 37.57266001775861
20410 1 1593611 1.0 38.81385095883161
20411 1 2091420 1.0 36.120144999586046
20412 1 1649651 1.0 33.60660397447646
20413 1 2085925 1.0 41.35716997552663
20414 1 1317336 1.0 34.34670891147107
20415 1 1100792 1.0 36.703014047816396
20416 1 1174754 1.0 35.694967955350876
20417 1 2090292 1.0 43.48722891882062
20418 1 808401 1.0 38.724781945347786
20419 1 1438430 1.0 38.6258129728958
20420 1 1106841 1.0 37.10870596114546
20421 1 1206161 1.0 33.78366702236235
20422 1 1175534 1.0 39.595440961420536
20423 1 1860529 1.0 41.396877029910684
20424 1 2369394 1.0 33.397833933122456
20425 1 482105 1.0 33.84506807196885
20426 1 2030814 1.0 39.23611401114613
20427 1 1144386 1.0 31.74461901653558
20428 1 1669905 1.0 38.2220329483971
20429 1 1650524 1.0 37.37319097854197
20430 1 1380183 1.0 41.48921393789351
20431 1 1060306 1.0 35.79585405532271
20432 1 1126450 1.0 37.14212391059846
20433 1 595063 1.0 32.083068042993546
20434 1 1183965 1.0 30.319130048155785
20435 1 1162403 1.0 35.21563799586147
20436 1 2110738 1.0 41.10358702018857
20437 1 1128549 1.0 36.11421200912446
20438 1 1406278 1.0 38.29680394846946
20439 1 1053318 1.0 42.29023598600179
20440 1 1034736 1.0 39.65688403695822
20441 1 1416370 1.0 40.045640082098544
20442 1 1092682 1.0 37.51810500398278
20443 1 560945 1.0 35.66325700376183
20444 1 1162922 1.0 35.058356006629765
20445 1 1800467 1.0 39.95451098307967
20446 1 1556963 1.0 38.887317990884185
20447 1 1531939 1.0 39.50129100121558
20448 1 1070799 1.0 38.013400975614786
20449 1 1298151 1.0 34.27176200784743
20450 1 1487698 1.0 39.849331020377576
20451 1 427214 1.0 39.9405499920249
20452 1 604592 1.0 40.739108924753964
20453 1 1262147 1.0 37.9151520319283
20454 1 1045177 1.0 32.528650015592575
20455 1 1132230 1.0 34.9658610066399
20456 1 1076824 1.0 39.99394096899778
20457 1 1271605 1.0 34.56986101809889
20458 1 820054 1.0 35.34533304627985
20459 1 1076500 1.0 38.61522092483938
20460 1 2065099 1.0 34.51452997978777
20461 1 1104168 1.0 37.37526596523821
20462 1 1572366 1.0 37.34332206659019
20463 1 614742 1.0 33.89600198715925
20464 1 1459229 1.0 30.629864893853664
20465 1 1077596 1.0 40.26067198719829
20466 1 2070380 1.0 37.012146902270615
20467 1 1510224 1.0 40.7439440023154
20468 1 1528906 1.0 38.29089901410043
20469 1 1346541 1.0 34.48577004019171
20470 1 2292280 1.0 40.75189505238086
20471 1 999508 1.0 36.15194105077535
20472 1 847264 1.0 34.21712596900761
20473 1 1559521 1.0 41.163300978951156
20474 1 1451702 1.0 40.52124195732176
20475 1 2113183 1.0 39.849750930443406
20476 1 2072334 1.0 37.569332984276116
20477 1 1498253 1.0 39.68619497027248
20478 1 2087953 1.0 36.6383190266788
20479 1 1665412 1.0 33.346390002407134
20480 1 1451308 1.0 37.109058001078665
20481 1 2112084 1.0 34.880629973486066
20482 1 1513967 1.0 37.50401397701353
20483 1 834877 1.0 32.93674404267222
20484 1 1496688 1.0 41.99715598952025
20485 1 1442144 1.0 31.055941013619304
20486 1 1111424 1.0 39.40641996450722
20487 1 1099150 1.0 44.245891040191054
20488 1 1168695 1.0 35.45692004263401
20489 1 1576781 1.0 38.05302793625742
20490 1 2057114 1.0 33.41421694494784
20491 1 1433014 1.0 42.85238299053162
20492 1 1294849 1.0 32.746506039984524
20493 1 1558215 1.0 40.4710890725255
20494 1 1476656 1.0 40.16172594856471
20495 1 1314417 1.0 43.58123708516359
20496 1 1641232 1.0 40.37379298824817
20497 1 986309 1.0 38.63673796877265
20498 1 1060372 1.0 37.974169943481684
20499 1 1065139 1.0 38.02826791070402
20500 1 2048965 1.0 31.937989057041705
20501 1 853815 1.0 38.688755012117326
20502 1 1049940 1.0 34.17817899025977
20503 1 1621414 1.0 38.979902979917824
20504 1 1489152 1.0 38.005053997039795
20505 1 1163420 1.0 35.47911299392581
20506 1 1077928 1.0 37.91348694358021
20507 1 2092492 1.0 41.780681000091136
20508 1 1844938 1.0 39.48704292997718
20509 1 1228910 1.0 33.208929002285004
20510 1 1494494 1.0 32.337270909920335
20511 1 1206653 1.0 39.42864597775042
20512 1 2105902 1.0 36.81568999309093
20513 1 1140487 1.0 43.262129998765886
20514 1 1238640 1.0 36.52159695047885
20515 1 1135383 1.0 34.33409600984305
20516 1 1037810 1.0 36.46635601762682
20517 1 2106351 1.0 30.127553967759013
20518 1 834544 1.0 33.0091790528968
20519 1 1090432 1.0 31.04091004934162
20520 1 1177616 1.0 38.133658934384584
20521 1 1493855 1.0 38.152678054757416
20522 1 1001339 1.0 34.78217194788158
20523 1 959461 1.0 39.754652068950236
20524 1 1511053 1.0 37.11992606986314
20525 1 2053831 1.0 40.55663896724582
20526 1 1137048 1.0 37.39904402755201
20527 1 2067276 1.0 34.80312996543944
20528 1 1053511 1.0 37.087233969941735
20529 1 1070449 1.0 38.784176926128566
20530 1 2049858 1.0 35.39133002050221
20531 1 2091600 1.0 39.04005198273808
20532 1 1001548 1.0 34.62567296810448
20533 1 1297697 1.0 33.37063197977841
20534 1 1638451 1.0 38.79590495489538
20535 1 1000299 1.0 37.87153505254537
20536 1 1166143 1.0 37.31768997386098
20537 1 958904 1.0 41.200353065505624
20538 1 1136913 1.0 36.77634405903518
20539 1 1106921 1.0 33.221949939616024
20540 1 1555697 1.0 36.79312905296683
20541 1 1986794 1.0 37.79769106768072
20542 1 1146063 1.0 35.80851200968027
20543 1 815355 1.0 33.007718971930444
20544 1 1012652 1.0 36.85786307323724
20545 1 1073540 1.0 33.910684986039996
20546 1 517112 1.0 36.93737497087568
20547 1 1080866 1.0 39.68423290643841
20548 1 1432643 1.0 35.57822306174785
20549 1 1387975 1.0 41.98537894990295
20550 1 1001667 1.0 40.8400809392333
20551 1 2114359 1.0 32.530048047192395
20552 1 641150 1.0 32.989716972224414
20553 1 1262802 1.0 33.82529295049608
20554 1 861320 1.0 35.77455296181142
20555 1 1110501 1.0 36.91514802630991
20556 1 2078098 1.0 38.28326100483537
20557 1 1793441 1.0 39.39024300780147
20558 1 834203 1.0 36.07156791258603
20559 1 2073197 1.0 33.66360696963966
20560 1 1349103 1.0 38.01018791273236
20561 1 1152742 1.0 32.884257030673325
20562 1 1110253 1.0 34.13621010258794
20563 1 1108620 1.0 36.130557069554925
20564 1 838638 1.0 41.02539806626737
20565 1 2092238 1.0 38.36882300674915
20566 1 1492350 1.0 35.11698299553245
20567 1 2057627 1.0 39.165191003121436
20568 1 1206647 1.0 31.103412969969213
20569 1 1542717 1.0 32.0958310039714
20570 1 1519823 1.0 39.2757139634341
20571 1 640893 1.0 34.03686301317066
20572 1 1472990 1.0 39.17782101780176
20573 1 2053582 1.0 34.90936302114278
20574 1 1005539 1.0 37.00632299296558
20575 1 1868579 1.0 35.93737503979355
20576 1 2065255 1.0 39.76504202000797
20577 1 1555647 1.0 38.70869695674628
20578 1 1555116 1.0 37.86806692369282
20579 1 1003415 1.0 37.21690794918686
20580 1 1428769 1.0 38.23564306367189
20581 1 1247796 1.0 39.63373403530568
20582 1 2413762 1.0 41.010087938047945
20583 1 1022067 1.0 32.8082739142701
20584 1 2027241 1.0 40.94019706826657
20585 1 2056355 1.0 40.25414097122848
20586 1 1139676 1.0 38.36331004276872
20587 1 1071856 1.0 33.304465003311634
20588 1 2056616 1.0 33.128721988759935
20589 1 495102 1.0 34.06888002064079
20590 1 1607541 1.0 35.86496692150831
20591 1 467531 1.0 41.10532894264907
20592 1 1246214 1.0 39.52776303049177
20593 1 395500 1.0 35.57342104613781
20594 1 1081377 1.0 37.13274793699384
20595 1 1306729 1.0 34.99411593656987
20596 1 1349374 1.0 34.90056598093361
20597 1 1290046 1.0 32.91824797634035
20598 1 1135385 1.0 38.30520203337073
20599 1 1160822 1.0 37.245366955175996
20600 1 1195086 1.0 37.52950206398964
20601 1 1605789 1.0 34.155690926127136
20602 1 1172712 1.0 37.6801339443773
20603 1 1182199 1.0 36.635583033785224
20604 1 1535139 1.0 33.90273405238986
20605 1 581057 1.0 40.24620808195323
20606 1 2091413 1.0 35.571597982198
20607 1 2067018 1.0 32.966325990855694
20608 1 442752 1.0 37.1599979698658
20609 1 2050869 1.0 39.30866892915219
20610 1 2116526 1.0 38.46932505257428
20611 1 1167000 1.0 35.86064709816128
20612 1 1651531 1.0 42.01636090874672
20613 1 1002079 1.0 33.333554049022496
20614 1 1077514 1.0 35.95150890760124
20615 1 647013 1.0 36.21034196112305
20616 1 1532682 1.0 38.46852306742221
20617 1 1768395 1.0 36.37775708921254
20618 1 1865760 1.0 33.56402099598199
20619 1 1561140 1.0 41.203854023478925
20620 1 1793196 1.0 34.710008068941534
20621 1 825743 1.0 38.244353025220335
20622 1 561915 1.0 33.9858919614926
20623 1 623985 1.0 36.593449069187045
20624 1 2052087 1.0 35.70647002197802
20625 1 1618995 1.0 39.50482199434191
20626 1 1019627 1.0 44.888995005749166
20627 1 391947 1.0 38.60208101104945
20628 1 2085762 1.0 37.86384896375239
20629 1 1030229 1.0 35.219538025557995
20630 1 1431118 1.0 32.24041603971273
20631 1 2053578 1.0 33.100399072282016
20632 1 608795 1.0 31.10770008061081
20633 1 1625746 1.0 41.82666109409183
20634 1 1713536 1.0 41.16067197173834
20635 1 1054557 1.0 37.17035602312535
20636 1 1621427 1.0 39.836967014707625
20637 1 2090193 1.0 37.01570106204599
20638 1 1576392 1.0 35.75211297720671
20639 1 1137606 1.0 33.205081010237336
20640 1 1238190 1.0 39.23893207684159
20641 1 1499545 1.0 34.09759700298309
20642 1 2051059 1.0 34.93358695413917
20643 1 826607 1.0 33.56681694276631
20644 1 2076941 1.0 39.120979025028646
20645 1 998890 1.0 39.56630593165755
20646 1 1178413 1.0 39.58729305304587
20647 1 1969244 1.0 43.39910298585892
20648 1 1304173 1.0 40.238287998363376
20649 1 1628710 1.0 39.84311001840979
20650 1 1282470 1.0 34.0741170803085
20651 1 1605429 1.0 37.965389899909496
20652 1 2078571 1.0 35.1458580698818
20653 1 2073863 1.0 34.7974409814924
20654 1 979133 1.0 43.511571013368666
20655 1 2113145 1.0 31.96448099333793
20656 1 2086724 1.0 37.283843965269625
20657 1 1397175 1.0 39.27448391914368
20658 1 1055659 1.0 33.09979406185448
20659 1 869079 1.0 29.738840996287763
20660 1 991866 1.0 33.68756896816194
20661 1 1031999 1.0 38.23609894607216
20662 1 1086583 1.0 40.22885498125106
20663 1 1652217 1.0 38.84073591325432
20664 1 1167021 1.0 40.608976036310196
20665 1 1983803 1.0 38.05915405973792
20666 1 1025308 1.0 35.18834104761481
20667 1 1273972 1.0 36.948652006685734
20668 1 1555954 1.0 38.382285041734576
20669 1 1421622 1.0 36.87359392642975
20670 1 997907 1.0 33.900405978783965
20671 1 1671807 1.0 40.38642405066639
20672 1 1652868 1.0 33.44943397678435
20673 1 1101968 1.0 35.41768901050091
20674 1 2112131 1.0 35.5564730707556
20675 1 1061772 1.0 32.29382308200002
20676 1 1652200 1.0 40.59510200750083
20677 1 1017990 1.0 32.70132199395448
20678 1 1031999 1.0 35.21769610233605
20679 1 1056486 1.0 33.242386067286134
20680 1 1051542 1.0 42.13953099679202
20681 1 1357528 1.0 35.67611600738019
20682 1 2060374 1.0 38.54255494661629
20683 1 1159018 1.0 42.83544793725014
20684 1 1477899 1.0 36.9928190484643
20685 1 1069082 1.0 35.04984197206795
20686 1 78121 1.0 33.375206985510886
20687 1 1125618 1.0 39.18816696386784
20688 1 1033701 1.0 33.46677392255515
20689 1 820351 1.0 38.087662076577544
20690 1 2067477 1.0 34.66037195175886
20691 1 1841823 1.0 38.94781705457717
20692 1 1062307 1.0 34.73642701283097
20693 1 2087250 1.0 34.02276802808046
20694 1 1442417 1.0 37.85972995683551
20695 1 2089630 1.0 37.826245999895036
20696 1 2085834 1.0 39.85309903509915
20697 1 839634 1.0 35.405718022957444
20698 1 1056438 1.0 36.51357290800661
20699 1 1432768 1.0 38.54466404300183
20700 1 1120028 1.0 31.03056107647717
20701 1 2087128 1.0 38.925642031244934
20702 1 1570172 1.0 40.30518094077706
20703 1 2050871 1.0 40.779831004329026
20704 1 1155425 1.0 32.27116202469915
20705 1 1636349 1.0 34.36075209174305
20706 1 1472875 1.0 38.59218303114176
20707 1 1462343 1.0 38.307987968437374
20708 1 1429010 1.0 32.27842703927308
20709 1 1356252 1.0 35.25633201934397
20710 1 900671 1.0 40.3886919375509
20711 1 2051539 1.0 33.215514034964144
20712 1 1076249 1.0 34.560559899546206
20713 1 806504 1.0 35.00632499344647
20714 1 1051239 1.0 35.56440107058734
20715 1 2088326 1.0 39.954950916580856
20716 1 1614742 1.0 37.66648704186082
20717 1 1344975 1.0 45.55817600339651
20718 1 1132845 1.0 46.85510997660458
20719 1 821445 1.0 34.622289007529616
20720 1 2039184 1.0 37.45734097901732
20721 1 1131324 1.0 33.26576005201787
20722 1 1881081 1.0 35.96425289288163
20723 1 860307 1.0 30.867943074554205
20724 1 1631765 1.0 41.83295706752688
20725 1 1413140 1.0 38.57598593458533
20726 1 1160699 1.0 43.00825099926442
20727 1 1007174 1.0 32.31310204137117
20728 1 1984941 1.0 38.18559099454433
20729 1 1024094 1.0 37.59791899938136
20730 1 1107110 1.0 33.11798698268831
20731 1 1493272 1.0 37.18168009072542
20732 1 1052843 1.0 41.403644951060414
20733 1 1137117 1.0 34.68791104387492
20734 1 2071522 1.0 40.72293499484658
20735 1 1574966 1.0 34.1221250128001
20736 1 2108933 1.0 35.3705600136891
20737 1 1471005 1.0 40.876758052036166
20738 1 1027323 1.0 40.33875907771289
20739 1 2110303 1.0 36.370364017784595
20740 1 2141181 1.0 35.95150506589562
20741 1 1069507 1.0 36.705892998725176
20742 1 1703358 1.0 41.67614202015102
20743 1 1144956 1.0 32.83866902347654
20744 1 1672338 1.0 42.77476808056235
20745 1 1020988 1.0 37.366599892266095
20746 1 1239155 1.0 36.90075397025794
20747 1 2075617 1.0 32.063239021226764
20748 1 2105690 1.0 39.06748699955642
20749 1 1023447 1.0 38.1476670736447
20750 1 1440669 1.0 41.258106008172035
20751 1 1975669 1.0 39.66274799313396
20752 1 978917 1.0 44.55279605463147
20753 1 1637943 1.0 34.510807949118316
20754 1 1366114 1.0 39.872860070317984
20755 1 1569760 1.0 36.274741985835135
20756 1 1185947 1.0 39.68498599715531
20757 1 2109370 1.0 37.22406004089862
20758 1 1498767 1.0 34.15166400372982
20759 1 1153586 1.0 40.08274199441075
20760 1 1097301 1.0 37.65937208663672
20761 1 1468319 1.0 32.97139494679868
20762 1 2068030 1.0 31.045345007441938
20763 1 1280356 1.0 37.99638000782579
20764 1 1557650 1.0 31.857575057074428
20765 1 1113094 1.0 41.75344598479569
20766 1 1626025 1.0 45.95774901099503
20767 1 1559250 1.0 33.4703050320968
20768 1 1384878 1.0 33.09703094419092
20769 1 1071616 1.0 33.68020709604025
20770 1 1157291 1.0 38.83813403081149
20771 1 2061413 1.0 37.143474095501006
20772 1 1458588 1.0 40.422611054964364
20773 1 1626618 1.0 38.40572701301426
20774 1 1560191 1.0 33.20428601000458
20775 1 977381 1.0 38.769106031395495
20776 1 1621172 1.0 33.70584803633392
20777 1 1851144 1.0 33.443968975916505
20778 1 1632913 1.0 39.660486043430865
20779 1 1472964 1.0 30.516718979924917
20780 1 57141 1.0 39.90807302761823
20781 1 850580 1.0 34.20981205999851
20782 1 627240 1.0 38.24677399825305
20783 1 1247140 1.0 35.370323923416436
20784 1 1202671 1.0 29.631147044710815
20785 1 2090943 1.0 37.603109958581626
20786 1 1639352 1.0 37.053435924462974
20787 1 1533099 1.0 41.82150005362928
20788 1 1219746 1.0 35.93748598359525
20789 1 1069309 1.0 31.744558014906943
20790 1 1190720 1.0 37.823443999513984
20791 1 1060881 1.0 41.673735016956925
20792 1 1655750 1.0 37.45461697690189
20793 1 2071591 1.0 31.418111990205944
20794 1 1207475 1.0 40.56413099169731
20795 1 865757 1.0 36.34898294694722
20796 1 836696 1.0 40.78770009800792
20797 1 1060271 1.0 36.86213796027005
20798 1 1016960 1.0 31.799555057659745
20799 1 1108843 1.0 34.81781599111855
20800 1 1687671 1.0 37.33227890916169
20801 1 2068179 1.0 36.497736000455916
20802 1 1296903 1.0 38.08616998139769
20803 1 2048330 1.0 38.96996704861522
20804 1 1282769 1.0 38.402860052883625
20805 1 1466873 1.0 32.93500596191734
20806 1 1169516 1.0 35.44803592376411
20807 1 2088075 1.0 34.49763695243746
20808 1 1106249 1.0 44.39570102840662
20809 1 1498476 1.0 41.68063192628324
20810 1 586783 1.0 35.19848803989589
20811 1 2074128 1.0 35.218917997553945
20812 1 1027750 1.0 35.34413606394082
20813 1 1240381 1.0 30.47184005845338
20814 1 1054260 1.0 32.36383607145399
20815 1 997346 1.0 34.50038703158498
20816 1 1652026 1.0 41.63984197657555
20817 1 1679260 1.0 32.1900830604136
20818 1 1668587 1.0 33.79523695912212
20819 1 1151843 1.0 31.190622015856206
20820 1 1196615 1.0 37.29491704143584
20821 1 1528007 1.0 30.835513956844807
20822 1 1424832 1.0 39.57419004291296
20823 1 1492194 1.0 39.47615099605173
20824 1 2075538 1.0 39.09439698327333
20825 1 1299114 1.0 33.40960596688092
20826 1 823342 1.0 34.89951300434768
20827 1 1858541 1.0 35.68777802865952
20828 1 827959 1.0 35.955284954980016
20829 1 826565 1.0 38.13389502465725
20830 1 2074337 1.0 37.77687100227922
20831 1 1140019 1.0 39.18986895587295
20832 1 1176846 1.0 33.35973503999412
20833 1 604689 1.0 36.58456297125667
20834 1 1686249 1.0 39.022349985316396
20835 1 2073439 1.0 38.908548071049154
20836 1 765171 1.0 36.31914500147104
20837 1 1108498 1.0 39.66025891713798
20838 1 2082222 1.0 33.50012993905693
20839 1 1290308 1.0 33.25761202722788
20840 1 2053124 1.0 37.19530696980655
20841 1 1184148 1.0 37.65427600592375
20842 1 1638106 1.0 40.155106922611594
20843 1 1265086 1.0 33.680318971164525
20844 1 984359 1.0 37.51916601322591
20845 1 1449257 1.0 36.3393509760499
20846 1 1069557 1.0 33.30411296337843
20847 1 1089055 1.0 37.81220898963511
20848 1 2114380 1.0 35.50993499811739
20849 1 937562 1.0 31.92273702006787
20850 1 1298143 1.0 32.65928092878312
20851 1 1103285 1.0 34.276481019333005
20852 1 1130749 1.0 36.57834604382515
20853 1 1078313 1.0 34.07416201662272
20854 1 2093929 1.0 39.36658496968448
20855 1 1677238 1.0 35.49065301194787
20856 1 553798 1.0 31.61611792165786
20857 1 1412137 1.0 39.11081503611058
20858 1 1052019 1.0 42.112305061891675
20859 1 1593256 1.0 42.1812100103125
20860 1 1443176 1.0 40.92890291940421
20861 1 1174748 1.0 39.021093980409205
20862 1 1597974 1.0 40.15377804171294
20863 1 1982902 1.0 40.26867391075939
20864 1 957919 1.0 37.966080009937286
20865 1 1098733 1.0 46.87747696880251
20866 1 1802502 1.0 38.454602006822824
20867 1 1088897 1.0 37.85690595395863
20868 1 1703345 1.0 38.22446707636118
20869 1 1163590 1.0 37.92909695766866
20870 1 649801 1.0 38.974493043497205
20871 1 1439035 1.0 37.299055024050176
20872 1 1312914 1.0 42.81163599807769
20873 1 1419398 1.0 39.69135507941246
20874 1 835569 1.0 39.968859986402094
20875 1 1627307 1.0 39.265530067496
20876 1 972989 1.0 42.27627196814865
20877 1 1588985 1.0 39.559318916872144
20878 1 1395735 1.0 39.63306697551161
20879 1 1036403 1.0 40.29426595661789
20880 1 1265403 1.0 42.16227191500366
20881 1 1511577 1.0 39.42232090048492
20882 1 1345916 1.0 38.495245040394366
20883 1 342794 1.0 37.35158790368587
20884 1 1272875 1.0 38.35347399581224
20885 1 1449717 1.0 41.312783025205135
20886 1 1211947 1.0 41.36846400797367
20887 1 1624702 1.0 38.12372998800129
20888 1 1951935 1.0 39.674209081567824
20889 1 769625 1.0 36.657063057646155
20890 1 1554865 1.0 39.53474201261997
20891 1 1163208 1.0 41.744954069145024
20892 1 1220477 1.0 40.18294904381037
20893 1 32859 1.0 39.305808022618294
20894 1 1466802 1.0 42.46597399469465
20895 1 1185994 1.0 40.3443060349673
20896 1 1165645 1.0 37.51115896739066
20897 1 1107460 1.0 42.96059894841164
20898 1 1453905 1.0 41.51822195854038
20899 1 1149077 1.0 40.45966092962772
20900 1 1572083 1.0 40.333684999495745
20901 1 1507621 1.0 38.856657105498016
20902 1 1248991 1.0 37.8943100804463
20903 1 620727 1.0 38.470471976324916
20904 1 1044437 1.0 41.19882604572922
20905 1 2339903 1.0 41.70467494986951
20906 1 999844 1.0 40.646833018399775
20907 1 1468678 1.0 39.83227792195976
20908 1 1792625 1.0 39.70799397211522
20909 1 1572940 1.0 36.825443035922945
20910 1 1494919 1.0 38.13952300697565
20911 1 1418749 1.0 43.82950090803206
20912 1 1301605 1.0 40.57914298027754
20913 1 1289497 1.0 39.25718006212264
20914 1 434958 1.0 38.65300305187702
20915 1 1039809 1.0 38.27248606830835
20916 1 1040827 1.0 37.551922956481576
20917 1 1988145 1.0 40.60265398584306
20918 1 1478207 1.0 40.238217916339636
20919 1 1399196 1.0 41.87720990739763
20920 1 2313677 1.0 40.69976008031517
20921 1 1485244 1.0 37.0152989635244
20922 1 1085780 1.0 38.13492099288851
20923 1 1613782 1.0 36.01133800111711
20924 1 853289 1.0 47.5878759752959
20925 1 1463262 1.0 43.96186408121139
20926 1 1166125 1.0 43.57792192604393
20927 1 1969727 1.0 43.21512393653393
20928 1 1465712 1.0 44.692144030705094
20929 1 1500831 1.0 43.672231025993824
20930 1 1298953 1.0 48.61868091393262
20931 1 1085898 1.0 41.78206296637654
20932 1 1087941 1.0 39.92147301323712
20933 1 1092821 1.0 38.386274012736976
20934 1 1416355 1.0 39.97288504615426
20935 1 1069132 1.0 46.008624020032585
20936 1 1346583 1.0 49.97930605895817
20937 1 1143490 1.0 44.74157502409071
20938 1 1650174 1.0 41.03877197485417
20939 1 1032354 1.0 39.99877697788179
20940 1 1448019 1.0 38.804043899290264
20941 1 1412256 1.0 41.62941302638501
20942 1 1112534 1.0 41.570869041606784
20943 1 1544564 1.0 39.87228497862816
20944 1 1454590 1.0 39.1918090172112
20945 1 1113613 1.0 38.02759596146643
20946 1 1522783 1.0 36.67671896982938
20947 1 1545558 1.0 38.61889103427529
20948 1 1484861 1.0 39.9416679283604
20949 1 1116389 1.0 41.75973997917026
20950 1 1987121 1.0 39.31252099573612
20951 1 1299132 1.0 38.240395952016115
20952 1 1543933 1.0 38.848124910146
20953 1 1665713 1.0 37.29264799039811
20954 1 1384973 1.0 38.77756395377219
20955 1 1987472 1.0 40.858035907149315
20956 1 1019889 1.0 41.413141996599734
20957 1 2094079 1.0 38.70919602923095
20958 1 1480742 1.0 38.93060400150716
20959 1 832287 1.0 37.979730986990035
20960 1 578772 1.0 37.00270503759384
20961 1 651775 1.0 40.498899994418025
20962 1 1129156 1.0 41.615248075686395
20963 1 1501665 1.0 40.02861410845071
20964 1 1408382 1.0 38.37676194962114
20965 1 1281456 1.0 36.8387900525704
20966 1 1400639 1.0 38.745802943594754
20967 1 1134584 1.0 37.33825997915119
20968 1 1981146 1.0 41.14204796496779
20969 1 1491712 1.0 40.57666996959597
20970 1 1397153 1.0 43.00809698179364
20971 1 1520597 1.0 38.59901800751686
20972 1 1098322 1.0 37.80644398648292
20973 1 1479801 1.0 40.54593597538769
20974 1 1421627 1.0 37.253348040394485
20975 1 1128978 1.0 41.409565950743854
20976 1 1439591 1.0 42.57611103821546
20977 1 6147 1.0 38.55239995755255
20978 1 1634517 1.0 36.6245680488646
20979 1 873107 1.0 35.75941896997392
20980 1 1147536 1.0 36.352030001580715
20981 1 1493593 1.0 35.75209702830762
20982 1 974985 1.0 38.106980035081506
20983 1 1007123 1.0 41.062885080464184
20984 1 1409783 1.0 40.335834957659245
20985 1 1068155 1.0 38.973467075265944
20986 1 1070059 1.0 37.17992804013193
20987 1 1615642 1.0 38.7227579485625
20988 1 576590 1.0 38.11302606482059
20989 1 1575595 1.0 41.37406696099788
20990 1 1949574 1.0 38.74473902396858
20991 1 1058320 1.0 39.95270095765591
20992 1 1314908 1.0 38.911883952096105
20993 1 1560907 1.0 40.624452056363225
20994 1 1467362 1.0 38.83402899373323
20995 1 2087044 1.0 39.77163904346526
20996 1 1396465 1.0 41.789041948504746
20997 1 1356780 1.0 39.266220992431045
20998 1 1167569 1.0 40.75644293334335
20999 1 1183635 1.0 38.84354792535305
21000 1 1437415 1.0 38.78147399518639
21001 1 1570763 1.0 38.66968001239002
21002 1 1291678 1.0 38.6961669428274
21003 1 1734299 1.0 43.797105085104704
21004 1 1147398 1.0 42.433309950865805
21005 1 859106 1.0 40.85091792512685
21006 1 1418984 1.0 40.829753037542105
21007 1 1610237 1.0 41.59572906792164
21008 1 1181670 1.0 38.17081591114402
21009 1 1530916 1.0 42.16614901088178
21010 1 1198132 1.0 40.21238104905933
21011 1 1570319 1.0 41.96390509605408
21012 1 2093811 1.0 39.84204796142876
21013 1 1504835 1.0 38.08086598291993
21014 1 1454740 1.0 38.18739496637136
21015 1 1045285 1.0 38.64573105238378
21016 1 1451612 1.0 41.322276927530766
21017 1 1559421 1.0 38.84732199367136
21018 1 1026304 1.0 38.59777108300477
21019 1 1461189 1.0 37.49014309141785
21020 1 1514528 1.0 38.14302897080779
21021 1 1609925 1.0 37.3783849645406
21022 1 1362248 1.0 39.457391016185284
21023 1 1133435 1.0 41.42539796885103
21024 1 1332912 1.0 39.892330998554826
21025 1 1654811 1.0 39.748277980834246
21026 1 1488463 1.0 40.05194501951337
21027 1 1199129 1.0 38.891652948223054
21028 1 524449 1.0 38.57574297580868
21029 1 1495130 1.0 41.52048099786043
21030 1 490151 1.0 40.239333058707416
21031 1 1799765 1.0 45.230846968479455
21032 1 1571972 1.0 37.767398986034095
21033 1 1438982 1.0 38.00615598447621
21034 1 1546050 1.0 40.011708973906934
21035 1 1794170 1.0 44.212539098225534
21036 1 627904 1.0 41.80756502319127
21037 1 1668983 1.0 38.272502017207444
21038 1 1437461 1.0 39.15657696779817
21039 1 1606287 1.0 37.369771976955235
21040 1 1607656 1.0 38.35736110340804
21041 1 1062680 1.0 38.27913908753544
21042 1 2089868 1.0 40.88999703526497
21043 1 182937 1.0 42.62359603308141
21044 1 1130926 1.0 39.945829077623785
21045 1 1514127 1.0 42.26554301567376
21046 1 1012596 1.0 42.32223203871399
21047 1 817899 1.0 43.373983935453
21048 1 1078394 1.0 43.75287494622171
21049 1 1328539 1.0 43.96208899561316
21050 1 1799665 1.0 42.43158001918346
21051 1 1454337 1.0 38.96883106790483
21052 1 1443196 1.0 42.68566204700619
21053 1 1641710 1.0 39.45236199069768
21054 1 1663429 1.0 39.25264603458345
21055 1 1477967 1.0 42.10665193386376
21056 1 2070319 1.0 47.01477999333292
21057 1 1412382 1.0 44.684999040327966
21058 1 1627480 1.0 39.080366026610136
21059 1 1572850 1.0 39.00157706812024
21060 1 1571087 1.0 41.41612793318927
21061 1 1686981 1.0 42.00191202107817
21062 1 1341029 1.0 38.16472494509071
21063 1 1416691 1.0 38.97099499590695
21064 1 1175289 1.0 38.53618400171399
21065 1 1630625 1.0 38.48155401647091
21066 1 1612138 1.0 43.57195401098579
21067 1 1468568 1.0 41.972722043283284
21068 1 444934 1.0 41.484063025563955
21069 1 1201142 1.0 39.344866992905736
21070 1 1630008 1.0 41.76240100059658
21071 1 1502330 1.0 35.77796497847885
21072 1 2092397 1.0 41.28124797716737
21073 1 1567520 1.0 41.676228982396424
21074 1 1161417 1.0 40.7019779086113
21075 1 1610530 1.0 41.645888006314635
21076 1 1017003 1.0 42.194809997454286
21077 1 956137 1.0 36.359327961690724
21078 1 1572098 1.0 37.69873396959156
21079 1 1513778 1.0 43.43808791600168
21080 1 1459932 1.0 40.17738299444318
21081 1 1172370 1.0 39.350160979665816
21082 1 1200834 1.0 38.47019199747592
21083 1 1173538 1.0 38.19285600911826
21084 1 982810 1.0 39.32825499214232
21085 1 1294128 1.0 42.5782430684194
21086 1 1106132 1.0 42.643876979127526
21087 1 1013844 1.0 41.15809197537601
21088 1 1352856 1.0 40.530337020754814
21089 1 1303932 1.0 39.156197919510305
21090 1 1629042 1.0 38.24499691836536
21091 1 1608631 1.0 39.93463597726077
21092 1 1622196 1.0 42.63302392791957
21093 1 1343679 1.0 44.79733598418534
21094 1 1560415 1.0 39.78925396222621
21095 1 2094786 1.0 38.83051290176809
21096 1 306662 1.0 40.84161703940481
21097 1 1841248 1.0 41.57614102587104
21098 1 1223381 1.0 39.84804195351899
21099 1 1317709 1.0 40.90185009408742
21100 1 2094869 1.0 41.880834964104
21101 1 1491481 1.0 38.9267229475081
21102 1 1233689 1.0 38.0421009613201
21103 1 1557744 1.0 39.09412201028317
21104 1 1153613 1.0 39.91665691137314
21105 1 1467286 1.0 42.59695496875793
21106 1 1230643 1.0 40.13943497557193
21107 1 880996 1.0 39.2946710344404
21108 1 1417964 1.0 40.40413408074528
21109 1 1187519 1.0 38.735921029001474
21110 1 1614979 1.0 43.80182095337659
21111 1 1525831 1.0 40.605866932310164
21112 1 1406118 1.0 39.0774110564962
21113 1 1415841 1.0 41.53754294384271
21114 1 1423539 1.0 43.360291980206966
21115 1 1412727 1.0 42.38320596050471
21116 1 1000221 1.0 38.644455024041235
21117 1 1622533 1.0 38.51325705181807
21118 1 1312534 1.0 42.994455085135996
21119 1 1629810 1.0 40.85570189636201
21120 1 247769 1.0 40.22484098095447
21121 1 1555596 1.0 42.47349698562175
21122 1 113387 1.0 40.15789891127497
21123 1 1137253 1.0 40.83384608384222
21124 1 1289422 1.0 45.26981897652149
21125 1 1266863 1.0 40.52791208960116
21126 1 1801122 1.0 42.7421199856326
21127 1 1435126 1.0 39.36492803040892
21128 1 885683 1.0 40.73842300567776
21129 1 1621858 1.0 42.84997808281332
21130 1 1605121 1.0 43.273329036310315
21131 1 1149635 1.0 41.61513689905405
21132 1 1526639 1.0 40.44292296748608
21133 1 1181114 1.0 39.03177392203361
21134 1 1653125 1.0 40.9305450739339
21135 1 1041784 1.0 40.59361096005887
21136 1 1525601 1.0 40.58071307372302
21137 1 1599663 1.0 40.204123011790216
21138 1 1061884 1.0 40.33273400273174
21139 1 627982 1.0 38.22063305415213
21140 1 1589092 1.0 40.55019095540047
21141 1 630453 1.0 38.227824959903955
21142 1 1652650 1.0 37.30541199911386
21143 1 1181278 1.0 41.849819011986256
21144 1 1650306 1.0 42.011262965388596
21145 1 1002533 1.0 41.54667898546904
21146 1 1241806 1.0 37.394308019429445
21147 1 1594758 1.0 39.343632059171796
21148 1 1545945 1.0 37.14863792993128
21149 1 995429 1.0 39.167815004475415
21150 1 1419016 1.0 41.478637023828924
21151 1 1494919 1.0 43.6553800245747
21152 1 1067531 1.0 38.98058307822794
21153 1 1422861 1.0 39.85615004785359
21154 1 1557358 1.0 41.78332502488047
21155 1 1563844 1.0 38.21811394300312
21156 1 1623190 1.0 41.71340598259121
21157 1 1451133 1.0 41.89408908132464
21158 1 1433189 1.0 36.94822499528527
21159 1 1444578 1.0 39.167662034742534
21160 1 1024428 1.0 39.52304704580456
21161 1 1041581 1.0 39.50185398571193
21162 1 1488171 1.0 40.57534202001989
21163 1 1155693 1.0 45.122420066036284
21164 1 1375713 1.0 40.41312891058624
21165 1 1036847 1.0 39.445795002393425
21166 1 1409741 1.0 39.346192963421345
21167 1 1964617 1.0 37.60296001564711
21168 1 1273846 1.0 40.012769983150065
21169 1 997761 1.0 43.32858195994049
21170 1 1167227 1.0 40.55218899156898
21171 1 1579847 1.0 39.92060199379921
21172 1 1485274 1.0 37.08179097156972
21173 1 1846443 1.0 38.80748199298978
21174 1 328352 1.0 39.45276793092489
21175 1 1114720 1.0 40.03096406813711
21176 1 1065904 1.0 41.430424083955586
21177 1 499026 1.0 40.584775037132204
21178 1 1471325 1.0 39.809150039218366
21179 1 643439 1.0 38.34246005862951
21180 1 1095485 1.0 38.36688899900764
21181 1 1148334 1.0 39.66667898930609
21182 1 1198882 1.0 40.590908960439265
21183 1 861054 1.0 40.52351100835949
21184 1 1343545 1.0 40.68318195641041
21185 1 1115021 1.0 54.31777599733323
21186 1 1406982 1.0 50.32054800540209
21187 1 1096144 1.0 44.63946900796145
21188 1 1062095 1.0 42.65760106500238
21189 1 1848926 1.0 37.979759043082595
21190 1 1570693 1.0 39.50169403105974
21191 1 1448319 1.0 39.05801102519035
21192 1 679821 1.0 39.27634691353887
21193 1 892765 1.0 42.234388063661754
21194 1 1196510 1.0 44.422668986953795
21195 1 1411888 1.0 41.364375967532396
21196 1 959372 1.0 39.615503046661615
21197 1 1029869 1.0 37.59412397630513
21198 1 1567546 1.0 37.07923903129995
21199 1 1413960 1.0 38.449533050879836
21200 1 1594857 1.0 38.39459992013872
21201 1 1109574 1.0 42.3228379804641
21202 1 1144554 1.0 42.149426066316664
21203 1 1337189 1.0 39.24437495879829
21204 1 1099176 1.0 39.6747519262135
21205 1 1080184 1.0 41.4779830025509
21206 1 1461654 1.0 38.25774299912155
21207 1 2436890 1.0 41.13735305145383
21208 1 1078961 1.0 41.62997903767973
21209 1 1422107 1.0 39.28768599871546
21210 1 1655792 1.0 39.702233974821866
21211 1 1612889 1.0 41.53168306220323
21212 1 1010206 1.0 38.76555000897497
21213 1 1224036 1.0 39.58506300114095
21214 1 1949648 1.0 43.009766028262675
21215 1 1043555 1.0 46.10306606628001
21216 1 1084443 1.0 41.02193901780993
21217 1 1075725 1.0 40.95863993279636
21218 1 1573227 1.0 39.23648805357516
21219 1 1131981 1.0 36.64035093970597
21220 1 1632601 1.0 42.0604640385136
21221 1 634651 1.0 41.63298802450299
21222 1 1591978 1.0 37.1777800610289
21223 1 1704201 1.0 38.3816430112347
21224 1 1629718 1.0 40.12763500213623
21225 1 1079757 1.0 43.84040494915098
21226 1 1409470 1.0 38.13601506408304
21227 1 1421189 1.0 41.964230011217296
21228 1 1131692 1.0 39.89652602467686
21229 1 1720177 1.0 39.223407045938075
21230 1 1273636 1.0 38.29403291456401
21231 1 2056314 1.0 38.76592207234353
21232 1 1468321 1.0 38.540113950148225
21233 1 1618398 1.0 40.34232906997204
21234 1 1005997 1.0 40.72994401212782
21235 1 1519099 1.0 41.15619498770684
21236 1 1491513 1.0 38.44892093911767
21237 1 1423337 1.0 38.65042992401868
21238 1 1083362 1.0 39.85383699182421
21239 1 1530160 1.0 39.095078012906015
21240 1 1472156 1.0 42.883760994300246
21241 1 1555538 1.0 38.113766931928694
21242 1 1519453 1.0 37.52286301460117
21243 1 602805 1.0 37.8846290986985
21244 1 1490659 1.0 38.14793797209859
21245 1 1594828 1.0 38.139564101584256
21246 1 568675 1.0 42.08987206220627
21247 1 1572379 1.0 41.42376594245434
21248 1 1576184 1.0 38.600886007770896
21249 1 573715 1.0 39.72042095847428
21250 1 1467965 1.0 40.28662899509072
21251 1 678028 1.0 38.57514203991741
21252 1 952453 1.0 42.86649695131928
21253 1 2463771 1.0 39.53221801202744
21254 1 1184091 1.0 38.802174967713654
21255 1 1036573 1.0 39.29233399685472
21256 1 843557 1.0 39.073757943697274
21257 1 1054449 1.0 37.41096006706357
21258 1 1098733 1.0 38.2247909437865
21259 1 1524157 1.0 41.705525014549494
21260 1 167219 1.0 41.22919694054872
21261 1 624949 1.0 40.18828202970326
21262 1 989937 1.0 39.959318935871124
21263 1 1464593 1.0 41.771150077693164
21264 1 2410541 1.0 41.08884499873966
21265 1 1415678 1.0 40.85686698090285
21266 1 1148807 1.0 41.62927099969238
21267 1 1009505 1.0 40.147744002752006
21268 1 1639448 1.0 39.608317078091204
21269 1 1561663 1.0 40.69538996554911
21270 1 1428080 1.0 38.556435029022396
21271 1 1007791 1.0 37.54652291536331
21272 1 1555704 1.0 42.72909404244274
21273 1 641812 1.0 40.73758295271546
21274 1 1475658 1.0 41.99057200457901
21275 1 897366 1.0 38.91540190670639
21276 1 810507 1.0 36.95721901021898
21277 1 1455269 1.0 39.468104019761086
21278 1 1183695 1.0 39.25227909348905
21279 1 1116175 1.0 42.72370599210262
21280 1 1300649 1.0 41.091657942160964
21281 1 1664782 1.0 42.56221395917237
21282 1 1303137 1.0 38.490296923555434
21283 1 714048 1.0 37.52289805561304
21284 1 997992 1.0 42.4724769545719
21285 1 1120324 1.0 37.39248006604612
21286 1 1081003 1.0 39.93393399287015
21287 1 1096982 1.0 39.76721700746566
21288 1 1145461 1.0 39.49350898619741
21289 1 835357 1.0 39.64863100554794
21290 1 654667 1.0 40.0700350292027
21291 1 1779929 1.0 42.948966030962765
21292 1 1461933 1.0 48.08803310152143
21293 1 996808 1.0 38.704441976733506
21294 1 1292866 1.0 38.929720991291106
21295 1 1621030 1.0 38.116090930998325
21296 1 1439024 1.0 39.09088589716703
21297 1 1292479 1.0 45.03475199453533
21298 1 556521 1.0 39.49778503738344
21299 1 1634691 1.0 39.80104601942003
21300 1 1476021 1.0 39.43884698674083
21301 1 1301918 1.0 39.50660896953195
21302 1 964447 1.0 37.79046202544123
21303 1 1498681 1.0 36.7522049928084
21304 1 1028993 1.0 41.95267101749778
21305 1 480040 1.0 40.137394913472235
21306 1 1505325 1.0 40.7046809559688
21307 1 2108659 1.0 39.44068495184183
21308 1 1591809 1.0 38.51435997057706
21309 1 2083793 1.0 38.98344491608441
21310 1 1636176 1.0 45.09988205973059
21311 1 1520988 1.0 41.385269025340676
21312 1 1624743 1.0 41.574846021831036
21313 1 1021006 1.0 38.146820035763085
21314 1 1469519 1.0 39.69137300737202
21315 1 1602866 1.0 37.97828801907599
21316 1 1405965 1.0 38.47320796921849
21317 1 1294964 1.0 39.85887102317065
21318 1 1480698 1.0 40.327928960323334
21319 1 1115820 1.0 39.83144892845303
21320 1 1650597 1.0 38.35412499029189
21321 1 1410711 1.0 38.53463695850223
21322 1 1420445 1.0 35.8131299726665
21323 1 1055633 1.0 38.029604009352624
21324 1 1194627 1.0 42.02424397226423
21325 1 1984960 1.0 41.1178000504151
21326 1 1623029 1.0 38.10390003491193
21327 1 1697287 1.0 38.24158001225442
21328 1 1148953 1.0 38.63889002241194
21329 1 1429085 1.0 37.0248289545998
21330 1 1013259 1.0 42.0244449051097
21331 1 533961 1.0 40.764510980807245
21332 1 2089892 1.0 39.91093800868839
21333 1 1589101 1.0 38.045538938604295
21334 1 2108659 1.0 39.013528963550925
21335 1 1575769 1.0 39.34526292141527
21336 1 1041753 1.0 37.619882030412555
21337 1 1558926 1.0 41.27246898133308
21338 1 1351481 1.0 39.4727309467271
21339 1 1555622 1.0 38.8863580301404
21340 1 366619 1.0 38.97270897869021
21341 1 713399 1.0 37.76867198757827
21342 1 2418689 1.0 38.958203978836536
21343 1 1409524 1.0 39.4629460060969
21344 1 1528264 1.0 41.29111103247851
21345 1 1587391 1.0 39.15064106695354
21346 1 1037576 1.0 39.7270800312981
21347 1 1357375 1.0 40.23563303053379
21348 1 1572763 1.0 40.32793501392007
21349 1 1455043 1.0 38.389221066609025
21350 1 1733624 1.0 41.53183905873448
21351 1 1083192 1.0 40.15699098818004
21352 1 1314287 1.0 38.57412398792803
21353 1 1431623 1.0 39.08423602115363
21354 1 1976785 1.0 37.772395997308195
21355 1 1654067 1.0 38.85591693688184
21356 1 1636294 1.0 37.621672032400966
21357 1 1315053 1.0 32.42060600314289
21358 1 1288420 1.0 35.71161604486406
21359 1 1064217 1.0 31.996521982364357
21360 1 57622 1.0 32.87350991740823
21361 1 1509346 1.0 30.638716998510063
21362 1 1183222 1.0 35.67775699775666
21363 1 265167 1.0 36.52776393573731
21364 1 1117581 1.0 36.36778600048274
21365 1 1477525 1.0 39.72906502895057
21366 1 1630050 1.0 32.810800010338426
21367 1 1140637 1.0 36.365143954753876
21368 1 1014127 1.0 33.911059028469026
21369 1 1569713 1.0 39.00697804056108
21370 1 1102785 1.0 30.249448027461767
21371 1 1671829 1.0 30.906340922228992
21372 1 1395929 1.0 42.354221106506884
21373 1 1242474 1.0 35.04712600260973
21374 1 1334501 1.0 32.065159059129655
21375 1 1125734 1.0 30.767422053031623
21376 1 1662980 1.0 32.7345629921183
21377 1 1001078 1.0 36.552347941324115
21378 1 1676993 1.0 36.60416800994426
21379 1 1640118 1.0 35.82723799627274
21380 1 237705 1.0 39.55600701738149
21381 1 1519229 1.0 28.91923498827964
21382 1 1009678 1.0 38.72181894257665
21383 1 1758756 1.0 35.97319300752133
21384 1 1270340 1.0 37.28627890814096
21385 1 1439739 1.0 30.496243038214743
21386 1 2467681 1.0 33.867084071971476
21387 1 1300553 1.0 32.87360107060522
21388 1 1121612 1.0 35.621169954538345
21389 1 628920 1.0 33.69990107603371
21390 1 981930 1.0 36.53981594834477
21391 1 1607089 1.0 32.86052797921002
21392 1 1526311 1.0 36.499287001788616
21393 1 1106313 1.0 35.62466206494719
21394 1 1204202 1.0 35.408855066634715
21395 1 672482 1.0 38.580264896154404
21396 1 1562423 1.0 38.68963604327291
21397 1 1525163 1.0 36.89776407554746
21398 1 1456510 1.0 39.234155905433
21399 1 1952569 1.0 35.29778600204736
21400 1 1469930 1.0 41.740947985090315
21401 1 1468022 1.0 39.64371606707573
21402 1 1266940 1.0 36.404225043952465
21403 1 1436804 1.0 31.06616099830717
21404 1 1624353 1.0 34.548571915365756
21405 1 1033602 1.0 33.8498349301517
21406 1 1199465 1.0 32.97204407863319
21407 1 1669902 1.0 32.19314897432923
21408 1 1462486 1.0 38.1305709015578
21409 1 870836 1.0 40.33576406072825
21410 1 1514157 1.0 37.51967893913388
21411 1 1462598 1.0 33.7657859781757
21412 1 1726384 1.0 32.867872971110046
21413 1 1038446 1.0 32.255082041956484
21414 1 1362753 1.0 35.901649040170014
21415 1 881342 1.0 35.862126969732344
21416 1 1457117 1.0 39.48986099567264
21417 1 1624291 1.0 35.39006900973618
21418 1 1669450 1.0 33.23247795924544
21419 1 1623356 1.0 36.89093398861587
21420 1 1556248 1.0 35.82329303026199
21421 1 1683391 1.0 34.440360032022
21422 1 1308392 1.0 41.67000099550933
21423 1 1531509 1.0 33.96537504158914
21424 1 1497491 1.0 38.13063492998481
21425 1 1478888 1.0 37.62218705378473
21426 1 1252662 1.0 37.81126404646784
21427 1 1048773 1.0 36.97437501978129
21428 1 1403338 1.0 34.84352701343596
21429 1 1216180 1.0 33.50807796232402
21430 1 1627683 1.0 39.62649405002594
21431 1 1172567 1.0 39.154803031124175
21432 1 1344082 1.0 34.810190089046955
21433 1 573908 1.0 34.737866022624075
21434 1 1114681 1.0 31.45191096700728
21435 1 1402788 1.0 31.641703913919628
21436 1 1145004 1.0 31.05307894293219
21437 1 1465517 1.0 36.31493798457086
21438 1 1522394 1.0 31.976053025573492
21439 1 1653183 1.0 34.70389894209802
21440 1 1240998 1.0 32.0281449239701
21441 1 1496726 1.0 35.80830409191549
21442 1 1018407 1.0 35.73877899907529
21443 1 857166 1.0 33.13515696208924
21444 1 1073667 1.0 30.121666030026972
21445 1 1508042 1.0 33.887343015521765
21446 1 1317024 1.0 36.67054802644998
21447 1 1369937 1.0 34.1880361083895
21448 1 1409039 1.0 27.59958291426301
21449 1 1045592 1.0 33.89504796359688
21450 1 1650228 1.0 32.404367928393185
21451 1 837249 1.0 28.644070960581303
21452 1 1133668 1.0 31.4894289476797
21453 1 1515010 1.0 34.101809025742114
21454 1 1570638 1.0 35.301772062666714
21455 1 1101661 1.0 29.557734029367566
21456 1 1620992 1.0 37.66335407271981
21457 1 1165331 1.0 31.267285929061472
21458 1 851608 1.0 33.139931969344616
21459 1 1132081 1.0 32.76156901847571
21460 1 1289837 1.0 35.871288971975446
21461 1 1377086 1.0 33.68409397080541
21462 1 1027205 1.0 35.535039962269366
21463 1 1104532 1.0 32.43230702355504
21464 1 1113367 1.0 31.778028002008796
21465 1 1260029 1.0 34.42045301198959
21466 1 1297567 1.0 32.2151449508965
21467 1 1509602 1.0 33.34866801742464
21468 1 1663642 1.0 35.092854988761246
21469 1 1065593 1.0 28.92611490096897
21470 1 1575396 1.0 34.59850896615535
21471 1 2283329 1.0 37.25274500902742
21472 1 269871 1.0 29.412696952931583
21473 1 1152590 1.0 35.92886705882847
21474 1 639148 1.0 35.57362896390259
21475 1 2015536 1.0 33.53409597184509
21476 1 931106 1.0 33.230719971470535
21477 1 1663544 1.0 36.05387802235782
21478 1 1291469 1.0 37.35731402412057
21479 1 1144763 1.0 38.12430007383227
21480 1 1399557 1.0 34.51630310155451
21481 1 1572654 1.0 32.96216996386647
21482 1 1149953 1.0 32.186971977353096
21483 1 1574516 1.0 29.386192094534636
21484 1 1640297 1.0 29.62232695426792
21485 1 1594958 1.0 32.82488894183189
21486 1 1194229 1.0 36.52803401928395
21487 1 1438712 1.0 35.20703094545752
21488 1 1483693 1.0 34.61761202197522
21489 1 1528966 1.0 36.3230969524011
21490 1 1035285 1.0 30.68953100591898
21491 1 1114681 1.0 31.12712106667459
21492 1 1394263 1.0 32.877320889383554
21493 1 1040336 1.0 34.85352301504463
21494 1 1580312 1.0 36.47892305161804
21495 1 1109933 1.0 33.5620540427044
21496 1 1522426 1.0 32.44660294149071
21497 1 2120362 1.0 36.274880985729396
21498 1 1491431 1.0 29.780001961626112
21499 1 1441656 1.0 33.194048097357154
21500 1 1432318 1.0 28.639093041419983
21501 1 1851861 1.0 37.25693596061319
21502 1 1179412 1.0 37.65386005397886
21503 1 1109563 1.0 39.08148396294564
21504 1 1409615 1.0 36.922630039043725
21505 1 1407737 1.0 32.94423606712371
21506 1 1182805 1.0 33.58377504628152
21507 1 1119382 1.0 27.05568994861096
21508 1 993981 1.0 33.12098397873342
21509 1 1002039 1.0 30.850225943140686
21510 1 1266123 1.0 33.19917595945299
21511 1 1553609 1.0 39.392321021296084
21512 1 1004418 1.0 37.32447500806302
21513 1 1105731 1.0 32.14778797701001
21514 1 1348255 1.0 29.799610027112067
21515 1 841661 1.0 32.51499601174146
21516 1 312878 1.0 27.00115996412933
21517 1 1506138 1.0 34.523183945566416
21518 1 1567707 1.0 37.25432592909783
21519 1 1057154 1.0 38.769447011873126
21520 1 1100520 1.0 30.42225504759699
21521 1 1207058 1.0 32.069278066046536
21522 1 1434114 1.0 33.06992701254785
21523 1 1514060 1.0 33.44588098116219
21524 1 1145318 1.0 34.371000016108155
21525 1 863466 1.0 29.1366430465132
21526 1 1108617 1.0 38.38572301901877
21527 1 123481 1.0 35.64063203521073
21528 1 1161001 1.0 37.40590205416083
21529 1 1046557 1.0 31.39624698087573
21530 1 1016309 1.0 35.074539948254824
21531 1 1797027 1.0 34.19553104322404
21532 1 1037091 1.0 30.298870988190174
21533 1 981565 1.0 36.58313199412078
21534 1 27010 1.0 39.11243996117264
21535 1 1365239 1.0 35.28314805589616
21536 1 1507822 1.0 37.289871950633824
21537 1 1615374 1.0 36.47867403924465
21538 1 1597803 1.0 28.09824701398611
21539 1 1253849 1.0 35.588504979386926
21540 1 1500209 1.0 36.751691019162536
21541 1 267025 1.0 30.149254947900772
21542 1 1504309 1.0 37.256594048812985
21543 1 1606729 1.0 36.752346088178456
21544 1 1287730 1.0 34.63982092216611
21545 1 1794625 1.0 32.223746995441616
21546 1 522197 1.0 32.26857399567962
21547 1 1554620 1.0 34.83005799353123
21548 1 1471406 1.0 33.80589606240392
21549 1 1617841 1.0 36.146251019090414
21550 1 918947 1.0 38.16694999113679
21551 1 1259636 1.0 37.646107957698405
21552 1 1408721 1.0 34.06472806818783
21553 1 304522 1.0 37.10400394629687
21554 1 844646 1.0 38.33602007944137
21555 1 1026310 1.0 34.21043895650655
21556 1 1394611 1.0 32.49762998893857
21557 1 1850569 1.0 38.029505987651646
21558 1 1351118 1.0 38.10047707520425
21559 1 332893 1.0 30.44412797316909
21560 1 1055077 1.0 31.644319999031723
21561 1 1419266 1.0 34.13417306728661
21562 1 1337245 1.0 30.465691001154482
21563 1 1115358 1.0 35.015361034311354
21564 1 824579 1.0 34.857852035202086
21565 1 1269662 1.0 36.82533500250429
21566 1 1618939 1.0 37.54400601610541
21567 1 838918 1.0 27.40408095996827
21568 1 1421185 1.0 34.2692609410733
21569 1 1156564 1.0 33.56259292922914
21570 1 1439132 1.0 28.272278956137598
21571 1 1594941 1.0 32.674571964889765
21572 1 1484871 1.0 38.09119400102645
21573 1 1358371 1.0 39.48070202022791
21574 1 1383662 1.0 38.921836065128446
21575 1 1630752 1.0 39.74958008620888
21576 1 1516859 1.0 38.896147976629436
21577 1 1126892 1.0 35.6955099850893
21578 1 1628473 1.0 39.8341070394963
21579 1 1987727 1.0 41.01976298261434
21580 1 240001 1.0 34.63493206072599
21581 1 1299211 1.0 36.78869397845119
21582 1 1319595 1.0 36.38307098299265
21583 1 1090664 1.0 33.418918028473854
21584 1 1145318 1.0 34.0691750170663
21585 1 1141281 1.0 32.54784597083926
21586 1 544361 1.0 35.927969962358475
21587 1 1089481 1.0 35.90961394365877
21588 1 1742170 1.0 35.80348799005151
21589 1 1483353 1.0 37.058378919027746
21590 1 958617 1.0 33.509996021166444
21591 1 1147463 1.0 36.88477503601462
21592 1 1691450 1.0 35.0554179167375
21593 1 1025781 1.0 34.60531996097416
21594 1 1427659 1.0 37.06278500612825
21595 1 1441259 1.0 32.53875905647874
21596 1 1557570 1.0 39.04228599276394
21597 1 1458229 1.0 32.87487896159291
21598 1 1010909 1.0 27.010831981897354
21599 1 1488719 1.0 33.288005040958524
21600 1 1026387 1.0 35.57714610360563
21601 1 1097929 1.0 33.281889045611024
21602 1 1740158 1.0 41.42445500474423
21603 1 1207112 1.0 41.939635993912816
21604 1 1049003 1.0 44.017723063007
21605 1 1516491 1.0 41.08055494725704
21606 1 246786 1.0 33.473537070676684
21607 1 1608824 1.0 36.234148079529405
21608 1 1107107 1.0 33.77398999873549
21609 1 273331 1.0 33.00848801154643
21610 1 1302962 1.0 44.914894038811326
21611 1 1455521 1.0 41.288909036666155
21612 1 1031572 1.0 36.67693899478763
21613 1 48881 1.0 40.04473506938666
21614 1 2439957 1.0 36.11863998230547
21615 1 1847963 1.0 36.04247805196792
21616 1 1060367 1.0 41.51903302408755
21617 1 1640882 1.0 35.548122017644346
21618 1 821817 1.0 35.51611700095236
21619 1 1057219 1.0 39.42549193743616
21620 1 1298231 1.0 33.45456800889224
21621 1 1447804 1.0 30.66086897160858
21622 1 1090787 1.0 36.08826792333275
21623 1 1082923 1.0 36.81760199833661
21624 1 853119 1.0 38.067298009991646
21625 1 1078905 1.0 38.39318302925676
21626 1 202777 1.0 29.946852941066027
21627 1 174197 1.0 31.380480038933456
21628 1 1755531 1.0 29.985166038386524
21629 1 543855 1.0 36.20430000592023
21630 1 1623052 1.0 36.00360301788896
21631 1 635618 1.0 37.6075750682503
21632 1 1703597 1.0 34.38406402710825
21633 1 1663817 1.0 36.226189928129315
21634 1 830225 1.0 33.882049028761685
21635 1 1319215 1.0 32.07049809861928
21636 1 115046 1.0 33.13855698797852
21637 1 1523672 1.0 35.38280201610178
21638 1 1423148 1.0 30.69740894716233
21639 1 1122368 1.0 31.931815086863935
21640 1 1024520 1.0 33.42377895023674
21641 1 1482595 1.0 33.876230008900166
21642 1 637027 1.0 32.77086094021797
21643 1 1198608 1.0 34.12440302781761
21644 1 1651273 1.0 29.234130051918328
21645 1 679943 1.0 29.031713027507067
21646 1 1971670 1.0 30.41427698917687
21647 1 1030226 1.0 34.3245699768886
21648 1 1622976 1.0 37.0603681076318
21649 1 1029391 1.0 37.6597479917109
21650 1 1667000 1.0 31.321440008468926
21651 1 1174076 1.0 35.68641503807157
21652 1 1572912 1.0 36.89774498343468
21653 1 1796046 1.0 32.55921497475356
21654 1 1066101 1.0 37.27613796945661
21655 1 1514921 1.0 33.14744995441288
21656 1 1423090 1.0 38.826011936180294
21657 1 1101422 1.0 36.20903193950653
21658 1 1280069 1.0 33.06861291639507
21659 1 650507 1.0 32.443695003166795
21660 1 1800574 1.0 34.60777003783733
21661 1 1414732 1.0 36.10503196250647
21662 1 1652654 1.0 34.99800502322614
21663 1 1265207 1.0 40.005368064157665
21664 1 1065044 1.0 38.145017926581204
21665 1 1085245 1.0 29.51654593925923
21666 1 1287641 1.0 32.36850490793586
21667 1 855024 1.0 33.40823296457529
21668 1 1546076 1.0 35.30041209887713
21669 1 1605362 1.0 29.333653044886887
21670 1 1571301 1.0 35.62498406972736
21671 1 996118 1.0 37.26111899595708
21672 1 1039509 1.0 32.571743009611964
21673 1 1046680 1.0 33.91380899120122
21674 1 1092268 1.0 36.578552913852036
21675 1 1104530 1.0 34.21547694597393
21676 1 1447295 1.0 36.34393401443958
21677 1 1492196 1.0 33.08284201193601
21678 1 514376 1.0 35.056511987932026
21679 1 1213860 1.0 38.1790439132601
21680 1 1667069 1.0 34.57998693920672
21681 1 1492971 1.0 34.604005981236696
21682 1 1285666 1.0 32.17182506341487
21683 1 1472696 1.0 36.54767002444714
21684 1 1641647 1.0 34.407321945764124
21685 1 981934 1.0 32.801097026094794
21686 1 1640881 1.0 38.37717301212251
21687 1 1395918 1.0 33.54610304813832
21688 1 822241 1.0 37.265833001583815
21689 1 1093944 1.0 38.29661407507956
21690 1 861270 1.0 37.008668994531035
21691 1 1134898 1.0 37.14381100144237
21692 1 1159953 1.0 40.347434929572046
21693 1 673486 1.0 35.90223507490009
21694 1 1460422 1.0 32.59739698842168
21695 1 1001119 1.0 33.845367026515305
21696 1 1686395 1.0 34.80701893568039
21697 1 1000154 1.0 36.90386703237891
21698 1 1447897 1.0 29.771032044664025
21699 1 1979386 1.0 35.03942606039345
21700 1 820544 1.0 37.40576503332704
21701 1 475020 1.0 35.204104031436145
21702 1 886531 1.0 36.74925700761378
21703 1 624926 1.0 32.571967924013734
21704 1 1606775 1.0 30.879835016094148
21705 1 571808 1.0 36.889755981974304
21706 1 1800142 1.0 34.12867698352784
21707 1 1606171 1.0 36.9444569805637
21708 1 1689050 1.0 34.839230007492006
21709 1 1080652 1.0 35.342509974725544
21710 1 1065298 1.0 32.05235896166414
21711 1 655155 1.0 36.43902100156993
21712 1 822241 1.0 36.46709199529141
21713 1 1166007 1.0 35.25102196726948
21714 1 1115426 1.0 38.51106797810644
21715 1 1401298 1.0 37.087721982970834
21716 1 981124 1.0 31.435516895726323
21717 1 1631890 1.0 39.08442705869675
21718 1 1123978 1.0 36.35479905642569
21719 1 1431538 1.0 32.474378938786685
21720 1 550506 1.0 30.09899496100843
21721 1 1299890 1.0 36.681451951153576
21722 1 1547510 1.0 31.403763103298843
21723 1 992844 1.0 35.88131198193878
21724 1 1092699 1.0 33.510099980048835
21725 1 1402310 1.0 34.92237301543355
21726 1 872078 1.0 32.4156949063763
21727 1 1606503 1.0 35.70759703870863
21728 1 1110058 1.0 35.072790924459696
21729 1 1296616 1.0 38.34973298944533
21730 1 1596786 1.0 35.47874593641609
21731 1 988147 1.0 36.594394012354314
21732 1 588684 1.0 32.49145101290196
21733 1 1519107 1.0 36.95233596954495
21734 1 1780027 1.0 32.641681958921254
21735 1 1249048 1.0 32.40925201680511
21736 1 2015536 1.0 36.906772991642356
21737 1 827323 1.0 42.36205399502069
21738 1 61389 1.0 40.97416205331683
21739 1 1569722 1.0 32.648295047692955
21740 1 836603 1.0 34.55021802801639
21741 1 1627445 1.0 38.89230394270271
21742 1 1460363 1.0 37.71433909423649
21743 1 1797011 1.0 34.65018095448613
21744 1 988911 1.0 35.83688102662563
21745 1 1030033 1.0 40.87956203147769
21746 1 1666906 1.0 39.416593965142965
21747 1 1060041 1.0 34.35490699484944
21748 1 1035903 1.0 40.656312950886786
21749 1 385688 1.0 39.76786904968321
21750 1 1505997 1.0 42.250604019500315
21751 1 1528397 1.0 47.386279911734164
21752 1 1825358 1.0 39.05486594885588
21753 1 1153096 1.0 39.624202996492386
21754 1 1430366 1.0 33.09767704922706
21755 1 1577298 1.0 35.23502103053033
21756 1 1510940 1.0 39.88303802907467
21757 1 216008 1.0 29.978311038576066
21758 1 404455 1.0 34.730611951090395
21759 1 1228552 1.0 33.10850402340293
21760 1 1617470 1.0 36.217936081811786
21761 1 1426752 1.0 32.08121797069907
21762 1 1201080 1.0 30.840117018669844
21763 1 1186858 1.0 35.11588892433792
21764 1 530275 1.0 30.572233023121953
21765 1 1102735 1.0 39.655134081840515
21766 1 1095758 1.0 36.846388946287334
21767 1 1420269 1.0 33.729018992744386
21768 1 1201494 1.0 31.57269803341478
21769 1 1398045 1.0 33.62168394960463
21770 1 872078 1.0 33.6493409704417
21771 1 1074411 1.0 36.21331800241023
21772 1 1522380 1.0 28.530691983178258
21773 1 1570779 1.0 33.618003013543785
21774 1 1087288 1.0 35.29633802827448
21775 1 1572912 1.0 38.249403005465865
21776 1 1680555 1.0 34.90259509999305
21777 1 1456318 1.0 36.31010407116264
21778 1 541932 1.0 38.00384793430567
21779 1 1634575 1.0 34.794569946825504
21780 1 1199666 1.0 37.082737078890204
21781 1 1649025 1.0 35.204046056605875
21782 1 833442 1.0 30.55857599247247
21783 1 820043 1.0 37.16130100656301
21784 1 1123223 1.0 28.54157204274088
21785 1 1052941 1.0 41.099571040831506
21786 1 1208163 1.0 40.46596400439739
21787 1 1248277 1.0 38.701306912116706
21788 1 441898 1.0 37.738346029073
21789 1 1252921 1.0 34.27991201169789
21790 1 1035384 1.0 35.56821797974408
21791 1 429384 1.0 29.45963095407933
21792 1 402660 1.0 31.1729209497571
21793 1 1474557 1.0 34.84022710472345
21794 1 1421500 1.0 37.04176901374012
21795 1 1138636 1.0 35.49370600376278
21796 1 1210441 1.0 29.4812039937824
21797 1 1115112 1.0 30.56650306098163
21798 1 817361 1.0 33.65227999165654
21799 1 1471998 1.0 36.714590969495475
21800 1 1616436 1.0 40.09451100137085
21801 1 1087838 1.0 34.15752202272415
21802 1 892543 1.0 38.740134914405644
21803 1 1433332 1.0 31.537752016447484
21804 1 1124311 1.0 34.03451608028263
21805 1 980762 1.0 36.27392405178398
21806 1 940296 1.0 30.48993193078786
21807 1 1216299 1.0 29.57406302448362
21808 1 1631174 1.0 33.70480705052614
21809 1 558040 1.0 35.96997109707445
21810 1 1329476 1.0 33.54468091856688
21811 1 1493809 1.0 34.26195296924561
21812 1 463501 1.0 33.46290695481002
21813 1 1510208 1.0 33.636908046901226
21814 1 1173754 1.0 39.33116502594203
21815 1 1561977 1.0 32.43479900993407
21816 1 1167601 1.0 35.99566500633955
21817 1 1096483 1.0 35.40235897526145
21818 1 1192520 1.0 34.39212602097541
21819 1 635779 1.0 28.99313496891409
21820 1 1512638 1.0 34.429174032993615
21821 1 1273867 1.0 36.337343975901604
21822 1 1594566 1.0 30.44301411136985
21823 1 1120919 1.0 38.35411893669516
21824 1 1472152 1.0 38.684983970597386
21825 1 1650723 1.0 39.59699103143066
21826 1 916128 1.0 35.08585493545979
21827 1 1483284 1.0 36.939991055987775
21828 1 1816870 1.0 30.935166054405272
21829 1 915302 1.0 35.72684293612838
21830 1 1571731 1.0 38.97376009263098
21831 1 1039014 1.0 33.20452000480145
21832 1 1196121 1.0 37.1743009891361
21833 1 2311675 1.0 35.523462924174964
21834 1 1163852 1.0 35.986294969916344
21835 1 1526355 1.0 35.01298394985497
21836 1 1830402 1.0 34.211570979095995
21837 1 1631506 1.0 31.01840801537037
21838 1 1025839 1.0 43.058156967163086
21839 1 1217855 1.0 38.477272959426045
21840 1 1040038 1.0 34.16917799040675
21841 1 932704 1.0 36.73430101480335
21842 1 1666906 1.0 36.135728005319834
21843 1 1157547 1.0 35.73070594575256
21844 1 1209733 1.0 32.28517295792699
21845 1 1240928 1.0 38.644606014713645
21846 1 1609774 1.0 38.27290202025324
21847 1 1395800 1.0 30.514725018292665
21848 1 1467868 1.0 37.643527961336076
21849 1 1152851 1.0 34.32431700639427
21850 1 1462686 1.0 35.63723899424076
21851 1 1620221 1.0 36.75394400488585
21852 1 1567612 1.0 39.53769605141133
21853 1 1264500 1.0 39.84172805212438
21854 1 991938 1.0 31.101013999432325
21855 1 830660 1.0 37.85255504772067
21856 1 1000972 1.0 27.85718208178878
21857 1 1189392 1.0 26.337646995671093
21858 1 1199244 1.0 26.027224026620388
21859 1 1455108 1.0 23.32142391242087
21860 1 1429519 1.0 29.0091639617458
21861 1 1610201 1.0 21.54657000210136
21862 1 1492509 1.0 22.903864039108157
21863 1 636232 1.0 27.939071995206177
21864 1 627367 1.0 21.37497393414378
21865 1 1556438 1.0 22.78447791468352
21866 1 981205 1.0 21.540231071412563
21867 1 1443134 1.0 18.8794779824093
21868 1 1549996 1.0 18.76107102725655
21869 1 2401841 1.0 24.17382993735373
21870 1 1954925 1.0 19.393127062357962
21871 1 1116778 1.0 26.7562260851264
21872 1 1438507 1.0 29.06551701016724
21873 1 1192540 1.0 25.384258944541216
21874 1 846259 1.0 25.473872083239257
21875 1 1481741 1.0 28.434916981495917
21876 1 1118346 1.0 19.93786101229489
21877 1 1136286 1.0 26.267227018252015
21878 1 1125389 1.0 25.872894912026823
21879 1 1713312 1.0 25.716552045196295
21880 1 827489 1.0 23.693063063547015
21881 1 442177 1.0 23.795412969775498
21882 1 1445304 1.0 24.500939063727856
21883 1 2401841 1.0 24.573983973823488
21884 1 1582897 1.0 28.742260998114944
21885 1 669821 1.0 27.998436940833926
21886 1 1298105 1.0 24.70225899014622
21887 1 240002 1.0 24.37920798547566
21888 1 1595750 1.0 27.96038903761655
21889 1 1193654 1.0 31.83541796170175
21890 1 991195 1.0 22.867659921757877
21891 1 970540 1.0 21.79117000196129
21892 1 1715967 1.0 29.53298599459231
21893 1 1070315 1.0 30.171780032105744
21894 1 1033819 1.0 23.13934697303921
21895 1 1526946 1.0 23.161452962085605
21896 1 1117139 1.0 23.047892027534544
21897 1 1014130 1.0 20.246125990524888
21898 1 1715468 1.0 29.03222502209246
21899 1 1240232 1.0 28.109434992074966
21900 1 1476364 1.0 24.649737984873354
21901 1 1185486 1.0 28.218104038387537
21902 1 667872 1.0 24.008778971619904
21903 1 283478 1.0 19.142523990012705
21904 1 1201249 1.0 27.952153934165835
21905 1 28568 1.0 24.232899071648717
21906 1 1123598 1.0 27.01554005034268
21907 1 815406 1.0 19.02179408352822
21908 1 1520514 1.0 23.24325090739876
21909 1 1216469 1.0 23.30678200814873
21910 1 1528404 1.0 25.634513003751636
21911 1 1491008 1.0 29.116439050994813
21912 1 1687712 1.0 23.054520948790014
21913 1 1650509 1.0 26.29476599395275
21914 1 982467 1.0 27.924575028009713
21915 1 1069567 1.0 27.889976976439357
21916 1 1447738 1.0 27.915481943637133
21917 1 1246485 1.0 30.590326990932226
21918 1 1155825 1.0 18.48495507147163
21919 1 28568 1.0 24.246564018540084
21920 1 1122297 1.0 23.210393032059073
21921 1 1284160 1.0 26.414392050355673
21922 1 1212559 1.0 29.974828008562326
21923 1 1072154 1.0 24.55885207746178
21924 1 1416053 1.0 28.139949892647564
21925 1 1191937 1.0 24.52849503606558
21926 1 210884 1.0 20.142856054008007
21927 1 1834361 1.0 25.02071694470942
21928 1 1543615 1.0 20.031700958497822
21929 1 1409596 1.0 28.216855018399656
21930 1 1619085 1.0 27.73146703839302
21931 1 1309277 1.0 22.46137906331569
21932 1 1419390 1.0 26.385832927189767
21933 1 1729608 1.0 31.155955977737904
21934 1 987085 1.0 25.066252914257348
21935 1 220442 1.0 21.626103087328374
21936 1 2411550 1.0 27.879556990228593
21937 1 1195135 1.0 17.112622037529945
21938 1 1082390 1.0 28.145265066996217
21939 1 1214838 1.0 26.331297936849296
21940 1 946218 1.0 21.6987180756405
21941 1 202115 1.0 29.85666098538786
21942 1 446566 1.0 22.958976915106177
21943 1 1277194 1.0 26.987830991856754
21944 1 1043213 1.0 26.346120983362198
21945 1 240002 1.0 24.83099908567965
21946 1 59546 1.0 20.29435196891427
21947 1 1640321 1.0 29.71800009254366
21948 1 237217 1.0 23.260784917511046
21949 1 1174377 1.0 25.107629015110433
21950 1 574538 1.0 27.86316000856459
21951 1 1628910 1.0 29.604601906612515
21952 1 1470012 1.0 28.226349968463182
21953 1 1492509 1.0 22.990769939497113
21954 1 1920289 1.0 26.630257023498416
21955 1 1072695 1.0 23.06555607356131
21956 1 1634419 1.0 27.63193193823099
21957 1 873100 1.0 29.060396016575396
21958 1 286888 1.0 27.879365952685475
21959 1 1274483 1.0 17.302721040323377
21960 1 1123862 1.0 28.55251997243613
21961 1 1492905 1.0 20.72749601211399
21962 1 210884 1.0 21.297335042618215
21963 1 1449399 1.0 31.301068956963718
21964 1 1015613 1.0 21.097888937219977
21965 1 1662807 1.0 29.80291796848178
21966 1 283478 1.0 18.594095949083567
21967 1 1190610 1.0 18.695499980822206
21968 1 1034492 1.0 25.17126000020653
21969 1 1015529 1.0 24.627530947327614
21970 1 202115 1.0 29.507839935831726
21971 1 1627890 1.0 26.34711703285575
21972 1 1337851 1.0 25.509030907414854
21973 1 1491008 1.0 26.73780603799969
21974 1 1447738 1.0 29.03207507915795
21975 1 1174486 1.0 23.113899980671704
21976 1 1293032 1.0 25.723163969814777
21977 1 970832 1.0 19.893077900633216
21978 1 1101046 1.0 24.800912011414766
21979 1 1041172 1.0 21.16101502906531
21980 1 1293032 1.0 26.270295958966017
21981 1 1428059 1.0 22.717101033777
21982 1 1240232 1.0 33.89059903565794
21983 1 1149091 1.0 28.368102968670428
21984 1 1075547 1.0 28.162678005173802
21985 1 1410266 1.0 27.074359939433634
21986 1 1454969 1.0 28.073951951228082
21987 1 804558 1.0 24.68977402895689
21988 1 1326391 1.0 27.999924030154943
21989 1 1284160 1.0 24.655899964272976
21990 1 811151 1.0 24.68856004998088
21991 1 1085319 1.0 25.539897033013403
21992 1 1303375 1.0 25.03511100076139
21993 1 1086388 1.0 29.890219098888338
21994 1 1410477 1.0 28.757887077517807
21995 1 265052 1.0 27.500165975652635
21996 1 1163256 1.0 21.221057046204805
21997 1 1169596 1.0 23.176233051344752
21998 1 1144258 1.0 24.93104396853596
21999 1 1446818 1.0 29.232472996227443
22000 1 1790680 1.0 26.303461054340005
22001 1 1088920 1.0 30.05308099091053
22002 1 1549996 1.0 20.188051974400878
22003 1 1988701 1.0 33.074086997658014
22004 1 1182234 1.0 27.742078993469477
22005 1 1170095 1.0 27.85587904509157
22006 1 1410266 1.0 24.955871049314737
22007 1 1955478 1.0 22.231145994737744
22008 1 1556539 1.0 27.304119081236422
22009 1 240002 1.0 25.074501056224108
22010 1 1472690 1.0 31.262097996659577
22011 1 1520662 1.0 24.44360393565148
22012 1 1042330 1.0 29.49170407373458
22013 1 1010230 1.0 23.161182994954288
22014 1 1018504 1.0 29.350871918722987
22015 1 1492895 1.0 27.801323914900422
22016 1 1482668 1.0 27.66884898301214
22017 1 1058650 1.0 20.324531011283398
22018 1 1202514 1.0 27.730425936169922
22019 1 1088920 1.0 27.63864304870367
22020 1 822928 1.0 28.13380490988493
22021 1 811200 1.0 19.884255016222596
22022 1 1491069 1.0 24.619825999252498
22023 1 28568 1.0 25.51353897433728
22024 1 1185505 1.0 24.734906968660653
22025 1 1851858 1.0 28.148732031695545
22026 1 1154854 1.0 26.21392603032291
22027 1 1043586 1.0 24.666160927154124
22028 1 1185486 1.0 25.195183930918574
22029 1 981205 1.0 21.4865580201149
22030 1 850741 1.0 22.193031036294997
22031 1 1037375 1.0 26.909457053989172
22032 1 265052 1.0 29.65724898967892
22033 1 1290731 1.0 22.85251405555755
22034 1 1796262 1.0 26.37614100240171
22035 1 1460224 1.0 26.25310607254505
22036 1 1491008 1.0 26.204689987935126
22037 1 1611671 1.0 27.737430995330215
22038 1 1186552 1.0 25.785869918763638
22039 1 1213102 1.0 26.764021022245288
22040 1 1602672 1.0 27.337730047293007
22041 1 1202201 1.0 25.997994001954794
22042 1 1631069 1.0 29.08131293952465
22043 1 1470744 1.0 27.000639005564153
22044 1 834306 1.0 25.527334888465703
22045 1 1091869 1.0 25.890182005241513
22046 1 1015613 1.0 21.606183028779924
22047 1 1336807 1.0 24.842518963851035
22048 1 1378449 1.0 27.22268702927977
22049 1 1729608 1.0 31.0274699004367
22050 1 1189150 1.0 30.273769982159138
22051 1 1410805 1.0 24.292576010338962
22052 1 1175833 1.0 28.126757009886205
22053 1 1445304 1.0 22.98898296430707
22054 1 1226104 1.0 27.814214932732284
22055 1 1337851 1.0 23.213377106003463
22056 1 446566 1.0 21.282233064994216
22057 1 381043 1.0 27.6435170089826
22058 1 1713312 1.0 24.040215997956693
22059 1 1223617 1.0 30.53900203667581
22060 1 1801021 1.0 24.55198601819575
22061 1 1543615 1.0 21.405424107797444
22062 1 1447696 1.0 23.464045021682978
22063 1 1037375 1.0 24.669762002304196
22064 1 1074457 1.0 27.93196600396186
22065 1 1453921 1.0 21.698974072933197
22066 1 1050978 1.0 24.634988978505135
22067 1 1092211 1.0 22.947377059608698
22068 1 827412 1.0 21.56269201077521
22069 1 1016975 1.0 23.332204087637365
22070 1 1024767 1.0 20.02766402438283
22071 1 206354 1.0 22.836772026494145
22072 1 1057481 1.0 21.323236054740846
22073 1 1527593 1.0 27.26383996196091
22074 1 1684904 1.0 23.006487055681646
22075 1 1302278 1.0 20.099704968743026
22076 1 1067514 1.0 20.312268985435367
22077 1 1203872 1.0 18.34258099552244
22078 1 1419871 1.0 24.561273981817067
22079 1 1606192 1.0 25.74961702339351
22080 1 629156 1.0 19.421355915255845
22081 1 1851858 1.0 29.71293102018535
22082 1 22869 1.0 24.420793983154
22083 1 1674632 1.0 29.61813099682331
22084 1 1056081 1.0 22.316762944683433
22085 1 1465345 1.0 23.262682952918112
22086 1 1955478 1.0 24.24125198740512
22087 1 1280981 1.0 24.537632009014487
22088 1 1955478 1.0 23.278022999875247
22089 1 1197543 1.0 23.292712052352726
22090 1 1507437 1.0 22.930674953386188
22091 1 1354390 1.0 28.395141009241343
22092 1 25173 1.0 30.904434039257467
22093 1 1051527 1.0 24.87111696973443
22094 1 1118617 1.0 20.759499981068075
22095 1 1482668 1.0 28.839666047133505
22096 1 1062611 1.0 23.09121598955244
22097 1 1544082 1.0 26.493433979339898
22098 1 999321 1.0 24.866518913768232
22099 1 1505056 1.0 28.029798064380884
22100 1 1074457 1.0 28.399390052072704
22101 1 1334634 1.0 22.196235018782318
22102 1 1627521 1.0 29.811404994688928
22103 1 1598196 1.0 24.430054938420653
22104 1 1522998 1.0 28.530206996947527
22105 1 669821 1.0 28.19673903286457
22106 1 1638180 1.0 29.80137092527002
22107 1 1512513 1.0 28.33706804085523
22108 1 1687712 1.0 23.297765059396625
22109 1 1123960 1.0 28.74867001082748
22110 1 1606192 1.0 26.466564973816276
22111 1 1160418 1.0 28.96395802963525
22112 1 828285 1.0 26.155713945627213
22113 1 1346317 1.0 22.882630000822246
22114 1 1845009 1.0 30.831162934191525
22115 1 67744 1.0 20.110582001507282
22116 1 821172 1.0 24.22045497223735
22117 1 1653883 1.0 25.618701009079814
22118 1 1105777 1.0 29.663006076589227
22119 1 1419390 1.0 24.061660980805755
22120 1 1443134 1.0 18.835188006050885
22121 1 1556539 1.0 30.929427943192422
22122 1 2411550 1.0 29.469683999195695
22123 1 1445877 1.0 28.570813010446727
22124 1 1420399 1.0 23.709058994427323
22125 1 1134640 1.0 20.139239029958844
22126 1 1464237 1.0 28.121871990151703
22127 1 2415506 1.0 20.119677996262908
22128 1 286888 1.0 28.10813405085355
22129 1 820185 1.0 17.326795030385256
22130 1 1520514 1.0 23.13557406887412
22131 1 446566 1.0 24.17578804306686
22132 1 1070315 1.0 29.841483919881284
22133 1 1460224 1.0 27.906992938369513
22134 1 1070315 1.0 29.854772030375898
22135 1 2025896 1.0 23.100280086509883
22136 1 1689480 1.0 23.684093030169606
22137 1 1387734 1.0 24.56067397724837
22138 1 1288454 1.0 21.53947902843356
22139 1 1348072 1.0 29.341554967686534
22140 1 1205373 1.0 24.996174033731222
22141 1 336826 1.0 27.93897595256567
22142 1 1529663 1.0 21.305838017724454
22143 1 1492905 1.0 21.724284975789487
22144 1 1460364 1.0 22.95186195988208
22145 1 846259 1.0 25.702529936097562
22146 1 1573641 1.0 28.692241059616208
22147 1 450247 1.0 22.58008299395442
22148 1 890455 1.0 22.59166701696813
22149 1 816278 1.0 20.345223019830883
22150 1 1674632 1.0 27.787936967797577
22151 1 1202514 1.0 28.10638304799795
22152 1 1594961 1.0 30.40760790463537
22153 1 1566712 1.0 29.91894306614995
22154 1 1134477 1.0 20.08749800734222
22155 1 1665090 1.0 27.601454057730734
22156 1 1501535 1.0 20.243065897375345
22157 1 1177541 1.0 22.926567937247455
22158 1 1080583 1.0 22.720858920365572
22159 1 1568507 1.0 24.44523002486676
22160 1 1247918 1.0 29.183519072830677
22161 1 381043 1.0 28.575447970069945
22162 1 1027302 1.0 31.100639957003295
22163 1 1196238 1.0 24.892915040254593
22164 1 1790955 1.0 27.24159206263721
22165 1 1395519 1.0 28.926062979735434
22166 1 1075484 1.0 28.892541071400046
22167 1 1178099 1.0 26.247387984767556
22168 1 1602672 1.0 25.285140029154718
22169 1 1086388 1.0 27.23256906028837
22170 1 1460224 1.0 25.187722989358008
22171 1 1156956 1.0 23.559021996334195
22172 1 1181933 1.0 21.98537008371204
22173 1 210884 1.0 21.59538702107966
22174 1 1470012 1.0 27.949918061494827
22175 1 710062 1.0 20.752961048856378
22176 1 426142 1.0 26.427195058204234
22177 1 1439660 1.0 22.970436955802143
22178 1 446566 1.0 21.715931012295187
22179 1 25173 1.0 28.160632005892694
22180 1 240013 1.0 25.95477399881929
22181 1 1803163 1.0 28.59253599308431
22182 1 1491008 1.0 28.680960997007787
22183 1 1455335 1.0 24.258900084532797
22184 1 1043213 1.0 27.949912939220667
22185 1 1491008 1.0 27.413629926741123
22186 1 1321737 1.0 28.86174398008734
22187 1 1455304 1.0 26.50880499277264
22188 1 820435 1.0 26.296272058971226
22189 1 1247918 1.0 28.803028049878776
22190 1 1387734 1.0 23.882376961410046
22191 1 240002 1.0 24.7917000669986
22192 1 1638413 1.0 25.230853003449738
22193 1 1238600 1.0 29.68297991901636
22194 1 1081712 1.0 28.022208949550986
22195 1 1182234 1.0 29.905476956628263
22196 1 446566 1.0 21.607270929962397
22197 1 1549996 1.0 18.6453890055418
22198 1 1365575 1.0 26.443358045071363
22199 1 827043 1.0 23.99548201356083
22200 1 1799785 1.0 27.81742496881634
22201 1 1249397 1.0 18.807640997692943
22202 1 1004927 1.0 27.043001959100366
22203 1 2411550 1.0 29.74811603780836
22204 1 1653883 1.0 27.949457056820393
22205 1 1062611 1.0 23.696087999269366
22206 1 2025896 1.0 24.018757045269012
22207 1 1674181 1.0 28.001387021504343
22208 1 1067299 1.0 24.61746707558632
22209 1 1572367 1.0 20.339179900474846
22210 1 2401841 1.0 22.144241025671363
22211 1 1018745 1.0 27.99466997385025
22212 1 1043586 1.0 30.800528009422123
22213 1 1274483 1.0 20.993993035517633
22214 1 1688980 1.0 26.167484931647778
22215 1 1061249 1.0 22.905502002686262
22216 1 671968 1.0 25.902623077854514
22217 1 1512435 1.0 26.57093503512442
22218 1 143020 1.0 26.628896943293512
22219 1 1058650 1.0 19.83931998256594
22220 1 944605 1.0 24.356535053811967
22221 1 1069567 1.0 27.87096390966326
22222 1 1980298 1.0 30.58569598942995
22223 1 1426194 1.0 29.621221008710563
22224 1 1460364 1.0 22.9115019319579
22225 1 1444890 1.0 28.928359039127827
22226 1 1007115 1.0 25.153524009510875
22227 1 582465 1.0 28.77838001586497
22228 1 384945 1.0 20.934390020556748
22229 1 1669927 1.0 24.48927902150899
22230 1 805011 1.0 28.32445898093283
22231 1 1495078 1.0 24.866129038855433
22232 1 1662974 1.0 27.87988807540387
22233 1 1962703 1.0 22.793013020418584
22234 1 858120 1.0 32.00125298462808
22235 1 1571814 1.0 24.518785998225212
22236 1 1422009 1.0 28.027578024193645
22237 1 1467636 1.0 20.0395870488137
22238 1 1666796 1.0 27.335006976500154
22239 1 582465 1.0 28.401975985616446
22240 1 377790 1.0 18.544255988672376
22241 1 1491044 1.0 23.540476919151843
22242 1 1555066 1.0 23.04012095555663
22243 1 1113294 1.0 24.427469936199486
22244 1 1288402 1.0 24.520426988601685
22245 1 1153835 1.0 23.65879889111966
22246 1 1576519 1.0 30.141750001348555
22247 1 1605999 1.0 26.7069221008569
22248 1 206354 1.0 22.60116906836629
22249 1 1334634 1.0 23.200712050311267
22250 1 1490424 1.0 27.815956040285528
22251 1 1662974 1.0 28.273180942051113
22252 1 426142 1.0 31.15382802207023
22253 1 1070315 1.0 28.817747021093965
22254 1 1138345 1.0 27.137247030623257
22255 1 1144368 1.0 27.310179080814123
22256 1 484221 1.0 28.592737042345107
22257 1 2025896 1.0 23.52018398232758
22258 1 1047389 1.0 21.67123998515308
22259 1 1514187 1.0 27.57739496883005
22260 1 1429519 1.0 25.799585040658712
22261 1 1066097 1.0 19.928213907405734
22262 1 1662839 1.0 18.619828042574227
22263 1 1043586 1.0 26.230416959151626
22264 1 1457400 1.0 24.465293041430414
22265 1 1373413 1.0 26.45789901725948
22266 1 544557 1.0 24.752749013714492
22267 1 1476364 1.0 23.18408596329391
22268 1 67744 1.0 20.21617500577122
22269 1 627367 1.0 21.53940696734935
22270 1 987022 1.0 28.230328927747905
22271 1 1491008 1.0 26.162247988395393
22272 1 1834361 1.0 24.786995025351644
22273 1 1043586 1.0 25.925497990101576
22274 1 1450439 1.0 23.72046303935349
22275 1 1317324 1.0 25.460773962549865
22276 1 1191776 1.0 20.140997017733753
22277 1 621009 1.0 27.693892014212906
22278 1 1528226 1.0 24.75812495686114
22279 1 1674181 1.0 28.31422700546682
22280 1 1413206 1.0 27.567281969822943
22281 1 1118056 1.0 26.352874003350735
22282 1 1345169 1.0 24.515570024959743
22283 1 381043 1.0 28.779244981706142
22284 1 621009 1.0 29.039014945738018
22285 1 1143082 1.0 21.17013605311513
22286 1 1117139 1.0 23.133455077186227
22287 1 1419390 1.0 24.557298980653286
22288 1 1402407 1.0 27.917781961150467
22289 1 1176721 1.0 26.799054932780564
22290 1 67744 1.0 19.599343999288976
22291 1 1300379 1.0 26.010315981693566
22292 1 1477690 1.0 23.63428194075823
22293 1 1470744 1.0 30.433670966885984
22294 1 1480439 1.0 34.59861606825143
22295 1 1031551 1.0 32.36516402103007
22296 1 558023 1.0 20.075951935723424
22297 1 1409971 1.0 28.509591007605195
22298 1 697771 1.0 26.249364018440247
22299 1 841581 1.0 23.811151972040534
22300 1 240002 1.0 23.382263025268912
22301 1 1193233 1.0 23.272793972864747
22302 1 1492195 1.0 23.38731591589749
22303 1 1491008 1.0 27.371880947612226
22304 1 1614331 1.0 26.64833702147007
22305 1 1032492 1.0 25.31022601760924
22306 1 1174377 1.0 26.39569400344044
22307 1 1303247 1.0 27.976784040220082
22308 1 1611671 1.0 27.99218299333006
22309 1 1662839 1.0 17.325970926322043
22310 1 1189392 1.0 26.343222009018064
22311 1 1543615 1.0 20.260535064153373
22312 1 953375 1.0 26.59408503677696
22313 1 1209053 1.0 30.96131607890129
22314 1 1103105 1.0 25.089525035582483
22315 1 1653928 1.0 28.662482043728232
22316 1 1015075 1.0 20.28300811070949
22317 1 1122619 1.0 20.55276499595493
22318 1 1100995 1.0 28.179850080050528
22319 1 1457671 1.0 21.7443669680506
22320 1 1293032 1.0 26.251925970427692
22321 1 1336807 1.0 23.130650050006807
22322 1 689551 1.0 25.34130704589188
22323 1 946218 1.0 24.273857939988375
22324 1 1038904 1.0 24.60947004146874
22325 1 1143800 1.0 19.948959001339972
22326 1 206354 1.0 22.284718928858638
22327 1 1188182 1.0 20.84608201403171
22328 1 1420143 1.0 21.632137009873986
22329 1 1146277 1.0 27.939022984355688
22330 1 1195750 1.0 27.381657040677965
22331 1 1178419 1.0 20.11974493507296
22332 1 1219078 1.0 27.98335300758481
22333 1 824352 1.0 24.773848010227084
22334 1 1413206 1.0 29.542384087108076
22335 1 385460 1.0 27.4229240603745
22336 1 1061249 1.0 23.409253917634487
22337 1 1491008 1.0 27.589520905166864
22338 1 1613245 1.0 27.919758926145732
22339 1 1069801 1.0 23.265725933015347
22340 1 1176033 1.0 25.961547973565757
22341 1 1074543 1.0 27.877383981831372
22342 1 1528226 1.0 25.79337905626744
22343 1 1154446 1.0 24.041695054620504
22344 1 1444890 1.0 29.558449052274227
22345 1 1094963 1.0 24.092221981845796
22346 1 1205373 1.0 30.39792098570615
22347 1 1606792 1.0 25.992801995016634
22348 1 1523485 1.0 19.42239294294268
22349 1 987085 1.0 24.273976916447282
22350 1 2261049 1.0 24.530937080271542
22351 1 2474226 1.0 22.441476001404226
22352 1 1326391 1.0 28.014017967507243
22353 1 1400989 1.0 30.62392200808972
22354 1 1190941 1.0 23.86200800538063
22355 1 2354364 1.0 32.049389905296266
22356 1 1085632 1.0 23.383127991110086
22357 1 1700366 1.0 16.137248021550477
22358 1 930753 1.0 13.596085016615689
22359 1 895426 1.0 11.605073930695653
22360 1 851226 1.0 16.07213797979057
22361 1 1158933 1.0 16.083527938462794
22362 1 1118388 1.0 14.886577962897718
22363 1 1254188 1.0 16.25171792693436
22364 1 1839063 1.0 9.977085050195456
22365 1 848066 1.0 17.354193958453834
22366 1 894430 1.0 13.575951918028295
22367 1 982186 1.0 15.470885089598596
22368 1 895426 1.0 12.378293089568615
22369 1 964909 1.0 14.736574958078563
22370 1 1518626 1.0 18.063136958517134
22371 1 1040370 1.0 18.314579036086798
22372 1 275461 1.0 13.544476008974016
22373 1 1114948 1.0 11.365010985173285
22374 1 997062 1.0 16.07263693585992
22375 1 1857208 1.0 13.486620970070362
22376 1 873084 1.0 18.655243911780417
22377 1 127492 1.0 16.420401982031763
22378 1 1072031 1.0 16.989639960229397
22379 1 964909 1.0 13.25216400437057
22380 1 984141 1.0 10.493124020285904
22381 1 1138458 1.0 16.19996502995491
22382 1 1709082 1.0 18.63062591291964
22383 1 127492 1.0 17.290815012529492
22384 1 1150426 1.0 19.10392299760133
22385 1 1140128 1.0 14.591393060982227
22386 1 1148177 1.0 16.470195958390832
22387 1 1006909 1.0 13.494909973815084
22388 1 1077466 1.0 14.446616056375206
22389 1 987103 1.0 17.336442950181663
22390 1 815439 1.0 13.47282703500241
22391 1 1011827 1.0 14.921472989954054
22392 1 809736 1.0 16.174226999282837
22393 1 990372 1.0 13.650848995894194
22394 1 813110 1.0 17.219452071003616
22395 1 1544642 1.0 12.674059020355344
22396 1 1065538 1.0 17.228709999471903
22397 1 1202571 1.0 18.278285046108067
22398 1 1544642 1.0 12.30177900288254
22399 1 2457319 1.0 14.728681999258697
22400 1 1148177 1.0 16.161266015842557
22401 1 614322 1.0 18.46674201078713
22402 1 872233 1.0 15.582300955429673
22403 1 1839063 1.0 10.641807923093438
22404 1 1684793 1.0 18.48024397622794
22405 1 1023666 1.0 18.13952997326851
22406 1 1339921 1.0 17.673866008408368
22407 1 1000695 1.0 16.102925059385598
22408 1 1170299 1.0 14.868321013636887
22409 1 1025579 1.0 13.669430976733565
22410 1 1131422 1.0 17.232861020602286
22411 1 1068617 1.0 13.618470053188503
22412 1 1157659 1.0 18.83720199111849
22413 1 1839063 1.0 9.906544000841677
22414 1 842478 1.0 12.215250986628234
22415 1 1339921 1.0 16.75120193976909
22416 1 862481 1.0 16.526909079402685
22417 1 1544642 1.0 13.442586991004646
22418 1 1114782 1.0 19.269325071945786
22419 1 1107349 1.0 14.567384030669928
22420 1 1254188 1.0 17.12763193063438
22421 1 1377187 1.0 13.387741055339575
22422 1 964909 1.0 14.346417039632797
22423 1 852546 1.0 11.513876961544156
22424 1 840337 1.0 14.957785024307668
22425 1 964909 1.0 13.869610032998025
22426 1 938694 1.0 18.674338003620505
22427 1 1709082 1.0 18.92247493378818
22428 1 1419144 1.0 17.115480033680797
22429 1 1137675 1.0 13.929335051216185
22430 1 1839063 1.0 9.599194978363812
22431 1 1377187 1.0 12.495999108068645
22432 1 871240 1.0 14.695711084641516
22433 1 1070588 1.0 14.760909019969404
22434 1 1684793 1.0 18.258837051689625
22435 1 1781080 1.0 17.1317330095917
22436 1 1048414 1.0 15.105618978850543
22437 1 1339921 1.0 17.500180983915925
22438 1 964909 1.0 13.985992991365492
22439 1 1700366 1.0 15.925077954307199
22440 1 964909 1.0 13.859828934073448
22441 1 938694 1.0 18.400433007627726
22442 1 127492 1.0 16.847002087160945
22443 1 1086716 1.0 15.632735914550722
22444 1 1535844 1.0 13.899395009502769
22445 1 614322 1.0 17.01998000498861
22446 1 275461 1.0 13.528925948776305
22447 1 1093245 1.0 14.947821968235075
22448 1 1023666 1.0 17.054621945135295
22449 1 1709082 1.0 18.456221092492342
22450 1 1035245 1.0 15.805732924491167
22451 1 863895 1.0 17.034903983585536
22452 1 856290 1.0 18.376539926975965
22453 1 895426 1.0 12.545351055450737
22454 1 1857208 1.0 13.685522018931806
22455 1 1023666 1.0 17.10049097891897
22456 1 127492 1.0 16.940656933002174
22457 1 964909 1.0 13.130342005752027
22458 1 1157019 1.0 13.127780053764582
22459 1 964909 1.0 13.627093052491546
22460 1 1137367 1.0 13.5509759420529
22461 1 1123499 1.0 14.754439936950803
22462 1 1040370 1.0 17.1822109259665
22463 1 1073169 1.0 17.294815042987466
22464 1 939583 1.0 12.655535014346242
22465 1 826222 1.0 20.3413600102067
22466 1 1544642 1.0 14.035510015673935
22467 1 2457319 1.0 15.787731041200459
22468 1 127492 1.0 18.492345931008458
22469 1 895426 1.0 15.42078098282218
22470 1 1695640 1.0 12.216432020068169
22471 1 1254188 1.0 16.563745914027095
22472 1 1700366 1.0 16.824049991555512
22473 1 1684793 1.0 17.61047204490751
22474 1 843428 1.0 19.180017057806253
22475 1 1684793 1.0 17.87318999413401
22476 1 127492 1.0 17.974219052121043
22477 1 1839063 1.0 9.997804067097604
22478 1 127492 1.0 17.16706098522991
22479 1 1006239 1.0 18.51046795491129
22480 1 1254188 1.0 15.491422032937407
22481 1 1857208 1.0 13.567087007686496
22482 1 964909 1.0 16.86194504145533
22483 1 1012144 1.0 17.274504993110895
22484 1 837522 1.0 15.26904501952231
22485 1 1079799 1.0 16.55663305427879
22486 1 982186 1.0 14.744622982107103
22487 1 938694 1.0 18.85846897494048
22488 1 1040370 1.0 17.37180701456964
22489 1 127492 1.0 17.337579047307372
22490 1 127492 1.0 17.254135105758905
22491 1 1016772 1.0 17.534082988277078
22492 1 1544642 1.0 12.585017015226185
22493 1 964909 1.0 13.800883083604276
22494 1 810522 1.0 13.785210088826716
22495 1 1023666 1.0 17.34334498178214
22496 1 377980 1.0 11.973356013186276
22497 1 964909 1.0 14.164262916892767
22498 1 1759845 1.0 15.202534035779536
22499 1 1857208 1.0 15.182678936980665
22500 1 1011827 1.0 16.35914295911789
22501 1 2457319 1.0 15.627902001142502
22502 1 1093245 1.0 15.656442963518202
22503 1 1535844 1.0 14.383196947164834
22504 1 1695640 1.0 12.415250996127725
22505 1 895426 1.0 12.513830093666911
22506 1 1093245 1.0 14.95676301419735
22507 1 1157248 1.0 13.662536977790296
22508 1 1148177 1.0 16.056664055213332
22509 1 2457319 1.0 15.772540005855262
22510 1 930753 1.0 14.470044989138842
22511 1 930753 1.0 14.436976052820683
22512 1 1023666 1.0 18.65031593479216
22513 1 1040204 1.0 16.851024935021996
22514 1 1839063 1.0 10.314644081518054
22515 1 1339921 1.0 18.43608997296542
22516 1 1196778 1.0 14.499941025860608
22517 1 1123652 1.0 14.5314100664109
22518 1 1419144 1.0 18.041453906334937
22519 1 1101458 1.0 15.325224958360195
22520 1 1839063 1.0 10.661385022103786
22521 1 1148177 1.0 17.147365026175976
22522 1 1148796 1.0 15.991152031347156
22523 1 1839063 1.0 9.835135075263679
22524 1 1093245 1.0 15.00226091593504
22525 1 586468 1.0 14.885372947901487
22526 1 982186 1.0 13.63642793148756
22527 1 1839063 1.0 9.930266998708248
22528 1 993226 1.0 16.013039043173194
22529 1 833111 1.0 11.489977012388408
22530 1 1695640 1.0 11.50234998203814
22531 1 1202571 1.0 18.41987099032849
22532 1 1105991 1.0 13.694284949451685
22533 1 852742 1.0 17.95949588995427
22534 1 1709082 1.0 20.871358923614025
22535 1 1198814 1.0 12.54632300697267
22536 1 938694 1.0 20.110385958105326
22537 1 1377187 1.0 13.142182026058435
22538 1 1161492 1.0 11.989551014266908
22539 1 1058818 1.0 14.903631992638111
22540 1 1377187 1.0 12.624997994862497
22541 1 2457319 1.0 14.924429939128458
22542 1 857597 1.0 21.392236929386854
22543 1 1093245 1.0 14.60149500053376
22544 1 1195140 1.0 12.777392053976655
22545 1 1023886 1.0 17.25876599084586
22546 1 982186 1.0 13.648371095769107
22547 1 1377187 1.0 12.423477950505912
22548 1 1040370 1.0 17.39374501630664
22549 1 974882 1.0 19.268381991423666
22550 1 127492 1.0 18.43843492679298
22551 1 1544642 1.0 13.452723971568048
22552 1 1016703 1.0 19.996286020614207
22553 1 1839063 1.0 10.561732109636068
22554 1 1544642 1.0 12.66796700656414
22555 1 1185060 1.0 14.758403995074332
22556 1 1101230 1.0 14.834868023172021
22557 1 964909 1.0 13.812678982503712
22558 1 1839063 1.0 9.918341063894331
22559 1 1377187 1.0 12.657854007557034
22560 1 1013942 1.0 13.557919999584556
22561 1 930753 1.0 13.273357995785773
22562 1 1171480 1.0 14.918078086338937
22563 1 836289 1.0 20.009624073281884
22564 1 1839063 1.0 9.807473048567772
22565 1 939583 1.0 13.010839931666851
22566 1 1419144 1.0 18.514693016186357
22567 1 1086542 1.0 13.406360987573862
22568 1 1041615 1.0 13.172933016903698
22569 1 1700366 1.0 17.863614950329065
22570 1 1183528 1.0 18.82506802212447
22571 1 964909 1.0 14.410675968974829
22572 1 2457319 1.0 15.308558009564877
22573 1 1695640 1.0 12.08643103018403
22574 1 2345010 1.0 9.988961974158883
22575 1 1544642 1.0 14.93677101098001
22576 1 959083 1.0 9.917565970681608
22577 1 2387927 1.0 10.046337032690644
22578 1 1844867 1.0 8.527208003215492
22579 1 2387927 1.0 9.956781985238194
22580 1 1844867 1.0 8.459636010229588
