0 0 0 0 1.0237680980935693
1 0 0 0 1.0268379701301455
2 0 0 0 0.9105850476771593
3 0 0 0 0.9258079808205366
4 0 0 0 0.9847970213741064
5 0 0 0 0.9508200455456972
6 0 0 0 0.8675989229232073
7 0 0 0 0.8924140129238367
8 0 0 0 0.946020008996129
9 0 0 0 1.4897239161655307
10 0 0 0 0.8741369238123298
11 0 0 0 0.9038950083777308
12 0 0 0 0.8971740026026964
13 0 0 0 0.8908220333978534
14 0 0 0 2.2649080492556095
15 0 0 0 1.0177759686484933
16 0 0 0 0.9201030479744077
17 0 0 0 1.9132989691570401
18 0 0 0 0.929561909288168
19 0 0 0 0.9632690344005823
20 0 0 0 1.7612780211493373
21 0 0 0 1.761050894856453
22 0 0 0 1.735147088766098
23 0 0 0 1.0736740659922361
24 0 0 0 0.9270959999412298
25 0 0 0 0.9036239935085177
26 0 0 0 1.9480859627947211
27 0 0 0 0.9222780354321003
28 0 0 0 0.9137489832937717
29 0 0 0 0.8888080483302474
30 0 0 0 0.9617599425837398
31 0 0 0 0.899425009265542
32 0 0 0 0.8854710031300783
33 0 0 0 0.9399119298905134
34 0 0 0 0.9095589630305767
35 0 0 0 0.9981179609894753
36 0 0 0 0.9024690371006727
37 0 0 0 0.8604680188000202
38 0 0 0 0.8569449419155717
39 0 0 0 0.8760510245338082
40 0 0 0 0.9236049372702837
41 0 0 0 0.9086990030482411
42 0 0 0 0.9126159129664302
43 0 0 0 0.9050760418176651
44 0 0 0 0.8638820145279169
45 0 0 0 0.9281040402129292
46 0 0 0 0.910778995603323
47 0 0 0 0.9432410588487983
48 0 0 0 1.8305359408259392
49 0 0 0 0.8699230384081602
50 0 0 0 0.8747120155021548
51 0 0 0 0.9242380037903786
52 0 0 0 0.9223039960488677
53 0 0 0 1.7900869715958834
54 0 0 0 1.0190749308094382
55 0 0 0 1.0471009882166982
56 0 0 0 0.9434500243514776
57 0 0 0 0.9460300207138062
58 0 0 0 1.0355690028518438
59 0 0 0 0.9412859799340367
60 0 0 0 0.9280380327254534
61 0 0 0 0.9788000024855137
62 0 0 0 0.9707879507914186
63 0 0 0 0.9997589513659477
64 0 0 0 0.9763020789250731
65 0 0 0 1.0281760478392243
66 0 0 0 1.1148540070280433
67 0 0 0 0.9223850211128592
68 0 0 0 1.4523080317303538
69 0 0 0 1.698217005468905
70 0 0 0 1.8601190531626344
71 0 0 0 1.8237018957734108
72 0 0 0 1.8282540841028094
73 0 0 0 1.7730320105329156
74 0 0 0 1.1665519559755921
75 0 0 0 0.9223560336977243
76 0 0 0 0.9145049843937159
77 0 0 0 1.9416649593040347
78 0 0 0 1.9919050391763449
79 0 0 0 1.879959017969668
80 0 0 0 1.8682189984247088
81 0 0 0 0.9782189736142755
82 0 0 0 0.9607450338080525
83 0 0 0 1.079161069355905
84 0 0 0 1.5280600637197495
85 0 0 0 0.9719880763441324
86 0 0 0 1.9209629390388727
87 0 0 0 0.8491319604218006
88 0 0 0 1.0787190403789282
89 0 0 0 1.1563739972189069
90 0 0 0 0.9471219964325428
91 0 0 0 0.9324789280071855
92 0 0 0 0.979345990344882
93 0 0 0 2.459726994857192
94 0 0 0 1.952523016370833
95 0 0 0 0.9172479622066021
96 0 0 0 0.9183620568364859
97 0 0 0 0.8863839320838451
98 0 0 0 1.0562400566413999
99 0 0 0 0.8970110211521387
100 0 0 0 0.8691810071468353
101 0 0 0 0.8679900784045458
102 0 0 0 0.8951140334829688
103 0 0 0 0.8875969797372818
104 0 0 0 0.8617129642516375
105 0 0 0 0.9240700164809823
106 0 0 0 0.8962819119915366
107 0 0 0 1.0217130184173584
108 0 0 0 1.8817969830706716
109 0 0 0 0.9008079068735242
110 0 0 0 0.8660861058160663
111 0 0 0 0.9077710565179586
112 0 0 0 0.86160097271204
113 0 0 0 0.8613839745521545
114 0 0 0 0.8388960268348455
115 0 0 0 0.8512589847669005
116 0 0 0 0.8881590329110622
117 0 0 0 1.0710839414969087
118 0 0 0 0.9345849975943565
119 0 0 0 0.9717599023133516
120 0 0 0 1.0644530411809683
121 0 0 0 0.848833005875349
122 0 0 0 0.8097649551928043
123 0 0 0 0.9400960989296436
124 0 0 0 1.2959969462826848
125 0 0 0 0.8962639840319753
126 0 0 0 0.7876759627833962
127 0 0 0 0.8825480472296476
128 0 0 0 2.598484046757221
129 0 0 0 2.4970060912892222
130 0 0 0 0.9153089486062527
131 0 0 0 1.1084460420534015
132 0 0 0 1.1432749452069402
133 0 0 0 0.8514210348948836
134 0 0 0 0.8151259971782565
135 0 0 0 0.8472809568047523
136 0 0 0 0.8505519945174456
137 0 0 0 1.3675650116056204
138 0 0 0 0.9110450046136975
139 0 0 0 1.233214046806097
140 0 0 0 1.6532629961147904
141 0 0 0 0.8202539756894112
142 0 0 0 1.1756359599530697
143 0 0 0 0.8742189966142178
144 0 0 0 0.825593015179038
145 0 0 0 0.8629669900983572
146 1 1435826 1.0 0.8296980522572994
147 0 0 0 0.8444979321211576
148 0 0 0 0.8603619644418359
149 0 0 0 0.8721620542928576
150 0 0 0 0.8700330508872867
151 0 0 0 0.8763020159676671
152 0 0 0 0.8569660130888224
153 0 0 0 0.9583779610693455
154 0 0 0 0.9241990046575665
155 0 0 0 0.8532829815521836
156 0 0 0 2.759065944701433
157 0 0 0 0.9076900314539671
158 0 0 0 0.8333700243383646
159 0 0 0 0.862168031744659
160 0 0 0 0.8668790105730295
161 0 0 0 1.0065800743177533
162 0 0 0 0.9324890561401844
163 0 0 0 2.5848340010270476
164 0 0 0 2.655412070453167
165 0 0 0 1.0334319667890668
166 0 0 0 0.8668849477544427
167 0 0 0 0.8825770346447825
168 0 0 0 1.8970710225403309
169 0 0 0 0.9094930719584227
170 0 0 0 0.8552019717171788
171 0 0 0 0.9429330239072442
172 0 0 0 0.9217039914801717
173 0 0 0 0.8863079128786922
174 0 0 0 0.8930339245125651
175 0 0 0 0.8945750305429101
176 0 0 0 0.9012250229716301
177 0 0 0 0.9139030007645488
178 0 0 0 0.897127902135253
179 0 0 0 0.9070870000869036
180 0 0 0 0.9321750840172172
181 0 0 0 0.9306900901719928
182 0 0 0 0.9599829791113734
183 0 0 0 3.2330580288544297
184 0 0 0 1.5520569868385792
185 0 0 0 1.6991539159789681
186 0 0 0 1.9374609692022204
187 0 0 0 2.0612369989976287
188 0 0 0 1.1958630057051778
189 0 0 0 1.0647280141711235
190 0 0 0 2.2287749452516437
191 0 0 0 2.2877249866724014
192 0 0 0 1.14682805724442
193 0 0 0 1.2066940544173121
194 0 0 0 2.312366967089474
195 0 0 0 1.1270990362390876
196 0 0 0 1.251094974577427
197 0 0 0 1.025496982038021
198 0 0 0 1.2273680185899138
199 0 0 0 1.0400069877505302
200 0 0 0 1.0987200075760484
201 0 0 0 1.0563739342615008
202 0 0 0 1.040069037117064
203 0 0 0 1.1642900062724948
204 0 0 0 1.1248280061408877
205 0 0 0 1.1386150727048516
206 0 0 0 1.1362400837242603
207 0 0 0 1.2662520166486502
208 0 0 0 1.1025319108739495
209 0 0 0 1.182928099296987
210 0 0 0 1.1289919493719935
211 0 0 0 1.1924610007554293
212 0 0 0 1.938010100275278
213 0 0 0 1.4063710113987327
214 0 0 0 2.637734985910356
215 0 0 0 1.9646959844976664
216 0 0 0 1.384622068144381
217 0 0 0 1.2616680469363928
218 0 0 0 1.2848229380324483
219 0 0 0 1.391029916703701
220 0 0 0 1.2343820417299867
221 0 0 0 1.4886640710756183
222 0 0 0 2.3469259031116962
223 0 0 0 2.379026962444186
224 0 0 0 1.2476900592446327
225 0 0 0 1.4066619332879782
226 0 0 0 1.2957659782841802
227 0 0 0 1.4846359845250845
228 0 0 0 1.2791560729965568
229 0 0 0 1.2305679265409708
230 0 0 0 1.1347350664436817
231 0 0 0 1.334889093413949
232 1 278570 0.7777778 1.2237420305609703
233 0 0 0 1.1758250184357166
234 0 0 0 1.3646750012412667
235 0 0 0 1.1943430872634053
236 0 0 0 1.4519160613417625
237 0 0 0 2.39952199626714
238 0 0 0 2.315516001544893
239 0 0 0 2.135279937647283
240 0 0 0 1.1073749046772718
241 0 0 0 1.1423769174143672
242 0 0 0 1.0868610115721822
243 0 0 0 1.0193920461460948
244 0 0 0 1.0520289652049541
245 0 0 0 1.0090030264109373
246 0 0 0 0.960135948844254
247 0 0 0 1.0121219092980027
248 0 0 0 2.9265900375321507
249 0 0 0 1.9798270659521222
250 0 0 0 1.8827329622581601
251 0 0 0 1.9956150790676475
252 0 0 0 1.818493939936161
253 0 0 0 0.9062389144673944
254 0 0 0 0.9501490276306868
255 0 0 0 0.9291069582104683
256 0 0 0 1.8240350764244795
257 0 0 0 1.7551890341565013
258 0 0 0 1.7370979767292738
259 0 0 0 1.7362150829285383
260 0 0 0 1.744069973938167
261 0 0 0 1.740847947075963
262 0 0 0 1.1333359871059656
263 0 0 0 0.9103069314733148
264 0 0 0 0.9704820113256574
265 0 0 0 0.8669160306453705
266 0 0 0 0.9465860202908516
267 0 0 0 0.915637006983161
268 0 0 0 0.8590619545429945
269 0 0 0 2.3764179786667228
270 0 0 0 2.406237996183336
271 0 0 0 2.4748300202190876
272 0 0 0 1.5554740093648434
273 0 0 0 2.310924930498004
274 0 0 0 1.2087710201740265
275 0 0 0 1.8064790638163686
276 0 0 0 1.4815600588917732
277 0 0 0 3.100499976426363
278 0 0 0 1.1167589109390974
279 0 0 0 2.243594964966178
280 0 0 0 2.1196960005909204
281 0 0 0 1.4759920304641128
282 0 0 0 1.6155580524355173
283 0 0 0 1.1796579929068685
284 0 0 0 1.235811971127987
285 0 0 0 1.7674750415608287
286 0 0 0 2.170859952457249
287 0 0 0 1.9510909914970398
288 0 0 0 2.0952329505234957
289 0 0 0 1.7239080043509603
290 0 0 0 1.5769799938425422
291 0 0 0 2.7034820523113012
292 0 0 0 1.2094880221411586
293 0 0 0 2.5699040852487087
294 0 0 0 1.809536013752222
295 0 0 0 2.1728998981416225
296 0 0 0 4.563117981888354
297 0 0 0 1.277423114515841
298 0 0 0 1.7641880549490452
299 0 0 0 2.0729119423776865
300 0 0 0 2.9003170784562826
301 0 0 0 4.345496068708599
302 0 0 0 2.24331789650023
303 0 0 0 2.4045819882303476
304 0 0 0 1.75569299608469
305 0 0 0 4.353424068540335
306 0 0 0 1.760608982294798
307 0 0 0 1.675108913332224
308 0 0 0 1.2262790696695447
309 0 0 0 2.4263340746983886
310 0 0 0 2.354800933972001
311 0 0 0 2.151362015865743
312 0 0 0 2.3541790433228016
313 0 0 0 2.350884024053812
314 0 0 0 1.380806090310216
315 0 0 0 1.6209670575335622
316 0 0 0 3.36815498303622
317 0 0 0 2.319338032975793
318 0 0 0 1.7254590056836605
319 0 0 0 3.3399020321667194
320 0 0 0 2.309063100256026
321 0 0 0 2.036378951743245
322 0 0 0 1.5169859398156404
323 0 0 0 2.3395740427076817
324 0 0 0 1.7663890030235052
325 0 0 0 1.8452770309522748
326 0 0 0 1.8838740652427077
327 0 0 0 2.392569906078279
328 0 0 0 1.1811270378530025
329 0 0 0 2.4549959925934672
330 0 0 0 2.0405390532687306
331 0 0 0 1.4797240728512406
332 0 0 0 2.3884279653429985
333 0 0 0 1.736694946885109
334 0 0 0 2.3827559780329466
335 0 0 0 2.4472629884257913
336 0 0 0 1.8855930538848042
337 0 0 0 2.0293089328333735
338 0 0 0 2.3659300059080124
339 0 0 0 2.485406002961099
340 0 0 0 1.2595970183610916
341 0 0 0 0.9340880205854774
342 0 0 0 1.8208639230579138
343 0 0 0 2.255040919408202
344 0 0 0 1.6356100095435977
345 0 0 0 1.5671229921281338
346 0 0 0 2.658698009327054
347 0 0 0 2.31970997992903
348 0 0 0 2.1425880258902907
349 0 0 0 1.5394280198961496
350 0 0 0 2.7115510310977697
351 0 0 0 1.3031000271439552
352 0 0 0 1.122197019867599
353 0 0 0 2.1579740568995476
354 0 0 0 2.137828036211431
355 0 0 0 0.8421239908784628
356 0 0 0 1.5442139701917768
357 0 0 0 1.5039490535855293
358 0 0 0 0.9543810738250613
359 0 0 0 1.4347810065373778
360 0 0 0 2.64909106772393
361 0 0 0 2.222703886218369
362 0 0 0 2.327573951333761
363 0 0 0 2.2145010298117995
364 0 0 0 0.8827259298413992
365 0 0 0 2.8782780282199383
366 0 0 0 1.20167201384902
367 0 0 0 2.2469760151579976
368 0 0 0 1.2958459556102753
369 0 0 0 2.387251937761903
370 0 0 0 4.169498919509351
371 0 0 0 2.3866280680522323
372 0 0 0 1.1309030232951045
373 0 0 0 1.736133941449225
374 0 0 0 1.1374730383977294
375 0 0 0 2.4750629672780633
376 0 0 0 1.813631970435381
377 0 0 0 1.8643599469214678
378 0 0 0 2.0083129638805985
379 0 0 0 1.1929640313610435
380 0 0 0 1.479333033785224
381 0 0 0 3.8420489290729165
382 0 0 0 2.9333840357139707
383 0 0 0 2.149094012565911
384 0 0 0 1.330394996330142
385 0 0 0 1.2837500544264913
386 0 0 0 2.4414960062131286
387 0 0 0 2.402727957814932
388 0 0 0 1.410885015502572
389 0 0 0 2.1952020470052958
390 0 0 0 2.117216936312616
391 0 0 0 2.104997984133661
392 0 0 0 1.5875640092417598
393 0 0 0 2.096888027153909
394 0 0 0 2.085319021716714
395 0 0 0 2.009761054068804
396 0 0 0 1.2507110368460417
397 0 0 0 1.5651639550924301
398 0 0 0 1.6755959950387478
399 0 0 0 1.340861083008349
400 0 0 0 2.0776139572262764
401 0 0 0 1.596849993802607
402 0 0 0 1.7194750253111124
403 0 0 0 4.367648041807115
404 0 0 0 1.3968690764158964
405 0 0 0 3.001232980750501
406 0 0 0 1.3312749797478318
407 0 0 0 2.6183429872617126
408 0 0 0 2.462052972987294
409 0 0 0 2.1457779221236706
410 0 0 0 2.099202945828438
411 0 0 0 2.102716010995209
412 0 0 0 2.085413900204003
413 0 0 0 2.097603981383145
414 0 0 0 1.702627050690353
415 0 0 0 2.161546959541738
416 0 0 0 2.028623945079744
417 0 0 0 2.3286560317501426
418 0 0 0 4.206407000310719
419 0 0 0 2.013819059357047
420 0 0 0 1.4363049995154142
421 0 0 0 2.264826907776296
422 0 0 0 3.7329549668356776
423 0 0 0 1.6430059913545847
424 0 0 0 1.376913976855576
425 0 0 0 1.264624996110797
426 0 0 0 1.4686259673908353
427 0 0 0 2.0774820586666465
428 0 0 0 2.060455037280917
429 0 0 0 2.275774022564292
430 0 0 0 2.062317915260792
431 0 0 0 1.1227249633520842
432 0 0 0 1.5408649342134595
433 0 0 0 1.0330619988963008
434 0 0 0 1.8920199945569038
435 0 0 0 1.7896619392558932
436 0 0 0 1.761132967658341
437 0 0 0 1.154470955953002
438 0 0 0 2.3311430122703314
439 0 0 0 2.3465390549972653
440 0 0 0 2.4362560361623764
441 0 0 0 1.669710036367178
442 0 0 0 1.1871010065078735
443 0 0 0 2.771944971755147
444 0 0 0 1.6490248963236809
445 0 0 0 1.354165025986731
446 0 0 0 2.1228919504210353
447 0 0 0 2.372129005379975
448 0 0 0 2.199757960624993
449 1 1290039 1.0 1.6190679743885994
450 0 0 0 1.8917600391432643
451 0 0 0 1.3654680224135518
452 0 0 0 3.3095970284193754
453 0 0 0 2.4826820008456707
454 0 0 0 2.381384023465216
455 0 0 0 1.5181679045781493
456 0 0 0 2.4874689988791943
457 0 0 0 3.187738941051066
458 0 0 0 1.666711992584169
459 0 0 0 2.3277809377759695
460 0 0 0 1.1544800363481045
461 0 0 0 2.228224999271333
462 0 0 0 1.0174830676987767
463 0 0 0 1.745708053931594
464 0 0 0 1.653373008593917
465 0 0 0 2.1073739044368267
466 0 0 0 2.1552430698648095
467 0 0 0 1.8138570012524724
468 0 0 0 2.3612460354343057
469 0 0 0 1.5583779895678163
470 0 0 0 1.006021979264915
471 0 0 0 1.2786739971488714
472 0 0 0 2.056995057500899
473 0 0 0 2.1830559708178043
474 0 0 0 1.8712648889049888
475 0 0 0 2.4459200212731957
476 0 0 0 1.6922829672694206
477 0 0 0 2.0555189112201333
478 0 0 0 2.351843984797597
479 0 0 0 2.0649819634854794
480 0 0 0 2.1770510356873274
481 0 0 0 2.381518017500639
482 0 0 0 0.897848978638649
483 0 0 0 1.1183259775862098
484 0 0 0 1.6623929841443896
485 0 0 0 2.1743609104305506
486 0 0 0 1.7439589137211442
487 0 0 0 2.3474739864468575
488 0 0 0 1.2413039803504944
489 0 0 0 2.7151169488206506
490 0 0 0 2.467748010531068
491 0 0 0 1.778129953891039
492 0 0 0 2.369218971580267
493 0 0 0 1.315413974225521
494 0 0 0 2.338767983019352
495 0 0 0 1.6616950742900372
496 0 0 0 2.070134971290827
497 0 0 0 2.3495900677517056
498 0 0 0 1.3091439614072442
499 0 0 0 3.7748829927295446
500 0 0 0 2.1256899926811457
501 0 0 0 2.2744910093024373
502 0 0 0 1.2877120170742273
503 0 0 0 3.0061040306463838
504 0 0 0 1.6754320822656155
505 0 0 0 1.3142289826646447
506 0 0 0 1.231814967468381
507 0 0 0 2.1941340528428555
508 0 0 0 3.597583039663732
509 0 0 0 2.0494279451668262
510 0 0 0 0.9681188967078924
511 0 0 0 1.0868250392377377
512 0 0 0 1.7444539116695523
513 0 0 0 0.9877440752461553
514 0 0 0 1.2525860220193863
515 0 0 0 2.4354190099984407
516 0 0 0 2.3564730072394013
517 0 0 0 2.277738065458834
518 0 0 0 2.1540229208767414
519 0 0 0 2.05715699121356
520 0 0 0 2.258370048366487
521 0 0 0 1.9791669910773635
522 0 0 0 0.9921330492943525
523 0 0 0 1.6486000968143344
524 0 0 0 2.437697956338525
525 0 0 0 1.5960850287228823
526 0 0 0 1.5117429429665208
527 0 0 0 2.3559649707749486
528 0 0 0 1.6848989762365818
529 0 0 0 2.43752496317029
530 0 0 0 1.580675016157329
531 0 0 0 1.6577390488237143
532 0 0 0 1.8207919783890247
533 0 0 0 1.9215060165151954
534 0 0 0 1.3273389777168632
535 0 0 0 1.5300540253520012
536 0 0 0 2.149070962332189
537 0 0 0 0.9364789584651589
538 0 0 0 2.476771012879908
539 0 0 0 2.899501007050276
540 0 0 0 1.7488650046288967
541 0 0 0 2.4744259426370263
542 0 0 0 1.3100029900670052
543 0 0 0 2.4144439958035946
544 0 0 0 1.2359160464257002
545 0 0 0 1.1264090426266193
546 0 0 0 2.8131220024079084
547 0 0 0 2.9797329334542155
548 0 0 0 2.3959899554029107
549 0 0 0 2.669233945198357
550 0 0 0 1.8047119956463575
551 0 0 0 1.4668999938294291
552 0 0 0 1.449435018002987
553 0 0 0 2.7486950857564807
554 0 0 0 2.4000070989131927
555 0 0 0 1.2558619491755962
556 0 0 0 3.5512939793989062
557 0 0 0 2.26111791562289
558 0 0 0 2.2189129376783967
559 0 0 0 2.571108052507043
560 0 0 0 2.0732940174639225
561 0 0 0 1.885932986624539
562 0 0 0 1.4599449932575226
563 0 0 0 2.396122901700437
564 0 0 0 2.74878297932446
565 0 0 0 1.744259032420814
566 0 0 0 1.7362049547955394
567 0 0 0 1.0149279842153192
568 0 0 0 1.5790369361639023
569 0 0 0 2.1368020679801702
570 0 0 0 2.4631310952827334
571 0 0 0 1.7064940184354782
572 0 0 0 2.0437909988686442
573 0 0 0 1.3719029957428575
574 0 0 0 2.3601410211995244
575 0 0 0 2.7526270132511854
576 0 0 0 2.2361750015988946
577 0 0 0 1.099988934583962
578 0 0 0 1.1427949648350477
579 0 0 0 1.587662030942738
580 0 0 0 2.3878749925643206
581 0 0 0 2.0699769956991076
582 0 0 0 1.2340520042926073
583 0 0 0 1.5888710040599108
584 0 0 0 1.173613010905683
585 0 0 0 1.2344639981165528
586 0 0 0 0.9746670257300138
587 0 0 0 1.3773540267720819
588 0 0 0 2.2464649518951774
589 0 0 0 2.159666968509555
590 0 0 0 1.6816389979794621
591 0 0 0 2.2069680271670222
592 0 0 0 2.3565730080008507
593 0 0 0 1.6890480183064938
594 0 0 0 1.7280180472880602
595 0 0 0 2.4232700234279037
596 0 0 0 2.321195905096829
597 0 0 0 1.7863130196928978
598 0 0 0 2.3795129964128137
599 0 0 0 1.2193189468234777
600 0 0 0 2.161748008802533
601 0 0 0 1.1207950301468372
602 0 0 0 1.3042500941082835
603 0 0 0 2.4521200684830546
604 0 0 0 1.3471950078383088
605 0 0 0 2.5131989968940616
606 0 0 0 3.58280201908201
607 0 0 0 2.2867158986628056
608 0 0 0 2.0774620352312922
609 0 0 0 1.531268935650587
610 0 0 0 2.0637180423364043
611 0 0 0 2.330015995539725
612 0 0 0 1.1475560022518039
613 0 0 0 1.6440210165455937
614 0 0 0 2.1995060378685594
615 0 0 0 1.137741026468575
616 0 0 0 1.6359840519726276
617 0 0 0 2.632902003824711
618 0 0 0 2.7335479389876127
619 0 0 0 1.2220700737088919
620 0 0 0 0.9105459321290255
621 0 0 0 1.3484759256243706
622 0 0 0 2.269855933263898
623 0 0 0 2.3930970346555114
624 0 0 0 1.1576509568840265
625 0 0 0 1.9185980781912804
626 0 0 0 1.6028990503400564
627 0 0 0 1.1762030189856887
628 0 0 0 1.3196739600971341
629 0 0 0 2.314272918738425
630 0 0 0 2.2089139092713594
631 0 0 0 1.1737829772755504
632 0 0 0 1.1350249405950308
633 0 0 0 1.7020979430526495
634 0 0 0 2.3321250919252634
635 0 0 0 1.1528360191732645
636 0 0 0 1.1542129795998335
637 0 0 0 2.296873019076884
638 0 0 0 1.0271189967170358
639 0 0 0 1.1253670090809464
640 0 0 0 2.272184006869793
641 0 0 0 2.086326014250517
642 0 0 0 2.069527981802821
643 0 0 0 1.7145819729194045
644 0 0 0 2.0562929566949606
645 0 0 0 2.514938940294087
646 0 0 0 2.039118902757764
647 0 0 0 1.4668310759589076
648 0 0 0 1.1675450950860977
649 0 0 0 1.9594969926401973
650 0 0 0 2.069363952614367
651 0 0 0 0.993595109321177
652 0 0 0 1.9458840833976865
653 0 0 0 1.1291070841252804
654 0 0 0 2.4896319955587387
655 0 0 0 5.0171909388154745
656 0 0 0 4.468019003979862
657 0 0 0 1.1003930121660233
658 0 0 0 2.30527191888541
659 0 0 0 2.1527049830183387
660 0 0 0 2.336026052944362
661 0 0 0 2.355627017095685
662 0 0 0 1.6673620557412505
663 0 0 0 2.1101130405440927
664 0 0 0 1.6450479160994291
665 0 0 0 1.9413960399106145
666 0 0 0 2.408758969977498
667 0 0 0 2.138499985449016
668 0 0 0 2.1213360596448183
669 0 0 0 1.5560189494863153
670 0 0 0 2.166074002161622
671 0 0 0 2.2512460127472878
672 0 0 0 2.2820360027253628
673 1 1065952 0.7058824 1.27483403775841
674 0 0 0 2.346953027881682
675 0 0 0 1.8104760674759746
676 0 0 0 1.5388800529763103
677 0 0 0 2.8646040009334683
678 0 0 0 1.4020600356161594
679 0 0 0 1.2527699582278728
680 0 0 0 2.3372600553557277
681 0 0 0 1.6478820471093059
682 0 0 0 1.6564190154895186
683 0 0 0 2.591125085018575
684 0 0 0 2.100752084515989
685 0 0 0 0.8294199360534549
686 0 0 0 1.0546830017119646
687 0 0 0 2.1805129945278168
688 0 0 0 2.360829967074096
689 0 0 0 1.7665419727563858
690 0 0 0 1.7603380838409066
691 0 0 0 2.128244028426707
692 0 0 0 2.137440023943782
693 0 0 0 1.64279795717448
694 0 0 0 2.4014690425246954
695 0 0 0 2.447403036057949
696 0 0 0 3.076864988543093
697 0 0 0 2.8361729346215725
698 0 0 0 2.994303940795362
699 0 0 0 4.059838014654815
700 0 0 0 1.976891071535647
701 0 0 0 0.9615219896659255
702 0 0 0 1.934365020133555
703 0 0 0 2.173140994273126
704 0 0 0 1.5185370575636625
705 0 0 0 1.3968689600005746
706 0 0 0 1.9625939894467592
707 0 0 0 2.192400977946818
708 0 0 0 1.991608995012939
709 0 0 0 2.3944579297676682
710 0 0 0 1.70285499189049
711 0 0 0 1.601582975126803
712 0 0 0 2.4514179676771164
713 1 1242848 1.0 1.1425339616835117
714 0 0 0 1.3699820265173912
715 0 0 0 1.6497329343110323
716 0 0 0 2.5529790436849
717 0 0 0 1.8719830550253391
718 0 0 0 2.2424960043281317
719 0 0 0 3.9345560362562537
720 0 0 0 2.1962319733574986
721 0 0 0 1.5549398958683014
722 0 0 0 2.562222070991993
723 0 0 0 2.5246680015698075
724 1 1777302 0.7777778 1.1481120018288493
725 0 0 0 2.4975620908662677
726 0 0 0 2.443062956444919
727 0 0 0 2.2897879825904965
728 0 0 0 2.4852370843291283
729 0 0 0 2.5039459578692913
730 0 0 0 2.2787878988310695
731 0 0 0 1.1164440074935555
732 0 0 0 1.794499927200377
733 0 0 0 1.6209599561989307
734 0 0 0 1.5174070140346885
735 0 0 0 1.8383919959887862
736 0 0 0 2.379033016040921
737 0 0 0 1.0222319979220629
738 0 0 0 1.1379920179024339
739 0 0 0 2.3969709873199463
740 0 0 0 1.2480979785323143
741 0 0 0 1.558955991640687
742 0 0 0 2.200787072069943
743 0 0 0 2.3814589949324727
744 0 0 0 2.1467499900609255
745 0 0 0 1.6230569453909993
746 0 0 0 2.0640689181163907
747 0 0 0 2.045757952146232
748 0 0 0 2.114095026627183
749 0 0 0 1.8012209329754114
750 0 0 0 2.0110360346734524
751 0 0 0 2.0591530483216047
752 0 0 0 1.2910319492220879
753 0 0 0 1.5859210398048162
754 0 0 0 2.2683279821649194
755 0 0 0 2.215901971794665
756 0 0 0 1.6762070590630174
757 0 0 0 1.827200991101563
758 0 0 0 4.228528938256204
759 0 0 0 2.561431028880179
760 0 0 0 2.3296449799090624
761 0 0 0 1.715071965008974
762 0 0 0 1.2222430668771267
763 0 0 0 1.5107309445738792
764 0 0 0 2.316505997441709
765 0 0 0 1.2639920460060239
766 0 0 0 1.5646029496565461
767 0 0 0 2.193929976783693
768 0 0 0 2.1072030067443848
769 0 0 0 4.797096946276724
770 0 0 0 6.6306720254942775
771 0 0 0 6.73778704367578
772 0 0 0 5.393269006162882
773 0 0 0 7.235508994199336
774 0 0 0 9.18359193019569
775 0 0 0 7.440236979164183
776 0 0 0 10.958116967231035
777 0 0 0 6.660407991148531
778 0 0 0 9.143503964878619
779 0 0 0 12.098606093786657
780 0 0 0 11.162374052219093
781 0 0 0 3.559887991286814
782 0 0 0 8.951180032454431
783 0 0 0 6.531556020490825
784 0 0 0 6.623063003644347
785 0 0 0 9.013346978463233
786 0 0 0 7.325327955186367
787 0 0 0 10.950590018182993
788 0 0 0 3.6780820228159428
789 0 0 0 3.223290084861219
790 0 0 0 5.280466051772237
791 0 0 0 9.029805893078446
792 0 0 0 3.3490780042484403
793 0 0 0 6.59866095520556
794 0 0 0 5.168653093278408
795 0 0 0 9.291658061556518
796 0 0 0 7.368240039795637
797 0 0 0 4.589989082887769
798 0 0 0 7.4036839650943875
799 0 0 0 3.6181720206514
800 0 0 0 4.6103919157758355
801 0 0 0 2.962759928777814
802 0 0 0 6.983794970437884
803 0 0 0 10.821369010955095
804 0 0 0 3.2577080419287086
805 0 0 0 3.690939978696406
806 0 0 0 10.23980905301869
807 0 0 0 11.403404059819877
808 0 0 0 10.821409989148378
809 0 0 0 3.5770609974861145
810 0 0 0 7.391004939563572
811 0 0 0 11.027694097720087
812 0 0 0 9.914767928421497
813 0 0 0 6.683390936814249
814 0 0 0 5.233225063420832
815 0 0 0 10.027323034591973
816 0 0 0 7.286735926754773
817 0 0 0 3.640359966084361
818 0 0 0 10.10061101987958
819 0 0 0 6.524280994199216
820 0 0 0 9.928126004524529
821 0 0 0 7.368820020928979
822 0 0 0 4.5914159854874015
823 0 0 0 4.6682769898325205
824 0 0 0 5.170052987523377
825 0 0 0 10.08875307161361
826 0 0 0 6.561879999935627
827 0 0 0 2.2351949010044336
828 0 0 0 6.5164059633389115
829 0 0 0 5.191503092646599
830 0 0 0 7.3917279951274395
831 0 0 0 9.21600591391325
832 0 0 0 4.29359101690352
833 0 0 0 11.565309949219227
834 0 0 0 10.394184966571629
835 0 0 0 10.538333910517395
836 0 0 0 6.978629040531814
837 0 0 0 9.66922496445477
838 0 0 0 3.9029549807310104
839 0 0 0 2.972665010020137
840 0 0 0 11.374291963875294
841 0 0 0 7.57638190407306
842 0 0 0 6.777627044357359
843 0 0 0 11.53483404777944
844 0 0 0 7.714504958130419
845 0 0 0 4.335713922046125
846 0 0 0 6.8041939521208405
847 0 0 0 6.980595993809402
848 0 0 0 9.269336005672812
849 0 0 0 3.7742690183222294
850 0 0 0 9.359773015603423
851 0 0 0 11.060593998990953
852 0 0 0 10.601456044241786
853 0 0 0 10.772885056212544
854 0 0 0 13.435069937258959
855 0 0 0 5.564067978411913
856 0 0 0 11.566084111109376
857 0 0 0 4.008091054856777
858 0 0 0 12.804250931367278
859 0 0 0 6.1576560838148
860 0 0 0 13.428295962512493
861 0 0 0 5.16426598187536
862 0 0 0 10.59351209551096
863 0 0 0 12.85867695696652
864 0 0 0 4.499248927459121
865 0 0 0 11.084724916145205
866 0 0 0 8.87387606780976
867 0 0 0 13.835255987942219
868 0 0 0 10.999367921613157
869 0 0 0 5.616293055936694
870 0 0 0 4.209719016216695
871 0 0 0 11.02052500937134
872 0 0 0 3.106911084614694
873 0 0 0 9.745468036271632
874 0 0 0 9.858488920144737
875 0 0 0 11.733856983482838
876 0 0 0 7.5827689142897725
877 0 0 0 7.452520076185465
878 0 0 0 7.502961088903248
879 0 0 0 5.399088957346976
880 0 0 0 11.08085096348077
881 0 0 0 10.223306016996503
882 0 0 0 11.138695990666747
883 0 0 0 2.9323629569262266
884 0 0 0 9.101025061681867
885 0 0 0 3.6809369921684265
886 0 0 0 9.289284935221076
887 0 0 0 9.980262024328113
888 0 0 0 3.20433103479445
889 0 0 0 3.7581099895760417
890 0 0 0 9.121252107433975
891 0 0 0 11.209388030692935
892 0 0 0 6.7675800528377295
893 0 0 0 9.820022969506681
894 0 0 0 11.479869950562716
895 0 0 0 5.321264965459704
896 0 0 0 7.777642924338579
897 0 0 0 10.329102049581707
898 0 0 0 6.450443994253874
899 0 0 0 9.913676069118083
900 0 0 0 4.465050064027309
901 0 0 0 3.300632000900805
902 0 0 0 6.616819999180734
903 0 0 0 10.270413011312485
904 0 0 0 10.1116489386186
905 0 0 0 8.107315050438046
906 0 0 0 5.186264985240996
907 0 0 0 9.12214198615402
908 0 0 0 9.009776986204088
909 0 0 0 3.2174939988180995
910 0 0 0 9.946688078343868
911 0 0 0 6.442760932259262
912 0 0 0 3.5979850217700005
913 0 0 0 9.155329084023833
914 0 0 0 11.63259707391262
915 0 0 0 7.327600033022463
916 0 0 0 9.005046100355685
917 0 0 0 7.367159007117152
918 0 0 0 4.653980024158955
919 0 0 0 6.580351968295872
920 0 0 0 9.221137966960669
921 0 0 0 9.94661299046129
922 0 0 0 4.48351597879082
923 0 0 0 7.0729280123487115
924 0 0 0 11.208405019715428
925 0 0 0 5.345821031369269
926 0 0 0 3.826705040410161
927 0 0 0 5.240099038928747
928 0 0 0 4.7459210036322474
929 0 0 0 2.8989739948883653
930 0 0 0 10.344659094698727
931 0 0 0 11.489060008898377
932 0 0 0 7.620632997713983
933 0 0 0 3.361758077517152
934 0 0 0 10.125853004865348
935 0 0 0 5.2698609651997685
936 0 0 0 3.591225016862154
937 0 0 0 9.133186074905097
938 0 0 0 5.165556911379099
939 0 0 0 11.241914937272668
940 0 0 0 10.92248794157058
941 0 0 0 7.299219025298953
942 0 0 0 9.928030078299344
943 0 0 0 3.8948290748521686
944 0 0 0 7.573639042675495
945 0 0 0 5.3871809504926205
946 0 0 0 5.3248649928718805
947 0 0 0 5.390572012402117
948 0 0 0 6.6553340293467045
949 0 0 0 3.312528016977012
950 0 0 0 10.34530799370259
951 0 0 0 5.323337041772902
952 0 0 0 7.30966089759022
953 0 0 0 10.514179011806846
954 0 0 0 5.392396007664502
955 0 0 0 11.06404501479119
956 0 0 0 4.640299011953175
957 0 0 0 7.388639962300658
958 0 0 0 5.183861940167844
959 0 0 0 5.136516992934048
960 0 0 0 9.291738970205188
961 0 0 0 9.179878979921341
962 0 0 0 9.247116977348924
963 0 0 0 11.38206897303462
964 0 0 0 10.453252005390823
965 0 0 0 6.87442603521049
966 0 0 0 3.2775489380583167
967 0 0 0 7.580730016343296
968 0 0 0 5.297398078255355
969 0 0 0 11.364194913767278
970 0 0 0 7.450248929671943
971 0 0 0 7.322972058318555
972 0 0 0 11.073957895860076
973 0 0 0 11.188572971150279
974 0 0 0 7.630500011146069
975 0 0 0 5.142024951055646
976 0 0 0 5.20646502263844
977 0 0 0 6.602394976653159
978 0 0 0 9.149445104412735
979 0 0 0 9.996065055020154
980 0 0 0 10.158568038605154
981 0 0 0 5.296810995787382
982 0 0 0 2.2932569263502955
983 0 0 0 9.075235924683511
984 0 0 0 10.306805022992194
985 0 0 0 9.40234400331974
986 0 0 0 11.06751908082515
987 0 0 0 9.414401021786034
988 0 0 0 7.4143289821222425
989 0 0 0 9.967395104467869
990 0 0 0 4.553500097244978
991 0 0 0 8.998367004096508
992 0 0 0 11.0103830229491
993 0 0 0 8.999068988487124
994 0 0 0 9.595855022780597
995 0 0 0 10.215747985057533
996 0 0 0 9.522991953417659
997 0 0 0 4.602867062203586
998 0 0 0 4.48741705622524
999 0 0 0 3.5197200486436486
1000 0 0 0 7.314366055652499
1001 0 0 0 9.951923973858356
1002 0 0 0 4.623359069228172
1003 0 0 0 4.535340005531907
1004 0 0 0 5.015757982619107
1005 0 0 0 7.3390520410612226
1006 0 0 0 7.435619947500527
1007 0 0 0 7.176870945841074
1008 0 0 0 8.657538914121687
1009 0 0 0 3.5267890198156238
1010 0 0 0 6.792363943532109
1011 0 0 0 5.177133018150926
1012 0 0 0 9.936232934705913
1013 0 0 0 9.016928961500525
1014 0 0 0 9.75803507026285
1015 0 0 0 7.078318973071873
1016 0 0 0 3.094022045843303
1017 0 0 0 10.699474019929767
1018 0 0 0 8.990283007733524
1019 0 0 0 10.083948960527778
1020 0 0 0 3.6610949318856
1021 0 0 0 2.8547499096021056
1022 0 0 0 9.814520017243922
1023 0 0 0 10.091067990288138
1024 0 0 0 11.091351043432951
1025 0 0 0 5.041688913479447
1026 0 0 0 7.101195980794728
1027 0 0 0 8.719344972632825
1028 0 0 0 10.117701021954417
1029 0 0 0 9.612928028218448
1030 0 0 0 9.368364000692964
1031 0 0 0 7.828040048480034
1032 0 0 0 9.289429988712072
1033 0 0 0 7.582593942061067
1034 0 0 0 9.665947058238089
1035 0 0 0 2.9315969441086054
1036 0 0 0 5.306274979375303
1037 0 0 0 4.007536103017628
1038 0 0 0 6.616945029236376
1039 0 0 0 3.275734023191035
1040 0 0 0 9.069281979463995
1041 0 0 0 9.79428191203624
1042 0 0 0 5.225163069553673
1043 0 0 0 9.10931802354753
1044 0 0 0 10.827849968336523
1045 0 0 0 9.203557041473687
1046 0 0 0 6.458646967075765
1047 0 0 0 7.352126995101571
1048 0 0 0 10.980151942931116
1049 0 0 0 2.8329009655863047
1050 0 0 0 9.085157071240246
1051 0 0 0 3.1348669435828924
1052 0 0 0 3.5421460634097457
1053 0 0 0 5.110671045258641
1054 0 0 0 9.947250946424901
1055 0 0 0 5.132909980602562
1056 0 0 0 9.625982027500868
1057 0 0 0 6.36880099773407
1058 0 0 0 6.423870916478336
1059 0 0 0 10.846731951460242
1060 0 0 0 11.054308037273586
1061 0 0 0 4.632306983694434
1062 0 0 0 11.068015010096133
1063 0 0 0 3.5859120544046164
1064 0 0 0 6.344766938127577
1065 0 0 0 4.676786018535495
1066 0 0 0 10.430229012854397
1067 0 0 0 9.003238985314965
1068 0 0 0 7.305736071430147
1069 0 0 0 3.1985919922590256
1070 0 0 0 3.553031012415886
1071 0 0 0 6.55413290951401
1072 0 0 0 3.564900951460004
1073 0 0 0 11.222049943171442
1074 0 0 0 2.8460200410336256
1075 0 0 0 9.911256027407944
1076 0 0 0 6.736675044521689
1077 0 0 0 6.6395270405337214
1078 0 0 0 9.049703949131072
1079 0 0 0 10.961876949295402
1080 0 0 0 9.476611972786486
1081 0 0 0 5.26415603235364
1082 0 0 0 7.253925083205104
1083 0 0 0 6.4955929992720485
1084 0 0 0 7.328125997446477
1085 0 0 0 7.405024021863937
1086 0 0 0 10.209093103185296
1087 0 0 0 3.226501983590424
1088 0 0 0 4.634827026166022
1089 0 0 0 11.263414984568954
1090 0 0 0 2.90404399856925
1091 0 0 0 10.21319895517081
1092 0 0 0 5.176545004360378
1093 0 0 0 5.174314952455461
1094 0 0 0 7.427659933455288
1095 0 0 0 9.970505023375154
1096 0 0 0 4.536179010756314
1097 0 0 0 3.558680065907538
1098 0 0 0 6.365009932778776
1099 0 0 0 5.072286003269255
1100 0 0 0 11.170699028298259
1101 0 0 0 7.331902044825256
1102 0 0 0 10.223098914138973
1103 0 0 0 9.272327995859087
1104 0 0 0 6.508689024485648
1105 0 0 0 7.413159008137882
1106 0 0 0 10.630915057845414
1107 0 0 0 10.330812074244022
1108 0 0 0 7.02135800383985
1109 0 0 0 2.917220932431519
1110 0 0 0 2.8538289479911327
1111 0 0 0 11.287134024314582
1112 0 0 0 11.392722022719681
1113 0 0 0 4.723839927464724
1114 0 0 0 10.471172980032861
1115 0 0 0 6.752204964868724
1116 0 0 0 9.331115055829287
1117 0 0 0 2.8512749122455716
1118 0 0 0 10.055240942165256
1119 0 0 0 9.036442032083869
1120 0 0 0 10.660076048225164
1121 0 0 0 9.125403012149036
1122 0 0 0 3.5811769776046276
1123 0 0 0 10.017301072366536
1124 0 0 0 6.507677026093006
1125 0 0 0 5.1360169891268015
1126 0 0 0 10.721553000621498
1127 0 0 0 7.113461033441126
1128 0 0 0 3.6400030367076397
1129 0 0 0 7.093891967087984
1130 0 0 0 6.381182000041008
1131 0 0 0 9.830099064856768
1132 0 0 0 10.163286002352834
1133 0 0 0 6.581290974281728
1134 0 0 0 3.2493809703737497
1135 0 0 0 9.23956697806716
1136 0 0 0 3.786165965721011
1137 0 0 0 10.593960992991924
1138 0 0 0 11.426525074057281
1139 0 0 0 11.04850007686764
1140 0 0 0 5.336945061571896
1141 0 0 0 10.014954023063183
1142 0 0 0 10.959781939163804
1143 0 0 0 8.979541016742587
1144 0 0 0 9.303013095632195
1145 0 0 0 9.14009299594909
1146 0 0 0 7.3866600869223475
1147 0 0 0 9.118141024373472
1148 0 0 0 10.786045924760401
1149 0 0 0 7.2165499441325665
1150 0 0 0 5.09251095354557
1151 0 0 0 12.251641019247472
1152 0 0 0 10.1491630775854
1153 0 0 0 10.775672039017081
1154 0 0 0 10.186147992499173
1155 0 0 0 12.399284983985126
1156 0 0 0 10.276661952957511
1157 0 0 0 11.688638012856245
1158 0 0 0 10.37743198685348
1159 0 0 0 11.009157984517515
1160 0 0 0 8.008218952454627
1161 0 0 0 10.940356994979084
1162 0 0 0 10.392040014266968
1163 0 0 0 10.25423698592931
1164 0 0 0 10.229412000626326
1165 0 0 0 3.277690033428371
1166 0 0 0 8.317067055031657
1167 0 0 0 5.165484035387635
1168 0 0 0 8.327114046551287
1169 0 0 0 8.250201935879886
1170 0 0 0 11.498188017867506
1171 0 0 0 5.090716062113643
1172 0 0 0 9.76623094175011
1173 0 0 0 8.015568018890917
1174 0 0 0 12.283814023248851
1175 0 0 0 7.232605945318937
1176 0 0 0 10.922307963483036
1177 0 0 0 9.995175991207361
1178 0 0 0 10.1049670483917
1179 0 0 0 10.24206297006458
1180 0 0 0 17.318943981081247
1181 0 0 0 5.386276985518634
1182 0 0 0 4.922332940623164
1183 0 0 0 5.483236978761852
1184 0 0 0 5.454782978631556
1185 0 0 0 5.5204649688676
1186 0 0 0 5.146533949300647
1187 0 0 0 2.132629044353962
1188 0 0 0 7.140688016079366
1189 0 0 0 4.742559045553207
1190 0 0 0 10.34059002995491
1191 0 0 0 10.330071905627847
1192 0 0 0 11.476294952444732
1193 0 0 0 3.857115050777793
1194 0 0 0 10.400934959761798
1195 0 0 0 11.786976945586503
1196 0 0 0 5.088855978101492
1197 0 0 0 7.01148493681103
1198 0 0 0 10.439921985380352
1199 0 0 0 4.78740397375077
1200 0 0 0 9.621449979022145
1201 0 0 0 5.593796027824283
1202 0 0 0 4.126225016079843
1203 0 0 0 4.0961409686133265
1204 0 0 0 8.960932958871126
1205 0 0 0 8.790888939984143
1206 0 0 0 8.787622093223035
1207 0 0 0 14.585459022782743
1208 0 0 0 9.363271994516253
1209 0 0 0 5.36171009298414
1210 0 0 0 12.303094961680472
1211 0 0 0 7.647832971997559
1212 0 0 0 6.900477921590209
1213 0 0 0 6.786676938645542
1214 0 0 0 4.731822991743684
1215 0 0 0 5.197290098294616
1216 0 0 0 9.892525034956634
1217 0 0 0 8.921377011574805
1218 0 0 0 10.285650962032378
1219 0 0 0 7.509039016440511
1220 0 0 0 4.713442991487682
1221 0 0 0 8.993434952571988
1222 0 0 0 9.379856986925006
1223 0 0 0 9.068474057130516
1224 0 0 0 6.685963016934693
1225 0 0 0 6.438889889977872
1226 0 0 0 8.80487507674843
1227 0 0 0 6.4289020374417305
1228 0 0 0 4.4192110653966665
1229 0 0 0 6.2628809828311205
1230 0 0 0 9.416693937964737
1231 0 0 0 8.651829091832042
1232 0 0 0 9.408815996721387
1233 0 0 0 6.9481669925153255
1234 0 0 0 8.631455013528466
1235 0 0 0 10.818587965331972
1236 0 0 0 3.660102025605738
1237 0 0 0 9.703926043584943
1238 0 0 0 4.413480986841023
1239 0 0 0 9.551524999551475
1240 0 0 0 8.719129022210836
1241 0 0 0 4.291914054192603
1242 0 0 0 4.388598026707768
1243 0 0 0 4.905231995508075
1244 0 0 0 7.0140339666977525
1245 0 0 0 10.979578015394509
1246 0 0 0 10.642859037034214
1247 0 0 0 3.4273130586370826
1248 0 0 0 6.366649060510099
1249 0 0 0 8.725148043595254
1250 0 0 0 7.114836014807224
1251 0 0 0 3.000298049300909
1252 0 0 0 2.8057489544153214
1253 0 0 0 9.770150994881988
1254 0 0 0 4.552921978756785
1255 0 0 0 3.646941971965134
1256 0 0 0 6.490544998086989
1257 0 0 0 9.004501043818891
1258 0 0 0 9.271714952774346
1259 0 0 0 7.471914053894579
1260 0 0 0 4.560707020573318
1261 0 0 0 9.980694972909987
1262 0 0 0 4.537257947959006
1263 0 0 0 9.911265107803047
1264 0 0 0 11.074563954025507
1265 0 0 0 7.3743159882724285
1266 0 0 0 3.5049739526584744
1267 0 0 0 7.234463002532721
1268 0 0 0 7.45202403049916
1269 0 0 0 19.231927930377424
1270 0 0 0 23.246105993166566
1271 0 0 0 22.611054009757936
1272 0 0 0 18.660336965695024
1273 0 0 0 12.70113093778491
1274 0 0 0 20.392543985508382
1275 0 0 0 13.972009066492319
1276 0 0 0 17.464016913436353
1277 0 0 0 21.828072029165924
1278 0 0 0 13.904397957958281
1279 0 0 0 19.7808489901945
1280 0 0 0 13.038201024755836
1281 0 0 0 18.938177963718772
1282 0 0 0 13.71399697382003
1283 0 0 0 15.896024997346103
1284 0 0 0 10.774909984320402
1285 0 0 0 10.579488007351756
1286 0 0 0 19.50948708690703
1287 0 0 0 20.57952096220106
1288 0 0 0 22.47332502156496
1289 0 0 0 22.39983808249235
1290 0 0 0 21.981497993692756
1291 0 0 0 23.518034955486655
1292 0 0 0 19.50656098779291
1293 0 0 0 22.78468804433942
1294 0 0 0 17.72870507556945
1295 0 0 0 25.884194998070598
1296 0 0 0 16.310521052218974
1297 0 0 0 24.02347605675459
1298 0 0 0 20.998502033762634
1299 0 0 0 17.426581936888397
1300 0 0 0 20.998057909309864
1301 0 0 0 20.182858919724822
1302 0 0 0 13.37245898321271
1303 0 0 0 22.608606959693134
1304 0 0 0 20.635113934986293
1305 0 0 0 21.141357021406293
1306 0 0 0 20.11078502982855
1307 0 0 0 22.078324924223125
1308 0 0 0 19.690511981025338
1309 0 0 0 21.321356063708663
1310 0 0 0 14.574876986443996
1311 0 0 0 21.142603014595807
1312 0 0 0 20.5773749621585
1313 0 0 0 20.92161402106285
1314 0 0 0 13.412702013738453
1315 0 0 0 13.420791015960276
1316 0 0 0 13.589940965175629
1317 0 0 0 16.770757967606187
1318 0 0 0 24.076892994344234
1319 0 0 0 23.622435983270407
1320 0 0 0 23.262499016709626
1321 0 0 0 22.126527968794107
1322 0 0 0 20.169367897324264
1323 0 0 0 20.78141097445041
1324 0 0 0 16.758251003921032
1325 0 0 0 23.86607602238655
1326 0 0 0 20.19973995629698
1327 0 0 0 23.860210087150335
1328 0 0 0 23.71712902095169
1329 0 0 0 20.96227603033185
1330 0 0 0 17.249941010959446
1331 0 0 0 24.095800006762147
1332 0 0 0 19.711251952685416
1333 0 0 0 11.440378963015974
1334 0 0 0 20.385278039611876
1335 0 0 0 19.64680105447769
1336 0 0 0 21.101851016283035
1337 0 0 0 13.990069972351193
1338 0 0 0 16.414084006100893
1339 0 0 0 14.465596992522478
1340 0 0 0 20.190668990835547
1341 0 0 0 23.532022954896092
1342 0 0 0 13.375482056289911
1343 0 0 0 13.57870304491371
1344 0 0 0 16.47142309229821
1345 0 0 0 17.32929202262312
1346 0 0 0 23.84996402543038
1347 0 0 0 24.071551975794137
1348 0 0 0 20.793415023945272
1349 0 0 0 19.275430939160287
1350 0 0 0 17.720495932735503
1351 0 0 0 19.848498981446028
1352 0 0 0 14.588512014597654
1353 0 0 0 22.932931082323194
1354 0 0 0 16.221439000219107
1355 0 0 0 25.039102998562157
1356 0 0 0 26.023035985417664
1357 0 0 0 15.019782003946602
1358 0 0 0 24.4057149393484
1359 0 0 0 24.354677996598184
1360 0 0 0 20.899381954222918
1361 0 0 0 22.93515601195395
1362 0 0 0 11.165382107719779
1363 0 0 0 10.187876992858946
1364 0 0 0 24.554687086492777
1365 0 0 0 13.143579009920359
1366 0 0 0 21.550899953581393
1367 0 0 0 24.21252301428467
1368 0 0 0 23.576400009915233
1369 0 0 0 17.664748011156917
1370 0 0 0 14.665922964923084
1371 0 0 0 15.11304301675409
1372 0 0 0 18.22569698560983
1373 0 0 0 22.114448016509414
1374 0 0 0 11.448825942352414
1375 0 0 0 19.994375994428992
1376 0 0 0 24.054431938566267
1377 0 0 0 17.99643295817077
1378 0 0 0 20.324773038737476
1379 0 0 0 16.086928080767393
1380 0 0 0 25.095085031352937
1381 0 0 0 19.597831065766513
1382 0 0 0 13.281174004077911
1383 0 0 0 13.382813078351319
1384 0 0 0 20.881379023194313
1385 0 0 0 21.78157400339842
1386 0 0 0 18.155409954488277
1387 0 0 0 11.623596074059606
1388 0 0 0 18.608108046464622
1389 0 0 0 20.971050951629877
1390 0 0 0 11.442560004070401
1391 0 0 0 20.28868207708001
1392 0 0 0 14.476558077149093
1393 0 0 0 21.567655028775334
1394 0 0 0 17.34705502167344
1395 0 0 0 15.046251006424427
1396 0 0 0 14.73629695829004
1397 0 0 0 19.062636070884764
1398 0 0 0 19.742823904380202
1399 0 0 0 21.456651971675456
1400 0 0 0 30.2157630212605
1401 0 0 0 29.225636972114444
1402 0 0 0 24.84543400350958
1403 0 0 0 16.9316049432382
1404 0 0 0 17.792652011848986
1405 0 0 0 25.565967080183327
1406 0 0 0 26.99060190934688
1407 0 0 0 26.040542987175286
1408 0 0 0 13.538812985643744
1409 0 0 0 18.9753690501675
1410 0 0 0 20.28235304169357
1411 0 0 0 18.130072974599898
1412 0 0 0 26.578060002066195
1413 0 0 0 18.81279598455876
1414 0 0 0 18.549874890595675
1415 0 0 0 19.82746901921928
1416 0 0 0 26.4011409599334
1417 0 0 0 26.395757915452123
1418 0 0 0 18.982407986186445
1419 0 0 0 16.49968104902655
1420 0 0 0 24.8723829863593
1421 0 0 0 12.689591036178172
1422 0 0 0 27.41846500430256
1423 0 0 0 27.730981004424393
1424 0 0 0 18.428364070132375
1425 0 0 0 25.698157027363777
1426 0 0 0 26.85594407375902
1427 0 0 0 28.476945008151233
1428 0 0 0 18.739466089755297
1429 0 0 0 20.326728001236916
1430 0 0 0 14.299407950602472
1431 0 0 0 17.188549041748047
1432 0 0 0 25.62594600021839
1433 0 0 0 16.278658993542194
1434 0 0 0 13.273346005007625
1435 0 0 0 20.468988921493292
1436 0 0 0 21.339202066883445
1437 0 0 0 23.127594962716103
1438 0 0 0 17.217971035279334
1439 0 0 0 16.68008405249566
1440 0 0 0 23.756537935696542
1441 0 0 0 24.931924999691546
1442 0 0 0 26.315056020393968
1443 0 0 0 20.113604026846588
1444 0 0 0 22.19281403813511
1445 0 0 0 20.663465023972094
1446 0 0 0 14.596119988709688
1447 0 0 0 16.43444097135216
1448 0 0 0 19.974204944446683
1449 0 0 0 19.46961402427405
1450 0 0 0 16.966055030934513
1451 0 0 0 21.415801951661706
1452 0 0 0 23.589550983160734
1453 0 0 0 13.360062963329256
1454 0 0 0 19.600032013840973
1455 0 0 0 18.1623341049999
1456 0 0 0 21.57320303376764
1457 0 0 0 17.226581927388906
1458 0 0 0 23.25950306840241
1459 0 0 0 22.060281946323812
1460 0 0 0 19.06586904078722
1461 0 0 0 19.281574990600348
1462 0 0 0 25.201412034220994
1463 0 0 0 22.84904196858406
1464 0 0 0 21.391772897914052
1465 0 0 0 13.208352960646152
1466 0 0 0 25.47101106029004
1467 0 0 0 16.551814042031765
1468 0 0 0 13.728299993090332
1469 0 0 0 22.135394043289125
1470 0 0 0 16.524923034012318
1471 0 0 0 16.72501501161605
1472 0 0 0 14.346699928864837
1473 0 0 0 21.4734950568527
1474 0 0 0 21.31132804788649
1475 0 0 0 17.686523031443357
1476 0 0 0 17.406676895916462
1477 0 0 0 17.74994400329888
1478 0 0 0 17.58312003221363
1479 0 0 0 13.30381608568132
1480 0 0 0 14.517116011120379
1481 0 0 0 14.193048002198339
1482 0 0 0 16.76270505413413
1483 0 0 0 16.722704051062465
1484 0 0 0 21.763324970379472
1485 0 0 0 23.38881092146039
1486 0 0 0 24.089965969324112
1487 0 0 0 21.108721033670008
1488 0 0 0 24.452612968161702
1489 0 0 0 21.5811999514699
1490 0 0 0 25.78745293430984
1491 0 0 0 14.231099048629403
1492 0 0 0 20.555666065774858
1493 0 0 0 22.957080975174904
1494 0 0 0 20.218383986502886
1495 0 0 0 21.41007303725928
1496 0 0 0 16.924166004173458
1497 0 0 0 20.48369392286986
1498 0 0 0 20.93916805461049
1499 0 0 0 21.671148017048836
1500 0 0 0 20.721234963275492
1501 0 0 0 14.873009989969432
1502 0 0 0 26.666829944588244
1503 0 0 0 18.04189698304981
1504 0 0 0 19.6709519950673
1505 0 0 0 25.917660095728934
1506 0 0 0 21.005801972933114
1507 1 1381857 1.0 18.08041601907462
1508 0 0 0 21.480159019120038
1509 0 0 0 21.335438010282815
1510 0 0 0 20.47963603399694
1511 0 0 0 21.985584986396134
1512 0 0 0 22.951941937208176
1513 0 0 0 19.064935040660203
1514 0 0 0 17.763673909939826
1515 0 0 0 20.42289706878364
1516 0 0 0 17.951197107322514
1517 0 0 0 14.360079076141119
1518 0 0 0 18.605150980874896
1519 0 0 0 22.120808018371463
1520 0 0 0 17.121400916948915
1521 0 0 0 14.452510047703981
1522 0 0 0 9.254231001250446
1523 0 0 0 23.033665027469397
1524 0 0 0 13.14036501571536
1525 0 0 0 21.721897064708173
1526 0 0 0 18.03420891519636
1527 0 0 0 20.035256049595773
1528 0 0 0 19.664846011437476
1529 0 0 0 23.37375597562641
1530 0 0 0 23.867254960350692
1531 0 0 0 23.79043900873512
1532 0 0 0 21.76020503975451
1533 0 0 0 11.556421988643706
1534 0 0 0 13.454066007398069
1535 0 0 0 20.052808918990195
1536 0 0 0 20.450156996957958
1537 0 0 0 14.517599018290639
1538 0 0 0 21.974966046400368
1539 0 0 0 10.93941496219486
1540 0 0 0 23.79411505535245
1541 0 0 0 20.454897079616785
1542 0 0 0 19.96989396866411
1543 0 0 0 20.617226022295654
1544 0 0 0 23.839081986807287
1545 0 0 0 23.997351992875338
1546 0 0 0 13.561434927396476
1547 0 0 0 22.115457919426262
1548 0 0 0 22.119427914731205
1549 0 0 0 14.476859010756016
1550 0 0 0 21.522819064557552
1551 0 0 0 19.62962991092354
1552 0 0 0 23.11611094046384
1553 0 0 0 23.725820006802678
1554 0 0 0 11.153541039675474
1555 0 0 0 19.890114082954824
1556 0 0 0 21.159430034458637
1557 0 0 0 13.604974024929106
1558 0 0 0 21.99395594652742
1559 0 0 0 17.042506020516157
1560 0 0 0 19.949838984757662
1561 0 0 0 23.32189097069204
1562 0 0 0 17.79049600008875
1563 0 0 0 23.020446067675948
1564 0 0 0 20.454867044463754
1565 0 0 0 15.251904958859086
1566 0 0 0 25.257366942241788
1567 0 0 0 14.355001039803028
1568 0 0 0 22.884925943799317
1569 0 0 0 25.202048011124134
1570 0 0 0 12.229769956320524
1571 0 0 0 15.652031055651605
1572 0 0 0 18.687180941924453
1573 0 0 0 20.947003038600087
1574 0 0 0 21.10803104005754
1575 0 0 0 13.693641987629235
1576 0 0 0 20.349009078927338
1577 0 0 0 20.701001049019396
1578 0 0 0 20.321134943515062
1579 0 0 0 17.43042003363371
1580 0 0 0 17.982964986003935
1581 0 0 0 18.116461928002536
1582 0 0 0 14.481134014204144
1583 0 0 0 19.140578107908368
1584 0 0 0 23.569555021822453
1585 0 0 0 21.037108963355422
1586 0 0 0 12.87440094165504
1587 0 0 0 19.585304893553257
1588 0 0 0 15.841583022847772
1589 0 0 0 18.703183042816818
1590 0 0 0 19.31264402810484
1591 0 0 0 13.202692964114249
1592 0 0 0 17.02089502941817
1593 0 0 0 20.536699914373457
1594 0 0 0 22.423450951464474
1595 0 0 0 16.906489967368543
1596 0 0 0 18.60321802087128
1597 0 0 0 23.754569003358483
1598 0 0 0 22.047113976441324
1599 0 0 0 20.88507602456957
1600 0 0 0 16.739260056056082
1601 0 0 0 23.9887279458344
1602 0 0 0 19.47675901465118
1603 0 0 0 19.425975042395294
1604 0 0 0 13.638706994242966
1605 0 0 0 13.731302926316857
1606 0 0 0 12.664931011386216
1607 0 0 0 22.209989023394883
1608 0 0 0 16.7099250247702
1609 0 0 0 16.74654707312584
1610 0 0 0 18.526862026192248
1611 0 0 0 15.755389002151787
1612 0 0 0 20.569029031321406
1613 0 0 0 16.761169070377946
1614 0 0 0 23.173067020252347
1615 0 0 0 13.029566034674644
1616 0 0 0 13.091698056086898
1617 0 0 0 24.494524928741157
1618 0 0 0 22.571922978386283
1619 0 0 0 23.773722001351416
1620 0 0 0 20.563238998875022
1621 0 0 0 13.6594109935686
1622 0 0 0 10.638257954269648
1623 0 0 0 19.457899034023285
1624 0 0 0 10.047739022411406
1625 0 0 0 10.896569932810962
1626 0 0 0 20.056864013895392
1627 0 0 0 19.625663990154862
1628 0 0 0 13.631834997795522
1629 0 0 0 19.085383042693138
1630 0 0 0 20.666826982051134
1631 0 0 0 21.868103998713195
1632 0 0 0 23.494069930166006
1633 0 0 0 26.054696063511074
1634 0 0 0 23.87965307570994
1635 0 0 0 21.350509952753782
1636 0 0 0 14.388093957677484
1637 0 0 0 24.14447406772524
1638 0 0 0 16.233831993304193
1639 0 0 0 21.10004296991974
1640 0 0 0 13.883030042052269
1641 0 0 0 14.15949605870992
1642 0 0 0 21.715566981583834
1643 0 0 0 17.927107051946223
1644 0 0 0 21.785118035040796
1645 0 0 0 17.906278022564948
1646 0 0 0 22.423523012548685
1647 0 0 0 24.988670949824154
1648 0 0 0 16.415821970440447
1649 0 0 0 23.95658299792558
1650 0 0 0 21.138745010830462
1651 0 0 0 25.669281953014433
1652 0 0 0 24.704296025447547
1653 0 0 0 21.866439958103
1654 0 0 0 15.214190003462136
1655 0 0 0 24.837784003466368
1656 0 0 0 24.403244955465198
1657 0 0 0 15.029294998385012
1658 0 0 0 24.04891897458583
1659 0 0 0 22.064793040044606
1660 0 0 0 13.447452103719115
1661 0 0 0 23.682152037508786
1662 0 0 0 14.59793804679066
1663 0 0 0 14.372759964317083
1664 0 0 0 13.458383968099952
1665 0 0 0 25.62691702041775
1666 0 0 0 11.273875948973
1667 0 0 0 23.929086979478598
1668 0 0 0 11.372852954082191
1669 0 0 0 18.209483940154314
1670 0 0 0 14.732063980773091
1671 0 0 0 22.364704054780304
1672 0 0 0 23.37931504007429
1673 0 0 0 13.51533504202962
1674 0 0 0 11.550524970516562
1675 0 0 0 19.948526052758098
1676 0 0 0 13.701405958272517
1677 0 0 0 19.88314709160477
1678 0 0 0 20.833797054365277
1679 0 0 0 18.536474090069532
1680 0 0 0 21.292530931532383
1681 0 0 0 17.344570020213723
1682 0 0 0 21.753659937530756
1683 0 0 0 18.511269008740783
1684 0 0 0 24.08715896308422
1685 0 0 0 21.954366005957127
1686 0 0 0 16.8014969676733
1687 0 0 0 24.525325978174806
1688 0 0 0 15.118709998205304
1689 0 0 0 17.927495995536447
1690 0 0 0 20.861911005340517
1691 0 0 0 14.033535961061716
1692 0 0 0 20.985558978281915
1693 0 0 0 21.33412496186793
1694 0 0 0 10.633311932906508
1695 0 0 0 25.74835205450654
1696 0 0 0 23.850277066230774
1697 0 0 0 25.75529390014708
1698 0 0 0 23.003890994004905
1699 0 0 0 24.484994006343186
1700 0 0 0 21.77851798478514
1701 0 0 0 21.98130590841174
1702 0 0 0 22.328863968141377
1703 0 0 0 20.59115096926689
1704 0 0 0 21.863010013476014
1705 0 0 0 21.579054067842662
1706 0 0 0 17.986083985306323
1707 0 0 0 22.868728963658214
1708 0 0 0 17.509605968371034
1709 0 0 0 23.077455931343138
1710 0 0 0 20.133147947490215
1711 0 0 0 24.727356038056314
1712 0 0 0 17.883900087326765
1713 0 0 0 22.270138026215136
1714 0 0 0 23.499276023358107
1715 0 0 0 22.34508201945573
1716 0 0 0 24.466487928293645
1717 0 0 0 14.781318022869527
1718 0 0 0 15.117330010980368
1719 0 0 0 24.302265024743974
1720 0 0 0 17.065710038878024
1721 0 0 0 10.282721952535212
1722 0 0 0 19.527910044416785
1723 0 0 0 14.618373941630125
1724 0 0 0 20.2894969843328
1725 0 0 0 22.94717903714627
1726 0 0 0 19.5121270371601
1727 0 0 0 22.79324410483241
1728 0 0 0 21.362278959713876
1729 0 0 0 22.040222072973847
1730 0 0 0 15.207637916319072
1731 0 0 0 17.931865993887186
1732 0 0 0 24.960456998087466
1733 0 0 0 13.693355023860931
1734 0 0 0 21.509352955035865
1735 0 0 0 14.663045993074775
1736 0 0 0 13.059889082796872
1737 0 0 0 17.379207885824144
1738 0 0 0 14.747395063750446
1739 0 0 0 23.55669206008315
1740 0 0 0 16.511905007064342
1741 0 0 0 21.136780036613345
1742 0 0 0 14.1704740235582
1743 0 0 0 16.98983192909509
1744 0 0 0 14.557835063897073
1745 0 0 0 17.40547304507345
1746 0 0 0 20.399181987158954
1747 0 0 0 17.739810049533844
1748 0 0 0 23.523715091869235
1749 0 0 0 17.494686064310372
1750 0 0 0 23.16155901644379
1751 0 0 0 19.68026696704328
1752 0 0 0 14.432403957471251
1753 0 0 0 21.360148093663156
1754 0 0 0 16.399429994635284
1755 0 0 0 17.99592701718211
1756 0 0 0 21.55142999254167
1757 0 0 0 24.34559992980212
1758 0 0 0 24.019242031499743
1759 0 0 0 23.291078046895564
1760 0 0 0 23.123109014704823
1761 0 0 0 14.269837993197143
1762 0 0 0 13.440308975987136
1763 0 0 0 16.72404503915459
1764 0 0 0 24.518359918147326
1765 0 0 0 23.311755037866533
1766 0 0 0 27.00476604513824
1767 0 0 0 21.196483983658254
1768 0 0 0 24.753189994953573
1769 0 0 0 26.700468035414815
1770 0 0 0 28.778649982996285
1771 0 0 0 27.335825958289206
1772 0 0 0 27.807201026007533
1773 0 0 0 28.61386490985751
1774 0 0 0 29.25829601008445
1775 0 0 0 26.82897704653442
1776 0 0 0 26.251420960761607
1777 0 0 0 26.427833014167845
1778 0 0 0 28.02231698296964
1779 0 0 0 29.081780929118395
1780 0 0 0 24.2929250234738
1781 0 0 0 24.995737010613084
1782 0 0 0 24.186518043279648
1783 0 0 0 23.837725981138647
1784 0 0 0 23.444524966180325
1785 0 0 0 23.85601808782667
1786 0 0 0 24.878707947209477
1787 0 0 0 24.71519506070763
1788 0 0 0 23.69678590912372
1789 0 0 0 25.355663965456188
1790 0 0 0 23.933436954393983
1791 0 0 0 24.747687974013388
1792 0 0 0 22.073257016018033
1793 0 0 0 22.368733072653413
1794 0 0 0 23.623842978850007
1795 0 0 0 24.870970053598285
1796 0 0 0 24.01971397921443
1797 0 0 0 24.530378985218704
1798 0 0 0 23.317013052292168
1799 0 0 0 21.252512000501156
1800 0 0 0 25.11046500876546
1801 0 0 0 25.00334905926138
1802 0 0 0 23.097515921108425
1803 0 0 0 25.2885390073061
1804 0 0 0 24.94682394899428
1805 0 0 0 22.660807939246297
1806 0 0 0 23.911056923680007
1807 0 0 0 24.120336049236357
1808 0 0 0 23.9847160410136
1809 0 0 0 24.62400891818106
1810 0 0 0 23.699530051089823
1811 0 0 0 25.5017951130867
1812 0 0 0 25.86596505716443
1813 0 0 0 23.669837974011898
1814 0 0 0 25.08123603183776
1815 0 0 0 23.984866915270686
1816 0 0 0 24.553046096116304
1817 0 0 0 25.47403401695192
1818 0 0 0 22.830086993053555
1819 0 0 0 24.13226303178817
1820 0 0 0 25.137725984677672
1821 0 0 0 27.19951095059514
1822 0 0 0 27.258848072960973
1823 0 0 0 27.676402940414846
1824 0 0 0 28.51753297727555
1825 0 0 0 26.042583980597556
1826 0 0 0 26.852548005990684
1827 0 0 0 27.41048496682197
1828 0 0 0 25.298786000348628
1829 0 0 0 26.498832972720265
1830 0 0 0 25.555172003805637
1831 0 0 0 25.234688073396683
1832 0 0 0 24.052078020758927
1833 0 0 0 26.02507302071899
1834 0 0 0 24.648045073263347
1835 0 0 0 26.256175944581628
1836 0 0 0 25.128608918748796
1837 0 0 0 23.36843591183424
1838 0 0 0 25.511436047963798
1839 0 0 0 25.402400991879404
1840 0 0 0 25.19285900052637
1841 0 0 0 21.403635968454182
1842 0 0 0 25.39692900609225
1843 0 0 0 23.827860015444458
1844 0 0 0 22.52412401139736
1845 0 0 0 25.649289949797094
1846 0 0 0 25.237285066395998
1847 0 0 0 21.505784010514617
1848 0 0 0 23.11248006299138
1849 0 0 0 24.49326601345092
1850 0 0 0 23.7261310685426
1851 0 0 0 24.739162996411324
1852 0 0 0 24.164816946722567
1853 0 0 0 23.323094006627798
1854 0 0 0 20.92756296042353
1855 0 0 0 24.574300972744823
1856 0 0 0 24.339105002582073
1857 0 0 0 25.629178970120847
1858 0 0 0 24.839213001541793
1859 0 0 0 25.277149048633873
1860 0 0 0 24.56401602830738
1861 0 0 0 23.963626008480787
1862 0 0 0 23.06598296854645
1863 0 0 0 22.59954100009054
1864 0 0 0 24.572532041929662
1865 0 0 0 22.465292015112936
1866 0 0 0 25.432203081436455
1867 0 0 0 22.647341014817357
1868 0 0 0 24.30182893294841
1869 0 0 0 24.541858001612127
1870 0 0 0 24.57511005923152
1871 0 0 0 24.788249982520938
1872 0 0 0 23.04395299870521
1873 0 0 0 24.589724955148995
1874 0 0 0 22.45094603858888
1875 0 0 0 24.897973984479904
1876 0 0 0 24.55416601151228
1877 0 0 0 23.550541955046356
1878 0 0 0 24.49529094155878
1879 0 0 0 24.366064928472042
1880 0 0 0 22.838333970867097
1881 0 0 0 26.147175929509103
1882 0 0 0 25.826171040534973
1883 0 0 0 24.725221912376583
1884 0 0 0 23.932632990181446
1885 0 0 0 21.355831995606422
1886 0 0 0 20.793225965462625
1887 0 0 0 22.86831196397543
1888 0 0 0 19.6725680725649
1889 0 0 0 22.541053942404687
1890 0 0 0 22.430991055443883
1891 0 0 0 24.47598602157086
1892 0 0 0 22.00118894688785
1893 0 0 0 24.380265967920423
1894 0 0 0 23.471273947507143
1895 0 0 0 23.467949009500444
1896 0 0 0 21.359689999371767
1897 0 0 0 21.301799919456244
1898 0 0 0 22.94773794710636
1899 0 0 0 24.916925001889467
1900 0 0 0 22.30211498681456
1901 0 0 0 22.502340958453715
1902 0 0 0 22.903601988218725
1903 0 0 0 22.2691009985283
1904 0 0 0 23.101308033801615
1905 0 0 0 21.231052931398153
1906 0 0 0 22.179296938702464
1907 0 0 0 23.520335089415312
1908 0 0 0 22.684468887746334
1909 0 0 0 21.33698796387762
1910 0 0 0 23.211364052258432
1911 0 0 0 22.981361020356417
1912 0 0 0 21.993861999362707
1913 0 0 0 21.63408207707107
1914 0 0 0 21.765058976598084
1915 0 0 0 22.993351914919913
1916 0 0 0 22.93613296933472
1917 0 0 0 23.742394987493753
1918 0 0 0 24.437177926301956
1919 0 0 0 24.162476998753846
1920 0 0 0 24.265103973448277
1921 0 0 0 24.046626989729702
1922 0 0 0 23.789835977368057
1923 0 0 0 24.056075955741107
1924 0 0 0 22.447292925789952
1925 0 0 0 22.38155307713896
1926 0 0 0 21.7883629957214
1927 0 0 0 24.127923068590462
1928 0 0 0 22.45086501352489
1929 0 0 0 23.24846002738923
1930 0 0 0 23.681498016230762
1931 0 0 0 24.759897030889988
1932 0 0 0 24.447363917715847
1933 0 0 0 24.446357041597366
1934 0 0 0 24.78487405460328
1935 0 0 0 24.719683919101954
1936 0 0 0 24.348890990950167
1937 0 0 0 24.190203053876758
1938 0 0 0 23.97257392294705
1939 0 0 0 24.51277000363916
1940 0 0 0 23.788552032783628
1941 0 0 0 23.248936980962753
1942 0 0 0 24.80319596361369
1943 0 0 0 24.88776098471135
1944 0 0 0 23.476036032661796
1945 0 0 0 22.840782068669796
1946 0 0 0 24.04918393585831
1947 0 0 0 24.572968017309904
1948 0 0 0 23.329437943175435
1949 0 0 0 24.41440208349377
1950 0 0 0 23.15193903632462
1951 0 0 0 24.89297790452838
1952 0 0 0 23.024311987683177
1953 0 0 0 24.2227140115574
1954 0 0 0 24.871347937732935
1955 0 0 0 24.339309078641236
1956 0 0 0 26.31148905493319
1957 0 0 0 25.48162708990276
1958 0 0 0 24.445738061331213
1959 0 0 0 24.74924607668072
1960 0 0 0 23.17061193753034
1961 0 0 0 25.189499952830374
1962 0 0 0 22.386029013432562
1963 0 0 0 23.449714994058013
1964 0 0 0 23.75468995887786
1965 0 0 0 23.34248390980065
1966 0 0 0 26.192518998868763
1967 0 0 0 25.633636978454888
1968 0 0 0 24.8915390111506
1969 0 0 0 24.77969299070537
1970 0 0 0 24.985082098282874
1971 0 0 0 24.54748097807169
1972 0 0 0 23.32808298524469
1973 0 0 0 24.255244061350822
1974 0 0 0 23.030103067867458
1975 0 0 0 22.491651005111635
1976 0 0 0 24.411221034824848
1977 0 0 0 24.716896004974842
1978 0 0 0 23.219596012495458
1979 0 0 0 23.13228591810912
1980 0 0 0 23.015658021904528
1981 0 0 0 23.98566692136228
1982 0 0 0 24.607656057924032
1983 0 0 0 25.29630297794938
1984 0 0 0 22.728985059075058
1985 0 0 0 24.287629988975823
1986 0 0 0 24.60292703472078
1987 0 0 0 24.16119398549199
1988 0 0 0 24.694873951375484
1989 0 0 0 24.54471495002508
1990 0 0 0 23.25950493104756
1991 0 0 0 23.03471800405532
1992 0 0 0 22.856255993247032
1993 0 0 0 22.463093046098948
1994 0 0 0 24.372722953557968
1995 0 0 0 24.64160299859941
1996 0 0 0 22.687207907438278
1997 0 0 0 22.913791937753558
1998 0 0 0 22.606324986554682
1999 0 0 0 24.36188596766442
2000 0 0 0 24.443165049888194
2001 0 0 0 23.87885097414255
2002 0 0 0 24.92590097244829
2003 0 0 0 22.915298002772033
2004 0 0 0 25.312790065072477
2005 0 0 0 24.375995970331132
2006 0 0 0 25.45330999419093
2007 0 0 0 25.04342992324382
2008 0 0 0 24.31133098434657
2009 0 0 0 24.92783300112933
2010 0 0 0 22.635512053966522
2011 0 0 0 23.354052915237844
2012 0 0 0 24.60710401646793
2013 0 0 0 26.108922087587416
2014 0 0 0 22.809598012827337
2015 0 0 0 24.706879979930818
2016 0 0 0 24.90951307117939
2017 0 0 0 23.533110041171312
2018 0 0 0 24.50117701664567
2019 0 0 0 21.460395073518157
2020 0 0 0 23.263877956196666
2021 0 0 0 24.41675600130111
2022 0 0 0 22.990907076746225
2023 0 0 0 21.537996944971383
2024 0 0 0 23.958487901836634
2025 0 0 0 24.68372997827828
2026 0 0 0 25.738129043020308
2027 0 0 0 25.47983604017645
2028 0 0 0 24.290593923069537
2029 0 0 0 21.358796977438033
2030 0 0 0 25.862085982225835
2031 0 0 0 24.40043305978179
2032 0 0 0 25.24854999501258
2033 0 0 0 24.46516591589898
2034 0 0 0 24.58820608444512
2035 0 0 0 24.60381994023919
2036 0 0 0 25.827186997048557
2037 0 0 0 28.05796090979129
2038 0 0 0 27.671038056723773
2039 0 0 0 27.03325101174414
2040 0 0 0 26.377653004601598
2041 0 0 0 25.58771299663931
2042 0 0 0 26.642492040991783
2043 0 0 0 25.796313071623445
2044 0 0 0 23.01007299683988
2045 0 0 0 25.35666699986905
2046 0 0 0 21.480954019352794
2047 0 0 0 23.435431998223066
2048 0 0 0 24.276037933304906
2049 0 0 0 25.21372796036303
2050 0 0 0 24.66070104856044
2051 0 0 0 24.508745060302317
2052 0 0 0 23.327542934566736
2053 0 0 0 24.67039693146944
2054 0 0 0 23.435533046722412
2055 0 0 0 24.075477034784853
2056 0 0 0 25.202260934747756
2057 0 0 0 24.33480101171881
2058 0 0 0 25.169191998429596
2059 0 0 0 23.589621065184474
2060 0 0 0 24.314400041475892
2061 0 0 0 25.333338999189436
2062 0 0 0 24.733888916671276
2063 0 0 0 23.15032295882702
2064 0 0 0 22.94184605125338
2065 0 0 0 24.832846014760435
2066 0 0 0 22.54177792929113
2067 0 0 0 23.022343986667693
2068 0 0 0 24.96974798850715
2069 0 0 0 25.208616978488863
2070 0 0 0 25.45985102187842
2071 0 0 0 25.120679987594485
2072 0 0 0 25.80835798289627
2073 0 0 0 25.139925070106983
2074 0 0 0 23.366248002275825
2075 0 0 0 24.31188488844782
2076 0 0 0 24.346709018573165
2077 0 0 0 25.377051904797554
2078 0 0 0 24.31732800323516
2079 0 0 0 23.17698998376727
2080 0 0 0 25.059367064386606
2081 0 0 0 23.945531924255192
2082 0 0 0 25.116864941082895
2083 0 0 0 22.16888195835054
2084 0 0 0 24.881521007046103
2085 0 0 0 24.889106047339737
2086 0 0 0 24.10732803400606
2087 0 0 0 25.2726289909333
2088 0 0 0 25.78354300931096
2089 0 0 0 25.255571003071964
2090 0 0 0 25.131492991931736
2091 0 0 0 23.004940012469888
2092 0 0 0 24.867207976058125
2093 0 0 0 24.910156964324415
2094 0 0 0 24.597351090051234
2095 0 0 0 26.787579990923405
2096 0 0 0 25.074258097447455
2097 0 0 0 23.889599018730223
2098 0 0 0 25.588857010006905
2099 0 0 0 22.775923018343747
2100 0 0 0 24.81122803874314
2101 0 0 0 22.830480942502618
2102 0 0 0 22.842467995360494
2103 0 0 0 22.905688965693116
2104 0 0 0 23.426502011716366
2105 0 0 0 25.39178403094411
2106 0 0 0 24.84443795401603
2107 0 0 0 23.997492040507495
2108 0 0 0 22.04778091982007
2109 0 0 0 25.42188996449113
2110 0 0 0 25.345096015371382
2111 0 0 0 23.01466406788677
2112 0 0 0 23.587381932884455
2113 0 0 0 26.939420960843563
2114 0 0 0 24.771480006165802
2115 0 0 0 24.50174791738391
2116 0 0 0 25.045022019185126
2117 0 0 0 25.1448709750548
2118 0 0 0 23.189999046735466
2119 0 0 0 20.858068019151688
2120 0 0 0 23.412361973896623
2121 0 0 0 22.560238023288548
2122 0 0 0 23.306649993173778
2123 0 0 0 22.98256102949381
2124 0 0 0 21.364409010857344
2125 0 0 0 23.35840999148786
2126 0 0 0 23.634489974938333
2127 0 0 0 21.955167991109192
2128 0 0 0 23.71784800197929
2129 0 0 0 23.721902049146593
2130 0 0 0 24.02086101938039
2131 0 0 0 23.027869989164174
2132 0 0 0 23.844604031182826
2133 0 0 0 22.549209999851882
2134 0 0 0 23.507153964601457
2135 0 0 0 24.01199098676443
2136 0 0 0 24.222860112786293
2137 0 0 0 23.491739993914962
2138 0 0 0 21.605667076073587
2139 0 0 0 23.12729402910918
2140 0 0 0 22.747575072571635
2141 0 0 0 22.153205005452037
2142 0 0 0 22.96389697585255
2143 0 0 0 24.536560056731105
2144 0 0 0 24.09183094277978
2145 0 0 0 23.874790058471262
2146 0 0 0 23.565518902614713
2147 0 0 0 25.067743961699307
2148 0 0 0 24.060511030256748
2149 0 0 0 24.334949906915426
2150 0 0 0 23.17118796054274
2151 0 0 0 23.111784015782177
2152 0 0 0 22.034681984223425
2153 0 0 0 24.275318952277303
2154 0 0 0 22.941102972254157
2155 0 0 0 24.791631032712758
2156 0 0 0 23.680301965214312
2157 0 0 0 23.911391966976225
2158 0 0 0 23.999979021027684
2159 0 0 0 24.995759944431484
2160 0 0 0 24.008945911191404
2161 0 0 0 22.462203982286155
2162 0 0 0 23.705265019088984
2163 0 0 0 21.501747076399624
2164 0 0 0 23.83402199484408
2165 0 0 0 24.047789978794754
2166 0 0 0 20.247372915036976
2167 0 0 0 24.9962299130857
2168 0 0 0 24.63843591976911
2169 0 0 0 24.342271964997053
2170 0 0 0 22.80657202936709
2171 0 0 0 24.587630992755294
2172 0 0 0 24.687486002221704
2173 0 0 0 24.531183997169137
2174 0 0 0 24.426614050753415
2175 0 0 0 24.294295930303633
2176 0 0 0 25.108144036494195
2177 0 0 0 24.946121033281088
2178 0 0 0 24.871318018995225
2179 0 0 0 25.77031997498125
2180 0 0 0 25.24729201104492
2181 0 0 0 23.880214896053076
2182 0 0 0 24.23810097388923
2183 0 0 0 24.014819995500147
2184 0 0 0 24.949891958385706
2185 0 0 0 23.928240058012307
2186 0 0 0 25.109207024797797
2187 0 0 0 22.335965069942176
2188 0 0 0 22.519840043969452
2189 0 0 0 21.95086400024593
2190 0 0 0 20.620260969735682
2191 1 1385249 0.7169811 20.420358050614595
2192 0 0 0 20.3807910438627
2193 0 0 0 20.23677504621446
2194 0 0 0 19.285124959424138
2195 0 0 0 19.352667964994907
2196 0 0 0 20.23572090547532
2197 0 0 0 19.732261076569557
2198 0 0 0 19.401057972572744
2199 0 0 0 20.962762995623052
2200 0 0 0 20.408284035511315
2201 0 0 0 20.08716098498553
2202 0 0 0 18.097611027769744
2203 0 0 0 21.38377504888922
2204 0 0 0 20.815717987716198
2205 0 0 0 18.44109210651368
2206 0 0 0 19.596939091570675
2207 0 0 0 19.569045980460942
2208 0 0 0 21.54498000163585
2209 0 0 0 16.86643995344639
2210 0 0 0 18.73645803425461
2211 1 1244220 0.7111111 19.279377069324255
2212 0 0 0 17.892146948724985
2213 0 0 0 17.511226935312152
2214 0 0 0 18.596494919620454
2215 0 0 0 17.36412907484919
2216 0 0 0 18.82068905979395
2217 0 0 0 19.871861906722188
2218 0 0 0 17.641094978898764
2219 0 0 0 18.486169981770217
2220 0 0 0 20.60085500124842
2221 0 0 0 21.094538969919086
2222 0 0 0 19.305089954286814
2223 0 0 0 19.53560404945165
2224 0 0 0 19.82234709430486
2225 0 0 0 20.51100693643093
2226 0 0 0 19.527317956089973
2227 0 0 0 19.690087996423244
2228 0 0 0 19.648901070468128
2229 0 0 0 18.82869203109294
2230 0 0 0 16.463895910419524
2231 0 0 0 19.600939005613327
2232 0 0 0 18.663518014363945
2233 0 0 0 19.999197917059064
2234 0 0 0 21.146123064681888
2235 0 0 0 22.01384596992284
2236 0 0 0 22.631380008533597
2237 0 0 0 24.74718203302473
2238 0 0 0 22.044426994398236
2239 0 0 0 21.405472070910037
2240 0 0 0 21.27432799898088
2241 0 0 0 21.2710170308128
2242 0 0 0 23.334808996878564
2243 0 0 0 22.296943003311753
2244 0 0 0 20.049613900482655
2245 0 0 0 21.958071971312165
2246 0 0 0 22.120440960861742
2247 0 0 0 22.551576024852693
2248 0 0 0 20.217478973791003
2249 0 0 0 20.681099966168404
2250 0 0 0 17.083999002352357
2251 0 0 0 17.91349600534886
2252 0 0 0 20.41916095186025
2253 0 0 0 21.7060970608145
2254 0 0 0 22.614944959059358
2255 0 0 0 25.16387600917369
2256 0 0 0 22.99242897424847
2257 0 0 0 23.190394975245
2258 0 0 0 23.549826932139695
2259 0 0 0 21.833806997165084
2260 0 0 0 20.635530003346503
2261 0 0 0 19.641480990685523
2262 0 0 0 20.968029974028468
2263 0 0 0 21.94804698228836
2264 0 0 0 21.82831906247884
2265 0 0 0 20.535966963507235
2266 0 0 0 21.678643999621272
2267 0 0 0 19.71559994854033
2268 0 0 0 19.457076909020543
2269 0 0 0 21.84385003056377
2270 0 0 0 19.51585605274886
2271 0 0 0 19.67012998647988
2272 0 0 0 19.582260982133448
2273 0 0 0 19.850615062750876
2274 0 0 0 19.38763994257897
2275 0 0 0 21.300986991263926
2276 0 0 0 21.42083505168557
2277 0 0 0 19.852234981954098
2278 0 0 0 19.045181921683252
2279 0 0 0 19.81881109531969
2280 0 0 0 21.499771042726934
2281 0 0 0 20.18730901181698
2282 0 0 0 18.587602069601417
2283 0 0 0 20.413834950886667
2284 0 0 0 20.538137992843986
2285 0 0 0 18.876428017392755
2286 0 0 0 19.69149406068027
2287 0 0 0 19.79164604563266
2288 0 0 0 17.62867101933807
2289 0 0 0 21.266881958581507
2290 0 0 0 20.5749140586704
2291 0 0 0 20.89052798692137
2292 0 0 0 21.27525000832975
2293 0 0 0 20.89280798099935
2294 0 0 0 19.41844099201262
2295 0 0 0 18.763858010061085
2296 0 0 0 17.94340298511088
2297 0 0 0 19.30821593850851
2298 0 0 0 19.475356093607843
2299 0 0 0 20.828044041991234
2300 0 0 0 18.43950606416911
2301 0 0 0 19.320263992995024
2302 0 0 0 19.943277933634818
2303 0 0 0 21.459023002535105
2304 0 0 0 20.894229062832892
2305 0 0 0 19.31690494529903
2306 0 0 0 21.474597044289112
2307 0 0 0 18.857049057260156
2308 0 0 0 19.265726092271507
2309 0 0 0 19.33113601990044
2310 0 0 0 19.394312985241413
2311 0 0 0 19.426316022872925
2312 0 0 0 19.512435072101653
2313 0 0 0 19.29137296974659
2314 0 0 0 19.239929039031267
2315 0 0 0 19.202087074518204
2316 0 0 0 18.699289998039603
2317 0 0 0 19.059705082327127
2318 0 0 0 20.11920395307243
2319 0 0 0 19.53261997550726
2320 0 0 0 19.832996069453657
2321 0 0 0 19.107082975097
2322 0 0 0 19.08656198065728
2323 0 0 0 19.376098993234336
2324 0 0 0 20.880606025457382
2325 0 0 0 19.65138001833111
2326 0 0 0 19.54330096486956
2327 0 0 0 19.38049797900021
2328 0 0 0 20.705288974568248
2329 0 0 0 20.93595697078854
2330 0 0 0 21.379214012995362
2331 0 0 0 17.819804954342544
2332 0 0 0 19.18553502764553
2333 0 0 0 18.865673104301095
2334 0 0 0 19.480103976093233
2335 0 0 0 20.157046034000814
2336 0 0 0 19.917662953957915
2337 0 0 0 20.986876916140318
2338 0 0 0 22.09540200419724
2339 0 0 0 19.850921002216637
2340 0 0 0 19.797632936388254
2341 0 0 0 20.161816966719925
2342 0 0 0 21.331547060981393
2343 0 0 0 20.812056958675385
2344 0 0 0 18.697189982049167
2345 0 0 0 19.350127084180713
2346 0 0 0 20.466121030040085
2347 0 0 0 19.982029916718602
2348 0 0 0 21.162369986996055
2349 0 0 0 19.736135960556567
2350 0 0 0 21.056491998024285
2351 0 0 0 18.880277988500893
2352 0 0 0 18.894802080467343
2353 0 0 0 18.926510005258024
2354 0 0 0 19.142094999551773
2355 0 0 0 18.93630006816238
2356 0 0 0 19.16617201641202
2357 0 0 0 18.466746085323393
2358 0 0 0 18.817554926499724
2359 0 0 0 18.941996968351305
2360 0 0 0 19.436422968283296
2361 0 0 0 21.035074023529887
2362 0 0 0 20.312341977842152
2363 0 0 0 19.915567012503743
2364 0 0 0 20.49182401970029
2365 0 0 0 19.677030039019883
2366 0 0 0 19.909427035599947
2367 0 0 0 21.732259076088667
2368 0 0 0 19.890381023287773
2369 0 0 0 19.433041103184223
2370 0 0 0 19.133417052216828
2371 0 0 0 19.256548956036568
2372 0 0 0 19.15646204724908
2373 0 0 0 19.34948400594294
2374 0 0 0 19.412417081184685
2375 0 0 0 20.852427929639816
2376 0 0 0 21.954166004434228
2377 0 0 0 21.137089002877474
2378 0 0 0 21.756547037512064
2379 0 0 0 21.368016954511404
2380 0 0 0 20.626091049052775
2381 0 0 0 20.354824024252594
2382 0 0 0 20.425786031410098
2383 0 0 0 20.387578988447785
2384 0 0 0 19.51547898352146
2385 0 0 0 19.588152994401753
2386 0 0 0 21.892725955694914
2387 0 0 0 18.92366597894579
2388 0 0 0 18.612030893564224
2389 0 0 0 20.48836601898074
2390 0 0 0 19.89040500484407
2391 0 0 0 20.24299802724272
2392 0 0 0 20.188307971693575
2393 0 0 0 20.012023043818772
2394 0 0 0 20.115970983169973
2395 0 0 0 19.788532983511686
2396 0 0 0 19.230962032452226
2397 0 0 0 21.203487063758075
2398 0 0 0 19.073163042776287
2399 0 0 0 20.055323955602944
2400 0 0 0 19.589242059737444
2401 0 0 0 19.018538063392043
2402 0 0 0 19.808043958619237
2403 0 0 0 20.085980999283493
2404 0 0 0 19.436546019278467
2405 0 0 0 19.80494800955057
2406 0 0 0 19.35384701937437
2407 0 0 0 19.077730015851557
2408 0 0 0 19.45482101291418
2409 0 0 0 20.178689039312303
2410 0 0 0 19.99083091504872
2411 0 0 0 20.35461296327412
2412 0 0 0 19.023585016839206
2413 0 0 0 19.21497203875333
2414 0 0 0 21.086002001538873
2415 0 0 0 19.78408102877438
2416 0 0 0 20.162028027698398
2417 0 0 0 20.918510970659554
2418 0 0 0 20.396389067173004
2419 0 0 0 19.868949078954756
2420 0 0 0 20.183400018140674
2421 0 0 0 18.682123976759613
2422 0 0 0 19.71109805162996
2423 0 0 0 19.478291971608996
2424 0 0 0 18.386843032203615
2425 0 0 0 19.920781953260303
2426 0 0 0 21.101167076267302
2427 0 0 0 20.20954806357622
2428 0 0 0 20.02172591164708
2429 0 0 0 21.84041403234005
2430 0 0 0 19.26190301310271
2431 0 0 0 21.621619001962245
2432 0 0 0 19.97503696475178
2433 0 0 0 19.42983001936227
2434 0 0 0 19.20601900201291
2435 0 0 0 19.631425966508687
2436 0 0 0 18.25685298535973
2437 0 0 0 19.376988988369703
2438 0 0 0 20.584771991707385
2439 0 0 0 21.406542975455523
2440 0 0 0 21.584006026387215
2441 0 0 0 19.685565028339624
2442 0 0 0 19.503255025483668
2443 0 0 0 19.391473033465445
2444 0 0 0 19.840209977701306
2445 0 0 0 20.0875400332734
2446 0 0 0 20.379705005325377
2447 0 0 0 20.130633027292788
2448 0 0 0 19.724963000044227
2449 0 0 0 19.69159406144172
2450 0 0 0 20.377943059429526
2451 0 0 0 20.63581405673176
2452 0 0 0 21.042456035502255
2453 0 0 0 18.71949597261846
2454 0 0 0 18.609293969348073
2455 0 0 0 19.727076054550707
2456 0 0 0 20.60038596391678
2457 1 1244985 0.7592593 19.13455396424979
2458 0 0 0 19.9378440156579
2459 0 0 0 20.85177495609969
2460 0 0 0 19.320318941026926
2461 0 0 0 21.251698955893517
2462 0 0 0 20.96756501123309
2463 0 0 0 18.646670039743185
2464 0 0 0 18.885824945755303
2465 0 0 0 19.28150898311287
2466 0 0 0 19.43565090186894
2467 0 0 0 18.81689694710076
2468 0 0 0 19.47178493719548
2469 0 0 0 20.066607976332307
2470 0 0 0 20.323609933257103
2471 0 0 0 19.79534502606839
2472 0 0 0 21.27110806759447
2473 0 0 0 19.72649001982063
2474 0 0 0 20.403472939506173
2475 0 0 0 20.49905003514141
2476 0 0 0 22.18803099822253
2477 0 0 0 20.448641036637127
2478 0 0 0 20.505998050794005
2479 0 0 0 19.89135693293065
2480 0 0 0 21.815608954057097
2481 0 0 0 19.240495981648564
2482 0 0 0 19.810163066722453
2483 0 0 0 20.62782901339233
2484 0 0 0 20.78395802527666
2485 0 0 0 21.141040953807533
2486 0 0 0 19.524913048371673
2487 0 0 0 19.097747979685664
2488 0 0 0 19.879836007021368
2489 0 0 0 21.35463198646903
2490 0 0 0 21.32137806620449
2491 0 0 0 19.44685901980847
2492 0 0 0 21.027231006883085
2493 0 0 0 20.273078931495547
2494 0 0 0 21.478131064213812
2495 0 0 0 22.30797102674842
2496 0 0 0 22.057028021663427
2497 0 0 0 22.494229953736067
2498 0 0 0 22.25874795112759
2499 0 0 0 22.18686998821795
2500 0 0 0 22.073458996601403
2501 0 0 0 22.030893014743924
2502 0 0 0 22.83455606084317
2503 0 0 0 23.33591994829476
2504 0 0 0 21.809383062645793
2505 0 0 0 22.115747909992933
2506 0 0 0 22.664203075692058
2507 0 0 0 20.364279975183308
2508 0 0 0 21.790625993162394
2509 0 0 0 21.527451928704977
2510 0 0 0 21.29140100441873
2511 0 0 0 20.896274014376104
2512 0 0 0 21.331591997295618
2513 0 0 0 22.80997100751847
2514 0 0 0 23.287203046493232
2515 0 0 0 22.121892077848315
2516 0 0 0 21.182459080591798
2517 0 0 0 19.59559298120439
2518 0 0 0 20.128747913986444
2519 0 0 0 20.80626192037016
2520 0 0 0 19.10240901634097
2521 0 0 0 19.065199070610106
2522 0 0 0 19.979859935119748
2523 0 0 0 19.362075021490455
2524 0 0 0 19.137764000333846
2525 0 0 0 18.43280391767621
2526 0 0 0 19.40506894607097
2527 0 0 0 19.10906401462853
2528 0 0 0 19.710229011252522
2529 0 0 0 22.36447192262858
2530 0 0 0 21.294712089002132
2531 0 0 0 22.440699976868927
2532 0 0 0 19.294196041300893
2533 0 0 0 19.511037040501833
2534 0 0 0 20.11310902889818
2535 0 0 0 19.659345969557762
2536 0 0 0 19.364436971955
2537 0 0 0 18.996856058947742
2538 0 0 0 18.55321996845305
2539 0 0 0 18.89005198609084
2540 0 0 0 19.898668979294598
2541 0 0 0 19.302343018352985
2542 0 0 0 20.167647977359593
2543 0 0 0 20.306122954934835
2544 0 0 0 19.24964995123446
2545 0 0 0 19.233457976952195
2546 0 0 0 19.071534974500537
2547 0 0 0 19.28488304838538
2548 0 0 0 19.12486704532057
2549 0 0 0 17.23568607121706
2550 0 0 0 17.82789605204016
2551 0 0 0 19.056293996982276
2552 0 0 0 19.160398980602622
2553 0 0 0 18.642913084477186
2554 0 0 0 20.838196971453726
2555 0 0 0 20.66940802615136
2556 0 0 0 20.85257600992918
2557 0 0 0 20.087602082639933
2558 0 0 0 19.04894900508225
2559 0 0 0 19.414342939853668
2560 0 0 0 20.049243001267314
2561 0 0 0 18.993261037394404
2562 0 0 0 19.95040790643543
2563 0 0 0 18.6603800393641
2564 0 0 0 20.537135074846447
2565 0 0 0 19.980205921456218
2566 0 0 0 19.31575604248792
2567 0 0 0 18.19310791324824
2568 0 0 0 18.92673608381301
2569 0 0 0 18.957792897708714
2570 0 0 0 19.302041037008166
2571 0 0 0 19.639393081888556
2572 0 0 0 19.283534958958626
2573 0 0 0 19.703662022948265
2574 0 0 0 19.291136064566672
2575 0 0 0 20.85886604618281
2576 0 0 0 18.825476989150047
2577 0 0 0 19.673944916576147
2578 0 0 0 18.676883075386286
2579 0 0 0 19.063915009610355
2580 0 0 0 18.93414498772472
2581 0 0 0 19.388771033845842
2582 0 0 0 20.20501799415797
2583 0 0 0 18.81195406895131
2584 0 0 0 18.797255936078727
2585 0 0 0 19.219461944885552
2586 0 0 0 20.038111018948257
2587 0 0 0 20.087359007447958
2588 0 0 0 19.539001979865134
2589 0 0 0 18.22893100325018
2590 0 0 0 18.938119988888502
2591 0 0 0 18.894665059633553
2592 0 0 0 17.909748014062643
2593 0 0 0 20.180088002234697
2594 0 0 0 19.1620480036363
2595 0 0 0 18.85882904753089
2596 0 0 0 19.788346020504832
2597 0 0 0 19.239570014178753
2598 0 0 0 19.04670801013708
2599 0 0 0 18.460704013705254
2600 0 0 0 18.53017695248127
2601 0 0 0 19.661496044136584
2602 0 0 0 20.49753803294152
2603 0 0 0 19.027017056941986
2604 0 0 0 18.173953983932734
2605 0 0 0 18.5884740203619
2606 0 0 0 18.864301033318043
2607 0 0 0 18.98555690422654
2608 0 0 0 19.39492195378989
2609 0 0 0 18.88838701415807
2610 0 0 0 19.563295994885266
2611 0 0 0 19.50205198954791
2612 0 0 0 19.52506008092314
2613 0 0 0 19.797117915004492
2614 0 0 0 20.071303006261587
2615 0 0 0 19.554869970306754
2616 0 0 0 19.978306023404002
2617 0 0 0 19.305309979245067
2618 0 0 0 20.438949926756322
2619 0 0 0 19.009915995411575
2620 0 0 0 18.553677015006542
2621 0 0 0 19.596315920352936
2622 0 0 0 19.692710018716753
2623 0 0 0 19.74426198285073
2624 0 0 0 19.210097030736506
2625 0 0 0 19.11081199068576
2626 0 0 0 18.99789902381599
2627 0 0 0 19.08097299747169
2628 0 0 0 19.852458033710718
2629 0 0 0 18.613778986036777
2630 0 0 0 19.53969500027597
2631 0 0 0 19.37691995408386
2632 0 0 0 19.509884994477034
2633 0 0 0 18.505846965126693
2634 0 0 0 19.237657077610493
2635 0 0 0 19.619271042756736
2636 0 0 0 18.966353964060545
2637 0 0 0 19.40955501049757
2638 0 0 0 20.673644030466676
2639 0 0 0 20.813568960875273
2640 0 0 0 19.35019704978913
2641 0 0 0 18.78800499252975
2642 0 0 0 19.391793990507722
2643 0 0 0 19.551828037947416
2644 0 0 0 19.91220295894891
2645 0 0 0 19.898934988304973
2646 0 0 0 19.592545926570892
2647 0 0 0 19.797647022642195
2648 0 0 0 19.731736043468118
2649 0 0 0 19.520694972015917
2650 0 0 0 19.976563984528184
2651 0 0 0 19.40005098003894
2652 0 0 0 19.78721097111702
2653 0 0 0 19.764499040320516
2654 0 0 0 19.293627003207803
2655 0 0 0 20.369380014017224
2656 0 0 0 20.09224402718246
2657 0 0 0 19.255761988461018
2658 0 0 0 19.639755017124116
2659 0 0 0 20.15907398890704
2660 0 0 0 18.646570038981736
2661 0 0 0 19.93292395491153
2662 0 0 0 19.729664898477495
2663 0 0 0 18.670834018848836
2664 0 0 0 20.094031002372503
2665 0 0 0 18.848032923415303
2666 0 0 0 19.4960068911314
2667 0 0 0 18.999759922735393
2668 0 0 0 18.37642095051706
2669 0 0 0 18.226964049972594
2670 0 0 0 19.04593699146062
2671 0 0 0 16.90229296218604
2672 0 0 0 18.60674098134041
2673 0 0 0 19.050659029744565
2674 0 0 0 19.63759504724294
2675 0 0 0 19.05802101828158
2676 0 0 0 19.529203069396317
2677 0 0 0 19.53296607825905
2678 0 0 0 18.950341967865825
2679 0 0 0 18.361456925049424
2680 0 0 0 18.52731197141111
2681 0 0 0 19.83542100060731
2682 0 0 0 19.427864928729832
2683 0 0 0 19.633091054856777
2684 0 0 0 19.94209596887231
2685 0 0 0 19.74624104332179
2686 0 0 0 19.807691918686032
2687 0 0 0 19.316892023198307
2688 0 0 0 19.446366000920534
2689 0 0 0 19.66767106205225
2690 0 0 0 19.319326034747064
2691 0 0 0 20.422257017344236
2692 0 0 0 21.96267305407673
2693 0 0 0 21.61776996217668
2694 0 0 0 21.96633198764175
2695 0 0 0 21.010847995057702
2696 0 0 0 22.853774018585682
2697 0 0 0 23.83909502532333
2698 0 0 0 23.91885593533516
2699 0 0 0 24.374391068704426
2700 0 0 0 22.52809307537973
2701 0 0 0 25.073845987208188
2702 0 0 0 24.54934292472899
2703 0 0 0 24.036237969994545
2704 0 0 0 25.292074074968696
2705 1 1269472 0.72727275 25.2999949734658
2706 0 0 0 23.914266959764063
2707 0 0 0 24.029482970945537
2708 0 0 0 20.905069075524807
2709 0 0 0 20.34053998067975
2710 0 0 0 19.31037101894617
2711 0 0 0 18.927906057797372
2712 0 0 0 18.429602961987257
2713 0 0 0 21.059567923657596
2714 0 0 0 20.363601041026413
2715 0 0 0 19.78503994178027
2716 0 0 0 19.286738941445947
2717 0 0 0 18.669322016648948
2718 0 0 0 18.807474989444017
2719 0 0 0 18.698169966228306
2720 0 0 0 19.95901798363775
2721 0 0 0 21.352716954424977
2722 0 0 0 21.036064950749278
2723 0 0 0 20.367630058899522
2724 0 0 0 19.691103952936828
2725 0 0 0 18.484946922399104
2726 0 0 0 20.68428206257522
2727 0 0 0 20.778547041118145
2728 0 0 0 20.056504989042878
2729 0 0 0 20.248440094292164
2730 0 0 0 19.505146075971425
2731 0 0 0 19.876201986335218
2732 0 0 0 18.681115936487913
2733 0 0 0 18.464762018993497
2734 0 0 0 19.140913034789264
2735 0 0 0 20.14490100555122
2736 0 0 0 20.883218036033213
2737 0 0 0 20.759090082719922
2738 0 0 0 19.77247092872858
2739 0 0 0 19.105188082903624
2740 0 0 0 19.525370909832418
2741 0 0 0 20.730898017063737
2742 0 0 0 21.010546013712883
2743 0 0 0 20.420713000930846
2744 0 0 0 19.943790044635534
2745 0 0 0 19.220257992856205
2746 0 0 0 21.094865980558097
2747 0 0 0 19.45254998281598
2748 0 0 0 20.756741985678673
2749 0 0 0 18.28880503308028
2750 0 0 0 20.96250606700778
2751 0 0 0 20.0386350043118
2752 0 0 0 20.22488508373499
2753 0 0 0 20.69838100578636
2754 0 0 0 19.9912809766829
2755 0 0 0 18.54847394861281
2756 0 0 0 19.88835900556296
2757 0 0 0 20.739142084494233
2758 0 0 0 20.441242028027773
2759 0 0 0 20.380798960104585
2760 0 0 0 20.503545994870365
2761 0 0 0 20.033207954838872
2762 0 0 0 20.411245059221983
2763 0 0 0 21.096798940561712
2764 0 0 0 21.108409040607512
2765 0 0 0 21.473005996085703
2766 0 0 0 21.587935043498874
2767 0 0 0 21.323186927475035
2768 0 0 0 19.21741501428187
2769 0 0 0 0.6014469545334578
2770 0 0 0 0.5598879652097821
2771 0 0 0 0.5833470495417714
2772 0 0 0 0.5740049527958035
2773 0 0 0 0.5851800087839365
2774 0 0 0 0.5752890137955546
2775 0 0 0 0.5885029677301645
2776 0 0 0 0.563320005312562
2777 0 0 0 0.557870022021234
2778 0 0 0 0.6041029701009393
2779 0 0 0 0.5679270252585411
2780 0 0 0 0.5488080205395818
2781 0 0 0 0.5737829487770796
2782 0 0 0 0.5725299706682563
2783 1 1275997 1.0 0.5811299197375774
2784 0 0 0 0.5508239846676588
2785 0 0 0 0.5656270077452064
2786 0 0 0 0.5851810565218329
2787 0 0 0 0.5780640058219433
2788 0 0 0 0.5754400044679642
2789 0 0 0 0.5719109904021025
2790 0 0 0 0.5747789982706308
2791 0 0 0 0.5896170623600483
2792 0 0 0 0.5590129876509309
2793 0 0 0 0.580510008148849
2794 0 0 0 0.6155369337648153
2795 0 0 0 0.5741450004279613
2796 0 0 0 0.59978396166116
2797 0 0 0 0.5934189539402723
2798 0 0 0 0.6194039015099406
2799 0 0 0 0.589134986512363
2800 0 0 0 0.61309605371207
2801 0 0 0 0.6027070339769125
2802 0 0 0 0.5686020012944937
2803 0 0 0 0.5909709725528955
2804 1 2005362 0.75 0.5626350175589323
2805 0 0 0 0.5856419447809458
2806 0 0 0 0.5547610344365239
2807 0 0 0 0.5564390448853374
2808 0 0 0 0.5827840650454164
2809 0 0 0 0.5623060278594494
2810 0 0 0 0.5839869845658541
2811 0 0 0 0.5861559184268117
2812 0 0 0 0.5959350382909179
2813 0 0 0 0.6115209544077516
2814 0 0 0 0.5889800377190113
2815 0 0 0 0.6082199979573488
2816 0 0 0 0.5849080625921488
2817 0 0 0 0.5879550008103251
2818 0 0 0 0.5946819437667727
2819 1 1275997 0.8181818 0.6020780419930816
2820 0 0 0 0.5878390511497855
2821 0 0 0 0.6185009842738509
2822 0 0 0 0.5944449221715331
2823 0 0 0 0.5926470039412379
2824 0 0 0 0.5918929819017649
2825 0 0 0 0.6159349577501416
2826 0 0 0 0.616334960795939
2827 0 0 0 0.5909290630370378
2828 0 0 0 0.6235860055312514
2829 0 0 0 0.6240669172257185
2830 0 0 0 0.6261459784582257
2831 0 0 0 0.6210949504747987
2832 0 0 0 0.6230509607121348
2833 0 0 0 0.6577529711648822
2834 0 0 0 0.6374900694936514
2835 0 0 0 0.6449029315263033
2836 0 0 0 0.6604570662602782
2837 0 0 0 0.6246719276532531
2838 0 0 0 0.6138279568403959
2839 0 0 0 0.6515280110761523
2840 0 0 0 0.6380539853125811
2841 0 0 0 0.6216820329427719
2842 1 1966652 0.71428573 0.635175034403801
2843 0 0 0 0.6461420562118292
2844 0 0 0 0.6491030799224973
2845 0 0 0 0.6348959868773818
2846 0 0 0 0.6441760342568159
2847 0 0 0 0.6168379914015532
2848 0 0 0 0.7037079194560647
2849 0 0 0 0.6341059925034642
2850 0 0 0 0.6125649670138955
2851 0 0 0 0.5964189767837524
2852 0 0 0 0.6362820276990533
2853 0 0 0 0.6273259641602635
2854 0 0 0 0.6166350794956088
2855 0 0 0 0.6281489040702581
2856 0 0 0 0.6069319788366556
2857 0 0 0 0.6030179793015122
2858 0 0 0 0.6095850840210915
2859 0 0 0 0.6151419365778565
2860 0 0 0 0.6117239827290177
2861 0 0 0 0.6053249817341566
2862 0 0 0 0.6135029252618551
2863 0 0 0 0.6201519863680005
2864 0 0 0 0.6266940617933869
2865 0 0 0 0.6941140163689852
2866 0 0 0 0.6455369293689728
2867 0 0 0 0.6334070349112153
2868 0 0 0 0.6482129683718085
2869 0 0 0 0.6191260181367397
2870 0 0 0 0.6249089492484927
2871 0 0 0 0.6329569732770324
2872 0 0 0 0.6422360893338919
2873 0 0 0 0.6087130168452859
2874 0 0 0 0.6417320109903812
2875 0 0 0 0.6393940420821309
2876 0 0 0 0.630584079772234
2877 0 0 0 0.7793320110067725
2878 0 0 0 1.4029649319127202
2879 0 0 0 0.837916973978281
2880 0 0 0 1.5229079872369766
2881 0 0 0 1.3343959581106901
2882 0 0 0 1.4899480156600475
2883 0 0 0 1.364281983114779
2884 0 0 0 1.5132130356505513
2885 0 0 0 1.604106044396758
2886 0 0 0 1.4868649886921048
2887 0 0 0 1.378184068016708
2888 0 0 0 0.9887570049613714
2889 0 0 0 1.3700759736821055
2890 0 0 0 1.5348669840022922
2891 0 0 0 1.3082199729979038
2892 0 0 0 1.1507400777190924
2893 0 0 0 1.5307690482586622
2894 0 0 0 1.4973499346524477
2895 0 0 0 1.4838110655546188
2896 0 0 0 1.4452990144491196
2897 0 0 0 1.2979879975318909
2898 0 0 0 0.9533819975331426
2899 0 0 0 1.5558480517938733
2900 0 0 0 1.5168749960139394
2901 0 0 0 0.8145550964400172
2902 0 0 0 1.0406870860606432
2903 0 0 0 0.8305350784212351
2904 0 0 0 1.2682420201599598
2905 0 0 0 1.007628976367414
2906 0 0 0 0.9635030291974545
2907 0 0 0 1.3208809541538358
2908 0 0 0 0.7955159526318312
2909 0 0 0 1.3385090278461576
2910 0 0 0 0.7908449042588472
2911 0 0 0 1.265044091269374
2912 0 0 0 0.8292039856314659
2913 1 1038068 0.72727275 1.1730529367923737
2914 0 0 0 0.9960780153051019
2915 1 1066998 0.72727275 1.1513730278238654
2916 0 0 0 1.2680479558184743
2917 0 0 0 0.794494990259409
2918 0 0 0 1.2735530035570264
2919 0 0 0 1.2270270381122828
2920 0 0 0 0.6099450401961803
2921 0 0 0 1.4824840473011136
2922 0 0 0 1.4376631006598473
2923 0 0 0 1.243592007085681
2924 0 0 0 1.4377230545505881
2925 0 0 0 0.9551729308441281
2926 0 0 0 0.9142740163952112
2927 1 1397567 0.72 1.0954180033877492
2928 0 0 0 0.6433479720726609
2929 1 228639 0.76 1.3155729975551367
2930 0 0 0 1.4712829142808914
2931 0 0 0 0.6303160917013884
2932 0 0 0 1.005758997052908
2933 0 0 0 1.2581519549712539
2934 0 0 0 0.9305969579145312
2935 0 0 0 0.7308900821954012
2936 0 0 0 1.2734910706058145
2937 0 0 0 0.6357369711622596
2938 0 0 0 0.7788790389895439
2939 0 0 0 1.267472980543971
2940 0 0 0 1.2758569791913033
2941 0 0 0 0.6779920076951385
2942 0 0 0 0.9253029711544514
2943 0 0 0 1.5949580119922757
2944 0 0 0 1.2618800392374396
2945 0 0 0 1.007739920169115
2946 0 0 0 0.6309910677373409
2947 0 0 0 1.5640220372006297
2948 0 0 0 1.3121110387146473
2949 0 0 0 0.9907139465212822
2950 0 0 0 1.4697900041937828
2951 0 0 0 1.5217880718410015
2952 0 0 0 1.3237009989097714
2953 0 0 0 1.362874056212604
2954 0 0 0 1.452422933652997
2955 0 0 0 0.7302489830181003
2956 0 0 0 1.3962099328637123
2957 0 0 0 1.43733702134341
2958 0 0 0 0.9486309718340635
2959 0 0 0 1.0740410070866346
2960 0 0 0 0.9797770762816072
2961 0 0 0 0.9131639963015914
2962 0 0 0 0.6506929639726877
2963 0 0 0 1.454995945096016
2964 0 0 0 0.8982450235635042
2965 0 0 0 0.9084549965336919
2966 0 0 0 1.2438009725883603
2967 0 0 0 0.9377000387758017
2968 0 0 0 0.993761932477355
2969 0 0 0 1.4402350643649697
2970 0 0 0 1.0059879859909415
2971 0 0 0 1.0183081030845642
2972 0 0 0 0.821026973426342
2973 0 0 0 0.9315970819443464
2974 0 0 0 0.7676290115341544
2975 0 0 0 1.33248302154243
2976 0 0 0 0.706917024217546
2977 0 0 0 1.4197509735822678
2978 0 0 0 0.6042600143700838
2979 0 0 0 0.8949880721047521
2980 1 160498 0.71428573 0.6018719868734479
2981 0 0 0 0.9166529634967446
2982 0 0 0 1.4575549867004156
2983 0 0 0 1.3561609666794538
2984 0 0 0 1.2896039988845587
2985 0 0 0 1.4452490722760558
2986 0 0 0 0.6095980061218143
2987 0 0 0 1.222750055603683
2988 0 0 0 1.057108980603516
2989 0 0 0 0.9204780217260122
2990 0 0 0 1.2667489936575294
2991 0 0 0 1.2001399882137775
2992 0 0 0 0.9196910541504622
2993 0 0 0 0.687139923684299
2994 0 0 0 1.0034010047093034
2995 0 0 0 1.403955975547433
2996 0 0 0 0.9125330252572894
2997 0 0 0 0.9076979476958513
2998 0 0 0 1.3804980553686619
2999 0 0 0 1.2715889606624842
3000 0 0 0 1.3761910377070308
3001 0 0 0 1.2280200608074665
3002 0 0 0 0.9953409899026155
3003 0 0 0 0.6579279433935881
3004 0 0 0 0.7414269493892789
3005 0 0 0 1.4421290252357721
3006 0 0 0 0.9301260579377413
3007 0 0 0 0.961153069511056
3008 0 0 0 0.6138220196589828
3009 0 0 0 1.017421018332243
3010 0 0 0 0.7489040726795793
3011 0 0 0 1.307083060964942
3012 0 0 0 1.2171290582045913
3013 0 0 0 1.4183829771354795
3014 0 0 0 1.060033100657165
3015 0 0 0 1.4129610499367118
3016 0 0 0 0.9954790584743023
3017 0 0 0 1.2164959916844964
3018 0 0 0 1.1729649268090725
3019 0 0 0 0.9628960397094488
3020 0 0 0 1.1847600108012557
3021 0 0 0 0.7809230592101812
3022 0 0 0 1.1154260719195008
3023 0 0 0 1.6828440129756927
3024 0 0 0 1.2948419898748398
3025 0 0 0 1.4635680709034204
3026 0 0 0 1.442371984012425
3027 0 0 0 1.2813480570912361
3028 0 0 0 1.4554180670529604
3029 0 0 0 1.2202250072732568
3030 0 0 0 1.2598210014402866
3031 0 0 0 1.2636099709197879
3032 0 0 0 0.7861079648137093
3033 0 0 0 0.7716040126979351
3034 0 0 0 1.4597000554203987
3035 0 0 0 0.6345190340653062
3036 0 0 0 1.3804039917886257
3037 0 0 0 0.936571042984724
3038 0 0 0 0.8482109988108277
3039 0 0 0 0.8030839962884784
3040 0 0 0 1.5901779988780618
3041 1 339759 0.72 1.38049793895334
3042 0 0 0 1.4486470026895404
3043 0 0 0 0.6465560290962458
3044 0 0 0 1.568197039887309
3045 0 0 0 1.4595820102840662
3046 0 0 0 1.4167269691824913
3047 0 0 0 0.8037440711632371
3048 0 0 0 0.931181013584137
3049 0 0 0 0.9330529719591141
3050 0 0 0 1.3058879412710667
3051 0 0 0 0.940783997066319
3052 0 0 0 1.5483229653909802
3053 0 0 0 1.2785280123353004
3054 0 0 0 0.9147110395133495
3055 0 0 0 0.9884430328384042
3056 0 0 0 1.270500011742115
3057 0 0 0 0.6256540073081851
3058 0 0 0 0.744535936973989
3059 0 0 0 0.6320540560409427
3060 0 0 0 1.5014579985290766
3061 0 0 0 1.4308210229501128
3062 0 0 0 0.637427088804543
3063 0 0 0 1.4762160135433078
3064 0 0 0 1.2919999426230788
3065 0 0 0 0.5922879790887237
3066 0 0 0 0.9033640380948782
3067 0 0 0 1.2795929796993732
3068 0 0 0 1.27483403775841
3069 0 0 0 0.8946859743446112
3070 0 0 0 1.2840470299124718
3071 0 0 0 0.8331328863278031
3072 0 0 0 0.7862179772928357
3073 0 0 0 0.82155701238662
3074 0 0 0 1.446646056137979
3075 0 0 0 1.5028320485725999
3076 0 0 0 0.9477650746703148
3077 0 0 0 1.4935600338503718
3078 0 0 0 0.7218749960884452
3079 0 0 0 1.422282075509429
3080 0 0 0 0.6913479883223772
3081 0 0 0 0.8928650058805943
3082 0 0 0 0.7448690012097359
3083 0 0 0 1.2346489820629358
3084 0 0 0 0.8064160356298089
3085 0 0 0 0.9765339782461524
3086 0 0 0 0.7601039251312613
3087 0 0 0 0.7001638878136873
3088 0 0 0 1.5284899855032563
3089 1 709235 0.7 1.4718150487169623
3090 0 0 0 1.1492320336401463
3091 0 0 0 1.0874150320887566
3092 0 0 0 0.7771010277792811
3093 0 0 0 1.8251569708809257
3094 0 0 0 1.4331599231809378
3095 0 0 0 1.3620750978589058
3096 0 0 0 1.4900810783728957
3097 0 0 0 0.6859840359538794
3098 0 0 0 1.4967659953981638
3099 0 0 0 1.3862419873476028
3100 0 0 0 1.3315989635884762
3101 0 0 0 0.9838379919528961
3102 0 0 0 0.9373259963467717
3103 0 0 0 1.5149039682000875
3104 0 0 0 1.0532939340919256
3105 0 0 0 1.4726220397278666
3106 0 0 0 1.4692939585074782
3107 0 0 0 1.350688049569726
3108 0 0 0 1.3049300760030746
3109 0 0 0 1.025127014145255
3110 0 0 0 0.9275260381400585
3111 0 0 0 1.292424974963069
3112 0 0 0 1.4353450387716293
3113 0 0 0 1.00132601801306
3114 0 0 0 1.4873840846121311
3115 0 0 0 1.5296719502657652
3116 0 0 0 1.264219987206161
3117 1 2096830 0.75 0.6699049845337868
3118 0 0 0 1.256641000509262
3119 0 0 0 0.7946400437504053
3120 0 0 0 0.9337520459666848
3121 0 0 0 1.0334550170227885
3122 0 0 0 1.334054977633059
3123 0 0 0 0.8755129529163241
3124 0 0 0 1.4565509045496583
3125 0 0 0 0.7824460044503212
3126 0 0 0 1.0024479124695063
3127 0 0 0 1.2798560783267021
3128 0 0 0 1.0163410333916545
3129 0 0 0 0.7329410873353481
3130 0 0 0 0.6839679554104805
3131 0 0 0 0.6015670951455832
3132 0 0 0 1.2809709878638387
3133 0 0 0 0.5887940060347319
3134 0 0 0 0.9464200120419264
3135 0 0 0 1.2850849889218807
3136 0 0 0 1.2408520560711622
3137 0 0 0 0.9079889860004187
3138 0 0 0 0.9967749938368797
3139 0 0 0 1.2334029888734221
3140 0 0 0 1.4154480304569006
3141 1 458266 0.7083333 1.4464419800788164
3142 0 0 0 1.0224549332633615
3143 0 0 0 1.5070679364725947
3144 0 0 0 1.2725359993055463
3145 0 0 0 1.2241529766470194
3146 0 0 0 1.0263940785080194
3147 0 0 0 1.239152974449098
3148 0 0 0 0.5828340072184801
3149 0 0 0 0.6497540744021535
3150 0 0 0 0.9769500466063619
3151 0 0 0 1.1747590033337474
3152 0 0 0 1.347570912912488
3153 0 0 0 0.8854649495333433
3154 0 0 0 0.9381209965795279
3155 0 0 0 0.6742950063198805
3156 0 0 0 1.2039820430800319
3157 0 0 0 1.3757019769400358
3158 0 0 0 1.234506955370307
3159 0 0 0 0.8930289186537266
3160 0 0 0 1.3512870064005256
3161 0 0 0 1.3868260430172086
3162 0 0 0 0.687491032294929
3163 0 0 0 1.4166680630296469
3164 0 0 0 0.7114880718290806
3165 0 0 0 1.2226869584992528
3166 0 0 0 1.4357150066643953
3167 0 0 0 1.386182033456862
3168 0 0 0 1.4166529290378094
3169 0 0 0 0.9865280007943511
3170 0 0 0 1.4342190697789192
3171 0 0 0 0.6667659617960453
3172 0 0 0 0.970873050391674
3173 0 0 0 1.2442650040611625
3174 0 0 0 1.219225930981338
3175 0 0 0 1.2059189612045884
3176 0 0 0 0.6192700238898396
3177 0 0 0 1.5363959828391671
3178 0 0 0 0.933834002353251
3179 0 0 0 0.7089970167726278
3180 0 0 0 0.5809339927509427
3181 0 0 0 1.2799749383702874
3182 0 0 0 0.8883430855348706
3183 0 0 0 0.895165023393929
3184 0 0 0 0.7861229823902249
3185 0 0 0 0.8436549687758088
3186 0 0 0 1.3665780425071716
3187 0 0 0 0.7142609683796763
3188 0 0 0 1.2034369865432382
3189 0 0 0 1.1967249447479844
3190 0 0 0 1.343735959380865
3191 1 440333 0.7619048 1.0034249862655997
3192 0 0 0 1.3843829510733485
3193 0 0 0 0.8836770430207253
3194 0 0 0 0.9173300350084901
3195 0 0 0 0.7392300758510828
3196 0 0 0 1.60547299310565
3197 0 0 0 1.500390935689211
3198 0 0 0 1.0215530637651682
3199 0 0 0 0.6855439860373735
3200 0 0 0 1.2148329988121986
3201 0 0 0 0.7993211038410664
3202 0 0 0 1.016044057905674
3203 1 228639 0.76 1.2705030385404825
3204 0 0 0 1.4465709682554007
3205 0 0 0 1.4285770012065768
3206 0 0 0 0.6434120004996657
3207 0 0 0 1.2284800177440047
3208 0 0 0 1.023335033096373
3209 0 0 0 1.3192719779908657
3210 0 0 0 1.5351941110566258
3211 0 0 0 1.5220600180327892
3212 0 0 0 1.0586309945210814
3213 0 0 0 1.3197599910199642
3214 0 0 0 1.2770569883286953
3215 0 0 0 1.5292259631678462
3216 0 0 0 0.8440919918939471
3217 0 0 0 1.2986159417778254
3218 0 0 0 1.0295460233464837
3219 0 0 0 0.7100090151652694
3220 0 0 0 1.4885319396853447
3221 0 0 0 1.5492819948121905
3222 0 0 0 1.3069109991192818
3223 0 0 0 0.7320450386032462
3224 0 0 0 1.3305520405992866
3225 1 1671860 0.7 0.9540969040244818
3226 0 0 0 1.498015015386045
3227 0 0 0 0.9719619993120432
3228 0 0 0 1.62987201474607
3229 0 0 0 1.6893279971554875
3230 0 0 0 1.7286849906668067
3231 0 0 0 1.05865893419832
3232 0 0 0 1.4663540059700608
3233 0 0 0 1.6796980053186417
3234 0 0 0 1.0630859760567546
3235 0 0 0 0.9782620472833514
3236 0 0 0 0.7551149465143681
3237 0 0 0 1.0440079495310783
3238 0 0 0 1.0563640389591455
3239 0 0 0 1.5874069649726152
3240 0 0 0 0.8611649973317981
3241 0 0 0 1.0676570236682892
3242 1 1135297 0.7 0.9735979838296771
3243 0 0 0 1.1475580977275968
3244 0 0 0 1.617428963072598
3245 1 2162562 0.72727275 0.9501089807599783
3246 0 0 0 1.5994260320439935
3247 0 0 0 0.8653589757159352
3248 1 107237 0.7777778 0.8594570681452751
3249 0 0 0 1.358986017294228
3250 0 0 0 0.7874560542404652
3251 0 0 0 1.3021170161664486
3252 0 0 0 0.7098279893398285
3253 0 0 0 1.0751790832728148
3254 0 0 0 0.8361060172319412
3255 0 0 0 1.3792820973321795
3256 0 0 0 1.5483429888263345
3257 0 0 0 1.1018679942935705
3258 0 0 0 0.8196880808100104
3259 0 0 0 1.2908519711345434
3260 0 0 0 0.8275099098682404
3261 0 0 0 0.8385229157283902
3262 0 0 0 0.9498019935563207
3263 0 0 0 1.58900604583323
3264 0 0 0 1.0899420594796538
3265 0 0 0 0.8046119473874569
3266 0 0 0 0.9577929740771651
3267 0 0 0 1.3357549905776978
3268 0 0 0 0.8395890472456813
3269 0 0 0 1.5698609640821815
3270 0 0 0 0.8465819992125034
3271 0 0 0 0.8369690040126443
3272 0 0 0 1.2857869733124971
3273 0 0 0 0.7606919389218092
3274 0 0 0 0.9944241028279066
3275 0 0 0 1.4260129537433386
3276 1 1780527 0.72727275 1.3279769336804748
3277 0 0 0 1.0088389972224832
3278 0 0 0 1.4194960240274668
3279 0 0 0 1.2891630176454782
3280 0 0 0 1.2301249662414193
3281 0 0 0 1.2173430295661092
3282 0 0 0 1.224244013428688
3283 0 0 0 1.3966880505904555
3284 0 0 0 0.9493250399827957
3285 0 0 0 0.7658109534531832
3286 0 0 0 1.386410091072321
3287 1 41201 0.7083333 1.1577279074117541
3288 0 0 0 1.4245340134948492
3289 0 0 0 1.233395072631538
3290 0 0 0 0.8944430155679584
3291 0 0 0 1.2529119849205017
3292 0 0 0 1.0630280012264848
3293 0 0 0 1.4067050069570541
3294 0 0 0 1.1856809724122286
3295 0 0 0 0.9398719994351268
3296 0 0 0 1.2872590450569987
3297 0 0 0 0.9269119473174214
3298 0 0 0 0.7552379975095391
3299 0 0 0 0.9552399860695004
3300 0 0 0 1.187735004350543
3301 0 0 0 0.900471000932157
3302 0 0 0 0.9547519730404019
3303 0 0 0 1.2560079339891672
3304 0 0 0 0.6709700683131814
3305 0 0 0 0.6163780344650149
3306 0 0 0 1.1729840189218521
3307 0 0 0 1.40139099676162
3308 0 0 0 1.504438929259777
3309 0 0 0 1.2545320205390453
3310 0 0 0 1.4862699899822474
3311 0 0 0 0.9312781039625406
3312 0 0 0 1.2907240306958556
3313 0 0 0 0.9267909917980433
3314 0 0 0 0.7352899992838502
3315 0 0 0 1.3545530382543802
3316 0 0 0 1.428525079973042
3317 0 0 0 1.2591390404850245
3318 0 0 0 1.435055979527533
3319 0 0 0 1.198912039399147
3320 0 0 0 1.4177450211718678
3321 0 0 0 1.2270770967006683
3322 0 0 0 0.9921799646690488
3323 0 0 0 1.2565869837999344
3324 0 0 0 1.4511890476569533
3325 0 0 0 1.2634949525818229
3326 0 0 0 1.6251739580184221
3327 0 0 0 1.0959079954773188
3328 0 0 0 1.4687569346278906
3329 0 0 0 1.628112979233265
3330 0 0 0 1.733007957227528
3331 0 0 0 1.413047080859542
3332 0 0 0 1.4471919275820255
3333 0 0 0 1.2960870517417789
3334 0 0 0 1.041959971189499
3335 0 0 0 0.7307870546355844
3336 0 0 0 1.6108780400827527
3337 0 0 0 1.5255759935826063
3338 0 0 0 1.07193598523736
3339 0 0 0 0.8823199896141887
3340 0 0 0 0.7387769874185324
3341 0 0 0 0.7667520549148321
3342 0 0 0 0.8085269946604967
3343 0 0 0 1.07417197432369
3344 1 474234 0.7058824 0.9683059761300683
3345 0 0 0 1.1173899983987212
3346 0 0 0 0.9969529928639531
3347 0 0 0 1.3691140338778496
3348 1 1965204 0.75 0.6309519521892071
3349 0 0 0 1.3403160264715552
3350 0 0 0 0.9416210232302547
3351 0 0 0 1.071964972652495
3352 0 0 0 0.8296529995277524
3353 0 0 0 1.4669479569420218
3354 0 0 0 1.345815951935947
3355 0 0 0 0.8531289640814066
3356 0 0 0 1.4987550675868988
3357 0 0 0 1.0495670139789581
3358 0 0 0 1.4915199717506766
3359 0 0 0 0.7056890754029155
3360 0 0 0 1.0502060176804662
3361 0 0 0 1.0334860999137163
3362 0 0 0 1.2738549849018455
3363 0 0 0 0.8122100261971354
3364 0 0 0 0.6466450868174434
3365 0 0 0 0.7187479641288519
3366 0 0 0 1.370722078718245
3367 0 0 0 1.4410249423235655
3368 0 0 0 1.309841056354344
3369 0 0 0 1.3965279795229435
3370 0 0 0 0.9956170106306672
3371 0 0 0 1.3774840626865625
3372 0 0 0 1.4313709689304233
3373 0 0 0 1.0104839457198977
3374 0 0 0 0.9464159375056624
3375 0 0 0 0.8590349461883307
3376 0 0 0 1.5294549521058798
3377 0 0 0 2.5689799804240465
3378 0 0 0 6.59392902161926
3379 1 1925491 0.72727275 2.095057046972215
3380 0 0 0 3.7947340169921517
3381 0 0 0 5.422435002401471
3382 0 0 0 3.378037945367396
3383 0 0 0 5.344839068129659
3384 0 0 0 3.366127028129995
3385 0 0 0 1.9952739821746945
3386 0 0 0 3.749161958694458
3387 0 0 0 5.3136160131543875
3388 0 0 0 3.3608349040150642
3389 0 0 0 3.3589150989428163
3390 0 0 0 3.7116489838808775
3391 0 0 0 4.746978054754436
3392 0 0 0 3.636656911112368
3393 0 0 0 3.2227790215983987
3394 0 0 0 4.758119001053274
3395 0 0 0 4.746829974465072
3396 1 1173325 0.7105263 7.874535978771746
3397 0 0 0 2.4933989625424147
3398 1 438513 0.7241379 5.025250022299588
3399 0 0 0 6.941630970686674
3400 0 0 0 7.564960978925228
3401 0 0 0 2.451590960845351
3402 0 0 0 2.1702139638364315
3403 0 0 0 6.4917360432446
3404 0 0 0 7.684514974243939
3405 0 0 0 8.467459003441036
3406 0 0 0 2.2219930542632937
3407 0 0 0 5.72886411100626
3408 0 0 0 4.4316749554127455
3409 0 0 0 7.172764046117663
3410 1 1146278 0.7096774 3.500899998471141
3411 0 0 0 2.575307968072593
3412 0 0 0 3.288849024102092
3413 0 0 0 5.849275970831513
3414 0 0 0 5.144136026501656
3415 0 0 0 5.582465906627476
3416 0 0 0 2.540951012633741
3417 0 0 0 5.337504087947309
3418 1 1612827 0.7 8.882680907845497
3419 0 0 0 2.790153957903385
3420 1 536040 0.7407407 3.2205790048465133
3421 0 0 0 7.230698014609516
3422 0 0 0 3.2028231071308255
3423 0 0 0 2.6315459981560707
3424 0 0 0 6.542142014950514
3425 0 0 0 3.837449010461569
3426 0 0 0 3.903391072526574
3427 0 0 0 3.7762699648737907
3428 0 0 0 2.28272401727736
3429 1 44176 0.7096774 5.301172030158341
3430 0 0 0 7.372968946583569
3431 0 0 0 5.1846569404006
3432 0 0 0 2.6774819707497954
3433 0 0 0 5.70723507553339
3434 0 0 0 5.03209896851331
3435 0 0 0 5.624694982543588
3436 0 0 0 3.457432030700147
3437 0 0 0 2.5748959742486477
3438 0 0 0 8.333110949024558
3439 0 0 0 7.597294985316694
3440 0 0 0 4.918567021377385
3441 0 0 0 5.561823025345802
3442 1 995748 0.7419355 5.9156970819458365
3443 1 460845 0.7419355 4.783218959346414
3444 0 0 0 7.646029000170529
3445 0 0 0 6.958758109249175
3446 0 0 0 8.526640012860298
3447 0 0 0 2.595062949694693
3448 0 0 0 7.618193980306387
3449 0 0 0 5.608584964647889
3450 0 0 0 5.544054904021323
3451 1 57175 0.7586207 3.9927229518070817
3452 0 0 0 5.129178985953331
3453 0 0 0 7.695707958191633
3454 0 0 0 6.9725700886920094
3455 0 0 0 7.718798005953431
3456 0 0 0 1.9654360366985202
3457 0 0 0 4.490218008868396
3458 0 0 0 3.5067900316789746
3459 0 0 0 1.8945429474115372
3460 1 1445559 0.7419355 5.548223969526589
3461 0 0 0 3.492119023576379
3462 0 0 0 5.11435407679528
3463 0 0 0 1.5063680475577712
3464 0 0 0 8.207670995034277
3465 0 0 0 6.984664942137897
3466 0 0 0 7.638265029527247
3467 1 1778447 0.71875 7.25076103117317
3468 0 0 0 7.075504050590098
3469 0 0 0 2.409418928436935
3470 0 0 0 2.4591221008449793
3471 0 0 0 1.8450189381837845
3472 0 0 0 4.5108330668881536
3473 0 0 0 5.068172002211213
3474 0 0 0 5.026147002354264
3475 0 0 0 2.3904290283098817
3476 0 0 0 5.04591001663357
3477 0 0 0 3.1470219837501645
3478 0 0 0 3.604565979912877
3479 0 0 0 6.931214011274278
3480 0 0 0 3.2376910094171762
3481 0 0 0 5.136804073117673
3482 0 0 0 5.164563073776662
3483 0 0 0 5.592257017269731
3484 0 0 0 7.26843997836113
3485 0 0 0 2.2788699716329575
3486 0 0 0 6.68243202380836
3487 0 0 0 1.452581025660038
3488 0 0 0 4.5953040244057775
3489 0 0 0 2.216169028542936
3490 0 0 0 7.159941014833748
3491 0 0 0 3.312431974336505
3492 0 0 0 2.2241120459511876
3493 0 0 0 7.583622937090695
3494 0 0 0 3.736651036888361
3495 0 0 0 7.654856890439987
3496 0 0 0 7.601298042573035
3497 0 0 0 4.94854396674782
3498 0 0 0 6.68993906583637
3499 0 0 0 7.4192609172314405
3500 0 0 0 3.8171960040926933
3501 0 0 0 7.432040059939027
3502 0 0 0 7.515021949075162
3503 0 0 0 6.89593399874866
3504 0 0 0 2.400276018306613
3505 0 0 0 2.8038891032338142
3506 0 0 0 5.557225085794926
3507 0 0 0 5.735642975196242
3508 0 0 0 6.87816203571856
3509 0 0 0 6.895971950143576
3510 0 0 0 4.466549959033728
3511 0 0 0 8.51821806281805
3512 1 1645151 0.7083333 2.87895102519542
3513 1 167727 0.71428573 2.3631759686395526
3514 1 1154012 0.7826087 1.575260073877871
3515 0 0 0 8.460684097371995
3516 0 0 0 8.623120957054198
3517 0 0 0 2.470160019584
3518 1 134420 0.7419355 5.914125009439886
3519 0 0 0 6.84685492888093
3520 0 0 0 4.726839018985629
3521 0 0 0 2.980685909278691
3522 0 0 0 6.10194297041744
3523 0 0 0 6.2049770494923
3524 0 0 0 8.605789043940604
3525 0 0 0 7.701234892010689
3526 0 0 0 5.33276901114732
3527 0 0 0 7.783326902426779
3528 0 0 0 10.017675929702818
3529 0 0 0 9.740729932673275
3530 0 0 0 3.8275299593806267
3531 0 0 0 6.774169043637812
3532 0 0 0 4.698107950389385
3533 0 0 0 8.929547038860619
3534 0 0 0 8.545503951609135
3535 0 0 0 6.091970019042492
3536 0 0 0 5.879083997569978
3537 0 0 0 4.0633289609104395
3538 0 0 0 5.725156050175428
3539 0 0 0 8.151758927851915
3540 0 0 0 6.282250978983939
3541 1 1522008 0.76666665 3.830951056443155
3542 0 0 0 7.587330997921526
3543 0 0 0 9.468370000831783
3544 0 0 0 5.558843957260251
3545 0 0 0 7.631595013663173
3546 0 0 0 7.626608945429325
3547 0 0 0 4.312959033995867
3548 0 0 0 9.165917057543993
3549 0 0 0 9.35981108341366
3550 0 0 0 2.506527933292091
3551 0 0 0 4.191360087133944
3552 0 0 0 2.857113955542445
3553 0 0 0 4.148736014030874
3554 0 0 0 9.284058003686368
3555 0 0 0 9.217081940732896
3556 0 0 0 9.176359977573156
3557 0 0 0 2.621131017804146
3558 0 0 0 4.3825950706377625
3559 0 0 0 7.684614975005388
3560 0 0 0 3.9735479513183236
3561 0 0 0 7.872221060097218
3562 0 0 0 4.276876104995608
3563 0 0 0 8.405794971622527
3564 0 0 0 6.136297015473247
3565 0 0 0 4.3734320206567645
3566 0 0 0 4.325315007008612
3567 0 0 0 2.323059947229922
3568 0 0 0 2.2610450396314263
3569 0 0 0 4.29322593845427
3570 0 0 0 3.9409579476341605
3571 0 0 0 6.813538959249854
3572 0 0 0 2.4413130013272166
3573 0 0 0 8.374196011573076
3574 0 0 0 7.479303982108831
3575 1 1395645 0.7307692 3.3685730304569006
3576 0 0 0 9.931931039318442
3577 0 0 0 11.066298931837082
3578 0 0 0 9.024968021549284
3579 0 0 0 6.613677018322051
3580 0 0 0 4.642487037926912
3581 0 0 0 8.958425023593009
3582 0 0 0 6.891645025461912
3583 1 1772033 0.7 7.44656496681273
3584 0 0 0 7.035371963866055
3585 0 0 0 4.952188930474222
3586 0 0 0 6.920104962773621
3587 0 0 0 4.797826986759901
3588 0 0 0 10.219139978289604
3589 0 0 0 8.311290061101317
3590 0 0 0 9.124702075496316
3591 0 0 0 7.008961052633822
3592 0 0 0 12.248964980244637
3593 0 0 0 13.173097046092153
3594 0 0 0 8.768958039581776
3595 0 0 0 14.419336919672787
3596 0 0 0 6.2253259820863605
3597 0 0 0 10.945218033157289
3598 0 0 0 11.220299988053739
3599 0 0 0 8.963283034972847
3600 0 0 0 5.135893006809056
3601 0 0 0 7.468904019333422
3602 0 0 0 3.357830923050642
3603 0 0 0 5.109605030156672
3604 0 0 0 9.204806992784142
3605 0 0 0 7.431135978549719
3606 0 0 0 11.478687054477632
3607 0 0 0 10.369860916398466
3608 0 0 0 8.636956918053329
3609 0 0 0 5.432559992186725
3610 0 0 0 3.9245770312845707
3611 0 0 0 13.629102031700313
3612 0 0 0 8.849870995618403
3613 0 0 0 4.175423993729055
3614 0 0 0 7.042985991574824
3615 1 1121467 0.75 5.492203985340893
3616 0 0 0 3.26480099465698
3617 0 0 0 11.78141392301768
3618 0 0 0 6.785121047869325
3619 0 0 0 3.2715899869799614
3620 0 0 0 9.849544963799417
3621 0 0 0 11.347337043844163
3622 0 0 0 6.446372019127011
3623 0 0 0 8.79794405773282
3624 0 0 0 9.644498000852764
3625 1 1146278 0.7058824 9.748480981215835
3626 0 0 0 4.829301964491606
3627 0 0 0 6.23055303003639
3628 0 0 0 4.811484948731959
3629 0 0 0 9.219463099725544
3630 0 0 0 9.32449905667454
3631 1 1907598 0.7037037 4.767646896652877
3632 0 0 0 6.039759027771652
3633 0 0 0 5.85442699957639
3634 0 0 0 2.2530589485540986
3635 0 0 0 5.641040974296629
3636 0 0 0 4.874951089732349
3637 1 1517411 0.7096774 7.989238016307354
3638 0 0 0 5.4288479732349515
3639 1 890380 0.7096774 6.535301101393998
3640 0 0 0 7.720962050370872
3641 0 0 0 7.38618103787303
3642 0 0 0 4.881566972471774
3643 0 0 0 7.018813048489392
3644 1 1041598 0.7 5.272229900583625
3645 0 0 0 9.941880009137094
3646 0 0 0 3.2791580306366086
3647 0 0 0 4.600952030159533
3648 0 0 0 4.331854986958206
3649 0 0 0 4.810857004486024
3650 0 0 0 3.5518299555405974
3651 0 0 0 10.562901967205107
3652 0 0 0 4.731968976557255
3653 0 0 0 2.5317369727417827
3654 0 0 0 8.542399969883263
3655 0 0 0 6.3249190570786595
3656 0 0 0 6.1819389229640365
3657 0 0 0 6.608529947698116
3658 0 0 0 2.4659669725224376
3659 0 0 0 8.726430009119213
3660 1 1071733 0.7647059 7.548240013420582
3661 0 0 0 6.390559021383524
3662 0 0 0 8.608268923126161
3663 0 0 0 8.45213991124183
3664 0 0 0 4.30821196641773
3665 0 0 0 7.753920974209905
3666 0 0 0 7.686158991418779
3667 0 0 0 5.569852073676884
3668 0 0 0 7.695108070038259
3669 0 0 0 5.515806027688086
3670 0 0 0 4.704519989900291
3671 1 1065347 0.75 6.054038996808231
3672 0 0 0 8.154112030752003
3673 0 0 0 7.914791000075638
3674 0 0 0 4.528512945398688
3675 0 0 0 3.0445350566878915
3676 1 1091153 0.7027027 9.593907045200467
3677 0 0 0 8.79487895872444
3678 0 0 0 3.03124007768929
3679 0 0 0 6.275668973103166
3680 0 0 0 7.940100971609354
3681 0 0 0 8.670505951158702
3682 0 0 0 7.980283931829035
3683 0 0 0 1.9009130774065852
3684 0 0 0 2.584411995485425
3685 0 0 0 2.755913999862969
3686 1 1662913 0.71428573 7.603884092532098
3687 0 0 0 7.646135985851288
3688 0 0 0 9.240261977538466
3689 0 0 0 5.929548060521483
3690 0 0 0 4.445945029146969
3691 0 0 0 7.847742992453277
3692 0 0 0 5.423859925940633
3693 0 0 0 5.53174305241555
3694 0 0 0 7.642476004548371
3695 0 0 0 7.600829005241394
3696 0 0 0 2.9189729830250144
3697 0 0 0 9.205435053445399
3698 0 0 0 5.639514070935547
3699 0 0 0 4.661242011934519
3700 0 0 0 10.162996011786163
3701 0 0 0 10.283862007781863
3702 0 0 0 3.5245890030637383
3703 0 0 0 5.291856010444462
3704 0 0 0 7.2434000903740525
3705 0 0 0 6.324233952909708
3706 0 0 0 3.089149948209524
3707 1 1162564 0.7027027 11.219991953112185
3708 0 0 0 10.610044002532959
3709 0 0 0 7.066772901453078
3710 0 0 0 5.694860010407865
3711 0 0 0 10.491803986951709
3712 0 0 0 9.563982021063566
3713 0 0 0 6.537975976243615
3714 0 0 0 3.2429640414193273
3715 0 0 0 11.268813046626747
3716 0 0 0 5.2457209676504135
3717 0 0 0 14.037683955393732
3718 0 0 0 11.491646990180016
3719 0 0 0 13.858088990673423
3720 0 0 0 4.006778937764466
3721 0 0 0 4.5715500600636005
3722 1 1964814 0.7 2.9981749830767512
3723 0 0 0 3.8765680510550737
3724 0 0 0 4.578304011374712
3725 0 0 0 8.129695081152022
3726 0 0 0 8.299528039060533
3727 1 652017 0.7 11.084552039392292
3728 0 0 0 9.562571998685598
3729 1 1412568 0.71875 9.870587033219635
3730 0 0 0 7.405344978906214
3731 0 0 0 9.375942987389863
3732 0 0 0 5.961408955045044
3733 0 0 0 11.555648990906775
3734 0 0 0 7.030628970824182
3735 0 0 0 14.172922004945576
3736 0 0 0 3.7843569880351424
3737 0 0 0 14.158382080495358
3738 0 0 0 6.087947986088693
3739 0 0 0 9.004596970044076
3740 1 843835 0.71428573 13.166062999516726
3741 0 0 0 6.29174301866442
3742 0 0 0 15.449711005203426
3743 0 0 0 8.6163500091061
3744 0 0 0 8.615078055299819
3745 0 0 0 13.964795041829348
3746 0 0 0 2.716765971854329
3747 0 0 0 5.786924040876329
3748 1 687250 0.75 6.6632210509851575
3749 0 0 0 11.644009966403246
3750 0 0 0 3.8676890544593334
3751 0 0 0 9.685700060799718
3752 0 0 0 12.30014895554632
3753 0 0 0 13.996624038554728
3754 0 0 0 8.592220954596996
3755 0 0 0 9.640032076276839
3756 0 0 0 13.107994920574129
3757 0 0 0 6.842956994660199
3758 0 0 0 6.0497039230540395
3759 0 0 0 7.193184923380613
3760 0 0 0 13.701464980840683
3761 0 0 0 11.506641982123256
3762 0 0 0 12.301494949497283
3763 0 0 0 6.6642919555306435
3764 0 0 0 12.789582018740475
3765 0 0 0 11.819776031188667
3766 0 0 0 13.187126023694873
3767 0 0 0 8.518429938703775
3768 0 0 0 3.6788859870284796
3769 0 0 0 8.296231040731072
3770 0 0 0 15.048894099891186
3771 0 0 0 6.651214091107249
3772 0 0 0 4.1275209514424205
3773 0 0 0 13.032321934588253
3774 1 147896 0.7096774 8.777518989518285
3775 0 0 0 12.933835037983954
3776 0 0 0 6.347409915179014
3777 0 0 0 8.958576014265418
3778 0 0 0 6.8483909126371145
3779 0 0 0 16.061526956036687
3780 0 0 0 9.797550039365888
3781 0 0 0 15.380450058728456
3782 0 0 0 14.491201029159129
3783 0 0 0 14.088026946410537
3784 0 0 0 9.498417028225958
3785 0 0 0 8.541696006432176
3786 0 0 0 3.8572180783376098
3787 0 0 0 11.745296069420874
3788 1 1252550 0.7352941 11.58428704366088
3789 0 0 0 12.18553597573191
3790 0 0 0 13.289361959323287
3791 0 0 0 4.4967340072616935
3792 0 0 0 12.019279995001853
3793 0 0 0 4.62874595541507
3794 0 0 0 4.924140055663884
3795 0 0 0 6.815313012339175
3796 0 0 0 14.391597011126578
3797 0 0 0 12.16853701043874
3798 0 0 0 4.419193021021783
3799 1 774900 0.7037037 6.4332010224461555
3800 1 2356964 0.72 4.6343120047822595
3801 0 0 0 10.153944953344762
3802 0 0 0 6.158127915114164
3803 0 0 0 4.24567109439522
3804 1 2123573 0.71875 6.223469972610474
3805 0 0 0 12.911078054457903
3806 0 0 0 11.454403982497752
3807 0 0 0 11.593226925469935
3808 0 0 0 8.122185012325644
3809 0 0 0 7.379918009974062
3810 0 0 0 9.949817089363933
3811 0 0 0 10.863158968277276
3812 0 0 0 11.963228927925229
3813 0 0 0 4.6688379952684045
3814 0 0 0 11.573781026527286
3815 0 0 0 6.838734028860927
3816 0 0 0 9.64437099173665
3817 0 0 0 9.452178026549518
3818 1 1485903 0.7058824 5.220398074015975
3819 0 0 0 11.270608054473996
3820 0 0 0 10.448290035128593
3821 1 1002751 0.72727275 7.331580040045083
3822 1 141387 0.71875 7.0164710050448775
3823 0 0 0 11.24314300250262
3824 0 0 0 10.516632930375636
3825 0 0 0 6.5159660298377275
3826 0 0 0 6.665926077403128
3827 0 0 0 4.619740997441113
3828 1 1054451 0.71428573 9.61832795292139
3829 0 0 0 10.026375064626336
3830 0 0 0 2.248023054562509
3831 0 0 0 6.4856939716264606
3832 0 0 0 11.160137015394866
3833 0 0 0 6.5910989651456475
3834 0 0 0 7.304930011741817
3835 0 0 0 10.776498005725443
3836 1 1244666 0.7 5.425997078418732
3837 0 0 0 7.165992981754243
3838 0 0 0 9.484712034463882
3839 0 0 0 7.712875958532095
3840 1 1745293 0.7037037 3.8576640654355288
3841 1 499420 0.71875 7.223114022053778
3842 0 0 0 6.734897964634001
3843 0 0 0 10.192878893576562
3844 0 0 0 10.973594966344535
3845 0 0 0 3.500500926747918
3846 0 0 0 3.8530220044776797
3847 0 0 0 10.080736014060676
3848 0 0 0 11.468583019450307
3849 0 0 0 2.231684047728777
3850 0 0 0 11.026254971511662
3851 0 0 0 11.18514291010797
3852 0 0 0 7.062337943352759
3853 0 0 0 10.04781702067703
3854 0 0 0 3.9464079309254885
3855 0 0 0 9.553028969094157
3856 1 1664335 0.7222222 7.84088100772351
3857 0 0 0 6.5387689974159
3858 1 1508216 0.76666665 7.442857953719795
3859 0 0 0 5.107198958285153
3860 0 0 0 8.578951004892588
3861 0 0 0 12.464281055144966
3862 0 0 0 8.047968964092433
3863 0 0 0 10.968950926326215
3864 0 0 0 12.682143016718328
3865 0 0 0 11.420359020121396
3866 0 0 0 12.124883942306042
3867 0 0 0 7.5512820621952415
3868 0 0 0 7.5197729747742414
3869 1 1967317 0.71428573 5.455655977129936
3870 0 0 0 12.801955919712782
3871 0 0 0 3.9578289724886417
3872 0 0 0 10.694600059650838
3873 1 2030514 0.7 9.414658066816628
3874 0 0 0 7.20074400305748
3875 0 0 0 7.10896507371217
3876 0 0 0 11.361257988028228
3877 1 2356790 0.7291667 21.986858104355633
3878 0 0 0 16.63971703965217
3879 0 0 0 20.183412008918822
3880 0 0 0 23.694545030593872
3881 1 1363702 0.81578946 17.496627988293767
3882 1 1250777 0.7380952 16.654328908771276
3883 0 0 0 10.865770047530532
3884 1 1552811 0.7234042 22.959314053878188
3885 0 0 0 15.363245969638228
3886 0 0 0 16.188260982744396
3887 0 0 0 13.133626896888018
3888 0 0 0 20.3705420717597
3889 0 0 0 19.930692040361464
3890 0 0 0 21.465444937348366
3891 0 0 0 21.37981401756406
3892 0 0 0 15.183925977908075
3893 0 0 0 20.30778001062572
3894 0 0 0 21.78939408622682
3895 0 0 0 23.58511497732252
3896 0 0 0 14.799084980040789
3897 1 385449 0.70454544 23.052916978485882
3898 0 0 0 19.663056009449065
3899 0 0 0 22.29646104387939
3900 0 0 0 19.923715037293732
3901 0 0 0 22.707232972607017
3902 0 0 0 20.222597056999803
3903 0 0 0 22.682761074975133
3904 0 0 0 24.12843401543796
3905 0 0 0 14.422163949348032
3906 0 0 0 14.019286027178168
3907 0 0 0 12.777975061908364
3908 0 0 0 21.111929905600846
3909 0 0 0 20.388179924339056
3910 0 0 0 23.93427991773933
3911 0 0 0 19.997076014988124
3912 0 0 0 23.866022005677223
3913 0 0 0 19.307388924062252
3914 1 2075143 0.7 16.371862962841988
3915 0 0 0 17.233924008905888
3916 0 0 0 19.306197995319963
3917 0 0 0 15.380453085526824
3918 0 0 0 10.750788962468505
3919 0 0 0 15.996547997929156
3920 0 0 0 20.675183041021228
3921 1 1369425 0.7368421 18.00448796711862
3922 0 0 0 19.34507698751986
3923 0 0 0 15.734116896055639
3924 0 0 0 15.525456983596087
3925 0 0 0 18.70355405844748
3926 0 0 0 17.78899203054607
3927 0 0 0 22.008003084920347
3928 0 0 0 21.77266008220613
3929 0 0 0 20.276446011848748
3930 0 0 0 21.516188979148865
3931 0 0 0 22.379260044544935
3932 0 0 0 23.148600943386555
3933 0 0 0 10.817187954671681
3934 0 0 0 14.330630074255168
3935 0 0 0 19.887575996108353
3936 0 0 0 15.599158010445535
3937 0 0 0 16.714834026061
3938 0 0 0 18.910454004071653
3939 0 0 0 13.064560014754534
3940 0 0 0 17.95068196952343
3941 0 0 0 17.820284934714437
3942 0 0 0 20.970819983631372
3943 0 0 0 52.79966501984745
3944 0 0 0 31.627152930013835
3945 0 0 0 18.762412015348673
3946 0 0 0 16.62098802626133
3947 0 0 0 27.87501795683056
3948 0 0 0 16.205530031584203
3949 0 0 0 14.86277801450342
3950 0 0 0 20.912967971526086
3951 0 0 0 23.65882892627269
3952 0 0 0 17.767415032722056
3953 0 0 0 20.674129016697407
3954 0 0 0 22.647121106274426
3955 0 0 0 23.07639899663627
3956 0 0 0 24.506179965101182
3957 0 0 0 11.26178598497063
3958 0 0 0 17.58882007561624
3959 0 0 0 18.55532405897975
3960 0 0 0 22.76533399708569
3961 0 0 0 15.516324085183442
3962 0 0 0 14.299888047389686
3963 0 0 0 19.33143089991063
3964 0 0 0 20.70097893010825
3965 0 0 0 26.238791993819177
3966 0 0 0 21.60834602545947
3967 0 0 0 20.115796010941267
3968 0 0 0 23.774475906975567
3969 0 0 0 22.573309019207954
3970 0 0 0 26.89640410244465
3971 0 0 0 22.47007400728762
3972 0 0 0 13.442983967252076
3973 0 0 0 23.33755698055029
3974 0 0 0 22.37532800063491
3975 0 0 0 15.094273025169969
3976 0 0 0 22.809386951848865
3977 0 0 0 22.220622980967164
3978 0 0 0 15.849001007154584
3979 0 0 0 14.409123919904232
3980 1 1526222 0.7105263 16.30468398798257
3981 0 0 0 24.967458099126816
3982 0 0 0 13.445343007333577
3983 0 0 0 22.169571020640433
3984 0 0 0 21.46011299919337
3985 0 0 0 21.43998199608177
3986 0 0 0 15.952204004861414
3987 0 0 0 19.413930014707148
3988 0 0 0 19.396684947423637
3989 0 0 0 18.677808926440775
3990 0 0 0 14.99706890899688
3991 0 0 0 17.97559403348714
3992 0 0 0 15.827990020625293
3993 0 0 0 22.07626006565988
3994 0 0 0 19.01123800780624
3995 0 0 0 21.109977969899774
3996 0 0 0 19.70041706226766
3997 0 0 0 13.36384890601039
3998 0 0 0 10.183149017393589
3999 0 0 0 12.876511900685728
4000 0 0 0 15.90873405802995
4001 1 1138102 0.7368421 16.661131056025624
4002 0 0 0 20.778643898665905
4003 0 0 0 14.919476001523435
4004 0 0 0 15.531511045992374
4005 0 0 0 21.415694034658372
4006 0 0 0 22.482046973891556
4007 1 502298 0.7105263 18.335690023377538
4008 0 0 0 19.69084597658366
4009 0 0 0 13.083455036394298
4010 0 0 0 20.87103493977338
4011 0 0 0 15.681836986914277
4012 0 0 0 13.72619194444269
4013 0 0 0 21.12581697292626
4014 0 0 0 22.001196979545057
4015 0 0 0 19.56196699757129
4016 0 0 0 21.00700105074793
4017 0 0 0 10.586349992081523
4018 0 0 0 12.09478999953717
4019 0 0 0 15.876755001954734
4020 0 0 0 12.22617190796882
4021 0 0 0 17.832132056355476
4022 1 1277678 0.7111111 20.752656972035766
4023 0 0 0 18.542791018262506
4024 0 0 0 16.29005395807326
4025 0 0 0 13.315988006070256
4026 0 0 0 12.109170900657773
4027 0 0 0 19.496842985972762
4028 0 0 0 22.38653099630028
4029 0 0 0 13.514160993508995
4030 1 1463589 0.71428573 12.300107977353036
4031 0 0 0 19.303855020552874
4032 0 0 0 10.590363061055541
4033 1 1809225 0.71794873 18.862799974158406
4034 0 0 0 23.03611603565514
4035 0 0 0 13.349579996429384
4036 0 0 0 22.806952008977532
4037 0 0 0 14.45336698088795
4038 1 1054930 0.7209302 18.877180060371757
4039 0 0 0 22.430374985560775
4040 0 0 0 25.302173104137182
4041 0 0 0 17.30460103135556
4042 1 1424479 0.70731705 18.943432020023465
4043 0 0 0 14.562860946170986
4044 0 0 0 10.894552920944989
4045 0 0 0 22.12368603795767
4046 0 0 0 18.52777600288391
4047 0 0 0 12.571944971568882
4048 0 0 0 21.57419896684587
4049 1 376811 0.7111111 20.50521899946034
4050 0 0 0 21.28291898407042
4051 1 1363750 0.72727275 9.968513972125947
4052 0 0 0 21.171050961129367
4053 0 0 0 19.824814051389694
4054 1 1500776 0.70212764 19.611557014286518
4055 0 0 0 17.734231078065932
4056 0 0 0 21.31917397491634
4057 0 0 0 19.23737791366875
4058 0 0 0 18.45564309041947
4059 0 0 0 18.17848696373403
4060 0 0 0 21.32108190562576
4061 0 0 0 15.833185985684395
4062 0 0 0 17.74285698775202
4063 0 0 0 12.11826503276825
4064 0 0 0 17.76826602872461
4065 0 0 0 14.866903075017035
4066 0 0 0 12.0329080382362
4067 0 0 0 17.716591013595462
4068 0 0 0 19.384611980058253
4069 0 0 0 22.25087909027934
4070 0 0 0 13.899368001148105
4071 0 0 0 25.83257807418704
4072 0 0 0 21.761807962320745
4073 0 0 0 15.908889006823301
4074 0 0 0 14.119214029051363
4075 0 0 0 14.261881005950272
4076 0 0 0 19.67483200132847
4077 0 0 0 22.008639993146062
4078 0 0 0 13.046212028712034
4079 0 0 0 12.984873028472066
4080 0 0 0 22.123572998680174
4081 1 17309 0.7058824 11.582605889998376
4082 0 0 0 20.763081964105368
4083 1 685717 0.71428573 18.1623799726367
4084 0 0 0 22.052882006391883
4085 0 0 0 15.632331953383982
4086 0 0 0 22.536642965860665
4087 0 0 0 19.09231999889016
4088 0 0 0 17.74416002444923
4089 0 0 0 19.883191911503673
4090 0 0 0 23.805178003385663
4091 0 0 0 10.42499195318669
4092 0 0 0 10.913321981206536
4093 0 0 0 21.915376069955528
4094 0 0 0 18.876463058404624
4095 0 0 0 14.943215996026993
4096 0 0 0 19.387710955925286
4097 0 0 0 12.875079992227256
4098 0 0 0 17.957900068722665
4099 0 0 0 10.016313986852765
4100 0 0 0 16.03869698010385
4101 0 0 0 12.918948894366622
4102 0 0 0 18.230577930808067
4103 0 0 0 10.32780995592475
4104 0 0 0 19.020325038582087
4105 0 0 0 20.846991916187108
4106 0 0 0 21.880476968362927
4107 0 0 0 18.41090794187039
4108 0 0 0 21.27097104676068
4109 0 0 0 20.833070040680468
4110 0 0 0 12.94388109818101
4111 0 0 0 12.60700507555157
4112 0 0 0 22.63656002469361
4113 0 0 0 12.928714975714684
4114 0 0 0 15.977508970536292
4115 0 0 0 12.609336990863085
4116 0 0 0 18.555977032519877
4117 0 0 0 12.605561059899628
4118 1 1248603 0.7083333 24.06050101853907
4119 0 0 0 22.245139931328595
4120 0 0 0 10.660875006578863
4121 0 0 0 19.140235031954944
4122 0 0 0 16.486125998198986
4123 0 0 0 20.14504501130432
4124 1 1458511 0.7948718 14.455058029852808
4125 0 0 0 22.858635056763887
4126 0 0 0 12.529567000456154
4127 0 0 0 15.063453000038862
4128 0 0 0 17.67606392968446
4129 0 0 0 15.187666984274983
4130 1 1163250 0.7083333 22.78657804708928
4131 0 0 0 14.951171004213393
4132 0 0 0 19.43505194503814
4133 0 0 0 18.92615295946598
4134 0 0 0 21.872657001949847
4135 0 0 0 13.617614982649684
4136 1 1752744 0.7105263 18.46375805325806
4137 0 0 0 22.45588495861739
4138 0 0 0 18.528015003539622
4139 0 0 0 20.24954801890999
4140 0 0 0 15.722988056950271
4141 0 0 0 13.666828977875412
4142 0 0 0 18.663099966943264
4143 0 0 0 22.200330975465477
4144 1 1180222 0.7297297 17.22058095037937
4145 0 0 0 13.767568045295775
4146 0 0 0 10.249349987134337
4147 1 1791162 0.7 18.88659200631082
4148 0 0 0 18.102210946381092
4149 0 0 0 21.256151027046144
4150 0 0 0 10.367474053055048
4151 1 1276683 1.0 9.697590954601765
4152 0 0 0 19.284092937596142
4153 0 0 0 18.473470001481473
4154 0 0 0 21.357715013436973
4155 1 244457 0.7105263 11.630002991296351
4156 0 0 0 17.85758906044066
4157 0 0 0 19.562000990845263
4158 1 1178650 0.7105263 12.913315906189382
4159 0 0 0 21.29259693901986
4160 1 1384517 0.7 19.735418958589435
4161 0 0 0 20.56690095923841
4162 0 0 0 15.337829943746328
4163 0 0 0 14.706582995131612
4164 0 0 0 17.580508952960372
4165 0 0 0 9.825814981013536
4166 0 0 0 12.83703197259456
4167 0 0 0 21.30532800219953
4168 0 0 0 16.346755088306963
4169 0 0 0 9.327784995548427
4170 0 0 0 10.159617057070136
4171 0 0 0 12.011231970973313
4172 1 562151 0.7297297 13.816155958920717
4173 0 0 0 21.299979998730123
4174 0 0 0 14.391029020771384
4175 1 1101369 0.7111111 19.852841971442103
4176 0 0 0 18.428475013934076
4177 0 0 0 20.811607013456523
4178 1 1323167 0.75 11.283858912065625
4179 0 0 0 14.788735075853765
4180 0 0 0 20.147329079918563
4181 0 0 0 18.600862007588148
4182 0 0 0 13.162416988052428
4183 0 0 0 15.240930020809174
4184 0 0 0 17.533815000206232
4185 0 0 0 18.457578029483557
4186 1 1635327 0.71428573 15.340351033955812
4187 0 0 0 22.85654901061207
4188 0 0 0 18.57497007586062
4189 0 0 0 17.825045972131193
4190 1 1318532 0.70454544 19.03853309340775
4191 0 0 0 15.396261005662382
4192 0 0 0 18.55942199472338
4193 0 0 0 19.38424096442759
4194 1 1057719 0.7 23.860779940150678
4195 0 0 0 14.76316002663225
4196 0 0 0 18.49945797584951
4197 0 0 0 20.978861954063177
4198 0 0 0 21.943966043181717
4199 0 0 0 13.272061012685299
4200 0 0 0 19.955819007009268
4201 0 0 0 15.308298054151237
4202 0 0 0 18.672166974283755
4203 1 1047634 0.72727275 13.998884940519929
4204 0 0 0 13.119214912876487
4205 0 0 0 19.6731019532308
4206 0 0 0 19.1451070131734
4207 0 0 0 20.158609957434237
4208 0 0 0 12.22048292402178
4209 0 0 0 19.001301028765738
4210 0 0 0 14.452114002779126
4211 1 1965007 0.7027027 12.785402941517532
4212 0 0 0 18.83551897481084
4213 0 0 0 12.520132004283369
4214 0 0 0 19.116265000775456
4215 0 0 0 13.352268026210368
4216 0 0 0 12.706313049420714
4217 0 0 0 12.649165000766516
4218 0 0 0 21.67518192436546
4219 0 0 0 16.24348305631429
4220 0 0 0 23.583141970448196
4221 0 0 0 14.266437967307866
4222 0 0 0 26.330605964176357
4223 0 0 0 24.156593019142747
4224 0 0 0 24.904773104935884
4225 0 0 0 20.787589019164443
4226 0 0 0 20.646671997383237
4227 1 805261 0.72727275 11.115598026663065
4228 0 0 0 25.021375971846282
4229 0 0 0 21.01044205483049
4230 0 0 0 23.618511972017586
4231 0 0 0 21.579437074251473
4232 0 0 0 13.767302967607975
4233 0 0 0 23.271663929335773
4234 0 0 0 25.56482399813831
4235 0 0 0 12.206222978420556
4236 0 0 0 19.24826903268695
4237 1 254690 0.7 19.79404699523002
4238 0 0 0 21.617179038003087
4239 0 0 0 24.047039914876223
4240 0 0 0 20.128922071307898
4241 0 0 0 21.883040899410844
4242 0 0 0 21.644990076310933
4243 0 0 0 24.3148950394243
4244 0 0 0 13.921080972068012
4245 0 0 0 23.158030002377927
4246 0 0 0 13.088244013488293
4247 1 1132547 0.7027027 13.491431018337607
4248 1 575685 0.7222222 14.103701920248568
4249 0 0 0 13.59768898691982
4250 0 0 0 23.128697066567838
4251 0 0 0 22.421875968575478
4252 0 0 0 22.025197045877576
4253 0 0 0 21.504017058759928
4254 0 0 0 22.252239054068923
4255 0 0 0 20.019382005557418
4256 0 0 0 20.747079979628325
4257 1 2078053 0.71428573 14.974651974625885
4258 0 0 0 22.449584095738828
4259 0 0 0 22.021891083568335
4260 0 0 0 19.21917893923819
4261 0 0 0 19.992910092696548
4262 1 423749 0.7 12.393935932777822
4263 0 0 0 19.114846014417708
4264 0 0 0 21.43149101175368
4265 0 0 0 19.05684103257954
4266 0 0 0 15.306375920772552
4267 0 0 0 13.396885013207793
4268 0 0 0 20.39471606258303
4269 0 0 0 20.431994926184416
4270 0 0 0 12.962091946974397
4271 1 1107152 0.7027027 14.001747942529619
4272 0 0 0 15.421311021782458
4273 0 0 0 20.084968069568276
4274 0 0 0 13.633067021146417
4275 0 0 0 9.697963017970324
4276 0 0 0 13.700379990041256
4277 0 0 0 19.138079951517284
4278 0 0 0 12.435097014531493
4279 1 1018474 0.7027027 14.924486982636154
4280 0 0 0 18.653478007763624
4281 1 1361731 0.7619048 18.272390007041395
4282 0 0 0 25.14113101642579
4283 0 0 0 14.162568957544863
4284 1 1280952 0.7173913 21.01322205271572
4285 0 0 0 10.699828038923442
4286 0 0 0 22.831054055131972
4287 0 0 0 23.876327089965343
4288 0 0 0 17.990225926041603
4289 0 0 0 20.05755400750786
4290 0 0 0 14.68088396359235
4291 0 0 0 22.80157501809299
4292 0 0 0 23.514730972237885
4293 0 0 0 19.948062021285295
4294 0 0 0 24.976685061119497
4295 0 0 0 13.965864898636937
4296 0 0 0 32.334577990695834
4297 0 0 0 17.323285108432174
4298 0 0 0 23.384129046462476
4299 0 0 0 26.875932002440095
4300 0 0 0 24.65488202869892
4301 0 0 0 25.583198992535472
4302 0 0 0 11.962832999415696
4303 0 0 0 19.352721981704235
4304 0 0 0 20.093880011700094
4305 1 1556797 0.70454544 21.609388990327716
4306 0 0 0 21.939113968983293
4307 0 0 0 18.71089404448867
4308 0 0 0 10.615899926051497
4309 0 0 0 20.637369016185403
4310 0 0 0 18.599555012769997
4311 0 0 0 17.44155294727534
4312 0 0 0 14.679580926895142
4313 0 0 0 17.255550948902965
4314 0 0 0 20.519800018519163
4315 0 0 0 17.332296003587544
4316 1 565192 0.70731705 12.70235306583345
4317 0 0 0 14.532458037137985
4318 0 0 0 12.308520963415504
4319 0 0 0 17.651328002102673
4320 0 0 0 12.395621975883842
4321 0 0 0 12.376524042338133
4322 0 0 0 21.167535101994872
4323 0 0 0 18.26669496949762
4324 0 0 0 12.073677964508533
4325 0 0 0 9.355950052849948
4326 0 0 0 16.527050058357418
4327 0 0 0 13.839402934536338
4328 0 0 0 11.20034500490874
4329 0 0 0 17.142952070571482
4330 0 0 0 18.129762960597873
4331 0 0 0 18.43944506254047
4332 0 0 0 15.221499023027718
4333 0 0 0 8.85892496444285
4334 0 0 0 18.435404053889215
4335 0 0 0 13.795549981296062
4336 0 0 0 14.709904906339943
4337 0 0 0 11.120188981294632
4338 0 0 0 19.384092069230974
4339 0 0 0 8.478397969156504
4340 0 0 0 16.487583983689547
4341 0 0 0 19.95093305595219
4342 0 0 0 11.137412977404892
4343 0 0 0 18.096287036314607
4344 0 0 0 17.21591199748218
4345 0 0 0 18.575076945126057
4346 0 0 0 18.52361799683422
4347 0 0 0 11.337750940583646
4348 1 346635 0.725 16.515195951797068
4349 0 0 0 11.533041018992662
4350 0 0 0 17.777379020117223
4351 0 0 0 21.850269054993987
4352 0 0 0 16.889808932319283
4353 0 0 0 19.38420708756894
4354 0 0 0 13.804837013594806
4355 0 0 0 14.651107951067388
4356 0 0 0 9.329573018476367
4357 0 0 0 11.126672965474427
4358 1 2459393 0.7058824 12.312210979871452
4359 1 1040072 0.7105263 11.414719047024846
4360 0 0 0 11.498523992486298
4361 0 0 0 16.785338055342436
4362 0 0 0 16.41174708493054
4363 0 0 0 17.973504029214382
4364 0 0 0 18.839906086213887
4365 0 0 0 13.842871063388884
4366 0 0 0 13.813846977427602
4367 0 0 0 18.126842915080488
4368 0 0 0 17.92943407781422
4369 0 0 0 18.057746929116547
4370 0 0 0 19.895878969691694
4371 0 0 0 12.19039794523269
4372 0 0 0 19.92330397479236
4373 0 0 0 8.348240982741117
4374 1 1400612 0.7027027 13.436818029731512
4375 0 0 0 21.10536303371191
4376 0 0 0 14.867460005916655
4377 0 0 0 22.72710599936545
4378 0 0 0 25.119311991147697
4379 0 0 0 22.98829599749297
4380 0 0 0 22.65673503279686
4381 0 0 0 23.43826903961599
4382 0 0 0 21.4872119249776
4383 0 0 0 20.929065998643637
4384 0 0 0 23.459141026251018
4385 0 0 0 23.09475396759808
4386 0 0 0 22.218154976144433
4387 0 0 0 22.67639501951635
4388 0 0 0 21.076934994198382
4389 0 0 0 24.087455007247627
4390 0 0 0 24.332729051820934
4391 0 0 0 24.05517199076712
4392 1 1272398 0.7234042 21.870325901545584
4393 1 1265945 0.72727275 22.52545498777181
4394 0 0 0 22.761716973036528
4395 0 0 0 23.881008033640683
4396 0 0 0 21.58055710606277
4397 0 0 0 22.803373052738607
4398 0 0 0 22.8809219552204
4399 0 0 0 20.91489394661039
4400 0 0 0 19.88211099524051
4401 0 0 0 20.47519397456199
4402 0 0 0 23.302408982999623
4403 1 1353602 0.75555557 20.494334981776774
4404 1 2053831 0.72 21.444458048790693
4405 0 0 0 21.623083972372115
4406 0 0 0 21.188957965932786
4407 1 1419069 0.7346939 23.396961041726172
4408 0 0 0 24.616583017632365
4409 0 0 0 21.01529308129102
4410 0 0 0 22.670145030133426
4411 0 0 0 22.32660003937781
4412 0 0 0 22.689756006002426
4413 0 0 0 23.17863900680095
4414 0 0 0 23.43307400587946
4415 1 1103984 0.7 21.583902998827398
4416 0 0 0 22.473989985883236
4417 0 0 0 22.245225962251425
4418 0 0 0 22.808913025073707
4419 0 0 0 22.035924019291997
4420 0 0 0 22.15663099195808
4421 0 0 0 22.681131958961487
4422 1 1555864 0.7222222 22.77712302748114
4423 0 0 0 22.950079990550876
4424 0 0 0 22.238111938349903
4425 0 0 0 24.028870975598693
4426 0 0 0 22.18773402273655
4427 0 0 0 22.591806948184967
4428 0 0 0 21.050706040114164
4429 0 0 0 24.154745042324066
4430 0 0 0 24.77071702014655
4431 0 0 0 24.94770591147244
4432 0 0 0 24.278028984554112
4433 0 0 0 23.529471014626324
4434 0 0 0 20.875832997262478
4435 0 0 0 22.761094965972006
4436 0 0 0 21.53887297026813
4437 1 1193993 0.71153843 22.224228945560753
4438 0 0 0 21.098490920849144
4439 0 0 0 23.004071903415024
4440 0 0 0 23.427756037563086
4441 1 843888 0.7291667 20.095217041671276
4442 0 0 0 23.877214989624918
4443 0 0 0 23.328481009230018
4444 0 0 0 23.526959936134517
4445 0 0 0 24.69979296438396
4446 0 0 0 24.661572999320924
4447 0 0 0 23.913885932415724
4448 0 0 0 22.234171978197992
4449 0 0 0 22.486872971057892
4450 0 0 0 22.276059025898576
4451 0 0 0 24.289841996505857
4452 1 1266000 0.7017544 24.74797808099538
4453 0 0 0 23.76375300809741
4454 0 0 0 21.252864971756935
4455 0 0 0 22.51541696023196
4456 1 1190867 0.7111111 20.36021405365318
4457 0 0 0 22.28853793349117
4458 0 0 0 23.134771967306733
4459 0 0 0 24.364105076529086
4460 0 0 0 23.006318020634353
4461 0 0 0 23.990804911591113
4462 0 0 0 21.820623078383505
4463 0 0 0 22.951457067392766
4464 0 0 0 23.57029204722494
4465 0 0 0 23.524082964286208
4466 0 0 0 25.80982295330614
4467 0 0 0 24.88445199560374
4468 0 0 0 25.04042291548103
4469 0 0 0 25.19198798108846
4470 0 0 0 24.933613021858037
4471 0 0 0 23.092549992725253
4472 0 0 0 22.05000096000731
4473 0 0 0 23.836350068449974
4474 0 0 0 23.567643016576767
4475 0 0 0 23.980821017175913
4476 1 1356085 0.87234044 20.033188979141414
4477 0 0 0 23.218268994241953
4478 0 0 0 21.95085398852825
4479 0 0 0 21.70233998913318
4480 0 0 0 21.221937029622495
4481 0 0 0 21.79388701915741
4482 1 1499309 0.7 23.599161999300122
4483 1 1003329 0.70212764 24.64520698413253
4484 0 0 0 19.858177984133363
4485 0 0 0 24.306423030793667
4486 0 0 0 22.101570037193596
4487 0 0 0 23.121339036151767
4488 0 0 0 24.123760988004506
4489 1 1173817 0.72727275 24.62098002433777
4490 0 0 0 25.42481804266572
4491 0 0 0 23.857044987380505
4492 0 0 0 20.361235947348177
4493 0 0 0 23.75649707391858
4494 1 2074577 0.71153843 23.618097067810595
4495 0 0 0 23.952046991325915
4496 0 0 0 22.077779984101653
4497 0 0 0 24.008792941458523
4498 0 0 0 22.106974967755377
4499 0 0 0 22.60469796601683
4500 0 0 0 22.41837896872312
4501 0 0 0 22.317958995699883
4502 0 0 0 24.519435944966972
4503 0 0 0 23.855826002545655
4504 0 0 0 23.511440958827734
4505 0 0 0 22.498959093354642
4506 0 0 0 22.12846395559609
4507 0 0 0 25.189373060129583
4508 0 0 0 23.290448007173836
4509 0 0 0 24.364421027712524
4510 0 0 0 23.702695034444332
4511 0 0 0 23.153295973315835
4512 1 323620 0.7017544 23.709130007773638
4513 0 0 0 24.5020940201357
4514 0 0 0 23.077512974850833
4515 0 0 0 21.226514014415443
4516 0 0 0 22.77928194962442
4517 0 0 0 22.286527091637254
4518 0 0 0 21.89912600442767
4519 0 0 0 22.17130095232278
4520 0 0 0 23.150666034780443
4521 0 0 0 23.18084705621004
4522 0 0 0 21.832123049534857
4523 0 0 0 21.85599401127547
4524 0 0 0 22.74443896021694
4525 0 0 0 24.744433001615107
4526 0 0 0 24.5570169063285
4527 0 0 0 23.8345330581069
4528 0 0 0 24.02033901307732
4529 0 0 0 22.73914695251733
4530 0 0 0 22.582494071684778
4531 0 0 0 22.980719921179116
4532 1 1003332 0.7254902 24.350801948457956
4533 0 0 0 21.4545379858464
4534 1 1360838 0.7 25.24587302468717
4535 0 0 0 21.728528081439435
4536 0 0 0 21.40134503133595
4537 0 0 0 22.491582087241113
4538 1 1426751 0.72 22.51902606803924
4539 0 0 0 23.73652800451964
4540 0 0 0 23.596429964527488
4541 1 1194433 0.71428573 22.159692947752774
4542 0 0 0 21.85893594287336
4543 0 0 0 21.102936938405037
4544 1 373360 0.71153843 21.50867902673781
4545 1 1290025 0.7826087 23.6202230444178
4546 1 1650948 0.7090909 27.480276999995112
4547 0 0 0 26.2269820086658
4548 0 0 0 24.83954094350338
4549 0 0 0 24.917286937125027
4550 0 0 0 23.03354803007096
4551 0 0 0 22.51575095579028
4552 0 0 0 23.017278988845646
4553 1 447689 0.7291667 27.40900299977511
4554 1 1271384 0.74 26.38214605394751
4555 0 0 0 26.56132006086409
4556 0 0 0 24.376673973165452
4557 0 0 0 25.73905896861106
4558 0 0 0 22.650158032774925
4559 0 0 0 23.21571996435523
4560 0 0 0 21.082313964143395
4561 0 0 0 21.5908270329237
4562 0 0 0 24.621102027595043
4563 0 0 0 22.482478991150856
4564 1 234685 0.71428573 25.814527994953096
4565 0 0 0 23.94501492381096
4566 1 1259424 0.7058824 24.798120954073966
4567 1 1336480 0.75 25.14475805219263
4568 0 0 0 24.049046100117266
4569 1 2379105 0.71153843 23.155153961852193
4570 0 0 0 22.952978033572435
4571 0 0 0 21.48883999325335
4572 0 0 0 20.713265985250473
4573 0 0 0 23.173669003881514
4574 0 0 0 24.062496959231794
4575 0 0 0 23.52567098569125
4576 1 1188269 0.71428573 23.374662036076188
4577 0 0 0 22.481983993202448
4578 0 0 0 22.398686967790127
4579 0 0 0 24.142610956914723
4580 0 0 0 23.65739189554006
4581 0 0 0 22.7686659200117
4582 0 0 0 22.7573630400002
4583 0 0 0 23.040345986373723
4584 0 0 0 22.86072203423828
4585 0 0 0 22.293827030807734
4586 0 0 0 23.5952939838171
4587 0 0 0 23.382424027659
4588 0 0 0 21.115449955686927
4589 0 0 0 20.947978016920388
4590 0 0 0 22.314402041956782
4591 0 0 0 21.947489003650844
4592 0 0 0 23.06352404411882
4593 0 0 0 24.212872027419508
4594 0 0 0 23.71734904590994
4595 0 0 0 24.957927991636097
4596 0 0 0 22.334994981065392
4597 0 0 0 24.11023003514856
4598 0 0 0 23.30057299695909
4599 0 0 0 23.005477036349475
4600 0 0 0 23.797586909495294
4601 0 0 0 23.800213006325066
4602 0 0 0 21.770237013697624
4603 0 0 0 23.24412507005036
4604 0 0 0 21.186024066992104
4605 0 0 0 22.35319500323385
4606 0 0 0 22.815475007519126
4607 0 0 0 23.71518302243203
4608 0 0 0 24.04518099501729
4609 0 0 0 21.354424068704247
4610 0 0 0 23.667456000111997
4611 1 1887721 0.71153843 23.36799690965563
4612 0 0 0 23.58086802996695
4613 0 0 0 21.55609696637839
4614 0 0 0 23.7698620185256
4615 1 1441394 0.7 24.882380035705864
4616 0 0 0 24.962072959169745
4617 0 0 0 23.747124010697007
4618 0 0 0 23.69940292555839
4619 0 0 0 24.267429020255804
4620 0 0 0 24.009365937672555
4621 0 0 0 23.643814027309418
4622 0 0 0 24.427386932075024
4623 0 0 0 23.97435496095568
4624 1 1257888 0.74 24.053607019595802
4625 0 0 0 23.873016936704516
4626 0 0 0 23.20821804460138
4627 0 0 0 22.953810985200107
4628 0 0 0 23.702139034867287
4629 0 0 0 23.769189952872694
4630 0 0 0 22.061186959035695
4631 0 0 0 24.63752799667418
4632 0 0 0 23.401544080115855
4633 1 1410103 0.71428573 22.952563012950122
4634 0 0 0 24.896990973502398
4635 1 511740 0.7346939 22.553703980520368
4636 0 0 0 23.508418002165854
4637 0 0 0 21.437142975628376
4638 0 0 0 23.14943599049002
4639 0 0 0 21.48068102542311
4640 1 1434550 0.7307692 22.593394038267434
4641 0 0 0 22.558383992873132
4642 0 0 0 23.74875999521464
4643 0 0 0 24.02269293088466
4644 0 0 0 23.227686993777752
4645 0 0 0 22.359808906912804
4646 0 0 0 24.293509079143405
4647 0 0 0 21.527573000639677
4648 1 525493 0.70454544 22.203468019142747
4649 0 0 0 22.044393932446837
4650 0 0 0 22.385291988030076
4651 0 0 0 24.564097984693944
4652 0 0 0 23.824365925975144
4653 0 0 0 23.416436044499278
4654 0 0 0 22.138737956993282
4655 0 0 0 23.688253946602345
4656 0 0 0 23.534824955277145
4657 0 0 0 22.13558100629598
4658 1 1340106 0.7 23.227659985423088
4659 0 0 0 22.995734005235136
4660 0 0 0 22.52019802108407
4661 0 0 0 21.758652990683913
4662 0 0 0 21.471718908287585
4663 0 0 0 22.772764903493226
4664 0 0 0 23.801952018402517
4665 0 0 0 22.950032958760858
4666 0 0 0 24.43764195777476
4667 0 0 0 23.04214204195887
4668 0 0 0 22.962989984080195
4669 0 0 0 23.303681053221226
4670 0 0 0 22.18525402713567
4671 1 1260565 0.8076923 21.0139739792794
4672 0 0 0 22.204305045306683
4673 0 0 0 23.541558999568224
4674 1 1351470 0.7358491 23.891425924375653
4675 0 0 0 24.009160930290818
4676 0 0 0 23.23472104035318
4677 0 0 0 20.319008035585284
4678 0 0 0 22.1316710812971
4679 0 0 0 22.519635036587715
4680 0 0 0 23.789147031493485
4681 0 0 0 23.415585979819298
4682 1 1489798 0.7058824 22.77746901381761
4683 0 0 0 22.68935600295663
4684 0 0 0 22.26428792346269
4685 0 0 0 20.621626055799425
4686 0 0 0 22.306789993308485
4687 1 1147511 0.73214287 24.041694006882608
4688 0 0 0 23.4515150077641
4689 0 0 0 22.20247790683061
4690 0 0 0 23.052745033055544
4691 0 0 0 24.172578006982803
4692 0 0 0 23.154019960202277
4693 1 1423537 0.71428573 23.049843031913042
4694 0 0 0 21.409588982351124
4695 0 0 0 23.163883946835995
4696 0 0 0 21.152432076632977
4697 0 0 0 24.020586046390235
4698 0 0 0 22.76572701521218
4699 0 0 0 23.41932791750878
4700 0 0 0 23.228293983265758
4701 1 574851 0.7058824 22.809225018136203
4702 0 0 0 22.765546920709312
4703 0 0 0 25.27125191409141
4704 1 1104953 0.71428573 22.058184957131743
4705 0 0 0 23.501315037719905
4706 0 0 0 22.619048017077148
4707 0 0 0 21.692860987968743
4708 0 0 0 20.386729040183127
4709 0 0 0 22.060130955651402
4710 0 0 0 22.24751899484545
4711 0 0 0 23.49077502731234
4712 0 0 0 23.67312496062368
4713 0 0 0 23.072593961842358
4714 0 0 0 21.579994936473668
4715 1 601758 0.7111111 20.752709009684622
4716 0 0 0 19.30580392945558
4717 0 0 0 24.199133040383458
4718 0 0 0 22.20455906353891
4719 0 0 0 23.752302979119122
4720 1 1665280 0.7254902 22.846419014967978
4721 0 0 0 22.335965069942176
4722 0 0 0 22.768073016777635
4723 0 0 0 21.82188001461327
4724 0 0 0 21.60802495200187
4725 0 0 0 21.72766497824341
4726 0 0 0 19.04128002934158
4727 0 0 0 22.54008105956018
4728 0 0 0 24.28299596067518
4729 0 0 0 23.182705976068974
4730 0 0 0 21.60080405883491
4731 0 0 0 20.591323962435126
4732 0 0 0 21.69335400685668
4733 0 0 0 21.649384987540543
4734 0 0 0 20.34043299499899
4735 0 0 0 22.17175904661417
4736 0 0 0 21.547370008192956
4737 0 0 0 23.06607598438859
4738 0 0 0 24.059195071458817
4739 0 0 0 28.75837206374854
4740 0 0 0 27.47406403068453
4741 0 0 0 27.137203025631607
4742 1 1353513 0.7358491 25.452613946981728
4743 0 0 0 25.228700949810445
4744 0 0 0 23.288573953323066
4745 0 0 0 23.10944104101509
4746 0 0 0 23.688861052505672
4747 0 0 0 23.471463937312365
4748 0 0 0 19.861633074469864
4749 0 0 0 20.637784036807716
4750 0 0 0 21.154316957108676
4751 0 0 0 24.449632037431
4752 1 1077897 0.7090909 23.88989890459925
4753 1 1267217 1.0 15.807474963366985
4754 0 0 0 23.133013979531825
4755 0 0 0 23.108587018214166
4756 0 0 0 24.084837990812957
4757 1 2109743 0.71153843 23.64133798982948
4758 0 0 0 22.992373094893992
4759 0 0 0 21.994524053297937
4760 0 0 0 22.292037960141897
4761 0 0 0 23.13090197276324
4762 0 0 0 23.18453905172646
4763 0 0 0 23.737690993584692
4764 0 0 0 23.889289004728198
4765 0 0 0 23.549927049316466
4766 0 0 0 23.346208967268467
4767 0 0 0 24.211351992562413
4768 0 0 0 22.449446958489716
4769 1 2071504 0.7111111 22.057055961340666
4770 0 0 0 23.029225994832814
4771 0 0 0 24.077698006294668
4772 1 825076 0.72 26.634305017068982
4773 0 0 0 28.242449974641204
4774 1 1197885 0.7234042 25.22084303200245
4775 0 0 0 26.416596956551075
4776 1 1006235 0.7111111 21.318197948858142
4777 0 0 0 24.821014027111232
4778 0 0 0 26.205466943793
4779 0 0 0 26.793480035848916
4780 0 0 0 26.717233937233686
4781 0 0 0 25.75925807468593
4782 0 0 0 24.37695604749024
4783 0 0 0 25.35000303760171
4784 0 0 0 24.088277015835047
4785 1 847274 0.70454544 22.169442963786423
4786 0 0 0 23.9018410211429
4787 0 0 0 23.283399059437215
4788 0 0 0 26.064011035487056
4789 0 0 0 27.001410024240613
4790 1 1336421 0.7 26.35144197847694
4791 0 0 0 25.300160981714725
4792 0 0 0 26.738915941677988
4793 0 0 0 24.474079022184014
4794 0 0 0 24.185206973925233
4795 0 0 0 23.828901001252234
4796 0 0 0 23.944111075252295
4797 0 0 0 22.41542108822614
4798 0 0 0 23.004674003459513
4799 0 0 0 23.403423954732716
4800 0 0 0 24.061855976469815
4801 0 0 0 20.417760009877384
4802 0 0 0 23.331939009949565
4803 0 0 0 23.804943077266216
4804 0 0 0 22.375853965058923
4805 0 0 0 24.091409984976053
4806 0 0 0 25.012439931742847
4807 0 0 0 24.141656002029777
4808 1 1462714 0.72727275 24.066931917332113
4809 0 0 0 21.650027949362993
4810 0 0 0 23.502425057813525
4811 0 0 0 24.27794795949012
4812 0 0 0 22.505101980641484
4813 0 0 0 23.2395411003381
4814 0 0 0 23.428855929523706
4815 0 0 0 21.604890003800392
4816 0 0 0 23.34895497187972
4817 0 0 0 23.41592696029693
4818 0 0 0 23.33314809948206
4819 0 0 0 20.0482199434191
4820 1 1094501 0.7083333 21.423451020382345
4821 0 0 0 23.082604981027544
4822 0 0 0 23.17663701251149
4823 0 0 0 22.80856401193887
4824 0 0 0 23.498759022913873
4825 0 0 0 23.127636988647282
4826 0 0 0 24.307137937285006
4827 0 0 0 23.351159994490445
4828 0 0 0 23.939386010169983
4829 0 0 0 21.225650096312165
4830 0 0 0 22.350594052113593
4831 1 1255245 0.76086956 20.32438397873193
4832 0 0 0 23.577354033477604
4833 0 0 0 22.357621928676963
4834 0 0 0 23.496096022427082
4835 0 0 0 21.368219051510096
4836 0 0 0 22.1033520065248
4837 0 0 0 23.347839945927262
4838 0 0 0 24.014653055928648
4839 1 2214374 0.7083333 21.875462029129267
4840 1 1041837 0.7083333 23.474633926525712
4841 0 0 0 25.31111694406718
4842 1 475136 0.71153843 23.78946205135435
4843 0 0 0 23.733552894555032
4844 0 0 0 22.712560021318495
4845 0 0 0 23.088063928298652
4846 0 0 0 21.242883056402206
4847 0 0 0 22.706076968461275
4848 1 1104474 0.75 19.67048703227192
4849 0 0 0 23.067951085977256
4850 0 0 0 23.803020012564957
4851 0 0 0 22.91973098181188
4852 0 0 0 23.63357099238783
4853 0 0 0 23.021025932393968
4854 0 0 0 20.857503986917436
4855 0 0 0 22.329838015139103
4856 0 0 0 22.489522001706064
4857 0 0 0 22.13050506543368
4858 0 0 0 21.65960194543004
4859 0 0 0 21.547283977270126
4860 0 0 0 22.517918958328664
4861 0 0 0 24.375276057980955
4862 1 1278901 0.7058824 23.040245985612273
4863 0 0 0 23.258142988197505
4864 0 0 0 23.63760897424072
4865 0 0 0 22.272888920269907
4866 0 0 0 22.3722419468686
4867 0 0 0 21.01325907278806
4868 1 1700256 0.7083333 20.9489269182086
4869 0 0 0 22.360741044394672
4870 0 0 0 19.951053080148995
4871 0 0 0 21.969991037622094
4872 1 1567105 0.71428573 22.941251983866096
4873 1 1651756 0.7090909 22.667663055472076
4874 0 0 0 21.425737999379635
4875 1 1228184 0.70454544 20.41951392311603
4876 0 0 0 23.256519925780594
4877 0 0 0 22.966874996200204
4878 0 0 0 20.905634970404208
4879 0 0 0 21.10893395729363
4880 0 0 0 22.01451500877738
4881 1 1245312 0.7 19.528973032720387
4882 1 1590810 0.7 21.631916984915733
4883 0 0 0 22.175614023581147
4884 1 1526997 0.71666664 19.910770002752542
4885 0 0 0 21.05439710430801
4886 1 1201872 0.70149255 21.295371931046247
4887 0 0 0 22.07584900315851
4888 0 0 0 24.383035022765398
4889 0 0 0 20.498116966336966
4890 0 0 0 23.363780928775668
4891 0 0 0 22.109123994596303
4892 1 1284948 0.7288136 21.040525985881686
4893 0 0 0 20.87657293304801
4894 0 0 0 21.83275099378079
4895 0 0 0 21.64481405634433
4896 0 0 0 22.62283000163734
4897 0 0 0 23.400495061650872
4898 0 0 0 23.872807971201837
4899 0 0 0 23.368627997115254
4900 0 0 0 20.992571022361517
4901 0 0 0 23.273000959306955
4902 0 0 0 21.568458061665297
4903 0 0 0 22.67671306617558
4904 0 0 0 23.2914179796353
4905 0 0 0 24.006893974728882
4906 0 0 0 20.642639021389186
4907 0 0 0 23.05308193899691
4908 0 0 0 22.68761198502034
4909 1 1797060 0.7090909 24.051308049820364
4910 0 0 0 20.93100396450609
4911 1 205058 0.71428573 21.749744890257716
4912 0 0 0 21.517129032872617
4913 0 0 0 22.235075011849403
4914 0 0 0 22.251893999055028
4915 1 1062456 0.7586207 22.64722401741892
4916 0 0 0 22.149138967506588
4917 0 0 0 22.554651950486004
4918 0 0 0 22.85519102588296
4919 0 0 0 23.476912989281118
4920 0 0 0 21.957892924547195
4921 0 0 0 20.49362100660801
4922 0 0 0 22.277122014202178
4923 0 0 0 19.831174984574318
4924 0 0 0 21.004979964345694
4925 0 0 0 18.41284695547074
4926 0 0 0 22.48877298552543
4927 1 1193038 0.7 20.64329304266721
4928 0 0 0 23.675331030972302
4929 0 0 0 21.862005931325257
4930 1 1973450 0.7288136 22.645781049504876
4931 0 0 0 22.486392059363425
4932 0 0 0 21.355492994189262
4933 0 0 0 20.477837068028748
4934 0 0 0 19.856598926708102
4935 0 0 0 22.044119075872004
4936 1 1244567 0.7586207 22.052911925129592
4937 0 0 0 22.15620898641646
4938 1 2458593 0.73770493 21.912408992648125
4939 0 0 0 22.325268015265465
4940 1 1057522 0.71014494 20.3390889801085
4941 0 0 0 23.170477943494916
4942 0 0 0 22.778014070354402
4943 0 0 0 22.209617076441646
4944 0 0 0 23.15058803651482
4945 0 0 0 24.381484021432698
4946 0 0 0 22.893912042491138
4947 1 1264742 0.80701756 22.977710934355855
4948 0 0 0 23.473788984119892
4949 1 1467122 0.7241379 24.82132299337536
4950 0 0 0 22.512866067700088
4951 0 0 0 19.826146075502038
4952 0 0 0 25.327445939183235
4953 0 0 0 28.297729906626046
4954 0 0 0 27.84030605107546
4955 0 0 0 25.413439027033746
4956 0 0 0 22.29026099666953
4957 0 0 0 22.367691970430315
4958 0 0 0 20.54837706964463
4959 0 0 0 22.248011897318065
4960 0 0 0 22.40677399095148
4961 0 0 0 21.587515948340297
4962 0 0 0 22.754310979507864
4963 0 0 0 22.0274250023067
4964 0 0 0 21.586203947663307
4965 0 0 0 21.83711191173643
4966 0 0 0 22.97169901430607
4967 0 0 0 22.27385900914669
4968 0 0 0 21.52068796567619
4969 0 0 0 23.342983098700643
4970 0 0 0 20.54331300314516
4971 0 0 0 22.784407017752528
4972 0 0 0 22.05834398046136
4973 0 0 0 22.69888494629413
4974 1 1063518 0.7118644 23.601403110660613
4975 1 1627546 0.71428573 23.57131999451667
4976 0 0 0 21.617820020765066
4977 0 0 0 23.558416054584086
4978 0 0 0 22.545157000422478
4979 0 0 0 22.099351044744253
4980 0 0 0 22.573386901058257
4981 0 0 0 19.518574932590127
4982 0 0 0 23.394756950438023
4983 0 0 0 22.503660060465336
4984 1 1108076 0.7118644 25.054353987798095
4985 0 0 0 23.233663057908416
4986 0 0 0 20.795334945432842
4987 0 0 0 23.594405967742205
4988 1 1448211 0.7090909 23.647604044526815
4989 0 0 0 22.31935504823923
4990 0 0 0 21.359132952056825
4991 0 0 0 20.321537042036653
4992 0 0 0 22.261450067162514
4993 0 0 0 19.961509970016778
4994 0 0 0 22.90617791004479
4995 1 666320 0.70689654 23.632508935406804
4996 0 0 0 21.34906908031553
4997 1 1108214 0.72727275 20.916517009027302
4998 0 0 0 24.057298083789647
4999 0 0 0 22.22148096188903
5000 0 0 0 21.78260509390384
5001 0 0 0 23.315954953432083
5002 0 0 0 22.222928935661912
5003 0 0 0 23.901716922409832
5004 0 0 0 23.425648105330765
5005 0 0 0 24.68460297677666
5006 0 0 0 23.36360199842602
5007 0 0 0 22.7883521001786
5008 0 0 0 22.806665976531804
5009 0 0 0 22.923582000657916
5010 0 0 0 24.04120797291398
5011 0 0 0 21.026034955866635
5012 1 1606156 0.71929824 23.57272699009627
5013 0 0 0 24.262791965156794
5014 0 0 0 22.887732018716633
5015 0 0 0 24.824740015901625
5016 0 0 0 25.04930691793561
5017 1 2033133 0.7 22.96640200074762
5018 0 0 0 25.724855018779635
5019 0 0 0 24.970762082375586
5020 0 0 0 25.028167059645057
5021 0 0 0 25.898547959513962
5022 0 0 0 25.90968902222812
5023 0 0 0 23.719419026747346
5024 0 0 0 26.763879926875234
5025 0 0 0 25.573738967068493
5026 0 0 0 27.544272015802562
5027 0 0 0 24.30170401930809
5028 0 0 0 21.210439037531614
5029 0 0 0 21.427691914141178
5030 0 0 0 20.324078970588744
5031 0 0 0 19.744573975913227
5032 1 1151755 0.71428573 20.83708206191659
5033 0 0 0 22.366218036040664
5034 0 0 0 18.388060969300568
5035 0 0 0 16.731826937757432
5036 1 983438 0.7 19.245487987063825
5037 0 0 0 19.26929398905486
5038 0 0 0 18.44619307667017
5039 0 0 0 18.03630101494491
5040 0 0 0 20.283965044654906
5041 0 0 0 20.364654017612338
5042 1 1627761 0.71875 17.774612992070615
5043 0 0 0 19.363501924090087
5044 1 1014081 0.7118644 18.53250397834927
5045 1 2256368 0.7164179 15.588868991471827
5046 0 0 0 16.583049902692437
5047 1 1135022 0.73015875 16.15873700939119
5048 1 1016380 0.703125 16.818906064145267
5049 0 0 0 18.476558034308255
5050 0 0 0 17.573276069015265
5051 0 0 0 18.766002962365746
5052 0 0 0 18.143918947316706
5053 0 0 0 17.982285004109144
5054 0 0 0 19.9336459627375
5055 0 0 0 19.289285992272198
5056 1 385003 0.7 17.79415097553283
5057 1 1633113 0.7118644 18.34633992984891
5058 0 0 0 19.875276018865407
5059 0 0 0 19.027368049137294
5060 0 0 0 19.57166998181492
5061 1 1176085 0.7358491 17.980000004172325
5062 1 1113975 0.7076923 17.102140001952648
5063 0 0 0 17.466985969804227
5064 0 0 0 18.706281087361276
5065 0 0 0 16.17523899767548
5066 0 0 0 18.269105930812657
5067 0 0 0 15.490354038774967
5068 0 0 0 16.64869801606983
5069 1 2281390 0.7 17.98214903101325
5070 0 0 0 17.613564035855234
5071 0 0 0 20.231873961165547
5072 0 0 0 19.654158037155867
5073 0 0 0 18.39976303745061
5074 1 1295950 0.7241379 17.88447005674243
5075 0 0 0 18.886822974309325
5076 0 0 0 18.06052401661873
5077 0 0 0 18.174770986661315
5078 0 0 0 19.99524689745158
5079 0 0 0 18.230355926789343
5080 0 0 0 17.737727030180395
5081 0 0 0 19.00655892677605
5082 0 0 0 17.520306981168687
5083 1 1663446 0.71929824 19.756202003918588
5084 0 0 0 17.901375074870884
5085 1 1011525 0.74545455 19.696807954460382
5086 0 0 0 17.029706039465964
5087 0 0 0 19.051139010116458
5088 0 0 0 18.69485608767718
5089 0 0 0 19.141682074405253
5090 0 0 0 17.818814027123153
5091 0 0 0 18.519359058700502
5092 0 0 0 19.40431003458798
5093 0 0 0 17.45028397999704
5094 0 0 0 16.875423956662416
5095 1 1566432 0.7258065 15.177347115240991
5096 0 0 0 17.538077081553638
5097 0 0 0 17.673855065368116
5098 0 0 0 17.943793907761574
5099 0 0 0 18.154568038880825
5100 0 0 0 19.731493899598718
5101 0 0 0 17.31412496883422
5102 0 0 0 18.67639401461929
5103 0 0 0 18.385814037173986
5104 0 0 0 20.054240012541413
5105 0 0 0 18.03716109134257
5106 0 0 0 19.404753926210105
5107 0 0 0 18.56901601422578
5108 0 0 0 18.096173997037113
5109 0 0 0 16.6960631031543
5110 0 0 0 16.625377000309527
5111 0 0 0 18.027683021500707
5112 0 0 0 17.785319942049682
5113 0 0 0 17.12978002615273
5114 0 0 0 16.86504005920142
5115 0 0 0 18.389062955975533
5116 0 0 0 17.571103991940618
5117 0 0 0 17.268690979108214
5118 0 0 0 18.623452982865274
5119 0 0 0 17.82249310053885
5120 0 0 0 19.945848966017365
5121 0 0 0 17.992633976973593
5122 0 0 0 17.499111010693014
5123 0 0 0 18.650360987521708
5124 0 0 0 18.453679978847504
5125 0 0 0 18.64423498045653
5126 0 0 0 18.556815921328962
5127 0 0 0 18.882040050812066
5128 0 0 0 17.758668982423842
5129 0 0 0 17.101228004321456
5130 0 0 0 17.566783935762942
5131 1 1442630 0.704918 17.165732919238508
5132 0 0 0 17.892134026624262
5133 1 969479 0.7413793 17.76845194399357
5134 1 1157918 0.72131145 19.93248693179339
5135 0 0 0 19.944482948631048
5136 0 0 0 19.36888601630926
5137 0 0 0 19.102102960459888
5138 0 0 0 19.130854052491486
5139 0 0 0 18.196742981672287
5140 0 0 0 18.044783966615796
5141 0 0 0 18.2330320822075
5142 0 0 0 17.679695039987564
5143 0 0 0 16.722618020139635
5144 0 0 0 17.868150025606155
5145 0 0 0 18.233378999866545
5146 0 0 0 18.592725042253733
5147 1 1560404 0.72131145 17.461662995629013
5148 0 0 0 19.10220005083829
5149 0 0 0 19.915725919418037
5150 0 0 0 20.58566501364112
5151 0 0 0 17.738605965860188
5152 1 1340266 0.73015875 17.754768952727318
5153 0 0 0 18.31399300135672
5154 0 0 0 17.89552706759423
5155 0 0 0 17.632444971241057
5156 0 0 0 16.169285983778536
5157 0 0 0 18.468593014404178
5158 0 0 0 18.4513540007174
5159 1 1669580 0.73333335 16.22225297614932
5160 0 0 0 17.363306018523872
5161 0 0 0 18.82915699388832
5162 0 0 0 16.071073012426496
5163 0 0 0 18.21393589489162
5164 0 0 0 17.098336946219206
5165 0 0 0 17.103267018683255
5166 0 0 0 19.196641980670393
5167 0 0 0 18.823625985533
5168 0 0 0 18.080053967423737
5169 0 0 0 18.008230021223426
5170 1 1491566 0.7 18.355017993599176
5171 0 0 0 17.14488200377673
5172 0 0 0 18.482655053958297
5173 0 0 0 18.542759004049003
5174 0 0 0 15.824288013391197
5175 0 0 0 17.602361040189862
5176 0 0 0 16.425573965534568
5177 0 0 0 18.128960044123232
5178 0 0 0 17.677032970823348
5179 0 0 0 18.393474048934877
5180 1 1558973 0.7096774 17.810424091294408
5181 1 1473326 0.7017544 19.45332600735128
5182 0 0 0 19.19379399623722
5183 0 0 0 18.505017971619964
5184 0 0 0 17.190106911584735
5185 0 0 0 19.37930192798376
5186 0 0 0 16.772496979683638
5187 0 0 0 18.437053076922894
5188 0 0 0 17.76493201032281
5189 0 0 0 16.7831169674173
5190 0 0 0 16.673291916958988
5191 0 0 0 17.56523794028908
5192 0 0 0 18.013183027505875
5193 0 0 0 17.53608405124396
5194 0 0 0 15.508053009398282
5195 0 0 0 18.687239033170044
5196 0 0 0 18.540348974056542
5197 0 0 0 18.05516390595585
5198 0 0 0 18.783017061650753
5199 0 0 0 18.577891984023154
5200 0 0 0 16.53175998944789
5201 0 0 0 15.97393595147878
5202 0 0 0 16.961888992227614
5203 0 0 0 16.18010108359158
5204 1 1213941 0.7058824 18.265743041411042
5205 0 0 0 16.654300037771463
5206 0 0 0 18.848854932002723
5207 1 1385104 0.71428573 16.660841996781528
5208 0 0 0 17.285623005591333
5209 0 0 0 17.649026936851442
5210 0 0 0 16.35792199522257
5211 1 1512285 0.7222222 18.152901087887585
5212 0 0 0 17.524047987535596
5213 0 0 0 17.429820960387588
5214 0 0 0 19.262687070295215
5215 0 0 0 18.39655509684235
5216 0 0 0 19.033071002922952
5217 0 0 0 19.273598096333444
5218 0 0 0 18.409264972433448
5219 0 0 0 17.691062996163964
5220 0 0 0 17.97055103816092
5221 0 0 0 17.97584700398147
5222 0 0 0 17.748645041137934
5223 0 0 0 18.229186069220304
5224 0 0 0 17.276586033403873
5225 0 0 0 15.835370984859765
5226 0 0 0 17.274067038670182
5227 0 0 0 17.265158938243985
5228 0 0 0 16.897045890800655
5229 0 0 0 19.357746001333
5230 0 0 0 17.107098014093935
5231 0 0 0 17.36400800291449
5232 0 0 0 18.28230603132397
5233 0 0 0 16.412634984590113
5234 1 1170927 0.71929824 17.21871900372207
5235 1 1418739 0.7090909 18.351491075009108
5236 0 0 0 18.588182982057333
5237 1 1094958 0.7419355 17.534074024297297
5238 0 0 0 17.677947995252907
5239 1 855115 0.71929824 19.163499935530126
5240 0 0 0 17.570530995726585
5241 0 0 0 17.582977074198425
5242 0 0 0 16.690294025465846
5243 0 0 0 18.591528991237283
5244 0 0 0 19.032767042517662
5245 0 0 0 20.407918957062066
5246 0 0 0 16.74281503073871
5247 0 0 0 19.485202035866678
5248 0 0 0 18.51112488657236
5249 1 2470997 0.7017544 18.41871894430369
5250 0 0 0 17.8923619678244
5251 0 0 0 17.933396971784532
5252 0 0 0 18.065716954879463
5253 0 0 0 17.575790989212692
5254 1 1242338 0.704918 19.649346941150725
5255 0 0 0 18.05884309578687
5256 0 0 0 19.977570977061987
5257 0 0 0 18.044049036689103
5258 0 0 0 16.795294010080397
5259 0 0 0 17.963523976504803
5260 0 0 0 17.21039996482432
5261 0 0 0 18.82113399915397
5262 1 1279661 0.7037037 20.48301894683391
5263 1 1384153 0.7 20.439576008357108
5264 0 0 0 17.401227029040456
5265 1 1053122 0.7076923 17.726875958032906
5266 0 0 0 18.15910404548049
5267 0 0 0 18.41637899633497
5268 0 0 0 17.837348976172507
5269 0 0 0 17.52136694267392
5270 0 0 0 20.210217917338014
5271 0 0 0 19.08514299429953
5272 0 0 0 19.92941799107939
5273 1 1505889 0.703125 19.131819950416684
5274 0 0 0 18.975539947859943
5275 0 0 0 18.31104699522257
5276 0 0 0 17.30715692974627
5277 0 0 0 19.57925094757229
5278 0 0 0 17.296597943641245
5279 0 0 0 19.666698994114995
5280 0 0 0 19.305414985865355
5281 0 0 0 17.711369087919593
5282 0 0 0 16.14096702542156
5283 1 511820 0.71875 16.537568997591734
5284 0 0 0 18.50675407331437
5285 0 0 0 17.617566976696253
5286 1 1044893 0.7017544 18.379059969447553
5287 0 0 0 16.78786100819707
5288 1 1577050 0.71666664 19.412107998505235
5289 0 0 0 19.74998600780964
5290 0 0 0 18.570887972600758
5291 0 0 0 17.91081205010414
5292 0 0 0 18.015826935879886
5293 0 0 0 19.13275697734207
5294 0 0 0 18.919639056548476
5295 1 1300640 0.71428573 18.95497099030763
5296 0 0 0 19.007669994607568
5297 1 2066729 0.7058824 20.561969955451787
5298 1 1293720 0.7368421 19.227719050832093
5299 0 0 0 19.266413990408182
5300 1 1985977 0.704918 17.88692898117006
5301 0 0 0 18.909852020442486
5302 0 0 0 18.301367992535233
5303 0 0 0 20.383622962981462
5304 0 0 0 17.890583025291562
5305 0 0 0 18.67060805670917
5306 0 0 0 18.625708064064384
5307 1 1280559 0.7169811 21.151534048840404
5308 0 0 0 19.800577079877257
5309 0 0 0 20.716003025881946
5310 0 0 0 18.287714920006692
5311 0 0 0 18.6418229714036
5312 0 0 0 17.539162072353065
5313 0 0 0 20.120996981859207
5314 0 0 0 19.445869023911655
5315 0 0 0 16.381088993512094
5316 0 0 0 17.6486789714545
5317 0 0 0 19.545121002011
5318 0 0 0 19.886850961484015
5319 0 0 0 18.033968983218074
5320 0 0 0 16.949914977885783
5321 0 0 0 17.52398000098765
5322 0 0 0 19.28971102461219
5323 0 0 0 19.327325047925115
5324 0 0 0 18.996929982677102
5325 0 0 0 16.771505936048925
5326 0 0 0 18.66151497233659
5327 0 0 0 18.18052609451115
5328 0 0 0 20.22704901173711
5329 0 0 0 20.194933051243424
5330 0 0 0 18.025803961791098
5331 0 0 0 18.0440170224756
5332 0 0 0 17.234733910299838
5333 0 0 0 17.39715097937733
5334 1 986295 0.7076923 19.080355064943433
5335 0 0 0 19.97750299051404
5336 0 0 0 19.83434404246509
5337 0 0 0 16.70965098310262
5338 1 1174210 0.7017544 19.23507999163121
5339 0 0 0 21.303410991095006
5340 0 0 0 19.450088031589985
5341 0 0 0 18.58356292359531
5342 0 0 0 18.861728021875024
5343 0 0 0 17.875298974104226
5344 0 0 0 16.637983033433557
5345 1 1272281 0.875 17.351410002447665
5346 0 0 0 16.352268983609974
5347 0 0 0 15.899961930699646
5348 0 0 0 16.79719507228583
5349 0 0 0 16.320693073794246
5350 0 0 0 17.71829300560057
5351 0 0 0 17.813857994042337
5352 0 0 0 18.436123966239393
5353 0 0 0 18.402365036308765
5354 0 0 0 20.459241000935435
5355 0 0 0 18.281706958077848
5356 0 0 0 20.283665973693132
5357 1 1208808 0.7017544 20.48752596601844
5358 0 0 0 18.7634410103783
5359 0 0 0 18.866116064600646
5360 0 0 0 16.128581017255783
5361 0 0 0 15.438967966474593
5362 0 0 0 19.038539030589163
5363 0 0 0 19.906237022951245
5364 0 0 0 16.872193082235754
5365 1 1201963 0.7090909 17.980594071559608
5366 0 0 0 17.26679503917694
5367 0 0 0 18.742664018645883
5368 0 0 0 18.99838901590556
5369 0 0 0 20.004732068628073
5370 1 1347571 0.7592593 21.38697006739676
5371 0 0 0 19.77813197299838
5372 0 0 0 20.183139014989138
5373 0 0 0 17.984936013817787
5374 0 0 0 18.224705010652542
5375 0 0 0 18.981134984642267
5376 1 1346970 0.7241379 17.779298941604793
5377 0 0 0 15.6415969831869
5378 0 0 0 13.039484969340265
5379 0 0 0 15.638164011761546
5380 0 0 0 16.731717041693628
5381 0 0 0 16.969694988802075
5382 0 0 0 14.341527014039457
5383 0 0 0 16.73219504300505
5384 0 0 0 13.90010304749012
5385 0 0 0 13.215020997449756
5386 0 0 0 17.19925203360617
5387 1 1478145 0.7058824 17.614182899706066
5388 0 0 0 14.66680399607867
5389 0 0 0 17.927992972545326
5390 0 0 0 17.459127004258335
5391 0 0 0 15.805358067154884
5392 0 0 0 14.327352051623166
5393 0 0 0 15.592561103403568
5394 0 0 0 13.76245403662324
5395 0 0 0 15.514160972088575
5396 0 0 0 12.306637945584953
5397 0 0 0 16.772097907960415
5398 0 0 0 16.238591982983053
5399 0 0 0 14.825202990323305
5400 0 0 0 14.863965916447341
5401 1 1056565 0.71014494 16.518783988431096
5402 0 0 0 12.166345026344061
5403 0 0 0 17.504945979453623
5404 0 0 0 16.79302006959915
5405 0 0 0 12.939704000018537
5406 0 0 0 14.302329975180328
5407 1 790619 0.72307694 15.27941192034632
5408 0 0 0 16.81004394777119
5409 0 0 0 16.580707975663245
5410 0 0 0 15.131140942685306
5411 1 1559198 0.7058824 16.84085698798299
5412 0 0 0 12.354785925708711
5413 0 0 0 13.134244014509022
5414 0 0 0 16.18392299860716
5415 0 0 0 16.25922496896237
5416 0 0 0 16.855137888342142
5417 0 0 0 16.47408597636968
5418 0 0 0 13.524456997402012
5419 0 0 0 12.26838305592537
5420 0 0 0 15.516286017373204
5421 0 0 0 13.550436939112842
5422 0 0 0 13.198444969020784
5423 0 0 0 17.118250019848347
5424 0 0 0 15.259323990903795
5425 0 0 0 16.60280197393149
5426 0 0 0 15.444307937286794
5427 0 0 0 15.813731006346643
5428 0 0 0 14.702177024446428
5429 0 0 0 12.847903068177402
5430 0 0 0 14.307994046248496
5431 0 0 0 13.576036086305976
5432 0 0 0 15.567610040307045
5433 1 1445086 0.7164179 14.921179972589016
5434 0 0 0 13.866562047041953
5435 1 1056565 0.7205882 17.12695194873959
5436 1 416540 0.70666665 15.161633025854826
5437 0 0 0 16.264864010736346
5438 1 88384 0.7288136 16.870911000296474
5439 0 0 0 16.872224980033934
5440 1 1489212 0.7058824 14.064935967326164
5441 0 0 0 14.349023927934468
5442 0 0 0 16.777478042058647
5443 0 0 0 13.492075959220529
5444 0 0 0 13.696550042368472
5445 0 0 0 17.241219989955425
5446 0 0 0 17.119768890552223
5447 0 0 0 16.202721977606416
5448 1 1222756 0.7457627 16.677018953487277
5449 0 0 0 16.455029021017253
5450 0 0 0 15.717157977633178
5451 0 0 0 12.990716029889882
5452 0 0 0 15.623497078195214
5453 0 0 0 15.025762026198208
5454 0 0 0 15.78338595572859
5455 0 0 0 15.636882046237588
5456 0 0 0 14.332061051391065
5457 0 0 0 13.546225032769144
5458 0 0 0 16.868392005562782
5459 1 846175 0.73015875 15.162058058194816
5460 0 0 0 15.628791064955294
5461 1 1703687 0.7096774 17.353506991639733
5462 0 0 0 16.721521969884634
5463 0 0 0 17.499401001259685
5464 0 0 0 16.0987590206787
5465 0 0 0 17.355366959236562
5466 0 0 0 16.55895309522748
5467 0 0 0 13.405735022388399
5468 0 0 0 12.384286033920944
5469 0 0 0 15.089164953678846
5470 0 0 0 18.11160903889686
5471 1 1242047 0.7076923 15.537236002273858
5472 0 0 0 15.651964931748807
5473 0 0 0 14.290428021922708
5474 0 0 0 16.939549008384347
5475 0 0 0 17.03653996810317
5476 0 0 0 14.802315970882773
5477 0 0 0 15.466570970602334
5478 0 0 0 17.55512901581824
5479 0 0 0 14.79685609228909
5480 1 1142948 0.70666665 14.52715799678117
5481 0 0 0 16.546532977372408
5482 0 0 0 15.338973957113922
5483 1 1109180 0.70149255 16.47262799087912
5484 0 0 0 16.03128795977682
5485 0 0 0 15.521695022471249
5486 0 0 0 15.771265025250614
5487 0 0 0 15.625494997948408
5488 0 0 0 15.588580979965627
5489 0 0 0 14.843257027678192
5490 0 0 0 13.353741960600019
5491 0 0 0 14.576910994946957
5492 0 0 0 15.437372028827667
5493 1 2097186 0.71428573 15.21156297530979
5494 0 0 0 14.953469973988831
5495 0 0 0 13.722575036808848
5496 0 0 0 17.008405993692577
5497 1 1193291 0.70149255 16.272488981485367
5498 1 1079700 0.7058824 14.826709986664355
5499 0 0 0 16.63294993340969
5500 0 0 0 16.609103069640696
5501 0 0 0 14.05822392553091
5502 0 0 0 15.654406975954771
5503 0 0 0 15.816459082998335
5504 0 0 0 13.700993033125997
5505 1 999220 0.70149255 15.004641027189791
5506 1 1013928 0.70422536 14.655623934231699
5507 0 0 0 13.48696299828589
5508 0 0 0 12.095238082110882
5509 0 0 0 15.840417006984353
5510 0 0 0 15.610601054504514
5511 0 0 0 14.209858025424182
5512 0 0 0 15.654745977371931
5513 1 1830101 0.71428573 15.616838005371392
5514 0 0 0 13.712076004594564
5515 0 0 0 13.760122004896402
5516 0 0 0 16.424971050582826
5517 1 1949149 0.72 14.720236067660153
5518 0 0 0 15.234334976412356
5519 0 0 0 15.654937014915049
5520 0 0 0 14.659951091744006
5521 0 0 0 15.09971497580409
5522 0 0 0 17.096853931434453
5523 0 0 0 16.071895021013916
5524 0 0 0 15.574107994325459
5525 0 0 0 13.63518601283431
5526 0 0 0 15.502689988352358
5527 0 0 0 17.233296995982528
5528 0 0 0 15.021512052044272
5529 0 0 0 16.305448953062296
5530 0 0 0 15.007977024652064
5531 0 0 0 15.60582802630961
5532 0 0 0 14.392722980119288
5533 0 0 0 14.531330903992057
5534 0 0 0 18.7244419939816
5535 0 0 0 13.640027027577162
5536 0 0 0 15.702125034295022
5537 1 1654449 0.73846155 16.097778920084238
5538 1 1022939 0.70149255 13.987163081765175
5539 0 0 0 15.74140996672213
5540 0 0 0 15.458124922588468
5541 0 0 0 13.995914021506906
5542 0 0 0 13.354267925024033
5543 0 0 0 16.79811894427985
5544 0 0 0 15.35464997868985
5545 0 0 0 13.437691028229892
5546 0 0 0 13.490888057276607
5547 0 0 0 15.319255995564163
5548 0 0 0 16.28525892738253
5549 0 0 0 15.03328001126647
5550 0 0 0 14.141840976662934
5551 0 0 0 13.42871505767107
5552 0 0 0 16.19216799736023
5553 0 0 0 16.00779709406197
5554 0 0 0 17.855206038802862
5555 0 0 0 14.746948960237205
5556 0 0 0 16.598819056525826
5557 0 0 0 17.789500998333097
5558 0 0 0 16.48660795763135
5559 0 0 0 16.54705498367548
5560 0 0 0 12.770580942742527
5561 0 0 0 15.118120005354285
5562 0 0 0 16.51974895503372
5563 0 0 0 17.593903001397848
5564 0 0 0 14.0634790295735
5565 0 0 0 15.451600076630712
5566 0 0 0 16.935499967075884
5567 0 0 0 16.276095993816853
5568 0 0 0 16.852968954481184
5569 1 2093992 0.7258065 17.52491493243724
5570 0 0 0 15.540381078608334
5571 0 0 0 15.534024918451905
5572 0 0 0 11.93029002752155
5573 0 0 0 13.240152969956398
5574 1 312486 0.75757575 16.59298804588616
5575 0 0 0 16.05352701153606
5576 0 0 0 12.68728100694716
5577 1 1190784 0.7058824 16.17074792739004
5578 1 1025221 0.7205882 16.27854397520423
5579 1 1842790 0.703125 15.97982901148498
5580 0 0 0 14.987056027166545
5581 0 0 0 16.902559902518988
5582 0 0 0 12.989847105927765
5583 0 0 0 12.291063903830945
5584 0 0 0 17.1439740806818
5585 0 0 0 14.291504980064929
5586 0 0 0 16.56528003513813
5587 0 0 0 16.286946018226445
5588 0 0 0 15.479605994187295
5589 0 0 0 16.695027938112617
5590 0 0 0 13.539523002691567
5591 0 0 0 17.045850050635636
5592 0 0 0 18.35878798738122
5593 0 0 0 16.24310901388526
5594 0 0 0 17.475733999162912
5595 0 0 0 16.33937901351601
5596 0 0 0 15.591473085805774
5597 0 0 0 16.353977960534394
5598 0 0 0 17.175041022710502
5599 0 0 0 17.16120692435652
5600 0 0 0 15.836823033168912
5601 0 0 0 14.297871035523713
5602 0 0 0 16.70348399784416
5603 0 0 0 16.21517597232014
5604 0 0 0 16.871862928383052
5605 0 0 0 16.891009989194572
5606 0 0 0 13.318198965862393
5607 0 0 0 15.263078035786748
5608 0 0 0 13.562407111749053
5609 0 0 0 15.213172999210656
5610 0 0 0 16.240059048868716
5611 0 0 0 15.454312087967992
5612 0 0 0 13.929922017268836
5613 0 0 0 14.63771192356944
5614 0 0 0 15.521971974521875
5615 0 0 0 13.650547014549375
5616 0 0 0 13.689868967048824
5617 0 0 0 17.598540987819433
5618 0 0 0 16.825789934955537
5619 0 0 0 14.776315074414015
5620 0 0 0 13.78258306067437
5621 0 0 0 13.597612036392093
5622 0 0 0 12.28307792916894
5623 0 0 0 16.884563025087118
5624 0 0 0 16.860869014635682
5625 1 206161 0.7076923 14.89963405765593
5626 0 0 0 13.65662703756243
5627 1 1392488 0.70149255 15.889905043877661
5628 0 0 0 15.350245987065136
5629 0 0 0 18.381903995759785
5630 0 0 0 17.84737699199468
5631 0 0 0 16.18242298718542
5632 1 1450514 0.70149255 15.277662896551192
5633 0 0 0 14.219312928617
5634 0 0 0 15.613989904522896
5635 0 0 0 15.987923019565642
5636 0 0 0 16.077791922725737
5637 0 0 0 14.244699035771191
5638 0 0 0 17.346061998978257
5639 0 0 0 15.755948959849775
5640 0 0 0 18.62138300202787
5641 0 0 0 15.455585904419422
5642 0 0 0 16.862482065334916
5643 0 0 0 16.119017964228988
5644 1 1685835 0.72 14.782186015509069
5645 0 0 0 14.930285047739744
5646 0 0 0 18.26011890079826
5647 0 0 0 16.687087947502732
5648 0 0 0 13.889555004425347
5649 1 1484969 0.71428573 15.093287918716669
5650 0 0 0 14.446450979448855
5651 0 0 0 14.857842004857957
5652 1 1285068 0.703125 15.679962001740932
5653 0 0 0 15.716303023509681
5654 0 0 0 16.95136004127562
5655 0 0 0 15.691120061092079
5656 0 0 0 16.218384029343724
5657 0 0 0 14.0548039926216
5658 0 0 0 15.312209958210588
5659 0 0 0 17.04164093825966
5660 1 164208 0.72727275 11.79997599683702
5661 0 0 0 15.426346100866795
5662 0 0 0 14.608870958909392
5663 0 0 0 15.335340052843094
5664 1 1017620 0.7058824 16.359786968678236
5665 0 0 0 14.400775078684092
5666 0 0 0 16.180734033696353
5667 0 0 0 14.929708908312023
5668 0 0 0 16.513693961314857
5669 0 0 0 14.162437058985233
5670 0 0 0 16.04019699152559
5671 0 0 0 18.07307207491249
5672 0 0 0 15.098831965588033
5673 0 0 0 17.24960992578417
5674 1 994791 0.7164179 15.58401808142662
5675 0 0 0 12.445586966350675
5676 1 820046 0.73015875 17.896489007398486
5677 0 0 0 14.105821028351784
5678 0 0 0 17.28284591808915
5679 0 0 0 15.528441988863051
5680 0 0 0 16.88682404346764
5681 1 869850 0.7164179 16.835970105603337
5682 0 0 0 18.23278598021716
5683 0 0 0 16.402936074882746
5684 0 0 0 16.661530011333525
5685 0 0 0 16.539643984287977
5686 0 0 0 14.227999956347048
5687 0 0 0 16.1974779330194
5688 0 0 0 16.519012046046555
5689 0 0 0 13.639810029417276
5690 0 0 0 11.527583934366703
5691 0 0 0 13.658831012435257
5692 0 0 0 15.535612008534372
5693 0 0 0 13.633291935548186
5694 0 0 0 14.291892992332578
5695 1 1325376 0.70149255 15.45196701772511
5696 0 0 0 14.393203076906502
5697 0 0 0 15.391277032904327
5698 0 0 0 15.879650949500501
5699 1 1174928 0.7027027 13.52712803054601
5700 0 0 0 16.89891400747001
5701 0 0 0 15.321091981604695
5702 0 0 0 16.27776399254799
5703 1 1660287 0.7164179 14.485587016679347
5704 0 0 0 14.61667602416128
5705 0 0 0 15.39438997860998
5706 0 0 0 13.831150950863957
5707 0 0 0 15.937410993501544
5708 0 0 0 15.740339062176645
5709 0 0 0 13.795554987154901
5710 0 0 0 17.07903202623129
5711 1 1043353 0.70422536 14.203139930032194
5712 0 0 0 15.558665967546403
5713 0 0 0 17.20454206224531
5714 0 0 0 16.80085901170969
5715 0 0 0 15.56058891583234
5716 0 0 0 15.005983994342387
5717 0 0 0 14.197202981449664
5718 1 1424761 0.71428573 16.17190893739462
5719 0 0 0 13.333603041246533
5720 0 0 0 14.287421014159918
5721 0 0 0 16.323083080351353
5722 1 1430735 0.72307694 16.861719079315662
5723 1 1200376 0.7205882 16.503366990946233
5724 0 0 0 14.642830938100815
5725 1 404009 0.72 13.905323925428092
5726 0 0 0 13.491595978848636
5727 0 0 0 16.72878791578114
5728 0 0 0 15.543989022262394
5729 0 0 0 14.302571071311831
5730 0 0 0 13.671098044142127
5731 0 0 0 12.946258997544646
5732 0 0 0 16.13380399066955
5733 0 0 0 12.114798999391496
5734 0 0 0 14.597264933399856
5735 0 0 0 13.607662986032665
5736 0 0 0 13.654479058459401
5737 0 0 0 18.643329036422074
5738 0 0 0 15.512948972173035
5739 0 0 0 13.039360987022519
5740 0 0 0 13.819727930240333
5741 0 0 0 16.43572305329144
5742 0 0 0 17.89384300354868
5743 0 0 0 14.540462987497449
5744 0 0 0 17.92368304450065
5745 1 1038956 0.7205882 13.59436591155827
5746 1 1026209 0.7205882 17.02266396023333
5747 0 0 0 16.200980986468494
5748 1 1422384 0.7164179 13.615377945825458
5749 0 0 0 14.273719978518784
5750 0 0 0 16.619885922409594
5751 0 0 0 16.189232002943754
5752 0 0 0 15.78906096983701
5753 0 0 0 17.10642804391682
5754 0 0 0 15.45741397421807
5755 0 0 0 16.196197946555912
5756 0 0 0 13.668688014149666
5757 1 1103885 0.7083333 14.535752008669078
5758 0 0 0 14.922378002665937
5759 0 0 0 15.06091991905123
5760 0 0 0 16.818852978758514
5761 0 0 0 17.26412505377084
5762 0 0 0 15.642206999473274
5763 0 0 0 14.978396007791162
5764 0 0 0 15.17581904772669
5765 0 0 0 15.717494999989867
5766 1 1597695 0.70666665 12.319013010710478
5767 0 0 0 16.214146045967937
5768 0 0 0 16.993975033983588
5769 0 0 0 16.605421900749207
5770 0 0 0 16.902211005799472
5771 0 0 0 15.46332600992173
5772 0 0 0 16.198863042518497
5773 0 0 0 16.15203998517245
5774 1 1627283 0.70149255 16.06848102528602
5775 0 0 0 15.933035989291966
5776 0 0 0 15.128486906178296
5777 0 0 0 17.261536908335984
5778 0 0 0 17.726147081702948
5779 0 0 0 16.91251900047064
5780 0 0 0 15.838652034290135
5781 0 0 0 15.387405059300363
5782 0 0 0 15.948579995892942
5783 0 0 0 14.391578966751695
5784 0 0 0 14.964257017709315
5785 0 0 0 14.99656296800822
5786 0 0 0 12.006776058115065
5787 1 1462402 0.7121212 13.538295985199511
5788 0 0 0 15.542983077466488
5789 1 1111711 0.7105263 11.48915197700262
5790 0 0 0 13.36767803877592
5791 0 0 0 13.720195973291993
5792 0 0 0 16.038806992582977
5793 1 1085987 0.7083333 13.649511965923011
5794 0 0 0 15.006182948127389
5795 0 0 0 15.461066970601678
5796 0 0 0 17.30943890288472
5797 0 0 0 17.05293799750507
5798 0 0 0 17.554747057147324
5799 1 640983 0.70149255 15.096227987669408
5800 0 0 0 14.216596959158778
5801 0 0 0 15.452635008841753
5802 0 0 0 15.227804076857865
5803 0 0 0 15.867678099311888
5804 0 0 0 15.740160015411675
5805 1 1293387 0.72602737 15.026559005491436
5806 0 0 0 15.162179013714194
5807 0 0 0 16.26560592558235
5808 0 0 0 15.862422995269299
5809 1 2140761 0.7205882 14.666389091871679
5810 0 0 0 15.538891078904271
5811 0 0 0 12.293313979171216
5812 0 0 0 12.319053057581186
5813 0 0 0 13.891634065657854
5814 0 0 0 13.55793105904013
5815 0 0 0 15.535837970674038
5816 0 0 0 17.852710094302893
5817 0 0 0 14.887664001435041
5818 1 1143597 0.7083333 15.711246989667416
5819 0 0 0 16.2854470545426
5820 0 0 0 16.69025793671608
5821 0 0 0 16.152922995388508
5822 0 0 0 14.354213955812156
5823 0 0 0 14.39198397565633
5824 0 0 0 16.096169943921268
5825 0 0 0 15.135447960346937
5826 0 0 0 15.328843030147254
5827 1 1083444 0.72307694 15.182228991761804
5828 0 0 0 14.822133001871407
5829 0 0 0 14.35623795259744
5830 0 0 0 15.687371022067964
5831 0 0 0 16.197061981074512
5832 0 0 0 15.2319660410285
5833 0 0 0 16.765729058533907
5834 0 0 0 16.18813897948712
5835 0 0 0 16.285077086649835
5836 1 1422390 0.72131145 17.037344980053604
5837 0 0 0 15.954944072291255
5838 1 998973 0.7058824 14.995835954323411
5839 1 648693 0.7058824 13.779116910882294
5840 0 0 0 17.309665912762284
5841 0 0 0 15.586336958222091
5842 0 0 0 13.69180204346776
5843 1 1769400 0.7076923 15.537939965724945
5844 0 0 0 17.192550003528595
5845 0 0 0 15.583871048875153
5846 0 0 0 13.604918029159307
5847 0 0 0 15.659052995033562
5848 0 0 0 12.32195703778416
5849 0 0 0 15.489856014028192
5850 1 281150 0.7692308 13.885651947930455
5851 0 0 0 17.502227914519608
5852 0 0 0 17.564770998433232
5853 1 1003943 0.70422536 15.369844040833414
5854 0 0 0 16.818895004689693
5855 0 0 0 14.432981028221548
5856 0 0 0 16.381817986257374
5857 0 0 0 16.305317054502666
5858 0 0 0 15.856315032579005
5859 0 0 0 17.069270950742066
5860 0 0 0 16.16608805488795
5861 1 1469189 0.7 13.428231002762914
5862 0 0 0 15.243475907482207
5863 0 0 0 15.424160985276103
5864 0 0 0 13.293380965478718
5865 0 0 0 14.420969993807375
5866 0 0 0 14.957055915147066
5867 0 0 0 14.945634989999235
5868 1 1571820 0.7432432 13.196942978538573
5869 0 0 0 15.424001030623913
5870 0 0 0 13.759386027231812
5871 0 0 0 16.35042205452919
5872 0 0 0 14.607217977754772
5873 1 1703687 0.71428573 17.716981004923582
5874 0 0 0 14.793763984926045
5875 0 0 0 15.70404798258096
5876 0 0 0 15.008955961093307
5877 1 1355380 0.7058824 10.307682096026838
5878 0 0 0 13.593646930530667
5879 0 0 0 8.85024992749095
5880 1 1447804 0.7307692 10.797421913594007
5881 1 990329 0.7012987 13.018182013183832
5882 0 0 0 10.305915959179401
5883 1 883062 0.70666665 11.985501041635871
5884 0 0 0 7.494129939004779
5885 1 1685835 0.71428573 12.306054006330669
5886 0 0 0 8.765299920924008
5887 0 0 0 9.055038914084435
5888 0 0 0 10.730721987783909
5889 0 0 0 11.58810907509178
5890 1 417913 0.7027027 10.975112090818584
5891 0 0 0 8.232007967308164
5892 0 0 0 12.56243500392884
5893 0 0 0 8.410613983869553
5894 0 0 0 11.06042810715735
5895 0 0 0 11.713332962244749
5896 0 0 0 11.288769892416894
5897 1 805028 0.72727275 12.55939097609371
5898 0 0 0 11.178630986250937
5899 0 0 0 9.748034994117916
5900 1 1968741 0.70666665 12.583541101776063
5901 0 0 0 10.316755971871316
5902 0 0 0 8.357914979569614
5903 0 0 0 8.893291000276804
5904 1 1186478 0.72 12.202203972265124
5905 0 0 0 12.29388196952641
5906 0 0 0 9.844593005254865
5907 0 0 0 11.647981009446084
5908 1 990571 0.7051282 13.605081010609865
5909 0 0 0 14.469216926954687
5910 1 1533362 0.7183099 16.294869012199342
5911 1 551953 0.7051282 12.944953981786966
5912 0 0 0 14.02251108083874
5913 0 0 0 12.522536097094417
5914 0 0 0 14.352940022945404
5915 0 0 0 12.83290097489953
5916 0 0 0 12.483341968618333
5917 0 0 0 10.056791012175381
5918 0 0 0 12.46713800355792
5919 0 0 0 11.31955801974982
5920 0 0 0 10.67096192855388
5921 1 1806038 0.7012987 11.815416044555604
5922 0 0 0 12.608269928023219
5923 0 0 0 11.142872972413898
5924 0 0 0 12.981324107386172
5925 1 222186 0.721519 10.397940990515053
5926 0 0 0 10.322702000848949
5927 0 0 0 11.089583043940365
5928 0 0 0 11.00680895615369
5929 0 0 0 10.450577945448458
5930 0 0 0 10.291429003700614
5931 0 0 0 12.637968990020454
5932 1 1184677 0.72619045 7.714995997957885
5933 0 0 0 11.542547959834337
5934 0 0 0 12.217679992318153
5935 0 0 0 8.902862900868058
5936 0 0 0 10.939921950921416
5937 0 0 0 10.413316078484058
5938 0 0 0 12.28263694792986
5939 0 0 0 10.96224703360349
5940 0 0 0 11.641468037851155
5941 0 0 0 11.004155967384577
5942 0 0 0 11.288277106359601
5943 0 0 0 12.10656890179962
5944 0 0 0 12.96934497077018
5945 0 0 0 9.89668897818774
5946 0 0 0 12.586342985741794
5947 0 0 0 14.298081980086863
5948 1 1984582 0.7285714 14.160490012727678
5949 0 0 0 12.378248968161643
5950 0 0 0 13.909814995713532
5951 0 0 0 10.909941978752613
5952 0 0 0 10.591311031021178
5953 0 0 0 13.018780038692057
5954 0 0 0 11.437678011134267
5955 0 0 0 9.31663904339075
5956 0 0 0 10.638935025781393
5957 1 129091 0.7012987 9.28445893805474
5958 1 841581 0.72619045 8.675668039359152
5959 0 0 0 8.55056697037071
5960 0 0 0 11.434919899329543
5961 0 0 0 10.050151031464338
5962 1 1968349 0.7051282 11.50028093252331
5963 0 0 0 11.379245086573064
5964 0 0 0 11.380865005776286
5965 0 0 0 11.550777009688318
5966 0 0 0 11.728996993042529
5967 0 0 0 14.154347009025514
5968 0 0 0 15.208806027658284
5969 1 844967 0.7037037 12.233941000886261
5970 0 0 0 10.340226930566132
5971 0 0 0 9.005679050460458
5972 0 0 0 9.771408047527075
5973 0 0 0 13.505083043128252
5974 0 0 0 12.481834972277284
5975 0 0 0 12.756453012116253
5976 0 0 0 13.483943999744952
5977 0 0 0 12.418049038387835
5978 0 0 0 8.122666040435433
5979 0 0 0 9.224373963661492
5980 0 0 0 8.887598989531398
5981 0 0 0 12.15160998981446
5982 0 0 0 12.593209045007825
5983 0 0 0 11.005499050952494
5984 0 0 0 10.349701973609626
5985 0 0 0 12.775372946634889
5986 0 0 0 11.677457951009274
5987 1 1091512 0.7209302 7.704618037678301
5988 0 0 0 8.792657987214625
5989 0 0 0 12.56127399392426
5990 0 0 0 13.225018978118896
5991 0 0 0 11.380365933291614
5992 0 0 0 12.897116015665233
5993 0 0 0 11.695427005179226
5994 0 0 0 11.118344031274319
5995 0 0 0 11.901692021638155
5996 0 0 0 10.96967002376914
5997 1 1009462 0.7011494 8.921790984459221
5998 1 1081667 0.73333335 11.053447960875928
5999 1 453504 0.725 12.138234917074442
6000 0 0 0 10.061400942504406
6001 0 0 0 12.564182979986072
6002 0 0 0 13.013359974138439
6003 1 1448452 0.71428573 10.256360052153468
6004 1 1091869 0.7125 10.18046191893518
6005 1 1542732 0.71428573 10.165141080506146
6006 0 0 0 13.026456930674613
6007 1 1140657 0.73170733 9.630989050492644
6008 0 0 0 11.969981016591191
6009 0 0 0 7.62488495092839
6010 0 0 0 13.32685409579426
6011 0 0 0 11.7743139853701
6012 0 0 0 10.292722028680146
6013 0 0 0 8.252128027379513
6014 1 417913 0.7222222 12.263874989002943
6015 0 0 0 11.601689038798213
6016 0 0 0 11.603181017562747
6017 0 0 0 11.082733981311321
6018 0 0 0 11.828913004137576
6019 0 0 0 12.609174009412527
6020 0 0 0 12.387961964122951
6021 0 0 0 12.155354954302311
6022 0 0 0 10.354124940931797
6023 0 0 0 10.409071925096214
6024 0 0 0 12.563739088363945
6025 0 0 0 11.59124996047467
6026 0 0 0 13.392462045885623
6027 1 1344861 0.73417723 12.575772008858621
6028 1 709002 0.7307692 11.771925957873464
6029 0 0 0 11.760908062569797
6030 0 0 0 10.293525992892683
6031 1 588684 0.72602737 13.996012974530458
6032 0 0 0 11.451277998276055
6033 0 0 0 11.369000072591007
6034 0 0 0 10.080922045744956
6035 0 0 0 11.643584002740681
6036 0 0 0 12.355100014247
6037 0 0 0 9.576220065355301
6038 0 0 0 11.812890064902604
6039 0 0 0 12.489310000091791
6040 0 0 0 11.406276957131922
6041 0 0 0 11.634715017862618
6042 0 0 0 13.415312976576388
6043 0 0 0 13.305568019859493
6044 0 0 0 11.694098939187825
6045 0 0 0 12.552591040730476
6046 0 0 0 11.95088995154947
6047 0 0 0 9.07824991736561
6048 0 0 0 7.860707002691925
6049 1 1974372 0.7125 11.332766036503017
6050 0 0 0 11.66439801454544
6051 0 0 0 10.96944697201252
6052 0 0 0 12.506599072366953
6053 0 0 0 11.62311399821192
6054 0 0 0 10.457708965986967
6055 0 0 0 13.483584974892437
6056 0 0 0 11.835747980512679
6057 0 0 0 9.636332048103213
6058 0 0 0 7.793260971084237
6059 0 0 0 11.345820035785437
6060 0 0 0 10.25437901262194
6061 0 0 0 9.569839923642576
6062 0 0 0 11.53429807163775
6063 0 0 0 13.498033047653735
6064 0 0 0 12.700441060587764
6065 1 712778 0.72 12.335691950283945
6066 0 0 0 12.39088294096291
6067 0 0 0 10.61730191577226
6068 0 0 0 11.858045938424766
6069 0 0 0 11.963873985223472
6070 0 0 0 13.351936009712517
6071 0 0 0 12.56460603326559
6072 0 0 0 13.912989990785718
6073 0 0 0 13.970394036732614
6074 0 0 0 13.610615977086127
6075 1 709002 0.7307692 12.022164999507368
6076 0 0 0 12.077008024789393
6077 0 0 0 10.460520978085697
6078 1 1984582 0.7083333 11.704848031513393
6079 0 0 0 10.86070598103106
6080 0 0 0 12.616730062291026
6081 0 0 0 9.076757007278502
6082 0 0 0 11.290961992926896
6083 0 0 0 9.684777003712952
6084 0 0 0 11.080439086072147
6085 0 0 0 10.626112925820053
6086 0 0 0 14.105932088568807
6087 1 222186 0.7 10.453340015374124
6088 0 0 0 10.453992057591677
6089 0 0 0 11.223253095522523
6090 0 0 0 13.149773003533483
6091 0 0 0 12.537446105852723
6092 1 533333 0.7307692 10.564776021055877
6093 0 0 0 13.543381006456912
6094 0 0 0 14.567195903509855
6095 0 0 0 11.303350911475718
6096 0 0 0 10.566734941676259
6097 0 0 0 12.340627028606832
6098 1 1318526 0.7058824 12.67297100275755
6099 0 0 0 12.670620926655829
6100 0 0 0 10.665934067219496
6101 0 0 0 13.851684052497149
6102 0 0 0 8.853829000145197
6103 0 0 0 11.147035984322429
6104 0 0 0 10.943204979412258
6105 0 0 0 8.855600957758725
6106 0 0 0 11.747783981263638
6107 0 0 0 12.418008991517127
6108 1 365411 0.7160494 11.650401982478797
6109 0 0 0 12.326786061748862
6110 0 0 0 8.368727983906865
6111 0 0 0 12.680181069299579
6112 0 0 0 9.737850981764495
6113 0 0 0 12.297445093281567
6114 0 0 0 11.087140068411827
6115 0 0 0 11.51860598474741
6116 1 532088 0.7236842 13.663733028806746
6117 0 0 0 11.476841056719422
6118 0 0 0 11.000743019394577
6119 0 0 0 12.64899899251759
6120 0 0 0 10.667330934666097
6121 0 0 0 11.429094010964036
6122 1 1375876 0.73417723 12.772705988027155
6123 0 0 0 9.299742989242077
6124 1 1082390 0.72289157 9.780243039131165
6125 1 938694 0.7126437 10.394664946943521
6126 0 0 0 12.792148976586759
6127 0 0 0 11.886021005921066
6128 0 0 0 12.0241220574826
6129 0 0 0 13.541377033106983
6130 1 1457084 0.71428573 13.62833904568106
6131 0 0 0 11.977786081843078
6132 0 0 0 11.11810200382024
6133 0 0 0 12.354464968666434
6134 1 1026359 0.7037037 8.301869966089725
6135 0 0 0 9.563080966472626
6136 0 0 0 13.674697955138981
6137 0 0 0 9.487575036473572
6138 0 0 0 8.93400504719466
6139 0 0 0 13.62703402992338
6140 0 0 0 13.388359919190407
6141 0 0 0 12.910753954201937
6142 1 1186478 0.71428573 11.799445957876742
6143 1 1079407 0.7195122 9.592187008820474
6144 0 0 0 11.651509907096624
6145 0 0 0 11.400891002267599
6146 0 0 0 12.695188052020967
6147 0 0 0 13.020779006183147
6148 0 0 0 9.713270934298635
6149 1 1496556 0.7105263 12.775594019331038
6150 0 0 0 9.79303801432252
6151 0 0 0 13.570697046816349
6152 0 0 0 12.083390960469842
6153 0 0 0 12.285572942346334
6154 0 0 0 11.107775964774191
6155 0 0 0 13.822961947880685
6156 0 0 0 12.722442974336445
6157 0 0 0 9.527900954708457
6158 0 0 0 9.554034913890064
6159 0 0 0 9.591564070433378
6160 0 0 0 10.902469046413898
6161 0 0 0 10.884750983677804
6162 1 1461957 0.7 8.858697023242712
6163 0 0 0 13.045605970546603
6164 0 0 0 13.9578259550035
6165 0 0 0 9.683304000645876
6166 0 0 0 10.654050973244011
6167 0 0 0 14.76299308706075
6168 1 1519305 0.70666665 14.55375598743558
6169 0 0 0 12.671908014453948
6170 0 0 0 15.966637060046196
6171 0 0 0 14.479011064395308
6172 0 0 0 14.695411082357168
6173 1 551953 0.7051282 12.420624028891325
6174 0 0 0 11.6063819732517
6175 0 0 0 12.204198050312698
6176 0 0 0 11.987615027464926
6177 1 1011208 0.7407407 12.033764971420169
6178 1 990571 0.7012987 12.540022959001362
6179 0 0 0 11.456512962467968
6180 0 0 0 9.920685086399317
6181 1 1533153 0.70666665 11.976351030170918
6182 0 0 0 14.814655994996428
6183 1 1622447 0.7 14.398326049558818
6184 0 0 0 14.203809085302055
6185 0 0 0 12.517969007603824
6186 0 0 0 12.39353499840945
6187 0 0 0 12.08641694393009
6188 0 0 0 10.282824048772454
6189 0 0 0 10.697216959670186
6190 0 0 0 10.036851977929473
6191 0 0 0 11.466644937172532
6192 0 0 0 12.76305306237191
6193 1 1082390 0.7011494 8.131051086820662
6194 0 0 0 15.686798957176507
6195 0 0 0 12.514431960880756
6196 0 0 0 13.09577189385891
6197 0 0 0 12.908410979434848
6198 0 0 0 12.600965914316475
6199 0 0 0 11.79716200567782
6200 1 984664 0.7468355 11.790027027018368
6201 0 0 0 10.518601979129016
6202 0 0 0 11.812953045591712
6203 1 731410 0.70422536 12.849755003117025
6204 0 0 0 13.14178400207311
6205 0 0 0 9.999773930758238
6206 0 0 0 11.708759004250169
6207 0 0 0 11.5406250115484
6208 0 0 0 10.335323051549494
6209 0 0 0 9.973214007914066
6210 0 0 0 11.958152055740356
6211 0 0 0 14.981740969233215
6212 0 0 0 11.678263894282281
6213 1 667872 0.73493975 11.209961026906967
6214 0 0 0 12.77043204754591
6215 0 0 0 14.068355085328221
6216 0 0 0 12.313509010709822
6217 0 0 0 12.772738002240658
6218 0 0 0 9.275497985072434
6219 0 0 0 14.01182496920228
6220 0 0 0 12.839550036005676
6221 0 0 0 10.941623011603951
6222 0 0 0 11.114384047687054
6223 0 0 0 9.619395015761256
6224 0 0 0 13.580725062638521
6225 0 0 0 9.779909043572843
6226 0 0 0 9.702153969556093
6227 0 0 0 10.478524956852198
6228 1 1571028 0.7183099 15.040418016724288
6229 1 2016571 0.72 10.979786049574614
6230 0 0 0 12.814235989935696
6231 0 0 0 13.347244006581604
6232 0 0 0 10.74302801862359
6233 1 1411515 0.7083333 12.36567401792854
6234 0 0 0 12.348963064141572
6235 0 0 0 13.562562060542405
6236 0 0 0 14.451683964580297
6237 0 0 0 9.533106000162661
6238 0 0 0 10.927718947641551
6239 1 1412728 0.7083333 12.639424065127969
6240 0 0 0 11.179315974004567
6241 0 0 0 12.536316993646324
6242 0 0 0 13.063269085250795
6243 1 1079407 0.71428573 7.745431968942285
6244 0 0 0 9.743222035467625
6245 0 0 0 14.274593093432486
6246 0 0 0 9.46705904789269
6247 0 0 0 8.884532959200442
6248 0 0 0 10.25101006962359
6249 0 0 0 11.925216997042298
6250 0 0 0 11.94453495554626
6251 0 0 0 13.519289088435471
6252 0 0 0 10.907151969149709
6253 0 0 0 11.588644003495574
6254 0 0 0 10.932679986581206
6255 0 0 0 11.089859995990992
6256 1 1084124 0.7037037 10.736468015238643
6257 1 234623 0.72602737 14.002886018715799
6258 0 0 0 12.74675305467099
6259 0 0 0 12.173830065876245
6260 1 825513 0.7011494 8.434686926193535
6261 0 0 0 9.63665300514549
6262 0 0 0 11.180774075910449
6263 0 0 0 14.351897989399731
6264 0 0 0 14.232195913791656
6265 0 0 0 11.600741068832576
6266 0 0 0 10.139886988326907
6267 0 0 0 11.376152979210019
6268 0 0 0 12.304653995670378
6269 0 0 0 11.835803976282477
6270 1 1439436 0.7012987 12.014052015729249
6271 0 0 0 9.62854700628668
6272 0 0 0 12.295875931158662
6273 0 0 0 9.554076939821243
6274 0 0 0 12.320713023655117
6275 0 0 0 9.597089956514537
6276 0 0 0 15.112394001334906
6277 0 0 0 12.015037005767226
6278 0 0 0 8.541577029973269
6279 0 0 0 11.503896093927324
6280 0 0 0 8.850646088831127
6281 0 0 0 10.912975994870067
6282 0 0 0 10.872515966184437
6283 0 0 0 9.600640973076224
6284 0 0 0 12.550884974189103
6285 0 0 0 12.88769394159317
6286 0 0 0 12.691620970144868
6287 0 0 0 12.439958984032273
6288 1 749103 0.7083333 12.2819539392367
6289 0 0 0 11.577922967262566
6290 0 0 0 13.243298046290874
6291 0 0 0 11.730197933502495
6292 0 0 0 13.924536993727088
6293 0 0 0 11.343657039105892
6294 0 0 0 14.36616200953722
6295 0 0 0 12.762412894517183
6296 0 0 0 10.22530801128596
6297 0 0 0 11.386150028556585
6298 0 0 0 11.472358019091189
6299 0 0 0 12.917159940116107
6300 0 0 0 9.167056065052748
6301 1 1481658 0.70886075 10.736319003626704
6302 0 0 0 12.515485053882003
6303 0 0 0 13.578317943029106
6304 1 1411488 0.7162162 11.850698036141694
6305 0 0 0 11.245070956647396
6306 0 0 0 10.902510955929756
6307 1 999321 0.7011494 7.138920947909355
6308 0 0 0 12.659778003580868
6309 0 0 0 12.000347021967173
6310 1 1803769 0.7051282 10.429424000903964
6311 0 0 0 13.583483989350498
6312 0 0 0 12.485150946304202
6313 0 0 0 11.657024966552854
6314 0 0 0 11.588481022045016
6315 0 0 0 13.125793891958892
6316 0 0 0 11.571689043194056
6317 0 0 0 11.2411689478904
6318 1 1332786 0.72619045 10.863277013413608
6319 0 0 0 7.819611928425729
6320 1 1692803 0.72 12.302269926294684
6321 0 0 0 12.471649912185967
6322 0 0 0 10.537622962146997
6323 0 0 0 11.836663936264813
6324 0 0 0 12.531790067441761
6325 0 0 0 10.893034981563687
6326 0 0 0 11.562770931050181
6327 1 1984582 0.7083333 12.155961012467742
6328 1 1984582 0.7083333 12.52607605420053
6329 0 0 0 13.399226940236986
6330 0 0 0 12.532335007563233
6331 0 0 0 10.87329094298184
6332 0 0 0 9.11379896569997
6333 0 0 0 12.691807933151722
6334 0 0 0 10.02720498945564
6335 0 0 0 12.334541068412364
6336 0 0 0 14.22696199733764
6337 0 0 0 8.703136001713574
6338 0 0 0 11.359052965417504
6339 0 0 0 9.919365984387696
6340 0 0 0 7.975772023200989
6341 0 0 0 11.554382042959332
6342 1 1332786 0.7590361 11.227442068047822
6343 0 0 0 12.810991960577667
6344 0 0 0 12.002733070403337
6345 1 856919 0.7105263 11.121210060082376
6346 0 0 0 12.227455037645996
6347 1 1509983 0.7027027 13.011790113523602
6348 0 0 0 10.97574399318546
6349 0 0 0 10.250876075588167
6350 0 0 0 11.631252011284232
6351 0 0 0 12.83318200148642
6352 1 453504 0.725 12.04258797224611
6353 0 0 0 11.655783047899604
6354 0 0 0 11.54657092411071
6355 0 0 0 14.346070005558431
6356 1 1571821 0.70238096 8.942767046391964
6357 1 222186 0.71428573 12.502079945988953
6358 0 0 0 12.715761899016798
6359 0 0 0 12.922515976242721
6360 0 0 0 10.065626003779471
6361 0 0 0 12.727986904792488
6362 0 0 0 10.651879012584686
6363 0 0 0 12.773461057804525
6364 0 0 0 10.873474064283073
6365 1 817377 0.7 10.610481025651097
6366 0 0 0 12.04381708521396
6367 0 0 0 9.017745964229107
6368 0 0 0 10.8441689517349
6369 0 0 0 8.239037008024752
6370 0 0 0 11.91188395023346
6371 0 0 0 11.641500983387232
6372 0 0 0 11.606764048337936
6373 1 1781655 0.7093023 8.316633058711886
6374 0 0 0 10.861449060030282
6375 0 0 0 9.006542968563735
6376 0 0 0 13.331638067029417
6377 0 0 0 6.4319680677726865
6378 1 1572279 0.7195122 8.12825106550008
6379 0 0 0 8.990361005999148
6380 0 0 0 6.119508994743228
6381 0 0 0 5.0856980960816145
6382 1 407191 0.7162162 8.678924990817904
6383 1 1009462 0.71910113 6.539084017276764
6384 1 407191 0.7162162 9.576931013725698
6385 0 0 0 9.050093940459192
6386 0 0 0 8.424483938142657
6387 1 1971525 0.70731705 9.235689067281783
6388 0 0 0 8.308179909363389
6389 0 0 0 5.580491037108004
6390 0 0 0 5.472454940900207
6391 0 0 0 7.095232023857534
6392 0 0 0 9.600771008990705
6393 0 0 0 8.867337950505316
6394 1 1041172 0.73493975 9.650813997723162
6395 0 0 0 6.523880991153419
6396 0 0 0 6.535894004628062
6397 0 0 0 8.252843981608748
6398 0 0 0 8.212564047425985
6399 0 0 0 7.699843030422926
6400 0 0 0 9.328966960310936
6401 0 0 0 7.424826035276055
6402 1 400210 0.7234042 6.314301979728043
6403 1 407191 0.70666665 9.128059959039092
6404 0 0 0 6.152758956886828
6405 0 0 0 7.74574198294431
6406 1 407191 0.7162162 8.940936997532845
6407 0 0 0 7.6451810309663415
6408 0 0 0 7.604819955304265
6409 0 0 0 7.154182065278292
6410 1 1191367 0.70454544 7.142435060814023
6411 0 0 0 7.651522988453507
6412 0 0 0 6.031887023709714
6413 0 0 0 6.590171018615365
6414 0 0 0 7.699482957832515
6415 0 0 0 7.029691943898797
6416 0 0 0 7.721886038780212
6417 0 0 0 8.98881396278739
6418 1 1077466 0.72043014 7.289482979103923
6419 0 0 0 5.510521004907787
6420 0 0 0 7.0594120770692825
6421 0 0 0 7.192178047262132
6422 0 0 0 8.229180006310344
6423 0 0 0 9.273192030377686
6424 1 1714288 0.7011494 7.173336925916374
6425 1 407191 0.7162162 9.812503005377948
6426 0 0 0 6.091399933211505
6427 0 0 0 8.192487061023712
6428 0 0 0 8.096616016700864
6429 0 0 0 7.572158006951213
6430 0 0 0 7.4333889642730355
6431 0 0 0 5.8784750290215015
6432 0 0 0 6.187011953443289
6433 0 0 0 7.269878056831658
6434 0 0 0 6.055384059436619
6435 1 999321 0.70454544 6.7278670612722635
6436 1 1226791 0.73170733 9.219518047757447
6437 0 0 0 8.583258022554219
6438 0 0 0 5.78467408195138
6439 0 0 0 6.7212419817224145
6440 0 0 0 6.235905922949314
6441 0 0 0 7.905535981990397
6442 0 0 0 7.733047008514404
6443 1 1974076 0.7307692 8.804626995697618
6444 0 0 0 9.102679090574384
6445 0 0 0 7.927321013994515
6446 0 0 0 6.202562013641
6447 1 1943211 0.7037037 7.072639069519937
6448 1 1009462 0.73255813 8.41782905627042
6449 0 0 0 6.639124010689557
6450 0 0 0 6.136081996373832
6451 0 0 0 7.2005209513008595
6452 1 938694 0.7032967 7.725546020083129
6453 0 0 0 5.651957937516272
6454 0 0 0 5.65708102658391
6455 0 0 0 6.605647038668394
6456 1 1974076 0.7307692 8.883250993676484
6457 0 0 0 8.22877197060734
6458 0 0 0 7.070231018587947
6459 0 0 0 7.712673977948725
6460 0 0 0 7.63205299153924
6461 0 0 0 7.822699029929936
6462 0 0 0 6.174253998324275
6463 0 0 0 8.61555605661124
6464 0 0 0 6.285492097958922
6465 0 0 0 5.676604923792183
6466 0 0 0 8.383356966078281
6467 0 0 0 8.14191298559308
6468 0 0 0 7.0686559192836285
6469 0 0 0 6.940563907846808
6470 0 0 0 7.109945057891309
6471 0 0 0 8.761611999943852
6472 1 1949433 0.74025977 10.146526037715375
6473 0 0 0 8.206262020394206
6474 0 0 0 6.758296978659928
6475 0 0 0 8.640858926810324
6476 0 0 0 5.7077170349657536
6477 0 0 0 9.123321971856058
6478 0 0 0 9.760335087776184
6479 0 0 0 6.9360240595415235
6480 1 407191 0.7162162 8.843263960443437
6481 0 0 0 8.918597013689578
6482 0 0 0 8.263077004812658
6483 0 0 0 6.610752083361149
6484 0 0 0 6.621115026064217
6485 0 0 0 5.631073960103095
6486 1 1009462 0.7078652 6.54997699894011
6487 1 407191 0.7162162 8.836991037242115
6488 0 0 0 5.586916930042207
6489 0 0 0 8.872327045537531
6490 0 0 0 7.671225001104176
6491 1 981218 0.71428573 7.6647939858958125
6492 0 0 0 4.4793239794671535
6493 0 0 0 5.940056988038123
6494 0 0 0 5.92551298905164
6495 0 0 0 5.9508359991014
6496 0 0 0 8.179994067177176
6497 0 0 0 7.566459011286497
6498 0 0 0 7.144728093408048
6499 0 0 0 8.472186047583818
6500 0 0 0 6.652743904851377
6501 1 1974076 0.7307692 8.956730016507208
6502 0 0 0 6.607009912841022
6503 0 0 0 8.345347945578396
6504 0 0 0 7.610496017150581
6505 0 0 0 8.185239974409342
6506 0 0 0 10.25684003252536
6507 1 400210 0.7234042 7.0492790546268225
6508 0 0 0 6.989126093685627
6509 0 0 0 8.788809063844383
6510 0 0 0 7.466279901564121
6511 0 0 0 9.239049977622926
6512 0 0 0 8.003383059985936
6513 1 838895 0.72619045 8.612034958787262
6514 1 1945002 0.7010309 5.3106899140402675
6515 0 0 0 7.053294917568564
6516 0 0 0 6.943307933397591
6517 1 400210 0.7659575 5.0924570532515645
6518 0 0 0 6.796359899453819
6519 1 1888619 0.70731705 8.420881000347435
6520 0 0 0 6.754977046512067
6521 0 0 0 8.356499020010233
6522 0 0 0 9.689794038422406
6523 1 863893 0.7532467 10.24324691388756
6524 0 0 0 8.369116927497089
6525 0 0 0 7.626981008797884
6526 0 0 0 6.5674129873514175
6527 1 1093245 0.71276593 6.556825013831258
6528 1 1137675 0.7263158 5.162440938875079
6529 0 0 0 6.182639976032078
6530 0 0 0 8.40091600548476
6531 0 0 0 7.360234041698277
6532 0 0 0 5.726813920773566
6533 0 0 0 6.374771939590573
6534 0 0 0 7.867941982112825
6535 0 0 0 8.188412990421057
6536 0 0 0 5.876899929717183
6537 0 0 0 8.190921042114496
6538 0 0 0 9.470687014982104
6539 1 838895 0.7011494 8.307626936584711
6540 0 0 0 5.928864004090428
6541 0 0 0 7.829239941202104
6542 0 0 0 7.295129005797207
6543 0 0 0 7.2416209150105715
6544 0 0 0 7.126368000172079
6545 0 0 0 5.4869960295036435
6546 1 655803 0.75 6.654400029219687
6547 0 0 0 8.31582397222519
6548 0 0 0 7.616529939696193
6549 0 0 0 6.455212947912514
6550 0 0 0 5.520623992197216
6551 0 0 0 5.580383003689349
6552 0 0 0 7.0391870103776455
6553 0 0 0 8.020069915801287
6554 1 1558157 0.7209302 7.1679920656606555
6555 1 1344211 0.79761904 8.388743968680501
6556 0 0 0 7.799103041179478
6557 0 0 0 6.577717023901641
6558 0 0 0 6.067479029297829
6559 0 0 0 8.369449060410261
6560 1 1058927 0.7058824 7.650033920072019
6561 0 0 0 8.347367984242737
6562 1 822534 0.70731705 9.715066058561206
6563 1 17454 0.72619045 5.217281985096633
6564 0 0 0 7.6916159596294165
6565 1 1101338 0.70454544 7.731507997959852
6566 0 0 0 8.434631046839058
6567 0 0 0 6.441395031288266
6568 0 0 0 7.116200984455645
6569 0 0 0 6.016643950715661
6570 0 0 0 6.98786205612123
6571 0 0 0 7.097002933733165
6572 0 0 0 5.131845944561064
6573 0 0 0 8.330159005708992
6574 0 0 0 7.717365049757063
6575 1 1558157 0.7209302 7.084441022016108
6576 0 0 0 8.36632598657161
6577 0 0 0 8.954558055847883
6578 0 0 0 5.16546901781112
6579 0 0 0 6.917493999935687
6580 0 0 0 6.595766055397689
6581 1 1226791 0.73170733 9.491025004535913
6582 1 1971525 0.70731705 8.796253008767962
6583 0 0 0 7.163129979744554
6584 1 407191 0.7162162 10.116809979081154
6585 0 0 0 7.419300032779574
6586 0 0 0 8.545854943804443
6587 0 0 0 8.003539056517184
6588 0 0 0 10.018415981903672
6589 0 0 0 6.933411001227796
6590 0 0 0 6.881612003780901
6591 0 0 0 6.27769494894892
6592 0 0 0 7.8787930542603135
6593 0 0 0 8.303171023726463
6594 0 0 0 8.351617027074099
6595 1 1566713 0.70731705 9.667951031588018
6596 0 0 0 5.980664980597794
6597 0 0 0 7.002220023423433
6598 0 0 0 7.188046001829207
6599 1 1150250 0.72727275 7.068609003908932
6600 0 0 0 7.007127976976335
6601 0 0 0 5.566783947870135
6602 0 0 0 8.20913293864578
6603 0 0 0 7.566389977000654
6604 0 0 0 6.476335925981402
6605 0 0 0 7.647026097401977
6606 0 0 0 6.668319925665855
6607 0 0 0 9.610505076125264
6608 1 407191 0.7162162 9.52389498706907
6609 1 407191 0.7162162 8.912428049370646
6610 0 0 0 8.057821076363325
6611 0 0 0 6.405298016034067
6612 0 0 0 5.464614019729197
6613 0 0 0 6.955042015761137
6614 1 407191 0.7162162 8.694680989719927
6615 0 0 0 7.735964027233422
6616 0 0 0 8.276412962004542
6617 0 0 0 7.953369058668613
6618 1 834761 0.7078652 8.59916489571333
6619 0 0 0 7.153067039325833
6620 0 0 0 9.01486596558243
6621 0 0 0 7.670158986002207
6622 0 0 0 9.026353945955634
6623 0 0 0 8.832219988107681
6624 1 407191 0.7162162 10.148865985684097
6625 0 0 0 7.954856031574309
6626 0 0 0 6.837185006588697
6627 0 0 0 4.220709088258445
6628 0 0 0 9.949776926077902
6629 0 0 0 5.389788071624935
6630 1 856290 0.7173913 6.700786994770169
6631 0 0 0 8.424822008237243
6632 0 0 0 7.670248043723404
6633 1 1572279 0.7195122 9.044346981681883
6634 0 0 0 5.602165008895099
6635 0 0 0 8.220327086746693
6636 0 0 0 9.59072692785412
6637 0 0 0 8.250563987530768
6638 0 0 0 8.217911003157496
6639 0 0 0 7.107554003596306
6640 0 0 0 6.4898410346359015
6641 0 0 0 5.484997062012553
6642 0 0 0 5.557060008868575
6643 0 0 0 7.758253952488303
6644 0 0 0 6.4333840273320675
6645 0 0 0 8.454508963041008
6646 0 0 0 7.042462937533855
6647 0 0 0 8.252972038462758
6648 0 0 0 8.308585034683347
6649 0 0 0 6.010564975440502
6650 0 0 0 7.067970000207424
6651 0 0 0 8.263150928542018
6652 0 0 0 8.272251929156482
6653 0 0 0 8.314703940413892
6654 1 929519 0.7209302 7.715765037573874
6655 1 1123499 0.72164947 5.089447018690407
6656 0 0 0 7.359412964433432
6657 0 0 0 8.317706058733165
6658 0 0 0 8.84361902717501
6659 0 0 0 5.902478005737066
6660 0 0 0 6.3153289956972
6661 0 0 0 7.510454044677317
6662 1 863333 0.7126437 8.042874978855252
6663 0 0 0 6.323055946268141
6664 0 0 0 6.8613659823313355
6665 0 0 0 8.506509009748697
6666 0 0 0 6.886023096740246
6667 1 864089 0.7032967 7.444652961567044
6668 0 0 0 7.153832004405558
6669 1 1081603 0.7244898 4.764106939546764
6670 1 1566713 0.75308645 8.435287978500128
6671 0 0 0 8.294917992316186
6672 0 0 0 6.003628950566053
6673 0 0 0 6.52833899948746
6674 0 0 0 7.735260063782334
6675 1 1184677 0.7093023 7.27438903413713
6676 1 1191367 0.7356322 7.209706003777683
6677 1 1190941 0.70454544 7.257457007654011
6678 1 407191 0.7162162 9.774149977602065
6679 0 0 0 7.855964009650052
6680 0 0 0 6.082397070713341
6681 0 0 0 6.8153300089761615
6682 0 0 0 6.2187520088627934
6683 0 0 0 7.821907056495547
6684 1 407191 0.7162162 9.010254056192935
6685 1 1974076 0.7307692 9.060410084202886
6686 0 0 0 10.539768962189555
6687 1 1143800 0.7111111 6.826650002039969
6688 0 0 0 7.259255973622203
6689 0 0 0 6.200067000463605
6690 0 0 0 5.302240955643356
6691 1 1013339 0.7093023 7.340849027968943
6692 1 694736 0.70212764 6.295776111073792
6693 0 0 0 8.184946957044303
6694 1 407191 0.7162162 9.970300947315991
6695 0 0 0 9.337616036646068
6696 1 1566677 0.71590906 8.684935048222542
6697 1 370562 0.72619045 8.664299035444856
6698 1 407191 0.7162162 9.73421591334045
6699 0 0 0 6.236464018002152
6700 0 0 0 7.325386046431959
6701 0 0 0 8.439864963293076
6702 0 0 0 8.757626987062395
6703 0 0 0 8.535544038750231
6704 1 1195200 0.7176471 8.324838010594249
6705 0 0 0 9.096857043914497
6706 0 0 0 6.942193023860455
6707 0 0 0 9.14936198387295
6708 0 0 0 7.813830976374447
6709 0 0 0 8.442274993285537
6710 0 0 0 5.684343981556594
6711 0 0 0 6.558314897119999
6712 1 407191 0.7162162 8.85759002994746
6713 0 0 0 7.718794979155064
6714 0 0 0 7.661334006115794
6715 1 1226791 0.73170733 8.837666013278067
6716 1 704348 0.72839504 8.891797042451799
6717 0 0 0 7.6939749997109175
6718 0 0 0 7.605168968439102
6719 0 0 0 7.748153991997242
6720 0 0 0 6.060123909264803
6721 0 0 0 5.262087099254131
6722 1 1406709 0.7241379 7.689696969464421
6723 0 0 0 7.1348719066008925
6724 0 0 0 6.623105960898101
6725 0 0 0 7.657611044123769
6726 0 0 0 5.986666074022651
6727 0 0 0 5.624808021821082
6728 0 0 0 6.6217039711773396
6729 1 1067034 0.7 6.618081941269338
6730 0 0 0 7.29628000408411
6731 1 1068617 0.7157895 5.682533024810255
6732 0 0 0 7.177909952588379
6733 0 0 0 5.610274034552276
6734 1 1187460 0.7241379 7.580084027722478
6735 0 0 0 7.089380989782512
6736 0 0 0 7.114775944501162
6737 0 0 0 8.165400009602308
6738 0 0 0 8.180232951417565
6739 0 0 0 7.319762953557074
6740 1 1081603 0.72727275 4.261295078322291
6741 0 0 0 8.683612919412553
6742 0 0 0 6.892841076478362
6743 0 0 0 6.880349945276976
6744 0 0 0 7.4046520749107
6745 1 1566713 0.70731705 8.929387899115682
6746 0 0 0 7.089743041433394
6747 0 0 0 6.207384984008968
6748 1 407191 0.7162162 9.852750925347209
6749 1 1566677 0.71590906 8.591689052991569
6750 0 0 0 7.154627935960889
6751 0 0 0 9.302549995481968
6752 0 0 0 6.683439947664738
6753 0 0 0 8.50810797419399
6754 0 0 0 8.537039975635707
6755 0 0 0 8.994168019853532
6756 1 1148796 0.70212764 7.082347059622407
6757 0 0 0 8.656042977236211
6758 1 999321 0.7126437 7.580881007015705
6759 0 0 0 9.374029003083706
6760 0 0 0 7.611890090629458
6761 0 0 0 10.380566003732383
6762 1 1558157 0.7209302 7.4147830018773675
6763 0 0 0 6.722174002788961
6764 1 918063 0.7093023 9.065298014320433
6765 0 0 0 9.29446506779641
6766 0 0 0 5.961293005384505
6767 0 0 0 8.835698012262583
6768 0 0 0 6.682962062768638
6769 0 0 0 7.189215044490993
6770 0 0 0 7.632976048626006
6771 0 0 0 8.7092510657385
6772 0 0 0 8.26321099884808
6773 1 1044752 0.7 9.266805951483548
6774 0 0 0 6.391793955117464
6775 0 0 0 10.550552979111671
6776 0 0 0 7.72814906667918
6777 1 694736 0.70212764 6.734526949003339
6778 0 0 0 8.975647040642798
6779 0 0 0 9.59161901846528
6780 0 0 0 9.221539949066937
6781 0 0 0 8.29666608478874
6782 0 0 0 7.276447955518961
6783 0 0 0 8.03535501472652
6784 0 0 0 7.850672933273017
6785 0 0 0 5.624620942398906
6786 0 0 0 7.959204958751798
6787 0 0 0 7.957143010571599
6788 0 0 0 6.589012104086578
6789 0 0 0 7.317387033253908
6790 0 0 0 5.933451000601053
6791 0 0 0 7.019881042651832
6792 0 0 0 7.0109040243551135
6793 0 0 0 6.759774987585843
6794 1 407191 0.7162162 9.067937964573503
6795 0 0 0 6.750069907866418
6796 0 0 0 7.360609946772456
6797 0 0 0 9.132722043432295
6798 1 1009462 0.74712646 6.9573529763147235
6799 0 0 0 7.2294570272788405
6800 0 0 0 7.419007946737111
6801 0 0 0 8.121776976622641
6802 0 0 0 7.673504995182157
6803 1 1558157 0.7209302 7.558661978691816
6804 0 0 0 10.685269022360444
6805 0 0 0 8.93423706293106
6806 0 0 0 7.021741010248661
6807 1 1142235 0.74725276 6.811428931541741
6808 0 0 0 7.988716010004282
6809 0 0 0 9.53975401353091
6810 0 0 0 6.025045062415302
6811 0 0 0 7.726929965429008
6812 0 0 0 7.648224011063576
6813 0 0 0 8.672387921251357
6814 1 1067034 0.7111111 8.611385012045503
6815 0 0 0 8.176892064511776
6816 0 0 0 7.147091906517744
6817 0 0 0 4.728061961941421
6818 0 0 0 8.238682989031076
6819 0 0 0 7.44880095589906
6820 0 0 0 7.322888006456196
6821 0 0 0 6.701378966681659
6822 0 0 0 7.864676066674292
6823 1 1187460 0.71590906 6.680238991975784
6824 0 0 0 6.536070024594665
6825 0 0 0 7.794091943651438
6826 0 0 0 7.697744062170386
6827 0 0 0 7.591277011670172
6828 0 0 0 6.111647002398968
6829 0 0 0 8.426988031715155
6830 0 0 0 9.066594066098332
6831 0 0 0 7.233812939375639
6832 0 0 0 7.8121989499777555
6833 0 0 0 6.693386938422918
6834 0 0 0 7.190015981905162
6835 0 0 0 5.21155702881515
6836 0 0 0 6.566570024006069
6837 0 0 0 5.204174085520208
6838 0 0 0 6.561517016962171
6839 0 0 0 5.607920931652188
6840 0 0 0 6.829660967923701
6841 0 0 0 7.772921002469957
6842 0 0 0 7.335382048040628
6843 0 0 0 7.6058279955759645
6844 0 0 0 7.310701999813318
6845 0 0 0 8.179616997949779
6846 0 0 0 7.327853934839368
6847 1 407191 0.7162162 10.345548973418772
6848 0 0 0 8.309038006700575
6849 0 0 0 6.953096948564053
6850 1 1118977 0.70886075 8.574519073590636
6851 0 0 0 6.748540909029543
6852 0 0 0 9.962734999135137
6853 0 0 0 7.365560042671859
6854 0 0 0 4.869573982432485
6855 1 823513 0.70238096 6.206714082509279
6856 1 407191 0.7162162 8.841844042763114
6857 0 0 0 5.653950967825949
6858 0 0 0 5.701845977455378
6859 0 0 0 7.0605529472231865
6860 0 0 0 8.862587972544134
6861 0 0 0 7.70755996927619
6862 1 1191367 0.7241379 7.104974007233977
6863 0 0 0 7.1725440211594105
6864 0 0 0 8.43347201589495
6865 0 0 0 6.147415027953684
6866 0 0 0 6.669997004792094
6867 1 655803 0.75 6.590699078515172
6868 0 0 0 7.81700003426522
6869 0 0 0 7.787218899466097
6870 1 1676321 0.7051282 9.817393962293863
6871 1 1191367 0.7241379 7.14761100243777
6872 0 0 0 8.897088933736086
6873 0 0 0 7.790868985466659
6874 0 0 0 7.832946022972465
6875 0 0 0 7.76383001357317
6876 0 0 0 6.693620001897216
6877 0 0 0 4.070495022460818
6878 1 1081603 0.7029703 4.032189026474953
6879 0 0 0 4.859871929511428
6880 0 0 0 5.274050054140389
6881 0 0 0 3.582705045118928
6882 1 1123499 0.7 4.089233931154013
6883 0 0 0 3.3590459497645497
6884 0 0 0 5.702298018150032
6885 0 0 0 3.7973549915477633
6886 0 0 0 3.6813541082665324
6887 0 0 0 3.7538089090958238
6888 0 0 0 5.862757912836969
6889 0 0 0 3.9162689354270697
6890 0 0 0 3.16868897061795
6891 0 0 0 3.748095012269914
6892 0 0 0 3.5471549490466714
6893 0 0 0 5.160263041034341
6894 0 0 0 3.491590963676572
6895 0 0 0 3.468654933385551
6896 0 0 0 3.9353379979729652
6897 0 0 0 3.445143112912774
6898 1 1848451 0.7029703 3.881205921061337
6899 0 0 0 3.319661016575992
6900 0 0 0 4.859133972786367
6901 0 0 0 3.998977947048843
6902 0 0 0 3.7301830016076565
6903 0 0 0 5.308361956849694
6904 0 0 0 5.438845953904092
6905 0 0 0 3.7150169955566525
6906 1 1195135 0.7291667 4.872190998867154
6907 1 1848451 0.7029703 4.220664035528898
6908 0 0 0 3.1844970071688294
6909 0 0 0 3.5110600292682648
6910 0 0 0 3.5240079741925
6911 0 0 0 5.32989704515785
6912 0 0 0 5.30000904109329
6913 1 1440673 0.7395833 4.250736907124519
6914 0 0 0 3.3243229845538735
6915 0 0 0 4.847033065743744
6916 0 0 0 3.307639039121568
6917 0 0 0 3.5501300590112805
6918 0 0 0 4.059288999997079
6919 0 0 0 4.845869028940797
6920 0 0 0 4.34599001891911
6921 0 0 0 5.213459022343159
6922 0 0 0 5.172266042791307
6923 0 0 0 4.705813946202397
6924 0 0 0 3.505324013531208
6925 0 0 0 3.009833046235144
6926 0 0 0 3.5518190125003457
6927 1 1848451 0.7029703 4.01814398355782
6928 1 1081603 0.71 4.079624079167843
6929 1 1081603 0.7171717 4.374803975224495
6930 0 0 0 3.530185087583959
6931 1 1081603 0.72727275 4.036852042190731
6932 0 0 0 3.5042529925704002
6933 0 0 0 3.750763018615544
6934 0 0 0 3.9810369489714503
6935 0 0 0 3.4713479690253735
6936 0 0 0 3.4457430010661483
6937 0 0 0 3.5561160184442997
6938 0 0 0 3.3037360990419984
6939 0 0 0 4.257313092239201
6940 0 0 0 3.270653891377151
6941 0 0 0 3.2927360152825713
6942 0 0 0 3.2427229452878237
6943 0 0 0 4.7700300347059965
6944 1 1081603 0.72 4.045336041599512
6945 0 0 0 4.037613980472088
6946 0 0 0 3.494968987070024
6947 0 0 0 3.4447730286046863
6948 0 0 0 3.447632072493434
6949 0 0 0 3.745316993445158
6950 0 0 0 3.4143509110435843
6951 0 0 0 3.331086947582662
6952 0 0 0 3.580863936804235
6953 0 0 0 4.735992988571525
6954 0 0 0 4.9708649748936296
6955 1 993226 0.70526314 5.749942036345601
6956 0 0 0 3.8238829001784325
6957 0 0 0 3.751720068976283
6958 0 0 0 3.7721849512308836
6959 0 0 0 3.4060109173879027
6960 0 0 0 3.921543015167117
6961 0 0 0 4.843836999498308
6962 0 0 0 5.473944009281695
6963 0 0 0 3.5240810830146074
6964 0 0 0 5.23499702103436
6965 0 0 0 5.552097922191024
6966 0 0 0 3.372144070453942
6967 0 0 0 3.542133024893701
6968 0 0 0 4.936063080094755
6969 0 0 0 5.491292919032276
6970 0 0 0 3.366468008607626
6971 0 0 0 3.2288669608533382
6972 1 1123499 0.7 4.1981900576502085
6973 0 0 0 3.973489045165479
6974 0 0 0 3.2175820088014007
6975 1 900103 0.7291667 5.001225043088198
6976 0 0 0 4.447918036021292
6977 0 0 0 3.4130439162254333
6978 0 0 0 4.8836370697245
6979 0 0 0 4.366009961813688
6980 0 0 0 3.2841439824551344
6981 0 0 0 3.291673958301544
6982 0 0 0 2.9226470505818725
6983 0 0 0 3.270015004090965
6984 0 0 0 5.278742057271302
6985 1 1081603 0.72727275 4.1240130085498095
6986 0 0 0 4.851027042604983
6987 0 0 0 4.839802975766361
6988 0 0 0 4.699430079199374
6989 0 0 0 3.054963890463114
6990 0 0 0 3.4835520200431347
6991 0 0 0 3.0481459107249975
6992 0 0 0 3.238675999455154
6993 0 0 0 4.69939096365124
6994 0 0 0 3.267961088567972
6995 0 0 0 4.708684980869293
6996 0 0 0 4.839133936911821
6997 0 0 0 4.453840898349881
6998 0 0 0 3.336800029501319
6999 0 0 0 3.063697018660605
7000 0 0 0 4.777510068379343
7001 0 0 0 3.4278170205652714
7002 0 0 0 3.4539710031822324
7003 0 0 0 3.5441720392555
7004 0 0 0 3.0328409047797322
7005 0 0 0 3.4872950054705143
7006 0 0 0 3.27679596375674
7007 0 0 0 4.869632073678076
7008 0 0 0 3.5773710114881396
7009 0 0 0 3.490544972009957
7010 0 0 0 4.912602948024869
7011 0 0 0 3.809490939602256
7012 0 0 0 3.355923923663795
7013 0 0 0 3.7905960343778133
7014 1 1848451 0.7029703 3.8033429300412536
7015 0 0 0 2.894860110245645
7016 0 0 0 4.737131996080279
7017 0 0 0 3.739791107363999
7018 0 0 0 4.705849918536842
7019 0 0 0 3.231107024475932
7020 0 0 0 3.2299720915034413
7021 0 0 0 3.2607550965622067
7022 0 0 0 3.7468309747055173
7023 0 0 0 3.14198003616184
7024 0 0 0 3.246176056563854
7025 0 0 0 3.2922520767897367
7026 0 0 0 3.2676339615136385
7027 0 0 0 4.996809992007911
7028 0 0 0 3.6720699863508344
7029 0 0 0 3.6256039747968316
7030 1 1081603 0.74489796 4.152892041020095
7031 0 0 0 3.098317072726786
7032 0 0 0 4.356025019660592
7033 1 1479431 0.71428573 0.5967270117253065
7034 1 942245 0.75 0.5883650155737996
7035 1 348885 0.7777778 0.565496040508151
7036 1 534251 0.71428573 0.6028719944879413
7037 1 534251 0.71428573 0.5949089536443353
7038 1 1971156 0.72727275 0.5819739308208227
7039 1 563929 0.71428573 0.6000270368531346
7040 1 563929 0.71428573 0.5876340437680483
7041 1 1780896 0.75 0.5949590122327209
7042 1 328950 0.71428573 0.5529830232262611
7043 1 347336 0.71428573 0.5648860242217779
7044 1 501073 0.71428573 0.556856975890696
7045 1 1684608 0.71428573 0.589065020903945
7046 1 501073 0.71428573 0.5631489912047982
7047 1 1425522 0.7777778 0.5879800301045179
7048 1 1967209 0.72727275 0.5841540405526757
7049 1 1688713 0.7692308 0.5958849797025323
7050 1 1688713 0.7692308 0.5894540809094906
7051 1 563929 0.71428573 0.5901079857721925
7052 1 15575 0.72727275 0.5792969604954123
7053 1 367598 0.75 0.5672450643032789
7054 1 563929 0.71428573 0.5984049057587981
7055 1 1964157 0.7692308 0.5807819543406367
7056 1 1715387 0.7368421 0.9622620418667793
7057 1 1961116 0.75 0.6464130710810423
7058 1 360119 0.71428573 1.0735670803114772
7059 1 1962433 0.7368421 1.1441520182415843
7060 1 1596895 0.7 0.7953309686854482
7061 1 2117243 0.7222222 0.9451429359614849
7062 1 1189613 0.7407407 1.3357149437069893
7063 1 1865607 0.7826087 0.9562649065628648
7064 1 52739 0.7037037 1.2358350213617086
7065 1 2117661 0.72727275 0.863809953443706
7066 1 426592 0.71428573 1.180246938019991
7067 1 2126196 0.7368421 0.9711720049381256
7068 1 1982295 0.7 0.7843690691515803
7069 1 1965062 0.73333335 0.609016977250576
7070 1 1448413 0.73913044 0.9541059844195843
7071 1 371246 0.7 1.0056239552795887
7072 1 1965066 0.7 0.9854449890553951
7073 1 1963930 0.72727275 1.158440951257944
7074 1 1910978 0.75 0.7390460232272744
7075 1 293224 0.7 1.2308770092204213
7076 1 232152 0.7619048 0.836762017570436
7077 1 417455 0.7 0.7464259397238493
7078 1 660748 0.75 1.1128730839118361
7079 1 1400424 0.75 1.12843606621027
7080 1 499940 0.7058824 0.9412870276719332
7081 1 1891906 0.72727275 0.8745979284867644
7082 1 1965629 0.7222222 0.7076439214870334
7083 1 1978405 0.7368421 0.8841929957270622
7084 1 279009 0.7647059 0.6669450085610151
7085 1 1962433 0.7368421 1.0936709586530924
7086 1 1141731 0.73913044 1.0951770236715674
7087 1 2305316 0.71428573 0.6452720845118165
7088 1 277773 0.7368421 1.1372030712664127
7089 1 1617471 0.7619048 0.8372579468414187
7090 1 819437 0.73333335 0.7303371094167233
7091 1 74689 0.77272725 0.8843899704515934
7092 1 607279 0.7916667 1.2181740021333098
7093 1 1949771 0.76 1.118529005907476
7094 1 1964588 0.7 1.2241619406268
7095 1 1549376 0.8125 0.6612659199163318
7096 1 1762520 0.7647059 0.8458090014755726
7097 1 1962478 0.7619048 1.273227040655911
7098 1 959840 0.7368421 0.8919370593503118
7099 1 31737 0.75 0.713377958163619
7100 1 1962832 0.7368421 0.7236540550366044
7101 1 1963610 0.71428573 0.6658160127699375
7102 1 71795 0.77272725 0.8913039928302169
7103 1 448565 0.73913044 1.1724550276994705
7104 1 640977 0.75 1.0219509713351727
7105 1 380461 0.73913044 1.0083949891850352
7106 1 2450244 0.75 1.209335052408278
7107 1 181151 0.75 1.4223740436136723
7108 1 1668724 0.7894737 0.894673983566463
7109 1 1617801 0.75 0.7420390611514449
7110 1 166135 0.7 1.2422549771144986
7111 1 1968188 0.7058824 0.6498260190710425
7112 1 1959400 0.72 1.2401379644870758
7113 1 1040842 0.7083333 1.179562066681683
7114 1 1965062 0.73333335 0.6292780162766576
7115 1 1164946 0.7083333 1.3836170546710491
7116 1 1524562 0.75 0.9911499219015241
7117 1 395769 0.75 0.6141370395198464
7118 1 969631 0.75 0.9988199453800917
7119 1 640121 0.71428573 1.1855720076709986
7120 1 1677491 0.75 0.7242240244522691
7121 1 39946 0.7 0.9634080342948437
7122 1 143867 0.71428573 1.402535941451788
7123 1 291693 0.76 1.0568960569798946
7124 1 1969514 0.72727275 0.9325500577688217
7125 1 1675060 0.7222222 0.844756024889648
7126 1 1821578 0.75 1.1505719739943743
7127 1 185487 0.7894737 0.7063780212774873
7128 1 1078242 0.7222222 0.8871620520949364
7129 1 1699560 0.7894737 0.7019690237939358
7130 1 719478 0.76 1.2379669351503253
7131 1 1963200 0.75 1.1724679498001933
7132 1 62775 0.7 1.236235024407506
7133 1 661217 0.7222222 0.821962021291256
7134 1 1695623 0.75 1.228658016771078
7135 1 62775 0.7 1.1773729929700494
7136 1 1299558 0.77272725 0.8402739185839891
7137 1 1671914 0.75 1.0634090285748243
7138 1 659802 0.7619048 1.2031910009682178
7139 1 1807074 0.7058824 0.7574449991807342
7140 1 1967228 0.75 0.7180210668593645
7141 1 2120755 0.7058824 0.8388560963794589
7142 1 1079181 0.75 1.0746170300990343
7143 1 1474062 0.7 1.3305250322446227
7144 1 981122 0.75 1.019726973026991
7145 1 2242303 0.7083333 0.9538250742480159
7146 1 928453 0.75 1.1967309983447194
7147 1 28570 0.7368421 0.8060958934947848
7148 1 8969 0.7647059 0.6233779713511467
7149 1 403421 0.7058824 0.7583729457110167
7150 1 1436967 0.75 1.0597859509289265
7151 1 96961 0.7368421 0.6743660196661949
7152 1 1712811 0.72 1.1266570072621107
7153 1 17393 0.7083333 1.3477700995281339
7154 1 1964807 0.71428573 0.6176839815452695
7155 1 178283 0.7894737 0.6724370177835226
7156 1 441824 0.7058824 0.5874449852854013
7157 1 518521 0.7826087 1.0787909850478172
7158 1 166135 0.7368421 0.8956219535320997
7159 1 843748 0.7777778 0.8377790218219161
7160 1 1260472 0.71428573 1.327220001257956
7161 1 969586 0.7368421 1.0348520008847117
7162 1 1586009 0.73913044 0.8906510192900896
7163 1 1299731 0.7619048 0.7992980536073446
7164 1 1781941 0.7894737 0.9678179631009698
7165 1 512515 0.7619048 1.140995998866856
7166 1 1961732 0.7368421 0.6573799764737487
7167 1 1860396 0.7368421 1.0429109679535031
7168 1 1964889 0.7777778 0.651643960736692
7169 1 1347129 0.76 1.1044259881600738
7170 1 1782004 0.77272725 0.8748460095375776
7171 1 854189 0.75 0.5813130410388112
7172 1 1457843 0.73913044 1.2898329878225923
7173 1 1580247 0.7222222 0.9127600351348519
7174 1 249975 0.7894737 0.661892001517117
7175 1 2421751 0.7083333 0.9709749137982726
7176 1 325802 0.7 1.199717982672155
7177 1 183713 0.7 1.330917002633214
7178 1 1782004 0.72727275 0.8095459779724479
7179 1 2440224 0.73913044 1.2259009527042508
7180 1 169922 0.7307692 1.1261869221925735
7181 1 24633 0.75 1.1990710627287626
7182 1 468524 0.71428573 0.751084997318685
7183 1 1696126 0.7894737 0.7145319832488894
7184 1 928488 0.7368421 1.074671046808362
7185 1 1969920 0.71428573 0.8255620487034321
7186 1 504216 0.75 0.665665022097528
7187 1 942245 0.73333335 0.6584189832210541
7188 1 956469 0.7 0.7378170266747475
7189 1 503196 0.71428573 1.4343929942697287
7190 1 1968153 0.8125 0.6539450259879231
7191 1 80302 0.7647059 0.6136490264907479
7192 1 1695673 0.7916667 1.1651860550045967
7193 1 40845 0.75 0.5583659512922168
7194 1 96961 0.7368421 0.684098107740283
7195 1 1754536 0.75 1.0225169826298952
7196 1 1559381 0.7916667 1.011042040772736
7197 1 581234 0.71428573 0.9299690136685967
7198 1 548116 0.72727275 1.2291210005059838
7199 1 98538 0.7083333 1.0885590454563498
7200 1 205630 0.75 1.1473390040919185
7201 1 1174354 0.71428573 1.3335919938981533
7202 1 1670638 0.7647059 0.6445390172302723
7203 1 472396 0.7368421 1.1160849826410413
7204 1 951508 0.7777778 0.6790299667045474
7205 1 472396 0.7 1.384163973852992
7206 1 1905570 0.71428573 1.3414910063147545
7207 1 178288 0.73333335 0.6852250080555677
7208 1 1692795 0.72 1.106464071199298
7209 1 2431005 0.75 0.8908830350264907
7210 1 43657 0.7647059 0.7132599130272865
7211 0 0 0 0.7257689721882343
7212 1 1968575 0.7 0.8647480281069875
7213 1 1679526 0.72727275 0.8830539882183075
7214 1 159530 0.7916667 1.1289690155535936
7215 1 1757910 0.7058824 0.7341390009969473
7216 1 1706503 0.73913044 0.9051510132849216
7217 1 837166 0.7 0.8942140266299248
7218 1 1673976 0.7368421 1.0629510506987572
7219 1 8746 0.71428573 0.6062579341232777
7220 1 1910976 0.7307692 1.2733089970424771
7221 0 0 0 0.5505059380084276
7222 1 344118 0.71428573 0.6090800743550062
7223 1 138777 0.75 1.0488160187378526
7224 1 1633533 0.75 1.1704700300469995
7225 1 172568 0.7916667 1.1298779863864183
7226 1 457942 0.7368421 0.6656200857833028
7227 1 1602917 0.7777778 0.6354149663820863
7228 1 72509 0.7619048 0.7137729553505778
7229 1 7863 0.7 1.1840399820357561
7230 1 1589425 0.75 1.065310905687511
7231 1 1588531 0.7 0.6887440104037523
7232 1 2360142 0.71428573 1.316879061050713
7233 1 142491 0.73913044 1.2758069206029177
7234 1 1960299 0.71428573 0.6087289657443762
7235 1 445370 0.7222222 0.6483490578830242
7236 1 2237130 0.7368421 0.8914809441193938
7237 0 0 0 0.8968099718913436
7238 1 1701378 0.78571427 0.5687939701601863
7239 1 2233529 0.7083333 1.322990981861949
7240 1 1961116 0.75 0.605572946369648
7241 1 1701526 0.7058824 0.7494020974263549
7242 1 1962833 0.7 0.7558519719168544
7243 0 0 0 0.894265016540885
7244 1 1572659 0.7 0.6961720064282417
7245 1 1963610 0.73333335 0.6723770638927817
7246 1 1969871 0.7 0.6931750103831291
7247 1 1660061 0.7777778 0.671488931402564
7248 1 1689811 0.7222222 0.8238609880208969
7249 1 1754536 0.8888889 0.7356669520959258
7250 1 288300 0.71428573 1.3662809506058693
7251 1 18156 0.75 0.788146979175508
7252 1 2026039 0.77272725 0.8895481005311012
7253 1 1660488 0.7083333 1.3360489392653108
7254 1 157648 0.7058824 0.5862370599061251
7255 1 743871 0.73333335 0.5732309073209763
7256 1 1963471 0.7777778 0.7918679621070623
7257 1 1500326 0.7777778 0.7440799381583929
7258 1 652675 0.7 0.6887769559398293
7259 1 2137525 0.75 0.7116519846022129
7260 1 455305 0.71428573 0.7412879494950175
7261 1 1985399 0.7368421 0.6870219949632883
7262 1 1961116 0.75 0.6128159584477544
7263 1 280888 0.73913044 1.0914450976997614
7264 1 15134 0.71428573 0.5485760048031807
7265 1 1967867 0.7368421 0.6334760691970587
7266 1 1329508 0.7 1.1767849791795015
7267 1 1963862 0.77272725 1.0609320597723126
7268 1 1086668 0.72727275 0.752574997022748
7269 1 2040239 0.75 0.695115071721375
7270 1 1968153 0.7058824 0.7532699964940548
7271 1 472493 0.75 1.20319495908916
7272 1 621006 0.75 0.7042349316179752
7273 1 1241773 0.7368421 0.8216230198740959
7274 1 1910634 0.7083333 0.9457520209252834
7275 1 1924167 0.7619048 1.1799180647358298
7276 1 1722341 0.7619048 1.002614968456328
7277 1 1925489 0.7 1.1350379791110754
7278 1 1735814 0.7894737 0.6870129145681858
7279 1 1534100 0.7894737 0.6591009441763163
7280 1 1964838 0.7368421 1.0333890095353127
7281 1 1924168 0.7619048 1.1645220220088959
7282 1 445946 0.7058824 0.7321459706872702
7283 1 134370 0.7058824 0.6265409756451845
7284 1 1474062 0.7368421 1.0531320003792644
7285 1 447801 0.7368421 0.8683459600433707
7286 1 1705892 0.75 0.683516962453723
7287 1 1960701 0.7647059 0.605609966441989
7288 1 1970573 0.7 1.178025035187602
7289 1 1551141 0.7 0.9072379907593131
7290 1 1302198 0.7368421 0.6651510484516621
7291 1 841339 0.7307692 1.2184999650344253
7292 1 1481216 0.7368421 1.0067280381917953
7293 1 549595 0.73913044 0.8921809494495392
7294 1 279009 0.7647059 0.6255259504541755
7295 1 620779 0.75 1.0192919289693236
7296 1 6313 0.77272725 0.8568089688196778
7297 1 2120755 0.7058824 0.8356230100616813
7298 1 1608475 0.7619048 1.1926769511774182
7299 1 9088 0.7058824 0.7450850680470467
7300 1 128009 0.7368421 1.0387760121375322
7301 1 933893 0.75 0.5590079817920923
7302 1 1965066 0.7 0.9137949673458934
7303 1 640121 0.7222222 0.6427619373425841
7304 1 585568 0.7916667 1.0731209767982364
7305 1 735379 0.7619048 0.9099149610847235
7306 1 1968295 0.7083333 1.5340880490839481
7307 1 2005271 0.7058824 0.6215230096131563
7308 1 1967614 0.7058824 0.860854983329773
7309 1 843748 0.7368421 1.053691958077252
7310 1 350827 0.7 1.4619790017604828
7311 1 397142 0.7222222 0.9318658849224448
7312 1 764693 0.7894737 1.0235289810225368
7313 1 160088 0.72727275 0.7582319667562842
7314 1 1551623 0.7083333 1.0163129772990942
7315 1 2451717 0.7916667 1.0765889892354608
7316 1 1137948 0.73333335 0.6832140497863293
7317 1 1403034 0.7 0.7850239053368568
7318 1 1586009 0.73913044 0.9305709972977638
7319 1 541913 0.75 1.0452020214870572
7320 1 643369 0.7894737 1.0029509430751204
7321 1 2398977 0.71428573 1.382399001158774
7322 1 25318 0.7619048 1.000461052171886
7323 1 453331 0.71428573 1.2509019579738379
7324 1 15134 0.71428573 0.6662850501015782
7325 1 1405208 0.76 1.3786869822070003
7326 1 1779783 0.7692308 0.6437699776142836
7327 1 2259688 0.7619048 0.8806940168142319
7328 1 346716 0.7222222 1.0264250449836254
7329 1 1128622 0.8 0.8315960876643658
7330 1 128009 0.7368421 1.2144430074840784
7331 1 2006389 0.71428573 0.874469056725502
7332 1 1963946 0.75 1.215716009028256
7333 1 1969871 0.7 0.8001659298315644
7334 1 1730951 0.71428573 0.6637059850618243
7335 1 986258 0.7647059 0.7222159765660763
7336 1 1171066 0.77272725 0.9491690434515476
7337 1 2156631 0.75 0.7491090800613165
7338 1 180897 0.7894737 1.1145910248160362
7339 1 62114 0.71428573 1.2467369670048356
7340 1 1966706 0.75 1.004160032607615
7341 1 1932954 0.8 0.7064170204102993
7342 1 2237130 0.7 1.3166050193831325
7343 1 1535318 0.7916667 1.2437060941010714
7344 1 975665 0.7647059 0.6748179439455271
7345 1 247514 0.7826087 1.0496050817891955
7346 1 1530322 0.875 0.7091290317475796
7347 1 2393706 0.72 1.3774910476058722
7348 1 1240278 0.8 0.8177720010280609
7349 1 1860792 0.71428573 1.4344790251925588
7350 1 614728 0.78571427 0.6405299063771963
7351 1 1924167 0.7619048 1.3182179536670446
7352 0 0 0 1.0557640343904495
7353 1 795506 0.71428573 0.9718900546431541
7354 1 490579 0.7368421 0.8914250647649169
7355 1 35112 0.75 1.2583909556269646
7356 1 121657 0.7894737 0.7363649783656001
7357 1 142491 0.71428573 0.8846200071275234
7358 1 1966379 0.75 1.1375918984413147
7359 1 1812920 0.75 0.974403927102685
7360 1 1734387 0.72727275 1.4139009872451425
7361 1 1137419 0.7826087 1.2397629907354712
7362 1 640121 0.71428573 1.2366770533844829
7363 1 1754536 0.75 1.1255010031163692
7364 1 867203 0.7 0.788745004683733
7365 1 185038 0.72727275 1.3422160409390926
7366 1 1586009 0.73913044 0.9817240061238408
7367 1 745382 0.71428573 1.063077012076974
7368 1 2096014 0.75 1.2821969576179981
7369 1 448565 0.73913044 1.0468070395290852
7370 1 634105 0.7916667 1.0452669812366366
7371 1 1695623 0.75 1.2370389886200428
7372 1 244577 0.7619048 1.2312220642343163
7373 1 1965567 0.73333335 0.6138400640338659
7374 1 1985399 0.7368421 0.6854599341750145
7375 1 1965052 0.72727275 1.249352004379034
7376 1 1855912 0.7647059 0.6390889175236225
7377 1 617914 0.73333335 0.5773449083790183
7378 1 1934445 0.72727275 1.269376021809876
7379 1 398841 0.7368421 1.0978460777550936
7380 1 1481216 0.7368421 1.054861000739038
7381 1 1734527 0.73333335 0.6582760252058506
7382 1 942245 0.73333335 0.6722609978169203
7383 1 1452867 0.76 1.0856559965759516
7384 1 1933515 0.75 1.2019550194963813
7385 1 334506 0.7777778 0.8703350322321057
7386 1 1824450 0.73913044 0.93506695702672
7387 1 417054 0.7894737 0.6699400255456567
7388 1 160897 0.8125 0.6416260730475187
7389 1 132704 0.78571427 0.5714379949495196
7390 1 1623882 0.7222222 0.9203249355778098
7391 1 1968188 0.7058824 0.6305130664259195
7392 1 276523 0.7647059 0.838708016090095
7393 1 388190 0.75 1.2494729598984122
7394 1 372971 0.7 0.9559940081089735
7395 1 1965629 0.7222222 0.7006070809438825
7396 1 1049745 0.7 1.2561780167743564
7397 1 1663318 0.75 0.7274920353665948
7398 1 1968564 0.71428573 1.384901930578053
7399 1 28269 0.75 0.7229039911180735
7400 1 1754536 0.71428573 1.3272810028865933
7401 1 1617801 0.75 0.6957929581403732
7402 1 969564 0.7777778 0.6781630218029022
7403 1 1691891 0.73333335 0.7116909837350249
7404 1 1811227 0.7 0.7787949871271849
7405 1 2305316 0.71428573 0.6530050886794925
7406 1 1965052 0.72727275 1.341894967481494
7407 1 1830684 0.7083333 1.376827945932746
7408 1 1702847 0.75 1.0688550537452102
7409 1 67746 0.7916667 1.2113780248910189
7410 1 1969933 0.7222222 0.9514610283076763
7411 1 981122 0.75 1.0837839217856526
7412 1 182770 0.72727275 0.9296010248363018
7413 1 1963153 0.7647059 0.6989419925957918
7414 1 333692 0.72727275 0.8849829901009798
7415 1 1961202 0.7222222 0.9187830146402121
7416 1 8931 0.7 1.4667250216007233
7417 1 1925490 0.75 1.0797749273478985
7418 1 928488 0.7368421 1.077687949873507
7419 1 1910657 0.71428573 1.1118330294266343
7420 1 378476 0.71428573 1.1336259776726365
7421 1 1993699 0.7 0.7143749389797449
7422 1 28570 0.7368421 0.8263560011982918
7423 1 376911 0.7222222 0.8396980119869113
7424 1 496033 0.72727275 0.8866089629009366
7425 1 1855912 0.7647059 0.6209900602698326
7426 1 1010218 0.7692308 1.2215980095788836
7427 1 1778561 0.7222222 0.8961430285125971
7428 1 1967540 0.72727275 1.2632489670068026
7429 1 389820 0.7 0.6901089800521731
7430 1 1280615 0.7826087 0.8885599672794342
7431 1 447801 0.75 1.2454829411581159
7432 1 1108347 0.75 1.0698509868234396
7433 1 1936842 0.7894737 1.0296209948137403
7434 1 362564 0.7307692 1.2682769447565079
7435 1 547280 0.7307692 1.2683919630944729
7436 1 1481216 0.7368421 0.9988449746742845
7437 1 1899842 0.7368421 0.6594050209969282
7438 1 1679526 0.72727275 0.8890799945220351
7439 1 165407 0.77272725 0.8380480576306581
7440 1 1780527 0.7619048 1.0194230126217008
7441 1 1848314 0.73913044 0.8393259486183524
7442 1 60030 0.71428573 1.3233410427346826
7443 1 1017284 0.7037037 1.1696650180965662
7444 1 1813730 0.72727275 0.7885950617492199
7445 1 395769 0.75 0.5618729628622532
7446 1 372053 0.75 1.1687580263242126
7447 1 1842230 0.71428573 1.3563350075855851
7448 1 276523 0.7647059 0.7934120949357748
7449 1 1166975 0.75 0.9807810420170426
7450 1 40845 0.75 0.5616829730570316
7451 1 1730693 0.75 1.045492012053728
7452 1 1394463 0.7222222 0.8904059650376439
7453 1 650331 0.75 1.1967059690505266
7454 1 730052 0.7058824 0.6031900411471725
7455 1 1964814 0.7368421 1.0862499475479126
7456 1 1771302 0.7777778 0.6510739913210273
7457 1 1925489 0.7368421 0.8898420492187142
7458 1 1706503 0.73913044 0.9356039809063077
7459 1 1660061 0.7777778 0.6533220876008272
7460 1 1963862 0.72727275 0.8805310353636742
7461 1 1966376 0.71428573 0.7431120611727238
7462 1 447773 0.7916667 1.007641083560884
7463 1 1960306 0.72 1.1968240141868591
7464 1 25297 0.7058824 0.7660869741812348
7465 1 383449 0.72727275 1.190612092614174
7466 1 43643 0.7619048 0.8618889842182398
7467 1 169922 0.7307692 1.1133160442113876
7468 1 1454170 0.7083333 0.944468891248107
7469 1 1646238 0.7916667 1.0474759619683027
7470 1 1634434 0.82608694 1.1116989189758897
7471 1 1970274 0.75 0.7092399755492806
7472 1 395769 0.75 0.5734669975936413
7473 1 125485 0.75 1.059805043041706
7474 1 940519 0.7916667 1.1150740319862962
7475 1 607858 0.7647059 0.6118959281593561
7476 1 86306 0.72 1.2378470273688436
7477 1 1964164 0.72727275 0.8320260094478726
7478 1 304102 0.7 0.6956319557502866
7479 1 1967554 0.75 0.6588960532099009
7480 1 293572 0.7894737 0.6879859138280153
7481 1 1969920 0.7894737 0.6403320003300905
7482 1 1462558 0.76 1.0436750017106533
7483 1 1812920 0.75 0.8985550375655293
7484 1 139028 0.7777778 0.7898480398580432
7485 1 2012470 0.71428573 0.6055169505998492
7486 1 1610342 0.7368421 1.0842860210686922
7487 1 1887649 0.7619048 1.2210760032758117
7488 1 1732615 0.7083333 1.1453089537099004
7489 1 1938818 0.7222222 0.8156209951266646
7490 1 830583 0.7037037 1.342199044302106
7491 1 1969933 0.7222222 0.9172239806503057
7492 1 124495 0.7 1.3988950522616506
7493 1 981880 0.7083333 0.9595649316906929
7494 1 249975 0.7894737 0.6557169836014509
7495 1 1962372 0.7222222 0.5995030514895916
7496 1 1797630 0.71428573 1.3814220437780023
7497 1 1992890 0.7647059 0.675409915857017
7498 1 358663 0.76 1.1457300279289484
7499 1 624353 0.78571427 0.5751240532845259
7500 1 397699 0.72 1.1017920915037394
7501 1 1978405 0.7368421 0.8290490368381143
7502 1 1823107 0.78571427 0.5772520089522004
7503 1 1754536 0.8888889 0.7368889637291431
7504 1 691123 0.75 1.021536998450756
7505 1 1936842 0.75 1.205253996886313
7506 1 2356090 0.72727275 0.863960012793541
7507 1 1964583 0.7647059 0.8040380198508501
7508 1 2002811 0.71428573 0.7924599340185523
7509 1 2162562 0.7619048 0.7336720591410995
7510 1 1394463 0.7647059 0.7736400002613664
7511 1 445370 0.7222222 0.6559400353580713
7512 1 1820495 0.7916667 1.1770689161494374
7513 1 454557 0.7 0.9265600237995386
7514 1 4377 0.7619048 1.069237943738699
7515 1 648719 0.71428573 1.4402109663933516
7516 1 249971 0.7083333 1.0563710238784552
7517 1 1166975 0.75 0.9204560192301869
7518 1 360505 0.8 0.9618940530344844
7519 1 1924166 0.75 1.0252859210595489
7520 1 39524 0.7058824 0.6425529718399048
7521 1 625116 0.7083333 0.8600229630246758
7522 1 166135 0.75 1.1635150294750929
7523 1 160498 0.7647059 0.8334169397130609
7524 1 178374 0.8125 0.7138759829103947
7525 1 991221 0.7692308 1.253466005437076
7526 1 1778587 0.7619048 0.8425010601058602
7527 1 159869 0.7647059 0.778020010329783
7528 1 28504 0.7 0.7300339639186859
7529 1 1221861 0.8235294 0.7776449201628566
7530 1 1860792 0.71428573 1.3372430112212896
7531 1 1354348 0.7647059 0.6237420020624995
7532 1 1596895 0.7368421 0.6702819373458624
7533 0 0 0 0.9173429571092129
7534 1 299896 0.72727275 1.0796060087159276
7535 1 276523 0.75 0.6803179858252406
7536 1 233750 0.7307692 1.0954990284517407
7537 1 1442864 0.7058824 0.7185289869084954
7538 1 1906439 0.72727275 0.7407719967886806
7539 1 1961732 0.7368421 0.6607440300285816
7540 1 558762 0.7368421 0.658978009596467
7541 1 794389 0.73913044 0.8483100682497025
7542 1 614824 0.7083333 1.3534239260479808
7543 1 1963862 0.72727275 0.8969360496848822
7544 1 1964889 0.7 0.8581159636378288
7545 1 1270536 0.7826087 0.888593029230833
7546 1 136569 0.7692308 0.548628973774612
7547 1 60030 0.75 1.050492050126195
7548 1 1754536 0.71428573 1.3341300655156374
7549 1 1963478 0.7647059 0.6260840455070138
7550 0 0 0 0.7008410757407546
7551 1 1963610 0.73333335 0.6744989659637213
7552 1 1649378 0.75 1.2163110077381134
7553 1 1961012 0.71428573 0.8104430744424462
7554 1 2225112 0.7619048 0.7245979504659772
7555 1 1782370 0.7058824 0.7283310405910015
7556 1 982282 0.7241379 4.07801300752908
7557 1 617022 0.72727275 7.345755933783948
7558 1 1581670 0.71428573 3.463999950326979
7559 1 2216463 0.72727275 6.244165007956326
7560 0 0 0 2.351872972212732
7561 1 2457368 0.73333335 4.000729997642338
7562 1 1597384 0.71428573 2.897874917834997
7563 1 179446 0.7741935 5.262089078314602
7564 1 39096 0.7 4.727459978312254
7565 1 860501 0.7058824 6.794882006943226
7566 1 850965 0.73333335 2.7723490493372083
7567 1 1073765 0.75 7.110498030669987
7568 1 196696 0.7352941 7.748660049401224
7569 0 0 0 4.930399009026587
7570 1 2398038 0.71428573 8.175868075340986
7571 1 1667564 0.75 3.4204719122499228
7572 1 1905826 0.7419355 5.882447003386915
7573 1 1557126 0.75 6.069608964025974
7574 1 1453983 0.7058824 7.353752036578953
7575 1 1175294 0.75757575 6.554286926984787
7576 1 1298903 0.7352941 7.359348936006427
7577 1 1189009 0.7105263 6.921503925696015
7578 1 1847839 0.79310346 5.320138996466994
7579 1 556812 0.7352941 7.117161992937326
7580 1 110414 0.7037037 3.2451660372316837
7581 1 579518 0.71428573 7.649046019650996
7582 1 1609348 0.8148148 2.0920089446008205
7583 1 1730934 0.71875 6.477616028860211
7584 1 1202310 0.7096774 4.3903670739382505
7585 1 1184699 0.7096774 7.649636012502015
7586 1 1322392 0.78125 3.7855159025639296
7587 1 2120262 0.7777778 2.585791051387787
7588 1 1704733 0.76666665 3.8025359390303493
7589 1 1630819 0.7586207 4.140606033615768
7590 1 1265643 0.7241379 4.082261933945119
7591 1 2013246 0.8125 4.147046012803912
7592 1 1613760 0.7647059 5.7604319881647825
7593 1 502335 0.7586207 3.9331960724666715
7594 1 422929 0.7 3.5203431034460664
7595 1 1128408 0.7241379 3.2924049301072955
7596 1 11997 0.73333335 4.075122997164726
7597 1 1969915 0.7037037 4.934014985337853
7598 1 1494835 0.7105263 7.487180992029607
7599 1 208884 0.7222222 6.567192962393165
7600 1 534120 0.8148148 2.9800740303471684
7601 1 566744 0.8 2.020539017394185
7602 1 1881381 0.7 4.442933946847916
7603 1 829824 0.72727275 3.538953955285251
7604 1 857973 0.7096774 3.7544009974226356
7605 1 1981768 0.7037037 1.7813859740272164
7606 1 820356 0.71875 4.942430998198688
7607 1 141637 0.7307692 2.277803956530988
7608 1 186714 0.7 4.906722926534712
7609 1 595710 0.73333335 5.0387149676680565
7610 1 113749 0.7058824 4.3196569895371795
7611 1 249970 0.7241379 3.2676809933036566
7612 1 517123 0.71875 5.652030929923058
7613 1 1540129 0.73333335 3.302010940387845
7614 1 663029 0.7058824 6.787038990296423
7615 1 221952 0.73913044 1.9118089694529772
7616 1 2115981 0.71875 5.653959000483155
7617 1 1262747 0.7096774 7.444250979460776
7618 1 223840 0.7619048 1.4997379621490836
7619 1 1689017 0.7777778 3.765447996556759
7620 1 2134995 0.78125 5.830704001709819
7621 1 1627108 0.7352941 6.195741007104516
7622 1 2246889 0.7096774 4.516898072324693
7623 1 1156726 0.7368421 7.7320130076259375
7624 1 1211366 0.8 3.8124999264255166
7625 1 1036304 0.7878788 4.008034942671657
7626 1 1265869 0.71875 6.237169029191136
7627 1 1904532 0.7407407 3.0484229791909456
7628 1 1798937 0.7692308 3.389190067537129
7629 1 1621508 0.79310346 4.681646008975804
7630 1 1171064 0.74285716 5.274325027130544
7631 1 91253 0.75 6.49351195897907
7632 1 299896 0.72 3.063398995436728
7633 1 1628133 0.7037037 2.744946046732366
7634 1 154287 0.7241379 3.122541937045753
7635 1 1430158 0.7222222 7.668916950933635
7636 1 2453234 0.7352941 6.006515002809465
7637 1 1264951 0.7741935 6.8984669633209705
7638 0 0 0 2.5628070579841733
7639 1 1533700 0.79310346 3.8600380066782236
7640 1 1508691 0.7222222 6.511281011626124
7641 1 1277014 0.71794873 6.120314006693661
7642 1 1140940 0.73333335 4.762221942655742
7643 1 1217836 0.7407407 4.203445976600051
7644 1 355998 0.7692308 1.8582309130579233
7645 1 1794671 0.76666665 5.430935998447239
7646 1 1632266 0.72727275 5.963261937722564
7647 1 1111882 0.7777778 6.0286130756139755
7648 1 1530899 0.7916667 2.7084590401500463
7649 1 659387 0.7777778 2.5662319967523217
7650 1 586598 0.7037037 4.702328005805612
7651 1 1296520 0.7222222 7.33020796906203
7652 1 1779686 0.76666665 4.066082066856325
7653 1 1125778 0.7368421 6.920492043718696
7654 1 649474 0.7407407 2.279735985212028
7655 1 538209 0.7241379 4.074926022440195
7656 1 21700 0.7307692 2.317204955033958
7657 1 1436967 0.7619048 1.6082919901236892
7658 1 1797421 0.7096774 7.636187947355211
7659 0 0 0 3.5433380398899317
7660 1 2031870 0.74285716 6.274220999330282
7661 1 2268750 0.76666665 7.2026969864964485
7662 1 586500 0.7419355 5.455221049487591
7663 1 1655130 0.73913044 1.6267449827864766
7664 1 32096 0.7058824 5.063357995823026
7665 1 825118 0.71428573 2.5571919977664948
7666 1 2212352 0.73333335 4.304595990106463
7667 1 197402 0.7241379 2.3506460711359978
7668 1 704480 0.73913044 1.9782059825956821
7669 1 2121701 0.7419355 3.0775070190429688
7670 0 0 0 6.051257951185107
7671 1 1649066 0.71875 4.761953023262322
7672 1 1935553 0.8214286 3.585912985727191
7673 1 1121935 0.7241379 4.085160908289254
7674 1 1048468 0.7419355 5.565214902162552
7675 1 816660 0.7586207 4.432921996340156
7676 1 852827 0.75757575 6.468081031925976
7677 1 975375 0.7241379 3.603670047596097
7678 1 244201 0.7692308 2.1219090558588505
7679 1 2262614 0.71875 7.212835014797747
7680 1 1906969 0.71875 5.180491018109024
7681 1 2130511 0.7419355 5.459666950628161
7682 1 1234448 0.7241379 5.643505020998418
7683 1 264104 0.72727275 6.232338957488537
7684 1 1686291 0.74285716 6.989042041823268
7685 1 4377 0.77272725 1.5252819284796715
7686 1 10358 0.75 3.925241995602846
7687 1 957549 0.75 3.8817160530015826
7688 1 1458812 0.73333335 4.729239037260413
7689 1 454277 0.75 6.629178998991847
7690 1 1679261 0.7 5.181645043194294
7691 1 70004 0.7 4.815939930267632
7692 1 1257656 0.71875 4.605386056937277
7693 1 1116574 0.72727275 5.523222964257002
7694 1 1062538 0.7352941 8.00234405323863
7695 1 1617801 0.76 2.8078139293938875
7696 1 1707516 0.7586207 5.49354893155396
7697 1 1186497 0.7941176 5.286871921271086
7698 1 1130743 0.73333335 4.967863089405
7699 1 1142984 0.76666665 4.673538962379098
7700 1 1159164 0.7692308 2.2836470743641257
7701 1 876204 0.7058824 7.8245269833132625
7702 1 1412460 0.71875 6.003657937981188
7703 1 557951 0.72727275 6.734163034707308
7704 1 1552741 0.75 2.9501079116016626
7705 1 271184 0.7 5.675800028257072
7706 1 533839 0.7352941 7.225241046398878
7707 1 1279791 0.7027027 8.16981797106564
7708 1 1970866 0.7037037 3.384615993127227
7709 1 31612 0.7826087 1.84063205961138
7710 1 1003888 0.75757575 4.429065971635282
7711 1 992392 0.75 6.001155008561909
7712 1 434589 0.7419355 4.415035946294665
7713 1 1645126 0.7083333 3.012428991496563
7714 1 389604 0.7352941 6.402316968888044
7715 0 0 0 4.403096041642129
7716 1 1809278 0.75 7.477076957002282
7717 0 0 0 7.232228992506862
7718 1 1694095 0.7307692 2.360814018175006
7719 1 1992586 0.7692308 2.7064570458605886
7720 1 692706 0.71428573 4.80818294454366
7721 1 1703893 0.7 3.5304189659655094
7722 1 1711320 0.7692308 3.1062010675668716
7723 1 1650716 0.7777778 3.8192819338291883
7724 1 1048340 0.7878788 3.733802936039865
7725 1 1570259 0.75 5.510688992217183
7726 1 1256579 0.7878788 6.102352985180914
7727 1 1046659 0.75 4.741218057461083
7728 1 1194208 0.72727275 6.247234996408224
7729 1 660007 0.7 4.5088359620422125
7730 1 1256355 0.7 5.0339780282229185
7731 1 1040331 0.7352941 7.687255972996354
7732 1 1690004 0.7096774 5.431739031337202
7733 1 1436262 0.73333335 4.100247053429484
7734 1 1566523 0.71428573 6.485810037702322
7735 1 1112610 0.7741935 5.740999011322856
7736 1 1511017 0.7241379 6.300307926721871
7737 1 1549566 0.75757575 5.549699999392033
7738 1 372053 0.71428573 1.6753580421209335
7739 1 2247518 0.71428573 3.527092980220914
7740 1 145719 0.7105263 7.475772988982499
7741 1 139370 0.76 1.8619319889694452
7742 1 1558591 0.7352941 6.501940079033375
7743 1 1667510 0.7352941 6.989364046603441
7744 1 1077708 0.78125 5.324304918758571
7745 1 1043247 0.73333335 4.981243051588535
7746 1 1050262 0.7 5.380698945373297
7747 1 314872 0.7419355 6.801998009905219
7748 1 393645 0.78571427 2.9690380906686187
7749 1 347681 0.71875 6.562693975865841
7750 1 1276462 0.8518519 4.373819101601839
7751 1 1139478 0.7241379 5.378736997954547
7752 1 2473744 0.7419355 6.927918992005289
7753 1 1536568 0.7 3.2169210026040673
7754 0 0 0 3.999818000011146
7755 1 783931 0.75757575 6.467004073783755
7756 1 1094076 0.7352941 4.822660004720092
7757 1 339510 0.8125 5.716603947803378
7758 1 1664224 0.7777778 2.7362200198695064
7759 1 1146144 0.7878788 7.1743689477443695
7760 1 199382 0.7241379 3.106710035353899
7761 1 2355460 0.7105263 6.187866092659533
7762 1 1756080 0.72727275 6.36605394538492
7763 1 1308496 0.71428573 5.946299992501736
7764 1 938333 0.7692308 3.1077159801498055
7765 1 143329 0.7096774 4.273719037882984
7766 1 463132 0.71428573 2.8892839327454567
7767 1 1578726 0.73333335 2.8254149947315454
7768 1 288170 0.7692308 1.843640930019319
7769 1 932733 0.75 5.597390001639724
7770 1 241203 0.73333335 6.151209934614599
7771 1 1571786 0.72727275 5.679646972566843
7772 1 10258 0.7741935 5.982358008623123
7773 1 2227382 0.7027027 7.517955964431167
7774 1 315042 0.7419355 4.464344936423004
7775 1 925 0.7241379 3.32291005179286
7776 1 1454234 0.7307692 3.308637998998165
7777 1 445752 0.71875 4.267125041224062
7778 1 1001912 0.7058824 6.086444947868586
7779 1 659180 0.7352941 7.046003011055291
7780 1 1432022 0.7647059 5.784236011095345
7781 1 1640549 0.71875 5.697788903489709
7782 1 2020417 0.75 6.085373926907778
7783 1 115884 0.71428573 3.509954083710909
7784 1 145895 0.75 5.525504006072879
7785 1 538882 0.72727275 4.735315917059779
7786 1 2158023 0.72727275 6.313169957138598
7787 1 274362 0.75 5.495997960679233
7788 1 1192955 0.7096774 4.265331896021962
7789 1 2253045 0.7 5.159400054253638
7790 1 76978 0.72727275 6.3460179371759295
7791 1 1186967 0.7058824 7.669979007914662
7792 1 648600 0.72727275 4.841745016165078
7793 1 2437871 0.72727275 6.384741980582476
7794 1 1558033 0.7241379 4.362468025647104
7795 1 1963200 0.71428573 1.9339260179549456
7796 1 1463398 0.7241379 3.243400016799569
7797 1 533770 0.7 3.8027779664844275
7798 1 31783 0.75 6.977851968258619
7799 1 1663255 0.7037037 2.818053006194532
7800 1 1078975 0.7241379 4.657823010347784
7801 1 249912 0.8214286 4.0801860159263015
7802 1 483315 0.7419355 6.230441038496792
7803 1 153775 0.7352941 7.155862986110151
7804 1 1594632 0.7419355 5.043191951699555
7805 1 1015833 0.8076923 2.0552969072014093
7806 1 1165355 0.7419355 5.286163999699056
7807 1 1477396 0.75 6.39837293419987
7808 1 499521 0.75 2.922064042650163
7809 1 1654856 0.7 4.674770054407418
7810 1 1074622 0.79310346 5.342136952094734
7811 1 421257 0.7 3.7178199272602797
7812 1 2451145 0.7419355 4.8231539549306035
7813 1 1634431 0.7714286 6.804934935644269
7814 1 1908938 0.8 6.359835970215499
7815 1 1511017 0.7777778 3.9352980675175786
7816 1 49001 0.8333333 5.381433991715312
7817 1 1106227 0.7777778 2.6853960007429123
7818 1 1545492 0.71428573 2.42336792871356
7819 1 1057167 0.75757575 5.325968028046191
7820 1 1910812 0.7352941 6.837823078967631
7821 1 2315194 0.7741935 6.388220004737377
7822 1 1629073 0.7297297 6.329519907012582
7823 1 1911291 0.78571427 4.518745932728052
7824 1 1172470 0.78125 5.146819981746376
7825 1 412344 0.7058824 6.976268021389842
7826 1 1442979 0.7241379 3.356139990501106
7827 1 1964042 0.73913044 1.6021470073610544
7828 1 1086226 0.7 4.4265249744057655
7829 1 510478 0.72727275 4.951093927957118
7830 1 1490435 0.78125 6.513803033158183
7831 1 630186 0.7058824 6.509401020593941
7832 1 21487 0.79310346 5.148169002495706
7833 1 502989 0.76 2.665073028765619
7834 1 510926 0.7058824 6.8164520198479295
7835 0 0 0 3.574651898816228
7836 1 870030 0.71794873 7.249979069456458
7837 1 482445 0.7419355 5.884233978576958
7838 1 1404200 0.7058824 4.604656016454101
7839 1 1623420 0.75 4.207974066957831
7840 1 141186 0.71875 6.194074987433851
7841 1 357061 0.75 5.524071981199086
7842 1 873759 0.7741935 5.25260902941227
7843 1 748919 0.7352941 4.07736306078732
7844 1 426294 0.72727275 5.672355066053569
7845 1 1727243 0.8333333 2.4059530114755034
7846 1 104255 0.7647059 4.113064962439239
7847 1 2393533 0.7 4.8400379018858075
7848 1 857986 0.71428573 2.5437420699745417
7849 1 1994001 0.7058824 5.976319080218673
7850 1 1759246 0.75 2.073816955089569
7851 1 1291161 0.7419355 5.457412917166948
7852 1 940909 0.7241379 2.862894907593727
7853 1 316042 0.7058824 7.400387083180249
7854 1 1664771 0.7878788 5.792455980554223
7855 1 1855246 0.71875 4.736614995636046
7856 1 1672415 0.7307692 2.2095880704000592
7857 1 1174347 0.75757575 5.359678063541651
7858 1 1273209 0.7 4.562139045447111
7859 1 1347327 1.0 4.394265939481556
7860 1 1464214 0.72727275 6.481375079602003
7861 1 518686 0.7647059 7.437178981490433
7862 1 661716 0.73333335 6.952230003662407
7863 0 0 0 5.000812001526356
7864 1 1905410 0.71428573 7.285400060936809
7865 0 0 0 2.4104199837893248
7866 1 634684 0.73333335 4.418575903400779
7867 1 1960511 0.72 1.795471995137632
7868 1 1358116 0.72727275 6.710182991810143
7869 1 1266039 1.0 3.9467790629714727
7870 1 20465 0.7419355 4.855463048443198
7871 1 1569519 0.7586207 2.2549600107595325
7872 1 342532 0.7 3.909856895916164
7873 1 1272716 0.75 2.416528994217515
7874 1 1677057 0.7352941 6.620988016948104
7875 1 1903269 0.7777778 3.954153973609209
7876 1 1046065 0.7058824 7.810541894286871
7877 1 1591629 0.75 4.888233030214906
7878 1 2283755 0.74285716 7.821323932148516
7879 1 1858213 0.7741935 5.441441084258258
7880 1 142888 0.75 5.484355962835252
7881 1 1713067 0.75 1.9703180296346545
7882 1 910880 0.7083333 2.2235739743337035
7883 1 495071 0.72727275 6.891172030009329
7884 1 1807901 0.7407407 3.0293819727376103
7885 1 1454238 0.7407407 4.416010924614966
7886 1 437428 0.8148148 2.8416820568963885
7887 1 1467166 0.7692308 3.003280027769506
7888 1 1653198 0.7407407 4.651520983316004
7889 1 1620426 0.75 4.2244900250807405
7890 1 1133859 0.7058824 5.784054985269904
7891 1 981579 0.7096774 4.267538082785904
7892 1 1963946 0.7619048 1.4993490185588598
7893 1 1565338 0.75 5.690163001418114
7894 1 1899221 0.7647059 7.096200017258525
7895 1 195711 0.71428573 2.943136962130666
7896 1 1249345 0.71428573 5.940711940638721
7897 1 1467975 0.7777778 6.414382020011544
7898 1 666734 0.79310346 4.978033946827054
7899 1 1157340 0.75 6.101667997427285
7900 1 275096 0.73333335 4.536580992862582
7901 1 747463 0.7419355 2.772949985228479
7902 1 1463517 0.71875 5.075227934867144
7903 1 1433186 0.7826087 1.8802930135279894
7904 1 235591 0.75 1.891392981633544
7905 1 734023 0.8181818 5.458484985865653
7906 1 2355439 0.7096774 5.315929069183767
7907 1 232426 0.71428573 1.271323999390006
7908 1 1300146 0.7407407 3.9199780439957976
7909 1 1234534 0.79310346 4.976243944838643
7910 1 1614561 0.725 6.557579035870731
7911 1 2820 0.71875 5.75088697951287
7912 1 1640219 0.71875 4.335234989412129
7913 1 1399012 1.0 2.670250949449837
7914 1 451068 0.7419355 4.081590101122856
7915 1 2018489 0.7037037 3.3423220738768578
7916 1 600797 0.75757575 6.5578719368204474
7917 1 6476 0.7 4.805531003512442
7918 1 42674 0.75 3.376621985808015
7919 0 0 0 3.318632021546364
7920 1 201273 0.75 6.375627010129392
7921 1 1668405 0.7037037 4.336804035119712
7922 1 1695422 0.75757575 7.548480993136764
7923 1 2457346 0.7058824 5.472074029967189
7924 1 442618 0.7826087 1.9711189670488238
7925 1 1321168 0.75 7.453305064700544
7926 1 673776 0.7586207 6.913125980645418
7927 1 2388043 0.78125 7.308833068236709
7928 0 0 0 7.301502977497876
7929 1 1778456 0.7 4.729280946776271
7930 1 1178187 0.7714286 5.573435104452074
7931 1 1385999 0.725 7.553339004516602
7932 1 1079429 0.7241379 1.790662994608283
7933 1 1157106 0.7352941 7.178300991654396
7934 1 1030729 0.7297297 6.564593059010804
7935 1 2172357 0.7222222 7.506599999032915
7936 1 439558 0.73333335 4.858672968111932
7937 1 1554594 0.7 5.131222074851394
7938 1 1445062 0.7586207 4.336453042924404
7939 1 346817 0.7241379 3.497957019135356
7940 1 2455037 0.7352941 6.5161059610545635
7941 1 735661 0.7692308 2.7527320198714733
7942 1 869915 0.7878788 3.967024968005717
7943 1 1938071 0.76 3.450728952884674
7944 1 1970866 0.7307692 2.512758015654981
7945 1 410818 0.7741935 3.8811619160696864
7946 1 317587 0.7037037 3.2719169976189733
7947 1 1466643 0.75 6.342059001326561
7948 1 748577 0.76666665 3.1727959867566824
7949 1 10845 0.75 3.9774440228939056
7950 1 1521553 0.75 6.161772063933313
7951 1 630184 0.78571427 2.0395589526742697
7952 1 833350 0.7647059 6.8454829743131995
7953 1 490252 0.71428573 3.5523680271580815
7954 1 448652 0.71428573 4.298946936614811
7955 1 863052 0.7352941 6.99799507856369
7956 1 666353 0.7407407 3.160008927807212
7957 1 598202 0.75 6.038503954187036
7958 1 1448714 0.75757575 6.633501034229994
7959 1 976796 0.75 3.2208559568971395
7960 1 1165792 0.7105263 7.514050113968551
7961 1 518655 0.7096774 5.107783013954759
7962 1 1001780 0.7368421 6.9616870023310184
7963 0 0 0 1.30889390129596
7964 1 231654 0.7878788 5.644046002998948
7965 1 537773 0.71428573 1.8624599324539304
7966 1 443758 0.7083333 2.289727097377181
7967 1 1987104 0.72727275 5.166057031601667
7968 1 556051 0.7096774 3.799359896220267
7969 1 24777 0.7741935 5.2794290240854025
7970 1 1350568 0.79310346 3.0028759501874447
7971 1 659833 0.75 3.8814509753137827
7972 1 83167 0.7241379 2.189523074775934
7973 1 1968818 0.7307692 3.2893349416553974
7974 1 1530211 0.7878788 4.282298963516951
7975 1 2159389 0.7058824 6.644511013291776
7976 1 1378389 0.7037037 4.2222230695188046
7977 1 1173099 0.7058824 6.809812039136887
7978 1 2199327 0.7 2.64571001753211
7979 1 1299215 0.71875 4.848142038099468
7980 1 1301619 0.76 2.9877839842811227
7981 1 1143288 0.71794873 7.7640790259465575
7982 1 1619612 0.7058824 7.353502092882991
7983 1 1969281 0.7692308 3.484945045784116
7984 1 116528 0.75 5.046514910645783
7985 1 2272379 0.75 3.776474972255528
7986 1 1176047 0.7777778 8.392957039177418
7987 0 0 0 8.86437192093581
7988 1 764857 0.75 3.7360150599852204
7989 0 0 0 5.968033918179572
7990 1 390744 0.78125 7.553557050414383
7991 1 309780 0.7 8.140357094816864
7992 1 930871 0.73333335 6.048011942766607
7993 1 1669083 0.71428573 4.619809100404382
7994 1 2199328 0.73333335 4.935053060762584
7995 1 1483061 0.7241379 5.746217095293105
7996 1 2436753 0.78571427 5.035559996031225
7997 1 1096453 0.7058824 7.745453040115535
7998 1 388559 0.75757575 7.696653017774224
7999 1 1261897 0.71875 6.050109979696572
8000 1 2115778 0.7714286 6.897350074723363
8001 1 451339 0.75 2.272211015224457
8002 1 305184 0.7058824 8.016708074137568
8003 1 1073788 0.75 3.5041479859501123
8004 1 443778 0.7777778 2.1556869614869356
8005 1 1042380 0.78125 6.4330389723181725
8006 1 1910393 0.72727275 4.422768950462341
8007 1 1626528 0.79310346 4.018809995613992
8008 1 472559 0.78571427 3.2213610829785466
8009 1 1433186 0.73913044 1.774502918124199
8010 1 844858 0.7307692 3.5550930770114064
8011 1 1260325 0.7307692 3.658758942037821
8012 1 423727 0.7407407 5.006563034839928
8013 1 1293783 0.7241379 4.4387630186975
8014 1 1160567 0.7027027 6.427119951695204
8015 1 2199771 0.72 3.3768570283427835
8016 1 43213 0.76 2.747940947301686
8017 1 1553497 0.73333335 4.583582980558276
8018 1 1270379 0.73913044 2.216523978859186
8019 1 1418407 0.7419355 2.9828499536961317
8020 1 1530839 0.7241379 5.124709918163717
8021 1 1671670 0.71428573 8.208803017623723
8022 1 77752 0.75 5.943090072833002
8023 1 32729 0.7096774 5.362630938179791
8024 1 355638 0.7058824 7.288950029760599
8025 1 994185 0.71794873 7.02603708487004
8026 1 1450433 0.7 4.715803079307079
8027 1 1169226 0.72727275 6.7456739488989115
8028 1 1711322 0.71428573 7.042768062092364
8029 1 407101 0.78571427 3.952931030653417
8030 1 2199771 0.7826087 2.1132510155439377
8031 1 1117442 0.75757575 5.585039965808392
8032 1 499981 0.71875 5.730470991693437
8033 1 1628591 0.7941176 5.593271926045418
8034 1 1346388 1.0 5.4581440053880215
8035 1 1119569 0.75 6.880551925860345
8036 1 2006273 0.7878788 6.069409078918397
8037 1 22584 0.75 6.762625998817384
8038 1 663997 0.7307692 2.586649963632226
8039 1 2469658 0.78571427 4.412967944517732
8040 1 1553299 0.7878788 5.984934978187084
8041 1 1317765 0.7714286 5.90677501168102
8042 1 1408860 0.71428573 3.9286690298467875
8043 0 0 0 4.075633944012225
8044 1 1952088 0.78125 6.598982028663158
8045 1 1110437 0.7058824 8.539941045455635
8046 1 1516382 0.8076923 2.686970983631909
8047 1 245653 0.7 4.952518967911601
8048 1 1735041 0.7037037 1.7829010030254722
8049 1 1050280 0.7352941 6.256378022953868
8050 1 803474 0.72727275 6.2211110489442945
8051 1 956533 0.72727275 6.308235926553607
8052 1 1963191 0.73333335 4.541811998933554
8053 1 1015435 0.8 5.168567993678153
8054 1 760963 0.7037037 3.35040595382452
8055 1 1420103 0.78125 5.893397028557956
8056 1 1061958 0.7209302 15.33160696271807
8057 1 663416 0.73170733 12.048935052007437
8058 1 1015477 0.7111111 17.956245923414826
8059 1 1196003 0.73913044 14.911400037817657
8060 1 2449033 0.8095238 13.928186031989753
8061 1 1146464 0.7567568 8.5628149099648
8062 1 1441321 0.7209302 15.107435057871044
8063 1 1073402 0.75 9.332747082225978
8064 1 1691303 0.7659575 16.89694100059569
8065 1 2049192 0.7894737 10.961272986605763
8066 1 1558866 0.7692308 11.852675001136959
8067 1 1553283 0.79545456 15.231330064125359
8068 1 20227 0.7 15.525719965808094
8069 1 1471643 0.7111111 15.263754990883172
8070 1 477121 0.7567568 10.906753013841808
8071 1 1731904 0.7368421 13.29802698455751
8072 1 1128805 0.75 9.388927021063864
8073 1 575808 0.725 13.898432021960616
8074 1 1079160 0.7346939 16.50565303862095
8075 1 1128617 0.8 12.333544087596238
8076 1 1520427 0.79545456 15.898821991868317
8077 1 1444103 0.71794873 12.519098003394902
8078 1 1099524 0.7027027 10.619496926665306
8079 0 0 0 14.305024989880621
8080 1 1356187 0.8888889 10.910368990153074
8081 1 1317348 0.7368421 14.430042007006705
8082 1 1078086 0.76744187 13.8453139225021
8083 1 1218420 0.7714286 6.854515988379717
8084 1 1032529 0.7111111 14.299315051175654
8085 1 653279 0.70731705 15.20247501321137
8086 1 1686405 0.74358976 13.1725890096277
8087 1 1467787 0.74285716 9.638977004215121
8088 1 1084840 0.8055556 8.29461810644716
8089 1 537963 0.7173913 16.791511909104884
8090 1 721435 0.75 12.820104020647705
8091 1 1454121 0.74358976 9.717826033011079
8092 0 0 0 7.505296031013131
8093 1 1057599 0.7804878 14.483805978670716
8094 1 322526 0.74358976 13.604046078398824
8095 1 1175785 0.7894737 14.196670963428915
8096 1 2121608 0.7222222 7.7581360237672925
8097 1 1557378 0.7777778 10.701940977014601
8098 1 1576146 0.7692308 14.728356967680156
8099 1 454739 0.7352941 9.19456291012466
8100 1 1663297 0.74358976 15.078430064022541
8101 1 1024987 0.7297297 13.356326962821186
8102 1 841312 0.75 10.877714026719332
8103 1 1548266 0.73170733 8.887424017302692
8104 1 1439681 0.71428573 14.47408099193126
8105 1 1063036 0.79545456 15.818102983757854
8106 1 540628 0.7777778 10.544504970312119
8107 1 1548743 0.775 11.452531907707453
8108 1 1498103 0.7631579 11.938084964640439
8109 1 1220951 0.7234042 14.630507910624146
8110 1 1741839 0.8 10.376310907304287
8111 1 562927 0.74358976 14.030340011231601
8112 1 1733136 0.7297297 10.752127971500158
8113 1 2055994 0.7647059 6.874926039017737
8114 1 655943 0.7105263 9.873749106191099
8115 1 923381 0.7837838 9.914305992424488
8116 1 476549 0.8064516 6.382891908288002
8117 1 1997397 0.7631579 10.762835037894547
8118 1 1078506 0.775 14.82637005392462
8119 1 611754 0.7647059 11.663021985441446
8120 1 1705590 0.7105263 14.303102041594684
8121 1 2113627 0.73913044 13.180530979298055
8122 1 858157 0.7 10.469031985849142
8123 1 1623760 0.73913044 14.89416800905019
8124 1 553281 0.71428573 12.282144976779819
8125 0 0 0 13.65118008106947
8126 1 1474725 0.76744187 14.485474908724427
8127 1 1562830 0.775 14.35206294991076
8128 1 312235 0.7692308 10.584976989775896
8129 1 990846 0.725 14.885502983815968
8130 1 2106246 0.775 14.153982978314161
8131 1 1901523 0.74285716 8.940523955971003
8132 0 0 0 14.35378403402865
8133 1 1094195 0.7105263 9.461264009587467
8134 1 827365 0.8055556 7.870584959164262
8135 1 720196 0.73170733 15.37025289144367
8136 1 1460487 0.75 15.847291913814843
8137 1 1306550 0.74418604 13.797322986647487
8138 1 1431583 0.78571427 15.579963917843997
8139 1 987160 0.7906977 15.463400981388986
8140 1 726168 0.73170733 16.3799449801445
8141 1 1987279 0.70731705 14.595930930227041
8142 1 1095762 0.7368421 13.123246957547963
8143 1 1096050 0.81395346 14.751437003724277
8144 1 11358 0.7297297 15.711884014308453
8145 1 1254040 0.7209302 17.80317898374051
8146 1 1333615 0.78571427 12.337040971033275
8147 1 1392989 0.78571427 12.985307956114411
8148 1 1980117 0.74358976 7.950408034957945
8149 1 1504375 0.7906977 13.842954998835921
8150 1 1515778 0.7297297 8.25168692972511
8151 1 426950 0.7804878 13.047558953985572
8152 1 853348 0.7297297 7.069304934702814
8153 1 1462856 0.78571427 12.772788992151618
8154 1 1428456 0.7659575 13.948198989965022
8155 1 1095621 0.7804878 9.519662009552121
8156 1 1705777 0.7380952 13.736862922087312
8157 0 0 0 7.501640939153731
8158 1 1779707 0.7692308 14.616205007769167
8159 1 1177886 0.75 14.09279799554497
8160 1 1308141 0.7209302 13.920268975198269
8161 1 1302915 0.725 9.671824984252453
8162 1 998147 0.7 10.509582003578544
8163 1 1629851 0.74358976 9.684604010544717
8164 1 1549291 0.75555557 15.508070006035268
8165 1 1061943 0.7209302 16.16872998420149
8166 1 544284 0.7291667 14.410097035579383
8167 1 1525759 0.73913044 16.589337959885597
8168 1 1500044 0.7837838 10.516062029637396
8169 1 1378040 0.7692308 11.960838921368122
8170 1 1654586 0.85 12.017146917060018
8171 1 1274215 0.7380952 12.744060950353742
8172 1 2217561 0.71794873 13.720844057388604
8173 1 1585385 0.71794873 14.648822019807994
8174 1 1623439 0.7894737 11.159135960042477
8175 1 1452403 0.7567568 11.385241989046335
8176 1 493157 0.7647059 7.151694968342781
8177 1 498092 0.7105263 7.051681983284652
8178 1 1191057 0.73170733 10.93859993852675
8179 1 1610134 0.71794873 13.731633080169559
8180 1 1046528 0.7894737 10.25419298093766
8181 1 1497381 0.75 7.876391988247633
8182 1 1709209 0.7209302 13.708504964597523
8183 1 744966 0.70454544 14.80609702412039
8184 1 1298288 0.7878788 6.8523919908329844
8185 1 1728798 0.82051283 11.630812892690301
8186 1 1212832 0.7222222 9.615740971639752
8187 1 648384 0.7352941 10.875583975575864
8188 1 1401424 0.7105263 13.938747928477824
8189 1 1261880 0.75609756 12.83778203651309
8190 1 1517669 0.73170733 15.349820023402572
8191 1 1030830 0.71428573 16.083516995422542
8192 1 347167 0.7058824 11.087919003330171
8193 1 2088436 0.7619048 14.60558595135808
8194 1 1300263 0.7837838 9.686909965239465
8195 1 1243119 0.7777778 7.536318968050182
8196 1 1508600 0.7380952 12.988669914193451
8197 1 1136545 0.75609756 13.214984093792737
8198 1 1915605 0.7297297 7.110298960469663
8199 1 1127161 0.70212764 17.932381946593523
8200 1 1475932 0.7368421 10.741446982137859
8201 1 2347240 0.72727275 16.602320014499128
8202 1 1241479 0.8 7.750830962322652
8203 1 447524 0.7692308 12.459395918995142
8204 1 1512196 0.77272725 14.580116025172174
8205 1 1888410 0.7027027 10.500003001652658
8206 1 1303044 0.71428573 13.09010002296418
8207 1 2431754 0.7619048 16.02233899757266
8208 1 1045781 0.8108108 10.52006403915584
8209 1 1405724 0.75 8.774813963100314
8210 1 1255082 0.7837838 11.42651098780334
8211 1 66712 0.8 13.728602090850472
8212 1 1795903 0.7209302 16.686048009432852
8213 1 1905834 0.7105263 14.323821989819407
8214 1 1966483 0.7 11.423851945437491
8215 1 995994 0.71428573 13.002691906876862
8216 1 807384 0.7948718 12.882280047051609
8217 1 1700028 0.78125 7.532545016147196
8218 1 1521517 0.75609756 13.09868402313441
8219 1 1428846 0.7948718 11.761156027205288
8220 1 1104332 0.76744187 14.205140061676502
8221 1 2048659 0.7027027 7.476077997125685
8222 1 764347 0.7027027 10.74899104423821
8223 1 840543 0.7297297 12.206832063384354
8224 1 1063288 0.73170733 15.123791061341763
8225 1 1291639 0.775 12.74280995130539
8226 1 1291702 0.7209302 15.478182001970708
8227 1 1660545 0.7692308 11.675894958898425
8228 1 458424 0.73170733 13.489832053892314
8229 1 1621951 0.77272725 12.08719506394118
8230 1 1586809 0.7368421 10.87306602858007
8231 1 1740549 0.73913044 16.47473801858723
8232 1 945600 0.71794873 12.037746026180685
8233 1 1472701 0.7777778 9.36749204993248
8234 1 1472934 0.75 13.966851984150708
8235 1 861639 0.7111111 16.621932038106024
8236 1 1470733 0.78571427 14.801450073719025
8237 1 964465 0.7692308 11.151943006552756
8238 1 882484 0.7878788 6.879794993437827
8239 1 430688 0.7837838 10.752973961643875
8240 1 1107876 0.70731705 12.567844009026885
8241 1 684134 0.70731705 16.618106979876757
8242 1 1276726 0.7837838 10.40685991756618
8243 1 1497397 0.84210527 9.420596063137054
8244 1 1527077 0.77272725 14.149660943076015
8245 1 1026733 0.725 8.268053061328828
8246 1 1564413 0.81395346 14.869572944007814
8247 1 2075260 0.775 14.267103979364038
8248 1 1119033 0.71794873 13.629975030198693
8249 1 240855 0.75 13.760354020632803
8250 1 1425220 0.7692308 10.132652940228581
8251 1 695875 0.74418604 14.948391006328166
8252 1 87544 0.75 10.021707974374294
8253 1 1048483 0.71428573 8.967792033217847
8254 1 1073470 0.75609756 12.910630088299513
8255 1 2027849 0.7619048 13.845075038261712
8256 1 1652633 0.74418604 15.93053201213479
8257 1 482210 0.7 16.395544982515275
8258 1 1512462 0.7878788 7.9064699821174145
8259 1 1626490 0.7777778 8.923974935896695
8260 1 631033 0.775 13.268916984088719
8261 1 292709 0.75 8.930900017730892
8262 1 836588 0.7 13.39264097623527
8263 1 1394656 0.71428573 11.678726063109934
8264 1 820267 0.7567568 12.52646406646818
8265 1 1639299 0.71794873 13.815984944812953
8266 1 1133547 0.7631579 11.525137932039797
8267 1 869935 0.825 11.350414017215371
8268 1 1262468 0.7222222 10.26927400380373
8269 1 192930 0.7368421 10.208260966464877
8270 1 1547904 0.7804878 13.850176008418202
8271 0 0 0 15.484687988646328
8272 1 787019 0.7297297 10.883231996558607
8273 1 1708168 0.7368421 11.956997914239764
8274 1 1138682 0.7380952 12.271974002942443
8275 1 704839 0.75609756 10.214310954324901
8276 1 719370 0.7111111 16.82075101416558
8277 1 302029 0.75 10.806170990690589
8278 1 560713 0.725 10.301191010512412
8279 1 1475319 0.74358976 6.956593017093837
8280 1 1492919 0.75 17.472721985541284
8281 1 2031614 0.8 10.86587703321129
8282 1 1088748 0.73333335 14.780467958189547
8283 1 1654772 0.7368421 9.635003050789237
8284 1 1272326 0.71794873 12.24677194841206
8285 1 1513214 0.725 13.09831696562469
8286 1 1292214 0.7941176 9.521916043013334
8287 1 1457999 0.7567568 10.90451399795711
8288 1 738972 0.75 13.317808974534273
8289 1 1921934 0.70731705 12.930350960232317
8290 1 1481511 0.70731705 16.502615995705128
8291 1 1457099 0.7027027 11.64777297526598
8292 1 1715265 0.71428573 11.363142053596675
8293 1 161810 0.7631579 11.730720056220889
8294 1 1508548 0.775 11.742523987777531
8295 1 1109065 0.7368421 8.305405965074897
8296 1 2227382 0.7692308 12.299519963562489
8297 1 1706924 0.7567568 10.114255012013018
8298 1 1907887 0.75 14.338362962007523
8299 1 1127941 0.75 16.58135198522359
8300 1 1169636 0.80487806 14.513588976114988
8301 1 1490435 0.75757575 8.31470894627273
8302 1 630286 0.75 8.201727992855012
8303 1 1961930 0.8108108 11.667352984659374
8304 1 1243513 0.75555557 15.958929085172713
8305 1 2048484 0.79545456 15.588304959237576
8306 1 619524 0.73333335 16.003541997633874
8307 1 1123173 0.7777778 7.738322019577026
8308 1 1465332 0.7297297 9.316870011389256
8309 1 426192 0.8 15.486742951907218
8310 1 2114024 0.75 12.994390912353992
8311 1 1158985 0.775 12.298753950744867
8312 1 572295 0.7105263 12.771477922797203
8313 1 1121037 0.7894737 11.431442922912538
8314 1 569535 0.7352941 7.036956958472729
8315 1 1022380 0.71428573 16.515944036655128
8316 1 2068074 0.77272725 14.122572029009461
8317 1 1843653 0.78571427 12.333314050920308
8318 1 2092384 0.74285716 6.818569963797927
8319 1 1124944 0.7368421 9.824373992159963
8320 1 1538980 0.7631579 12.717982055619359
8321 1 1498657 0.73170733 15.799722052179277
8322 1 1280712 0.7692308 13.84437596425414
8323 1 1566244 0.725 12.081793043762445
8324 1 1402384 0.775 13.989502913318574
8325 1 855566 0.7111111 15.867026057094336
8326 1 660931 0.7804878 13.411980005912483
8327 1 1346648 0.74358976 9.832724928855896
8328 1 1587431 0.75609756 14.056999003514647
8329 1 1183844 0.7894737 10.799303068779409
8330 1 455710 0.72727275 7.652931963093579
8331 1 1015715 0.7254902 17.01459300238639
8332 1 364453 0.75609756 13.051023939624429
8333 1 1183307 0.71428573 15.772346989251673
8334 1 1137473 0.7837838 9.608238004148006
8335 1 1377244 0.71428573 13.923349906690419
8336 1 1469168 0.70454544 14.015721040777862
8337 1 2258750 0.71794873 10.947921080514789
8338 1 1006290 0.75 11.662589968182147
8339 1 1125499 0.75 11.724392999894917
8340 1 1757796 0.76744187 15.226657036691904
8341 1 337638 0.7352941 7.449924014508724
8342 1 1023892 0.75 8.629961987026036
8343 1 1594322 0.7692308 7.100622984580696
8344 1 1456955 0.75 12.857647961936891
8345 1 1062409 0.7209302 15.132093918509781
8346 1 1899932 0.71428573 12.79647194314748
8347 1 1493444 0.7567568 8.455233997665346
8348 1 2383728 0.75 15.57900698389858
8349 1 479840 0.7647059 7.696838001720607
8350 1 1059286 0.8235294 7.173416088335216
8351 1 1552318 0.7741935 6.998440017923713
8352 1 563671 0.7222222 8.744559017941356
8353 1 510304 0.8095238 14.98027506750077
8354 1 34215 0.8 7.604940910823643
8355 1 1299103 0.75 10.725553962402046
8356 1 1280323 0.7111111 17.32757408171892
8357 1 110903 0.75 13.97991506382823
8358 1 1290607 0.7567568 10.108642978593707
8359 1 1055038 0.80487806 11.320469086058438
8360 1 901436 0.7297297 10.685016051866114
8361 1 1373576 0.71428573 7.499278988689184
8362 1 28751 0.7297297 8.88258300255984
8363 1 1604587 0.7096774 7.481574080884457
8364 1 781779 0.7692308 11.755520012229681
8365 1 1153553 0.75 10.760324075818062
8366 1 1468865 0.7222222 9.038512944243848
8367 1 617938 0.78125 7.4724649311974645
8368 0 0 0 9.459124994464219
8369 1 1475832 0.7894737 8.059266954660416
8370 1 1161127 0.77272725 14.241612982004881
8371 1 1611164 0.7837838 7.462419918738306
8372 1 1272598 0.76744187 12.337433989159763
8373 1 2105754 0.77272725 14.145917957648635
8374 1 461766 0.74285716 8.929891977459192
8375 1 2442932 0.7777778 8.38840298820287
8376 1 4328 0.7058824 7.5475790072232485
8377 1 1072808 0.73333335 13.179428060539067
8378 1 1451740 0.7894737 12.274883105419576
8379 1 1363845 0.7619048 14.349070959724486
8380 1 1549696 0.7619048 13.223084970377386
8381 1 1401911 0.7659575 16.30964793730527
8382 1 1162754 0.775 14.349124045111239
8383 1 1167171 0.8125 7.38886499311775
8384 1 1294522 0.78125 7.59978499263525
8385 1 573017 0.7368421 9.146412019617856
8386 1 580307 0.71794873 13.472747057676315
8387 1 1013667 0.77272725 13.047441025264561
8388 1 1001479 0.71428573 13.489427044987679
8389 0 0 0 15.859910054132342
8390 1 219585 0.7297297 10.498834075406194
8391 1 1485750 0.725 14.921566005796194
8392 1 1192162 0.75 14.093545963987708
8393 1 1450954 0.75 8.559299050830305
8394 1 1095546 0.71428573 15.175423002801836
8395 1 1433073 0.7297297 11.07916992623359
8396 1 1597508 0.7105263 13.797604944556952
8397 1 1609916 0.7368421 13.258818071335554
8398 1 1987769 0.8095238 14.935988001525402
8399 1 1552586 0.7804878 13.571487972512841
8400 1 1532385 0.7105263 10.811595944687724
8401 1 1112460 0.8055556 8.396100020036101
8402 1 1510334 0.7297297 12.173791066743433
8403 1 1018350 0.7368421 13.3626350434497
8404 1 1127677 0.7878788 10.044743889011443
8405 1 1482717 0.7777778 17.912389943376184
8406 1 1553918 0.70731705 12.833234970457852
8407 1 1071519 0.7209302 14.820487005636096
8408 1 1552942 0.75555557 15.210894052870572
8409 1 1599109 0.7948718 8.841269998811185
8410 1 1486198 0.75555557 14.568031998351216
8411 1 876061 0.7222222 11.394878034479916
8412 1 156595 0.75757575 9.415559004992247
8413 1 592618 0.7297297 9.860847028903663
8414 1 1838953 0.79545456 13.339263037778437
8415 0 0 0 15.293095028027892
8416 1 1273031 0.71428573 13.829000061377883
8417 1 1502733 0.72727275 10.298185981810093
8418 1 140840 0.775 14.19262494891882
8419 1 1056035 0.75 13.59266706276685
8420 1 1006142 0.7692308 11.596695054322481
8421 1 1635678 0.75 8.936374098993838
8422 1 1946077 0.7234042 15.860827988944948
8423 1 502047 0.7647059 9.063230943866074
8424 1 1549802 0.7647059 8.969350019469857
8425 1 1113467 0.7906977 14.899449073709548
8426 1 1158325 0.7368421 10.473852045834064
8427 1 526406 0.7105263 9.555830038152635
8428 1 1274769 0.7692308 12.501353048719466
8429 1 1613854 0.74285716 8.385226945392787
8430 1 1186459 0.70454544 15.849860035814345
8431 1 1207870 0.78571427 12.029331061057746
8432 1 1075276 0.7714286 8.37893399875611
8433 1 1141233 0.7105263 11.262089014053345
8434 0 0 0 10.833185981027782
8435 1 395478 0.75 14.340099995024502
8436 1 611884 0.74418604 14.947492978535593
8437 1 1305299 0.75 7.982029928825796
8438 1 1633000 0.70731705 16.360091976821423
8439 1 842245 0.70454544 13.786304043605924
8440 1 2093772 0.78571427 14.97427502181381
8441 1 2052497 0.70731705 11.594292940571904
8442 1 1000885 0.70731705 14.972268952988088
8443 1 1474994 0.74285716 8.706514025107026
8444 1 1464298 0.8 8.76743404660374
8445 1 1159552 0.73170733 12.200130033306777
8446 1 1511923 0.74285716 8.576784981414676
8447 1 840889 0.75 11.702727992087603
8448 1 1555681 0.80487806 14.081400935538113
8449 1 1256411 0.70454544 15.204175957478583
8450 1 1662618 0.76744187 16.004497068934143
8451 1 1506975 0.70731705 13.642802950926125
8452 1 189548 0.7714286 8.761803968809545
8453 1 2295295 0.7826087 14.987291069701314
8454 1 1275578 0.80487806 12.7667241031304
8455 1 1252740 0.75 9.736094041727483
8456 1 1096968 0.75510204 17.295053927227855
8457 1 1713115 0.7297297 9.685136028565466
8458 1 2388290 0.7777778 7.927066064439714
8459 1 1005288 0.725 13.449087040498853
8460 1 398411 0.70454544 14.750238042324781
8461 1 1658904 0.7173913 14.252600958570838
8462 1 1349169 0.80487806 11.88419503159821
8463 1 1214411 0.74285716 6.992498994804919
8464 1 2451434 0.7647059 8.325382019393146
8465 1 543376 0.78571427 13.945888029411435
8466 1 1627555 0.77272725 14.084132970310748
8467 1 1630466 0.75 8.488653926178813
8468 1 1148021 0.70731705 9.337175986729562
8469 1 1451973 0.7352941 8.480000076815486
8470 1 1001746 0.7906977 14.879706897772849
8471 1 1711131 0.73333335 15.425052028149366
8472 1 1333062 0.7837838 11.290746973827481
8473 1 1026940 0.7692308 11.440223082900047
8474 1 833811 0.71428573 9.233209071680903
8475 1 1049360 0.7209302 15.82290104124695
8476 1 1854610 0.72727275 9.424575953744352
8477 1 1118067 0.74285716 8.85624997317791
8478 1 1510819 0.8181818 9.133497951552272
8479 1 1686405 0.74358976 12.583211995661259
8480 1 2074569 0.7380952 13.708562939427793
8481 1 1586809 0.71794873 12.80580007005483
8482 1 495893 0.74285716 9.734424063935876
8483 1 2371157 0.7631579 12.956911930814385
8484 1 948525 0.725 14.328056015074253
8485 1 1574288 0.75555557 13.273786986246705
8486 1 1252550 0.7222222 8.165868930518627
8487 1 1465448 0.7 9.55479103140533
8488 1 2247243 0.71794873 9.94242902379483
8489 1 1211356 0.72 17.332480056211352
8490 1 563671 0.7222222 9.01300401892513
8491 1 1190202 0.7 16.68335997965187
8492 1 672040 0.7 14.844272984191775
8493 1 421710 0.73170733 14.139384031295776
8494 1 717437 0.75609756 12.237454997375607
8495 1 1006624 0.7714286 7.75183190125972
8496 1 601168 0.725 9.302504942752421
8497 1 1065358 0.74358976 11.145372991450131
8498 1 564588 0.7234042 16.668476979248226
8499 1 2282706 0.7941176 10.823666001670063
8500 1 1499798 0.7027027 9.568330948241055
8501 1 463031 0.7619048 14.266782090999186
8502 1 1438939 0.78723407 17.198962974362075
8503 1 1488707 0.75 7.1441520703956485
8504 1 809820 0.7804878 14.262979966588318
8505 1 1142664 0.7567568 9.450302924960852
8506 1 1377943 0.73333335 15.32624801620841
8507 1 461284 0.7352941 9.077613009139895
8508 1 1570488 0.79545456 13.3652068907395
8509 1 44138 0.7368421 10.923414956778288
8510 1 837688 0.7297297 12.044160044752061
8511 1 1482400 0.7906977 13.588109984993935
8512 1 1410316 0.7619048 14.065473107621074
8513 1 2075973 0.71428573 15.27505402918905
8514 1 1088910 0.71428573 13.706302037462592
8515 1 388469 0.7368421 12.267316924408078
8516 1 1300054 0.7209302 16.499044955708086
8517 1 1272027 0.70454544 13.812598073855042
8518 1 1676703 0.78125 8.145696949213743
8519 1 2354419 0.72727275 7.4410500237718225
8520 1 945936 0.7906977 15.48789197113365
8521 1 1270936 0.7692308 14.020610018633306
8522 1 2042494 0.7105263 11.981214978732169
8523 1 1486761 0.7619048 13.05727707222104
8524 1 2413776 0.7741935 7.882325095124543
8525 1 1009591 0.71428573 14.294963097199798
8526 1 782046 0.7647059 6.842817994765937
8527 1 1616979 0.72727275 13.525709044188261
8528 1 1452767 0.71428573 8.580413064919412
8529 1 1043827 0.7906977 12.81609502620995
8530 1 2046760 0.76086956 14.05134005472064
8531 1 734937 0.8 8.804630022495985
8532 1 1180393 0.7352941 7.026099949143827
8533 1 742788 0.8 8.13251396175474
8534 1 1111555 0.7105263 9.499447070993483
8535 1 243529 0.77272725 14.6980358986184
8536 1 648830 0.71428573 9.131681057624519
8537 1 1594557 0.7380952 12.655064929276705
8538 1 1571570 0.7777778 10.315796942450106
8539 1 719120 0.75 15.976498019881546
8540 1 42890 0.7619048 11.586106033064425
8541 1 567667 0.7804878 11.074652895331383
8542 1 2078684 0.73333335 13.498478918336332
8543 1 2093930 0.7105263 9.638431016355753
8544 1 1803619 0.75757575 9.85223101451993
8545 1 655159 0.7222222 8.177284966222942
8546 1 1609785 0.7777778 15.977181028574705
8547 1 991711 0.7222222 11.339222081005573
8548 1 1005352 0.8055556 12.3033809941262
8549 1 1392594 0.7804878 13.499011052772403
8550 1 1615254 0.71794873 12.030537007376552
8551 1 2379832 0.73170733 13.989333063364029
8552 1 1418872 0.7111111 15.564252971671522
8553 1 1114568 0.7380952 12.89779192302376
8554 1 626461 0.71794873 13.226391980424523
8555 1 1449932 0.71428573 15.509136021137238
8556 1 440233 0.7777778 16.643433016724885
8557 1 1196790 0.7118644 19.9648899724707
8558 0 0 0 18.554953043349087
8559 1 1120568 0.7169811 19.7558969957754
8560 1 1207719 0.78 18.89134699013084
8561 1 601749 0.75510204 17.81273796223104
8562 1 1495564 0.72727275 18.44561391044408
8563 1 1107979 0.7592593 18.12550495378673
8564 1 1048150 0.72727275 20.090678008273244
8565 1 1492887 0.7962963 19.055953016504645
8566 1 1267059 0.7346939 20.14573896303773
8567 1 2111401 0.74509805 19.293398945592344
8568 1 771428 0.71153843 18.378229113295674
8569 1 654827 0.7234042 16.723686014302075
8570 1 1139333 0.7169811 18.445675959810615
8571 1 833503 0.7692308 18.08903005439788
8572 1 1301059 0.7755102 18.192991032265127
8573 1 1061424 0.7407407 18.5493400786072
8574 1 974484 0.7755102 17.15755497571081
8575 1 846458 0.78723407 16.07630494982004
8576 1 1077087 0.74509805 18.4791850624606
8577 1 1483664 0.78 18.49097094964236
8578 1 1802573 0.7446808 17.50646298751235
8579 1 662314 0.76086956 18.40590895153582
8580 1 1002422 0.78723407 17.94096699450165
8581 1 1453380 0.72727275 20.04306099843234
8582 1 1650058 0.7647059 20.930293016135693
8583 1 1207035 0.7826087 17.883840948343277
8584 1 983643 0.75 17.912395065650344
8585 1 1159607 0.72727275 18.52346200030297
8586 1 898581 0.7118644 18.52993096690625
8587 1 2064489 0.7 17.873410950414836
8588 1 1954987 0.7209302 17.78750098310411
8589 1 1405317 0.82608694 17.469236976467073
8590 1 1626587 0.8039216 17.322267987765372
8591 1 1444291 0.8035714 18.964690971188247
8592 1 1191475 0.7592593 19.694860093295574
8593 1 1567017 0.7735849 18.218141049146652
8594 0 0 0 18.330483930185437
8595 1 1117086 0.7307692 19.099477911368012
8596 1 1794113 0.7804878 14.643830945715308
8597 1 2090471 0.7222222 18.546956009231508
8598 1 2075689 0.7090909 18.931915052235126
8599 1 1370208 0.8043478 16.938042012043297
8600 1 1012256 0.71428573 18.631496001034975
8601 1 1223057 0.7708333 17.362557002343237
8602 1 1124876 0.71153843 18.4467569924891
8603 1 1345717 0.7234042 17.885365057736635
8604 1 1184507 0.78 17.528047086670995
8605 0 0 0 16.770223039202392
8606 1 1037577 0.76 16.925976029597223
8607 1 1616987 0.71153843 20.610172068700194
8608 1 586189 0.7169811 18.963644048199058
8609 1 560769 0.7234042 18.851405009627342
8610 1 620307 0.76 19.281783024780452
8611 1 2027748 0.7659575 18.952041980810463
8612 1 1003804 0.74 18.32930196542293
8613 1 1665947 0.7735849 20.245476975105703
8614 1 1296966 0.78431374 18.529422930441797
8615 1 677264 0.71929824 20.528045017272234
8616 1 1339363 0.7 19.932191004045308
8617 1 837390 0.76086956 14.851724030449986
8618 1 1652765 0.74418604 17.159137059934437
8619 1 1138795 0.7708333 16.212956979870796
8620 1 2052308 0.7083333 17.93757698033005
8621 1 1615557 0.7234042 17.338147037662566
8622 1 1199156 0.7659575 17.029574024491012
8623 1 1426988 0.8076923 17.32992206234485
8624 1 1556475 0.74 16.49412594269961
8625 1 2455793 0.75 16.20312698651105
8626 1 1502279 0.74509805 17.70389499142766
8627 1 2174224 0.7307692 20.17841092310846
8628 1 1010627 0.7169811 19.510929007083178
8629 1 991628 0.7358491 18.16227100789547
8630 1 2035625 0.73170733 16.95557509083301
8631 1 1409602 0.82 17.614766024053097
8632 1 562683 0.71428573 17.246650997549295
8633 1 1111709 0.76363635 17.74834794923663
8634 1 1295425 0.78723407 18.68184795603156
8635 1 1575050 0.75 19.89809807855636
8636 1 1289075 0.79591835 18.802676000632346
8637 1 2062520 0.7777778 17.61111500672996
8638 1 1174968 0.7037037 18.271918990649283
8639 1 1738995 0.7083333 15.727475984022021
8640 1 843569 0.7916667 17.888688948005438
8641 1 1594838 0.7407407 17.946878913789988
8642 1 1192740 0.78846157 18.41865503229201
8643 1 1567885 0.82608694 17.56872795522213
8644 1 492665 0.7058824 19.513088976964355
8645 1 1667201 0.7307692 19.532038015313447
8646 1 1157450 0.78431374 18.6223229393363
8647 1 1641772 0.78723407 17.79531396459788
8648 1 1047247 0.7659575 17.28000701405108
8649 1 1665377 0.725 16.379222040995955
8650 1 1498969 0.8095238 14.170555979944766
8651 1 817601 0.76086956 17.38060696516186
8652 1 1129206 0.77272725 16.838282928802073
8653 1 1460093 0.75 15.988886007107794
8654 1 1530164 0.7222222 18.47346604336053
8655 1 1592111 0.74 18.348298966884613
8656 1 1389458 0.7916667 18.036152003332973
8657 1 1286010 0.7777778 18.264097976498306
8658 1 2298585 0.81395346 16.998806037008762
8659 1 1663755 0.71428573 19.3652780726552
8660 1 524626 0.78 18.249400076456368
8661 1 1041223 0.754717 18.99685594253242
8662 1 1265248 0.7407407 18.829306005500257
8663 1 582057 0.75510204 18.093264079652727
8664 1 1157820 0.7346939 17.314831959083676
8665 1 1058247 0.7209302 16.870878054760396
8666 1 2107068 0.7346939 16.30010106600821
8667 1 1531467 0.76363635 18.253181944601238
8668 1 1785566 0.76086956 18.448023009113967
8669 1 1526736 0.825 14.223214006051421
8670 1 922465 0.7173913 18.71067297179252
8671 1 132366 0.7111111 19.32289300020784
8672 1 1260561 0.78723407 15.781939961016178
8673 1 1315175 0.71428573 18.782806931994855
8674 1 2008543 0.7254902 19.074467942118645
8675 1 1380308 0.7169811 20.342623931355774
8676 1 810342 0.78571427 20.54451301228255
8677 0 0 0 20.452252007089555
8678 1 1047782 0.7 19.30856890976429
8679 1 860721 0.74 18.426452996209264
8680 1 1492126 0.7692308 18.130569951608777
8681 1 1538779 0.71428573 17.83977192826569
8682 1 1538779 0.7659575 16.664557973854244
8683 1 1490117 0.73913044 16.655999002978206
8684 1 1134901 0.7446808 17.90373004041612
8685 1 1170285 0.71153843 17.72646396420896
8686 1 859283 0.7083333 14.501484925858676
8687 1 1624807 0.78431374 18.01771007012576
8688 1 669686 0.7346939 17.730231978930533
8689 1 1614080 0.7254902 18.530683941207826
8690 1 1663755 0.7254902 19.26681597251445
8691 1 1498647 0.7234042 20.26352903340012
8692 1 1446062 0.71153843 19.61080403998494
8693 1 1092795 0.74 18.316684989258647
8694 1 841859 0.75 19.101524958387017
8695 1 1594766 0.7169811 18.924200907349586
8696 1 1624641 0.775 15.543735004030168
8697 1 1275823 0.7234042 18.2788900565356
8698 1 826853 0.78723407 15.850640018470585
8699 1 1555469 0.70212764 17.12886500172317
8700 1 1634653 0.71153843 19.73109203390777
8701 1 1072679 0.7457627 19.17658792808652
8702 1 2092425 0.7058824 18.86935206130147
8703 1 1156667 0.76086956 17.356902942992747
8704 1 1300173 0.80851066 17.31537899468094
8705 1 1928717 0.7619048 15.369042055681348
8706 1 1487948 0.74418604 19.396277028135955
8707 1 1641245 0.74545455 21.75891399383545
8708 1 1341021 0.8 18.679189030081034
8709 1 1428573 0.7755102 17.645427025854588
8710 1 1753196 0.73214287 19.15252290200442
8711 1 1083472 0.78 19.344566040672362
8712 1 1295912 0.74509805 20.01686708535999
8713 1 1610915 0.78723407 17.01859792228788
8714 1 2070366 0.74 18.21560994721949
8715 1 1760001 0.76363635 17.990304972045124
8716 1 1078591 0.7111111 19.09719198010862
8717 1 1505395 0.7368421 18.363251932896674
8718 1 618396 0.7173913 17.3012480372563
8719 1 1571376 0.74509805 17.670006025582552
8720 1 2094902 0.7058824 19.40672006458044
8721 1 1468187 0.7708333 19.41970898769796
8722 1 1802718 0.7234042 22.142275935038924
8723 1 1573733 0.7647059 28.320187935605645
8724 1 1268420 0.7755102 25.651267962530255
8725 1 1007973 0.7407407 24.04744306113571
8726 1 1338726 0.71428573 26.511749951168895
8727 1 1143746 0.75555557 23.793442989699543
8728 1 1558414 0.74545455 25.21164994686842
8729 1 834844 0.8039216 22.166956099681556
8730 1 1446478 0.78846157 20.789609057828784
8731 1 1792012 0.7826087 18.87636899482459
8732 1 1336077 0.7962963 21.716806921176612
8733 1 1450707 0.7659575 23.44909100793302
8734 1 1156677 0.7692308 22.592479013837874
8735 1 1033295 0.7 22.28397806175053
8736 1 1117461 0.80851066 21.471960935741663
8737 1 1575366 0.84 21.470178035087883
8738 1 1482510 0.76086956 20.309233921580017
8739 1 1355831 0.75 20.211367984302342
8740 1 1106824 0.7058824 21.924335975199938
8741 1 1596719 0.79545456 18.093512044288218
8742 1 1652781 0.7708333 17.851124051958323
8743 1 1180853 0.75510204 19.18696705251932
8744 1 546983 0.73913044 19.44089005701244
8745 1 1063684 0.74545455 18.294187961146235
8746 1 1796677 0.75 20.476953010074794
8747 1 1402405 0.78431374 19.654763978905976
8748 1 1630780 0.81395346 18.160654930397868
8749 1 2109611 0.71428573 19.742286065593362
8750 1 1612368 0.70212764 17.366425949148834
8751 1 1062294 0.73913044 19.428362953476608
8752 1 1196803 0.7291667 18.74676998704672
8753 1 1084316 0.7818182 17.45781407225877
8754 1 2093873 0.70212764 17.11050991434604
8755 1 1349290 0.8043478 15.448699006810784
8756 1 1437505 0.8039216 16.880342038348317
8757 1 1342945 0.7647059 18.986882991157472
8758 1 1435939 0.7647059 18.425047979690135
8759 0 0 0 18.46422499511391
8760 1 325349 0.7777778 16.462180064991117
8761 1 1035446 0.7647059 17.58965407498181
8762 1 1011261 0.75438595 18.460598890669644
8763 1 1119692 0.7735849 19.14945594035089
8764 1 1407006 0.76 18.626658944413066
8765 1 1442168 0.79591835 17.648181063123047
8766 1 1314261 0.7288136 18.809384084306657
8767 1 549840 0.7755102 17.629089066758752
8768 1 275538 0.775 15.622816048562527
8769 1 1482567 0.7755102 18.08689394965768
8770 1 1139395 0.7708333 15.773880993947387
8771 1 1398193 0.75555557 16.60122605971992
8772 1 1010771 0.7222222 18.504524021409452
8773 1 1875117 0.75510204 17.643027007579803
8774 1 441115 0.7173913 18.082758993841708
8775 1 1204773 0.72727275 19.08510399516672
8776 1 1452973 0.7755102 19.637188990600407
8777 1 1111356 0.78723407 20.073676016181707
8778 1 1566785 0.7735849 22.185109090059996
8779 1 1591752 0.75 22.289917105808854
8780 1 1492126 0.71428573 18.17553397268057
8781 1 272790 0.74509805 19.859867985360324
8782 1 1010311 0.75555557 18.306763959117234
8783 1 1008372 0.76785713 19.160820986144245
8784 1 1453380 0.72727275 17.2125130193308
8785 1 2083227 0.75555557 17.429705010727048
8786 1 1252034 0.84090906 15.432575950399041
8787 1 1483786 0.75 16.11546892672777
8788 1 535821 0.76363635 17.73667603265494
8789 1 1255261 0.7291667 18.302766024135053
8790 1 1510029 0.78723407 16.81920897681266
8791 1 1478411 0.7708333 18.20667600259185
8792 1 430174 0.73333335 16.553258057683706
8793 1 981908 0.7368421 18.92031100578606
8794 1 1607345 0.7307692 20.718349027447402
8795 1 1171919 0.76363635 19.860762055031955
8796 1 1016103 0.7173913 19.182223943062127
8797 1 1149212 0.7083333 18.651145044714212
8798 1 1483762 0.71428573 16.104175010696054
8799 1 1622056 0.7692308 18.347237957641482
8800 1 1620044 0.75510204 18.12056708149612
8801 1 1821661 0.7 18.83838197682053
8802 1 817445 0.7755102 16.728256014175713
8803 1 1070196 0.78723407 17.129390966147184
8804 1 1191899 0.71428573 18.6221330659464
8805 1 1298206 0.7058824 19.602947984822094
8806 1 1153850 0.78 17.709881067276
8807 1 552356 0.8043478 17.234914004802704
8808 1 1254856 0.7592593 19.299206091091037
8809 1 1447365 0.76086956 18.274686066433787
8810 1 1350172 0.75510204 20.61093400698155
8811 1 515951 0.7358491 20.826159976422787
8812 1 842848 0.72 18.390421057119966
8813 1 790867 0.79545456 17.576353042386472
8814 1 1619027 0.73333335 17.329490976408124
8815 1 115555 0.71428573 19.28423810750246
8816 1 1185099 0.76744187 15.508921002037823
8817 1 2091534 0.75 18.804301042109728
8818 1 823239 0.74509805 19.796770997345448
8819 1 1064694 0.73333335 16.244697966612875
8820 1 1576207 0.75 18.356407061219215
8821 1 1470368 0.7254902 19.65758402366191
8822 1 1240429 0.77272725 15.040835016407073
8823 1 1290211 0.78 17.376346979290247
8824 1 262996 0.74509805 17.608674010261893
8825 1 1500894 0.8125 17.564829089678824
8826 1 1554378 0.75 19.491401966661215
8827 1 1472201 0.7358491 18.698218977078795
8828 0 0 0 17.9618300171569
8829 1 2088966 0.78571427 18.097157939337194
8830 1 1514279 0.7962963 17.936237039975822
8831 1 627270 0.7307692 18.24937597848475
8832 1 1894923 0.8 16.174188000150025
8833 1 1495760 0.73214287 18.92223907634616
8834 1 1139071 0.7234042 17.83592696301639
8835 1 1094359 0.77272725 14.13031795527786
8836 1 1268037 0.7708333 16.80003199726343
8837 1 2087577 0.71153843 18.530425964854658
8838 1 1428725 0.75510204 17.73177902214229
8839 1 1083802 0.82978725 14.336752006784081
8840 1 1821137 0.7254902 18.702592002227902
8841 1 1062589 0.75510204 20.461659063585103
8842 1 1086613 0.74509805 20.974845974706113
8843 1 1478864 0.7222222 20.790680078789592
8844 1 1193555 0.7916667 20.506389089860022
8845 1 1159141 0.78846157 19.46008508093655
8846 1 990474 0.74 19.440304022282362
8847 1 1068126 0.74 18.463312997482717
8848 1 1090109 0.74 17.96409103553742
8849 1 1504375 0.7173913 17.952563939616084
8850 1 1405346 0.71153843 19.900428014807403
8851 1 592858 0.76 18.329416983760893
8852 1 1500930 0.7804878 16.743773012422025
8853 1 1007660 0.7777778 18.608529935590923
8854 1 1289617 0.8181818 18.82865803781897
8855 1 1542913 0.74509805 19.514144980348647
8856 1 1251504 0.7924528 18.499801983125508
8857 1 1173715 0.72 19.15841700974852
8858 1 658092 0.78431374 19.075168063864112
8859 1 1461633 0.7446808 18.95260496530682
8860 1 1229310 0.7307692 20.811678958125412
8861 1 1165292 0.7446808 18.02408299408853
8862 1 640257 0.70212764 18.455178011208773
8863 1 1730962 0.7777778 16.705351998098195
8864 1 1093845 0.7407407 20.273524103686213
8865 1 731267 0.7916667 16.604130039922893
8866 1 772437 0.7307692 18.08560104109347
8867 1 1408003 0.70454544 17.828447045758367
8868 1 1072949 0.7894737 18.199542071670294
8869 1 1496802 0.754717 18.076792010106146
8870 1 1440444 0.8235294 18.953394959680736
8871 1 2416071 0.76363635 19.936112104915082
8872 1 2048404 0.75510204 17.20668899361044
8873 1 1515865 0.72727275 19.385610008612275
8874 1 1550806 0.71929824 20.76149801723659
8875 1 1652848 0.7222222 19.00107692927122
8876 1 1406602 0.79591835 17.88020203821361
8877 1 1231763 0.7358491 18.43546493910253
8878 1 1950983 0.7777778 14.638237073086202
8879 1 2453891 0.7916667 17.693029018118978
8880 1 1590810 0.8 18.31030601169914
8881 1 1060597 0.72 18.213102011941373
8882 1 1504132 0.76 17.826811061240733
8883 1 1413476 0.8 17.563589033670723
8884 1 1156589 0.72727275 17.500574002042413
8885 1 1504638 0.74509805 18.638702924363315
8886 1 1336308 0.75 16.845659003593028
8887 1 1435985 0.73214287 20.671454025432467
8888 1 1089538 0.7358491 20.034275017678738
8889 1 1612743 0.71428573 20.41630493476987
8890 1 1419728 0.72 18.055606982670724
8891 1 2359662 0.78431374 19.202394993044436
8892 1 462211 0.7708333 18.52383802179247
8893 1 1554592 0.71428573 19.462548079900444
8894 1 1253339 0.7234042 20.071439910680056
8895 1 1445525 0.80851066 18.374163075350225
8896 1 1518290 0.76363635 19.83159000519663
8897 1 1278607 0.76744187 17.217796994373202
8898 1 1126724 0.7234042 16.66468509938568
8899 1 1027473 0.7083333 19.313758006319404
8900 1 1799832 0.7777778 17.97581498976797
8901 1 1451499 0.7017544 20.340104936622083
8902 1 1843503 0.75510204 18.355956068262458
8903 1 1131559 0.78 17.561996006406844
8904 1 2434042 0.7254902 17.431388958357275
8905 1 1035741 0.7692308 18.925665062852204
8906 1 2119543 0.7291667 18.54639803059399
8907 1 1069768 0.76 18.206173088401556
8908 1 1303030 0.71428573 19.817857071757317
8909 1 2071347 0.7346939 17.97097991220653
8910 1 1455491 0.82608694 16.47041703108698
8911 1 1016690 0.75438595 20.138324005529284
8912 1 1014872 0.7592593 19.576399005018175
8913 1 1573534 0.72727275 17.805594950914383
8914 1 1035137 0.75 18.19908292964101
8915 1 1298597 0.75 17.792399041354656
8916 1 915825 0.78846157 19.515782012604177
8917 1 1497219 0.76 19.34060698840767
8918 1 1446317 0.7755102 18.878699047490954
8919 1 373254 0.72727275 18.728288006968796
8920 0 0 0 17.92394497897476
8921 1 837373 0.7 20.640427945181727
8922 1 1360599 0.78431374 20.389824057929218
8923 1 1432209 0.71428573 19.248723052442074
8924 0 0 0 18.43993307556957
8925 1 1478668 0.72 19.427128951065242
8926 1 1446081 0.76 19.4969370495528
8927 1 959528 0.71929824 19.840680994093418
8928 1 988926 0.7222222 20.12520399875939
8929 1 1205998 0.7291667 19.61183804087341
8930 1 1463496 0.7407407 19.836839055642486
8931 1 587189 0.71428573 18.346762051805854
8932 1 1511844 0.7777778 17.690273001790047
8933 1 1611428 0.7446808 18.852955079637468
8934 1 1007133 0.7692308 19.148154999129474
8935 1 1504935 0.72727275 19.05190199613571
8936 1 1400209 0.75510204 18.209616071544588
8937 1 1118162 0.7254902 18.687053001485765
8938 1 1498999 0.754717 20.284336991608143
8939 1 2047811 0.7407407 20.25700092781335
8940 1 1525866 0.7090909 18.427541945129633
8941 1 1560850 0.7254902 17.99557195045054
8942 1 1547703 0.8125 15.432722982950509
8943 1 1206475 0.7254902 18.164266017265618
8944 1 741875 0.7254902 18.555845017544925
8945 1 1850598 0.7222222 18.98578996770084
8946 1 842761 0.72 18.43437401112169
8947 1 1298141 0.76744187 17.643043072894216
8948 1 1435866 0.7777778 19.026933005079627
8949 1 1377912 0.7659575 17.058774014003575
8950 1 1155453 0.76 19.026555004529655
8951 1 1183815 0.7708333 16.544073936529458
8952 1 1294001 0.76086956 17.73846393916756
8953 1 2094533 0.7169811 19.16744001209736
8954 1 1361749 0.82222223 16.6620280360803
8955 1 2070164 0.7291667 15.355112962424755
8956 1 1662519 0.75 16.191981034353375
8957 1 1507911 0.75510204 17.880216939374804
8958 1 1565676 0.82 17.384983017109334
8959 1 1116454 0.7692308 17.77740498073399
8960 1 2110296 0.7358491 18.07397895026952
8961 1 2088614 0.71428573 18.942028051242232
8962 1 2340943 0.7234042 17.88497599773109
8963 1 1167369 0.75555557 17.173564061522484
8964 1 805077 0.71428573 17.882648040540516
8965 0 0 0 20.99545404780656
8966 1 1188370 0.74 21.282081957906485
8967 1 498510 0.74509805 17.889010021463037
8968 0 0 0 19.42390704061836
8969 1 1062072 0.80487806 14.651729026809335
8970 1 1098512 0.7291667 17.85678102169186
8971 1 1431920 0.75 17.777803004719317
8972 1 1147095 0.7818182 17.575041973032057
8973 1 1408601 0.7777778 17.804424045607448
8974 1 1595041 0.74509805 18.637766945175827
8975 1 1897076 0.7169811 20.04553598817438
8976 1 1203549 0.7755102 18.235403927974403
8977 1 1668077 0.7924528 19.18809104245156
8978 1 1407705 0.75438595 18.087611999362707
8979 1 1195142 0.8 15.180061920545995
8980 1 1425278 0.7659575 18.08463898487389
8981 1 1400844 0.8043478 16.83214004151523
8982 1 580237 0.7777778 16.88874594401568
8983 1 1092048 0.71929824 19.614950055256486
8984 1 639139 0.7659575 19.92452098056674
8985 1 1113097 0.7291667 20.413920981809497
8986 1 1467834 0.75510204 16.37501106597483
8987 1 2089604 0.8043478 17.41877500899136
8988 1 2052580 0.7777778 15.620107995346189
8989 1 1591431 0.71153843 18.057635985314846
8990 1 1506892 0.7291667 17.434998997487128
8991 1 1053156 0.78571427 17.53421896137297
8992 1 1382472 0.75 17.95616396702826
8993 1 1031638 0.754717 17.5998400663957
8994 1 626865 0.76 19.219279987737536
8995 1 1010949 0.7058824 18.278226954862475
8996 1 1454964 0.7234042 18.590391031466424
8997 1 1010195 0.7 19.455877016298473
8998 1 1473279 0.74545455 19.683192018419504
8999 1 1575241 0.7647059 17.90931902360171
9000 1 1323292 0.71428573 19.597923033870757
9001 1 1292162 0.7708333 19.32537497486919
9002 1 629313 0.7254902 19.301627995446324
9003 1 1365845 0.75555557 18.51403503678739
9004 1 1294145 0.7234042 17.82014698255807
9005 1 1624936 0.76744187 16.932763042859733
9006 1 1419765 0.71428573 18.47559306770563
9007 1 1742765 0.71428573 18.30138301011175
9008 1 1047176 0.74509805 20.09396895300597
9009 1 1146415 0.74418604 17.093977076001465
9010 1 1321897 0.72 19.700786098837852
9011 1 1255659 0.74545455 18.50681798532605
9012 1 1415752 0.73913044 17.73744006641209
9013 1 1058773 0.7924528 20.79924289137125
9014 1 1585365 0.7058824 18.90777808148414
9015 1 672866 0.74418604 17.567598028108478
9016 1 1603866 0.7083333 19.218884990550578
9017 1 1445230 0.7111111 17.82129891216755
9018 1 1553731 0.7692308 17.59103999938816
9019 1 1488023 0.7647059 17.076981021091342
9020 1 2021571 0.8125 16.4505880093202
9021 1 1141860 0.79591835 19.040390965528786
9022 1 1640373 0.7058824 19.264898961409926
9023 1 1109918 0.7169811 19.529020064510405
9024 1 1652602 0.7826087 17.73407100699842
9025 1 1130546 0.7288136 19.817112013697624
9026 1 2068632 0.78431374 17.90645206347108
9027 1 1609719 0.70212764 19.463037024252117
9028 1 2041356 0.7777778 17.325617955066264
9029 1 1592108 0.78571427 21.135611925274134
9030 1 1071632 0.8 16.293558990582824
9031 0 0 0 18.53161898907274
9032 1 1022006 0.71428573 20.47609305009246
9033 1 525370 0.7111111 18.625769997015595
9034 1 1586767 0.75 19.765318953432143
9035 1 2090558 0.75510204 18.75366794411093
9036 1 1167638 0.74 18.225027015432715
9037 1 1319547 0.7037037 19.99675901606679
9038 1 1607060 0.79545456 16.397492960095406
9039 1 989983 0.76363635 18.2275710394606
9040 1 1664861 0.7 20.21273598074913
9041 1 1174394 0.7916667 17.47584599070251
9042 1 1402710 0.74509805 19.41143802832812
9043 1 1144370 0.7307692 19.254280952736735
9044 1 2093865 0.74545455 20.342414965853095
9045 1 1405695 0.76086956 16.594188986346126
9046 1 2106524 0.76363635 18.58403393998742
9047 1 2089417 0.754717 19.598926999606192
9048 1 1608492 0.7916667 17.856589052826166
9049 1 2071123 0.7735849 17.759855021722615
9050 1 1087170 0.7380952 16.170945018529892
9051 1 1906616 0.7111111 16.89780002925545
9052 1 570957 0.77272725 15.489300014451146
9053 1 1133250 0.71666664 20.35242400597781
9054 1 1533470 0.7346939 20.18298103939742
9055 1 1572115 0.78723407 18.646074924618006
9056 1 1242234 0.7096774 19.988599931821227
9057 1 1984381 0.71428573 18.932768027298152
9058 1 1175765 0.7037037 20.36734705325216
9059 1 1611286 0.76363635 20.459588966332376
9060 1 1516084 0.7924528 18.920669914223254
9061 1 1437573 0.7741935 18.454895936883986
9062 1 1113218 0.71929824 18.74504704028368
9063 1 621492 0.7580645 16.865427023731172
9064 1 823367 0.7714286 15.485266107134521
9065 1 1086387 0.75384617 17.171030049212277
9066 1 1177599 0.70149255 18.45482795033604
9067 1 1055971 0.7258065 17.93048996478319
9068 1 1118230 0.7258065 19.623913918621838
9069 1 1113161 0.7241379 18.62094597890973
9070 1 1849665 0.73214287 19.430027925409377
9071 1 1363381 0.7096774 17.50820898450911
9072 1 1632061 0.76363635 17.310811090283096
9073 1 1501851 0.78688526 17.430591047741473
9074 1 1559380 0.7627119 18.26902595348656
9075 1 1044795 0.74603176 17.671601963229477
9076 1 1096652 0.78688526 17.96426100190729
9077 1 1502192 0.71666664 18.909347942098975
9078 1 1675048 0.73214287 18.858778988942504
9079 1 841347 0.734375 18.545055063441396
9080 1 1630097 0.7407407 19.81079892721027
9081 1 1507793 0.7169811 18.147412105463445
9082 1 365660 0.75 17.562680994160473
9083 1 2216185 0.71153843 18.357715103775263
9084 1 1100108 0.81666666 16.68550504837185
9085 1 1267474 0.82539684 15.854710014536977
9086 1 1965588 0.78571427 17.63745106291026
9087 1 1519188 0.7894737 17.239579930901527
9088 1 1033358 0.7368421 20.499994046986103
9089 1 1609638 0.7924528 19.9574880534783
9090 1 1293742 0.7586207 19.36121506150812
9091 1 1523744 0.7619048 16.776812030002475
9092 1 1170735 0.7 17.452584928832948
9093 1 1963898 0.779661 17.450151965022087
9094 1 1401485 0.73214287 17.50765705946833
9095 1 1996642 0.7719298 17.187896999530494
9096 1 1471943 0.78333336 16.055174986831844
9097 1 1090891 0.78688526 16.830903012305498
9098 1 1520724 0.8035714 17.17334403656423
9099 1 1108716 0.7222222 19.68651998322457
9100 1 1414834 0.74603176 16.795564093627036
9101 1 994346 0.76666665 16.34455705061555
9102 1 1401448 0.75757575 16.11661398783326
9103 1 1634926 0.72131145 16.025961027480662
9104 1 1574023 0.7090909 17.64027203898877
9105 1 1573761 0.7258065 17.634625895880163
9106 1 1492805 0.75 21.158750052563846
9107 1 1479562 0.71428573 20.22963506169617
9108 1 1471913 0.75 19.353331066668034
9109 1 1576015 0.71428573 17.381272045895457
9110 1 1064637 0.71666664 19.041291088797152
9111 1 1103338 0.79310346 18.286667997017503
9112 1 1036569 0.71875 19.77717492263764
9113 1 835119 0.765625 17.809250042773783
9114 1 1036910 0.73333335 18.47258605994284
9115 1 1609029 0.7241379 18.927377997897565
9116 1 1445690 0.8214286 17.25667098071426
9117 1 1664463 0.7241379 18.33208801690489
9118 1 1370556 0.7118644 18.170688999816775
9119 1 1668203 0.8113208 18.85977399069816
9120 1 1091985 0.71428573 16.69612794648856
9121 1 1649814 0.78688526 17.759061069227755
9122 1 1622895 0.7368421 19.40429105889052
9123 1 1174877 0.75 17.799152992665768
9124 1 1503815 0.7777778 17.640831996686757
9125 1 1614510 0.8367347 18.170552095398307
9126 1 1649762 0.7580645 18.700699089094996
9127 1 1621518 0.7580645 17.952349968254566
9128 1 826213 0.8032787 16.98746799957007
9129 1 1063363 0.78688526 17.75851205457002
9130 1 1520604 0.7580645 17.48092204798013
9131 1 1409637 0.7777778 17.48574699740857
9132 1 1159237 0.78688526 17.590587958693504
9133 1 1595852 0.73214287 17.488474026322365
9134 1 962807 0.76363635 19.82590206898749
9135 1 2085452 0.7586207 19.132791901938617
9136 1 1616165 0.73333335 18.330627004615963
9137 1 1464867 0.71666664 19.406998995691538
9138 1 1019956 0.75438595 19.992644083686173
9139 1 1141682 0.75 20.86964901536703
9140 1 1283385 0.76666665 19.613526994362473
9141 1 1511744 0.7719298 18.600182025693357
9142 1 1508695 0.73333335 16.609389102086425
9143 1 1541825 0.7924528 17.927880049683154
9144 1 1628148 0.7758621 17.474698019213974
9145 1 1790603 0.7407407 19.954374991357327
9146 1 1627256 0.74242425 17.473142012022436
9147 1 1403826 0.7288136 18.416609964333475
9148 1 1151416 0.73214287 18.102646921761334
9149 1 1196998 0.73214287 19.876045058481395
9150 1 1621451 0.7368421 19.69916105736047
9151 1 2042885 0.7413793 18.78031005617231
9152 1 1178275 0.78688526 17.194309970363975
9153 1 1021657 0.8 17.97092892229557
9154 1 2047810 0.71428573 17.24385400302708
9155 1 2022395 0.73333335 20.037338021211326
9156 1 1071447 0.70689654 20.6750410143286
9157 1 1662738 0.73770493 17.524295952171087
9158 1 1003303 0.72131145 17.20487093552947
9159 1 856156 0.8 17.85999594721943
9160 1 1424682 0.7580645 17.347279004752636
9161 1 1611648 0.7719298 18.31741794012487
9162 1 1418001 0.7457627 18.018387956544757
9163 1 1552973 0.76785713 17.083915998227894
9164 1 1198435 0.7241379 18.05788604542613
9165 1 1917865 0.7719298 17.782239010557532
9166 1 1144885 0.7704918 17.11090700700879
9167 1 1852719 0.7758621 17.001834930852056
9168 1 1532350 0.78333336 16.994468052871525
9169 1 92412 0.7241379 18.771964008919895
9170 1 1143420 0.71666664 18.659016001038253
9171 1 1038744 0.765625 17.48810603749007
9172 1 1591168 0.78333336 18.936887965537608
9173 1 955444 0.78333336 19.295320962555707
9174 1 1331727 0.7894737 17.685819999314845
9175 1 1850635 0.73333335 17.52244890667498
9176 1 1121395 0.71875 16.96725294459611
9177 1 998705 0.73214287 19.483726006001234
9178 1 1097311 0.73015875 18.571631982922554
9179 1 1300636 0.73214287 19.043095991946757
9180 1 1150878 0.78125 16.56788308173418
9181 1 1151678 0.73770493 17.72533997427672
9182 1 1342850 0.76785713 19.42306198179722
9183 1 1341088 0.73134327 16.747266985476017
9184 1 1163101 0.75 18.541918019764125
9185 1 1155183 0.75 18.01866991445422
9186 1 1081325 0.73333335 19.482614006847143
9187 1 1416288 0.7966102 19.549764925614
9188 1 1951340 0.73214287 18.912301980890334
9189 1 1976076 0.75409836 18.366874079219997
9190 1 1130081 0.7794118 17.20610004849732
9191 1 852574 0.7258065 17.785536008886993
9192 1 1627086 0.71428573 20.846809959039092
9193 1 1294875 0.7846154 18.36811692919582
9194 1 1407295 0.75 20.333679975010455
9195 1 535718 0.7368421 18.709970056079328
9196 1 1055773 0.72727275 17.70126901101321
9197 1 862908 0.74603176 16.828004037961364
9198 1 1191559 0.7941176 16.719811945222318
9199 1 1383539 0.74545455 18.604569952003658
9200 1 1494374 0.78333336 18.440500949509442
9201 1 1180686 0.75 19.219540059566498
9202 1 2109210 0.7413793 19.341328064911067
9203 1 1114681 0.80597013 17.35077193006873
9204 1 1796640 0.8196721 16.97001198772341
9205 1 1416382 0.78846157 19.42785002756864
9206 1 989041 0.78571427 18.093570950441062
9207 1 1440910 0.71875 18.406832008622587
9208 1 1445726 0.7457627 17.646368010900915
9209 1 1234166 0.71428573 16.8056070106104
9210 1 1019542 0.704918 17.338956939056516
9211 1 1637036 0.734375 18.760735052637756
9212 1 1069498 0.78688526 16.585255973041058
9213 1 1024735 0.72131145 19.78445705026388
9214 1 1183473 0.7183099 16.937395092099905
9215 1 1141585 0.75438595 19.237439963035285
9216 1 1044950 0.73214287 19.44074092898518
9217 1 1343890 0.76666665 19.670899026095867
9218 1 702114 0.8269231 19.60958994459361
9219 1 1004027 0.7413793 19.647428998723626
9220 1 1167005 0.73214287 19.549662014469504
9221 1 1016422 0.81666666 16.358867986127734
9222 1 1085717 0.72131145 16.935962019488215
9223 1 1481100 0.72727275 18.32497993018478
9224 1 994223 0.70689654 18.363249953836203
9225 1 1440223 0.7586207 17.189807957038283
9226 1 2075407 0.7758621 19.373583956621587
9227 1 1668278 0.7258065 17.28311600163579
9228 1 1523543 0.7627119 18.022742005996406
9229 1 2346544 0.7719298 17.930450034327805
9230 0 0 0 16.464019077830017
9231 1 1303023 0.7288136 18.651584978215396
9232 1 1602759 0.71428573 18.104944960214198
9233 1 1561749 0.8135593 18.335863947868347
9234 1 1491403 0.74242425 17.385183949954808
9235 1 1549977 0.7741935 19.145501079037786
9236 1 1052919 0.71875 20.283440011553466
9237 1 1407029 0.7288136 19.325877889059484
9238 1 1384464 0.7894737 17.57366000674665
9239 0 0 0 17.59482198394835
9240 1 1506662 0.734375 16.51384006254375
9241 1 1506410 0.7288136 19.01018002536148
9242 1 1110472 0.7627119 17.821584944613278
9243 1 1031436 0.7358491 18.342635012231767
9244 1 1399858 0.75 18.958321074023843
9245 1 1478638 0.7777778 18.077703076414764
9246 1 1794373 0.75409836 18.21174193173647
9247 1 1335588 0.80701756 21.983968908898532
9248 1 1021611 0.7627119 20.9268550388515
9249 1 714554 0.75 20.065849064849317
9250 1 1008870 0.7413793 20.740354084409773
9251 1 627904 0.72307694 20.600548945367336
9252 1 1213411 0.74242425 18.974033067934215
9253 1 1637588 0.7777778 19.294627010822296
9254 1 1047909 0.71666664 18.694731988944113
9255 1 1975779 0.75409836 18.661547917872667
9256 1 1293640 0.75 18.62612902186811
9257 1 1228096 0.75 19.149836036376655
9258 1 1020398 0.72727275 22.13315002154559
9259 1 2033718 0.76785713 22.10224000737071
9260 1 1622899 0.7586207 20.928391022607684
9261 1 1210042 0.7586207 20.572100998833776
9262 1 1063930 0.7288136 19.555304083041847
9263 1 1468292 0.7241379 19.065954023972154
9264 1 981740 0.75438595 18.97592900786549
9265 1 733994 0.71428573 19.186393008567393
9266 1 399582 0.7704918 17.795274034142494
9267 1 1530643 0.7352941 18.63454096019268
9268 1 1607172 0.7258065 19.507589982822537
9269 1 1077094 0.754717 21.42862498294562
9270 1 2138018 0.75438595 20.957588916644454
9271 1 1459013 0.8 17.944301944226027
9272 1 1983872 0.74603176 19.464090932160616
9273 1 1133941 0.71666664 18.67808902170509
9274 1 164537 0.74509805 19.311310024932027
9275 1 1093480 0.71929824 19.983209087513387
9276 1 1275936 0.779661 19.22813500277698
9277 1 1299410 0.71929824 19.345451961271465
9278 1 1420647 0.8113208 18.256546929478645
9279 1 1282420 0.7741935 16.356888925656676
9280 0 0 0 17.93379697483033
9281 1 1728947 0.75 17.616690951399505
9282 1 1102935 0.75409836 20.019532996229827
9283 1 997194 0.73134327 16.432407894171774
9284 1 1865792 0.78571427 17.514658044092357
9285 1 1213299 0.74545455 18.99199897889048
9286 1 1556419 0.75438595 18.37645296473056
9287 1 1005977 0.7288136 17.647022963501513
9288 1 1615589 0.71428573 16.86093199532479
9289 1 1044367 0.75438595 17.733274027705193
9290 1 2097186 0.7586207 17.32721203006804
9291 1 1373165 0.73770493 19.70600604545325
9292 1 987568 0.7818182 18.558440962806344
9293 1 1485196 0.70689654 18.64045101683587
9294 1 828547 0.71929824 18.884614924900234
9295 1 1629854 0.84615386 18.2774510467425
9296 1 1571944 0.7627119 17.423343961127102
9297 1 2347158 0.7118644 17.548616975545883
9298 1 1612348 0.75438595 17.759599955752492
9299 1 1449392 0.8095238 16.397177008911967
9300 1 1109115 0.7419355 16.58084592781961
9301 0 0 0 18.633662024512887
9302 1 1131787 0.80701756 16.920821042731404
9303 1 1078913 0.70149255 15.823559951968491
9304 1 1021964 0.704918 18.22227903176099
9305 1 281002 0.7586207 16.75474108196795
9306 1 1291913 0.73846155 17.51852105371654
9307 1 1144883 0.7580645 20.40727192070335
9308 1 1299566 0.75 20.32685896847397
9309 1 1608633 0.754717 18.627205048687756
9310 1 1794163 0.7619048 18.111361074261367
9311 1 671177 0.75438595 18.46466399729252
9312 1 1049941 0.7 17.964176018722355
9313 1 1325834 0.7758621 17.6862389780581
9314 1 1727106 0.78688526 16.955180908553302
9315 1 637544 0.754717 18.262243014760315
9316 1 1651443 0.7118644 16.534737078472972
9317 1 1516335 0.7818182 17.949314904399216
9318 1 1565292 0.7818182 17.848349059931934
9319 0 0 0 18.592883017845452
9320 1 1722963 0.7 18.154695979319513
9321 1 1167591 0.7258065 17.47465191874653
9322 1 1632243 0.74603176 16.71192899812013
9323 1 1097154 0.8181818 19.422186072915792
9324 1 533724 0.76363635 22.514451993629336
9325 1 1203837 0.8 20.024819066748023
9326 1 1570397 0.7457627 20.54059400688857
9327 1 1486675 0.78688526 18.02552503068
9328 1 1455862 0.8305085 16.991036012768745
9329 1 1302506 0.72727275 17.79657998122275
9330 1 827684 0.76785713 18.2108620647341
9331 1 1492888 0.7894737 18.013146007433534
9332 1 1029856 0.73846155 18.075214000418782
9333 1 1065267 0.7118644 19.01868497952819
9334 1 1346366 0.7704918 17.96504098456353
9335 1 1532032 0.7352941 18.65602401085198
9336 1 1501827 0.73015875 20.46359598170966
9337 1 1133021 0.74603176 19.91168304812163
9338 1 1525157 0.77272725 20.079481997527182
9339 1 1496420 0.75 19.77130596060306
9340 1 2082820 0.7586207 20.471872063353658
9341 0 0 0 19.125296035781503
9342 1 1477659 0.72727275 17.564599053002894
9343 1 1506343 0.7903226 17.766554025001824
9344 1 1237044 0.78571427 18.085048999637365
9345 1 1184551 0.76785713 18.201256985776126
9346 1 1350168 0.79310346 17.32242596335709
9347 1 1794327 0.7592593 18.972984980791807
9348 1 1516142 0.7894737 18.82005902007222
9349 1 1286998 0.71428573 18.565734033472836
9350 1 1418712 0.7222222 19.685590057633817
9351 1 770622 0.75 19.28019302431494
9352 1 1227364 0.7719298 19.91463906597346
9353 1 1050559 0.779661 21.60066703800112
9354 1 1500517 0.7647059 22.881084005348384
9355 1 2089343 0.754717 21.52418508194387
9356 1 1752345 0.8103448 20.932852989062667
9357 1 1344005 0.73214287 21.173552027903497
9358 1 1626229 0.74545455 21.605569985695183
9359 1 1120242 0.78571427 20.154330995865166
9360 1 1410600 0.71666664 18.91463901847601
9361 1 1111094 0.7307692 19.636562908999622
9362 1 1617952 0.7777778 17.638787045143545
9363 1 1094447 0.7368421 20.016650087200105
9364 1 1971023 0.765625 19.031804986298084
9365 1 1641267 0.73015875 17.466063029132783
9366 1 1099966 0.74626863 17.58916105609387
9367 1 1796790 0.7118644 20.795305958017707
9368 1 1466244 0.82758623 19.202861934900284
9369 1 2107677 0.73214287 19.755532033741474
9370 1 1101921 0.7352941 17.62267097365111
9371 1 821270 0.7741935 18.840499920770526
9372 1 1116438 0.7076923 17.713011940941215
9373 1 1547987 0.78571427 18.84117699228227
9374 1 1063280 0.73770493 18.175778910517693
9375 1 1118754 0.7288136 19.1083560930565
9376 1 1453661 0.7894737 18.690426950342953
9377 1 1649756 0.74509805 20.05075092893094
9378 1 1973450 0.7586207 19.15746694430709
9379 1 1951938 0.8032787 18.060400034300983
9380 1 1460494 0.76363635 19.106789026409388
9381 1 1791357 0.7241379 20.603232085704803
9382 1 1496572 0.7118644 18.814117996953428
9383 1 1302180 0.71428573 19.396580988541245
9384 1 1448425 0.73846155 17.388596083037555
9385 1 1272259 0.7924528 20.057525020092726
9386 1 1062164 0.71014494 18.03396502509713
9387 1 1267842 0.73846155 18.714393954724073
9388 1 1170597 0.7627119 19.770494080148637
9389 1 1423919 0.7580645 19.368847948499024
9390 1 1683672 0.7118644 20.7520549884066
9391 1 1665722 0.76363635 21.174015011638403
9392 1 1039736 0.7818182 21.716934978030622
9393 1 1799915 0.73770493 21.117569995112717
9394 1 1512030 0.7358491 24.105965974740684
9395 1 998118 0.83928573 23.326434078626335
9396 1 1086137 0.78571427 23.32917705643922
9397 1 807296 0.7096774 25.47101303935051
9398 1 1463463 0.7777778 23.799646995030344
9399 1 1087768 0.75409836 23.90874596312642
9400 1 1651875 0.75 22.122260998003185
9401 1 1481055 0.7586207 21.90857706591487
9402 1 1525050 0.72727275 21.976330084726214
9403 1 1591252 0.76785713 21.380358026362956
9404 1 1207366 0.7794118 19.68026696704328
9405 1 719130 0.71875 20.3990510199219
9406 0 0 0 20.993601996451616
9407 1 625487 0.7419355 21.472790045663714
9408 1 1003678 0.7619048 22.858844022266567
9409 1 1021376 0.7704918 23.24238989967853
9410 0 0 0 22.06816803663969
9411 1 1099344 0.8 22.08614395931363
9412 1 1515715 0.8 21.841389941982925
9413 1 1201203 0.71428573 20.791900111362338
9414 1 1624387 0.8035714 20.820492994971573
9415 1 1432972 0.7096774 22.53341197501868
9416 1 1255243 0.74242425 19.47269099764526
9417 1 1520628 0.75384617 19.48373205959797
9418 1 1521485 0.779661 19.816196989268064
9419 1 1613964 0.7358491 20.88807593099773
9420 1 1256245 0.80701756 19.256365951150656
9421 1 1074361 0.72131145 21.824161056429148
9422 1 224358 0.78688526 21.59287198446691
9423 1 619628 0.7457627 21.126275067217648
9424 1 1613990 0.75409836 20.535802002996206
9425 1 1717269 0.79310346 19.433947978541255
9426 1 1607394 0.7090909 20.122117013670504
9427 1 1473245 0.76785713 19.610762014053762
9428 1 1615947 0.75438595 19.315253011882305
9429 1 1591888 0.71666664 20.34804900176823
9430 1 224034 0.7205882 18.545959959737957
9431 1 1281876 0.73134327 20.353377098217607
9432 1 1567114 0.8 19.522805931046605
9433 1 1409421 0.76363635 21.782377967610955
9434 1 1326041 0.75438595 22.387543926015496
9435 1 956995 0.71929824 26.23086702078581
9436 1 1180771 0.7735849 24.273941991850734
9437 1 1086466 0.7368421 22.300046985037625
9438 1 2415549 0.70689654 22.441748064011335
9439 1 2091149 0.74 22.18589896801859
9440 1 1793928 0.71875 19.804631010629237
9441 1 981314 0.78688526 19.3715940695256
9442 1 2089990 0.75438595 21.13511401694268
9443 1 1021030 0.75 18.423488945700228
9444 1 1476102 0.754717 20.67893708590418
9445 1 1986912 0.704918 20.936926011927426
9446 1 1005396 0.80701756 22.491762065328658
9447 1 1152288 0.7741935 20.84996399935335
9448 1 1046313 0.754717 21.84099005535245
9449 0 0 0 18.828875035978854
9450 0 0 0 18.627584911882877
9451 1 818343 0.75 17.715518013574183
9452 1 1011668 0.7118644 19.057363970205188
9453 1 1082918 0.71014494 17.71376992110163
9454 1 1483384 0.7413793 18.61775992438197
9455 1 1357103 0.70689654 18.46535294316709
9456 1 1566985 0.73770493 18.88997503556311
9457 1 1058096 0.7419355 18.26749194879085
9458 1 1284103 0.80701756 19.964743056334555
9459 1 1038233 0.7627119 18.23588297702372
9460 0 0 0 19.401308032684028
9461 1 1612889 0.7457627 18.279182957485318
9462 1 1006047 0.73333335 18.716914928518236
9463 1 1617002 0.73015875 17.831903067417443
9464 1 1285646 0.75 21.053516073152423
9465 1 1344525 0.8148148 20.624038064852357
9466 1 1623597 0.8 20.431641023606062
9467 1 2416071 0.7288136 20.38720902055502
9468 1 1299548 0.71875 19.993711030110717
9469 1 829442 0.7121212 17.826595925725996
9470 1 1203448 0.7352941 17.898277030326426
9471 1 1543155 0.7419355 18.56271200813353
9472 1 1609397 0.8148148 18.763771979138255
9473 1 1260029 0.77272725 16.99135499075055
9474 1 982311 0.73846155 16.733197029680014
9475 1 758664 0.73846155 17.393662012182176
9476 1 1798120 0.8214286 18.867825041525066
9477 1 298486 0.7 17.7753500174731
9478 1 2088797 0.7719298 17.925341962836683
9479 1 964742 0.7096774 18.39184295386076
9480 1 1743329 0.71428573 19.12593306042254
9481 1 1332980 0.7627119 20.084679941646755
9482 1 1447149 0.7719298 18.670507008209825
9483 1 1662762 0.73333335 18.003870965912938
9484 1 1402971 0.78688526 18.120403052307665
9485 1 833298 0.75 15.699037001468241
9486 1 1640736 0.78333336 17.168827005662024
9487 1 547953 0.78846157 18.39520502835512
9488 1 1555008 0.71666664 17.60577701497823
9489 1 1394339 0.75 17.15193293057382
9490 1 1532110 0.7758621 18.06852302979678
9491 1 2093973 0.7368421 18.511742004193366
9492 1 1097750 0.76363635 20.06818598601967
9493 1 1232024 0.7241379 18.530822941102087
9494 1 1218194 0.75438595 20.354365929961205
9495 1 1129478 0.7586207 19.969730055890977
9496 1 1454484 0.78431374 19.564143964089453
9497 1 1465114 0.73015875 18.758407910354435
9498 1 1743131 0.7924528 19.430532935075462
9499 1 651033 0.78125 17.38255808595568
9500 1 1096592 0.7894737 17.626959015615284
9501 1 1471955 0.71666664 18.402272020466626
9502 1 1023672 0.78688526 17.81107601709664
9503 0 0 0 19.453763030469418
9504 1 1131465 0.74603176 18.495436990633607
9505 1 1004360 0.7169811 19.67585796955973
9506 1 1007171 0.7352941 16.295364941470325
9507 1 1507546 0.7288136 17.750742030330002
9508 1 1842975 0.76363635 18.15238397102803
9509 1 1569345 0.71929824 18.176021985709667
9510 1 1527797 0.74603176 20.230539026670158
9511 1 1484562 0.8064516 17.559629981406033
9512 1 838671 0.71929824 18.81869207136333
9513 1 1125667 0.7719298 19.05926305335015
9514 1 1167725 0.75409836 17.167255049571395
9515 1 1532677 0.7254902 18.730820040218532
9516 1 1664270 0.7936508 18.7518970342353
9517 1 1277534 0.7241379 22.114383056759834
9518 1 1380153 0.70689654 21.094088908284903
9519 1 1280346 0.7580645 21.250188001431525
9520 1 590244 0.73134327 18.688066978938878
9521 1 1588635 0.7096774 18.828757922165096
9522 1 1491179 0.7457627 20.1927179004997
9523 1 1055044 0.7580645 20.66582499537617
9524 1 1595403 0.78571427 22.137316991575062
9525 1 1457660 0.7457627 20.63857892062515
9526 1 842951 0.75 19.964841892942786
9527 1 1489635 0.7241379 21.822146023623645
9528 1 851490 0.7419355 20.63878590706736
9529 1 1454830 0.7692308 19.65574501082301
9530 1 1016303 0.7017544 20.077390945516527
9531 1 1529539 0.8 19.461447023786604
9532 1 1138773 0.7285714 18.766796099953353
9533 1 1299800 0.78688526 17.454199958592653
9534 1 1560407 0.72727275 17.077766940928996
9535 1 213954 0.779661 19.11427592858672
9536 1 977888 0.7924528 20.434462931007147
9537 1 1107851 0.7419355 19.582783919759095
9538 1 1488481 0.75757575 19.79703304823488
9539 1 1437205 0.7777778 23.792715976014733
9540 1 837439 0.7741935 19.766647019423544
9541 1 1627230 0.75 20.217853947542608
9542 1 1124725 0.7580645 19.026792026124895
9543 1 1066505 0.7258065 17.31293392367661
9544 1 1988145 0.7413793 18.38024496100843
9545 1 1461063 0.7169811 18.80721002817154
9546 1 1471882 0.76363635 18.01152399275452
9547 1 1487825 0.74603176 17.00238708872348
9548 1 1668853 0.75 17.473201965913177
9549 1 857226 0.71428573 17.342158942483366
9550 1 1634712 0.7017544 17.07330101635307
9551 1 1043392 0.7419355 16.983113018795848
9552 1 1180880 0.7258065 17.81973394099623
9553 1 1633702 0.7719298 17.952334019355476
9554 1 1114154 0.76363635 18.31033593043685
9555 1 1501237 0.8103448 18.34305003285408
9556 1 1475099 0.7714286 16.261734068393707
9557 1 669821 0.7297297 16.92904601804912
9558 1 1622073 0.75409836 16.358097083866596
9559 1 1204492 0.7794118 15.597229939885437
9560 1 665218 0.765625 15.607835026457906
9561 1 1526466 0.8 15.429147984832525
9562 1 1185607 0.7941176 13.87376501224935
9563 1 1614113 0.7866667 11.527844937518239
9564 1 165884 0.7746479 12.281739967875183
9565 1 1416672 0.76811594 14.993943041190505
9566 1 1144667 0.80597013 14.883841970004141
9567 1 1125114 0.739726 12.948285089805722
9568 1 1154171 0.71014494 15.397187089547515
9569 1 417913 0.74647886 11.762693990021944
9570 1 1146273 0.7777778 16.52407005894929
9571 1 1079976 0.7352941 15.344940940849483
9572 1 426527 0.75 15.327650005929172
9573 1 1475857 0.78333336 18.71139695867896
9574 1 1622077 0.70666665 13.895638985559344
9575 1 1228967 0.8088235 15.943109057843685
9576 1 1114681 0.74285716 16.62526500876993
9577 1 1420064 0.7605634 14.234999078325927
9578 1 1983687 0.7164179 16.15066989324987
9579 1 1557475 0.7164179 14.243365963920951
9580 1 1028411 0.74285716 15.839045983739197
9581 1 1451777 0.796875 16.83932403102517
9582 1 1012183 0.78571427 12.97132100444287
9583 1 1969970 0.7285714 16.140806023031473
9584 1 1189398 0.7761194 17.705464037135243
9585 1 627072 0.7647059 16.142647014930844
9586 1 1470744 0.77922076 12.44713505730033
9587 1 1294152 0.7794118 14.027196913957596
9588 1 1444448 0.8484849 14.545877929776907
9589 1 1349281 0.7761194 13.931980007328093
9590 1 1104209 0.7761194 14.319733018055558
9591 1 1043802 0.7205882 16.968911979347467
9592 1 1984582 0.7647059 13.88697896618396
9593 1 1482067 0.7714286 13.005106011405587
9594 1 1417083 0.8 16.798202064819634
9595 1 1445498 0.7121212 16.210903995670378
9596 1 868851 0.7763158 12.876041000708938
9597 1 1389195 0.75 15.132900909520686
9598 1 1294013 0.75757575 15.759664005599916
9599 1 1560462 0.7714286 17.079312936402857
9600 1 1560050 0.75 15.079706092365086
9601 1 1167686 0.7761194 16.13170001655817
9602 1 1446395 0.73015875 16.13452099263668
9603 0 0 0 14.794905902817845
9604 1 1059862 0.78333336 16.26598194707185
9605 1 1562525 0.7164179 15.224226051941514
9606 1 1295540 0.7076923 15.728826983831823
9607 1 1634623 0.71014494 15.018680016510189
9608 1 801252 0.76119405 15.773736056871712
9609 1 1340301 0.77272725 14.64150391984731
9610 1 719540 0.71428573 16.416357015259564
9611 1 1056724 0.78571427 14.919235021807253
9612 1 1082671 0.75714284 15.931271947920322
9613 1 1269369 0.7058824 15.001180930994451
9614 1 1608568 0.74647886 14.934530947357416
9615 1 1078421 0.8095238 16.255098045803607
9616 1 1949149 0.7432432 13.767722994089127
9617 1 1275840 0.74242425 16.530657070688903
9618 1 1246659 0.74242425 18.396795028820634
9619 1 984708 0.7352941 17.31678901705891
9620 1 1081448 0.7794118 13.627579901367426
9621 1 1637090 0.7096774 16.019003931432962
9622 1 1596626 0.73333335 13.693180051632226
9623 1 1474424 0.75384617 16.672374913468957
9624 1 1487838 0.73015875 17.15827197767794
9625 1 1480231 0.73333335 13.706628000363708
9626 1 1151379 0.72727275 14.89850995130837
9627 1 906483 0.72727275 15.299038961529732
9628 1 866388 0.7083333 11.86720805708319
9629 1 1029966 0.73333335 14.621063019149005
9630 1 641282 0.73333335 16.620019916445017
9631 1 1503265 0.7910448 16.73478598240763
9632 1 821874 0.7536232 16.456564073450863
9633 1 842259 0.73333335 11.328759952448308
9634 1 1664538 0.73846155 17.92746502906084
9635 1 1158764 0.75 18.50693393498659
9636 1 826123 0.7808219 13.458135072141886
9637 1 1986912 0.7258065 15.503342030569911
9638 1 1094939 0.84126985 15.399657073430717
9639 1 1001140 0.75 13.591963099315763
9640 1 1520602 0.75 16.171667026355863
9641 1 1445058 0.75 15.041969949379563
9642 1 1318368 0.7794118 15.746416989713907
9643 1 995877 0.7826087 15.522276051342487
9644 1 1965756 0.76119405 16.7931109899655
9645 1 1099521 0.79710144 13.277333928272128
9646 1 1365518 0.7941176 14.051937032490969
9647 1 1344402 0.75384617 16.796475974842906
9648 1 1769400 0.7741935 19.133948953822255
9649 1 985832 0.7246377 14.605788048356771
9650 1 1901537 0.73134327 17.522649955935776
9651 1 588684 0.79710144 13.992041000165045
9652 1 1595462 0.7361111 13.937445008195937
9653 1 392091 0.7605634 13.67448503151536
9654 1 627750 0.7794118 12.961911037564278
9655 1 1060214 0.72 13.702136930078268
9656 1 704348 0.8028169 15.356443007476628
9657 1 1253711 0.7164179 16.829760977998376
9658 1 1580922 0.74242425 17.625470994971693
9659 1 558023 0.7375 12.736550997942686
9660 1 1462205 0.76119405 13.307692017406225
9661 1 1020980 0.71428573 14.016822911798954
9662 1 1255414 0.7619048 16.45205297973007
9663 1 1445877 0.7368421 13.359511969611049
9664 0 0 0 13.34187900647521
9665 1 1291915 0.75 13.666145037859678
9666 1 1233022 0.77272725 17.44104304816574
9667 1 2234177 0.796875 17.113273963332176
9668 1 700833 0.73239434 15.381015953607857
9669 1 1175789 0.7692308 17.954789102077484
9670 1 1129833 0.75 13.273852993734181
9671 1 668197 0.79710144 15.035813907161355
9672 1 1490684 0.796875 16.94768900051713
9673 1 1629133 0.73015875 15.980713069438934
9674 1 1156984 0.7419355 16.234970069490373
9675 1 645152 0.765625 15.647619031369686
9676 1 1189992 0.75 13.770128949545324
9677 1 1440203 0.7183099 14.294645981863141
9678 1 1007709 0.7536232 14.016522909514606
9679 1 4693 0.77272725 15.059203025884926
9680 1 1124187 0.71014494 14.195043011568487
9681 1 675844 0.8428571 12.807543971575797
9682 1 1432608 0.79710144 15.546877984888852
9683 1 700833 0.73239434 14.283197931945324
9684 1 1067129 0.739726 14.407048001885414
9685 1 1193761 0.739726 13.777022017166018
9686 1 824595 0.7910448 15.58814593590796
9687 1 1633643 0.75 16.718300990760326
9688 1 1507405 0.75 16.153897042386234
9689 1 1889622 0.7121212 16.508753993548453
9690 1 1528101 0.77272725 14.35576903168112
9691 1 1063629 0.8 15.77047596219927
9692 1 1521151 0.7536232 15.602010069414973
9693 1 1069744 0.7941176 14.55855299718678
9694 1 925635 0.75 17.183743068017066
9695 1 1246447 0.7605634 13.85122595820576
9696 1 1086208 0.80597013 13.70958099141717
9697 1 455623 0.7837838 12.191883055493236
9698 1 714554 0.73239434 12.59156793821603
9699 1 1090760 0.73239434 15.356585965491831
9700 1 1308392 0.7121212 16.04892290197313
9701 1 1201032 0.7012987 13.551178970374167
9702 1 1952122 0.8 14.160962076857686
9703 1 1163726 0.7647059 15.49678307492286
9704 1 1389438 0.7205882 16.163354041054845
9705 1 574403 0.7647059 14.818007010035217
9706 1 1460508 0.71428573 19.552699057385325
9707 1 907949 0.79710144 17.349372967146337
9708 1 1201916 0.7352941 15.548591036349535
9709 1 1196242 0.71428573 14.877966954372823
9710 1 1334329 0.7846154 15.10451000649482
9711 1 1094295 0.7671233 12.976658064872026
9712 1 1509689 0.7083333 12.960931053385139
9713 1 1515002 0.79310346 17.750321072526276
9714 1 1900760 0.7619048 17.994366004131734
9715 1 723610 0.8 16.58341893926263
9716 1 1625967 0.78125 14.61083092726767
9717 1 1210115 0.79746836 11.323608923703432
9718 1 846014 0.78125 14.200409990735352
9719 1 1001349 0.7878788 14.276748988777399
9720 1 1507018 0.8208955 15.385092003270984
9721 1 1052944 0.7205882 16.616909066215158
9722 1 1988579 0.739726 13.746650074608624
9723 1 1030101 0.8115942 14.457028009928763
9724 1 947846 0.74242425 16.226297011598945
9725 1 530250 0.8 16.649027005769312
9726 1 1973761 0.7619048 16.10156404785812
9727 1 1662973 0.77272725 16.84441603720188
9728 1 1092268 0.8030303 14.824306010268629
9729 1 704348 0.7105263 13.754323008470237
9730 1 1194229 0.7941176 15.561662032268941
9731 1 1749697 0.75384617 15.526237897574902
9732 1 836773 0.72727275 15.682321973145008
9733 1 989566 0.80597013 14.205023064278066
9734 1 1211910 0.74626863 14.984241919592023
9735 1 1361698 0.74666667 12.230523978359997
9736 1 851580 0.75384617 15.544031979516149
9737 1 844169 0.75714284 15.341277001425624
9738 1 1547651 0.75714284 15.83677704911679
9739 1 883062 0.75714284 14.238025061786175
9740 1 1373015 0.73239434 16.274380963295698
9741 1 1114681 0.73239434 16.417223028838634
9742 1 617136 0.73239434 17.70152896642685
9743 1 1087434 0.76811594 15.993593027815223
9744 1 1172691 0.77272725 15.927740023471415
9745 1 1844200 0.73134327 15.535430051386356
9746 1 1630474 0.73015875 16.360405017621815
9747 1 975381 0.73770493 16.873375978320837
9748 1 1197933 0.7647059 15.430832048878074
9749 1 1422041 0.74626863 16.921172966249287
9750 1 1295722 0.72 14.37418907880783
9751 1 1452539 0.7236842 13.541816035285592
9752 1 804570 0.7123288 13.470771024003625
9753 1 1082876 0.7164179 13.459415989927948
9754 1 1509117 0.72727275 13.418067013844848
9755 1 667872 0.70238096 11.750136967748404
9756 1 989566 0.80597013 14.361602952703834
9757 1 1178726 0.7903226 15.104262041859329
9758 1 1261069 0.7222222 13.3600760018453
9759 1 1544061 0.7704918 16.14581502508372
9760 1 1073249 0.72727275 13.567593996413052
9761 1 1630474 0.7419355 18.934285966679454
9762 1 1175438 0.77922076 14.66539001557976
9763 1 1474701 0.7846154 14.546322054229677
9764 1 1407523 0.8032787 16.694177989847958
9765 1 1171196 0.73846155 16.137611004523933
9766 1 1503265 0.7910448 15.725748962722719
9767 1 1492010 0.7580645 16.963928006589413
9768 1 1404569 0.7536232 14.197894954122603
9769 1 1527369 0.7704918 16.05361804831773
9770 1 1390008 0.74603176 15.857905033044517
9771 1 1574598 0.77272725 16.565740923397243
9772 1 1561114 0.78688526 15.91640803962946
9773 1 1450163 0.7704918 16.665976028889418
9774 1 1026310 0.75 12.969731003977358
9775 1 1485664 0.70149255 15.800455934368074
9776 1 1170561 0.74647886 13.853746931999922
9777 1 1261069 0.76811594 15.03755699377507
9778 1 1970471 0.74666667 13.290886068716645
9779 1 1110765 0.7972973 11.037519085220993
9780 1 1128906 0.75757575 18.69268494192511
9781 1 1423625 0.73913044 17.621874110773206
9782 1 1258622 0.7846154 17.09119405131787
9783 1 1430159 0.7605634 14.281564974226058
9784 1 894710 0.73913044 16.187275992706418
9785 1 1086144 0.74285716 16.271176980808377
9786 1 1984582 0.73913044 14.254193054512143
9787 1 1901537 0.75757575 16.82429702486843
9788 1 1274719 0.75757575 14.262030948884785
9789 1 1263538 0.76811594 12.9002999747172
9790 1 1011208 0.76623374 13.589866925030947
9791 1 1257506 0.71014494 14.292348991148174
9792 1 792540 0.77272725 16.556800925172865
9793 1 1079549 0.7058824 14.973332989029586
9794 1 1478052 0.7164179 15.501555055379868
9795 1 1453408 0.7246377 14.836175949312747
9796 1 1417985 0.7826087 14.231776003725827
9797 1 1662748 0.80597013 15.024009975604713
9798 1 1635762 0.7936508 16.754291020333767
9799 1 1732385 0.73333335 14.859457034617662
9800 1 1180799 0.7361111 16.220296965911984
9801 1 1612665 0.8181818 17.753568943589926
9802 1 455623 0.7746479 15.663846977986395
9803 1 1974018 0.7567568 13.975522015243769
9804 1 1662973 0.80597013 15.686611994169652
9805 1 1067856 0.74647886 14.94853408075869
9806 1 1091533 0.75714284 13.937143026851118
9807 1 1407683 0.7878788 15.217512962408364
9808 1 1339210 0.7910448 13.863860978744924
9809 1 1104532 0.7638889 13.742908020503819
9810 1 1026088 0.75714284 15.289452974684536
9811 1 868851 0.75 13.506891904398799
9812 1 1129811 0.7972973 11.455088970251381
9813 1 891710 0.7916667 12.909407028928399
9814 1 1132546 0.7777778 16.569030936807394
9815 1 1082887 0.7183099 15.722484095022082
9816 1 1415072 0.7567568 13.602197985164821
9817 1 719469 0.7910448 16.91723894327879
9818 1 1440251 0.7222222 13.224905007518828
9819 1 989156 0.7837838 13.083001016639173
9820 1 1513898 0.7205882 16.4047529688105
9821 1 1298074 0.75714284 14.568027923814952
9822 1 1288406 0.8 15.1595069328323
9823 1 1065717 0.73913044 17.12100999429822
9824 1 1028503 0.7714286 14.970864984206855
9825 1 1154449 0.73239434 16.585328965447843
9826 1 1172029 0.7285714 15.43004997074604
9827 1 1516010 0.75 15.268568997271359
9828 1 1113004 0.84375 15.95389295835048
9829 1 1972528 0.7647059 15.162118012085557
9830 1 1025522 0.71428573 14.776248019188643
9831 1 1045696 0.7285714 14.045731979422271
9832 1 1436491 0.75 13.940780074335635
9833 1 1263418 0.7671233 13.534469995647669
9834 1 984126 0.7837838 11.658948962576687
9835 1 1528226 0.7837838 16.077329055406153
9836 1 1279213 0.7285714 16.30618202034384
9837 1 889936 0.8032787 16.90393395256251
9838 1 1968745 0.7638889 16.050311969593167
9839 1 1696810 0.73239434 15.963059035129845
9840 1 1676604 0.796875 17.302152002230287
9841 1 1480327 0.7285714 14.387444942258298
9842 1 1043181 0.734375 18.700071959756315
9843 1 1230660 0.7222222 14.05253994744271
9844 1 1301839 0.75757575 16.853310051374137
9845 1 1138121 0.71428573 17.321736086159945
9846 1 1436491 0.7746479 12.936300016008317
9847 1 1662973 0.7647059 15.272250981070101
9848 1 1790955 0.75 13.98581697139889
9849 1 1943211 0.79710144 13.969460036605597
9850 1 995716 0.75757575 15.711310086771846
9851 1 719540 0.7878788 15.776152024045587
9852 1 1570235 0.75757575 16.94996503647417
9853 1 1063045 0.7846154 15.844776993617415
9854 1 995375 0.739726 12.561379931867123
9855 1 1027842 0.7236842 13.071925030089915
9856 1 1875149 0.7 16.726071946322918
9857 1 1267358 0.70422536 17.805377021431923
9858 1 1007709 0.75 16.74930495209992
9859 1 1984812 0.7605634 15.959046897478402
9860 1 1780767 0.7846154 18.22365599218756
9861 1 1523612 0.7536232 16.127013019286096
9862 1 1557475 0.73846155 17.23348500672728
9863 1 1293813 0.7164179 15.017251018434763
9864 1 668082 0.78571427 14.91265301592648
9865 1 1039509 0.73239434 14.966757968068123
9866 1 222687 0.71875 16.669978969730437
9867 1 1626589 0.7878788 15.380337019450963
9868 1 1943211 0.7714286 13.691859086975455
9869 1 1092579 0.78571427 15.386502025648952
9870 1 1620662 0.73134327 15.504237031564116
9871 1 1007184 0.7794118 14.054699917323887
9872 1 1413718 0.8153846 15.455443994142115
9873 1 1790536 0.8125 15.85477706976235
9874 1 1279851 0.73846155 17.515098908916116
9875 1 809061 0.7121212 19.606588990427554
9876 1 1164855 0.7866667 14.36043402645737
9877 1 1204609 0.75 16.19320595636964
9878 1 1037144 0.8030303 16.53248001821339
9879 1 1146732 0.74647886 14.528003986924887
9880 1 1473480 0.8030303 14.283029944635928
9881 1 854939 0.8153846 15.428284998051822
9882 1 1412431 0.8125 15.865572029724717
9883 1 1037477 0.7468355 11.54624402988702
9884 1 1068043 0.73846155 15.568422037176788
9885 1 1013791 0.7826087 14.230314060114324
9886 1 1790489 0.78125 14.466281980276108
9887 1 796098 0.7164179 17.06802996341139
9888 1 2141327 0.75384617 17.048665904439986
9889 1 1157474 0.8 15.542790060862899
9890 1 1178112 0.7580645 16.53170504141599
9891 1 1147564 0.7058824 15.53843799047172
9892 1 231453 0.7647059 16.87374198809266
9893 1 1968741 0.74647886 14.528593979775906
9894 1 1462250 0.71014494 16.727384994737804
9895 1 1649817 0.8 15.841032029129565
9896 1 1629132 0.73770493 15.924507984891534
9897 1 1310061 0.7794118 16.708348994143307
9898 1 1842746 0.8 10.842800023965538
9899 1 1639865 0.7619048 17.059880075976253
9900 1 1732385 0.7733333 12.283324031159282
9901 1 1653173 0.7941176 15.181036898866296
9902 1 1972528 0.7123288 13.888653949834406
9903 1 1528619 0.76119405 16.776738921180367
9904 1 1420488 0.75342464 12.198535026982427
9905 1 1572011 0.7222222 13.07603099849075
9906 1 1124725 0.796875 16.703163040801883
9907 1 985992 0.7352941 16.265350044704974
9908 1 1157392 0.8030303 17.214306979440153
9909 1 1608917 0.7432432 15.329223009757698
9910 1 1159769 0.7058824 16.671544988639653
9911 1 1325474 0.7352941 15.02553594764322
9912 1 1971820 0.8 15.731159946881235
9913 1 1501084 0.7761194 15.84497990552336
9914 1 1484762 0.74603176 17.97532697673887
9915 1 1776164 0.796875 14.10063507501036
9916 1 1176794 0.70149255 16.845343983732164
9917 1 1184338 0.7605634 14.0905249863863
9918 1 1570103 0.75384617 16.42565499059856
9919 1 1984582 0.77272725 15.736536937765777
9920 1 1901537 0.73134327 16.756506054662168
9921 1 1278956 0.7246377 13.727743993513286
9922 1 824507 0.75 13.57682200614363
9923 0 0 0 18.1149150012061
9924 1 712980 0.7647059 16.79161994252354
9925 1 820293 0.7714286 12.843010015785694
9926 1 693371 0.74626863 16.278764000162482
9927 1 1398441 0.75 13.391160988248885
9928 1 1153759 0.7638889 12.964698951691389
9929 1 1459297 0.72307694 15.263366978615522
9930 1 1435635 0.71875 16.615006956271827
9931 1 529500 0.75 17.836944083683193
9932 1 1984812 0.75 16.357260989025235
9933 1 1971669 0.7 13.623958919197321
9934 1 1514005 0.78571427 14.868165017105639
9935 1 1579415 0.74285716 15.727067948319018
9936 1 1620134 0.76119405 15.482358983717859
9937 1 1427083 0.73239434 13.627198990434408
9938 1 1573929 0.73134327 16.49972191080451
9939 1 1190981 0.7076923 15.752858947962523
9940 1 551953 0.75 13.662421028129756
9941 1 1259993 0.796875 15.454053995199502
9942 1 1640028 0.7246377 16.427577007561922
9943 1 627904 0.71014494 14.379289001226425
9944 1 1224238 0.74242425 15.574263990856707
9945 1 1631317 0.765625 15.522572095505893
9946 1 1158625 0.7647059 15.76709293294698
9947 1 1424840 0.7419355 16.58077002502978
9948 1 825797 0.7164179 14.82588006183505
9949 1 1060239 0.7910448 15.209780889563262
9950 1 1649205 0.75 17.80240098014474
9951 1 2081098 0.7936508 17.407748964615166
9952 1 655764 0.72131145 16.200544079765677
9953 1 801664 0.75757575 14.576494926586747
9954 1 1465526 0.72 14.316576067358255
9955 1 1468287 0.75384617 16.294448054395616
9956 1 1436838 0.7941176 16.16599305998534
9957 1 1331289 0.74626863 15.033910050988197
9958 1 838343 0.7647059 15.734178014099598
9959 1 1296472 0.739726 16.21577807236463
9960 1 996318 0.7692308 16.75975800026208
9961 1 1101828 0.74647886 16.195635893382132
9962 0 0 0 16.75889000762254
9963 1 1487838 0.73015875 18.021303927525878
9964 1 1516638 0.74647886 15.011934097856283
9965 1 1407386 0.74603176 16.078129992820323
9966 1 1843676 0.74285716 14.808895997703075
9967 1 1193761 0.73239434 14.599760062992573
9968 1 769024 0.74242425 15.313556999899447
9969 1 1628853 0.7285714 13.720561983063817
9970 1 990373 0.8030303 16.709781950339675
9971 1 1745480 0.7761194 14.819471049122512
9972 1 1553710 0.79710144 14.291986008174717
9973 1 833092 0.79710144 14.241809956729412
9974 1 993415 0.74626863 13.833781937137246
9975 1 1985662 0.77272725 15.543235000222921
9976 1 1013135 0.7164179 15.485304058529437
9977 1 1301117 0.7164179 15.490874997340143
9978 1 1622943 0.7866667 12.967083952389657
9979 1 1400701 0.73913044 13.96201306488365
9980 1 1115189 0.7536232 15.666349907405674
9981 1 985832 0.70422536 12.618396896868944
9982 1 1474701 0.7936508 17.056966898962855
9983 1 1138859 0.79710144 13.728462043218315
9984 1 817017 0.75 16.942963004112244
9985 1 1459775 0.7761194 15.435412060469389
9986 1 1598369 0.73333335 17.824106966145337
9987 1 2439516 0.7692308 14.503404963761568
9988 1 719540 0.74285716 14.315461972728372
9989 1 1606840 0.7352941 14.905044110491872
9990 1 1316105 0.7826087 16.38611499220133
9991 1 1975276 0.78125 16.071631107479334
9992 1 1808183 0.7246377 13.573404983617365
9993 1 529035 0.7285714 16.057114931754768
9994 1 219285 0.73846155 14.975687023252249
9995 1 1113675 0.7105263 13.514860067516565
9996 1 2075400 0.7536232 13.659807969816029
9997 1 815547 0.75384617 15.094125992618501
9998 1 1042853 0.74285716 15.01908793579787
9999 1 719540 0.7536232 14.395381091162562
10000 1 1972760 0.7605634 13.460995047353208
10001 1 1410421 0.75 15.279736020602286
10002 1 1281227 0.75757575 15.851430012844503
10003 1 1573380 0.79710144 14.227724983356893
10004 1 1617864 0.7361111 15.005290973931551
10005 1 824848 0.74285716 15.114799025468528
10006 1 1640736 0.75384617 16.38576900586486
10007 1 1793434 0.73239434 13.209035969339311
10008 1 1844997 0.7692308 15.709728933870792
10009 1 588684 0.71428573 15.940994955599308
10010 1 1021507 0.75757575 15.296079916879535
10011 1 1640882 0.7887324 12.14339502621442
10012 1 2083866 0.7580645 16.30817004479468
10013 1 1465345 0.78205127 12.008515070192516
10014 1 995830 0.74647886 14.942803070880473
10015 1 1630557 0.74242425 16.688816947862506
10016 1 1131747 0.7352941 16.48582296911627
10017 1 1593026 0.78688526 16.87738997861743
10018 1 714554 0.7352941 16.206970904022455
10019 1 1035424 0.7352941 16.384444083087146
10020 0 0 0 15.798940905369818
10021 1 1951628 0.7910448 15.682559926062822
10022 1 2079365 0.73846155 16.567455953918397
10023 1 1037557 0.79710144 14.925537980161607
10024 1 1442390 0.7846154 15.278109000064433
10025 1 651451 0.8064516 17.742707976140082
10026 1 1204492 0.7761194 16.41362300142646
10027 1 1196806 0.75 17.011212999932468
10028 1 1125894 0.74666667 13.062841026112437
10029 1 1459043 0.7692308 15.714451088570058
10030 1 816989 0.73015875 15.94544609542936
10031 1 1650306 0.7076923 15.554621000774205
10032 1 1336746 0.7777778 13.619603938423097
10033 1 234623 0.7361111 14.42092505749315
10034 1 1525139 0.7222222 14.113167067989707
10035 1 1378151 0.7567568 13.470579986460507
10036 1 1261069 0.7083333 14.059516950510442
10037 1 1547190 0.765625 15.568386996164918
10038 1 1452947 0.7692308 16.80362899787724
10039 1 1350998 0.77272725 16.343129915185273
10040 1 1056565 0.7285714 13.570372946560383
10041 1 727972 0.7183099 15.967293991707265
10042 1 1840760 0.7910448 16.08043198939413
10043 1 1069744 0.7536232 16.51801203843206
10044 1 1272364 1.0 15.893785981461406
10045 1 1477963 0.74285716 16.128652030602098
10046 1 1497113 0.72602737 14.44304408505559
10047 1 862079 0.7297297 14.719604980200529
10048 1 1560462 0.7777778 13.611729023978114
10049 1 1632865 0.8153846 13.740345952101052
10050 1 1177653 0.74626863 15.611860086210072
10051 1 1453131 0.7307692 14.25076206214726
10052 1 1789876 0.76119405 14.284136006608605
10053 1 779721 0.74647886 14.58411302883178
10054 1 1415893 0.74603176 15.349323977716267
10055 1 1063056 0.75384617 15.756533946841955
10056 1 370562 0.76623374 11.608527973294258
10057 1 1454646 0.721519 9.60421294439584
10058 1 129091 0.7361111 12.551405001431704
10059 1 407191 0.75714284 10.817936970852315
10060 1 1396279 0.73333335 11.4925189409405
10061 1 1594056 0.8 11.916178045794368
10062 1 1566259 0.73333335 11.950553045608103
10063 1 407191 0.7162162 9.667820995673537
10064 1 1104780 0.75609756 10.139934020116925
10065 1 1580922 0.7222222 12.624054099433124
10066 1 1426924 0.79452056 11.692653992213309
10067 1 1310061 0.7432432 13.72976298443973
10068 1 1460364 0.74390244 10.398665093816817
10069 1 1458774 0.7236842 12.365218019112945
10070 1 704348 0.75 12.330129044130445
10071 1 1528226 0.72839504 10.82871190737933
10072 1 1202958 0.7837838 10.921436012722552
10073 1 1266812 0.775 8.8859359966591
10074 1 1351641 0.8108108 11.011334951035678
10075 1 1150426 0.7882353 7.69735302310437
10076 1 1278962 0.721519 10.318004991859198
10077 1 1293387 0.79452056 12.228811043314636
10078 1 1411338 0.7848101 10.918929940089583
10079 1 1572367 0.76829267 10.818019974976778
10080 1 1065623 0.7721519 8.863516966812313
10081 1 724756 0.72602737 10.288766003213823
10082 1 1022665 0.7361111 10.476563009433448
10083 1 1054739 0.7746479 13.28226993791759
10084 1 1851472 0.7692308 8.91800899989903
10085 1 1064065 0.75342464 13.519271975383162
10086 1 1190504 0.725 9.320596931502223
10087 1 1393938 0.82191783 12.911965022794902
10088 1 1930850 0.75949365 11.94765290711075
10089 1 407191 0.75714284 11.64634304586798
10090 1 1096966 0.75 11.536993901245296
10091 1 337850 0.7590361 11.668229009956121
10092 1 1148997 0.7432432 13.25352001003921
10093 1 719540 0.7027027 12.923651025630534
10094 1 1519426 0.7733333 13.45160894561559
10095 1 829282 0.7619048 8.501968928612769
10096 1 1021128 0.82666665 10.865328018553555
10097 1 1145047 0.7012987 12.317814049310982
10098 1 307160 0.7733333 12.26382190361619
10099 1 1014394 0.8 12.212623958475888
10100 1 1273869 0.721519 10.186722036451101
10101 1 840177 0.7638889 12.271377025172114
10102 1 1467735 0.725 11.172437923960388
10103 1 407191 0.72602737 8.664704975672066
10104 1 392091 0.7297297 12.57424894720316
10105 1 1237997 0.8082192 12.351628043688834
10106 1 1949294 0.8 8.911572047509253
10107 1 1184257 0.75308645 8.854832034558058
10108 1 1676321 0.73333335 10.18822891637683
10109 1 2370704 0.7837838 11.789601994678378
10110 1 1255817 0.7894737 12.344731017947197
10111 1 2013281 0.7625 11.666078004054725
10112 1 407191 0.75714284 12.351548997685313
10113 1 831040 0.80263156 13.473873026669025
10114 1 843514 0.775 11.720380978658795
10115 1 999321 0.7625 10.952370939776301
10116 1 1267771 0.76 9.551601018756628
10117 1 1406709 0.79268295 9.008561028167605
10118 1 768892 0.7948718 10.376465041190386
10119 1 1984582 0.739726 9.579185978509486
10120 1 1968349 0.7702703 11.632751091383398
10121 1 858120 0.7763158 10.96448500175029
10122 1 825513 0.8101266 10.19244990311563
10123 1 1573267 0.775 10.971093899570405
10124 1 1573267 0.7848101 10.829092934727669
10125 1 1155804 0.7671233 9.954351000487804
10126 1 1875148 0.74647886 12.236092938110232
10127 1 1573267 0.74390244 10.246031917631626
10128 1 1576599 0.70666665 13.850152026861906
10129 1 1403759 0.7236842 9.75841807667166
10130 1 407191 0.7361111 9.547482943162322
10131 1 978453 0.7205882 12.190500041469932
10132 1 1607627 0.78571427 12.414835044182837
10133 1 407191 0.8030303 12.32247392181307
10134 1 1001386 0.72289157 7.758597959764302
10135 1 1467735 0.81333333 11.774412007071078
10136 1 1951651 0.7808219 12.227713013999164
10137 1 1543037 0.74025977 9.868282009847462
10138 1 1133505 0.74358976 10.61075006145984
10139 0 0 0 12.77709798887372
10140 1 1573267 0.7654321 11.16668398026377
10141 1 1148997 0.7432432 12.484478997066617
10142 1 413369 0.79268295 9.719892987050116
10143 1 1499298 0.74025977 10.503825964406133
10144 1 1078690 0.7894737 11.208313051611185
10145 1 1972317 0.7714286 12.819912983104587
10146 1 1169972 0.7702703 11.832379968836904
10147 1 1184677 0.72619045 7.737551000900567
10148 1 1610577 0.7702703 10.89350099209696
10149 1 1066977 0.72727275 11.714057065546513
10150 1 1172322 0.7123288 14.330347999930382
10151 1 1018504 0.7763158 10.879874927923083
10152 1 2263629 0.7647059 8.968514041043818
10153 1 1179277 0.72839504 9.458082960918546
10154 1 843514 0.79012346 8.93924490083009
10155 1 1087335 0.7468355 10.958369937725365
10156 1 367266 0.71428573 12.359946966171265
10157 1 1654051 0.8055556 12.302299030125141
10158 1 1066368 0.75308645 10.391319054178894
10159 1 1511751 0.75 10.18664299044758
10160 1 1316443 0.8028169 12.884664931334555
10161 1 1063634 0.7702703 10.66258701030165
10162 1 2221553 0.7051282 8.967104949988425
10163 1 129091 0.7105263 9.91589401382953
10164 1 1217671 0.7160494 12.241153046488762
10165 1 1531480 0.7837838 11.745058000087738
10166 1 1217581 0.7887324 14.3311379943043
10167 1 250150 0.80263156 12.1819160412997
10168 1 1202151 0.7432432 11.8776960298419
10169 1 1608725 0.72602737 12.59454304818064
10170 1 1162215 0.82608694 12.808285071514547
10171 1 712778 0.7297297 13.748380006290972
10172 1 1580922 0.7361111 12.091815005987883
10173 1 1087873 0.7647059 8.330982062034309
10174 1 1184257 0.7922078 11.039378005079925
10175 1 1081667 0.7567568 11.115201050415635
10176 1 1687355 0.70666665 11.765007046051323
10177 1 1176724 0.7195122 10.36980701610446
10178 1 1890419 0.7432432 11.038099997676909
10179 1 1943211 0.7777778 11.54915802180767
10180 1 1486900 0.76623374 9.407068020664155
10181 1 1566712 0.74698794 7.795804995112121
10182 1 1184257 0.75949365 10.956012993119657
10183 1 827043 0.7733333 12.307179975323379
10184 0 0 0 11.637880001217127
10185 1 1292907 0.80246913 10.881338035687804
10186 1 367266 0.8 10.88578999042511
10187 1 808336 0.7567568 11.07583602424711
10188 1 1673391 0.74647886 13.231398072093725
10189 1 1134570 0.7746479 15.516118961386383
10190 1 332147 0.8082192 11.618012096732855
10191 1 1566713 0.7468355 10.200207005254924
10192 1 1037557 0.7432432 11.183127062395215
10193 1 1174545 0.72839504 9.135617990978062
10194 1 1900758 0.76 11.24155696015805
10195 1 1272483 0.7407407 9.080959018319845
10196 1 1013339 0.7654321 7.952593034133315
10197 1 1423148 0.74358976 10.966197005473077
10198 1 1467735 0.725 10.8311059884727
10199 1 1184677 0.7654321 8.29891103785485
10200 1 1037557 0.70666665 11.622873018495739
10201 1 165884 0.7671233 10.796485003083944
10202 1 417913 0.74647886 11.494748992845416
10203 0 0 0 11.08530501369387
10204 1 1572279 0.74025977 11.618493008427322
10205 1 862672 0.74358976 9.62665001861751
10206 1 1667097 0.80263156 9.485291899181902
10207 1 237217 0.73417723 13.03007802926004
10208 1 1295722 0.7702703 12.347204959951341
10209 1 1446474 0.721519 10.934768943116069
10210 1 1033519 0.71428573 12.368767987936735
10211 1 1115189 0.7307692 8.871480938978493
10212 1 1097990 0.83116883 8.80907999817282
10213 1 1274483 0.7619048 10.192740010097623
10214 1 1010562 0.7654321 10.850453982129693
10215 1 1616670 0.7972973 11.438444023951888
10216 1 1091512 0.73170733 11.867642984725535
10217 1 1518171 0.7222222 12.649831012822688
10218 1 1448930 0.72839504 10.97660802770406
10219 1 1094279 0.73417723 10.447626933455467
10220 1 1039990 0.71794873 12.729419046081603
10221 1 370562 0.7108434 9.376792004331946
10222 1 1507270 0.7532467 11.814052006229758
10223 1 1057393 0.721519 11.313805938698351
10224 1 1560142 0.77922076 10.792441084049642
10225 1 700833 0.7012987 10.997200035490096
10226 1 1966742 0.77272725 7.594110909849405
10227 1 831040 0.80263156 12.300246045924723
10228 1 407191 0.7361111 9.381858981214464
10229 1 1973912 0.76623374 11.240419000387192
10230 1 175445 0.7922078 10.161533020436764
10231 1 532088 0.76 11.440658010542393
10232 1 1140172 0.7368421 10.668097995221615
10233 1 1016430 0.7710843 9.46869095787406
10234 1 719540 0.70666665 10.726395063102245
10235 1 222186 0.74666667 12.38603494130075
10236 1 1293387 0.79452056 12.281700037419796
10237 1 1342021 0.7532467 10.874657076783478
10238 1 1417046 0.7972973 12.244669953361154
10239 1 1382687 0.70886075 12.008757912553847
10240 1 1096966 0.7654321 9.27526701707393
10241 1 1018504 0.7733333 13.399885967373848
10242 1 407191 0.74647886 11.048699961975217
10243 1 1566712 0.75308645 9.412837913259864
10244 1 122803 0.73170733 12.342581059783697
10245 1 129091 0.7105263 9.062370052561164
10246 1 1189724 0.75308645 10.497629991732538
10247 1 1949294 0.80263156 12.38372700754553
10248 1 1973912 0.78205127 10.674532037228346
10249 1 1573267 0.75609756 9.99076699372381
10250 1 1515578 0.72727275 8.98768100887537
10251 1 712778 0.72 12.367196031846106
10252 1 1532721 0.7307692 9.67831106390804
10253 1 749103 0.7285714 12.265002937056124
10254 1 1269209 0.775 10.170624009333551
10255 1 1079407 0.7777778 7.606741972267628
10256 1 1973912 0.78205127 10.117050027474761
10257 1 367266 0.8 10.988479014486074
10258 1 1562702 0.74666667 11.519012972712517
10259 1 1432608 0.71794873 10.853685904294252
10260 1 1411488 0.75 12.589658028446138
10261 1 1274483 0.7882353 8.201073040254414
10262 1 1566712 0.75641024 10.940050007775426
10263 1 852917 0.72727275 12.221012962982059
10264 1 1096966 0.7654321 8.66640405729413
10265 1 1032115 0.7236842 10.607272037304938
10266 1 1696810 0.75 12.857830966822803
10267 1 240008 0.7882353 8.651618962176144
10268 1 2021989 0.75 14.240695047192276
10269 1 1086748 0.7808219 14.131339965388179
10270 1 491609 0.7875 12.26728199981153
10271 1 695062 0.739726 12.572066043503582
10272 1 1580922 0.7222222 12.529119034297764
10273 1 1022086 0.8101266 8.934493060223758
10274 1 684241 0.8051948 12.705469969660044
10275 1 704348 0.7763158 11.18185801897198
10276 1 695062 0.7567568 10.882672970183194
10277 1 1221889 0.7236842 11.68195903301239
10278 1 1013339 0.74390244 7.763264002278447
10279 1 1184677 0.7176471 7.601528079248965
10280 1 1973308 0.7638889 11.630479944869876
10281 1 1973912 0.8082192 13.645165017805994
10282 1 1019311 0.79012346 9.216326987370849
10283 1 1037557 0.7432432 11.323631973937154
10284 1 1239064 0.74285716 12.80121598392725
10285 1 1666796 0.8051948 9.709790931083262
10286 1 667872 0.7875 10.881196008995175
10287 1 1292907 0.7804878 11.092409957200289
10288 1 1740040 0.74698794 9.56359994597733
10289 1 1338784 0.74666667 11.036044103093445
10290 1 1058544 0.72602737 11.050253990106285
10291 1 1671474 0.74025977 11.133450083434582
10292 1 883062 0.72602737 12.755514006130397
10293 1 686529 0.7375 10.936624952591956
10294 1 1184257 0.75308645 9.940637042745948
10295 1 407191 0.7361111 10.686977999284863
10296 1 1102899 0.7105263 12.279109912924469
10297 1 1573267 0.74698794 9.98698198236525
10298 0 0 0 12.055226019583642
10299 1 1073294 0.70886075 11.20945904403925
10300 1 486882 0.7162162 11.910445988178253
10301 1 1900871 0.7647059 8.247393066994846
10302 1 1017782 0.7638889 12.04526994843036
10303 1 1185486 0.7125 11.88208197709173
10304 1 1267771 0.76 9.070339961908758
10305 1 129091 0.74647886 12.290937011130154
10306 1 1439660 0.7105263 13.16189905628562
10307 1 1076908 0.7307692 10.300672031007707
10308 1 869781 0.79710144 12.209551990963519
10309 1 1415695 0.8076923 10.177018935792148
10310 1 809706 0.72 11.591405957005918
10311 1 1195088 0.8235294 13.397549046203494
10312 1 1486900 0.76623374 9.817437967285514
10313 1 1130231 0.7162162 10.938035091385245
10314 1 1107847 0.8148148 8.726135012693703
10315 1 1973912 0.7692308 10.927316965535283
10316 1 1112905 0.7875 10.30762994196266
10317 1 679943 0.7866667 10.894282953813672
10318 1 222186 0.7 10.475776041857898
10319 1 1968349 0.73333335 13.333305949345231
10320 1 1573267 0.7108434 11.610732995904982
10321 1 1666796 0.8051948 10.167133994400501
10322 1 708832 0.7605634 12.31189095415175
10323 1 731410 0.7246377 12.506966013461351
10324 1 1191367 0.7625 11.316151940263808
10325 1 1510972 0.75949365 9.881188976578414
10326 1 240008 0.7882353 8.361799991689622
10327 1 1567538 0.7297297 12.961290078237653
10328 1 1358271 0.7294118 7.778315921314061
10329 1 1560548 0.7702703 11.646016966551542
10330 1 823513 0.721519 8.661637082695961
10331 1 995534 0.77922076 10.655638994649053
10332 1 1009715 0.7866667 10.636294959113002
10333 1 1408721 0.7916667 12.32061698101461
10334 1 1573267 0.74698794 8.892158046364784
10335 1 1190330 0.7671233 10.837701032869518
10336 1 407191 0.75714284 10.715789976529777
10337 1 667872 0.75 8.977500954642892
10338 1 1616973 0.75342464 13.387406012043357
10339 1 1104106 0.76623374 10.873776976950467
10340 1 1563488 0.7123288 11.353597976267338
10341 1 1077098 0.7536232 12.837284011766315
10342 1 1511418 0.7866667 11.63562701549381
10343 1 1129833 0.78205127 10.216620983555913
10344 1 1619085 0.76623374 11.58064603805542
10345 1 1179731 0.7125 13.765309005975723
10346 1 719540 0.7746479 13.300912105478346
10347 1 1184257 0.7922078 11.468225042335689
10348 1 1806355 0.7432432 11.002821032889187
10349 1 1952097 0.7887324 13.290339964441955
10350 1 1378449 0.8101266 10.816155932843685
10351 1 1423148 0.7631579 12.20785710029304
10352 1 247368 0.71794873 10.685776942409575
10353 1 838918 0.7368421 12.346016010269523
10354 1 407191 0.7794118 11.61515701096505
10355 1 2221553 0.7297297 10.958338039927185
10356 1 1174922 0.7948718 8.857745910063386
10357 1 1797585 0.74666667 11.478628031909466
10358 1 1952370 0.72602737 12.516068993136287
10359 1 1118857 0.7380952 7.677296991460025
10360 1 1864426 0.74666667 10.859495028853416
10361 1 790753 0.82051283 10.183431091718376
10362 1 1572279 0.7763158 10.948017006739974
10363 1 1000758 0.76119405 13.094198075123131
10364 1 1186563 0.7733333 11.637796997092664
10365 1 579910 0.7692308 10.938010993413627
10366 1 1950067 0.7027027 12.881920905783772
10367 1 417913 0.7162162 10.13405597768724
10368 1 407191 0.7794118 11.596739990636706
10369 1 1703059 0.75 12.51968799624592
10370 1 1057061 0.72602737 11.928478954359889
10371 1 1310061 0.73333335 13.497061911039054
10372 1 1088152 0.80246913 11.097684036940336
10373 1 1611084 0.76 12.573114014230669
10374 1 413369 0.79268295 11.109028942883015
10375 1 1635219 0.74647886 12.329022050835192
10376 1 1454646 0.74025977 10.882995091378689
10377 1 1088152 0.7625 13.587193912826478
10378 1 1943211 0.7777778 11.620549019426107
10379 1 1473987 0.8082192 12.308295001275837
10380 1 1686181 0.77922076 10.932408971711993
10381 1 1058544 0.72602737 11.534665012732148
10382 1 1094360 0.79746836 11.818796047009528
10383 1 363925 0.73170733 8.933551027439535
10384 1 989795 0.7764706 8.241340983659029
10385 1 1973912 0.78205127 10.22448402363807
10386 1 1900758 0.73333335 11.635185102932155
10387 1 1409596 0.7375 9.503540000878274
10388 1 2011535 0.7631579 12.140664039179683
10389 1 836084 0.77922076 8.790247957222164
10390 1 1337908 0.78205127 10.909678996540606
10391 1 987085 0.73170733 8.814438944682479
10392 1 407191 0.75714284 10.95861999783665
10393 1 1633318 0.71794873 10.93425799626857
10394 1 2000221 0.7307692 11.662963079288602
10395 1 1953012 0.73239434 11.884085950441658
10396 1 129091 0.7361111 12.683814973570406
10397 1 129091 0.739726 11.778746033087373
10398 1 935430 0.7866667 12.308420962654054
10399 1 1226791 0.77922076 11.563397012650967
10400 1 862672 0.74358976 9.500592015683651
10401 1 1627521 0.7625 9.54688701312989
10402 1 1512263 0.7692308 11.491850018501282
10403 1 332147 0.8082192 11.210069991648197
10404 1 823513 0.7733333 10.320172063075006
10405 1 1013339 0.75609756 7.8435150207951665
10406 1 543642 0.7721519 10.944499052129686
10407 1 1573267 0.75308645 10.925834067165852
10408 1 1320175 0.75 12.353181024082005
10409 1 1098814 0.75641024 12.26572401355952
10410 1 1074039 0.75 10.974557953886688
10411 1 1133486 0.78205127 10.899252956733108
10412 1 1134296 0.7948718 10.209323023445904
10413 1 1125389 0.74358976 11.585012078285217
10414 1 1492509 0.7529412 7.706929929554462
10415 1 336826 0.8 11.509260046295822
10416 1 1972081 0.7567568 10.857127024792135
10417 1 1342065 0.7733333 10.936553007923067
10418 1 597111 0.72727275 10.609197081066668
10419 1 1265042 0.7162162 10.690966038964689
10420 1 1015326 0.7721519 11.92974392324686
10421 1 790753 0.82051283 10.649578995071352
10422 1 1232687 0.8055556 13.370671891607344
10423 1 417913 0.7222222 12.52248592209071
10424 1 822534 0.7631579 12.35942100174725
10425 1 987513 0.7297297 11.585769010707736
10426 1 1520672 0.8 12.021059985272586
10427 1 1429134 0.8108108 11.252588941715658
10428 1 129091 0.7162162 11.74543600063771
10429 1 1041172 0.74390244 9.347778977826238
10430 1 1087873 0.7647059 7.814681972377002
10431 1 407191 0.7162162 9.027612977661192
10432 1 1731224 0.75 11.0086320200935
10433 1 987123 0.7894737 10.909051052294672
10434 1 1047441 0.71428573 10.817458969540894
10435 1 1622943 0.7037037 10.92773792333901
10436 1 486882 0.72602737 10.884235030971467
10437 1 1155916 0.8101266 9.323682053945959
10438 1 823513 0.7631579 9.595328010618687
10439 1 1226791 0.80263156 10.942221968434751
10440 1 1007115 0.75 12.389559065923095
10441 1 1037557 0.74666667 10.31827600672841
10442 1 1488703 0.7763158 9.419545996934175
10443 0 0 0 10.99701807834208
10444 1 407191 0.7794118 11.466527008451521
10445 1 1441827 0.7777778 8.221611962653697
10446 1 1505381 0.7654321 8.900761022232473
10447 1 407191 0.76811594 11.099706985987723
10448 1 1425868 0.7808219 11.108727077953517
10449 1 1084772 0.7887324 13.279261998832226
10450 1 1310061 0.72727275 12.379515101201832
10451 1 1018504 0.7733333 13.452527928166091
10452 1 2359951 0.7294118 11.288756970316172
10453 1 1529965 0.7638889 11.1974379979074
10454 1 1692803 0.7671233 12.61333201546222
10455 1 857724 0.7160494 9.06137004494667
10456 1 1328970 0.73333335 11.08017296064645
10457 1 712778 0.7733333 10.983653017319739
10458 1 1327253 0.71794873 10.955456993542612
10459 1 998932 0.7702703 11.60307799000293
10460 1 1057397 0.7702703 12.09990307688713
10461 1 987103 0.80246913 10.65836800262332
10462 1 1007115 0.7631579 11.345145991072059
10463 1 1086388 0.79452056 12.140186969190836
10464 1 723750 0.73255813 8.234556997194886
10465 1 1973912 0.80263156 10.984560009092093
10466 1 868851 0.75641024 11.630385997705162
10467 1 1116778 0.79268295 8.160601952113211
10468 1 704348 0.7368421 12.304031988605857
10469 1 1427131 0.8243243 10.801071068271995
10470 1 1025694 0.7468355 8.857515989802778
10471 1 652347 0.8055556 10.956321028061211
10472 1 1493190 0.71794873 9.575864998623729
10473 1 407191 0.74647886 10.40131296031177
10474 1 1184257 0.80263156 12.89269095286727
10475 1 1580922 0.7826087 13.644015067256987
10476 1 247368 0.80263156 9.661527932621539
10477 1 1531320 0.7236842 11.656543938443065
10478 1 1089093 0.7631579 12.955665006302297
10479 1 1162414 0.7733333 12.653271900489926
10480 1 1022086 0.7654321 9.037987096235156
10481 1 1625998 0.78313255 8.60832491889596
10482 1 1342065 0.7671233 12.299819034524262
10483 1 1947766 0.8055556 12.244993937201798
10484 1 679943 0.7972973 11.574615957215428
10485 1 1943211 0.8 12.385901995003223
10486 1 1039990 0.71794873 12.321530026383698
10487 1 1560548 0.76 10.856162058189511
10488 1 1130719 0.74025977 10.91135002207011
10489 1 1249690 0.77922076 10.879823938012123
10490 1 1036052 0.7368421 8.752238936722279
10491 1 1181933 0.8 7.063574041239917
10492 1 858120 0.7037037 9.560410981066525
10493 1 1232687 0.7567568 12.275132001377642
10494 1 417913 0.7222222 11.563298990949988
10495 1 1428059 0.7529412 8.239093935117126
10496 1 1076356 0.7468355 10.776990908198059
10497 1 1668055 0.7763158 10.121595929376781
10498 1 814683 0.74025977 12.958559091202915
10499 1 1003071 0.7866667 11.006657034158707
10500 1 1193654 0.7692308 12.221114011481404
10501 0 0 0 9.799913968890905
10502 1 370562 0.7763158 13.493446982465684
10503 1 69438 0.7710843 10.487452964298427
10504 1 1573267 0.775 11.878110934048891
10505 1 712778 0.7236842 12.36309192609042
10506 1 1003514 0.73170733 9.946067002601922
10507 1 1157374 0.72619045 9.323835955001414
10508 1 1354390 0.7532467 11.949363048188388
10509 1 706472 0.76 12.236412963829935
10510 1 1096966 0.71428573 8.876655017957091
10511 1 1731224 0.75641024 8.787697996012866
10512 1 367266 0.7702703 12.984467903152108
10513 1 1714351 0.75609756 10.923834051936865
10514 1 1004367 0.75 8.303535054437816
10515 1 1101046 0.73417723 10.842446004971862
10516 1 417913 0.7222222 11.54185296036303
10517 1 1351641 0.8108108 10.937984101474285
10518 1 883062 0.7361111 12.185191037133336
10519 1 679943 0.7307692 10.984651977196336
10520 1 1543240 0.7105263 12.45173905044794
10521 1 1096966 0.71428573 8.911001961678267
10522 1 712778 0.721519 8.88224900700152
10523 1 1014448 0.7307692 9.528249967843294
10524 1 1156956 0.76829267 8.966407971456647
10525 1 1314561 0.77380955 8.919702027924359
10526 1 1039990 0.8108108 12.556356028653681
10527 1 788461 0.75641024 11.938667972572148
10528 1 1625998 0.78313255 9.00736404582858
10529 1 1028027 0.7236842 11.61000900901854
10530 1 530082 0.75949365 11.75662293098867
10531 1 1403498 0.73239434 11.135056964121759
10532 1 1267490 0.75 9.723503957502544
10533 1 1686181 0.7654321 8.660267922095954
10534 1 983983 0.79452056 11.342857964336872
10535 1 1143800 0.7356322 8.090469986200333
10536 1 410790 0.7380952 8.576815016567707
10537 1 712980 0.7105263 10.96026599407196
10538 1 1188658 0.74358976 10.19267796073109
10539 1 392091 0.76 10.27419394813478
10540 1 392091 0.7105263 10.902759968303144
10541 1 731410 0.7246377 12.307500001043081
10542 1 1461928 0.7105263 12.331330915912986
10543 1 1949294 0.7721519 10.86933200713247
10544 1 1622447 0.725 10.935754049569368
10545 1 805028 0.71794873 11.493515106849372
10546 1 1976516 0.74647886 12.777041061781347
10547 1 1631909 0.74025977 10.918020969256759
10548 1 1061249 0.7654321 10.850726976059377
10549 1 1500885 0.73333335 11.492523946799338
10550 1 898528 0.7532467 10.701408027671278
10551 1 1010562 0.75308645 10.72434801608324
10552 1 1616670 0.7972973 10.305981035344303
10553 1 407191 0.7361111 10.08550904225558
10554 1 813775 0.71794873 12.157615972682834
10555 1 1352197 0.7948718 11.159681947901845
10556 1 1150426 0.75 7.594754919409752
10557 1 851226 0.7553192 5.635742913000286
10558 1 993226 0.7311828 5.405061063356698
10559 1 1077466 0.72043014 6.909955991432071
10560 1 1060723 0.79012346 8.250677958130836
10561 1 1086542 0.80851066 5.171168013475835
10562 1 1150250 0.75581396 7.096137967891991
10563 1 873084 0.77011496 7.73092801682651
10564 1 1191367 0.7386364 6.907225935719907
10565 1 1669678 0.7356322 7.131263962946832
10566 1 1081603 0.7604167 4.7585170250386
10567 1 423916 0.8045977 7.560497964732349
10568 1 1138458 0.76666665 6.88133598305285
10569 1 866868 0.74157304 6.113366922363639
10570 1 1721980 0.74712646 7.771181990392506
10571 1 240008 0.75555557 6.227512028999627
10572 1 873084 0.77272725 6.685025990009308
10573 1 1088152 0.7303371 6.734777940437198
10574 1 873084 0.7906977 7.167861913330853
10575 1 1013339 0.75609756 7.624447927810252
10576 1 1093245 0.8111111 6.027646944858134
10577 1 1142235 0.7473684 3.7234050687402487
10578 1 109474 0.8255814 6.522177020087838
10579 1 1253839 0.7051282 8.24879901483655
10580 1 1084072 0.82417583 5.100829992443323
10581 1 837522 0.75 6.620653090067208
10582 1 1440673 0.78409094 7.072575041092932
10583 1 873084 0.7906977 7.1282529970631
10584 1 873084 0.77011496 7.102430099621415
10585 1 768892 0.78313255 6.470700027421117
10586 1 1226791 0.74698794 8.656613063067198
10587 1 1150250 0.75581396 6.726430030539632
10588 1 873084 0.79761904 8.334378944709897
10589 1 1342007 0.7613636 6.563537986949086
10590 1 850089 0.7411765 6.521426024846733
10591 1 709444 0.76404494 6.147313048131764
10592 1 1016912 0.7790698 6.669129012152553
10593 1 1154446 0.7529412 7.2421630611643195
10594 1 1081603 0.73195875 4.615499055944383
10595 1 842478 0.7171717 5.749044008553028
10596 1 821172 0.80246913 9.547753958031535
10597 1 1833960 0.8235294 8.389533031731844
10598 1 1118915 0.77011496 7.700619986280799
10599 1 836289 0.8131868 5.4616889683529735
10600 1 1501594 0.8101266 8.610179997049272
10601 1 1831035 0.8214286 7.405300973914564
10602 1 704348 0.7160494 9.441019967198372
10603 1 1023666 0.81395346 7.399205002002418
10604 1 840337 0.7777778 6.2535409815609455
10605 1 240008 0.7816092 7.498849998228252
10606 1 222186 0.72839504 8.798588998615742
10607 1 768892 0.7647059 6.441690027713776
10608 1 1428059 0.7647059 7.832259056158364
10609 1 240008 0.8333333 7.767557050101459
10610 1 1081603 0.73195875 4.398452001623809
10611 1 655803 0.8202247 5.55068498943001
10612 1 1123652 0.80898875 5.571638001129031
10613 1 1949294 0.7710843 7.588560925796628
10614 1 1183528 0.77272725 6.778495036996901
10615 1 1415695 0.79012346 8.385682944208384
10616 1 768892 0.7222222 4.365483997389674
10617 1 709444 0.76404494 6.122917984612286
10618 1 1377187 0.82417583 5.152662051841617
10619 1 1081603 0.7802198 6.528909085318446
10620 1 694736 0.8255814 6.515054032206535
10621 1 873084 0.76404494 6.196000031195581
10622 1 1081603 0.8 7.122084032744169
10623 1 1440673 0.7802198 5.661398987285793
10624 1 873084 0.8333333 7.034604903310537
10625 1 1013339 0.72619045 7.186470087617636
10626 1 840337 0.79545456 6.678143050521612
10627 1 979375 0.72164947 4.826075048185885
10628 1 1137675 0.7419355 6.071839015930891
10629 1 1566712 0.7294118 6.5794470719993114
10630 1 1161492 0.7263158 5.862630903720856
10631 1 873084 0.7816092 7.015459006652236
10632 1 1081603 0.8152174 4.7203300055116415
10633 1 1009778 0.7586207 6.5810109954327345
10634 1 768892 0.7222222 4.430470988154411
10635 1 1081603 0.76842105 4.367231973446906
10636 1 1016912 0.7906977 5.950177903287113
10637 1 1081603 0.73195875 4.454532056115568
10638 1 873084 0.76404494 6.777644972316921
10639 1 2149104 0.7647059 8.6425970075652
10640 1 1081603 0.72727275 4.253374063409865
10641 1 1053639 0.77272725 7.2151729837059975
10642 1 939116 0.72527474 7.318229065276682
10643 1 1022086 0.72727275 5.676345084793866
10644 1 1053639 0.7311828 5.458791041746736
10645 1 243282 0.8117647 8.254654938355088
10646 1 1253839 0.7051282 8.814916014671326
10647 1 1129947 0.78571427 8.299665991216898
10648 1 1166146 0.76829267 8.233598084188998
10649 1 1377187 0.82417583 5.369427963159978
10650 1 1253839 0.7051282 8.520584902726114
10651 1 1077466 0.8181818 6.820200942456722
10652 1 768892 0.7303371 4.823858966119587
10653 1 1024767 0.76744187 7.635667105205357
10654 1 1669678 0.7356322 6.543787894770503
10655 1 768892 0.7647059 6.037530954927206
10656 1 873084 0.7613636 6.9726669462397695
10657 1 837522 0.72043014 6.672022980637848
10658 1 1150426 0.7790698 7.764592999592423
10659 1 1085126 0.77011496 7.681763963773847
10660 1 939116 0.72527474 6.605444010347128
10661 1 1142235 0.7234042 4.398441058583558
10662 1 240008 0.76404494 6.5684589790180326
10663 1 938694 0.79310346 7.049126084893942
10664 1 1083735 0.7407407 7.722983951680362
10665 1 845476 0.80487806 8.236906956881285
10666 1 222186 0.72839504 8.28301697038114
10667 1 768892 0.7303371 4.740889999084175
10668 1 694736 0.8255814 6.553262006491423
10669 1 1022086 0.78313255 6.528371013700962
10670 1 704348 0.7160494 8.792668930254877
10671 1 1781080 0.8202247 6.058831000700593
10672 1 1077466 0.7777778 6.541618029586971
10673 1 1250702 0.8 6.591638899408281
10674 1 1081603 0.79347825 5.576452007517219
10675 1 1573267 0.7529412 7.957349997013807
10676 1 815406 0.77272725 6.398546043783426
10677 1 240008 0.8333333 8.193167042918503
10678 1 1521697 0.79012346 8.557669003494084
10679 1 999321 0.73255813 7.297622971236706
10680 1 768892 0.7222222 4.777046968229115
10681 1 845476 0.75581396 7.887138985097408
10682 1 871240 0.76404494 6.9303709315136075
10683 1 845476 0.78571427 7.9446888994425535
10684 1 1142235 0.73913044 5.362402996979654
10685 1 815439 0.8 6.3357369508594275
10686 1 240008 0.75555557 6.325686001218855
10687 1 1831035 0.76404494 5.51799195818603
10688 1 873084 0.7282609 5.355363944545388
10689 1 1249397 0.7906977 7.3452029610052705
10690 1 240008 0.75555557 6.305249989964068
10691 1 873084 0.74444443 6.352338939905167
10692 1 240008 0.76666665 5.603701923973858
10693 1 713529 0.77272725 6.158150965347886
10694 1 283478 0.7111111 7.111459970474243
10695 1 1081603 0.7888889 6.615026039071381
10696 1 1118388 0.8202247 5.208379006944597
10697 1 1183528 0.77011496 7.688003941439092
10698 1 1711841 0.80898875 6.5445860382169485
10699 1 1081603 0.8043478 5.138636915944517
10700 1 2451298 0.7875 7.550613954663277
10701 1 1081603 0.7977528 7.058902992866933
10702 1 1077466 0.72043014 6.626149988733232
10703 1 822534 0.70238096 7.8371979761868715
10704 1 1084686 0.74418604 6.566551048308611
10705 1 1093245 0.8111111 6.016402970999479
10706 1 1081603 0.7765958 4.784321063198149
10707 1 1436694 0.70408165 5.701023968867958
10708 1 863895 0.76404494 6.549276993609965
10709 1 993226 0.77011496 7.680875947698951
10710 1 1150250 0.73255813 7.861713995225728
10711 1 1013339 0.75609756 7.937845075502992
10712 1 1060723 0.79012346 7.799361948855221
10713 1 1342007 0.7386364 7.299014017917216
10714 1 1150250 0.71910113 6.701368954963982
10715 1 1150250 0.72727275 6.6538440296426415
10716 1 1566712 0.7294118 6.634198012761772
10717 1 1081603 0.76344085 5.638594971969724
10718 1 809645 0.71590906 7.171956007368863
10719 1 1123652 0.7752809 6.587857031263411
10720 1 1183528 0.7906977 7.638271083123982
10721 1 1492509 0.8 6.559379049576819
10722 1 993226 0.7173913 6.586816045455635
10723 1 1068180 0.76744187 8.680131984874606
10724 1 1454646 0.7037037 9.357637027278543
10725 1 1440673 0.7802198 5.842300015501678
10726 1 768892 0.7647059 6.734393071383238
10727 1 1521697 0.79012346 8.358250022865832
10728 1 1068617 0.7888889 6.5642750123515725
10729 1 1174922 0.775 8.056190912611783
10730 1 1150250 0.80487806 7.993874954991043
10731 1 1137675 0.75 6.821532966569066
10732 1 1193233 0.74712646 6.778692011721432
10733 1 240008 0.76666665 5.808518035337329
10734 1 1975872 0.7468355 8.641776046715677
10735 1 1094360 0.7906977 7.001416990533471
10736 1 1183528 0.77272725 6.8447350058704615
10737 1 836289 0.82758623 6.1088899383321404
10738 1 1521546 0.7777778 7.222170941531658
10739 1 873084 0.7790698 7.815581047907472
10740 1 1081603 0.72727275 3.900138894096017
10741 1 1129947 0.78571427 7.682835916057229
10742 1 1492509 0.8 6.524616968818009
10743 1 1492509 0.8 6.574827013537288
10744 1 1712497 0.7386364 7.1917499881237745
10745 1 977705 0.8369565 4.43243095651269
10746 1 240008 0.8333333 7.646230049431324
10747 1 873084 0.79310346 6.508128950372338
10748 1 1191367 0.7386364 6.009034928865731
10749 1 833463 0.7590361 7.621205062605441
10750 1 1560721 0.79761904 6.514277076348662
10751 1 1084072 0.82417583 5.106337019242346
10752 1 1721980 0.74712646 7.667648955248296
10753 1 1081603 0.7802198 6.5647660521790385
10754 1 240008 0.76404494 6.619727937504649
10755 1 821172 0.8271605 7.13767297565937
10756 1 243282 0.8117647 7.660091971047223
10757 1 240008 0.75555557 6.084547028876841
10758 1 1142235 0.7340425 4.6089120442047715
10759 1 1068180 0.76744187 7.788638933561742
10760 1 1073169 0.79310346 7.688192999921739
10761 1 1016912 0.74444443 5.183389061130583
10762 1 1409596 0.75308645 8.539630100131035
10763 1 1142235 0.78409094 6.176938069984317
10764 1 1183528 0.77272725 6.684723077341914
10765 1 1949294 0.7710843 9.080272982828319
10766 1 1081603 0.7346939 4.613314988091588
10767 1 704348 0.72839504 9.80744301341474
10768 1 1081603 0.76842105 4.866793984547257
10769 1 655803 0.8202247 6.011778954416513
10770 1 1093245 0.8111111 6.634994060732424
10771 1 400210 0.8202247 6.583341979421675
10772 1 248429 0.7875 6.996569922193885
10773 1 1195135 0.76086956 5.35968504846096
10774 1 240008 0.76666665 5.834894021973014
10775 1 1249397 0.7906977 7.450310979038477
10776 1 851658 0.76404494 5.835403921082616
10777 1 836289 0.8131868 4.622010979801416
10778 1 1177038 0.7802198 5.830468027852476
10779 1 1084072 0.82417583 5.3636550437659025
10780 1 1183528 0.77011496 8.031839970499277
10781 1 1566713 0.75308645 7.89245602209121
10782 1 1949294 0.7710843 8.071627002209425
10783 1 1573267 0.74418604 7.4506920063868165
10784 1 1081603 0.75789475 4.93006594479084
10785 1 1081603 0.73195875 4.547182936221361
10786 1 1009462 0.75581396 7.314186077564955
10787 1 1150426 0.76404494 6.264036986976862
10788 1 833111 0.7244898 5.118423025123775
10789 1 863895 0.75555557 6.508828024379909
10790 1 1440673 0.7802198 5.293077090755105
10791 1 243282 0.8117647 7.823992054909468
10792 1 240008 0.76666665 5.758102983236313
10793 1 1949294 0.7710843 7.612766930833459
10794 1 1501594 0.82051283 7.844528998248279
10795 1 811200 0.7882353 7.758655934594572
10796 1 1672237 0.75268817 5.216554971411824
10797 1 821172 0.7882353 5.52446604706347
10798 1 1193233 0.7647059 8.315362967550755
10799 1 1154446 0.8072289 6.546664983034134
10800 1 240008 0.76666665 5.630166968330741
10801 1 840337 0.82954544 5.595703958533704
10802 1 1060209 0.7802198 5.61249500606209
10803 1 1195135 0.7777778 6.044829962775111
10804 1 240008 0.75555557 6.079255021177232
10805 1 1521697 0.7590361 7.603814941830933
10806 1 1535844 0.8043478 5.111670005135238
10807 1 1150250 0.7241379 7.300202967599034
10808 1 1120374 0.71910113 6.178894080221653
10809 1 1140128 0.75555557 8.866885909810662
10810 1 1114782 0.74444443 7.431996986269951
10811 1 1154446 0.7619048 8.622740977443755
10812 1 1145626 0.74725276 7.166141062043607
10813 1 1154446 0.8192771 7.222028914839029
10814 1 815406 0.76404494 5.963317002169788
10815 1 990372 0.76666665 7.094572996720672
10816 1 1150426 0.74157304 6.9888519356027246
10817 1 357450 0.7368421 7.775976089760661
10818 1 939116 0.752809 7.202985929325223
10819 1 1150426 0.7790698 7.863305043429136
10820 1 1949149 0.72289157 7.268645917065442
10821 1 1016912 0.8192771 7.404785021208227
10822 1 1831035 0.8214286 6.623619934543967
10823 1 1081603 0.8 6.614585989154875
10824 1 939116 0.7282609 6.136961979791522
10825 1 267717 0.7241379 7.717860979028046
10826 1 1154446 0.7411765 8.129567955620587
10827 1 400210 0.76086956 6.118139019235969
10828 1 1151835 0.76744187 7.701169000938535
10829 1 1415695 0.79012346 8.135552052408457
10830 1 768892 0.78313255 6.481098011136055
10831 1 999321 0.7710843 7.7250710455700755
10832 1 81388 0.75 6.597411003895104
10833 1 1009462 0.7764706 7.0870500057935715
10834 1 1068180 0.7613636 6.661162944510579
10835 1 1672237 0.75268817 5.1833209581673145
10836 1 1084072 0.82417583 4.976313095539808
10837 1 1193233 0.74712646 6.395612959749997
10838 1 1152680 0.81609195 6.421459023840725
10839 1 1573267 0.73255813 8.257227018475533
10840 1 240008 0.8333333 7.461013039574027
10841 1 1024767 0.7586207 6.986398017033935
10842 1 1068180 0.7764706 7.613955996930599
10843 1 1781080 0.8202247 5.995954037643969
10844 1 1226791 0.74698794 7.671649102121592
10845 1 1152680 0.81609195 6.372628966346383
10846 1 993226 0.7790698 8.125224034301937
10847 1 370562 0.73493975 7.737455074675381
10848 1 1081603 0.7912088 6.05002895463258
10849 1 1492387 0.75581396 7.402506074868143
10850 1 1079799 0.76666665 7.286531967110932
10851 1 1009381 0.7906977 8.278607041575015
10852 1 1081603 0.75789475 5.278783035464585
10853 1 296576 0.76404494 7.112581981346011
10854 1 1521697 0.73493975 8.811034029349685
10855 1 1093245 0.8111111 6.369560025632381
10856 1 1105991 0.83146065 5.243498948402703
10857 1 1118388 0.82954544 5.719885928556323
10858 1 1573267 0.77380955 7.999976049177349
10859 1 1085024 0.81707317 7.797913975082338
10860 1 1081603 0.78723407 4.538372973911464
10861 1 768892 0.7222222 4.5851420145481825
10862 1 1024767 0.75 6.655955919995904
10863 1 1067299 0.76829267 8.349184994585812
10864 1 1118915 0.76404494 5.596544011496007
10865 1 240008 0.76666665 5.89482591021806
10866 1 768892 0.78313255 6.366480956785381
10867 1 1166146 0.75 6.451393011957407
10868 1 851226 0.75 4.38163208309561
10869 1 694736 0.8255814 6.4555329736322165
10870 1 1092524 0.7816092 7.532316027209163
10871 1 990372 0.76666665 6.4947770442813635
10872 1 842478 0.74489796 4.649713053368032
10873 1 873084 0.7613636 6.458332063630223
10874 1 1226791 0.7380952 6.939810933545232
10875 1 1142235 0.7613636 6.435164948925376
10876 1 1226791 0.7380952 6.919241975992918
10877 1 1560451 0.7790698 6.924450979568064
10878 1 709444 0.76404494 6.495531997643411
10879 1 993226 0.73913044 5.6745290057733655
10880 1 768892 0.78313255 6.616152008064091
10881 1 1085024 0.81707317 7.554947980679572
10882 1 1464790 0.7619048 6.0486249858513474
10883 1 1226791 0.7380952 7.056794012896717
10884 1 1081603 0.7708333 4.082676954567432
10885 1 240008 0.76404494 6.573862978257239
10886 1 1688410 0.8021978 4.702453967183828
10887 1 821172 0.8192771 6.013039965182543
10888 1 10191 0.76086956 6.015805061906576
10889 1 1521697 0.79012346 7.640170049853623
10890 1 1454646 0.7037037 8.278936031274498
10891 1 1183528 0.7613636 7.260425016283989
10892 1 1123652 0.7752809 6.569618941284716
10893 1 1158408 0.7407407 8.640606072731316
10894 1 1006239 0.8023256 7.266344036906958
10895 1 1440673 0.7888889 6.069745984859765
10896 1 1440673 0.7888889 6.099968915805221
10897 1 979375 0.8111111 6.460427073761821
10898 1 1150426 0.7586207 8.316323976032436
10899 1 1081603 0.7741935 5.491491057910025
10900 1 993226 0.77272725 7.641484960913658
10901 1 1016912 0.7613636 5.977832013741136
10902 1 1161492 0.76086956 6.893001031130552
10903 1 1501594 0.8101266 7.93511897791177
10904 1 1342007 0.7613636 6.808549049310386
10905 1 1409596 0.7195122 9.268979076296091
10906 1 1226791 0.74698794 7.8766439110040665
10907 1 1085024 0.81707317 7.8918240033090115
10908 1 1088152 0.7303371 6.681120954453945
10909 1 977705 0.8369565 4.655622993595898
10910 1 815406 0.8095238 7.728487951681018
10911 1 993226 0.70212764 5.760604050010443
10912 1 1566713 0.7848101 8.322334033437073
10913 1 1084072 0.82417583 5.2129809046164155
10914 1 1067299 0.7529412 6.537458975799382
10915 1 558023 0.7586207 6.842887960374355
10916 1 851658 0.71910113 7.111156010068953
10917 1 977705 0.8369565 4.7066929982975125
10918 1 1183528 0.7613636 7.166287046857178
10919 1 1253839 0.7051282 8.290055906400084
10920 1 1129947 0.78571427 7.521216990426183
10921 1 1016912 0.7790698 6.6084329737350345
10922 1 240008 0.75555557 5.9605909045785666
10923 1 1152680 0.81609195 6.828026962466538
10924 1 275461 0.7395833 4.745089914649725
10925 1 850089 0.7804878 7.049891049973667
10926 1 1120374 0.7356322 6.6162829753011465
10927 1 694736 0.8255814 6.56795606482774
10928 1 1138735 0.81395346 7.079606992192566
10929 1 267717 0.7241379 7.748565054498613
10930 1 999321 0.7710843 7.814310025423765
10931 1 713529 0.77272725 5.4944639559835196
10932 1 1152680 0.81609195 6.384034990333021
10933 1 1081603 0.76842105 4.391378024592996
10934 1 1669678 0.7356322 6.5130708971992135
10935 1 1053639 0.74725276 6.137358024716377
10936 1 1129947 0.78571427 8.466111030429602
10937 1 1142235 0.76666665 5.5796680971980095
10938 1 1150426 0.77011496 7.568132947199047
10939 1 1848384 0.8192771 9.35544294770807
10940 1 987103 0.8045977 6.881451001390815
10941 1 768892 0.7303371 4.995711031369865
10942 1 240008 0.75555557 6.123266997747123
10943 1 240008 0.76404494 6.686047068797052
10944 1 1016912 0.7906977 6.1576300067827106
10945 1 1249397 0.7906977 7.2067370638251305
10946 1 1501594 0.82051283 7.773217046633363
10947 1 1097990 0.79268295 6.657282006926835
10948 1 1094336 0.78651685 6.767584010958672
10949 1 1188764 0.74418604 7.467070943675935
10950 1 1094360 0.75 6.573398015461862
10951 1 1436694 0.70408165 5.757278995588422
10952 1 1081603 0.7525773 4.1070920415222645
10953 1 1142235 0.75555557 5.551100941374898
10954 1 1492905 0.78571427 7.701198919676244
10955 1 1016912 0.74444443 5.1970359636470675
10956 1 1024767 0.7764706 7.708715042099357
10957 1 1148796 0.78651685 6.884237052872777
10958 1 1081603 0.79569894 5.129343015141785
10959 1 1048414 0.7777778 6.10122608486563
10960 1 1067299 0.75 7.920422940514982
10961 1 1081603 0.7395833 4.8426680732518435
10962 1 1226791 0.74698794 7.803343003615737
10963 1 1183528 0.77011496 7.846645079553127
10964 1 1154446 0.80487806 7.810074952431023
10965 1 1712497 0.7386364 7.564527913928032
10966 1 990372 0.78651685 6.627125898376107
10967 1 1455108 0.75 8.484781021252275
10968 1 1455108 0.75 8.428037981502712
10969 1 240008 0.7816092 7.2075099451467395
10970 1 1142235 0.7234042 4.529061960056424
10971 1 558023 0.7586207 6.673105992376804
10972 1 1081603 0.7346939 4.169163992628455
10973 1 1120374 0.7356322 6.667790003120899
10974 1 1183528 0.79310346 6.659531034529209
10975 1 881899 0.79761904 8.47762601915747
10976 1 1166146 0.7411765 6.760544027201831
10977 1 694736 0.8255814 7.629400002770126
10978 1 768892 0.78313255 7.508066017180681
10979 1 1105991 0.7888889 6.975863943807781
10980 1 1041615 0.82417583 6.279504974372685
10981 1 1081603 0.75 4.925437038764358
10982 1 1688410 0.8021978 5.361689021810889
10983 1 1492387 0.75581396 8.114060969091952
10984 1 1081603 0.76842105 5.1504450384527445
10985 1 768892 0.78313255 6.9547019666060805
10986 1 1067299 0.75 8.225214900448918
10987 1 1167045 0.78651685 6.980799953453243
10988 1 851226 0.7473684 5.175126018002629
10989 1 240008 0.7816092 8.453301968984306
10990 1 1150250 0.7647059 8.378418046049774
10991 1 1440673 0.7888889 5.9920529602095485
10992 1 856290 0.8023256 7.7825309708714485
10993 1 768892 0.7303371 4.719974007457495
10994 1 850089 0.7804878 7.186271017417312
10995 1 1560451 0.7790698 7.012947928160429
10996 1 977705 0.8369565 4.504325916059315
10997 1 1081603 0.7628866 3.750071977265179
10998 1 938694 0.79310346 7.043641991913319
10999 1 10191 0.76086956 6.062930100597441
11000 1 1081603 0.7741935 5.178769933991134
11001 1 1142235 0.76404494 6.102399085648358
11002 1 1077466 0.74444443 7.882738020271063
11003 1 1148796 0.7096774 6.691952934488654
11004 1 768892 0.78313255 6.752464920282364
11005 1 709444 0.76404494 6.210243911482394
11006 1 873084 0.8095238 7.886660052463412
11007 1 709444 0.76404494 6.383828935213387
11008 1 1016912 0.7790698 7.023626007139683
11009 1 873084 0.78409094 5.901564029045403
11010 1 655803 0.8202247 5.928208935074508
11011 1 1081603 0.73195875 4.274058039300144
11012 1 815406 0.76666665 5.092833889648318
11013 1 1142235 0.73913044 5.060491967014968
11014 1 1188764 0.74418604 7.015296025201678
11015 1 873084 0.7816092 6.641131942160428
11016 1 1123499 0.7446808 5.49570401199162
11017 1 1118388 0.8021978 4.657431971281767
11018 1 1226791 0.7380952 7.0520020090043545
11019 1 873084 0.7882353 7.772300043143332
11020 1 845476 0.7647059 7.881683995947242
11021 1 939116 0.752809 8.037260035052896
11022 1 267717 0.7386364 7.3928190395236015
11023 1 1152680 0.81609195 7.123071933165193
11024 1 1138458 0.8181818 6.534883985295892
11025 1 1093245 0.8111111 6.681784987449646
11026 1 1097990 0.7710843 7.07648997195065
11027 1 1077466 0.76404494 8.178149000741541
11028 1 248429 0.7875 6.84968801215291
11029 1 1016912 0.7613636 5.8156909653916955
11030 1 1024767 0.7586207 7.2140119737014174
11031 1 873084 0.8214286 7.767414906993508
11032 1 1560451 0.7790698 7.3081390000879765
11033 1 1226791 0.74698794 7.798143080435693
11034 1 1193233 0.73255813 7.737169973552227
11035 1 1077466 0.74725276 6.582078989595175
11036 1 1181206 0.73913044 5.590487038716674
11037 1 10191 0.76086956 6.0985879972577095
11038 1 1060209 0.8068182 6.543657975271344
11039 1 809645 0.73255813 7.7399349538609385
11040 1 1105991 0.8068182 6.54440198559314
11041 1 240008 0.8333333 7.761586923152208
11042 1 1081603 0.7395833 4.951962968334556
11043 1 1088152 0.7906977 6.414999952539802
11044 1 828675 0.71428573 6.518912967294455
11045 1 2451298 0.7875 7.614983012899756
11046 1 993226 0.78651685 5.948728998191655
11047 1 1161492 0.7741935 5.017206072807312
11048 1 704348 0.72839504 8.756140945479274
11049 1 820185 0.8214286 7.786134025081992
11050 1 840337 0.81395346 7.619885029271245
11051 1 1148796 0.74444443 7.063196040689945
11052 1 1013339 0.7294118 6.456770934164524
11053 1 1150426 0.7613636 6.9167709443718195
11054 1 240008 0.76666665 6.525716045871377
11055 1 851658 0.74418604 8.882902911864221
11056 1 1440673 0.7553192 4.94661508128047
11057 1 602764 0.7378641 2.9670230578631163
11058 1 2014726 0.7425743 4.868820076808333
11059 1 2429897 0.74509805 3.9846720173954964
11060 1 2014726 0.7425743 4.980931989848614
11061 1 836289 0.82222223 4.961394937708974
11062 1 1440673 0.76344085 5.673318053595722
11063 1 1041615 0.8105263 4.88683208823204
11064 1 2429897 0.74509805 3.9208909729495645
11065 1 457738 0.7777778 5.038270959630609
11066 1 836289 0.8131868 5.487102898769081
11067 1 1440673 0.76344085 5.994940991513431
11068 1 1198814 0.8210526 5.385301890783012
11069 1 602764 0.7378641 3.611017018556595
11070 1 1041615 0.78350514 4.700770950876176
11071 1 1440673 0.76344085 5.853611975908279
11072 1 1086542 0.7938144 4.721613950096071
11073 1 1081603 0.7373737 4.953357041813433
11074 1 1041615 0.8105263 4.904555971734226
11075 1 1440673 0.7553192 5.346665973775089
11076 1 1440673 0.7553192 5.339725990779698
11077 1 1081603 0.73 4.202744108624756
11078 1 1440673 0.75789475 4.87497600261122
11079 1 267477 0.76237625 4.089066991582513
11080 1 1440673 0.76344085 5.610094056464732
11081 1 1440673 0.76344085 5.596849950961769
11082 1 267477 0.76237625 3.88338603079319
11083 1 836289 0.79569894 4.481934010982513
11084 1 1016912 0.72043014 5.613214918412268
11085 1 1142235 0.7741935 4.465816076844931
11086 1 1941398 0.78723407 5.043605109676719
11087 1 836289 0.82222223 4.914638004265726
11088 1 1440673 0.75789475 4.867292009294033
11089 1 1081603 0.73 4.339659004472196
11090 1 836289 0.79569894 4.347007954493165
11091 1 1077466 0.7395833 5.341794923879206
11092 1 1440673 0.76344085 5.6520989164710045
11093 1 1941398 0.78723407 4.973471979610622
11094 1 1440673 0.76344085 5.32575196120888
11095 1 602764 0.7378641 3.2189179910346866
11096 1 267477 0.76237625 3.8813009159639478
11097 1 1440673 0.7553192 5.065068951807916
11098 1 1440673 0.76344085 5.454341997392476
11099 1 1081603 0.7604167 4.927646950818598
11100 1 1440673 0.76344085 5.281132995150983
11101 1 1195135 0.7628866 3.943976014852524
11102 1 1086542 0.827957 5.761794978752732
11103 1 836289 0.8043478 4.939125035889447
11104 1 2014726 0.7425743 5.173431010916829
11105 1 1440673 0.7553192 4.927502945065498
11106 1 1440673 0.76344085 5.311180022545159
11107 1 836289 0.78723407 4.13086696062237
11108 1 1198814 0.8061224 3.8316489662975073
11109 1 1780781 0.7244898 5.183500004932284
11110 1 1941398 0.78723407 4.919541999697685
11111 1 267477 0.76237625 3.6393740447238088
11112 1 836289 0.8333333 4.685814026743174
11113 1 2429897 0.74509805 3.7483880296349525
11114 1 836289 0.8043478 4.29427798371762
11115 1 457738 0.7777778 4.032931989058852
11116 1 1941398 0.78723407 4.744010046124458
11117 1 1440673 0.76344085 5.170748918317258
11118 1 1440673 0.76344085 5.148350959643722
11119 1 2014726 0.7425743 4.787617013789713
11120 1 1440673 0.7553192 4.819010035134852
11121 1 602764 0.7378641 3.040454932488501
11122 1 1780781 0.7244898 5.697756074368954
11123 1 1440673 0.76344085 5.417624022811651
11124 1 1041615 0.8 5.293578025884926
11125 1 1440673 0.7553192 5.49654196947813
11126 1 836289 0.78723407 4.595552105456591
11127 1 1776586 0.85714287 0.6547140656039119
11128 1 367598 0.8888889 0.6589279510080814
11129 1 406172 0.8888889 0.6386050954461098
11130 1 976455 0.8181818 0.6601590430364013
11131 1 1799538 0.8181818 0.6567270029336214
11132 1 1425522 0.8888889 0.685668084770441
11133 1 1965048 0.875 0.654085073620081
11134 1 13012 0.8888889 0.6949530215933919
11135 1 2314921 0.875 0.640552956610918
11136 1 13012 0.8888889 0.6714729825034738
11137 1 395769 0.8181818 0.6717570358887315
11138 1 13012 0.8888889 0.677575939334929
11139 1 1966038 0.875 0.6397300167009234
11140 1 1678182 0.85714287 0.630949973128736
11141 1 149535 0.8 0.6860700668767095
11142 1 1630850 0.8 0.6838380359113216
11143 1 406172 0.8888889 0.6455880356952548
11144 1 1575713 0.875 0.6401200080290437
11145 1 178281 0.8181818 0.6674120668321848
11146 1 470475 0.85714287 0.6410899804905057
11147 1 1459038 0.8888889 0.6407019682228565
11148 1 278036 0.8888889 0.6541530601680279
11149 1 178281 0.8181818 0.6697769276797771
11150 1 278036 0.8888889 0.6515400018543005
11151 1 1669974 0.8888889 0.6450079381465912
11152 1 1967575 0.8888889 0.6669670110568404
11153 1 1969602 0.8888889 0.6599819753319025
11154 1 1779324 0.875 0.6149089895188808
11155 1 367598 0.8888889 0.6670859875157475
11156 1 888820 0.8888889 0.6179999327287078
11157 1 1795410 0.8333333 0.6151959532871842
11158 1 1425522 0.8888889 0.6620719796046615
11159 1 395769 0.8181818 0.655903946608305
11160 1 1562909 0.8888889 0.6174040026962757
11161 1 1459038 0.8888889 0.6165980594232678
11162 1 1425522 0.8888889 0.6492390530183911
11163 1 15575 0.8181818 0.6849709898233414
11164 1 1137419 0.8181818 1.1752319987863302
11165 1 80764 0.85714287 1.394691993482411
11166 1 222657 0.84210527 1.0781940072774887
11167 1 578128 0.85 0.945006962865591
11168 1 138871 0.85 1.068136072717607
11169 1 824227 0.8 1.1730450205504894
11170 1 345061 0.8636364 1.1078380048274994
11171 1 1596516 0.85714287 0.669485074467957
11172 1 489285 0.8 0.9741680696606636
11173 1 1967844 0.85714287 1.0575680062174797
11174 1 1937217 0.8636364 1.3007230591028929
11175 1 297617 0.8095238 1.3195950305089355
11176 1 1019697 0.84210527 0.8651339448988438
11177 1 637475 0.82608694 1.3056399766355753
11178 1 303440 0.7894737 0.8053380297496915
11179 1 1957421 0.8181818 0.9888169588521123
11180 1 447801 0.8125 0.7104830583557487
11181 1 80764 0.8095238 1.144053996540606
11182 1 563929 0.8 0.702258083038032
11183 1 993461 0.95238096 1.2031178921461105
11184 1 232426 0.8333333 0.8387030102312565
11185 1 1696750 0.88235295 0.8182949386537075
11186 1 2382942 0.875 0.7306570187211037
11187 1 1778587 0.85 0.9615119779482484
11188 1 8881 0.8125 0.7466630777344108
11189 1 454901 0.84210527 0.8190789958462119
11190 1 578128 0.85 0.9328220039606094
11191 1 1860792 0.88235295 0.7683089934289455
11192 1 1963862 0.85714287 1.0766179766505957
11193 1 231994 0.82608694 1.1307080276310444
11194 1 2243956 0.8947368 0.9006749605759978
11195 1 1965885 0.84210527 1.1568790068849921
11196 1 1993926 0.9 1.0025519877672195
11197 1 953673 0.8095238 0.9331100154668093
11198 1 1167841 0.875 0.7942670490592718
11199 1 291039 0.8181818 0.9346209699288011
11200 1 1188591 0.85714287 1.1649540392681956
11201 1 1675766 0.8235294 0.7298060227185488
11202 1 396351 0.8888889 0.8548690238967538
11203 1 1384313 0.84210527 0.9187009418383241
11204 1 1661713 0.8333333 0.731172040104866
11205 1 1967140 0.8235294 0.7133119506761432
11206 1 469613 0.82608694 1.210376969538629
11207 1 1302410 0.8 1.1325230589136481
11208 1 1925491 0.8 1.2750090099871159
11209 1 98538 0.82608694 1.2011169455945492
11210 1 983274 0.82608694 1.1946639278903604
11211 1 1442864 0.8125 0.7614010246470571
11212 1 1966527 0.85714287 0.9236310143023729
11213 1 1738244 0.8095238 0.882444903254509
11214 1 1910978 0.9 0.9559339378029108
11215 1 1695184 0.8 0.8059230167418718
11216 1 138871 0.85 0.9970429819077253
11217 1 2429392 0.8181818 0.941205071285367
11218 1 962300 0.8333333 0.7211129413917661
11219 1 767599 0.85714287 0.6732291076332331
11220 1 243607 0.82608694 1.1595820542424917
11221 1 746787 0.8 1.0561440140008926
11222 1 1019697 0.8947368 0.8794160094112158
11223 1 643369 0.84210527 1.06214196421206
11224 1 31737 0.8095238 0.8311679121106863
11225 1 138871 0.85 0.9553889976814389
11226 1 1605500 0.8 0.879397033713758
11227 1 1678286 0.84210527 0.7733399979770184
11228 1 31737 0.8 0.7336969720199704
11229 1 1695184 0.8 0.7459160406142473
11230 1 138871 0.85 0.9289169684052467
11231 1 1968188 0.8235294 0.6641300860792398
11232 1 566343 0.8 0.6338119274005294
11233 1 2019893 0.8235294 0.6554159335792065
11234 1 1778506 0.8333333 0.7093880558386445
11235 1 46582 0.9375 0.7112791063264012
11236 1 195232 0.8636364 1.1936969822272658
11237 1 2466397 0.8888889 0.7966359844431281
11238 1 1668724 0.8 1.2376309605315328
11239 1 52610 0.8666667 0.716928974725306
11240 1 1924168 0.8 1.0511340806260705
11241 1 596375 0.8125 0.7045840611681342
11242 1 486280 0.8 0.8084640139713883
11243 1 558762 0.8888889 0.673278933390975
11244 1 1630727 0.8 1.2972090626135468
11245 1 1246414 0.875 0.662598991766572
11246 1 474234 0.85714287 0.6527070654556155
11247 1 161983 0.8888889 0.7402629125863314
11248 1 1678656 0.875 0.6470230873674154
11249 1 1854807 0.85 0.8269030367955565
11250 1 1961202 0.8666667 0.6560219917446375
11251 1 96961 0.85 0.9950509993359447
11252 1 1961012 0.9 0.9303729748353362
11253 1 1909564 0.8333333 0.8293190039694309
11254 1 650161 0.84210527 0.7842519553378224
11255 1 1645126 0.8333333 0.7202529814094305
11256 1 1302410 0.8 1.083084032870829
11257 1 563929 0.8 0.6336990045383573
11258 1 1585108 0.8095238 1.2570410035550594
11259 1 1925491 0.8 1.2259590439498425
11260 1 596375 0.8 0.6286890711635351
11261 1 596375 0.8666667 0.6495650159195065
11262 1 1824434 0.84210527 0.754336011596024
11263 1 1338616 0.85714287 1.034497981891036
11264 1 746787 0.8 1.0002980707213283
11265 1 2017015 0.8 0.7046809187158942
11266 1 1522881 0.8235294 0.6641490617766976
11267 1 2017015 0.8 0.7343100151047111
11268 1 326888 0.7826087 0.9548109956085682
11269 1 1648408 0.8235294 0.679941033013165
11270 1 232426 0.8888889 0.7909969426691532
11271 1 1961754 0.8 0.7857469609007239
11272 1 1630727 0.8235294 0.6800090195611119
11273 1 1925489 0.7894737 1.1583790183067322
11274 1 1121676 0.8333333 1.236278098076582
11275 1 454901 0.84210527 0.7693689549341798
11276 1 2133072 0.8 0.7505069952458143
11277 1 1700674 0.8333333 1.190149923786521
11278 1 591023 0.8947368 0.9817649843171239
11279 1 332660 0.8636364 1.2358720414340496
11280 1 1090737 0.85714287 1.0204020654782653
11281 1 8496 0.8636364 1.0946739930659533
11282 1 1691746 0.8095238 0.8697439916431904
11283 1 1678837 0.8095238 0.9684619726613164
11284 1 1136461 0.85 0.8876658976078033
11285 1 1500326 0.8235294 0.7141949608922005
11286 1 13276 0.8666667 0.7271970389410853
11287 1 1965745 0.8888889 0.7830790709704161
11288 1 432226 0.8333333 1.2351649347692728
11289 1 2359946 0.8947368 0.795688945800066
11290 1 1957421 0.8181818 0.932105933316052
11291 1 1660060 0.7894737 0.7983340183272958
11292 1 1965745 0.8888889 0.7858220487833023
11293 1 691123 0.8 1.2992360861971974
11294 1 784744 0.8095238 0.8842049865052104
11295 1 1936422 0.8333333 0.7061680080369115
11296 1 157648 0.8888889 0.8083080174401402
11297 1 1963862 0.85714287 1.0486519895493984
11298 1 1319013 0.9166667 0.6276970962062478
11299 1 1963862 0.85714287 1.1052279733121395
11300 1 1967535 0.7894737 0.7436790037900209
11301 1 295542 0.84210527 0.9213989833369851
11302 1 1960354 0.8636364 1.2132200645282865
11303 1 1957934 0.8 0.8582670707255602
11304 1 1860792 0.8235294 0.72367989923805
11305 1 502105 0.82608694 1.1783509980887175
11306 1 563929 0.8 0.659282086417079
11307 1 1857699 0.84210527 0.8146780310198665
11308 1 735379 0.85714287 1.0172489564865828
11309 1 1668724 0.8 1.2856849934905767
11310 1 2277260 0.8 0.9294169722124934
11311 1 1383866 0.8947368 0.8546710014343262
11312 1 1857899 0.8888889 0.7732299854978919
11313 1 453380 0.8888889 0.7908189436420798
11314 1 1210062 0.85714287 0.9118750458583236
11315 1 1683455 0.8095238 0.8866789285093546
11316 1 606721 0.8666667 0.6741670658811927
11317 1 2140411 0.875 0.6783350836485624
11318 1 1675461 0.8235294 0.6925949128344655
11319 1 833767 0.8095238 0.9086009813472629
11320 1 1420284 0.8 1.266279025003314
11321 1 1906438 0.8333333 0.864599016495049
11322 1 314248 0.8888889 0.7617139490321279
11323 1 1969559 0.82608694 1.1538630351424217
11324 1 1209149 0.8333333 0.8026419673115015
11325 1 397142 0.8125 0.7636399241164327
11326 1 1859329 0.85714287 1.043429016135633
11327 1 87927 0.8 0.8742420468479395
11328 1 298030 0.84210527 1.0137270437553525
11329 1 1925491 0.8 1.1845900444313884
11330 1 1662476 0.85714287 0.9622039506211877
11331 1 295542 0.84210527 0.8586939657106996
11332 1 1028297 0.82608694 1.178357983008027
11333 1 2267829 0.7894737 0.7123010000213981
11334 1 87744 0.8333333 1.2263610260561109
11335 1 1341532 1.0 0.6360909901559353
11336 1 1629941 0.8181818 1.1223399778828025
11337 1 505621 0.82608694 1.0017650201916695
11338 1 1857899 0.84210527 0.8021180983632803
11339 1 1147792 0.82608694 0.9802279528230429
11340 1 1820399 0.8 0.6423000013455749
11341 1 1622849 0.8 0.589028000831604
11342 1 1662880 0.8 1.1304880026727915
11343 1 1857899 0.8888889 0.719234929420054
11344 1 1965535 0.85 0.8022369584068656
11345 1 1654963 0.7894737 0.7074810564517975
11346 1 1354348 0.8888889 0.7933840388432145
11347 1 1093783 0.8095238 0.8609520737081766
11348 1 342591 0.8 0.9582249913364649
11349 1 1678656 0.875 0.6369390757754445
11350 1 138871 0.85 0.9054929250851274
11351 1 60381 0.7894737 0.7160750683397055
11352 1 2020054 0.8095238 0.889332965016365
11353 1 1925490 0.8 1.174389966763556
11354 1 1963946 0.8 1.1775020975619555
11355 1 1963862 0.85714287 0.9566599037498236
11356 1 474075 0.88235295 0.6942050531506538
11357 1 96961 0.85 0.9347969898954034
11358 1 662281 0.8235294 0.6403579609468579
11359 1 1336859 0.84615386 0.6054129917174578
11360 1 143073 0.8636364 1.055602915585041
11361 1 125383 0.8 0.7335939444601536
11362 1 578128 0.85 0.8114639203995466
11363 1 369449 0.84210527 0.780903035774827
11364 1 1522881 0.8888889 0.7272800430655479
11365 1 1967304 0.85 0.9193680016323924
11366 1 1687042 0.8095238 1.0880118934437633
11367 1 33508 0.82608694 1.0194099741056561
11368 1 248091 0.85714287 0.9791830088943243
11369 1 1711072 0.8333333 0.6550400285050273
11370 1 1483338 0.8333333 0.6637109909206629
11371 1 464105 0.84210527 1.0036459425464272
11372 1 1854807 0.85 0.7646660087630153
11373 1 2374468 0.8181818 0.9770790347829461
11374 1 1033542 0.8947368 0.7237779209390283
11375 1 2120755 0.85714287 0.6106430664658546
11376 1 222510 0.8333333 0.6665990222245455
11377 1 1961354 0.8695652 1.2892020167782903
11378 1 2017015 0.8 0.6823670119047165
11379 1 185487 0.8 0.8386539993807673
11380 1 1906438 0.8333333 0.8091600611805916
11381 1 138871 0.85 0.9641199139878154
11382 1 1354348 0.8888889 0.8237849688157439
11383 1 832167 0.9411765 0.7099120412021875
11384 1 1209149 0.88235295 0.6784810684621334
11385 1 1777085 0.8333333 0.6678829668089747
11386 1 640121 0.8333333 0.6917599821463227
11387 1 11371 0.84210527 0.9856190299615264
11388 1 879595 0.8095238 0.8161580190062523
11389 1 1934482 0.84210527 0.7737400010228157
11390 1 1961442 0.88235295 0.6382670253515244
11391 1 1396202 0.84210527 0.9488320210948586
11392 1 1555186 0.82608694 1.0996849741786718
11393 1 1899842 0.8095238 1.0912440484389663
11394 1 1963862 0.85714287 0.9333860361948609
11395 1 125383 0.8 0.715175992809236
11396 1 662134 0.8181818 0.9855369571596384
11397 1 1641539 0.8 1.206379965879023
11398 1 531452 0.8181818 0.9450979996472597
11399 1 962567 0.8695652 1.0344759793952107
11400 1 1857899 0.8888889 0.7209829054772854
11401 1 230993 0.84210527 0.9822950232774019
11402 1 1529919 0.8636364 1.05743994936347
11403 1 137758 0.8181818 0.9827560279518366
11404 1 1966958 0.8666667 0.6698309443891048
11405 1 1553402 0.7894737 0.9905220940709114
11406 1 643010 0.8181818 1.0013910941779613
11407 1 1085573 0.8181818 0.9424260351806879
11408 1 1970185 0.8333333 0.9032260859385133
11409 1 193747 0.8125 0.7301659788936377
11410 1 489285 0.8 0.828500953502953
11411 1 595068 0.7894737 0.7024190854281187
11412 1 1535097 0.8095238 0.7904539816081524
11413 1 1125472 0.8181818 1.0050870478153229
11414 1 288300 0.88235295 0.6762320408597589
11415 1 1856072 0.8333333 1.0998670477420092
11416 1 2017015 0.8 0.6801119307056069
11417 1 1471974 0.8333333 0.6929549854248762
11418 1 195218 0.8095238 1.0560440132394433
11419 1 1899842 0.8095238 1.0605019051581621
11420 1 619193 0.8333333 0.8061049738898873
11421 1 2219008 0.8181818 0.9742859983816743
11422 1 2027211 0.88235295 0.6758120143786073
11423 1 581234 0.8095238 1.1119680711999536
11424 1 1965678 0.8125 0.7021210622042418
11425 1 1384313 0.8 1.3406650396063924
11426 1 1960727 0.85 0.9698770008981228
11427 1 1857899 0.84210527 1.051246072165668
11428 1 2385173 0.8 0.7165290880948305
11429 1 486280 0.8 0.9032469242811203
11430 1 140692 0.8181818 1.0907950345426798
11431 1 1925494 0.9 1.083487062714994
11432 1 103379 0.88235295 0.7931080181151628
11433 1 1967801 0.8 0.8741159690544009
11434 1 1660060 0.7894737 0.8420279482379556
11435 1 318314 0.9230769 0.7000130135565996
11436 1 1279902 0.9411765 0.81011897418648
11437 1 1965678 0.8125 0.7217510137706995
11438 1 1965745 0.8888889 0.8223800687119365
11439 1 1778587 0.8095238 1.0881480993703008
11440 1 1027606 0.82608694 1.2368649477139115
11441 1 1531888 0.8333333 1.2682249071076512
11442 1 2017015 0.8 0.7672879146412015
11443 1 1662880 0.8 1.256379997357726
11444 1 354942 0.8947368 1.0533139575272799
11445 1 1965854 0.8 1.2709969887509942
11446 1 357184 0.8 1.2999169994145632
11447 1 1535097 0.8095238 0.871133990585804
11448 1 8852 0.82608694 1.209784997627139
11449 1 563929 0.8 0.6666149711236358
11450 1 1452742 0.8125 0.6751479813829064
11451 1 746787 0.8 1.0457829339429736
11452 1 568305 0.84210527 0.810799072496593
11453 1 824227 0.8 1.0325670009478927
11454 1 531452 0.8181818 1.0926920222118497
11455 1 1036666 0.85 0.899655045941472
11456 1 157648 0.8888889 0.7860559271648526
11457 1 1090737 0.85714287 1.002512057311833
11458 1 1732920 0.84615386 0.6482989992946386
11459 1 983274 0.82608694 1.1579550337046385
11460 1 1494495 0.8 0.831266981549561
11461 1 119674 0.8 0.7921850774437189
11462 1 223840 0.8 1.233483082614839
11463 1 295542 0.84210527 0.9310520254075527
11464 1 1961070 0.8095238 1.2031049700453877
11465 1 1782370 0.8125 0.7514419266954064
11466 1 1965507 0.8125 0.725159072317183
11467 1 1663318 0.8095238 1.0334339458495378
11468 1 1001964 0.85714287 0.9823290165513754
11469 1 1083264 0.95 0.9318520314991474
11470 1 2011504 0.8888889 0.7838320452719927
11471 1 1624426 0.7916667 1.1249620001763105
11472 1 1695184 0.8 0.7889659609645605
11473 1 936147 0.85714287 0.6260720547288656
11474 1 1965052 0.84210527 0.7714839885011315
11475 1 1968564 0.8 1.169431023299694
11476 1 685030 0.85714287 0.9522389154881239
11477 1 1668724 0.8 1.2082660105079412
11478 1 1628882 0.85714287 0.8610429940745234
11479 1 558971 0.8 0.7206290028989315
11480 1 1421713 0.8947368 0.7862079655751586
11481 1 502105 0.82608694 0.9697830537334085
11482 1 907869 0.85714287 0.9668690618127584
11483 1 692640 0.7916667 1.0613490594550967
11484 1 180304 0.8888889 0.8142150472849607
11485 1 1968564 0.8 1.1255190474912524
11486 1 1989674 0.82608694 1.0897039901465178
11487 1 1707686 0.85 0.8468530140817165
11488 1 2017015 0.8 0.6829819176346064
11489 1 1688992 0.8888889 0.6702020764350891
11490 1 809153 0.85714287 0.9926490020006895
11491 1 493769 0.85 0.7565879495814443
11492 1 1961395 0.84210527 1.0138520738109946
11493 1 1962372 0.84210527 0.7512299343943596
11494 1 1283416 0.84210527 0.8653750410303473
11495 1 397906 0.875 0.6474070250988007
11496 1 1967227 0.7894737 1.0281589347869158
11497 1 2359597 0.7894737 0.8305619703605771
11498 1 1966210 0.8947368 0.9498930303379893
11499 1 962300 0.8333333 0.677475007250905
11500 1 650161 0.84210527 0.795205938629806
11501 1 1535097 0.8095238 0.7818529848009348
11502 1 1793030 0.8095238 0.9673910681158304
11503 1 2368099 0.84210527 0.9987619705498219
11504 1 691123 0.8 1.1813909513875842
11505 1 2355191 0.8095238 0.8291309932246804
11506 1 560831 0.8333333 1.1528430040925741
11507 1 1051280 0.9411765 0.753505970351398
11508 1 125527 0.84210527 0.7420729380100965
11509 1 445682 0.85714287 0.6404179148375988
11510 1 1865518 0.8947368 0.8772149449214339
11511 1 1580247 0.8666667 0.7360460003837943
11512 1 749237 0.8095238 0.8393380558118224
11513 1 82613 0.85714287 0.955329043790698
11514 1 1860792 0.88235295 0.6934560369700193
11515 1 1672749 0.85714287 0.9630840504541993
11516 1 2243171 0.8235294 0.7137509528547525
11517 1 1648408 0.8235294 0.6661220686510205
11518 1 344638 0.8888889 0.7237789686769247
11519 1 1857899 0.84210527 0.815301900729537
11520 1 591023 0.8947368 0.9252239251509309
11521 1 452465 0.8 0.7356380810961127
11522 1 222657 0.8888889 0.7983059622347355
11523 1 1906438 0.8333333 0.8222289616242051
11524 1 2209661 0.82608694 1.0104570537805557
11525 1 1860792 0.88235295 0.6993309361860156
11526 1 1961754 0.8095238 1.0000219335779548
11527 1 1857699 0.84210527 0.8245110511779785
11528 1 465510 0.8636364 1.0493360459804535
11529 1 1732004 0.84615386 0.5971780046820641
11530 1 1967227 0.7894737 1.2090899981558323
11531 1 575406 0.8888889 0.8004369447007775
11532 1 2117243 0.8125 0.6946549983695149
11533 1 1964157 0.8 0.6484020268544555
11534 1 1963478 0.8 1.1411349987611175
11535 1 526209 0.8947368 0.7652199128642678
11536 1 1532143 0.8125 0.7000269833952188
11537 1 1964525 0.8333333 0.5598259158432484
11538 1 1602917 0.84210527 0.773239997215569
11539 1 1572110 0.8181818 0.8515960071235895
11540 1 1663318 0.85 0.7919879863038659
11541 1 746077 0.8181818 0.9766160510480404
11542 1 1962163 0.8125 0.6730990717187524
11543 1 1487143 0.8095238 0.9550999384373426
11544 1 1068484 0.88235295 0.6737610092386603
11545 1 356778 0.84210527 0.7510579889640212
11546 1 1924166 0.8 1.1240910971537232
11547 1 31813 0.84210527 0.9424040326848626
11548 1 372053 0.8333333 0.8160839788615704
11549 1 1662880 0.8 1.1551040224730968
11550 1 2123572 0.8636364 1.035133027471602
11551 1 223693 0.8333333 0.7632190827280283
11552 1 558971 0.8 0.7249029586091638
11553 1 1889743 0.85 1.1028340086340904
11554 1 596375 0.8666667 0.631893053650856
11555 1 1730647 0.84210527 0.7221970008686185
11556 1 1960727 0.85 0.7547740824520588
11557 1 959814 0.8888889 0.6923980545252562
11558 1 1832174 0.8888889 0.640218029730022
11559 1 191891 0.8333333 0.8164289174601436
11560 1 1773177 0.8181818 1.046304008923471
11561 1 124532 0.84210527 0.8050560718402267
11562 1 2119558 0.8125 0.6336779333651066
11563 1 427125 0.8 1.0209849569946527
11564 1 125527 0.84210527 0.7308509666472673
11565 1 1963862 0.85714287 0.9446879848837852
11566 1 138328 0.7894737 0.6794509245082736
11567 1 2355191 0.8095238 0.8050039177760482
11568 1 1001964 0.85714287 1.0272409999743104
11569 1 2355191 0.8095238 0.8039869135245681
11570 1 1899842 0.85 0.9226580150425434
11571 1 1860792 0.88235295 0.6595229497179389
11572 1 333047 0.7894737 0.8820679504424334
11573 1 1934750 0.8181818 0.8952619973570108
11574 1 1133557 0.8 0.9821840794757009
11575 1 2242657 0.85714287 0.5844910629093647
11576 1 366960 0.84615386 0.5786139518022537
11577 1 650161 0.84210527 0.7609499152749777
11578 1 948797 0.8 1.1741380440071225
11579 1 643010 0.8181818 0.9690779261291027
11580 1 1283416 0.88235295 0.6870960351079702
11581 1 48907 0.8235294 0.6685230182483792
11582 1 1668724 0.8 1.117667998187244
11583 1 922534 0.8333333 0.8067900780588388
11584 1 1662880 0.8 1.0995130287483335
11585 1 1992890 0.88235295 0.7200590334832668
11586 1 1967227 0.7894737 1.0227590100839734
11587 1 1730951 0.85714287 0.6135170115157962
11588 1 1925491 0.8 1.1658850125968456
11589 1 1487143 0.8095238 1.0754840914160013
11590 1 746787 0.8 0.9882330195978284
11591 1 825123 0.8947368 0.7824220228940248
11592 1 1963478 0.8 1.1479380773380399
11593 1 1487143 0.85 0.8304000366479158
11594 1 1396202 0.8 1.2387949973344803
11595 1 1130658 0.85714287 0.8218289585784078
11596 1 1909564 0.8333333 0.8318779291585088
11597 1 1538483 0.8333333 0.6857170956209302
11598 1 1965507 0.8125 0.697601935826242
11599 1 1962851 0.8 0.7451379206031561
11600 1 1718869 0.8 0.6107039516791701
11601 1 474234 0.85714287 0.6129129324108362
11602 1 1965745 0.8888889 0.718981958925724
11603 1 1906055 0.8 0.7799129234626889
11604 1 1963862 0.85714287 0.9631309658288956
11605 1 1125472 0.8181818 0.9457389824092388
11606 1 889766 0.7916667 0.9803180582821369
11607 1 2045868 0.84210527 0.697499024681747
11608 1 1857860 0.8181818 0.9716498898342252
11609 1 666976 0.8181818 0.9513730183243752
11610 1 956786 0.8333333 0.6913490360602736
11611 1 80449 0.8888889 0.7869659457355738
11612 1 1965854 0.84210527 0.8744719671085477
11613 1 648719 0.88235295 0.6855480605736375
11614 1 1019697 0.8 0.8034830680117011
11615 1 758654 0.84210527 0.7203719578683376
11616 1 240875 0.8181818 0.9178919717669487
11617 1 544027 0.8 0.7146920543164015
11618 1 488868 0.8 0.6053689867258072
11619 1 1688055 0.875 0.8262479677796364
11620 1 1395889 0.82608694 1.0778630385175347
11621 1 1399203 0.85 0.944974017329514
11622 1 1854807 0.85 0.7883600192144513
11623 1 156183 0.8 0.898940023034811
11624 1 179713 0.8095238 0.9558389429003
11625 1 1596373 0.9 0.9039799915626645
11626 1 1669916 0.8 1.0152739705517888
11627 1 127327 0.8947368 0.7303840247914195
11628 1 1711279 0.8 0.6865700706839561
11629 1 1924167 0.8 0.9298609802499413
11630 1 1354348 0.8888889 0.7611410692334175
11631 1 1777932 0.85714287 1.0033589787781239
11632 1 1961754 0.8095238 0.9259959915652871
11633 1 361619 0.84210527 0.7738529238849878
11634 1 1354348 1.0 0.6440189899876714
11635 1 157648 0.8888889 0.7036359747871757
11636 1 1965535 0.85 0.749654951505363
11637 1 243011 0.8636364 0.9062489261850715
11638 1 1384313 0.8 0.9140670299530029
11639 1 217812 0.8181818 0.9893630631268024
11640 1 1966594 0.82608694 1.0985980043187737
11641 1 1136461 0.9 0.8552600629627705
11642 1 1458613 0.85 0.7578269578516483
11643 1 2245453 0.8 1.199972932226956
11644 1 833767 0.85714287 0.9189890697598457
11645 1 276183 0.84210527 0.9645229438319802
11646 1 767599 0.85714287 0.5814790492877364
11647 1 1565985 0.8 0.7162269903346896
11648 1 748752 0.8636364 1.023010932840407
11649 1 2240560 0.8 0.6620029453188181
11650 1 1257094 0.8695652 1.0725930333137512
11651 1 1963455 0.8947368 0.7747060153633356
11652 1 746787 0.8 0.9932119864970446
11653 1 1898713 0.8 0.7419270696118474
11654 1 477541 0.8 0.7421770133078098
11655 1 601260 0.85 0.8047529263421893
11656 1 1678837 0.85 0.799883040599525
11657 1 1364461 0.85714287 1.079075038433075
11658 1 1053283 0.8333333 0.6762470584362745
11659 1 1678656 0.875 0.6348519818857312
11660 1 1962478 0.8947368 0.8888200391083956
11661 1 1535097 0.8095238 0.765829929150641
11662 1 1965052 0.84210527 0.7323690224438906
11663 1 1156023 0.8333333 0.5603369791060686
11664 1 241203 0.88461536 2.6526940055191517
11665 1 1294956 0.85714287 2.4989040102809668
11666 1 1593784 0.8888889 2.6247419882565737
11667 1 2447622 0.85714287 3.4173409221693873
11668 1 1369951 0.79310346 5.668823956511915
11669 1 383729 0.82857144 5.996717954985797
11670 1 1378365 0.8125 4.929689923301339
11671 1 1859246 0.8064516 6.254115956835449
11672 1 1497984 0.8965517 3.7630359875038266
11673 1 2463737 0.8064516 5.429183016531169
11674 1 2252803 0.8 3.0677239410579205
11675 1 1116024 0.8484849 5.3735889960080385
11676 1 1483326 0.8666667 4.118107026442885
11677 1 14958 0.86206895 5.325593985617161
11678 1 1719600 0.84 2.7708159759640694
11679 1 2473949 0.89285713 3.942477982491255
11680 1 1124673 0.8055556 6.774330977350473
11681 1 2095035 0.82857144 6.971277063712478
11682 1 502228 0.8 5.719635053537786
11683 1 1520916 0.85294116 6.319475010968745
11684 1 642719 0.84615386 3.097662003710866
11685 1 1705234 0.8518519 3.1393750105053186
11686 1 1850912 0.84615386 2.139871008694172
11687 1 1024915 0.8 5.383161013014615
11688 1 1193266 0.84615386 1.750572002492845
11689 1 1779002 0.8181818 1.4259699964895844
11690 1 1362021 0.8484849 5.54357108194381
11691 1 872108 0.82758623 5.165676004253328
11692 1 636802 0.7916667 2.910373965278268
11693 1 1642307 0.82758623 5.740007036365569
11694 1 1383465 0.8965517 5.52448898088187
11695 1 1458298 0.7916667 2.160083968192339
11696 1 1899932 0.8333333 6.834069034084678
11697 1 845778 0.87096775 5.271364003419876
11698 1 447944 0.8064516 4.197497037239373
11699 1 1586010 0.8 1.7457649810239673
11700 1 617938 0.8064516 6.415601936168969
11701 1 1069482 0.84 1.6949849668890238
11702 1 626271 0.84375 4.862035042606294
11703 1 491419 0.8214286 4.947729059495032
11704 1 1149461 0.87096775 4.71333391033113
11705 1 1707516 0.88461536 3.3889110200107098
11706 1 1964866 0.8518519 3.8638439727947116
11707 1 481925 0.85714287 2.757465001195669
11708 1 642719 0.84615386 2.7578220469877124
11709 1 1604587 0.8214286 4.974431009031832
11710 1 389462 0.8235294 5.479300976730883
11711 1 1164393 0.8064516 5.477620055899024
11712 1 1925492 0.8181818 1.3109010178595781
11713 1 754223 0.8148148 4.406155087053776
11714 1 2351808 0.875 1.92232895642519
11715 1 666734 0.79310346 5.061123054474592
11716 1 1650180 0.8333333 6.4872209914028645
11717 1 1805671 0.82758623 5.742519977502525
11718 1 608945 0.8064516 3.7648649886250496
11719 1 946449 0.8 4.1627539321780205
11720 1 2128351 0.8484849 5.3494099993258715
11721 1 1060256 0.8787879 5.6184009881690145
11722 1 692693 0.8965517 4.001290071755648
11723 1 1044421 0.875 1.6945770476013422
11724 1 15048 0.8666667 5.936830071732402
11725 1 1186958 0.8333333 1.1500120162963867
11726 1 423556 0.8076923 3.632350009866059
11727 1 2199327 0.8965517 3.915037028491497
11728 1 1270379 0.77272725 1.7943140119314194
11729 1 1527537 0.83870965 4.066562978550792
11730 1 1048530 0.85714287 5.897494964301586
11731 1 1007800 0.82608694 1.990303979255259
11732 1 2215048 0.8333333 5.535096977837384
11733 1 557033 0.79310346 4.215080989524722
11734 1 1525722 0.8076923 3.853966947644949
11735 1 1729166 0.8064516 6.238698028028011
11736 1 1118284 0.8 5.820068996399641
11737 1 1908909 0.8 5.571254994720221
11738 1 2079221 0.8214286 3.548954031430185
11739 1 551830 0.8333333 4.188708961009979
11740 1 805226 0.8484849 5.605807993561029
11741 1 821299 0.8214286 3.053604974411428
11742 1 903839 0.84615386 1.8662059446796775
11743 1 1618496 0.84 2.7043140726163983
11744 1 1699881 0.86206895 4.856326035223901
11745 1 1791026 0.8076923 3.6685060476884246
11746 1 1170323 0.7878788 4.247569013386965
11747 1 979439 0.82758623 4.991646041162312
11748 1 477005 0.8148148 4.5217330334708095
11749 1 1586010 0.84 2.0463739056140184
11750 1 1970935 0.8695652 1.427049981430173
11751 1 2451776 0.8181818 1.8488980131223798
11752 1 1803619 0.86206895 5.711031029932201
11753 1 1491697 0.87096775 5.196140962652862
11754 1 61138 0.8125 5.262552062049508
11755 1 843885 0.90625 6.021886016242206
11756 1 1970255 0.8076923 4.0137170581147075
11757 1 1598601 0.84615386 3.033249988220632
11758 1 2019100 0.9130435 1.7967240419238806
11759 1 1103117 0.8666667 4.100564983673394
11760 1 1144746 0.93333334 4.780750023201108
11761 1 1961012 0.85714287 1.0666480520740151
11762 1 1712995 0.83870965 3.8689220091328025
11763 1 172498 0.89285713 3.8584989961236715
11764 1 919785 0.8333333 6.184295052662492
11765 1 847316 0.84 1.7044850392267108
11766 1 1165208 0.875 4.716948023997247
11767 1 1067033 0.82758623 4.879488027654588
11768 1 592406 0.8181818 1.7814539605751634
11769 1 1934445 0.8181818 1.7225650371983647
11770 1 427959 0.85714287 6.285738083533943
11771 1 540193 0.79310346 4.382197046652436
11772 1 505498 0.8518519 4.124738974496722
11773 1 1700970 0.8333333 5.15639700461179
11774 1 275538 0.84375 5.2663079695776105
11775 1 1798794 0.8 3.1194150215014815
11776 1 1559894 0.8666667 4.223370924592018
11777 1 1034438 0.8888889 2.7737750206142664
11778 1 1469366 0.8064516 5.495950928889215
11779 1 1421689 0.8125 5.374907981604338
11780 1 1521267 0.85714287 4.681425984017551
11781 1 230587 0.85714287 4.682486993260682
11782 1 1256161 0.85294116 5.4569089552387595
11783 1 235058 0.8214286 4.977496922947466
11784 1 141637 0.8148148 4.153068060986698
11785 1 1782342 0.86206895 3.5503989784047008
11786 1 1409118 0.83870965 4.2993820970878005
11787 1 1001310 0.8148148 2.0348640391603112
11788 1 1057555 0.9 4.4673989759758115
11789 1 936938 0.8076923 2.924773027189076
11790 1 1924169 0.8095238 1.401011017151177
11791 1 1560081 0.8235294 6.002537906169891
11792 1 814543 0.88461536 2.4509959621354938
11793 1 878591 0.82758623 3.756458987481892
11794 1 1961838 0.8076923 2.61117797344923
11795 1 1797188 0.86206895 3.538426011800766
11796 1 1550419 0.8787879 5.766593967564404
11797 1 1966524 0.8518519 3.571404959075153
11798 1 576627 0.8125 5.977814085781574
11799 1 1678686 0.8518519 2.5312809739261866
11800 1 1934480 0.8333333 2.462340984493494
11801 1 588791 0.7916667 1.9565359689295292
11802 1 1864111 0.82608694 1.9274340011179447
11803 1 1198619 0.8333333 4.845511983148754
11804 1 1460388 0.8888889 3.7956470623612404
11805 1 1730693 0.8076923 2.4518329882994294
11806 1 1003888 0.875 5.143226939253509
11807 1 1182759 0.8333333 5.184491048566997
11808 1 1793014 0.84375 5.0294880056753755
11809 1 236544 0.8333333 6.122781080193818
11810 1 1965608 0.8333333 2.4084229953587055
11811 1 1054880 0.82758623 4.700641962699592
11812 1 397789 0.8214286 4.910490941256285
11813 1 1525196 0.8064516 6.227215053513646
11814 1 586598 0.7916667 2.14871799107641
11815 1 761395 0.8148148 3.587468061596155
11816 1 2119603 0.8333333 4.062077030539513
11817 1 1852803 0.8214286 2.8466429794207215
11818 1 1414468 0.88461536 2.72161397151649
11819 1 1133337 0.8333333 6.1648699920624495
11820 1 586104 0.83870965 4.379395046271384
11821 1 893891 0.8636364 1.7946769949048758
11822 1 1499398 0.8181818 5.94548205845058
11823 1 968715 0.8181818 5.9184059500694275
11824 1 1887650 0.84 2.5944500230252743
11825 1 13991 0.8666667 6.185526959598064
11826 1 1400744 0.8 3.2316279830411077
11827 1 287048 0.84375 5.141477100551128
11828 1 907355 0.88 1.878070062957704
11829 1 2409256 0.8695652 1.5010959468781948
11830 1 155914 0.8076923 3.9673789869993925
11831 1 2018007 0.8666667 5.889763007871807
11832 1 358908 0.85714287 3.5488599678501487
11833 1 1445003 0.83870965 5.932008964009583
11834 1 1991438 0.79310346 5.250879912637174
11835 1 545275 0.86206895 5.338727030903101
11836 1 2212710 0.8214286 2.9393070144578815
11837 1 247880 0.8181818 5.63035998493433
11838 1 2164564 0.8181818 4.3158140033483505
11839 1 1461707 0.8 2.717246999964118
11840 1 1183578 0.8666667 5.369063932448626
11841 1 1790621 0.82758623 2.9167290776968002
11842 1 1188594 0.8484849 5.554351955652237
11843 1 443690 0.8125 6.147765088826418
11844 1 817472 0.8888889 2.8282259590923786
11845 1 1800168 0.83870965 4.229992046020925
11846 1 626533 0.85714287 4.758432973176241
11847 1 1400744 0.8 3.1013829866424203
11848 1 221830 0.8333333 2.8417659923434258
11849 1 233763 0.8518519 3.892542910762131
11850 1 1593059 0.8333333 6.004200084134936
11851 1 1936672 0.8 5.706853931769729
11852 1 1707209 0.85714287 3.886359976604581
11853 1 982282 0.88 1.8177999882027507
11854 1 575502 0.875 5.080962087959051
11855 1 1719600 0.8076923 3.8380110636353493
11856 1 322672 0.82758623 4.113464034162462
11857 1 1970255 0.8695652 1.7021279782056808
11858 1 789771 0.8064516 6.063185981474817
11859 1 1182759 0.8064516 6.078650010749698
11860 1 1532909 0.8666667 3.954733954742551
11861 1 1094994 0.8333333 3.6339880898594856
11862 1 1179003 0.84615386 2.0344610093161464
11863 1 1491795 0.7878788 4.65007103048265
11864 1 1108613 0.8235294 4.857096006162465
11865 1 1967324 0.8636364 1.5995119465515018
11866 1 218258 0.8214286 4.2344629764556885
11867 1 143988 0.88 1.8554310081526637
11868 1 1462264 0.8 6.017207051627338
11869 1 1270379 0.77272725 1.8543429905548692
11870 1 1082807 0.8181818 1.0725100291892886
11871 1 2075144 0.9 4.689799970947206
11872 1 1973219 0.84375 5.194925935938954
11873 1 1416608 0.8148148 4.257331951521337
11874 1 1459413 0.85294116 5.478897946886718
11875 1 1624165 0.82758623 5.380669026635587
11876 1 1111432 0.89285713 3.7854709662497044
11877 1 1123213 0.8181818 5.374845932237804
11878 1 986277 0.9130435 1.2179820332676172
11879 1 1470119 0.83870965 3.9962049340829253
11880 1 836758 0.8333333 5.9791350504383445
11881 1 1649320 0.84 1.9124270183965564
11882 1 2250314 0.86206895 5.191685981117189
11883 1 1710917 0.8965517 4.5673990389332175
11884 1 1067708 0.8076923 2.843159018084407
11885 1 1511232 0.8064516 4.18985600117594
11886 1 1960511 0.875 1.8257239134982228
11887 1 504902 0.8695652 1.8875469686463475
11888 1 192683 0.88 2.651046961545944
11889 1 1180393 0.8333333 3.6165850469842553
11890 1 1968810 0.8333333 6.930153933353722
11891 1 1044421 0.875 1.8208259716629982
11892 1 1161128 0.86206895 5.16499497462064
11893 1 1458660 0.8695652 1.5087769133970141
11894 1 169252 0.90909094 1.4668320072814822
11895 1 1337770 0.79310346 5.796795012429357
11896 1 738969 0.8 3.420787979848683
11897 1 2344852 0.88 2.5908040115609765
11898 1 1116024 0.8484849 5.583813996054232
11899 1 1762518 0.8148148 3.7727709859609604
11900 1 1026236 0.84615386 2.572117024101317
11901 1 1230565 0.8333333 6.381571991369128
11902 1 1930836 0.83870965 3.675451036542654
11903 1 1018994 0.82758623 5.536406999453902
11904 1 791423 0.8333333 5.704695940949023
11905 1 367767 0.85714287 3.1108689727261662
11906 1 1443096 0.79310346 3.983953036367893
11907 1 602164 0.8518519 2.634305041283369
11908 1 703762 0.8148148 4.198609036393464
11909 1 1007800 0.8636364 1.6466149827465415
11910 1 600254 0.8235294 5.648204009048641
11911 1 1167820 0.86206895 2.931543975137174
11912 1 1884845 0.8484849 5.379002075642347
11913 1 1526227 0.87096775 4.844376002438366
11914 1 1284942 0.8787879 5.313434987328947
11915 1 659180 0.8965517 3.469082061201334
11916 1 64204 0.8076923 3.6518960259854794
11917 1 1137419 0.8076923 3.6303760716691613
11918 1 1207039 0.86206895 4.667495028115809
11919 1 1727243 0.8 3.033788991160691
11920 1 33943 0.8518519 1.9104289822280407
11921 1 1009312 0.8484849 5.414118990302086
11922 1 267003 0.84615386 1.9976278999820352
11923 1 1680926 0.8125 4.959699930623174
11924 1 703838 0.8333333 5.231342976912856
11925 1 1034438 0.8518519 2.447322942316532
11926 1 2156630 0.875 1.6513580922037363
11927 1 1477077 0.83870965 5.020659998990595
11928 1 1887650 0.84 2.3839949863031507
11929 1 1505870 0.86206895 3.4607710549607873
11930 1 1934480 0.82608694 1.6487130196765065
11931 1 1049636 0.8148148 3.6962039303034544
11932 1 1789364 0.85714287 4.068537964485586
11933 1 2252803 0.8 2.9152269707992673
11934 1 1426789 0.8076923 3.5512170288711786
11935 1 1699471 0.8181818 4.019057960249484
11936 1 1618346 0.82758623 5.408989964053035
11937 1 843885 0.90625 5.64010301604867
11938 1 825511 0.8181818 5.211189039982855
11939 1 847316 0.84 1.6317979898303747
11940 1 1655184 0.8666667 3.896042937412858
11941 1 1884400 0.8 5.66431600600481
11942 1 181985 0.88461536 3.566795028746128
11943 1 434856 0.8125 6.067542009986937
11944 1 1560001 0.89285713 3.3562900498509407
11945 1 1594902 0.89285713 3.8569970056414604
11946 1 1652426 0.9032258 4.791388986632228
11947 1 1413528 0.8148148 1.8013159278780222
11948 1 1727180 0.7916667 2.5898489402607083
11949 1 1101936 0.875 4.63532900903374
11950 1 768418 0.83870965 3.9948029443621635
11951 1 469887 0.8064516 5.418145912699401
11952 1 407110 0.8965517 5.071445018984377
11953 1 1613402 0.83870965 4.831157042644918
11954 1 1937173 0.84 2.422346966341138
11955 1 1257656 0.8666667 3.848993917927146
11956 1 1018075 0.84615386 2.3700359743088484
11957 1 609346 0.8695652 1.6096639446914196
11958 1 1044421 0.8 1.6559299547225237
11959 1 153775 0.875 5.76511793769896
11960 1 1474083 0.88461536 2.701408928260207
11961 1 491596 0.9 3.854310023598373
11962 1 1391426 0.84615386 1.7762790666893125
11963 1 1632993 0.82758623 5.442755063995719
11964 1 577405 0.89285713 3.948646946810186
11965 1 2038594 0.82758623 5.3541099186986685
11966 1 753743 0.87096775 5.175373982638121
11967 1 1098886 0.84615386 3.8208089536055923
11968 1 1452523 0.84615386 3.7470139795914292
11969 1 32183 0.8888889 2.910069073550403
11970 1 2072557 0.8181818 5.906041944399476
11971 1 1639030 0.8 3.1652150209993124
11972 1 1171371 0.8125 5.78706304077059
11973 1 1546354 0.8235294 6.607000017538667
11974 1 1557210 0.86206895 5.903056007809937
11975 1 2252331 0.8333333 2.737417002208531
11976 1 1234448 0.84615386 3.7621610099449754
11977 1 1086367 0.88235295 6.0492579359561205
11978 1 1125332 0.88461536 2.478979993611574
11979 1 661142 0.8064516 5.654656095430255
11980 1 1700970 0.8333333 5.324134952388704
11981 1 871247 0.8333333 4.381809965707362
11982 1 1419181 0.8333333 6.758449948392808
11983 1 2012552 0.9230769 2.515126019716263
11984 1 1175169 0.8125 4.228639998473227
11985 1 257686 0.82857144 6.126467022113502
11986 1 1665887 0.8787879 5.364860990084708
11987 1 1653308 0.85714287 4.946923931129277
11988 1 1279902 0.85 1.0006279917433858
11989 1 1276076 0.96 2.5649709859862924
11990 1 1786056 0.85714287 4.681405960582197
11991 1 1164246 0.8125 4.151280038058758
11992 1 1859246 0.8518519 2.463855082169175
11993 1 601004 0.88 1.861163997091353
11994 1 814273 0.8484849 5.42311801109463
11995 1 1967957 0.8333333 1.7312690615653992
11996 1 1312032 0.96 2.2535049356520176
11997 1 86005 0.88 2.3988409666344523
11998 1 42362 0.8181818 1.6453060088679194
11999 1 1034285 0.875 5.470867035910487
12000 1 738972 0.8965517 3.8478609640151262
12001 1 1555186 0.8148148 4.030857002362609
12002 1 1439685 0.87096775 3.911555977538228
12003 1 562424 0.8148148 1.9990240689367056
12004 1 2424074 0.8518519 3.8757100701332092
12005 1 1198619 0.8333333 4.807746969163418
12006 1 1679078 0.83870965 4.072856972925365
12007 1 1978120 0.9032258 5.101896007545292
12008 1 1075634 0.78571427 4.236147040501237
12009 1 741786 0.875 1.6168219735845923
12010 1 250679 0.7941176 5.6867849780246615
12011 1 1287339 0.7878788 4.081232938915491
12012 1 1470784 0.8125 3.7215249612927437
12013 1 577581 0.8518519 2.539130044169724
12014 1 366218 0.8888889 3.8011620054021478
12015 1 1346388 0.8064516 3.8553730119019747
12016 1 1557662 0.8148148 4.073017975315452
12017 1 1104497 0.84615386 3.469087998382747
12018 1 536233 0.8 6.015697959810495
12019 1 658077 0.83870965 5.072955973446369
12020 1 1278811 0.79310346 3.856313996948302
12021 1 1240765 0.8787879 6.021286942996085
12022 1 1515224 0.8148148 3.442083951085806
12023 1 2197095 0.875 1.6636179061606526
12024 1 1741623 0.87096775 4.612926044501364
12025 1 1499307 0.82758623 2.6617030380293727
12026 1 1078466 0.8333333 5.966730997897685
12027 1 825085 0.82758623 2.7772010071203113
12028 1 518774 0.8 6.140065961517394
12029 1 1178222 0.83870965 4.182942095212638
12030 1 1164246 0.8125 4.302485031075776
12031 1 2028184 0.8064516 5.5300709791481495
12032 1 1301611 0.9032258 5.112276063300669
12033 1 1034438 0.8518519 2.430908032692969
12034 1 851366 0.86206895 5.986477946862578
12035 1 1791715 0.84615386 3.2168800244107842
12036 1 824314 0.79310346 5.834058974869549
12037 1 2128351 0.8181818 5.3988039726391435
12038 1 1320014 0.8148148 3.137122024782002
12039 1 2053164 0.9 4.912814940325916
12040 1 1665151 0.86206895 3.8503860123455524
12041 1 1620951 0.8333333 3.9919710252434015
12042 1 158549 0.79310346 4.969360074028373
12043 1 1525160 0.82758623 4.544456023722887
12044 1 1560808 0.8 3.3718120539560914
12045 1 1661509 0.875 5.877183051779866
12046 1 1197377 0.84375 6.470942054875195
12047 1 934415 0.82608694 1.8847769824787974
12048 1 1457482 0.8181818 5.943461903370917
12049 1 1467799 0.8064516 6.603047018870711
12050 1 667959 0.875 2.520731999538839
12051 1 263144 0.875 1.9461959600448608
12052 1 1701517 0.8181818 1.6148040303960443
12053 1 1027653 0.87096775 5.757923936471343
12054 1 271281 0.8076923 3.026213962584734
12055 1 26580 0.8888889 2.8600870864465833
12056 1 1630515 0.88461536 2.6108610909432173
12057 1 285798 0.8214286 3.835081006400287
12058 1 655141 0.83870965 4.32526005897671
12059 1 1303086 0.8333333 5.394942942075431
12060 1 1707528 0.8076923 3.6461229901760817
12061 1 1680452 0.83870965 3.9531110087409616
12062 1 1710854 0.8181818 1.7502179834991693
12063 1 821299 0.8214286 2.9808300314471126
12064 1 530296 0.7878788 4.097640980035067
12065 1 1908843 0.82758623 4.237564047798514
12066 1 1689017 0.8148148 4.133061971515417
12067 1 1910976 0.84615386 1.9062981009483337
12068 1 1910975 0.88 2.3966350127011538
12069 1 536916 0.82758623 5.805175052955747
12070 1 1056930 0.8214286 2.6371009880676866
12071 1 2197097 0.88461536 2.357232035137713
12072 1 1709359 0.84 1.5633379807695746
12073 1 2013745 0.84615386 3.351583960466087
12074 1 1232348 0.7941176 5.450768978334963
12075 1 1876041 0.8 5.060569965280592
12076 1 821299 0.8888889 2.6579450350254774
12077 1 917343 0.83870965 3.9665179792791605
12078 1 570521 0.8333333 5.965107004158199
12079 1 1265304 0.79310346 2.561342087574303
12080 1 1416446 0.90909094 1.502197002992034
12081 1 1968158 0.8333333 1.636713044717908
12082 1 1259902 0.87096775 4.670292022638023
12083 1 1556493 0.8333333 1.8825329607352614
12084 1 51029 0.875 2.435465110465884
12085 1 1636240 0.87096775 4.804888973012567
12086 1 1100146 0.85294116 5.78256999142468
12087 1 1605545 0.8666667 5.237569916062057
12088 1 1426891 0.85714287 6.067508016712964
12089 1 1407086 0.82758623 5.463668960146606
12090 1 2358012 0.8484849 4.82309190556407
12091 1 1910976 0.8148148 2.4872649228200316
12092 1 941025 0.83870965 3.9920989656820893
12093 1 1166700 0.85714287 5.007685977034271
12094 1 1451174 0.8 2.768313977867365
12095 1 1628699 0.88235295 5.848753033205867
12096 1 991467 0.8 5.1478680688887835
12097 1 1063213 0.8214286 4.904738976620138
12098 1 2343946 0.8235294 5.478157079778612
12099 1 1530606 0.8125 6.238304893486202
12100 1 1270388 0.875 5.505883949808776
12101 1 397953 0.8518519 2.507308963686228
12102 1 1403134 0.875 5.219582002609968
12103 1 1056777 0.8214286 4.040463943965733
12104 1 1792758 0.86206895 4.810446058399975
12105 1 673776 0.84615386 3.7244469858705997
12106 1 211184 0.87096775 5.025489022955298
12107 1 1968158 0.8 2.16916692443192
12108 1 1410912 0.87096775 4.39587899018079
12109 1 74041 0.85714287 4.271741956472397
12110 1 1183578 0.8666667 5.415668012574315
12111 1 1544394 0.85714287 2.674435032531619
12112 1 1502487 0.8214286 5.179223022423685
12113 1 817472 0.8888889 2.8546099783852696
12114 1 123930 0.8 2.773515065200627
12115 1 545280 0.82758623 5.887396051548421
12116 1 2038594 0.82758623 4.986800951883197
12117 1 1966537 0.8333333 2.4857119424268603
12118 1 1012753 0.8484849 5.3276249673217535
12119 1 988146 0.82857144 6.2333999667316675
12120 1 1000056 0.8148148 1.8258619820699096
12121 1 33871 0.8484849 5.008561071008444
12122 1 1571351 0.87096775 4.7823661006987095
12123 1 666734 0.82758623 5.612100940197706
12124 1 1452523 0.84 2.4497290141880512
12125 1 356393 0.8666667 4.8427090514451265
12126 1 2016035 0.8076923 3.808537032455206
12127 1 1647158 0.7916667 1.5366430161520839
12128 1 418100 0.9 4.985127015970647
12129 1 1458793 0.83870965 4.0583229856565595
12130 1 1789364 0.85714287 3.8975239731371403
12131 1 541146 0.8214286 4.888891009613872
12132 1 606903 0.84375 5.565057042986155
12133 1 1798794 0.8 2.9257650021463633
12134 1 834184 0.875 5.118811968713999
12135 1 835334 0.8235294 6.0925649013370275
12136 1 6938 0.8148148 1.794142066501081
12137 1 2072557 0.8181818 5.6836080038920045
12138 1 1123087 0.8484849 5.20255696028471
12139 1 51185 0.8064516 5.884108948521316
12140 1 1608897 0.86206895 5.210008937865496
12141 1 16736 0.8 5.763122928328812
12142 1 1652426 0.9032258 4.724244005046785
12143 1 1778306 0.85714287 2.8082099743187428
12144 1 539394 0.8125 4.864479065872729
12145 1 1968473 0.85714287 3.3965560141950846
12146 1 354678 0.89285713 3.3133740071207285
12147 1 175883 0.85714287 0.968181062489748
12148 1 296849 0.8076923 3.7359059788286686
12149 1 2242436 0.8076923 2.5790799409151077
12150 1 1557884 0.82758623 5.4479570826515555
12151 1 1528203 0.8214286 2.4701610673218966
12152 1 814543 0.84615386 1.9184830598533154
12153 1 2119603 0.8064516 4.920957027934492
12154 1 1481945 0.8148148 3.5639259731397033
12155 1 1356967 0.8 3.0722920782864094
12156 1 2153453 0.84615386 2.938239020295441
12157 1 1571318 0.83870965 5.854547023773193
12158 1 1159249 0.83870965 4.281839006580412
12159 1 1462820 0.8064516 4.271736019290984
12160 1 1179125 0.8333333 5.2779390243813396
12161 1 1449623 0.8181818 1.4781559584662318
12162 1 1098960 0.79310346 2.0465500419959426
12163 1 1508844 0.85714287 5.024613928981125
12164 1 1619589 0.8095238 13.379395939409733
12165 1 1341796 0.8717949 12.927255942486227
12166 1 408355 0.80487806 13.644844992086291
12167 1 2028413 0.85365856 13.134884065948427
12168 1 832434 0.8378378 8.35582206491381
12169 1 1589072 0.84210527 12.716435943730175
12170 1 1425647 0.94285715 8.570621022954583
12171 1 1549051 0.8333333 11.538004968315363
12172 1 2029678 0.84210527 10.096097947098315
12173 1 824532 0.8333333 9.32936102617532
12174 1 1483763 0.7948718 8.679220103658736
12175 1 318748 0.82857144 7.6072129886597395
12176 1 1005267 0.85 13.190075987949967
12177 1 1523457 0.8484849 7.946011959575117
12178 1 2049350 0.9117647 8.091988041996956
12179 1 1483429 0.8604651 12.8674820298329
12180 1 1485237 0.8095238 15.443042037077248
12181 1 853552 0.875 13.273723889142275
12182 1 17544 0.902439 12.200649944134057
12183 1 1430479 0.8181818 13.229036005213857
12184 1 1448904 0.80487806 11.020018020644784
12185 1 1441829 0.85 14.650941011495888
12186 1 1474725 0.85 11.122503085061908
12187 1 1560926 0.83870965 7.418955909088254
12188 1 1359916 0.8108108 9.07028594519943
12189 1 1296076 0.8181818 7.119848974980414
12190 1 1605265 0.8378378 7.645385921932757
12191 1 1451804 0.8918919 9.345983038656414
12192 1 1470556 0.8684211 11.563139967620373
12193 1 1453249 0.7948718 12.519107898697257
12194 1 599704 0.82051283 12.665234040468931
12195 1 1627648 0.82857144 10.221096919849515
12196 1 1484230 0.82051283 11.784048052504659
12197 1 1027242 0.8333333 9.974139044061303
12198 1 313606 0.8378378 11.540877050720155
12199 1 994618 0.79545456 14.910053927451372
12200 1 2461628 0.85294116 7.114289910532534
12201 1 1779707 0.82857144 9.725334006361663
12202 1 1114568 0.8648649 7.714024977758527
12203 1 47520 0.875 6.144037004560232
12204 1 1446757 0.81578946 12.402609107084572
12205 1 1101235 0.8684211 11.708452948369086
12206 1 294385 0.8333333 11.501279077492654
12207 1 2008233 0.81578946 12.561019975692034
12208 1 1137224 0.85365856 13.196810963563621
12209 1 1391242 0.84615386 11.256176978349686
12210 1 1561652 0.8 8.319347980432212
12211 1 1947229 0.85714287 11.01403299253434
12212 1 1557063 0.84615386 12.868896941654384
12213 1 2027849 0.8648649 7.466010982170701
12214 1 2452078 0.8235294 7.257379940710962
12215 1 115246 0.825 14.7940160240978
12216 1 1400301 0.8 12.679069070145488
12217 1 1628393 0.8611111 10.368403047323227
12218 1 622736 0.85714287 11.707952013239264
12219 1 847805 0.9 11.287510045804083
12220 1 1529753 0.8918919 9.175770916044712
12221 1 1496236 0.8333333 15.168788959272206
12222 1 1379981 0.9047619 13.311779941432178
12223 1 1288708 0.8181818 7.01057689730078
12224 1 1360908 1.0 8.971148054115474
12225 1 1624720 0.84090906 14.460784965194762
12226 1 1252988 0.9 12.658903026022017
12227 1 1413537 0.82222223 15.781003050506115
12228 1 1558178 0.8378378 10.865258984267712
12229 1 1136446 0.82857144 9.980279952287674
12230 1 686187 0.8333333 13.855736935511231
12231 1 1418394 0.84210527 11.24137407168746
12232 1 1545262 0.8780488 12.49611598905176
12233 1 1468161 0.8181818 12.363557005301118
12234 1 2231901 0.82222223 13.802428031340241
12235 1 1602354 0.85365856 12.70530594047159
12236 1 41132 0.8 12.047084979712963
12237 1 1700970 0.8666667 5.2641769871115685
12238 1 1386239 0.8947368 10.083278990350664
12239 1 1287311 0.88372093 12.981871026568115
12240 1 1433711 0.82051283 10.965591995045543
12241 1 817985 0.8 13.989540049806237
12242 1 474017 0.82051283 11.62209000904113
12243 1 1336936 0.8484849 7.553645060397685
12244 1 1067901 0.8974359 10.81956794951111
12245 1 1571825 0.82222223 14.812662964686751
12246 1 2249580 0.8055556 9.955586050637066
12247 1 1358988 0.84615386 14.613221981562674
12248 1 390761 0.81395346 13.28867708798498
12249 1 2053287 0.8333333 12.903253082185984
12250 1 1464970 0.79545456 15.397722949273884
12251 1 1609381 0.8604651 14.77087999228388
12252 1 1341020 0.825 12.549533043056726
12253 1 1567468 0.8108108 10.490496060810983
12254 1 52775 0.8235294 9.280270081944764
12255 1 1952567 0.8684211 9.591949987225235
12256 1 241492 0.8181818 8.06016696151346
12257 1 1285890 0.8684211 11.27506303600967
12258 1 1452328 0.8684211 9.45364695508033
12259 1 1191331 0.8095238 14.067280921153724
12260 1 832884 0.8918919 10.751188034191728
12261 1 1286239 0.87096775 6.793132983148098
12262 1 1057742 0.8055556 7.335796020925045
12263 1 1653628 0.81395346 13.38622102048248
12264 1 557842 0.82857144 6.9665610790252686
12265 1 1618508 0.8378378 9.48585500009358
12266 1 2397935 0.8 7.249520975165069
12267 1 1081628 0.85714287 7.355667999945581
12268 1 1876826 0.84210527 12.936081038787961
12269 1 1001801 0.8378378 9.325583931058645
12270 1 1554942 0.8684211 10.475847055204213
12271 1 1026041 0.8 12.005415977910161
12272 1 1595426 0.7948718 12.978223036043346
12273 1 390628 0.82051283 12.223729048855603
12274 1 1038796 0.8292683 11.503253015689552
12275 1 823078 0.8888889 10.219743009656668
12276 1 294428 0.8333333 15.073474030941725
12277 1 265551 0.90625 5.280195968225598
12278 1 139333 0.8378378 11.38413604348898
12279 1 892183 0.82857144 6.6978590330109
12280 1 1739970 0.82051283 11.540666921064258
12281 1 1572014 0.8333333 13.567372923716903
12282 1 1490077 0.90909094 7.000889978371561
12283 1 1132931 0.8 13.581998995505273
12284 1 1639346 0.82051283 10.717708035372198
12285 1 1274711 1.0 8.26230098027736
12286 1 1410951 0.875 13.714086031541228
12287 1 1414045 0.875 11.383394943550229
12288 1 1921760 0.8648649 8.601823006756604
12289 1 1472912 0.84375 5.996826919727027
12290 1 1554635 0.8378378 10.629994911141694
12291 1 1585391 0.85714287 13.063982012681663
12292 1 668312 0.8055556 9.885290986858308
12293 1 1611666 0.8333333 5.930925020948052
12294 1 1176957 0.8181818 11.765160947106779
12295 1 1251561 0.8235294 9.018403943628073
12296 1 2112041 0.80487806 12.407285976223648
12297 1 1649445 0.9166667 8.205836988054216
12298 1 1290117 0.875 11.019795085303485
12299 1 1382093 0.82857144 11.75382500514388
12300 1 1119744 0.85714287 14.211205067113042
12301 1 1480169 0.8 16.09476888552308
12302 1 1220473 0.88235295 7.00090394821018
12303 1 573393 0.8 8.507468039169908
12304 1 239992 0.81578946 11.386621044948697
12305 1 1198522 0.8 13.232982950285077
12306 1 2070730 0.8333333 9.58575599361211
12307 1 1001392 0.8 14.19374707620591
12308 1 1531831 0.825 13.408085913397372
12309 1 1391861 0.825 10.019937995821238
12310 1 423617 0.84210527 10.697923018597066
12311 1 1075930 0.8333333 13.03885702509433
12312 1 1484956 0.84210527 8.782468037679791
12313 1 1428579 0.8604651 12.693868950009346
12314 1 1457220 0.8181818 7.8193810768425465
12315 1 1396239 0.83870965 6.889689946547151
12316 1 1625602 0.90909094 6.67328794952482
12317 1 1132931 0.8 13.550108065828681
12318 1 265437 0.8611111 6.873165024444461
12319 1 1626422 0.84210527 11.15243905223906
12320 1 1199811 0.8717949 11.448787990957499
12321 1 1119857 0.8648649 7.5672309612855315
12322 1 1129495 0.8108108 9.073294000700116
12323 1 1056378 0.8095238 11.815916979685426
12324 1 263048 0.8 13.022942002862692
12325 1 483967 0.8235294 7.828098954632878
12326 1 1421521 0.80487806 15.100224991329014
12327 1 1656124 0.8 8.93609900958836
12328 1 979944 0.8292683 15.926011023111641
12329 1 1047012 0.80487806 14.552716980688274
12330 1 1021836 0.9117647 7.454007980413735
12331 1 1296825 0.85365856 13.830172014422715
12332 1 1358803 0.8181818 13.92527506686747
12333 1 1242674 1.0 8.070570998825133
12334 1 2109162 0.8333333 14.71765898168087
12335 1 393754 0.8095238 13.28521000687033
12336 1 1007393 0.8372093 13.477372005581856
12337 1 1527946 0.85714287 8.485730970278382
12338 1 628002 0.8292683 13.078087009489536
12339 1 1059368 0.8857143 7.249090005643666
12340 1 193485 0.84615386 11.886788066476583
12341 1 1129789 0.84615386 8.78996099345386
12342 1 592664 0.85 12.729862937703729
12343 1 1705590 0.8055556 11.0605409136042
12344 1 1419919 0.88235295 8.289103046990931
12345 1 1354059 0.8918919 11.340709053911269
12346 1 1136066 0.8108108 7.220819010399282
12347 1 1184687 0.85365856 13.203459093347192
12348 1 1016393 0.8857143 9.030750021338463
12349 1 1461336 0.8717949 10.384815046563745
12350 1 1068978 0.8181818 14.109786017797887
12351 1 1114335 0.85714287 13.132985099218786
12352 1 1461067 0.85 10.588386910967529
12353 1 824312 0.85714287 7.421616930514574
12354 1 1895737 0.8 10.221100063063204
12355 1 1046338 0.825 11.800101026892662
12356 1 1025049 0.8 10.322704911231995
12357 1 2034821 0.82051283 11.747901095077395
12358 1 1410755 0.825 13.842822052538395
12359 1 1639488 0.82222223 13.469965080730617
12360 1 2153256 0.85365856 10.884245042689145
12361 1 2444296 0.8095238 13.331071939319372
12362 1 859568 0.88235295 6.846321979537606
12363 1 2071149 0.85294116 8.389482041820884
12364 1 1730759 0.81578946 9.946889942511916
12365 1 1369138 1.0 6.801352021284401
12366 1 1100941 0.8 11.262760031968355
12367 1 1594623 0.8636364 14.968588016927242
12368 1 2298585 0.9142857 7.308011990971863
12369 1 892414 0.8181818 15.037623001262546
12370 1 1114568 0.84615386 10.76946605462581
12371 1 815773 0.8292683 11.993870022706687
12372 1 1715006 0.81578946 11.018623015843332
12373 1 1609908 0.85714287 12.908588047139347
12374 1 1624620 0.875 11.012168019078672
12375 1 1176736 0.8372093 13.25550104957074
12376 1 1744077 0.8648649 9.110001032240689
12377 1 106363 0.9142857 9.140155976638198
12378 1 1080293 0.82051283 12.708556023426354
12379 1 1378299 0.7948718 13.219451997429132
12380 1 1517783 0.8 13.150749960914254
12381 1 1484794 0.82857144 10.480183991603553
12382 1 1107184 0.85365856 13.570684008300304
12383 1 1405732 0.8181818 6.5529519924893975
12384 1 1936631 0.82857144 9.280362981371582
12385 1 827930 0.8717949 11.245467001572251
12386 1 1008621 0.80487806 14.603332034312189
12387 1 1109665 0.84615386 13.931528897956014
12388 1 299410 0.82222223 13.751618913374841
12389 1 1481429 0.8055556 11.142291012220085
12390 1 1187353 0.84210527 13.07364006061107
12391 1 2125065 0.8 9.98306495603174
12392 1 1073378 0.825 11.414318927563727
12393 1 1391738 0.9142857 8.83735902607441
12394 1 1983363 0.88235295 7.252929965034127
12395 1 614670 0.8181818 14.17035807389766
12396 1 632702 0.94285715 8.781056036241353
12397 1 1556314 0.8378378 11.284439940936863
12398 1 1515840 0.8095238 14.099532039836049
12399 1 1797264 0.80487806 11.684652999974787
12400 1 1627926 0.8611111 9.279154939576983
12401 1 625438 0.84375 6.0868170112371445
12402 1 41234 0.82857144 10.926582966931164
12403 1 1120752 0.8604651 13.950458960607648
12404 1 640257 0.8947368 12.196926050819457
12405 1 1641963 0.81395346 16.10030105803162
12406 1 1616373 0.90909094 7.255136966705322
12407 1 1129597 0.8181818 6.277229986153543
12408 1 1548492 0.8292683 12.401805026456714
12409 1 1520689 0.85365856 13.731629005633295
12410 1 1624227 0.825 12.460784986615181
12411 1 1004400 0.85294116 5.9329880168661475
12412 1 1449794 0.85714287 9.984091040678322
12413 1 1629201 0.8292683 14.743015985004604
12414 1 1149136 0.82051283 10.789325926452875
12415 1 1304592 0.8666667 13.129764003679156
12416 1 2037089 0.85 14.060050947591662
12417 1 2466493 0.85365856 12.687126058153808
12418 1 2075474 0.8378378 9.28765395656228
12419 1 1229082 0.85 10.48291998449713
12420 1 1528847 0.82051283 11.494021047838032
12421 1 192698 0.8 15.314148040488362
12422 1 2393120 0.81578946 10.923190042376518
12423 1 1630070 0.84210527 8.75040702521801
12424 1 1629602 0.8 12.617486994713545
12425 1 1427693 0.8378378 10.560100083239377
12426 1 1608611 0.8108108 9.982786024920642
12427 1 1059824 0.84210527 10.230912012048066
12428 1 2048774 0.8 10.09096298366785
12429 1 1205443 0.85 12.156294891610742
12430 1 244733 0.8095238 14.966419897973537
12431 1 2064407 0.8181818 15.669016051106155
12432 1 1400130 0.85 12.987565947696567
12433 1 2469393 0.8648649 12.107184040360153
12434 1 2051000 0.84615386 11.43924193456769
12435 1 1558882 0.9047619 13.23414605576545
12436 1 236545 0.8333333 6.4637589966878295
12437 1 1151890 0.80487806 14.275453984737396
12438 1 390335 0.7906977 12.69015297293663
12439 1 1296851 0.82857144 9.768498013727367
12440 1 1283967 0.8292683 13.796376064419746
12441 1 1654072 0.81395346 13.357152929529548
12442 1 1616349 0.8055556 6.762495031580329
12443 1 2023869 0.8372093 15.388999949209392
12444 1 1711293 0.8611111 7.672026986256242
12445 1 1524077 0.84615386 10.503939003683627
12446 1 1465034 0.8095238 13.297028956003487
12447 1 465217 0.8292683 13.631805079057813
12448 1 1484699 0.8 11.981204035691917
12449 1 1244591 0.85 12.697661994025111
12450 1 1160109 0.7906977 14.180351980030537
12451 1 569801 0.82857144 8.391218027099967
12452 1 1095047 0.9117647 11.160867987200618
12453 1 1583752 0.825 15.148057951591909
12454 1 2108577 0.80851066 17.469106009230018
12455 1 1134239 0.825 12.781247962266207
12456 1 1614175 0.8292683 12.799329007975757
12457 1 1440013 0.8181818 8.441560086794198
12458 1 1488763 0.9142857 11.91505801398307
12459 1 623663 0.84210527 15.740728005766869
12460 1 1621066 0.8055556 8.208655985072255
12461 1 1061487 0.85714287 15.61482495162636
12462 1 1277442 0.8095238 15.240240027196705
12463 1 1510574 0.8717949 14.145789085887372
12464 1 1554131 0.8787879 9.284717962145805
12465 1 569401 0.8333333 11.961509007960558
12466 1 1127351 0.85 12.783300946466625
12467 1 1418394 0.84210527 12.401627958752215
12468 1 1667301 0.82857144 11.202179011888802
12469 1 1294332 0.825 15.396316070109606
12470 1 1303262 0.8918919 11.968548060394824
12471 1 1470643 0.82051283 10.573960957117379
12472 1 854174 0.88235295 10.438921046443284
12473 1 1481170 0.84090906 16.925935982726514
12474 1 1935314 0.8787879 8.29519797116518
12475 1 1057239 0.8974359 13.565497007220984
12476 1 505862 0.8292683 11.916174902580678
12477 1 1544939 0.85294116 7.317779934965074
12478 1 1513981 0.8181818 15.3009919449687
12479 1 1611061 0.7941176 9.671305073425174
12480 1 732632 0.8684211 12.877441011369228
12481 1 695653 0.81578946 12.319143977947533
12482 1 1626646 0.88095236 14.401784050278366
12483 1 285428 0.84615386 13.104586047120392
12484 1 2119838 0.825 13.698696973733604
12485 1 1995089 0.82758623 5.726124974898994
12486 1 1546250 0.8333333 10.188738931901753
12487 1 1584703 0.82051283 15.375229064375162
12488 1 834155 0.8857143 9.828420937992632
12489 1 1275905 0.84615386 12.666843947954476
12490 1 449624 0.82051283 13.354747090488672
12491 1 467961 0.8108108 12.102006003260612
12492 1 571707 0.80487806 14.552418957464397
12493 1 488971 0.80487806 16.611855942755938
12494 1 1192535 0.8888889 10.096558020450175
12495 1 1316484 0.8055556 7.2194659151136875
12496 1 1014457 0.85714287 11.814147001132369
12497 1 1487012 0.80487806 16.834385925903916
12498 1 562927 0.8108108 13.821866014041007
12499 1 1503984 0.85714287 11.383743025362492
12500 1 1423907 0.8918919 11.547386064194143
12501 1 592034 0.88095236 13.751416932791471
12502 1 1188627 0.8604651 14.253073022700846
12503 1 1558174 0.8108108 10.30201802495867
12504 1 1253092 0.8857143 7.520913030020893
12505 1 1596719 0.85365856 13.735475949943066
12506 1 1523085 0.8947368 13.722016010433435
12507 1 1068203 0.8235294 7.772900047712028
12508 1 829464 0.8780488 12.686238042078912
12509 1 1540467 0.8055556 8.077296894043684
12510 1 1405730 0.8888889 10.175257921218872
12511 1 2453803 0.8055556 7.39265198353678
12512 1 1772087 0.82857144 8.775853086262941
12513 1 779983 0.7948718 11.478979955427349
12514 1 1048953 0.85365856 13.257813057862222
12515 1 476507 0.825 13.8354969676584
12516 1 1549101 0.8125 6.13754999358207
12517 1 1296694 0.81578946 12.354087084531784
12518 1 656694 0.8 13.040071004070342
12519 1 1573021 0.8292683 13.05026700720191
12520 1 1166655 0.8484849 8.517595008015633
12521 1 1809752 0.8 10.00435696914792
12522 1 1441359 0.85 12.003293028101325
12523 1 1188100 0.825 13.103801989927888
12524 1 2119838 0.825 13.02721502725035
12525 1 1111542 0.8292683 13.562106061726809
12526 1 1305638 0.84210527 9.894132032059133
12527 1 582315 0.81395346 14.254965935833752
12528 1 1528221 0.8181818 7.360436022281647
12529 1 1531369 0.8095238 13.066079001873732
12530 1 1093539 0.88235295 6.957298028282821
12531 1 993378 0.8095238 15.330550028011203
12532 1 1268464 0.7948718 11.48983696475625
12533 1 1199337 0.8636364 13.501301989890635
12534 1 1403486 0.85 11.913812952116132
12535 1 2443495 0.85714287 9.293492999859154
12536 1 1639881 0.875 11.001824983395636
12537 1 1073378 0.825 11.562476982362568
12538 1 1525563 0.84210527 10.459159035235643
12539 1 1402836 0.88235295 8.267893921583891
12540 1 1139856 0.85365856 13.103627017699182
12541 1 1637315 0.8125 7.237804005853832
12542 1 1265387 0.8684211 9.13218001369387
12543 1 1977831 0.8857143 6.759166019037366
12544 1 419399 0.8292683 10.8304190216586
12545 1 1206505 0.8333333 7.605651975609362
12546 1 1998052 0.8611111 7.401196984574199
12547 1 2081029 0.825 11.516364989802241
12548 1 238345 0.8378378 9.569443995133042
12549 1 1431929 0.8857143 11.000472004525363
12550 1 1097588 0.8378378 8.258166955783963
12551 1 1144243 0.875 12.342378031462431
12552 1 576159 0.85 13.350969995371997
12553 1 1153087 0.875 13.666076003573835
12554 1 1118945 0.875 11.56119303777814
12555 1 1483120 0.82051283 13.155972003005445
12556 1 1306713 0.8974359 11.026657070033252
12557 1 793886 0.85294116 9.660106967203319
12558 1 1418047 0.8333333 13.18938797339797
12559 1 2088951 0.8604651 14.138836995698512
12560 1 1232283 0.8378378 8.369846967980266
12561 1 1302592 0.82222223 13.801552006043494
12562 1 1304592 0.8666667 13.346944935619831
12563 1 1012159 0.85 11.244614026509225
12564 1 1544760 0.825 12.159765930846334
12565 1 1546538 0.79545456 14.330320991575718
12566 1 1582899 0.90909094 6.575964041985571
12567 1 1688691 0.8378378 8.675368968397379
12568 1 1617833 0.9166667 10.527921025641263
12569 1 394932 0.88235295 5.8469370706006885
12570 1 1406328 0.81578946 10.813692002557218
12571 1 1650951 0.9117647 8.730656001716852
12572 1 1554131 0.85294116 9.281122009269893
12573 1 628261 0.8181818 7.050230982713401
12574 1 1140555 0.8292683 11.576556018553674
12575 1 1451840 0.82051283 14.439538004808128
12576 1 1616126 0.8857143 7.345383986830711
12577 1 601262 0.8125 7.759425905533135
12578 1 1053151 0.7948718 12.066042050719261
12579 1 1355434 0.875 11.389110935851932
12580 1 1200362 0.8604651 12.879321002401412
12581 1 1615872 0.8095238 11.85262599028647
12582 1 1425001 0.82051283 11.738591943867505
12583 1 545636 0.85714287 12.018039007671177
12584 1 1000157 0.8611111 10.369052994064987
12585 1 1262494 0.81578946 11.716627050191164
12586 1 1066903 0.7948718 11.470090947113931
12587 1 1474376 0.84615386 11.176389991305768
12588 1 1797302 0.8108108 7.295076968148351
12589 1 1191223 0.81578946 9.718919056467712
12590 1 760500 0.85294116 7.069967919960618
12591 1 1209600 0.84375 7.455953047610819
12592 1 1331908 0.80487806 11.741916066966951
12593 1 2109292 0.8235294 7.634776062332094
12594 1 1115528 0.8095238 14.108917093835771
12595 1 712365 0.8604651 12.742002960294485
12596 1 1484475 0.88095236 12.615691986866295
12597 1 2233869 0.83870965 5.411118036136031
12598 1 1524166 0.81395346 14.992428943514824
12599 1 543084 0.82051283 10.755487019196153
12600 1 199696 0.8717949 10.33961703069508
12601 1 2020185 0.825 11.825234978459775
12602 1 1605837 0.8378378 12.001932947896421
12603 1 1431725 0.8235294 10.53959398996085
12604 1 1163216 0.80487806 15.830195043236017
12605 1 1793980 0.81395346 17.86946097854525
12606 1 872344 0.85714287 11.333078029565513
12607 1 817135 0.7948718 14.989841030910611
12608 1 1193403 0.8095238 15.501008951105177
12609 1 1403405 0.8611111 10.50407299771905
12610 1 68110 0.8717949 14.263286022469401
12611 1 1938117 0.85294116 6.9215280236676335
12612 1 1573336 0.825 10.296570020727813
12613 1 1105279 0.8235294 7.992874947376549
12614 1 1189756 0.82608694 14.916172018274665
12615 1 1094385 0.8648649 10.929389973171055
12616 1 1597177 0.8787879 8.297963067889214
12617 1 1048931 0.8611111 9.148794924840331
12618 1 618739 0.85294116 5.878702038899064
12619 1 720807 0.8684211 9.137616027146578
12620 1 973420 0.87096775 6.646162015385926
12621 1 1558882 0.9047619 12.008287943899632
12622 1 2436328 0.8857143 7.2375290328636765
12623 1 525655 0.8974359 12.084860005415976
12624 1 1650193 0.80487806 12.456466909497976
12625 1 1047427 0.88235295 8.936637081205845
12626 1 1429245 0.8181818 14.721484971232712
12627 1 1482553 0.8717949 11.065909988246858
12628 1 435471 0.8684211 10.613822960294783
12629 1 1136894 0.825 13.421758078038692
12630 1 509476 0.8 9.034664020873606
12631 1 1857368 0.81578946 13.596000033430755
12632 1 1191235 0.825 11.949206003919244
12633 1 1102110 0.80487806 12.986838002689183
12634 1 1205448 0.8095238 12.916825013235211
12635 1 1090865 0.85714287 12.166047003120184
12636 1 2088498 0.82051283 14.314039028249681
12637 1 1491552 0.8684211 11.79660705383867
12638 1 1059243 0.84615386 9.710386977531016
12639 1 1153760 0.8181818 13.2810790091753
12640 1 872143 0.85294116 8.44528793822974
12641 1 1045384 0.8857143 9.091333951801062
12642 1 1662883 0.8333333 10.764985927380621
12643 1 1301236 0.8611111 10.441727004945278
12644 1 1008678 0.83870965 6.921144085936248
12645 1 732632 0.8108108 9.663179982453585
12646 1 495617 0.8095238 13.362705009058118
12647 1 2014478 0.8 12.672002078033984
12648 1 1530023 0.8378378 8.72449402231723
12649 1 1429886 0.84375 5.901388940401375
12650 1 1489349 0.8 9.881408070214093
12651 1 1278829 0.8787879 5.145727889612317
12652 1 1166700 0.8 6.075149984098971
12653 1 1651808 0.8888889 7.162197958678007
12654 1 1401620 0.82857144 9.88818402402103
12655 1 1024605 0.8974359 10.291227023117244
12656 1 835923 0.8108108 10.776331066153944
12657 1 1445735 0.8235294 8.369158022105694
12658 1 1604719 0.8235294 9.656857000663877
12659 1 630712 0.8292683 12.91903096716851
12660 1 389873 0.87096775 6.0789750423282385
12661 1 1093053 0.7941176 6.6436720080673695
12662 1 1125691 0.85714287 13.69170902762562
12663 1 1637887 0.8125 6.785645964555442
12664 1 1077877 0.82222223 15.419970033690333
12665 1 1490263 0.8367347 16.154506942257285
12666 1 1053036 0.8695652 16.52596693020314
12667 1 704562 0.8372093 14.786351006478071
12668 1 1388455 0.84444445 14.784888015128672
12669 1 1768997 0.82978725 16.907654935494065
12670 1 1479792 0.8269231 17.84551003947854
12671 1 1631505 0.8888889 14.982464956119657
12672 1 1256174 0.8367347 16.65173703804612
12673 1 1131920 0.8235294 16.982725937850773
12674 1 1420772 0.8372093 14.27374198101461
12675 1 1153621 0.85714287 14.111199066974223
12676 1 1184557 0.82978725 16.498657991178334
12677 1 1118818 0.8 18.604469019919634
12678 1 984384 0.88 17.39719696342945
12679 1 1572274 0.8367347 17.261727014556527
12680 1 630077 0.8604651 14.836505055427551
12681 1 1486602 0.82 17.734889988787472
12682 1 1575146 0.84 17.386164981871843
12683 1 74725 0.84313726 17.325629014521837
12684 1 1602414 0.8372093 14.828743995167315
12685 1 1093008 0.8367347 16.29959198180586
12686 1 1076989 0.81632656 17.185349948704243
12687 1 1755317 0.8 16.08684193342924
12688 1 1141927 0.8076923 17.958797980099916
12689 1 1204833 0.86 17.089820001274347
12690 1 1152460 0.82222223 16.910083941183984
12691 1 1285068 0.8 18.922935938462615
12692 1 1001065 0.84 17.710182000882924
12693 1 992036 0.84782606 18.36060592904687
12694 1 1562101 0.81632656 18.12491298187524
12695 1 808372 0.84 17.220598994754255
12696 1 1889819 0.82978725 16.354858060367405
12697 1 1626471 0.8627451 17.73976208642125
12698 1 1179773 0.8235294 18.414946971461177
12699 1 799455 0.86 17.005028086714447
12700 1 1206916 0.8627451 17.656987998634577
12701 1 1202677 0.81632656 17.38966698758304
12702 1 1581184 0.84 16.440942999906838
12703 1 840397 0.8372093 14.632962993346155
12704 1 1659727 0.82978725 16.705590998753905
12705 1 1734878 0.82978725 15.637885080650449
12706 1 1479398 0.8269231 17.389848013408482
12707 1 1265831 0.8666667 16.043337993323803
12708 1 1204804 0.9047619 15.240512089803815
12709 1 1020895 0.84615386 16.914300969801843
12710 1 1610583 0.81632656 17.300385981798172
12711 1 1573448 0.8235294 19.550068071112037
12712 1 1031283 0.8666667 16.75358705688268
12713 1 1317583 0.8125 17.892502946779132
12714 1 1489311 0.82222223 16.14572200924158
12715 1 1037915 0.84782606 16.615775995887816
12716 1 1163056 0.84444445 15.23660495877266
12717 1 1560145 0.8 17.410765984095633
12718 1 501849 0.82222223 14.958822983317077
12719 1 2094977 0.8235294 17.539383028633893
12720 1 816162 0.8301887 17.508778953924775
12721 1 2053090 0.8604651 14.522596029564738
12722 1 1400018 0.82 17.574266996234655
12723 1 2079132 0.87234044 16.386253060773015
12724 1 2109161 0.82978725 16.544148907996714
12725 1 1195891 0.85106385 15.642751008272171
12726 1 1488785 0.85714287 16.393049038015306
12727 1 1325964 0.8235294 17.657760065048933
12728 1 1428616 0.8363636 18.969884957186878
12729 1 2154572 0.8043478 17.311410047113895
12730 1 1508526 0.8076923 18.262333003804088
12731 1 1528079 0.84444445 16.343049006536603
12732 1 1414216 0.8125 16.89143292605877
12733 1 193079 0.85714287 16.854730085469782
12734 1 1466147 0.8076923 17.903547966852784
12735 1 1478660 0.8333333 16.45416801329702
12736 1 1183465 0.84782606 16.825644066557288
12737 1 1385413 0.84 17.372368020005524
12738 1 2061815 0.8 15.57194092310965
12739 1 2087256 0.88235295 16.900885035283864
12740 1 1609943 0.85106385 16.9132889714092
12741 1 2090530 0.8 16.415335005149245
12742 1 1504817 0.8867925 17.113224021159112
12743 1 1480735 0.8301887 17.328399932011962
12744 1 1738073 0.7906977 16.414110083132982
12745 1 1551376 0.84313726 18.864871002733707
12746 1 1517186 0.79591835 18.524443032220006
12747 1 1863006 0.82978725 17.03761296812445
12748 1 2056886 0.9047619 13.716542976908386
12749 1 1315081 0.8235294 16.324382973834872
12750 1 826462 0.8039216 17.890805029310286
12751 1 1412441 0.8 17.39734096918255
12752 1 1664623 0.8333333 16.776053002104163
12753 1 769329 0.8 15.476385015062988
12754 1 1135012 0.9375 16.131075099110603
12755 1 1003030 0.85714287 13.943825964815915
12756 1 1408953 0.8269231 17.570410971529782
12757 1 1013856 0.8269231 17.331592040136456
12758 1 2028217 0.82608694 16.38546900358051
12759 1 2085549 0.8333333 16.955328988842666
12760 1 350039 0.86 16.982471919618547
12761 1 1198182 0.8636364 14.656243962235749
12762 1 246058 0.82978725 19.075468997471035
12763 1 1106040 0.7962963 19.208514015190303
12764 1 2030298 0.8043478 15.635784016922116
12765 1 2050916 0.8181818 17.75161293335259
12766 1 1610659 0.8301887 17.75204495061189
12767 1 1413137 0.81632656 16.757054021582007
12768 1 1244746 0.82222223 15.796018997207284
12769 1 625952 0.8301887 17.064861953258514
12770 1 1196890 0.85106385 16.570869949646294
12771 1 641005 0.84615386 17.535845981910825
12772 1 1628643 0.8269231 18.008379032835364
12773 1 1515971 0.85106385 16.827048966661096
12774 1 1447532 0.8 17.819662927649915
12775 1 1129471 0.8125 17.13500008918345
12776 1 1087425 0.8076923 17.802038928493857
12777 1 2332173 0.84313726 16.847360064275563
12778 1 1477071 0.8490566 18.317234935238957
12779 1 1402271 0.8035714 19.235037034377456
12780 1 1618432 0.82978725 18.370781908743083
12781 1 1423814 0.8367347 17.682565958239138
12782 1 1423061 0.8367347 17.467720084823668
12783 1 227521 0.82222223 15.950397006236017
12784 1 989494 0.82978725 16.46966696716845
12785 1 1222331 0.8666667 15.221855021081865
12786 1 1117521 0.82 17.370495945215225
12787 1 628968 0.85714287 14.923429931513965
12788 1 1458285 0.8269231 16.636551008559763
12789 1 551749 0.7906977 14.369898941367865
12790 1 851989 0.8 16.862772055901587
12791 1 1440578 0.8269231 17.269989009946585
12792 1 1084375 0.84782606 16.760969068855047
12793 1 700463 0.8627451 17.013862961903214
12794 1 1414220 0.8333333 16.345689888112247
12795 1 1032043 0.8125 17.50489789992571
12796 1 1616280 0.84615386 18.45176110509783
12797 1 2081643 0.8636364 16.012995038181543
12798 1 1615067 0.8269231 18.00615794491023
12799 1 1114207 0.82222223 15.351315960288048
12800 1 1431165 0.8541667 15.649297973141074
12801 1 980861 0.8958333 15.497990068979561
12802 1 2076489 0.9019608 16.433137003332376
12803 1 1113147 0.8333333 16.971240984275937
12804 1 1302226 0.85106385 16.055511077865958
12805 1 1481052 0.8333333 17.84936909098178
12806 1 1053799 0.85106385 17.014796030707657
12807 1 2260451 0.8541667 17.598096979781985
12808 1 1699565 0.82222223 17.04196201171726
12809 1 1112039 0.84 17.77798100374639
12810 1 2231566 0.8235294 17.16719998512417
12811 1 1110317 0.84090906 16.52217993978411
12812 1 916408 0.85714287 17.425994970835745
12813 1 1634465 0.84444445 18.542158999480307
12814 1 827242 0.8490566 19.524588016793132
12815 1 1396941 0.8490566 19.640338025055826
12816 1 1512288 0.875 18.04937596898526
12817 1 501640 0.84615386 18.353573977947235
12818 1 1004171 0.8125 17.436565016396344
12819 1 1508126 0.8958333 15.989063074812293
12820 1 1234970 0.8039216 17.8617590572685
12821 1 1454757 0.82608694 16.19897410273552
12822 1 1649945 0.82 17.63976097572595
12823 1 1615979 0.85714287 17.03049207571894
12824 1 1641222 0.8181818 14.806577935814857
12825 1 1417124 0.8235294 17.360358964651823
12826 1 1449912 0.8780488 14.596109976992011
12827 1 1029272 0.8333333 17.037373036146164
12828 1 1040413 0.84090906 16.05945301707834
12829 1 544620 0.8245614 19.538664957508445
12830 1 1529388 0.82978725 18.388430937193334
12831 1 1138269 0.8490566 18.261285033077
12832 1 1409145 0.84 17.75006193201989
12833 1 1296770 0.8541667 16.785801970399916
12834 1 1274804 0.84615386 17.283929977566004
12835 1 482365 0.82978725 16.931695048697293
12836 1 1284434 0.82978725 18.225450068712234
12837 1 827242 0.8490566 21.801545983180404
12838 1 2107500 0.90384614 20.312494016252458
12839 1 1511610 0.85106385 19.618483958765864
12840 1 1983183 0.8039216 20.002424949780107
12841 1 2249711 0.90697676 16.943296999670565
12842 1 2441104 0.8490566 19.734493922442198
12843 1 666741 0.84444445 17.41556392516941
12844 1 1193344 0.83928573 21.54585998505354
12845 1 1277405 1.0 15.854019904509187
12846 1 1175977 0.8076923 21.57633996102959
12847 1 1440517 0.7924528 21.339061902835965
12848 1 1457415 0.86538464 19.52432398684323
12849 1 1555125 0.8113208 19.73039493896067
12850 1 1449066 0.8039216 20.090173929929733
12851 1 1402817 0.84313726 18.151227035559714
12852 1 1798949 0.84444445 15.722972922958434
12853 1 1353382 0.8148148 17.894229968078434
12854 1 1409692 0.79591835 17.909915070049465
12855 1 1381806 0.8627451 17.10542500950396
12856 1 1572840 0.8269231 18.300083931535482
12857 1 1634463 0.87234044 16.65824803058058
12858 1 1525923 0.7826087 19.375280011445284
12859 1 1574045 0.86538464 20.557882031425834
12860 1 1619545 0.85714287 19.594017998315394
12861 1 1077793 0.8214286 20.918751950375736
12862 1 1507024 0.8703704 19.666753010824323
12863 1 867592 0.8 17.78804394416511
12864 1 2471471 0.8490566 18.073753104545176
12865 1 853778 0.88 16.71413902658969
12866 1 1532194 0.8 17.287857946939766
12867 1 1319559 0.84615386 17.489718040451407
12868 1 1163600 0.8679245 17.261742963455617
12869 1 1367347 0.81395346 15.25449298787862
12870 1 1404049 0.8113208 17.636570963077247
12871 1 988211 0.84 17.249931930564344
12872 1 898787 0.8780488 14.297739951871336
12873 1 1571000 0.877551 16.87534002121538
12874 1 555823 0.8095238 14.509693020954728
12875 1 1499769 0.84444445 18.690292024984956
12876 1 824462 0.84090906 16.206328058615327
12877 1 1108370 0.8541667 18.89448193833232
12878 1 1008026 0.8627451 17.69250095821917
12879 1 1794619 0.84444445 15.950064058415592
12880 1 1130443 0.8888889 16.018974012695253
12881 1 1667191 0.88372093 15.228713979013264
12882 1 1778657 0.8604651 13.241817010566592
12883 1 880347 0.8125 17.064467072486877
12884 1 1159461 0.8372093 14.398389961570501
12885 1 1532105 0.8333333 17.043118015863
12886 1 1521222 0.8269231 16.95907104294747
12887 1 1465495 0.8604651 15.504790935665369
12888 1 1429241 0.84444445 15.841507003642619
12889 1 1217234 0.8 15.635658986866474
12890 1 2470422 0.87234044 15.78563405200839
12891 1 1310730 0.82222223 16.092267003841698
12892 1 119466 0.80851066 16.691513010300696
12893 1 2073603 0.8181818 16.61794097162783
12894 1 733994 0.8541667 17.537523992359638
12895 1 2063158 0.82222223 16.88886701595038
12896 1 1034590 0.86 17.632275936193764
12897 1 1263411 0.8363636 18.009919906035066
12898 1 1108370 0.87234044 16.860718955285847
12899 1 1255242 0.8269231 17.636201926507056
12900 1 1423759 0.81632656 17.29224598966539
12901 1 1159607 0.8333333 15.913860057480633
12902 1 2278001 0.84313726 17.271905089728534
12903 1 863520 0.94871795 11.63954590447247
12904 1 1629429 0.875 15.477724024094641
12905 1 1532807 0.8039216 17.951362999156117
12906 1 1479351 0.8 15.902495011687279
12907 1 822523 0.8 15.774574014358222
12908 1 1295308 0.84782606 16.20757603086531
12909 1 1170763 0.82978725 15.984458033926785
12910 1 1377057 0.82 19.067476969212294
12911 1 235864 0.8545455 18.530810019001365
12912 1 350039 0.85714287 17.447008984163404
12913 1 1385298 0.8043478 16.42044703476131
12914 1 2409850 0.8269231 17.80074799899012
12915 1 1562941 0.8235294 18.50693195592612
12916 1 1193475 0.9130435 15.486579039134085
12917 1 1826937 0.84444445 14.539306052029133
12918 1 1422740 0.82222223 16.179066034965217
12919 1 1169501 0.8627451 16.970659024082124
12920 1 1013182 0.85714287 14.074339997023344
12921 1 1513356 0.88095236 13.973386026918888
12922 1 1415218 0.84615386 16.918148030526936
12923 1 1748925 0.8181818 15.201925998553634
12924 1 1963117 0.82051283 13.052779017016292
12925 1 1197417 0.8666667 16.081057023257017
12926 1 1052600 0.9111111 14.814201975241303
12927 1 1571584 0.85714287 14.16209910530597
12928 1 1888397 0.79545456 17.05263799522072
12929 1 1562832 0.82222223 17.45906099677086
12930 1 1500267 0.85106385 16.390628996305168
12931 1 1614168 0.82222223 16.819245996885
12932 1 26923 0.86 17.802275018766522
12933 1 2091595 0.8695652 15.779968001879752
12934 1 1069698 0.875 16.917059081606567
12935 1 1655679 0.82222223 16.120293061248958
12936 1 1558067 0.8235294 17.999600968323648
12937 1 1607422 0.8367347 16.064150957390666
12938 1 1555981 0.8269231 17.389288055710495
12939 1 1595812 0.89361703 15.719602932222188
12940 1 1418450 0.8541667 16.471580020152032
12941 1 1610396 0.84090906 16.213890979997814
12942 1 1420885 0.8125 17.152147949673235
12943 1 1481226 0.8148148 17.591466894373298
12944 1 2044404 0.8367347 17.003574990667403
12945 1 350039 0.877551 18.39512202423066
12946 1 1068623 0.84 17.868975992314517
12947 1 1299888 0.8125 18.49435199983418
12948 1 1569235 0.84313726 17.542424029670656
12949 1 1143043 0.8367347 17.2656390350312
12950 1 1601661 0.79545456 15.822803950868547
12951 1 2059148 0.84313726 17.089747940190136
12952 1 1065206 0.8372093 13.629495981149375
12953 1 1068267 0.8269231 18.30779097508639
12954 1 1100132 0.86 17.05795805901289
12955 1 654659 0.8181818 14.876928995363414
12956 1 837802 0.84090906 15.55783802177757
12957 1 189457 0.79545456 16.63193106651306
12958 1 1473011 0.8333333 15.689469058997929
12959 1 1030447 0.8103448 17.825349001213908
12960 1 1449988 0.8113208 17.687660991214216
12961 1 1420984 0.82 18.0449920007959
12962 1 1134695 0.85714287 18.71236797887832
12963 1 1613940 0.8301887 18.95840698853135
12964 1 1097205 0.84615386 18.326599965803325
12965 1 1093107 0.8604651 15.987391001544893
12966 1 1528987 0.81632656 17.54341903142631
12967 1 1431568 0.8043478 15.24297904688865
12968 1 1228284 0.875 16.592234023846686
12969 1 1014350 0.84313726 18.049909034743905
12970 1 1011017 0.87234044 15.67785907536745
12971 1 1621507 0.8039216 17.716845963150263
12972 1 1103799 0.86 16.973181045614183
12973 1 1121670 0.8333333 16.95047493558377
12974 1 769034 0.8888889 14.482328901067376
12975 1 1121048 0.8490566 17.173354979604483
12976 1 1213620 0.8076923 17.16831198427826
12977 1 1266028 0.8125 17.324957996606827
12978 1 1938273 0.82 18.08653201442212
12979 1 1412506 0.89361703 16.96953398641199
12980 1 1167104 0.82608694 17.149065039120615
12981 1 1343820 0.84313726 17.85637706052512
12982 1 1418988 0.79545456 17.035501077771187
12983 1 200109 0.875 16.886380966752768
12984 1 1298035 0.82 17.213179962709546
12985 1 772026 0.8269231 17.505715019069612
12986 1 1517095 0.84313726 17.643331899307668
12987 1 2090060 0.80487806 15.908703906461596
12988 1 1527317 0.84313726 17.469372018240392
12989 1 1591233 0.84313726 17.439670977182686
12990 1 1187360 0.82222223 16.015158966183662
12991 1 2087660 0.88 16.97413099464029
12992 1 1435144 0.9111111 14.699546038173139
12993 1 1276882 0.875 13.928018044680357
12994 1 1005933 0.82608694 15.942616970278323
12995 1 2087617 0.8695652 15.301998006179929
12996 1 1543149 0.8666667 17.82082999125123
12997 1 1149772 0.86 16.63113699760288
12998 1 2398142 0.8113208 18.120835069566965
12999 1 56642 0.8333333 18.024884979240596
13000 1 1410752 0.85106385 16.6074950248003
13001 1 1802926 0.84 17.249183962121606
13002 1 2013298 0.85106385 15.837298007681966
13003 1 1435091 0.8043478 16.31948701106012
13004 1 1626126 0.8 15.619268990121782
13005 1 374416 0.8269231 17.945860978215933
13006 1 1064728 0.8333333 16.658517066389322
13007 1 835889 0.8333333 17.338888021185994
13008 1 1620688 0.82608694 16.578731941990554
13009 1 1450226 0.8333333 17.100982018746436
13010 1 1088200 0.82 17.94160099234432
13011 1 669801 0.78571427 14.480862068012357
13012 1 2130626 0.79591835 19.866382936015725
13013 1 1162942 0.8333333 19.16498295031488
13014 1 1608267 0.8181818 19.35459196101874
13015 1 1081095 0.85714287 17.882068059407175
13016 1 1152119 0.8095238 15.623187995515764
13017 1 1128978 0.8148148 17.921329010277987
13018 1 1638864 0.8113208 18.076470005325973
13019 1 603925 0.8125 17.19918695744127
13020 1 1465944 0.81395346 16.045314958319068
13021 1 1034519 0.8235294 17.674227012321353
13022 1 439531 0.8269231 17.658440046943724
13023 1 1052600 0.8367347 16.823778045363724
13024 1 836167 0.8148148 17.958784010261297
13025 1 1260388 0.8666667 15.567880007438362
13026 1 1171524 0.8076923 17.66049093566835
13027 1 1958828 0.80851066 18.700493033975363
13028 1 1080171 0.8636364 16.1072569899261
13029 1 1410773 0.82 18.326001008972526
13030 1 631211 0.8363636 18.406198010779917
13031 1 1235354 0.8863636 15.677043935284019
13032 1 1433338 0.84615386 17.740753013640642
13033 1 1664456 0.81395346 15.632644994184375
13034 1 1195886 0.8913044 16.1978768883273
13035 1 1611129 0.8181818 13.35301308427006
13036 1 1352325 0.82222223 16.048792051151395
13037 1 1016155 0.84 17.241866909898818
13038 1 1272754 0.8372093 16.07798191253096
13039 1 1051881 0.8 17.279108986258507
13040 1 1473813 0.85106385 16.472333925776184
13041 1 1948846 0.8181818 17.60505302809179
13042 1 1676665 0.8301887 17.698280978947878
13043 1 1634926 0.8076923 17.84342306200415
13044 1 1390170 0.8181818 15.348094049841166
13045 1 990449 0.82222223 16.231451998464763
13046 1 1187848 0.8113208 19.6313209598884
13047 1 1129794 0.8372093 15.732830041088164
13048 1 823864 0.8363636 19.319444079883397
13049 1 1257806 0.81632656 17.982137971557677
13050 1 1256595 0.87234044 16.89625100698322
13051 1 1436970 0.8076923 17.555963015183806
13052 1 1439653 0.7916667 18.040947965346277
13053 1 1664388 0.80851066 17.13623700197786
13054 1 25455 0.8181818 14.025810989551246
13055 1 2068690 0.82978725 15.885531902313232
13056 1 1010966 0.88461536 16.740184044465423
13057 1 1742529 0.8541667 15.809274977073073
13058 1 1923517 0.8235294 17.749401973560452
13059 1 1047712 0.7916667 16.566863982006907
13060 1 1061736 0.84782606 14.841316966339946
13061 1 813960 0.88235295 16.817883937619627
13062 1 2064525 0.8113208 18.892280058935285
13063 1 2073082 0.8333333 17.61329500004649
13064 1 1192209 0.82 18.045409000478685
13065 1 1519946 0.82608694 15.960571938194335
13066 1 1349529 0.8333333 17.28908997029066
13067 1 1594843 0.84782606 16.59180596470833
13068 1 2298585 0.8333333 17.078893026337028
13069 1 1193727 0.8 16.324175987392664
13070 1 1406258 0.82222223 16.116565908305347
13071 1 1609258 0.84 16.657728934660554
13072 1 2463798 0.8541667 16.811270965263247
13073 1 1623320 0.84782606 16.227017040364444
13074 1 2079121 0.8 16.248162952251732
13075 1 1430533 0.82978725 16.967817093245685
13076 1 1532240 0.8235294 16.805900959298015
13077 1 1667638 0.8518519 17.435926012694836
13078 1 2080938 0.8125 17.75756001006812
13079 1 1608873 0.84 18.45148706343025
13080 1 838748 0.7916667 17.9544739658013
13081 1 1478071 0.84313726 18.251694040372968
13082 1 2106885 0.82222223 15.357808908447623
13083 1 1623788 0.86538464 17.826901050284505
13084 1 1938273 0.81632656 17.775495070964098
13085 1 1291756 0.8148148 17.655602074228227
13086 1 1855968 0.81632656 17.185372998937964
13087 1 1734878 0.82978725 15.711188083514571
13088 1 1132702 0.88235295 16.77768607623875
13089 1 2092476 0.82 17.125342041254044
13090 1 1479203 0.8367347 16.971653909422457
13091 1 1405676 0.82222223 15.966124017722905
13092 1 144262 0.8333333 16.851139022037387
13093 1 1313690 0.8958333 16.742269974201918
13094 1 1549093 0.79545456 15.446765930391848
13095 1 1330551 0.7962963 18.90584803186357
13096 1 825043 0.86538464 18.476080964319408
13097 1 1765021 0.8235294 18.69174197781831
13098 1 1625588 0.877551 17.15880597475916
13099 1 1157715 0.8235294 17.168652033433318
13100 1 1624132 0.8333333 18.19265598896891
13101 1 1172818 0.84782606 15.916492091491818
13102 1 1961150 0.8 17.479932052083313
13103 1 969948 0.8695652 15.725299017503858
13104 1 997210 0.84 17.385708983056247
13105 1 468464 0.8125 17.158117960207164
13106 1 1021104 0.8913044 15.931323054246604
13107 1 1651432 0.8125 17.24199205636978
13108 1 1430845 0.84090906 16.19393192231655
13109 1 1072599 0.84090906 15.51674900110811
13110 1 1679590 0.8636364 15.90362610295415
13111 1 1495672 0.82608694 16.56276802532375
13112 1 789266 0.8541667 17.848034971393645
13113 1 1150559 0.87234044 17.39475899375975
13114 1 1606033 0.8666667 15.77092194929719
13115 1 2052646 0.82608694 17.30777299962938
13116 1 1174394 0.80851066 17.858975916169584
13117 1 1800107 0.8269231 18.359893001616
13118 1 1588328 0.80851066 16.279847943224013
13119 1 1132209 0.8148148 17.941728932783008
13120 1 1463864 0.84782606 15.478675020858645
13121 1 1622616 0.7906977 15.61909995507449
13122 1 1301284 0.8 17.40325102582574
13123 1 1257742 0.84 16.809015069156885
13124 1 1301201 0.8 17.947526997886598
13125 1 1338505 0.84782606 17.17212691437453
13126 1 1549093 0.79545456 15.467433026060462
13127 1 1201292 0.7916667 17.41166994906962
13128 1 1400660 0.84615386 17.383572994731367
13129 1 1969262 0.80851066 16.235752031207085
13130 1 1664861 0.8043478 18.942261929623783
13131 1 1049346 0.8541667 17.318928032182157
13132 1 1294373 0.82 18.30526697449386
13133 1 1434598 0.875 17.393925925716758
13134 1 1048513 0.877551 16.519073047675192
13135 1 1497333 0.84 17.797280102968216
13136 1 476566 0.8125 17.126723076216877
13137 1 938990 0.8235294 18.192711984738708
13138 1 1533183 0.82978725 16.312418971210718
13139 1 1626891 0.81632656 18.42489605769515
13140 1 988979 0.88372093 15.541974920779467
13141 1 1302360 0.81632656 17.88414898328483
13142 1 1270302 0.877551 16.584623022936285
13143 1 1557182 0.79591835 17.38024002406746
13144 1 1627593 0.8269231 18.117201048880816
13145 1 1172080 0.8 16.942230984568596
13146 1 1442144 0.8095238 15.703681972809136
13147 1 482806 0.8181818 16.742139006964862
13148 1 2047978 0.8235294 18.76303704921156
13149 1 516655 0.8148148 19.612427102401853
13150 1 1309572 0.8113208 19.31323390454054
13151 1 1392939 0.82608694 17.079152050428092
13152 1 653148 0.86538464 17.09480700083077
13153 1 960039 0.8333333 16.84435794595629
13154 1 1620397 0.8 17.75274204555899
13155 1 1761054 0.85714287 14.565284014679492
13156 1 1087425 0.8269231 17.58358906954527
13157 1 1095409 0.8372093 15.242636087350547
13158 1 1150998 0.86 16.576468013226986
13159 1 1364926 0.8958333 16.289546038024127
13160 1 986136 0.8333333 17.061582999303937
13161 1 1058298 0.84313726 16.922499053180218
13162 1 1755372 0.8235294 17.686164006590843
13163 1 524131 0.86538464 18.55879300273955
13164 1 1091975 0.8518519 18.75784806907177
13165 1 1157291 0.8727273 17.57922605611384
13166 1 995306 0.8545455 17.65148702543229
13167 1 1692850 0.8448276 17.029627924785018
13168 1 4693 0.8448276 17.381362966261804
13169 1 1483105 0.88135594 16.677290084771812
13170 1 846723 0.83928573 17.87024806253612
13171 1 850749 0.8039216 17.348191002383828
13172 1 1468303 0.8032787 17.672063084319234
13173 1 1514376 0.8363636 16.899561043828726
13174 1 1413326 0.8703704 17.054253024980426
13175 1 1797758 0.8333333 16.57406601589173
13176 1 1561762 0.82758623 17.165267025120556
13177 1 1667794 0.8196721 17.31748494785279
13178 1 1526779 0.8095238 17.20484404359013
13179 1 677264 0.80701756 19.022668013349175
13180 1 1031606 0.8947368 17.751501058228314
13181 1 1531837 0.8448276 17.91134907398373
13182 1 1369518 0.87931037 17.760766902938485
13183 1 1475101 0.8448276 17.96068495605141
13184 1 363797 0.8245614 19.026907975785434
13185 1 1123065 0.85 18.38748704176396
13186 1 1091190 0.86885244 30.87162203155458
13187 1 2138599 0.80701756 26.378843002021313
13188 1 1413364 0.82758623 22.567627020180225
13189 1 1745480 0.8833333 19.15908302180469
13190 1 1467464 0.84126985 19.10028199199587
13191 1 1431475 0.877193 19.422379904426634
13192 1 1427344 0.8135593 20.95887006726116
13193 1 1491933 0.852459 18.698973930440843
13194 1 1608421 0.82758623 20.413466962054372
13195 1 853238 0.80701756 24.250017013400793
13196 1 1487760 0.8596491 37.947390927001834
13197 1 1285246 0.8301887 34.77028803899884
13198 1 1435126 0.8 28.235084959305823
13199 1 1555864 0.8181818 24.340396048501134
13200 1 1046083 0.877193 21.506757009774446
13201 1 1624174 0.82758623 20.82388091366738
13202 1 1499826 0.82758623 19.385216990485787
13203 1 821659 0.83928573 18.630904029123485
13204 1 725429 0.8541667 17.829167074523866
13205 1 679821 0.88461536 18.48571398295462
13206 1 1621790 0.84745765 18.262224970385432
13207 1 1016422 0.8596491 17.782673938199878
13208 1 1534556 0.8103448 18.160594045184553
13209 1 1446461 0.859375 15.670505003072321
13210 1 1434872 0.86538464 17.538747051730752
13211 1 1396138 0.8596491 16.93718007300049
13212 1 1631317 0.8448276 17.625976004637778
13213 1 1608491 0.86885244 16.80544309783727
13214 1 1235393 0.81666666 17.14360306505114
13215 1 1097481 0.8064516 16.170218936167657
13216 1 1665722 0.8076923 17.78064703103155
13217 1 1797015 0.8333333 17.419702955521643
13218 1 1792869 0.8679245 18.113094964064658
13219 1 845027 0.82258064 16.747098066844046
13220 1 1614454 0.8125 17.772737075574696
13221 1 1242980 0.7962963 18.60287692397833
13222 1 856156 0.8518519 18.167100031860173
13223 1 1370556 0.8727273 17.20914791803807
13224 1 1523955 0.85714287 17.58609595708549
13225 1 1697447 0.84126985 16.584987984970212
13226 1 1640924 0.8363636 18.023982062004507
13227 1 1669261 0.8888889 17.306804074905813
13228 1 1419879 0.89830506 16.634369967505336
13229 1 1398534 0.8333333 17.392200999893248
13230 1 1367574 0.85714287 17.79857894871384
13231 1 1303817 0.8214286 18.710969015955925
13232 1 1975134 0.8035714 18.54535995516926
13233 1 1439396 0.8596491 18.266747007146478
13234 1 2097186 0.80701756 18.19849305320531
13235 1 1050235 0.84615386 18.327172030694783
13236 1 869169 0.87931037 17.41424493957311
13237 1 1344405 0.8360656 16.813938971608877
13238 1 1189688 0.8448276 17.711299005895853
13239 1 1398467 0.8596491 18.161458894610405
13240 1 1021507 0.86440676 17.28028291836381
13241 1 1112797 0.8032787 16.971074976027012
13242 1 1092118 0.877551 17.23581994883716
13243 1 1291798 0.8135593 19.04841302894056
13244 1 1449659 0.8363636 19.311829935759306
13245 1 1064889 0.8245614 19.384640036150813
13246 1 1128267 0.8196721 18.138526007533073
13247 1 1013604 0.8181818 18.54749897029251
13248 1 1163836 0.86538464 17.942094011232257
13249 1 1137498 0.8148148 19.533048034645617
13250 1 1600867 0.8113208 19.75986093748361
13251 1 1794542 0.8727273 17.773002036847174
13252 1 1596408 0.8103448 18.31027993466705
13253 1 818798 0.8103448 18.121291999705136
13254 1 1157291 0.84210527 16.83735998813063
13255 1 1619797 0.8148148 18.011776031926274
13256 1 1669725 0.8181818 18.465570989064872
13257 1 1649362 0.8269231 18.4868429787457
13258 1 1636728 0.8333333 17.417522962205112
13259 1 1228996 0.7966102 17.23389606922865
13260 1 150859 0.8666667 16.538052004761994
13261 1 1257065 0.8867925 17.786081065423787
13262 1 1417139 0.8148148 18.47648702096194
13263 1 1533531 0.80701756 18.084713025018573
13264 1 1037699 0.8548387 17.089494038373232
13265 1 624458 0.8545455 17.89217395707965
13266 1 592890 0.85 17.298263031989336
13267 1 1170805 0.875 18.31473200581968
13268 1 1100056 0.89285713 17.05463998951018
13269 1 1274634 0.84313726 17.71604805253446
13270 1 1171441 0.8235294 17.901870072819293
13271 1 1117340 0.8135593 17.419068957678974
13272 1 652554 0.8 18.722511013038456
13273 1 1087734 0.796875 17.288514995016158
13274 1 1296710 0.8135593 17.953563015908003
13275 1 1268366 0.8103448 17.69084297120571
13276 1 1116438 0.877193 17.750345985405147
13277 1 1060674 0.8196721 17.352881957776845
13278 1 840383 0.84210527 18.360499991104007
13279 1 1949711 0.8666667 17.289543990045786
13280 1 1075658 0.8596491 19.15524306241423
13281 1 1556897 0.8596491 17.709722043946385
13282 1 1075571 0.82258064 17.555390018969774
13283 1 1476330 0.8245614 18.576019094325602
13284 1 1008398 0.8490566 18.022218020632863
13285 1 1419844 0.88709676 16.503346036188304
13286 1 1846977 0.87931037 17.46290607843548
13287 1 1390948 0.8148148 17.871947027742863
13288 1 619092 0.8548387 17.086134059354663
13289 1 1504236 0.8035714 18.344833981245756
13290 1 2366619 0.8103448 17.82043103594333
13291 1 1403245 0.8548387 15.723743941634893
13292 1 1637588 0.8076923 18.376750987954438
13293 1 1521373 0.84615386 15.77712397556752
13294 1 1845610 0.88235295 17.31607096735388
13295 1 1265959 0.8727273 18.018712056800723
13296 1 848539 0.82258064 17.840821063145995
13297 1 1178011 0.8135593 19.053517025895417
13298 1 815305 0.8448276 18.22229300159961
13299 1 1244239 0.9122807 17.819495988078415
13300 1 1468981 0.8269231 18.48996803164482
13301 1 627690 0.8135593 17.352691967971623
13302 1 1409421 0.86538464 17.57305604405701
13303 1 1665175 0.8888889 17.46237406041473
13304 1 1274653 0.79310346 18.337421002797782
13305 1 1609814 0.8181818 17.28950103279203
13306 1 1236474 0.7962963 18.411815050058067
13307 1 997486 0.8596491 17.20030896831304
13308 1 1621790 0.84745765 17.171585001051426
13309 1 1218354 0.81666666 16.242841025814414
13310 1 1501436 0.8235294 18.252754933200777
13311 1 1616665 0.8596491 17.26211898494512
13312 1 1189921 0.83928573 18.059678026475012
13313 1 1609075 0.8245614 18.934676074422896
13314 1 1501740 0.9122807 17.240782035514712
13315 1 1205064 0.8 17.20172492787242
13316 1 1011171 0.83870965 16.445933026261628
13317 1 1511487 0.8305085 17.790567013435066
13318 1 848010 0.8181818 16.33780007250607
13319 1 1138498 0.8727273 17.94526306912303
13320 1 1502481 0.80701756 17.653936054557562
13321 1 1043842 0.877193 17.802804009988904
13322 1 14282 0.86440676 17.684058053418994
13323 1 993531 0.8666667 17.404863028787076
13324 1 1030130 0.8135593 17.464029951952398
13325 1 991666 0.8135593 18.68031604681164
13326 1 1417310 0.88461536 18.639707006514072
13327 1 1623856 0.875 17.364516970701516
13328 1 1518513 0.8196721 17.70201395265758
13329 1 1571567 0.89285713 18.662660964764655
13330 1 1195837 0.8305085 18.175514065660536
13331 1 1454463 0.8333333 17.813527956604958
13332 1 1138817 0.8135593 19.554074970073998
13333 1 1048200 0.8333333 18.25410290621221
13334 1 1633995 0.7962963 19.24554002471268
13335 1 1019343 0.877193 17.39528006874025
13336 1 1667794 0.85 17.707266961224377
13337 1 1480517 0.8148148 18.56289792340249
13338 1 1666915 0.8 17.767629004083574
13339 1 1421681 0.85714287 17.567891045473516
13340 1 1591015 0.80701756 18.223660066723824
13341 1 991174 0.8103448 18.29647400882095
13342 1 1302431 0.8490566 18.061363021843135
13343 1 971781 0.84745765 18.10757303610444
13344 1 1985723 0.87931037 17.454628949053586
13345 1 818322 0.8545455 19.274441991001368
13346 1 1296505 0.8518519 18.897792091593146
13347 1 1515991 0.8305085 17.93417998123914
13348 1 1441971 0.828125 17.314955010078847
13349 1 2334957 0.9122807 17.0920230448246
13350 1 471810 0.8360656 17.277552047744393
13351 1 1064010 0.89285713 17.38010090775788
13352 1 1214117 0.8064516 16.906908014789224
13353 1 1414941 0.8548387 17.975401016883552
13354 1 1199683 0.8448276 17.11660495493561
13355 1 1517350 0.7924528 18.70798005256802
13356 1 1395377 0.8103448 17.396070063114166
13357 1 1630811 0.83870965 17.526451963931322
13358 1 1241979 0.8596491 17.974667949602008
13359 1 1630939 0.8548387 17.812800011597574
13360 1 826085 0.8360656 17.954961047507823
13361 1 841347 0.8305085 19.53596598468721
13362 1 1844435 0.89285713 18.74217006843537
13363 1 1665005 0.79310346 18.97113095037639
13364 1 1060163 0.8032787 19.51020408887416
13365 1 645949 0.91071427 17.564268899150193
13366 1 1517027 0.9019608 17.336759949102998
13367 1 1367986 0.8627451 18.25971296057105
13368 1 982970 0.83870965 17.205420997925103
13369 1 1484762 0.8545455 17.930965987034142
13370 1 400776 0.8103448 18.561722012236714
13371 1 1153501 0.8305085 18.440406071022153
13372 1 1041210 0.86885244 16.884363954886794
13373 1 1505500 0.877193 17.709205974824727
13374 1 1331727 0.8545455 17.97578006517142
13375 1 1401200 0.87096775 16.550051048398018
13376 1 971623 0.8113208 18.558109062723815
13377 1 1128561 0.8245614 18.56253808364272
13378 1 1680098 0.8245614 18.33624893333763
13379 1 1164956 0.84745765 17.102799960412085
13380 1 1969234 0.9074074 16.99762896168977
13381 1 1447289 0.85714287 17.497624969109893
13382 1 851353 0.85 17.016915953718126
13383 1 238100 0.877193 17.308644019067287
13384 1 660212 0.8245614 17.920368001796305
13385 1 620577 0.85714287 17.72406604140997
13386 1 1130268 0.8214286 18.443273031152785
13387 1 2107283 0.84313726 17.835153033956885
13388 1 1068534 0.84745765 17.42090401239693
13389 1 1574045 0.8181818 17.984186066314578
13390 1 827789 0.8679245 17.61208102107048
13391 1 1076515 0.8 18.27350805979222
13392 1 618292 0.8095238 16.83040102943778
13393 1 1517283 0.8095238 18.335324013605714
13394 1 1663519 0.83870965 16.144881024956703
13395 1 1063665 0.83870965 16.147588030435145
13396 1 1197488 0.84210527 17.951465910300612
13397 1 1455533 0.8235294 18.30717094708234
13398 1 618780 0.9 15.316639910452068
13399 1 1680447 0.83870965 16.519336961209774
13400 1 1519188 0.8181818 17.763548996299505
13401 1 1177154 0.8545455 17.472557025030255
13402 1 1018349 0.85 17.318375990726054
13403 1 919934 0.80701756 16.74854604061693
13404 1 630878 0.8518519 17.506683012470603
13405 1 1011810 0.8208955 15.937785035930574
13406 1 1198369 0.8947368 17.072383081540465
13407 1 1181928 0.84313726 17.86926598288119
13408 1 1473962 0.8135593 17.60713302064687
13409 1 1434453 0.84745765 17.864182009361684
13410 1 462050 0.87931037 17.44482503272593
13411 1 1240062 0.8490566 17.780683003365993
13412 1 547127 0.8703704 18.09835701715201
13413 1 1106905 0.8333333 16.91625500097871
13414 1 1517205 0.8269231 18.217486096546054
13415 1 1039494 0.8909091 16.503756982274354
13416 1 1469278 0.82758623 16.511453897692263
13417 1 1574262 0.8305085 18.099533044733107
13418 1 1009480 0.86440676 17.70042604766786
13419 1 1362781 0.8032787 17.132185981608927
13420 1 1524574 0.84375 16.916253021918237
13421 1 1077599 0.84615386 19.01531999465078
13422 1 1099727 0.85 18.276684102602303
13423 1 1290536 0.8064516 19.04127304442227
13424 1 1410033 0.84375 17.5031820544973
13425 1 1354788 0.8909091 18.609936931170523
13426 1 1611456 0.85 17.13685702998191
13427 1 1409421 0.8333333 18.096462008543313
13428 1 815749 0.85714287 17.190434969961643
13429 1 861596 0.8730159 17.9766989313066
13430 1 1949114 0.8363636 19.470222992822528
13431 1 1416615 0.9074074 18.36996793281287
13432 1 1075244 0.877193 17.159702023491263
13433 1 1378514 0.877551 17.911721020936966
13434 1 192876 0.8305085 18.643488991074264
13435 1 2228925 0.82 18.08596507180482
13436 1 822961 0.8148148 17.524424009025097
13437 1 2000067 0.86885244 16.429653041996062
13438 1 1037143 0.8035714 17.960705910809338
13439 1 1981591 0.8305085 17.047479981556535
13440 1 1326795 0.84745765 17.70104991737753
13441 1 934919 0.86206895 17.802885035052896
13442 1 1628275 0.8333333 18.94008193630725
13443 1 1370556 0.8214286 18.397480947896838
13444 1 994874 0.86206895 19.373490940779448
13445 1 1125701 0.8333333 18.165119108743966
13446 1 1351755 0.875 18.562172073870897
13447 1 1301881 0.8103448 19.333607982844114
13448 1 1652742 0.8596491 18.449594033882022
13449 1 1663495 0.80701756 18.19816406350583
13450 1 1153476 0.8030303 18.60623701941222
13451 1 1160927 0.8214286 19.52745800372213
13452 1 1667742 0.86885244 16.79592696018517
13453 1 1606530 0.875 17.361958045512438
13454 1 1158007 0.84313726 18.545685918070376
13455 1 1117293 0.88235295 18.420108943246305
13456 1 1652320 0.875 18.967860960401595
13457 1 1611505 0.8301887 19.01755400467664
13458 1 1423300 0.8448276 18.497073091566563
13459 1 997467 0.8214286 18.761519924737513
13460 1 1638483 0.8196721 17.765522003173828
13461 1 1255303 0.86538464 18.693808931857347
13462 1 1653969 0.8545455 18.257895950227976
13463 1 1187438 0.78688526 17.278523067943752
13464 1 971623 0.8113208 18.322215997613966
13465 1 2053004 0.8181818 17.22923095803708
13466 1 1165920 0.8181818 17.955079907551408
13467 1 1092389 0.84126985 15.963769983500242
13468 1 1454867 0.79310346 18.181189079768956
13469 1 1557234 0.9074074 17.32203597202897
13470 1 1572158 0.9137931 17.395691014826298
13471 1 1394278 0.875 17.31165300589055
13472 1 1029465 0.8833333 16.34989702142775
13473 1 1340406 0.8035714 19.298676983453333
13474 1 554488 0.8196721 18.32197094336152
13475 1 1740851 0.8703704 18.74567905906588
13476 1 1351585 0.9 18.315503955818713
13477 1 619209 0.8245614 19.285953952930868
13478 1 1435597 0.8448276 18.250663997605443
13479 1 1096231 0.85714287 18.029012950137258
13480 1 1691362 0.8490566 18.620810005813837
13481 1 1575712 0.8596491 17.94620102737099
13482 1 1154366 0.84210527 17.895334982313216
13483 1 986609 0.8333333 20.187378977425396
13484 1 1039509 0.8888889 17.785352072678506
13485 1 397186 0.84745765 18.721409956924617
13486 1 852936 0.8148148 18.250316032208502
13487 1 331006 0.8545455 19.28360795136541
13488 1 1844597 0.8095238 15.883020940236747
13489 1 1117964 0.84210527 19.648688030429184
13490 1 813123 0.86440676 17.709299107082188
13491 1 862478 0.8113208 18.94432900007814
13492 1 1069698 0.8076923 19.060393096879125
13493 1 1445702 0.8035714 18.554982962086797
13494 1 1129902 0.852459 17.86155696026981
13495 1 1281178 0.8518519 17.903188010677695
13496 1 1297915 0.84745765 17.706101993098855
13497 1 1985930 0.8360656 16.851039952598512
13498 1 1062161 0.8196721 17.30801595840603
13499 1 1052100 0.8196721 17.275476013310254
13500 1 1147285 0.84745765 17.408007057383657
13501 1 1172916 0.8833333 16.883473028428853
13502 1 674928 0.82539684 18.43258400913328
13503 1 1063799 0.8181818 18.0901859421283
13504 1 1154470 0.8113208 19.020189996808767
13505 1 1068660 0.84615386 18.697908031754196
13506 1 681400 0.8833333 17.41351094096899
13507 1 1202287 0.82758623 17.983423080295324
13508 1 1611247 0.8269231 18.73249001801014
13509 1 1186846 0.86885244 18.809752073138952
13510 1 1204181 0.84210527 20.314302993938327
13511 1 282172 0.8490566 22.703006980009377
13512 1 1480272 0.86885244 20.756467012688518
13513 1 1063153 0.82258064 21.007381030358374
13514 1 1669576 0.8833333 21.164242993108928
13515 1 1491959 0.90384614 20.093573024496436
13516 1 1632575 0.84745765 20.651542930863798
13517 1 1157080 0.88135594 18.832850037142634
13518 1 978575 0.8333333 18.35677691269666
13519 1 1086144 0.84375 18.178011057898402
13520 1 1345395 0.84615386 18.561439937911928
13521 1 881547 0.8196721 18.34795903414488
13522 1 1216376 0.8490566 18.673353013582528
13523 1 1168739 0.8548387 17.001828993670642
13524 1 1199537 0.82258064 16.739637940190732
13525 1 482918 0.8727273 17.66732695978135
13526 1 1091463 0.85 17.912506009452045
13527 1 1108325 0.90163934 17.120895092375576
13528 1 1090760 0.8888889 17.576580052264035
13529 1 1402942 0.8448276 17.96227297745645
13530 1 1256250 0.85714287 19.338215002790093
13531 1 1561762 0.8448276 17.510509002022445
13532 1 1116412 0.88135594 16.866346006281674
13533 1 1190916 0.8245614 17.413649009540677
13534 1 1667073 0.8113208 18.917378969490528
13535 1 1001495 0.81666666 19.262202084064484
13536 1 623581 0.9074074 18.834458896890283
13537 1 2082890 0.8245614 17.57337199524045
13538 1 1000106 0.82539684 16.965508926659822
13539 1 1666728 0.8214286 17.760776914656162
13540 1 1023616 0.8363636 18.229046021588147
13541 1 1045218 0.85 17.506747972220182
13542 1 1053456 0.8196721 17.153082066215575
13543 1 1524756 0.8363636 17.817962914705276
13544 1 1625891 0.8301887 19.187706988304853
13545 1 1283624 0.8448276 17.7905079908669
13546 1 1469286 0.8363636 18.038269015960395
13547 1 1470861 0.8181818 17.733564949594438
13548 1 1118312 0.8181818 19.02639993932098
13549 1 1150649 0.877193 18.261278048157692
13550 1 1602237 0.8518519 18.94151500891894
13551 1 796605 0.8235294 18.69459100998938
13552 1 643645 0.8301887 19.303965964354575
13553 1 1499316 0.91071427 17.4512310186401
13554 1 1696024 0.852459 15.603125095367432
13555 1 1638491 0.8032787 17.905327025800943
13556 1 1198435 0.9245283 17.297990969382226
13557 1 1508154 0.86 17.6159399561584
13558 1 1194459 0.875 17.19688205048442
13559 1 1561691 0.8103448 18.165277084335685
13560 1 1548508 0.8035714 18.434645957313478
13561 1 1257794 0.8333333 17.21333898603916
13562 1 1312350 0.8301887 18.267453066073358
13563 1 1446797 0.83870965 17.008544062264264
13564 1 1266779 0.8181818 18.05655111093074
13565 1 1618666 0.8103448 17.338698962703347
13566 1 1565292 0.8269231 17.823508009314537
13567 1 1476641 0.8333333 18.50553590338677
13568 1 834043 0.87931037 17.55304995458573
13569 1 1175951 0.9 17.250458942726254
13570 1 2093136 0.86538464 18.88764393515885
13571 1 1508230 0.86885244 15.620034071616828
13572 1 1570430 0.83076924 17.40529900416732
13573 1 1518513 0.8196721 16.516385949216783
13574 1 594904 0.8333333 16.965111019089818
13575 1 2407538 0.83928573 17.978473915718496
13576 1 1195176 0.80701756 18.462680047377944
13577 1 1235850 0.88461536 17.57204602472484
13578 1 1530 0.8245614 17.52230094280094
13579 1 1167497 0.8548387 16.516527975909412
13580 1 1523233 0.8245614 18.258178024552763
13581 1 677264 0.8214286 18.652806989848614
13582 1 1523702 0.86538464 17.525508999824524
13583 1 994791 0.7903226 18.95569800399244
13584 1 1527322 0.82758623 18.701174994930625
13585 1 1120861 0.8035714 19.412901951000094
13586 1 1284560 0.8852459 17.59101392235607
13587 1 657707 0.86 18.492982955649495
13588 1 1433016 0.85714287 18.151636002585292
13589 1 1614622 0.8064516 16.64343208540231
13590 1 1335636 0.87096775 17.3098350642249
13591 1 1211158 0.84615386 19.37867293599993
13592 1 1170149 0.8148148 19.383506034500897
13593 1 1614488 0.8235294 18.143154913559556
13594 1 1193112 0.8666667 17.37916306592524
13595 1 1801745 0.8103448 18.42192211188376
13596 1 1190286 0.8448276 18.236738978885114
13597 1 1118104 0.8135593 18.05116795003414
13598 1 1533411 0.8545455 19.683939986862242
13599 1 1975287 0.8301887 19.312351010739803
13600 1 1468571 0.8360656 18.04104505572468
13601 1 1336261 0.8518519 18.92380404751748
13602 1 977883 0.84210527 19.168174942024052
13603 1 1559600 0.83928573 18.419482046738267
13604 1 1401920 0.84745765 18.311125924810767
13605 1 14282 0.8333333 17.890244023874402
13606 1 987801 0.8135593 17.91991898790002
13607 1 1461097 0.8245614 18.466703942976892
13608 1 1367819 0.8448276 19.364304025657475
13609 1 1521485 0.8135593 17.420721938833594
13610 1 806762 0.80701756 18.56360991951078
13611 1 1423337 0.81666666 17.17912801541388
13612 1 1127640 0.8135593 16.780234058387578
13613 1 1602334 0.8596491 17.21146807540208
13614 1 1439209 0.8727273 18.419904983602464
13615 1 1594419 0.8135593 22.04365807119757
13616 1 1353965 0.86440676 20.79180092550814
13617 1 981960 0.89285713 21.32933505345136
13618 1 1296736 0.8596491 21.789866033941507
13619 1 1853278 0.8333333 22.17508398462087
13620 1 1415298 0.83928573 21.608301089145243
13621 1 1288769 0.8035714 22.465844987891614
13622 1 1796787 0.8214286 22.543895058333874
13623 1 1792900 0.8245614 22.426996962167323
13624 1 1016051 0.8301887 22.83500204794109
13625 1 1551201 0.8333333 18.161429092288017
13626 1 1445233 0.82758623 18.49453104659915
13627 1 1199613 0.8245614 20.590330008417368
13628 1 696267 0.85714287 19.519661087542772
13629 1 1724348 0.8333333 18.37507402524352
13630 1 1592242 0.8333333 21.021788008511066
13631 1 1248594 0.877551 18.710475997067988
13632 1 1055850 0.8333333 18.38173798751086
13633 1 378193 0.8730159 16.574472072534263
13634 1 1609342 0.8448276 19.07797099556774
13635 1 1797784 0.8032787 18.173952004872262
13636 1 1020984 0.8666667 17.156126094050705
13637 1 1121931 0.8888889 17.363561084493995
13638 1 1502979 0.8703704 18.071362050250173
13639 1 1409610 0.8035714 17.99500803463161
13640 1 1703345 0.8548387 16.61153498571366
13641 1 213954 0.8245614 17.49350200407207
13642 1 1129310 0.8545455 17.686164937913418
13643 1 1139587 0.84615386 18.952970975078642
13644 1 836209 0.82758623 18.698605941608548
13645 1 1474872 0.8196721 18.064266070723534
13646 1 1486209 0.8305085 17.732742009684443
13647 1 1018220 0.8088235 16.957089072093368
13648 1 1050135 0.8448276 17.892320989631116
13649 1 1544617 0.8148148 18.19039194379002
13650 1 1413027 0.852459 16.112383105792105
13651 1 1107998 0.877193 17.629978945478797
13652 1 1155091 0.80701756 19.51200095936656
13653 1 1275201 0.8596491 18.523019971325994
13654 1 1424390 0.8518519 19.20864498242736
13655 1 1558934 0.8148148 18.658359069377184
13656 1 998220 0.8596491 19.123898935504258
13657 1 1300484 0.8888889 18.489738926291466
13658 1 1422969 0.9019608 18.97402503527701
13659 1 1317750 0.86885244 17.28268200531602
13660 1 1480146 0.8 19.455219036899507
13661 1 361491 0.82758623 18.982000998221338
13662 1 1517283 0.85 18.29839893616736
13663 1 1576639 0.8103448 18.99133692495525
13664 1 1138517 0.84126985 15.256382059305906
13665 1 1415072 0.8955224 14.401679043658078
13666 1 1116258 0.8088235 13.048729975707829
13667 1 719540 0.8888889 17.347772023640573
13668 1 1349281 0.8125 16.47668599616736
13669 1 1020980 0.83076924 15.669412910938263
13670 1 991576 0.84615386 16.544830054044724
13671 1 1189668 0.7941176 13.972839107736945
13672 1 1559243 0.8787879 14.997889986261725
13673 1 1492503 0.8730159 15.765564981848001
13674 1 1840760 0.8125 15.857170918025076
13675 1 1953562 0.875 13.571158982813358
13676 1 1167644 0.87142855 14.496974996291101
13677 1 1097877 0.8787879 14.088421943597496
13678 1 1468698 0.84126985 15.984955010935664
13679 1 1401666 0.8 16.784770996309817
13680 1 1476169 0.9032258 15.570908901281655
13681 1 1416960 0.8548387 16.319700982421637
13682 1 1053255 0.8769231 16.22351899277419
13683 1 1560050 0.82608694 15.039727091789246
13684 1 1154392 0.84375 16.778546036221087
13685 1 1039509 0.8115942 14.590044971555471
13686 1 1176263 0.86764705 13.837786042131484
13687 1 1484426 0.80597013 16.346470918506384
13688 1 1057210 0.8356164 12.797349016182125
13689 1 1806355 0.859375 15.019846963696182
13690 1 1172365 0.828125 14.363252092152834
13691 1 719469 0.8208955 15.166611992754042
13692 1 1419048 0.8153846 16.683196066878736
13693 1 1460990 0.8309859 14.297936926595867
13694 1 1618792 0.828125 16.547390958294272
13695 1 1512195 0.7903226 17.9546179715544
13696 1 2474566 0.85915494 13.434814056381583
13697 1 326694 0.8 17.981064971536398
13698 1 1090670 0.8 16.221201978623867
13699 1 1073294 0.8358209 16.282032011076808
13700 1 1085976 0.8939394 16.053315019235015
13701 1 1474914 0.8695652 14.226965024136007
13702 1 1048773 0.84615386 14.573805965483189
13703 1 1187116 0.82539684 16.127225011587143
13704 1 1465476 0.82258064 17.369201057590544
13705 1 535393 0.84615386 16.925719915889204
13706 1 1146217 0.8548387 17.04696600791067
13707 1 1443352 0.84745765 17.437773989513516
13708 1 1437269 0.88235295 14.148285961709917
13709 1 1059504 0.8730159 16.939516994170845
13710 1 1949368 0.8548387 17.803704016841948
13711 1 1406791 0.8153846 15.217200969345868
13712 1 1173569 0.8032787 17.591070965863764
13713 1 1437868 0.8208955 13.80464993417263
13714 1 1633355 0.8360656 17.925348016433418
13715 1 1621336 0.875 16.443533007986844
13716 1 1102706 0.84375 16.515544964931905
13717 1 464827 0.8787879 14.149045920930803
13718 1 1040067 0.9047619 14.392778044566512
13719 1 1465717 0.8484849 16.085932031273842
13720 1 1264852 0.8405797 14.83560400083661
13721 1 1092268 0.91803277 15.67653298843652
13722 1 1594355 0.828125 16.352609964087605
13723 1 1120766 0.85294116 13.608793960884213
13724 1 1192192 0.8787879 14.597928035072982
13725 1 1519984 0.86567163 14.441754901781678
13726 1 1038773 0.7910448 14.181660953909159
13727 1 1580922 0.828125 16.662397072650492
13728 1 583996 0.8939394 15.048172906972468
13729 1 1444448 0.8358209 14.54724499490112
13730 1 1427345 0.852459 17.50696694944054
13731 1 1580922 0.8888889 15.993606997653842
13732 1 1201603 0.8028169 15.433780034072697
13733 1 987123 0.8309859 14.838845003396273
13734 1 1436224 0.8730159 15.149030019529164
13735 1 990573 0.79710144 16.065191011875868
13736 1 1368416 0.8333333 15.560152009129524
13737 1 1162066 0.8088235 17.32817094307393
13738 1 1018762 0.8169014 12.454780051484704
13739 1 1267278 0.85714287 15.891849994659424
13740 1 1486213 0.8181818 15.835640951991081
13741 1 1033519 0.8194444 12.404658948071301
13742 1 1005203 0.8852459 15.09796199388802
13743 1 1628207 0.83076924 13.555557001382113
13744 1 1549530 0.828125 15.377952950075269
13745 1 1510056 0.859375 15.823502908460796
13746 1 719469 0.8333333 15.305988024920225
13747 1 1943211 0.84615386 16.019718954339623
13748 1 719540 0.84615386 16.236769035458565
13749 1 1189668 0.8181818 15.181876020506024
13750 1 937501 0.8695652 13.580944971181452
13751 1 1567077 0.8636364 15.490574995055795
13752 1 1090082 0.85714287 15.40453196503222
13753 1 1559685 0.8030303 14.456719043664634
13754 1 1459174 0.8115942 13.928572996519506
13755 1 1484908 0.8088235 15.129521023482084
13756 1 1024408 0.86153847 16.29202999174595
13757 1 1094266 0.80597013 16.43519999925047
13758 1 714554 0.8 15.813350910320878
13759 1 915935 0.8448276 16.482655075378716
13760 1 719540 0.8208955 14.976723003201187
13761 1 1028464 0.8888889 15.632780035957694
13762 1 1430146 0.8333333 15.615620068274438
13763 1 1624856 0.83076924 16.616573091596365
13764 1 1079203 0.78571427 15.245359973050654
13765 1 1486805 0.8484849 15.200698981061578
13766 1 265610 0.8852459 15.974550973623991
13767 1 1078289 0.8088235 15.473559964448214
13768 1 1295466 0.85507244 13.730400009080768
13769 1 1308886 0.8181818 14.957653940655291
13770 1 1745059 0.8235294 16.219150042161345
13771 1 1151117 0.8169014 15.367423999123275
13772 1 1426144 0.8769231 16.15484699141234
13773 1 1469089 0.87096775 15.427105012349784
13774 1 1336746 0.86764705 13.826631009578705
13775 1 1707237 0.85714287 13.247456983663142
13776 1 695062 0.8208955 14.731177943758667
13777 1 1553216 0.82857144 13.768781092949212
13778 1 1649418 0.8 15.674670925363898
13779 1 1988701 0.88235295 15.125461970455945
13780 1 1469951 0.8095238 17.736891051754355
13781 1 1968741 0.8088235 15.350837027654052
13782 1 1559001 0.859375 17.63865805696696
13783 1 1201173 0.8888889 16.416455036960542
13784 1 504156 0.8507463 15.199632034637034
13785 1 1266123 0.8428571 15.854158904403448
13786 1 979034 0.8333333 20.166813977994025
13787 1 821020 0.88709676 19.26347508560866
13788 1 939828 0.83076924 19.475079025141895
13789 1 1160813 0.8939394 16.76474406849593
13790 1 864895 0.8108108 16.685154056176543
13791 1 1286215 0.87096775 19.67525901272893
13792 1 488710 0.8142857 18.386579933576286
13793 1 1629306 0.852459 20.526779000647366
13794 1 621246 0.8852459 20.22423699963838
13795 1 824868 0.8333333 18.120723078027368
13796 1 1618896 0.8358209 19.62801697663963
13797 1 1013891 0.8507463 18.095058971084654
13798 1 853842 0.86153847 18.155799014493823
13799 1 1430149 0.82258064 19.178414018824697
13800 1 1176263 0.90909094 16.386487986892462
13801 1 619716 0.87096775 19.967165077105165
13802 1 1436588 0.87142855 16.842243960127234
13803 1 1123026 0.8115942 17.681865952908993
13804 1 683619 0.828125 20.791596034541726
13805 1 1003458 0.8695652 15.590549912303686
13806 1 1148375 0.82608694 16.621860093437135
13807 1 1408721 0.890625 19.546970957890153
13808 1 1147344 0.88235295 17.37980800680816
13809 1 636159 0.8955224 15.29160502832383
13810 1 843745 0.875 18.942140974104404
13811 1 1081147 0.84931505 14.692901982925832
13812 1 419263 0.89705884 17.222002963535488
13813 1 1107027 0.8769231 17.51819998025894
13814 1 1472548 0.8125 18.768981099128723
13815 1 1062692 0.8852459 18.91468302346766
13816 1 1174877 0.85294116 16.795890987850726
13817 1 668803 0.9047619 20.310048013925552
13818 1 1241903 0.859375 20.398027962073684
13819 1 1189392 0.8783784 15.319205005653203
13820 1 1257737 0.875 19.785902928560972
13821 1 1096909 0.8030303 19.310819916427135
13822 1 1037557 0.84615386 20.04425402265042
13823 1 1976516 0.84375 19.72315600141883
13824 1 988633 0.83076924 19.67126305680722
13825 1 1402788 0.8428571 17.45958102401346
13826 1 999837 0.859375 19.130904925987124
13827 1 1164122 0.8030303 17.733859014697373
13828 1 837494 0.82857144 16.6625709971413
13829 1 1077098 0.87096775 19.75963602308184
13830 1 813120 0.84375 20.566782099194825
13831 1 1000758 0.83870965 19.282904104329646
13832 1 1037557 0.8358209 17.983465921133757
13833 1 1375477 0.8769231 19.8411310557276
13834 1 1034489 0.852459 21.584096015430987
13835 1 7213 0.8358209 18.345133983530104
13836 1 435307 0.86885244 21.145033068023622
13837 1 1003174 0.8358209 20.674349972978234
13838 1 1483767 0.852459 21.011284086853266
13839 1 1015558 0.9166667 19.73287493456155
13840 1 1441255 0.82258064 19.955183030106127
13841 1 987476 0.8208955 17.37796503584832
13842 1 1069948 0.8309859 16.006397898308933
13843 1 837815 0.8125 20.084470976144075
13844 1 1447897 0.85507244 16.157382051460445
13845 1 1454647 0.86153847 20.00178606249392
13846 1 1075335 0.8730159 22.22010598052293
13847 1 1664254 0.86567163 18.93136801663786
13848 1 1361434 0.85 21.830586018040776
13849 1 1310061 0.79710144 20.08878707420081
13850 1 998447 0.84126985 20.809116889722645
13851 1 1047170 0.83076924 20.553751033730805
13852 1 1615914 0.8088235 18.997868988662958
13853 1 1077231 0.8142857 18.23935192078352
13854 1 1180420 0.8153846 21.17209997959435
13855 1 1154449 0.85294116 17.989611020311713
13856 1 1986158 0.8142857 16.771203954704106
13857 1 2328229 0.8507463 17.631956026889384
13858 1 1014974 0.8333333 19.26619093865156
13859 1 679943 0.884058 16.604428994469345
13860 1 1049670 0.84615386 20.990528049878776
13861 1 1097163 0.9032258 20.220082020387053
13862 1 1518958 0.8358209 16.929857898503542
13863 1 1852387 0.83076924 20.90969600249082
13864 1 1282389 0.890625 20.755329984240234
13865 1 1204156 0.8309859 16.068871947936714
13866 1 1441255 0.82258064 21.312384982593358
13867 1 1794332 0.82608694 18.901546020060778
13868 1 1044002 0.8507463 18.791291979141533
13869 1 1507909 0.84615386 18.07294797617942
13870 1 1552983 0.8196721 22.26344496011734
13871 1 1013891 0.86153847 20.138376974500716
13872 1 1789677 0.82608694 16.860932926647365
13873 1 1094830 0.8405797 17.16701907571405
13874 1 1461363 0.8955224 19.626850029453635
13875 1 1980699 0.8730159 18.66690698079765
13876 1 1927022 0.8548387 20.90394904371351
13877 1 1369021 0.8448276 22.381404065527022
13878 1 1965511 0.8852459 21.22714091092348
13879 1 1436938 0.8360656 21.212603081949055
13880 1 1191321 0.82258064 20.943308947607875
13881 1 723610 0.84615386 18.41759996023029
13882 1 1254517 0.82258064 20.644278964027762
13883 1 1301787 0.8169014 19.3208729615435
13884 1 1438553 0.8888889 19.00952507276088
13885 1 1442498 0.8548387 19.966118969023228
13886 1 1434594 0.8360656 20.580750075168908
13887 1 1518053 0.84126985 20.70576697587967
13888 1 1436637 0.8939394 17.560053034685552
13889 1 1135207 0.80597013 18.011018983088434
13890 1 1663642 0.80597013 18.921387032605708
13891 1 1015334 0.8 20.863604033365846
13892 1 1058659 0.8030303 19.479828071780503
13893 1 1639406 0.8142857 16.080742934718728
13894 1 1521075 0.8955224 17.7207060623914
13895 1 224776 0.81333333 18.498610006645322
13896 1 1608291 0.8873239 15.661171986721456
13897 1 1105756 0.82608694 17.867374001070857
13898 1 1187081 0.90163934 20.261236000806093
13899 1 1520521 0.83870965 21.145559032447636
13900 1 1475847 0.84615386 18.189182970672846
13901 1 1631506 0.8695652 18.717663013376296
13902 1 1561951 0.84126985 20.094377920031548
13903 1 1484127 0.84375 20.370773039758205
13904 1 1159210 0.8208955 20.18628502264619
13905 1 1084691 0.8358209 18.212908995337784
13906 1 1654110 0.82539684 20.46431601047516
13907 1 1083342 0.8181818 19.483981071971357
13908 1 1005475 0.8030303 19.364188075996935
13909 1 1049972 0.8358209 19.993891939520836
13910 1 1794332 0.8235294 18.385707982815802
13911 1 1018811 0.82539684 21.52641606517136
13912 1 2128984 0.8695652 15.860312967561185
13913 1 1875149 0.87096775 19.909781054593623
13914 1 265610 0.8852459 20.257708034478128
13915 1 1402788 0.875 14.122375985607505
13916 1 1479251 0.85714287 19.96225002221763
13917 1 1864426 0.82608694 17.610177979804575
13918 1 1135207 0.84375 19.245412084273994
13919 1 1026310 0.8636364 18.572836997918785
13920 1 869781 0.8088235 16.659187036566436
13921 1 413700 0.8873239 15.226042014546692
13922 1 1410004 0.8382353 19.31427395902574
13923 1 1486177 0.8405797 17.9388610413298
13924 1 1398201 0.8939394 18.08247494045645
13925 1 1183125 0.884058 15.70651400834322
13926 1 1570307 0.82608694 16.727184993214905
13927 1 650709 0.859375 18.344039097428322
13928 1 1495910 0.85507244 17.587646027095616
13929 1 1596379 0.8064516 21.295570069923997
13930 1 1648494 0.8730159 19.918621983379126
13931 1 1162201 0.85714287 16.904564923606813
13932 1 1448065 0.8095238 20.028926082886755
13933 1 1056724 0.8787879 17.365114064887166
13934 1 151548 0.9166667 19.101563026197255
13935 1 2345881 0.86885244 21.039222017861903
13936 1 1080063 0.8450704 16.787942964583635
13937 1 1468281 0.8088235 17.694061039946973
13938 1 1138636 0.8484849 18.578512012027204
13939 1 994929 0.83870965 19.932817085646093
13940 1 1466295 0.84615386 19.959214027039707
13941 1 997991 0.82608694 18.470444018021226
13942 1 1857740 0.8666667 19.974668975919485
13943 1 1666796 0.8169014 18.732208060100675
13944 1 1456859 0.85294116 19.206152064725757
13945 1 1019749 0.7916667 17.649473971687257
13946 1 1314390 0.8695652 16.241532051935792
13947 1 699828 0.85294116 16.353067941963673
13948 1 1020382 0.8125 20.210508024320006
13949 1 1654218 0.8888889 18.295231042429805
13950 1 1382647 0.83870965 20.16300696413964
13951 1 521908 0.87096775 19.637780962511897
13952 1 820435 0.84931505 15.909499023109674
13953 1 1119669 0.8 20.072850049473345
13954 1 1194606 0.8088235 19.48123110923916
13955 1 1627521 0.87323946 17.012223950587213
13956 1 1066279 0.8472222 14.66054399497807
13957 1 695062 0.8888889 19.12574900779873
13958 1 1118729 0.8695652 16.30181889049709
13959 1 1177297 0.8333333 20.527109038084745
13960 1 1493734 0.82857144 15.448828926309943
13961 1 1184389 0.8787879 17.155384994111955
13962 1 1814864 0.8923077 17.295552068389952
13963 1 1039252 0.8769231 18.180271959863603
13964 1 1457030 0.880597 17.480564070865512
13965 1 1214029 0.80597013 18.59491190407425
13966 1 394469 0.8181818 18.6861390247941
13967 1 1189392 0.85333335 15.449685975909233
13968 1 151548 0.91803277 19.929821020923555
13969 1 1372416 0.8030303 19.322209991514683
13970 1 990711 0.7972973 16.26613992266357
13971 1 1984582 0.83870965 22.134008002467453
13972 1 1790201 0.8153846 19.497873028740287
13973 1 128421 0.9 17.301390995271504
13974 1 712980 0.8787879 20.67749109119177
13975 1 853842 0.8125 25.452679954469204
13976 1 983313 0.88135594 24.288805085234344
13977 1 564783 0.86567163 21.14961005281657
13978 1 1669824 0.86440676 24.54521704930812
13979 1 1126354 0.84615386 22.56026293616742
13980 1 1201165 0.80597013 20.914660999551415
13981 1 869781 0.83076924 21.295799990184605
13982 1 1068412 0.8088235 20.765713998116553
13983 1 1447804 0.88235295 20.760728046298027
13984 1 1570430 0.890625 24.83378304168582
13985 1 1422340 0.8153846 22.906220983713865
13986 1 1283643 0.8333333 22.175635094754398
13987 1 1802788 0.8 24.956759065389633
13988 1 1566713 0.8055556 20.907112979330122
13989 1 1059943 0.87096775 23.535755928605795
13990 1 1386667 0.880597 18.537721945904195
13991 1 1021139 0.85 25.53842100314796
13992 1 1463007 0.8181818 20.326651982031763
13993 1 1406657 0.8484849 19.70682793762535
13994 1 1640736 0.8333333 26.73402999062091
13995 1 1953012 0.852459 25.529943057335913
13996 1 532088 0.82857144 20.517840050160885
13997 1 1627521 0.9 19.718463998287916
13998 1 1984582 0.8852459 22.362467949278653
13999 1 1987727 0.8235294 19.994504051283002
14000 1 75774 0.8088235 20.02622198779136
14001 1 1398612 0.85294116 19.545297953300178
14002 1 1047102 0.8115942 21.70373301487416
14003 1 1193152 0.8923077 20.785209955647588
14004 1 1553216 0.8787879 19.617240992374718
14005 1 1510142 0.8235294 19.849798060022295
14006 1 1084369 0.84126985 24.48661800008267
14007 1 1017079 0.8636364 23.851990001276135
14008 1 1470194 0.8360656 23.02598301321268
14009 1 818314 0.8181818 20.811612950637937
14010 1 457089 0.8181818 20.782259991392493
14011 1 1167571 0.86440676 23.169176070950925
14012 1 1500238 0.859375 22.553170914761722
14013 1 1110305 0.7941176 20.90809098444879
14014 1 719540 0.88709676 22.95068302191794
14015 1 1624958 0.8153846 23.278858046978712
14016 1 1826772 0.8125 24.245937005616724
14017 1 1394150 0.8142857 19.440917996689677
14018 1 1952097 0.8484849 22.00288395397365
14019 1 1039176 0.82857144 19.836359890177846
14020 1 1118729 0.8695652 18.490356975235045
14021 1 1436637 0.880597 19.59746505599469
14022 1 1111077 0.82539684 22.67660992220044
14023 1 1087573 0.8208955 20.06186102516949
14024 1 1628619 0.8196721 23.750727996230125
14025 1 1254517 0.82258064 22.86531904246658
14026 1 1528579 0.88235295 19.226551987230778
14027 1 1026310 0.8 18.82225601002574
14028 1 1451434 0.8611111 18.71958700940013
14029 1 1504601 0.8135593 23.289793985895813
14030 1 1106734 0.8769231 22.585310973227024
14031 1 1558811 0.875 21.908764028921723
14032 1 817033 0.79710144 19.918937934562564
14033 1 1151117 0.8450704 18.735230900347233
14034 1 423058 0.8088235 18.922240938991308
14035 1 1692873 0.8548387 21.858228952623904
14036 1 1293852 0.88709676 22.452520905062556
14037 1 1286333 0.84126985 22.895780974067748
14038 1 990509 0.8939394 22.034964989870787
14039 1 1971868 0.828125 23.986742016859353
14040 1 1437868 0.8 23.04966899100691
14041 1 719540 0.8333333 20.537341944873333
14042 1 699029 0.8730159 22.241319995373487
14043 1 1520039 0.83870965 21.83070091996342
14044 1 920061 0.8730159 21.283523994497955
14045 1 1171151 0.84615386 20.180055988021195
14046 1 1841512 0.8142857 17.879716004244983
14047 1 1558290 0.8196721 23.244026000611484
14048 1 1173922 0.8208955 20.852057030424476
14049 1 1652931 0.8095238 23.328447015956044
14050 1 1622359 0.8405797 18.200746970251203
14051 1 820544 0.8484849 21.33593102917075
14052 1 1795805 0.828125 24.196150014176965
14053 1 1421769 0.8305085 23.72820896562189
14054 1 1491579 0.8125 24.72924196626991
14055 1 869978 0.8032787 22.647068952210248
14056 1 2472786 0.91803277 22.808373905718327
14057 1 1132795 0.8484849 23.373627103865147
14058 1 1464956 0.87096775 22.52691495232284
14059 1 1792652 0.80597013 23.547680932097137
14060 1 1566990 0.8923077 21.72955800779164
14061 1 1201743 0.82857144 18.819384975358844
14062 1 1116538 0.859375 21.62948704790324
14063 1 1403962 0.90625 23.275441955775023
14064 1 1133668 0.8730159 24.11947096697986
14065 1 719760 0.8730159 25.111066992394626
14066 1 470606 0.8358209 22.833968978375196
14067 1 1914522 0.90909094 20.12069395277649
14068 1 382264 0.8955224 20.25201707147062
14069 1 1261494 0.86440676 24.071118095889688
14070 1 1438930 0.8873239 16.87173906248063
14071 1 1342065 0.9104478 19.917394034564495
14072 1 1799094 0.86885244 24.590037995949388
14073 1 1533153 0.875 22.344663040712476
14074 1 1518278 0.890625 21.461273077875376
14075 1 1684119 0.8596491 24.9924500240013
14076 1 1630337 0.8125 21.56662300694734
14077 1 428216 0.85714287 23.197164991870522
14078 1 1147344 0.88235295 21.790019934996963
14079 1 1076024 0.8194444 21.768717910163105
14080 1 1954053 0.90163934 23.886793991550803
14081 1 1175658 0.8787879 19.528392935171723
14082 1 1611876 0.8405797 21.386103006079793
14083 1 1444448 0.8923077 20.967243937775493
14084 1 1808737 0.8028169 19.78361199144274
14085 1 1043291 0.8428571 18.8166459556669
14086 1 1428059 0.83116883 20.40078805293888
14087 1 1493175 0.86153847 23.52339297067374
14088 1 699906 0.8333333 20.499531994573772
14089 1 1953562 0.84126985 23.432319052517414
14090 1 1525526 0.8636364 20.635493099689484
14091 1 1455536 0.8333333 20.205268054269254
14092 1 1845306 0.8030303 21.81430405471474
14093 1 1468281 0.84615386 22.326726000756025
14094 1 1039509 0.8382353 21.613985998556018
14095 1 992844 0.85294116 20.62422106973827
14096 1 1444886 0.8333333 24.618771974928677
14097 1 1425262 0.90909094 19.940692000091076
14098 1 1889951 0.8382353 20.69707796908915
14099 1 1058280 0.84375 25.07723099552095
14100 1 1132949 0.8153846 24.06789199449122
14101 1 1201715 0.88709676 27.230682084336877
14102 1 1797354 0.8507463 24.92173295468092
14103 1 1038773 0.86153847 21.02115494199097
14104 1 1109603 0.87323946 18.17504910286516
14105 1 1968741 0.84615386 22.203366039320827
14106 1 1484600 0.85 22.65121100936085
14107 1 1206075 0.84615386 21.996255964040756
14108 1 1319533 0.81666666 26.622183970175683
14109 1 994943 0.8730159 24.992609047330916
14110 1 1791289 0.859375 24.418389075435698
14111 1 1310061 0.890625 24.72868503537029
14112 1 1439660 0.85507244 20.60473000165075
14113 1 1030447 0.8548387 23.501104908064008
14114 1 1519452 0.88235295 18.54925404768437
14115 1 1497982 0.8695652 18.852840992622077
14116 1 1040404 0.875 22.671397076919675
14117 1 1680555 0.84615386 22.013414069078863
14118 1 487649 0.85714287 23.90523999929428
14119 1 1635404 0.8333333 26.05057694017887
14120 1 1504335 0.85714287 19.919150043278933
14121 1 1148375 0.8142857 19.38403700478375
14122 1 1607279 0.852459 22.87428395356983
14123 1 1173890 0.8095238 23.24880298692733
14124 1 1521373 0.8769231 21.89483807887882
14125 1 1624958 0.8382353 17.93242001440376
14126 1 1162063 0.87096775 24.09164304845035
14127 1 1974701 0.875 22.190955001860857
14128 1 1029771 0.8055556 20.07920597679913
14129 1 1053290 0.86764705 19.888508948497474
14130 1 1665487 0.8484849 22.83810405060649
14131 1 1247323 0.8730159 24.07319296617061
14132 1 1371980 0.8405797 19.1867669345811
14133 1 1046565 0.8055556 18.716666963882744
14134 1 979278 0.83076924 22.994851926341653
14135 1 624876 0.86153847 23.244510986842215
14136 1 1413692 0.81578946 18.45567300915718
14137 1 407191 0.828125 19.88935098052025
14138 1 1272696 0.9206349 22.780781029723585
14139 1 1621457 0.8769231 22.202468011528254
14140 1 1406605 0.8153846 22.664164076559246
14141 1 1671474 0.85294116 22.21991098485887
14142 1 1627719 0.82539684 22.641935967840254
14143 1 1575216 0.82857144 19.239112036302686
14144 1 1562306 0.86885244 24.895756971091032
14145 1 1319075 0.8484849 23.55375699698925
14146 1 2345380 0.83076924 23.251088918186724
14147 1 1082918 0.88235295 20.565615966916084
14148 1 1059862 0.8888889 25.90330201201141
14149 1 1609374 0.8333333 24.368997081182897
14150 1 1027944 0.8153846 21.955186035484076
14151 1 1131272 0.84126985 22.012343048118055
14152 1 1080118 0.8507463 23.570733959786594
14153 1 1107218 0.82857144 21.091912989504635
14154 1 1051384 0.8153846 22.533501032739878
14155 1 1449627 0.8484849 22.168079973198473
14156 1 1830092 0.8208955 21.212839987128973
14157 1 1004292 0.8507463 20.693316939286888
14158 1 1488481 0.83076924 26.99251100420952
14159 1 1027371 0.8769231 25.716327945701778
14160 1 713695 0.8181818 29.29703693371266
14161 1 1943211 0.8115942 24.48729006573558
14162 1 1176585 0.87096775 27.423992985859513
14163 1 1061633 0.8852459 28.469303040765226
14164 1 1501594 0.8888889 18.634392064996064
14165 1 1894349 0.89041096 17.703714896924794
14166 1 1401642 0.92753625 17.465412965975702
14167 1 1491069 0.835443 15.190528938546777
14168 1 1119090 0.8831169 13.601394020952284
14169 1 1333014 0.8055556 18.802738981321454
14170 1 1463228 0.8695652 18.562725046649575
14171 1 1120374 0.85714287 16.59973803907633
14172 1 1223617 0.8684211 14.300427050329745
14173 1 1664503 0.8169014 19.35686799697578
14174 1 1410266 0.82894737 17.262259032577276
14175 1 1461106 0.8 21.418730029836297
14176 1 1731224 0.8450704 19.295896985568106
14177 1 1273955 0.8552632 15.440616989508271
14178 1 1075596 0.8243243 16.377551946789026
14179 1 1069457 0.82191783 15.682638040743768
14180 1 67744 0.8765432 11.195373022928834
14181 1 1061068 0.8356164 16.603602096438408
14182 1 1182234 0.84 16.147969057783484
14183 1 1006283 0.8918919 14.638182939961553
14184 1 1009656 0.8055556 19.98577604535967
14185 1 1520514 0.8076923 21.845131064765155
14186 1 1099297 0.8767123 33.97850401233882
14187 1 1069801 0.825 22.27585099171847
14188 1 1028781 0.84415585 20.056179957464337
14189 1 1122439 0.8125 20.324798999354243
14190 1 1090760 0.82857144 25.911789038218558
14191 1 1292907 0.83950615 20.909263053908944
14192 1 175445 0.8378378 19.379748962819576
14193 1 1191579 0.8169014 21.39924105722457
14194 1 1492387 0.84615386 18.260833923704922
14195 1 1521697 0.8888889 21.05343108996749
14196 1 664172 0.81578946 20.603153039701283
14197 1 1342007 0.85 17.41277100518346
14198 1 315274 0.84 20.946295000612736
14199 1 1408448 0.91549295 19.660123041830957
14200 1 1188764 0.8227848 16.460717073641717
14201 1 1492905 0.8552632 19.74539807997644
14202 1 938694 0.8333333 12.490821070969105
14203 1 1160418 0.82894737 17.85025605931878
14204 1 1061068 0.81333333 14.3209119560197
14205 1 837249 0.8630137 17.755359993316233
14206 1 1470744 0.8767123 17.910294933244586
14207 1 1086388 0.85714287 19.190177088603377
14208 1 67744 0.8765432 11.241712025366724
14209 1 1580922 0.8088235 20.014037028886378
14210 1 1669678 0.8181818 17.253028927370906
14211 1 1186478 0.884058 17.81429606489837
14212 1 1060723 0.8378378 17.763047013431787
14213 1 1057798 0.8666667 14.760412042960525
14214 1 1487771 0.8055556 16.973881982266903
14215 1 1038773 0.8636364 18.614843022078276
14216 1 1410266 0.8918919 16.34452596772462
14217 1 1109603 0.9142857 18.22274806909263
14218 1 1015613 0.8227848 17.37889600917697
14219 1 247368 0.884058 19.629177055321634
14220 1 858120 0.8513514 16.404196969233453
14221 1 1268403 0.90140843 18.498252029530704
14222 1 1015613 0.886076 14.499810989946127
14223 1 999929 0.825 13.944356935098767
14224 1 1521145 0.7948718 16.007315018214285
14225 1 533333 0.8450704 16.760115046054125
14226 1 1501594 0.8648649 14.290167018771172
14227 1 836289 0.91358024 11.287130997516215
14228 1 1973912 0.8333333 20.295551046729088
14229 1 1006283 0.8783784 15.120438067242503
14230 1 1138830 0.8666667 13.813647092320025
14231 1 1646346 0.9054054 16.447253990918398
14232 1 1501594 0.8888889 15.656695002689958
14233 1 999929 0.85897434 14.3678990425542
14234 1 1154449 0.85294116 20.124354981817305
14235 1 543642 0.8815789 14.389197924174368
14236 1 1096966 0.8918919 16.01689902599901
14237 1 788461 0.8630137 15.770171070471406
14238 1 1571037 0.84931505 15.919759985990822
14239 1 1685835 0.8 15.861571999266744
14240 1 1177541 0.8701299 13.521824032068253
14241 1 790753 0.84415585 14.933616039343178
14242 1 1440898 0.84810126 11.887185974046588
14243 1 2013281 0.82666665 17.849134048447013
14244 1 1484812 0.8783784 15.144268982112408
14245 1 265052 0.85915494 17.904093023389578
14246 1 1947766 0.8450704 17.800973961129785
14247 1 1310061 0.8309859 18.65208800882101
14248 1 1714411 0.8378378 16.8615709990263
14249 1 1191367 0.8947368 13.796395971439779
14250 1 999929 0.825 12.90398498531431
14251 1 905909 0.86419755 12.766006984747946
14252 1 67744 0.8765432 11.192464036867023
14253 1 1144480 0.8333333 12.967203976586461
14254 1 1971101 0.8235294 19.440710078924894
14255 1 2472147 0.8873239 15.501727000810206
14256 1 1185679 0.8309859 17.772451043128967
14257 1 265052 0.85915494 17.67828199081123
14258 1 1707698 0.87142855 17.710312036797404
14259 1 1512930 0.8194444 17.04341999720782
14260 1 1057481 0.875 11.994874919764698
14261 1 381043 0.8309859 18.75461800955236
14262 1 1072695 0.8625 11.118972091935575
14263 1 1611671 0.81333333 17.295109922997653
14264 1 1464094 0.89041096 15.7610330497846
14265 1 1073903 0.81333333 18.127699033357203
14266 1 1984582 0.7941176 18.128393916413188
14267 1 1501535 0.8148148 13.167052995413542
14268 1 1087335 0.92957747 15.789608005434275
14269 1 1253839 0.8115942 17.880849074572325
14270 1 1593666 0.8055556 17.658700002357364
14271 1 1042415 0.8933333 14.385481015779078
14272 1 1638413 0.9041096 16.34327508509159
14273 1 957457 0.8918919 19.830875913612545
14274 1 1121433 0.8684211 19.856719067320228
14275 1 826222 0.8271605 16.036325017921627
14276 1 1406709 0.8518519 13.179880916140974
14277 1 1189392 0.84210527 17.560534994117916
14278 1 1445877 0.8513514 16.869527054950595
14279 1 1984812 0.89705884 19.732872024178505
14280 1 1622943 0.81578946 16.465893015265465
14281 1 1102899 0.8028169 18.01195298321545
14282 1 1243176 0.80246913 13.338102027773857
14283 1 1031501 0.84810126 12.369823059998453
14284 1 1189894 0.8333333 15.468849102035165
14285 1 1415695 0.83116883 15.505544026382267
14286 1 868851 0.8051948 15.94179798848927
14287 1 1109603 0.9142857 17.01846392825246
14288 1 1493190 0.85507244 18.06390390265733
14289 1 1949294 0.9066667 13.650933979079127
14290 1 1185505 0.8513514 18.245981074869633
14291 1 2000221 0.82666665 15.836275997571647
14292 1 1445304 0.8666667 15.814105048775673
14293 1 2013281 0.82666665 19.2839780356735
14294 1 1317324 0.8630137 17.378974007442594
14295 1 1303206 0.84210527 15.17974492162466
14296 1 1662974 0.82666665 17.240479006431997
14297 1 938694 0.8148148 15.764369978569448
14298 1 1069567 0.9130435 17.849312047474086
14299 1 1894349 0.89041096 15.578072983771563
14300 1 1130719 0.81333333 14.90912598092109
14301 1 1951461 0.85333335 15.83611499518156
14302 1 679943 0.8472222 17.048698966391385
14303 1 1092019 0.8227848 12.833087937906384
14304 1 1627521 0.8767123 15.54836891591549
14305 1 618155 0.8611111 17.347287968732417
14306 1 1110544 0.82894737 16.60970295779407
14307 1 2013281 0.84210527 17.03813998028636
14308 1 1455335 0.81578946 16.88706292770803
14309 1 1219745 0.8513514 18.493730924092233
14310 1 1286812 0.89855075 22.20744895748794
14311 1 1978500 0.884058 18.26710905879736
14312 1 1365575 0.9041096 16.203272971324623
14313 1 667872 0.80246913 12.857113964855671
14314 1 1163968 0.81707317 12.017537956126034
14315 1 1407859 0.8243243 18.41465395409614
14316 1 1015613 0.81707317 13.327519060112536
14317 1 1970471 0.9 19.04532196931541
14318 1 1102899 0.85507244 20.04347601905465
14319 1 1566677 0.8227848 19.040053943172097
14320 1 987103 0.9113924 15.012532938271761
14321 1 1053680 0.8333333 19.77421692572534
14322 1 679943 0.8472222 25.160935008898377
14323 1 1426752 0.88235295 23.531220969744027
14324 1 878723 0.8235294 13.54241301305592
14325 1 1073903 0.82666665 20.346726989373565
14326 1 636159 0.85714287 17.35283900052309
14327 1 1438219 0.8405797 19.013848970644176
14328 1 826645 0.82191783 17.738015041686594
14329 1 999929 0.8701299 14.73851001355797
14330 1 1406709 0.8518519 11.139531969092786
14331 1 1436491 0.8115942 19.871858996339142
14332 1 1292907 0.8192771 11.989197926595807
14333 1 1520514 0.8076923 15.759557019919157
14334 1 1014127 0.8450704 16.405040048994124
14335 1 67744 0.8765432 10.869352030567825
14336 1 1401642 0.92753625 18.97180697415024
14337 1 247368 0.884058 20.70300409104675
14338 1 240002 0.84210527 17.95448106713593
14339 1 991944 0.84415585 14.035466010682285
14340 1 1501594 0.84210527 13.395844027400017
14341 1 533333 0.8450704 16.17170393001288
14342 1 1031468 0.835443 15.719983959570527
14343 1 1154446 0.84210527 15.613231109455228
14344 1 1470744 0.8767123 16.20061695575714
14345 1 679943 0.8333333 17.905219923704863
14346 1 1573051 0.8428571 19.523871014826
14347 1 667872 0.80246913 13.369190972298384
14348 1 1520662 0.8648649 14.752179966308177
14349 1 1177541 0.8701299 13.607959961518645
14350 1 1452000 0.8227848 12.861412018537521
14351 1 1134570 0.86567163 20.218882942572236
14352 1 1273955 0.8783784 16.390363918617368
14353 1 1646346 0.9054054 16.825722996145487
14354 1 1611671 0.81333333 17.347690067254007
14355 1 1178409 0.82894737 16.0221999976784
14356 1 1440898 0.835443 13.132455991581082
14357 1 1129833 0.82666665 16.19803300127387
14358 1 1174486 0.8815789 13.82285903673619
14359 1 1237997 0.7972973 16.821202007122338
14360 1 1288402 0.88 15.674118069000542
14361 1 863466 0.81333333 15.700539923273027
14362 1 704348 0.85915494 17.579484963789582
14363 1 1984812 0.89705884 17.839387990534306
14364 1 1191776 0.81333333 18.38364906143397
14365 1 1567538 0.8169014 16.18743408471346
14366 1 1163968 0.8271605 12.450553942471743
14367 1 1803449 0.8611111 15.706169069744647
14368 1 1146291 0.8472222 15.832519042305648
14369 1 1492905 0.835443 14.704074012115598
14370 1 1572253 0.8472222 16.49774401448667
14371 1 1470744 0.8648649 16.085056005977094
14372 1 1493174 0.8243243 16.07439003419131
14373 1 1273955 0.8552632 15.182606060989201
14374 1 704348 0.8472222 17.756965942680836
14375 1 1006283 0.8918919 13.175326981581748
14376 1 811200 0.8518519 12.163282022811472
14377 1 1646346 0.9054054 15.668240026570857
14378 1 1156956 0.8181818 16.45195099990815
14379 1 863466 0.8378378 15.247953007929027
14380 1 1646346 0.9054054 15.350758098065853
14381 1 1018058 0.9189189 13.605076004751027
14382 1 2041608 0.8873239 16.76434394903481
14383 1 1072695 0.85897434 12.849358026869595
14384 1 1177541 0.84415585 16.68793905992061
14385 1 841581 0.82051283 14.744207030162215
14386 1 1501594 0.8888889 16.288229962810874
14387 1 1973912 0.81333333 17.234299099072814
14388 1 1575216 0.87142855 16.216754098422825
14389 1 1593214 0.884058 18.44203402288258
14390 1 1288432 0.88461536 11.127452016808093
14391 1 1080806 0.89705884 19.005917012691498
14392 1 1288454 0.8783784 16.723409993574023
14393 1 850089 0.8181818 13.444388983771205
14394 1 1544082 0.82894737 15.093712019734085
14395 1 880396 0.8292683 12.543532066047192
14396 1 768892 0.8125 10.815923917107284
14397 1 1626636 0.8243243 15.470434096641839
14398 1 1593214 0.884058 18.63347995094955
14399 1 1133486 0.8051948 15.980439959093928
14400 1 1006283 0.89041096 15.401597949676216
14401 1 1558157 0.91549295 18.31735495943576
14402 1 1617470 0.8088235 19.826275995001197
14403 1 1406709 0.886076 12.052814941853285
14404 1 1051527 0.84 17.75920600630343
14405 1 67744 0.8765432 11.400626972317696
14406 1 1040370 0.86419755 13.357367948628962
14407 1 826645 0.82191783 16.170423943549395
14408 1 1072238 0.8333333 12.168201967142522
14409 1 1082332 0.8767123 14.937886968255043
14410 1 1395519 0.82857144 19.293845049105585
14411 1 1566712 0.81578946 15.156598994508386
14412 1 987085 0.8888889 17.834817059338093
14413 1 1627521 0.7922078 15.43851604219526
14414 1 1640321 0.875 16.02773694321513
14415 1 1519095 0.89041096 16.20645693037659
14416 1 1133668 0.7887324 17.90882891509682
14417 1 1653928 0.8472222 19.124388927593827
14418 1 1004554 0.8115942 19.002393004484475
14419 1 1610758 0.884058 19.865987938828766
14420 1 2037883 0.9066667 15.571638941764832
14421 1 1189392 0.84210527 16.272090026177466
14422 1 1447738 0.84 15.939973061904311
14423 1 2000221 0.8888889 15.246252994984388
14424 1 1191367 0.85 10.72123204357922
14425 1 938694 0.8117647 10.72514709085226
14426 1 1697691 0.8717949 11.295565054751933
14427 1 1997078 0.85882354 10.759667959064245
14428 1 1522998 0.8243243 16.331854043528438
14429 1 1436168 0.8648649 14.271531021222472
14430 1 1086388 0.8472222 16.4030579617247
14431 1 1470744 0.8648649 15.417636022903025
14432 1 1492387 0.84615386 18.944477080367506
14433 1 686529 0.81333333 17.877012956887484
14434 1 1154446 0.8271605 12.594330939464271
14435 1 1085245 0.85714287 18.946908065117896
14436 1 1461363 0.8356164 17.441194970160723
14437 1 1571037 0.84931505 17.255194019526243
14438 1 1365575 0.9041096 15.70312597323209
14439 1 1072238 0.8933333 12.872746912762523
14440 1 1043213 0.8076923 15.415742993354797
14441 1 1976286 0.90140843 16.000052099116147
14442 1 1439660 0.8309859 18.326241988688707
14443 1 1517572 0.8783784 15.20896004512906
14444 1 1668055 0.8857143 17.997244955040514
14445 1 1566712 0.8513514 16.6238599922508
14446 1 1572367 0.8961039 15.208709985017776
14447 1 1973875 0.88235295 20.210905000567436
14448 1 1571037 0.8611111 16.757547040469944
14449 1 1177541 0.8815789 15.941165038384497
14450 1 1088896 0.84415585 14.25090804696083
14451 1 968065 0.81707317 12.38619803916663
14452 1 1668055 0.8857143 17.116083996370435
14453 1 1976286 0.90140843 17.4389670137316
14454 1 1061862 0.8028169 16.272361972369254
14455 1 1249397 0.8518519 12.979849008843303
14456 1 1997078 0.85882354 10.709898080676794
14457 1 2095822 0.84 15.03119699191302
14458 1 1579415 0.82857144 17.44200603570789
14459 1 1452000 0.8125 11.529559036716819
14460 1 1219745 0.8513514 15.294940094463527
14461 1 1061068 0.8356164 15.51071007270366
14462 1 1007115 0.89855075 18.37759104091674
14463 1 829282 0.85714287 15.995875000953674
14464 1 1900758 0.7916667 19.878666033037007
14465 1 1623239 0.8933333 14.527032966725528
14466 1 1273955 0.8552632 15.226743067614734
14467 1 267025 0.82666665 16.708081937395036
14468 1 1288454 0.8648649 18.20335804950446
14469 1 894441 0.8115942 17.837905092164874
14470 1 1108200 0.87142855 17.48695597052574
14471 1 398287 0.83116883 15.77516901306808
14472 1 790753 0.8101266 15.19044698216021
14473 1 679943 0.8472222 16.251905006356537
14474 1 1501594 0.84210527 12.9278659587726
14475 1 1085632 0.8125 14.162032050080597
14476 1 1429519 0.7972973 17.86177104804665
14477 1 1092319 0.8450704 17.29776698630303
14478 1 1439660 0.8309859 18.59590702224523
14479 1 237217 0.8125 14.522157958708704
14480 1 1292907 0.83950615 13.788316049613059
14481 1 1428059 0.8148148 13.616884010843933
14482 1 1452000 0.84415585 14.169806963764131
14483 1 993226 0.875 14.12805204745382
14484 1 1800335 0.8 15.173819032497704
14485 1 1640321 0.8873239 17.78541400562972
14486 1 1521546 0.8378378 16.18661603424698
14487 1 1486310 0.84931505 15.564074041321874
14488 1 1012130 0.8169014 19.22168501187116
14489 1 1488547 0.8333333 15.650527086108923
14490 1 1467735 0.8076923 12.499787961132824
14491 1 894441 0.8115942 17.25988299585879
14492 1 1137368 0.8857143 16.276205074973404
14493 1 1973875 0.88235295 18.94081593491137
14494 1 1668055 0.8356164 15.910459915176034
14495 1 1110544 0.8684211 16.0283810691908
14496 1 1185679 0.8309859 19.81078099925071
14497 1 1219745 0.8767123 17.262888024561107
14498 1 1244147 0.8356164 17.081083031371236
14499 1 821172 0.8933333 14.572320971637964
14500 1 843514 0.8414634 9.84807696659118
14501 1 1491069 0.835443 13.269279967062175
14502 1 1529663 0.9054054 15.2968589682132
14503 1 1093373 0.8333333 17.72734895348549
14504 1 814683 0.875 16.765460022725165
14505 1 74199 0.88 14.716662932187319
14506 1 1003458 0.8450704 15.821428038179874
14507 1 1573267 0.8961039 13.044349965639412
14508 1 6014 0.7894737 16.714741941541433
14509 1 1273955 0.8783784 15.551463002339005
14510 1 1974076 0.8169014 17.749799066223204
14511 1 1434419 0.8108108 19.59657308179885
14512 1 1266812 0.8243243 19.591953023336828
14513 1 850089 0.8831169 11.929223081097007
14514 1 1489483 0.8235294 20.058883004821837
14515 1 67744 0.8765432 11.923491023480892
14516 1 1342007 0.85 12.737901997752488
14517 1 1840356 0.8356164 16.669071977958083
14518 1 1429519 0.82191783 17.69702206365764
14519 1 1521145 0.7948718 14.512480003759265
14520 1 1288432 0.8666667 15.582405030727386
14521 1 1970471 0.9 17.2287110472098
14522 1 1317024 0.85915494 15.018856036476791
14523 1 1493174 0.8108108 15.262264991179109
14524 1 1156956 0.8181818 16.509961104020476
14525 1 679943 0.8472222 17.225227085873485
14526 1 1072695 0.84810126 14.124915935099125
14527 1 1492387 0.85714287 16.22399699408561
14528 1 1092699 0.90140843 15.14150993898511
14529 1 1080806 0.89705884 19.14123201277107
14530 1 247368 0.85915494 15.891134040430188
14531 1 1008117 0.9166667 16.341380891390145
14532 1 280868 0.8831169 13.551661977544427
14533 1 1072238 0.85333335 16.147808986715972
14534 1 1410266 0.88 14.800162054598331
14535 1 1426752 0.88235295 19.715117057785392
14536 1 1515085 0.84210527 15.500971931032836
14537 1 280868 0.8831169 13.40746192727238
14538 1 491012 0.82608694 17.354017007164657
14539 1 1179555 0.87323946 17.14867609553039
14540 1 1067514 0.87341774 12.474425020627677
14541 1 1614851 0.82857144 16.8805830180645
14542 1 1228139 0.82666665 18.646125914528966
14543 1 67744 0.8765432 11.859190999530256
14544 1 1251492 0.8356164 16.77450304850936
14545 1 704348 0.8450704 19.23666405491531
14546 1 995534 0.84415585 12.244483106769621
14547 1 1134296 0.85333335 15.761849004775286
14548 1 982465 0.81578946 14.81694693211466
14549 1 1415695 0.8552632 14.958220068365335
14550 1 1075997 0.85915494 16.577795962803066
14551 1 1573380 0.8382353 18.264712998643517
14552 1 686529 0.81333333 15.348664950579405
14553 1 1426752 0.88235295 19.20520793646574
14554 1 704348 0.8051948 12.479732045903802
14555 1 1200224 0.8405797 17.17294892296195
14556 1 1161344 0.8857143 16.738072969019413
14557 1 1251304 0.81578946 15.896228956989944
14558 1 1440673 0.85365856 13.585063978098333
14559 1 1462290 0.8428571 18.938765046186745
14560 1 67744 0.8765432 12.977632926777005
14561 1 247368 0.884058 18.21955607738346
14562 1 1501594 0.84210527 13.337463024072349
14563 1 1072238 0.84 16.55832806136459
14564 1 863466 0.8767123 15.86950896307826
14565 1 2013281 0.82666665 17.901679035276175
14566 1 1054125 0.84615386 13.252377975732088
14567 1 686529 0.81333333 15.31553699169308
14568 1 1119090 0.84810126 12.49993301462382
14569 1 938694 0.85542166 10.85559802595526
14570 1 1016744 0.84 14.295128057710826
14571 1 1257453 0.8356164 15.405117068439722
14572 1 1043213 0.84210527 15.646891901269555
14573 1 1501594 0.8767123 16.593581065535545
14574 1 1442264 0.84810126 14.053471037186682
14575 1 1455108 0.8947368 14.719197992235422
14576 1 1410477 0.9027778 15.999600989744067
14577 1 1110544 0.8918919 15.16772503964603
14578 1 1187076 0.8142857 17.351617920212448
14579 1 1440898 0.84810126 12.46808492578566
14580 1 1028781 0.91780823 14.315259992145002
14581 1 952719 0.8101266 15.346063068136573
14582 1 1715989 0.8378378 16.423939960077405
14583 1 995570 0.825 11.660365969873965
14584 1 1518626 0.835443 15.441984054632485
14585 1 1997078 0.85882354 10.556446970440447
14586 1 1453412 0.9027778 14.783927937969565
14587 1 1177541 0.84415585 15.219155000522733
14588 1 1453131 0.9041096 15.200484893284738
14589 1 667872 0.90789473 15.744255972094834
14590 1 1762547 0.8117647 11.30682008806616
14591 1 1016912 0.81707317 11.909018037840724
14592 1 1628433 0.8169014 19.063435029238462
14593 1 1058650 0.8051948 16.882088966667652
14594 1 1455335 0.81578946 16.831537010148168
14595 1 1607675 0.9 16.775733907707036
14596 1 280868 0.8831169 12.951885000802577
14597 1 1169972 0.8450704 16.877899994142354
14598 1 1542092 0.8472222 16.621471964754164
14599 1 821172 0.9054054 14.141208957880735
14600 1 1288432 0.8051948 15.43072098866105
14601 1 1492905 0.80246913 12.574438937008381
14602 1 1016744 0.84 14.193038921803236
14603 1 790753 0.835443 12.466836022213101
14604 1 1832766 0.8235294 10.802968055941164
14605 1 1976286 0.90140843 19.334585056640208
14606 1 1028781 0.82894737 17.46910298243165
14607 1 205626 0.8630137 16.761844977736473
14608 1 1016912 0.8072289 12.008477002382278
14609 1 1185486 0.8648649 15.94184001442045
14610 1 1542092 0.8472222 16.93622802849859
14611 1 704348 0.8450704 18.9047500025481
14612 1 1467735 0.82894737 14.805802959017456
14613 1 1593214 0.884058 18.26421299483627
14614 1 1521546 0.85333335 12.481327052228153
14615 1 679943 0.8333333 17.46861799620092
14616 1 1471236 0.8108108 16.340722097083926
14617 1 1124851 0.8101266 14.874911052174866
14618 1 1143800 0.84810126 13.78832501359284
14619 1 1109603 0.9142857 16.820315970107913
14620 1 827074 0.8875 10.496503091417253
14621 1 1484812 0.8783784 15.275295940227807
14622 1 1675744 0.8378378 18.077375018037856
14623 1 1188764 0.84615386 14.714259072206914
14624 1 856290 0.8023256 11.922816978767514
14625 1 1018058 0.9189189 14.274645945988595
14626 1 1287015 0.8169014 18.47655698657036
14627 1 667872 0.84615386 15.477602020837367
14628 1 1043385 0.8076923 14.912077924236655
14629 1 1334634 0.84415585 17.58845802396536
14630 1 1622943 0.81578946 15.923899947665632
14631 1 1348072 0.91549295 16.594925080426037
14632 1 67744 0.8765432 11.004086001776159
14633 1 1973577 0.82608694 17.81137299258262
14634 1 1267771 0.82608694 17.799867084249854
14635 1 1416053 0.8051948 15.395415015518665
14636 1 1627521 0.8888889 16.148340073414147
14637 1 1410266 0.8918919 15.692775952629745
14638 1 1094963 0.83950615 12.498550000600517
14639 1 1112905 0.8125 14.285985031165183
14640 1 1243176 0.80246913 13.950226944871247
14641 1 1831885 0.90140843 16.781385987997055
14642 1 1488547 0.8333333 15.78913303092122
14643 1 1243176 0.80246913 14.463989995419979
14644 1 1072238 0.8181818 15.323808998800814
14645 1 1580922 0.8088235 17.714663059450686
14646 1 1984812 0.89705884 18.39724008459598
14647 1 868851 0.8051948 15.962148900143802
14648 1 1512930 0.8309859 17.493851017206907
14649 1 1121433 0.91549295 18.3636830188334
14650 1 266408 0.8611111 16.180831007659435
14651 1 1501594 0.8767123 14.459046069532633
14652 1 864089 0.8625 13.45298404339701
14653 1 1973912 0.8333333 19.42662405781448
14654 1 1116357 0.8783784 20.149045973084867
14655 1 1109795 0.81333333 15.433934982866049
14656 1 868851 0.8378378 18.125951988622546
14657 1 1639459 0.8405797 18.482687999494374
14658 1 1495991 0.8450704 17.126079997979105
14659 1 1146277 0.8378378 16.847040969878435
14660 1 1075997 0.85915494 16.84376096818596
14661 1 1181933 0.8433735 10.335005004890263
14662 1 686529 0.81333333 17.594218952581286
14663 1 1395519 0.82857144 19.619447994045913
14664 1 1017805 0.82758623 8.742450969293714
14665 1 820185 0.90123457 10.104423039592803
14666 1 1114782 0.8235294 10.916623985394835
14667 1 1834725 0.90361446 9.221661021001637
14668 1 999929 0.79761904 10.183896985836327
14669 1 1177038 0.9166667 8.544809999875724
14670 1 827074 0.8888889 10.247542057186365
14671 1 971392 0.86585367 9.590140078216791
14672 1 1155825 0.8235294 11.55005197506398
14673 1 1048414 0.81395346 11.006703949533403
14674 1 1848451 0.84444445 8.155426010489464
14675 1 1198814 0.82978725 6.721904966980219
14676 1 768928 0.8674699 9.9408800015226
14677 1 709444 0.8333333 10.829639970324934
14678 1 836289 0.82222223 6.6272258991375566
14679 1 1923496 0.85365856 10.203831014223397
14680 1 1150426 0.8095238 11.148469056934118
14681 1 1623216 0.8152174 7.670062012039125
14682 1 1348072 0.825 10.231361025944352
14683 1 1560721 0.875 10.239760973490775
14684 1 864089 0.8352941 9.53281403053552
14685 1 1672941 0.89873415 10.991382994689047
14686 1 1031468 0.8095238 10.83086198195815
14687 1 1105991 0.86206895 8.08750803116709
14688 1 370562 0.8333333 11.718213092535734
14689 1 895426 0.85393256 8.837561937980354
14690 1 584976 0.8488372 8.096199948340654
14691 1 1183528 0.8452381 10.071092983707786
14692 1 836289 0.8604651 8.059478946961462
14693 1 987103 0.8352941 9.306914987973869
14694 1 1011827 0.84090906 8.52675805799663
14695 1 713529 0.8117647 9.370052022859454
14696 1 993226 0.8045977 9.727394091896713
14697 1 999929 0.79761904 11.767523013986647
14698 1 1017805 0.82758623 9.793882025405765
14699 1 836289 0.88095236 10.671388008631766
14700 1 1135095 0.9113924 11.916652088984847
14701 1 1523485 0.8875 12.078630970790982
14702 1 709444 0.8333333 10.798624018207192
14703 1 809736 0.8235294 13.18964792881161
14704 1 1573267 0.88461536 11.99709193315357
14705 1 713529 0.8765432 10.349457967095077
14706 1 1023666 0.89285713 8.752488065510988
14707 1 1199697 0.8023256 9.509171009995043
14708 1 717168 0.8352941 9.291301015764475
14709 1 1428059 0.8192771 10.850069927982986
14710 1 895426 0.85393256 8.2777279894799
14711 1 1191367 0.85365856 9.279803023673594
14712 1 717168 0.8352941 9.675527922809124
14713 1 1662839 0.86904764 8.71361093595624
14714 1 1107349 0.83908045 9.230502066202462
14715 1 1712497 0.8072289 11.951319058425725
14716 1 1041615 0.84782606 6.32463104557246
14717 1 717168 0.8352941 9.36675793491304
14718 1 840337 0.87058824 9.301358019001782
14719 1 1041615 0.85714287 6.972684990614653
14720 1 821172 0.8831169 12.003362993709743
14721 1 713529 0.8117647 12.416949961334467
14722 1 1684793 0.88095236 10.26922499295324
14723 1 863895 0.85882354 10.198388947173953
14724 1 709444 0.8333333 10.817861999385059
14725 1 1923496 0.85365856 9.795885998755693
14726 1 999929 0.8095238 9.942595032043755
14727 1 709444 0.8333333 10.824930970557034
14728 1 999929 0.8095238 10.257171001285315
14729 1 1016772 0.8433735 12.08514196332544
14730 1 1831035 0.8625 11.221312917768955
14731 1 843428 0.8292683 11.2845009425655
14732 1 1188182 0.8313253 11.12662791274488
14733 1 1492905 0.80246913 12.978176935575902
14734 1 1348072 0.825 10.052805999293923
14735 1 1954924 0.8804348 6.163917947560549
14736 1 768928 0.8674699 9.254942066036165
14737 1 1140128 0.88095236 10.808461927808821
14738 1 768928 0.8674699 9.57736698910594
14739 1 1105991 0.85227275 7.399526075460017
14740 1 1348072 0.825 10.220900061540306
14741 1 1183528 0.8117647 10.943463072180748
14742 1 1406709 0.89873415 11.18158595636487
14743 1 2004094 0.8414634 11.135081993415952
14744 1 1831035 0.8625 12.28034496307373
14745 1 1144258 0.8192771 9.687696932815015
14746 1 1440673 0.90123457 12.817626004107296
14747 1 1105991 0.83146065 13.633541064336896
14748 1 863333 0.89873415 9.606220992282033
14749 1 1105991 0.91566265 9.930095984600484
14750 1 1684055 0.8152174 7.848883047699928
14751 1 709444 0.8333333 10.503591038286686
14752 1 459135 0.8902439 10.262094088830054
14753 1 1712497 0.8072289 12.165350024588406
14754 1 1834725 0.90361446 9.54477395862341
14755 1 1006239 0.8214286 11.3160329638049
14756 1 1191367 0.85365856 9.596804971806705
14757 1 821172 0.8375 11.053777066990733
14758 1 843428 0.8214286 9.446336072869599
14759 1 1684793 0.88095236 9.363061981275678
14760 1 1143800 0.9125 9.330771979875863
14761 1 1406709 0.89873415 11.06499892193824
14762 1 836289 0.83146065 6.91007194109261
14763 1 40474 0.8227848 10.80043101683259
14764 1 1572367 0.85714287 8.639606065116823
14765 1 1657518 0.84705883 8.68470105342567
14766 1 843428 0.8271605 12.88078201469034
14767 1 1954924 0.8804348 6.811956060118973
14768 1 1050822 0.83950615 11.762160924263299
14769 1 1428059 0.8414634 11.854591080918908
14770 1 1672237 0.82758623 10.675295954570174
14771 1 1041615 0.8666667 8.098353981040418
14772 1 1006239 0.8214286 11.640514014288783
14773 1 1348072 0.825 10.739512974396348
14774 1 1672237 0.82758623 10.074116988107562
14775 1 827074 0.86585367 10.29664697125554
14776 1 1848451 0.84444445 7.627057028003037
14777 1 1105991 0.872093 8.927799994125962
14778 1 1191367 0.85365856 9.590079076588154
14779 1 1428059 0.8192771 10.956381913274527
14780 1 713529 0.8765432 10.298864915966988
14781 1 584976 0.8488372 8.04623297881335
14782 1 2152981 0.8313253 10.925345937721431
14783 1 1183528 0.8452381 10.019645094871521
14784 1 1155825 0.8674699 10.169142042286694
14785 1 1672237 0.82758623 9.388708975166082
14786 1 938694 0.8352941 9.935287991538644
14787 1 1155825 0.86585367 10.573198087513447
14788 1 993226 0.82954544 7.160149049013853
14789 1 1183528 0.8352941 11.122391908429563
14790 1 1198814 0.85714287 10.959484963677824
14791 1 1848451 0.84444445 7.613432011567056
14792 1 1185060 0.85365856 13.81015102379024
14793 1 1560721 0.875 11.004558065906167
14794 1 1848451 0.84444445 8.22561897803098
14795 1 1183528 0.8235294 11.195161961950362
14796 1 1144258 0.886076 10.23465592879802
14797 1 1094360 0.8192771 11.907476000487804
14798 1 840337 0.8372093 10.223363991826773
14799 1 1406709 0.89873415 10.847242083400488
14800 1 863895 0.85542166 10.84988098591566
14801 1 1834725 0.90361446 8.951293071731925
14802 1 1672237 0.82758623 9.241921012289822
14803 1 1041615 0.827957 6.391886970959604
14804 1 1848451 0.84444445 12.79761700425297
14805 1 987103 0.81395346 16.25809189863503
14806 1 836289 0.85714287 9.934127912856638
14807 1 1492509 0.86419755 10.04320289939642
14808 1 987103 0.81395346 9.336895076557994
14809 1 1455108 0.8271605 10.664163972251117
14810 1 2152981 0.8313253 10.620662942528725
14811 1 827074 0.86585367 10.271779960021377
14812 1 1492509 0.86419755 9.898361982777715
14813 1 2004094 0.8414634 10.50988188944757
14814 1 2279387 0.8888889 11.157330009154975
14815 1 843428 0.9 10.443830979056656
14816 1 1623216 0.8152174 8.122713072225451
14817 1 821172 0.84810126 11.80454296991229
14818 1 971392 0.8518519 11.658661998808384
14819 1 1684793 0.88095236 10.090506984852254
14820 1 993226 0.8235294 11.847799993120134
14821 1 971392 0.86585367 10.18080092035234
14822 1 826222 0.85365856 11.799733969382942
14823 1 895426 0.85393256 8.487811079248786
14824 1 999321 0.8974359 10.278160916641355
14825 1 836289 0.87058824 8.84728692471981
14826 1 938694 0.8352941 10.133505100384355
14827 1 843428 0.8414634 11.153246043249965
14828 1 1198814 0.8125 6.061673979274929
14829 1 1409596 0.8227848 11.184409959241748
14830 1 1143800 0.9125 9.565409971401095
14831 1 709444 0.8333333 10.849512997083366
14832 1 1143800 0.9240506 10.821282980032265
14833 1 713529 0.8117647 10.56489790789783
14834 1 768928 0.8674699 9.931345004588366
14835 1 836289 0.84705883 9.490969008766115
14836 1 709444 0.8333333 10.51897497382015
14837 1 2152981 0.8313253 11.010524001903832
14838 1 827074 0.8780488 9.47945297230035
14839 1 938694 0.8352941 10.277766967192292
14840 1 1492509 0.86419755 10.276757064275444
14841 1 1167045 0.8255814 10.864084004424512
14842 1 1183528 0.8433735 11.53935689944774
14843 1 843428 0.8607595 13.711669016629457
14844 1 1183528 0.8214286 11.648662039078772
14845 1 821172 0.8607595 11.566289002075791
14846 1 275461 0.8863636 7.852590992115438
14847 1 1923496 0.85365856 9.719394030980766
14848 1 709444 0.8333333 10.560333030298352
14849 1 938694 0.8023256 10.996317956596613
14850 1 2004094 0.8414634 10.956429992802441
14851 1 1006239 0.8214286 10.940247913822532
14852 1 826222 0.8414634 10.842488962225616
14853 1 1041615 0.80851066 6.285901996307075
14854 1 1406709 0.89873415 10.661566979251802
14855 1 1142235 0.81609195 7.958448026329279
14856 1 1143800 0.9240506 10.022695059888065
14857 1 1142235 0.80898875 6.69353804551065
14858 1 1138458 0.8202247 7.423079921863973
14859 1 1114782 0.8045977 9.328450076282024
14860 1 1013942 0.85057473 9.322723955847323
14861 1 1167045 0.83908045 10.596145992167294
14862 1 1195135 0.8202247 11.811417993158102
14863 1 1086542 0.82978725 6.471656961366534
14864 1 709444 0.8333333 10.729884961619973
14865 1 1183528 0.7906977 11.230345000512898
14866 1 277578 0.89285713 10.697220102883875
14867 1 1183528 0.8 12.412118026986718
14868 1 1137367 0.8068182 10.26568200904876
14869 1 1138458 0.82758623 10.315087041817605
14870 1 1057481 0.8433735 11.493072961457074
14871 1 840337 0.90588236 8.015095023438334
14872 1 836289 0.80898875 7.827542955055833
14873 1 1093245 0.88372093 10.179894976317883
14874 1 836289 0.84090906 7.860352983698249
14875 1 1191367 0.8414634 9.634174057282507
14876 1 713529 0.8765432 10.186716099269688
14877 1 1081603 0.8764045 9.191814926452935
14878 1 1428059 0.8414634 10.9230219386518
14879 1 1086716 0.8235294 10.367726092226803
14880 1 1183528 0.8117647 11.176583007909358
14881 1 1831035 0.8625 11.177644017152488
14882 1 1183528 0.8235294 10.040277964435518
14883 1 1105991 0.83908045 9.319666889496148
14884 1 990372 0.8181818 9.290046989917755
14885 1 1573267 0.88461536 11.794822989031672
14886 1 1142235 0.8488372 8.255545981228352
14887 1 1041615 0.827957 10.776130016893148
14888 1 768928 0.8674699 9.480176959186792
14889 1 1144258 0.8192771 8.681608946062624
14890 1 963158 0.8181818 8.944967994466424
14891 1 840337 0.87058824 10.404285974800587
14892 1 955133 0.8764045 7.1029580431059
14893 1 1148796 0.8795181 11.743693030439317
14894 1 981218 0.8815789 11.84265804477036
14895 1 1058818 0.82758623 10.159043944440782
14896 1 840337 0.85057473 9.071163949556649
14897 1 836289 0.8915663 10.277191991917789
14898 1 821172 0.8607595 11.877781944349408
14899 1 717168 0.8352941 9.923608973622322
14900 1 1135095 0.9113924 11.134900036267936
14901 1 1167045 0.87058824 9.59860801231116
14902 1 1170299 0.88095236 10.69039199501276
14903 1 987103 0.8235294 10.516023030504584
14904 1 1183528 0.81395346 9.979360038414598
14905 1 971392 0.8518519 11.466450989246368
14906 1 1145325 0.8701299 11.491857003420591
14907 1 1658716 0.8636364 9.189046104438603
14908 1 1086542 0.8888889 7.007692940533161
14909 1 1067479 0.82758623 9.523762040771544
14910 1 1105991 0.84090906 8.140064077451825
14911 1 827074 0.8875 10.829942999407649
14912 1 1649370 0.85365856 10.93199197202921
14913 1 840337 0.82954544 8.065738016739488
14914 1 1649370 0.85365856 10.757751995697618
14915 1 1779939 0.89285713 10.295402025803924
14916 1 1560721 0.875 11.628775973804295
14917 1 1101458 0.8604651 9.739917935803533
14918 1 1006909 0.8131868 8.694768999703228
14919 1 709444 0.8333333 11.123611009679735
14920 1 1560721 0.875 11.224008980207145
14921 1 1138458 0.88372093 8.227064972743392
14922 1 971392 0.8518519 11.907686945050955
14923 1 1057481 0.8433735 10.42108703404665
14924 1 1123652 0.8181818 8.889788994565606
14925 1 827074 0.8433735 10.22302103228867
14926 1 821172 0.8271605 10.343341971747577
14927 1 1623216 0.8152174 7.691689999774098
14928 1 1167045 0.89411765 8.105546003207564
14929 1 1848451 0.84444445 7.620595977641642
14930 1 1428059 0.8192771 11.032227077521384
14931 1 40474 0.8227848 10.993953910656273
14932 1 1058818 0.82758623 9.088773978874087
14933 1 813110 0.8674699 9.7842380637303
14934 1 836289 0.84705883 9.409764083102345
14935 1 1831035 0.8625 11.026273015886545
14936 1 1142235 0.81609195 7.948498008772731
14937 1 1138458 0.872093 7.893414003774524
14938 1 1101458 0.86904764 10.03565196879208
14939 1 1191367 0.8414634 9.897837066091597
14940 1 1440673 0.90123457 13.319424004293978
14941 1 370562 0.8333333 13.23948206845671
14942 1 1142235 0.8181818 8.108838927000761
14943 1 1105991 0.8488372 10.470901965163648
14944 1 1181933 0.86419755 12.053660931997001
14945 1 1662839 0.86904764 9.34467394836247
14946 1 1023886 0.8372093 10.378540027886629
14947 1 821172 0.8375 11.727739009074867
14948 1 999321 0.8974359 10.467148968018591
14949 1 836289 0.8604651 8.5262960055843
14950 1 1623216 0.8152174 7.605299004353583
14951 1 127492 0.85882354 14.00237309280783
14952 1 836289 0.84705883 9.431618032976985
14953 1 1623216 0.8152174 7.290960988029838
14954 1 1155825 0.8352941 9.385565994307399
14955 1 1662839 0.86904764 8.736773976124823
14956 1 1025579 0.8333333 7.385092088952661
14957 1 1041615 0.8369565 6.892404984682798
14958 1 826222 0.8518519 11.86374097596854
14959 1 1198814 0.8369565 7.2343479841947556
14960 1 1155825 0.8452381 10.016408050432801
14961 1 1181933 0.85365856 10.969034978188574
14962 1 1183528 0.85365856 11.78674295078963
14963 1 2004094 0.8414634 10.80542104318738
14964 1 938694 0.8023256 11.014121933840215
14965 1 1428059 0.8414634 11.126567027531564
14966 1 836289 0.85227275 7.868913933634758
14967 1 850943 0.8333333 10.553797939792275
14968 1 275461 0.8863636 8.424172992818058
14969 1 821172 0.79761904 9.55616997089237
14970 1 826222 0.8214286 10.917872074060142
14971 1 1781917 0.82978725 6.9205909967422485
14972 1 768928 0.8674699 10.297137079760432
14973 1 1155825 0.8452381 10.976018966175616
14974 1 1923496 0.85365856 10.39725006558001
14975 1 938694 0.8023256 11.451623984612525
14976 1 1041615 0.8172043 7.032873923890293
14977 1 993226 0.8117647 11.138587957248092
14978 1 1662839 0.86904764 8.710060035809875
14979 1 1041615 0.84782606 6.554453982971609
14980 1 836289 0.8604651 8.203109027817845
14981 1 1138458 0.82954544 8.227498037740588
14982 1 26517 0.8214286 11.209269985556602
14983 1 1086716 0.8235294 10.328292031772435
14984 1 971392 0.86585367 9.456716012209654
14985 1 895426 0.85393256 8.18278908263892
14986 1 1183528 0.7906977 11.24652090948075
14987 1 836289 0.8131868 6.322424975223839
14988 1 1712497 0.8072289 11.917789001017809
14989 1 1492905 0.80246913 12.621985981240869
14990 1 1684055 0.8152174 7.464086054824293
14991 1 836289 0.85057473 7.575879921205342
14992 1 971392 0.8518519 11.177634936757386
14993 1 709444 0.8333333 11.226392933167517
14994 1 1954924 0.8804348 6.823887932114303
14995 1 1191367 0.8414634 10.05300902761519
14996 1 1572367 0.85714287 9.198753046803176
14997 1 1057481 0.8433735 10.91941597405821
14998 1 836289 0.91358024 11.406586039811373
14999 1 866868 0.8433735 9.747290052473545
15000 1 986301 0.80246913 11.546246940270066
15001 1 1016772 0.8433735 12.323329923674464
15002 1 40474 0.8227848 11.6494030226022
15003 1 1134637 0.82978725 7.043004035949707
15004 1 1440673 0.90123457 12.151409988291562
15005 1 1831035 0.8625 11.161790927872062
15006 1 987103 0.84705883 9.344952064566314
15007 1 1684793 0.88095236 9.217582060955465
15008 1 963158 0.8181818 8.405125001445413
15009 1 955133 0.8764045 6.375923054292798
15010 1 826222 0.8518519 11.573906056582928
15011 1 863895 0.8352941 10.200148914009333
15012 1 1409596 0.8227848 11.389460996724665
15013 1 1198814 0.827957 7.44988105725497
15014 1 1009381 0.8117647 10.833606938831508
15015 1 938694 0.8352941 10.436544893309474
15016 1 833111 0.84782606 6.95065304171294
15017 1 1191367 0.85365856 9.819685015827417
15018 1 840337 0.83908045 9.540520026348531
15019 1 1447199 0.8072289 11.974186985753477
15020 1 971392 0.86585367 10.214742040261626
15021 1 1831035 0.8625 11.94345101248473
15022 1 836289 0.87058824 9.336811024695635
15023 1 1492905 0.80246913 13.673504930920899
15024 1 938694 0.8023256 11.87972107436508
15025 1 1455108 0.8271605 11.422006064094603
15026 1 2152981 0.8313253 11.347983032464981
15027 1 1000695 0.85882354 10.350510943681002
15028 1 1138458 0.82954544 7.9812039621174335
15029 1 1409596 0.8227848 10.783537989482284
15030 1 1831035 0.8625 10.897408938035369
15031 1 1142235 0.8255814 8.645277004688978
15032 1 836289 0.8915663 9.320968994870782
15033 1 1150426 0.8433735 10.845413897186518
15034 1 1183528 0.8045977 9.491940028965473
15035 1 1523485 0.8875 10.807083919644356
15036 1 1848451 0.84444445 7.6303769601508975
15037 1 1834725 0.90361446 9.302278980612755
15038 1 713529 0.8117647 9.442672017030418
15039 1 713529 0.8765432 9.911835077218711
15040 1 1177038 0.83908045 9.630728047341108
15041 1 40474 0.8227848 11.078562936745584
15042 1 1409596 0.8227848 12.372873956337571
15043 1 840337 0.8111111 8.141102036461234
15044 1 1428059 0.8192771 11.95786299649626
15045 1 1105991 0.84090906 8.784929988905787
15046 1 1428059 0.8414634 11.967682978138328
15047 1 1572367 0.85714287 9.407376986928284
15048 1 1447199 0.8072289 12.23226694855839
15049 1 1140128 0.8604651 10.14199701603502
15050 1 1041615 0.82417583 8.180579985491931
15051 1 826222 0.8117647 9.489637915976346
15052 1 1572367 0.85714287 8.826197939924896
15053 1 1016772 0.8352941 10.568058001808822
15054 1 1712497 0.8072289 11.899631004780531
15055 1 1183528 0.8255814 9.325006976723671
15056 1 1198814 0.8105263 6.098938989453018
15057 1 1492905 0.80246913 12.476642965339124
15058 1 895426 0.85393256 8.229929022490978
15059 1 1041615 0.85555553 7.512271055020392
15060 1 1954924 0.8804348 6.178571027703583
15061 1 1492509 0.86419755 9.959782008081675
15062 1 1945002 0.84090906 8.601994952186942
15063 1 709444 0.8333333 10.497006005607545
15064 1 1011827 0.84090906 8.687142981216311
15065 1 1057481 0.8433735 9.944688994437456
15066 1 1148796 0.86904764 9.886707994155586
15067 1 1191367 0.8414634 9.439193992875516
15068 1 1167045 0.82417583 6.485702004283667
15069 1 464182 0.8494624 7.5963379349559546
15070 1 1681522 0.81914896 6.772896042093635
15071 1 1440673 0.8333333 6.7305139964446425
15072 1 844832 0.7980769 7.960611023008823
15073 1 557255 0.8333333 5.263344966806471
15074 1 1684075 0.8172043 7.519303937442601
15075 1 844832 0.7980769 5.737252067774534
15076 1 987233 0.8172043 7.665251032449305
15077 1 844832 0.7980769 4.969040979631245
15078 1 1681522 0.81914896 6.848457967862487
15079 1 844832 0.7980769 5.016415962018073
15080 1 987233 0.8172043 7.341430988162756
15081 1 10904 0.8210526 6.517854053527117
15082 1 2474223 0.8791209 6.574010010808706
15083 1 1780781 0.83870965 6.482667988166213
15084 1 2097904 0.83157897 6.605371017940342
15085 1 557255 0.8333333 4.925884073600173
15086 1 957928 0.8541667 5.541082937270403
15087 1 1440673 0.8333333 6.443744990974665
15088 1 2097904 0.83157897 6.563789094798267
15089 1 987233 0.8172043 6.91439094953239
15090 1 2097904 0.83157897 6.431291112676263
15091 1 557255 0.8333333 4.880203981883824
15092 1 844832 0.7980769 4.518848028965294
15093 1 1722896 0.8901099 6.612304016016424
15094 1 464182 0.8494624 6.90142996609211
15095 1 2097904 0.83157897 6.395298987627029
15096 1 1681522 0.81914896 6.382236024364829
15097 1 449145 0.85714287 6.452895933762193
15098 1 987233 0.8172043 6.844061077572405
15099 1 1722896 0.8901099 6.275450927205384
15100 1 957928 0.8541667 5.590226035565138
15101 1 987233 0.8172043 6.620466010645032
15102 1 987233 0.8172043 6.560420035384595
15103 1 844832 0.7980769 4.424229031428695
15104 1 957928 0.8541667 5.206304951570928
15105 1 557255 0.8333333 5.014793016016483
15106 1 2305316 0.90909094 2.4141399189829826
15107 1 1967913 0.90909094 1.0830099927261472
15108 1 942245 0.90909094 0.8387569105252624
15109 1 2344560 0.90909094 1.4574070228263736
15110 1 1779239 0.90909094 1.7470379825681448
15111 1 450042 0.9 1.8374540377408266
15112 1 1780896 0.90909094 1.4146839966997504
15113 1 450042 0.9 0.9256599005311728
15114 1 278781 0.90909094 0.9077109862118959
15115 1 149535 0.9 0.9874380193650723
15116 1 170584 0.90909094 0.9646120015531778
15117 1 450042 0.9 1.6491729766130447
15118 1 2267327 0.90909094 1.595033099874854
15119 1 2305316 0.90909094 1.6156890196725726
15120 1 363326 0.90909094 1.5561030013486743
15121 1 1779239 0.90909094 1.6354300314560533
15122 1 601260 0.94736844 2.363878069445491
15123 1 1629808 0.9411765 1.4282680349424481
15124 1 28686 0.9166667 0.953490030951798
15125 1 83741 0.95238096 3.0861799605190754
15126 1 1965745 0.9444444 1.6941590001806617
15127 1 284808 0.9375 1.3783720787614584
15128 1 1965678 0.9375 1.1559060076251626
15129 1 1265209 0.9166667 1.0445790830999613
15130 1 1814662 0.94736844 1.5115460846573114
15131 1 316124 0.94736844 1.6183840343728662
15132 1 1413058 0.94736844 1.7591600771993399
15133 1 2040242 0.9411765 1.1881369864568114
15134 1 1001964 0.9047619 1.98708800598979
15135 1 1144242 0.9411765 1.4117909595370293
15136 1 2333360 0.9375 1.1377559276297688
15137 1 1600959 0.95238096 2.2870820248499513
15138 1 1563568 0.9375 1.316078007221222
15139 1 1727977 0.95 1.7388219712302089
15140 1 1001964 0.9047619 2.0021250238642097
15141 1 1830377 0.94736844 1.478350954130292
15142 1 1144242 0.9411765 1.1305740335956216
15143 1 867203 0.94736844 1.6756579279899597
15144 1 234119 0.9047619 2.0424019312486053
15145 1 1259935 0.9047619 1.9469369435682893
15146 1 1125472 0.95238096 1.9386450294405222
15147 1 1967841 0.95238096 2.0953030325472355
15148 1 132679 0.94736844 1.6497719334438443
15149 1 1585108 0.9444444 2.4826880544424057
15150 1 366718 0.9375 1.012762077152729
15151 1 1961070 0.9444444 1.363505027256906
15152 1 1726155 0.9411765 1.2042430462315679
15153 1 1795108 0.9411765 1.1806919937953353
15154 1 714067 0.9047619 1.9523210357874632
15155 1 1965678 0.9375 1.147561939433217
15156 1 1512736 0.9230769 0.9194780141115189
15157 1 1965678 0.9375 1.0969139402732253
15158 1 1484589 0.9 1.3633091002702713
15159 1 1144242 0.9411765 2.810613950714469
15160 1 30698 0.95 1.649640966206789
15161 1 1965885 0.9375 1.0194050846621394
15162 1 2333360 0.9375 1.0297329863533378
15163 1 1712095 0.9 1.497908029705286
15164 1 1940805 0.94736844 2.5795450201258063
15165 1 2216827 0.94736844 2.1255130413919687
15166 1 1136461 0.9 2.0270029781386256
15167 1 439256 0.90909094 0.821224064566195
15168 1 1136461 0.95 1.7418030183762312
15169 1 596375 0.9285714 0.899410923011601
15170 1 2358734 0.9444444 2.1162470802664757
15171 1 138871 0.9 2.9123579151928425
15172 1 316124 0.94736844 2.2880079923197627
15173 1 1136461 0.9 2.67569103743881
15174 1 1720688 0.94736844 1.3431799598038197
15175 1 353042 0.9375 1.1163790477439761
15176 1 1960701 0.9375 1.1292219860479236
15177 1 138871 0.9 1.9856439903378487
15178 1 82550 0.95238096 2.009193995036185
15179 1 1001964 0.95 1.735919970087707
15180 1 1857862 0.9375 1.0676449164748192
15181 1 2199023 0.94736844 1.4295539585873485
15182 1 1780764 0.95238096 1.8257970223203301
15183 1 1001964 0.9047619 1.9766680197790265
15184 1 1782044 0.95238096 1.588582992553711
15185 1 1729854 0.94736844 1.3727749465033412
15186 1 1133557 0.9444444 1.4955230290070176
15187 1 168266 0.94736844 2.062779967673123
15188 1 454359 0.94736844 1.4270199462771416
15189 1 477541 0.94736844 1.7486779252067208
15190 1 1672749 0.95 2.653233939781785
15191 1 1965529 0.95 3.4300709376111627
15192 1 1777085 0.9411765 1.2981449253857136
15193 1 1965062 0.93333334 0.8561969734728336
15194 1 96082 0.9375 0.8846879936754704
15195 1 1709273 0.9285714 1.1225389316678047
15196 1 1060418 0.9047619 2.006447990424931
15197 1 1962851 0.94736844 1.4753920258954167
15198 1 15575 0.90909094 0.8703420171514153
15199 1 170986 0.9375 1.332485000602901
15200 1 2252331 0.95 1.8700340297073126
15201 1 893579 0.9444444 1.454886980354786
15202 1 81595 0.95 1.6460639890283346
15203 1 316124 0.94736844 1.5170539263635874
15204 1 2285588 0.93333334 2.5183320976793766
15205 1 1654963 0.8947368 2.163564902730286
15206 1 1965745 0.9444444 2.1408890606835485
15207 1 767599 0.9285714 1.2159160105511546
15208 1 578128 0.9 1.688238000497222
15209 1 369119 0.9230769 0.8960280101746321
15210 1 1925489 0.93333334 1.1096929665654898
15211 1 1760932 0.95 1.6035259468480945
15212 1 1156023 0.9166667 0.8987840265035629
15213 1 20768 0.95 1.5586649533361197
15214 1 1413058 0.94736844 1.8199799815192819
15215 1 1329508 0.93333334 0.98116893786937
15216 1 1857860 0.95238096 1.8171509727835655
15217 1 1182529 0.9375 1.0720000136643648
15218 1 561174 0.95 1.7178740818053484
15219 1 104957 0.9375 1.066299038939178
15220 1 1660061 0.9411765 1.0949160205200315
15221 1 1967823 0.95238096 1.948038931004703
15222 1 1830377 0.94736844 1.5857170801609755
15223 1 168266 0.94736844 1.4839640352874994
15224 1 399485 0.94736844 1.649154000915587
15225 1 1960759 0.9444444 2.0578840048983693
15226 1 662281 0.9375 1.7377169569954276
15227 1 1113493 0.9375 1.7272279364988208
15228 1 2003341 0.93333334 1.2070799712091684
15229 1 1209149 0.9411765 2.4628560058772564
15230 1 1830377 0.94736844 1.6146800480782986
15231 1 1961754 0.94736844 1.6380499582737684
15232 1 1156023 0.9166667 1.899163005873561
15233 1 1722476 0.9375 1.1943669524043798
15234 1 1249345 0.95 2.0605259342119098
15235 1 1090737 0.95 1.9147309940308332
15236 1 244577 0.9444444 1.702824025414884
15237 1 640121 0.9411765 1.1265890207141638
15238 1 170986 0.9375 1.2969770468771458
15239 1 170986 0.9375 1.3646689476445317
15240 1 1675766 0.9375 1.1950309854000807
15241 1 1109659 0.9375 1.4396549668163061
15242 1 1396178 0.9047619 1.9717930117622018
15243 1 1968874 0.90909094 0.936328899115324
15244 1 1093783 0.9 1.5326420543715358
15245 1 1968280 0.9285714 1.0703799780458212
15246 1 1651938 0.95238096 2.068917965516448
15247 1 1577922 0.9230769 1.059042988345027
15248 1 767599 0.9285714 1.1120429262518883
15249 1 138871 0.9 2.0194079261273146
15250 1 1824434 0.9444444 1.3041360070928931
15251 1 1830377 0.94736844 1.4869329752400517
15252 1 1588531 0.94736844 1.4717259909957647
15253 1 1968188 0.9375 1.2986119836568832
15254 1 1965745 0.9444444 1.5868849586695433
15255 1 1854807 0.94736844 1.5188039978966117
15256 1 1156023 0.9166667 1.0990840382874012
15257 1 541082 0.9 1.9821010064333677
15258 1 558762 0.9444444 1.2378939427435398
15259 1 370890 0.9166667 0.8814480388537049
15260 1 821323 0.9444444 1.4883909607306123
15261 1 1027606 0.90909094 2.2508869878947735
15262 1 1830377 0.94736844 1.624732045456767
15263 1 1586007 0.95238096 2.8810719959437847
15264 1 306148 0.94736844 3.3003269927576184
15265 1 1713289 0.9444444 1.4563630102202296
15266 1 138871 0.9 2.069566980935633
15267 1 767599 0.9285714 1.1140560964122415
15268 1 1690904 0.9411765 1.6952240839600563
15269 1 1265209 0.9166667 0.9665420511737466
15270 1 999365 0.9047619 2.2036879090592265
15271 1 1480011 0.9047619 2.0727900555357337
15272 1 1896312 0.9285714 1.0962550295516849
15273 1 834608 0.8947368 1.3231000630185008
15274 1 82550 0.95238096 1.824040082283318
15275 1 293572 0.9444444 1.3381571043282747
15276 1 727450 0.9411765 1.1211209930479527
15277 1 609665 0.9166667 0.8498679380863905
15278 1 748752 0.9047619 1.7011089948937297
15279 1 558762 0.9444444 1.2812470085918903
15280 1 1857244 0.9285714 2.6896350318565965
15281 1 1814662 0.94736844 1.5215330058708787
15282 1 1830377 0.94736844 1.494424999691546
15283 1 1968874 0.90909094 2.5028910022228956
15284 1 356778 0.9444444 3.047858946956694
15285 1 1814662 0.94736844 1.4103029388934374
15286 1 227774 0.95 1.8999269232153893
15287 1 1962119 0.95 2.42009200155735
15288 1 1830377 0.94736844 1.4069259632378817
15289 1 1930250 0.95 1.634787069633603
15290 1 1588531 0.94736844 1.4068089658394456
15291 1 1905958 0.9375 0.9717289358377457
15292 1 1586011 0.94736844 1.3822839828208089
15293 1 1969560 0.9375 1.0741340229287744
15294 1 1962119 0.95 1.5856149839237332
15295 1 183235 0.9444444 1.2053620303049684
15296 1 1799538 0.90909094 0.8166689658537507
15297 1 1677518 0.94736844 1.2977159349247813
15298 1 1908874 0.95 1.9437699811533093
15299 1 1265209 0.9166667 0.8998289704322815
15300 1 1777356 0.9444444 1.167548936791718
15301 1 1910978 0.94736844 1.3548819115385413
15302 1 168266 0.94736844 1.325483899563551
15303 1 735379 0.95 1.6217610100284219
15304 1 178281 0.90909094 0.9944000048562884
15305 1 1586007 0.95238096 1.7219140427187085
15306 1 3701 0.95238096 3.706166986376047
15307 1 227774 0.95 1.9857819424942136
15308 1 1830377 0.94736844 1.7739110626280308
15309 1 1484589 0.9 1.5154279535636306
15310 1 352731 0.9411765 2.720927936024964
15311 1 1367664 0.9444444 1.4408749993890524
15312 1 1885931 0.94736844 2.258235006593168
15313 1 125527 0.94736844 1.654980005696416
15314 1 1777356 0.9444444 1.1948050232604146
15315 1 447801 0.93333334 0.9504640474915504
15316 1 1780423 0.9375 0.951061025261879
15317 1 1710034 0.95238096 1.8501220038160682
15318 1 1156023 0.9166667 1.0929530253633857
15319 1 230810 0.9 1.688922056928277
15320 1 802268 0.9285714 2.5997330667451024
15321 1 1777850 0.94736844 2.1462299628183246
15322 1 1715971 0.93333334 2.7214299188926816
15323 1 2216827 0.94736844 1.2868390185758471
15324 1 1854807 0.94736844 1.3630110770463943
15325 1 767599 0.9285714 1.408042968250811
15326 1 5044 0.9285714 1.1230179807171226
15327 1 9255 0.9285714 0.9260580409318209
15328 1 2283541 0.9285714 1.6689610201865435
15329 1 1366285 0.95 1.6434548888355494
15330 1 1965678 0.9375 1.0488600237295032
15331 1 37622 0.9230769 0.9269609581679106
15332 1 170986 0.9375 1.3178220251575112
15333 1 1781988 0.9411765 1.0421619517728686
15334 1 170986 0.9375 1.3863759813830256
15335 1 1156023 0.9166667 1.2468009954318404
15336 1 1777850 0.94736844 1.3312909286469221
15337 1 154605 0.93333334 1.4773920411244035
15338 1 1779207 0.9166667 1.4879839727655053
15339 1 1963571 0.9 1.607188954949379
15340 1 1460857 0.9166667 0.8318570908159018
15341 1 1962010 0.94736844 1.3004590291529894
15342 1 109298 0.9 1.4845430850982666
15343 1 1965678 0.9375 1.0199400130659342
15344 1 1860045 0.95 1.4172770315781236
15345 1 1711072 0.9411765 0.9413999505341053
15346 1 398814 0.9166667 0.783888972364366
15347 1 1814662 0.94736844 1.2054590042680502
15348 1 1424800 0.94736844 1.1409050785005093
15349 1 1967535 0.9444444 1.2517690192908049
15350 1 1966849 0.9444444 1.3989469734951854
15351 1 1461913 0.95238096 2.4276520125567913
15352 1 1125472 0.95238096 3.3091980731114745
15353 1 1547125 0.95 1.9558760104700923
15354 1 1965745 0.9444444 2.5053489953279495
15355 1 1965135 0.9444444 2.2916169837117195
15356 1 1965678 0.9375 1.2800149852409959
15357 1 397709 0.9444444 2.4160060565918684
15358 1 1814662 0.94736844 2.2805240005254745
15359 1 2303795 0.9444444 2.1302090026438236
15360 1 37622 0.9230769 1.7501800321042538
15361 1 125527 0.94736844 2.7090240037068725
15362 1 1965975 0.95238096 2.0443350076675415
15363 1 833767 0.9 1.5406579477712512
15364 1 1859621 0.9166667 0.871203956194222
15365 1 1019697 0.94736844 1.7496469663456082
15366 1 1782044 0.95238096 1.9724909216165543
15367 1 1964249 0.9375 1.617474015802145
15368 1 1896312 0.9285714 1.5638930490240455
15369 1 1354348 0.9375 1.2599549954757094
15370 1 573183 0.95 2.0114179933443666
15371 1 578128 0.94736844 1.7014140030369163
15372 1 1964048 0.9230769 1.1001069797202945
15373 1 352731 0.9411765 1.1132590007036924
15374 1 225845 0.9444444 1.3071330031380057
15375 1 1965745 0.9444444 2.6067139115184546
15376 1 439256 0.90909094 0.9366560261696577
15377 1 1961732 0.94736844 1.48830097168684
15378 1 1860041 0.9375 1.072981976903975
15379 1 1906055 0.94736844 3.217314020730555
15380 1 303440 0.94736844 2.7240440249443054
15381 1 1781486 0.95 1.5378870302811265
15382 1 1624663 0.9047619 1.858668983913958
15383 1 2207170 0.9375 1.0115699842572212
15384 1 1905958 0.9375 1.0261310962960124
15385 1 1001964 0.9047619 1.974717015400529
15386 1 575406 0.9411765 1.7282499466091394
15387 1 168266 0.94736844 1.5415579546242952
15388 1 1265209 0.9166667 1.6796099953353405
15389 1 3701 0.95238096 1.9196680514141917
15390 1 1725616 0.95238096 1.9438640447333455
15391 1 1907458 0.9166667 1.5340190147981048
15392 1 1629941 0.9047619 1.8466010224074125
15393 1 2040524 0.9285714 1.1361100478097796
15394 1 2224183 0.95 1.5877489931881428
15395 1 8931 0.9285714 1.5339760575443506
15396 1 661215 0.9411765 3.2033720053732395
15397 1 2385173 0.9285714 1.0383239714428782
15398 1 758654 0.9444444 1.2598040048033
15399 1 1845574 0.94736844 1.342014060355723
15400 1 1487143 0.94736844 3.0554989352822304
15401 1 83741 0.95238096 1.9257860258221626
15402 1 1500903 0.9285714 1.1007910361513495
15403 1 1727977 0.95 1.5439660055562854
15404 1 1645126 0.9411765 1.0928979609161615
15405 1 138871 0.9 1.6631520120427012
15406 1 767599 0.9285714 0.9260110091418028
15407 1 1968188 0.9375 0.9223580127581954
15408 1 506874 0.95 1.404709997586906
15409 1 1957934 0.9 1.5302749816328287
15410 1 331204 0.8947368 1.3358460273593664
15411 1 1814662 0.94736844 1.2716930359601974
15412 1 1690904 0.9411765 1.0497530456632376
15413 1 900032 0.9230769 0.8180940058082342
15414 1 27894 0.90909094 0.8546690223738551
15415 1 1633567 0.95 3.174767945893109
15416 1 1830377 0.94736844 1.283417921513319
15417 1 973202 0.95 1.7360929632559419
15418 1 1436967 0.9411765 1.4789289562031627
15419 1 1577922 0.9230769 0.9928590152412653
15420 1 1777356 0.9444444 2.9495180351659656
15421 1 1660061 0.9411765 1.0472279973328114
15422 1 923071 0.9411765 1.0174199705943465
15423 1 2358774 0.95238096 1.7100999830290675
15424 1 170986 0.9375 1.458031008951366
15425 1 1156023 0.9166667 0.9162279311567545
15426 1 244577 0.9444444 1.434971927665174
15427 1 526209 0.94736844 3.2825421076267958
15428 1 1156023 0.9166667 1.2775800423696637
15429 1 1962119 0.95 1.581449992954731
15430 1 454901 0.94736844 1.7881699604913592
15431 1 1156023 0.9166667 0.9081040043383837
15432 1 588791 0.95 2.650014008395374
15433 1 9336 0.94736844 1.4702639309689403
15434 1 1962716 0.94736844 1.5179439214989543
15435 1 1968608 0.94736844 1.6849599778652191
15436 1 1635149 0.9047619 3.5963651025667787
15437 1 1599216 0.9444444 2.9319049790501595
15438 1 1646096 0.9375 1.041538082063198
15439 1 157648 0.9411765 1.1062290286645293
15440 1 8710 0.94736844 1.3366939965635538
15441 1 8710 0.94736844 1.4338319888338447
15442 1 1814662 0.94736844 1.3355249539017677
15443 1 1600953 0.94736844 1.3215310173109174
15444 1 1964134 0.9444444 1.2643280206248164
15445 1 296688 0.9444444 1.274396083317697
15446 1 1399203 1.0 1.5530900564044714
15447 1 1036003 0.94736844 1.8082099268212914
15448 1 1136461 0.95 1.9046709639951587
15449 1 1965745 0.9444444 1.4833760214969516
15450 1 1589562 0.9166667 0.8582959417253733
15451 1 1643964 0.9444444 1.3808549847453833
15452 1 617914 0.93333334 0.9272299939766526
15453 1 27894 0.90909094 0.7850119145587087
15454 1 1707686 0.94736844 1.1782930232584476
15455 1 486334 0.9047619 1.7155430978164077
15456 1 1793993 0.9411765 1.1223930632695556
15457 1 397906 0.93333334 0.9688700083643198
15458 1 1967209 0.90909094 0.8728490211069584
15459 1 1593170 0.9 2.809230936691165
15460 1 880495 0.94736844 2.1713071037083864
15461 1 1777356 0.9444444 2.929670037701726
15462 1 1367765 0.9375 1.1549190385267138
15463 1 1860042 0.95 1.5444139717146754
15464 1 2019893 0.9411765 1.0300050489604473
15465 1 1258075 0.9285714 1.7478750087320805
15466 1 685030 0.95 2.469640923663974
15467 1 1965904 0.9375 1.1062950361520052
15468 1 907869 0.95 3.591411979869008
15469 1 1779783 0.9166667 0.9432559600099921
15470 1 374769 0.94736844 1.3733269879594445
15471 1 298870 0.9166667 0.931298010982573
15472 1 1799538 0.90909094 0.9604699444025755
15473 1 558762 0.9444444 2.3432199377566576
15474 1 1925494 0.94736844 1.5116790309548378
15475 1 104957 0.9375 1.1520490515977144
15476 1 434396 0.94736844 1.6606899444013834
15477 1 1637995 0.95 1.8859540577977896
15478 1 1961341 0.9166667 0.9519020095467567
15479 1 1724124 0.9166667 0.9056089911609888
15480 1 2040242 0.9411765 1.2006090255454183
15481 1 37622 0.9230769 2.488965983502567
15482 1 1965678 0.9375 1.2130599934607744
15483 1 1602917 0.9444444 2.1324260160326958
15484 1 1846954 0.94736844 2.225000993348658
15485 1 1726154 0.9375 1.1570779606699944
15486 1 1966271 0.95 1.825801096856594
15487 1 1725571 0.95 1.7341369530186057
15488 1 1136461 0.9 1.8415400991216302
15489 1 2040524 0.9285714 1.4708030503243208
15490 1 585196 0.9375 1.2958110310137272
15491 1 170986 0.9375 1.3897240860387683
15492 1 1967854 0.90909094 1.6068300465121865
15493 1 1144242 0.9411765 1.9867810187861323
15494 1 1260472 0.9411765 1.8086800118908286
15495 1 1506165 0.9 1.7966310260817409
15496 1 303440 0.8947368 1.5391759807243943
15497 1 1530970 0.95 1.7153739463537931
15498 1 56645 0.9285714 1.0715789394453168
15499 1 1965745 0.9444444 1.625517033971846
15500 1 1133557 0.9444444 1.417183899320662
15501 1 369119 0.9230769 0.8797009941190481
15502 1 1050366 0.95 1.6422229818999767
15503 1 1777850 0.94736844 1.436582999303937
15504 1 87927 0.9444444 1.4248500810936093
15505 1 210149 0.94736844 1.4575970126315951
15506 1 1830377 0.94736844 1.5201979549601674
15507 1 178283 0.9444444 1.3202209956943989
15508 1 526209 0.94736844 3.6763270618394017
15509 1 1966271 0.95 1.816360978409648
15510 1 1156023 0.9166667 1.0651890188455582
15511 1 1962833 0.9444444 1.4733619755133986
15512 1 192929 0.9444444 1.468721078708768
15513 1 1961732 0.94736844 1.4658260624855757
15514 1 1964575 0.9166667 2.7113949181512
15515 1 24018 0.9444444 1.6986719565466046
15516 1 1860792 0.9411765 1.2270609149709344
15517 1 1860792 0.9375 1.0777709539979696
15518 1 1602263 0.94736844 1.5921760350465775
15519 1 1715940 0.93333334 2.8372230008244514
15520 1 1963246 0.93333334 1.0416199220344424
15521 1 1963448 0.9230769 0.866060028783977
15522 1 980621 0.9444444 1.2333020567893982
15523 1 244577 0.9444444 1.4481409452855587
15524 1 1329508 0.93333334 1.711196033284068
15525 1 1967140 0.9375 1.7246759962290525
15526 1 1830377 0.94736844 2.203939016908407
15527 1 170986 0.9375 1.2483999598771334
15528 1 1860040 0.9375 0.9298929944634438
15529 1 1689811 0.9285714 0.8482679259032011
15530 1 9336 0.94736844 1.1402340605854988
15531 1 244577 0.9444444 1.18018698412925
15532 1 1584380 0.94736844 1.14338006824255
15533 1 1265209 0.9166667 0.8042600238695741
15534 1 4377 0.9444444 1.044703065417707
15535 1 1799538 0.90909094 0.7972510065883398
15536 1 1492778 0.95238096 1.638362999074161
15537 1 1622849 0.9285714 0.8396019693464041
15538 1 161983 0.9411765 0.9735140483826399
15539 1 178281 0.90909094 0.8041170658543706
15540 1 1962119 0.95 1.4030389720574021
15541 1 279928 0.9444444 1.3468419201672077
15542 1 160666 0.9285714 0.8195219561457634
15543 1 1209149 0.9411765 1.1049950262531638
15544 1 1777850 0.94736844 1.1800109641626477
15545 1 384771 0.9411765 0.9851129725575447
15546 1 84377 0.94736844 1.306822057813406
15547 1 1600959 0.95238096 1.7574039520695806
15548 1 439256 0.90909094 2.440603100694716
15549 1 1725616 0.95238096 1.812970032915473
15550 1 1136461 0.94736844 1.498767058365047
15551 1 1649378 0.93333334 1.121626002714038
15552 1 1602691 0.9375 1.0308639612048864
15553 1 104957 0.9375 0.9881149744614959
15554 1 1814662 0.94736844 1.4123679138720036
15555 1 138871 0.9 1.9076010212302208
15556 1 1854807 0.94736844 1.3339270371943712
15557 1 1449623 0.94736844 1.4999320264905691
15558 1 1710034 0.95238096 1.956760068424046
15559 1 1681895 0.9375 1.0123610263690352
15560 1 512515 0.9411765 1.1528519680723548
15561 1 1965678 0.9375 1.0476449970155954
15562 1 1203291 0.9 1.8990340176969767
15563 1 27894 0.90909094 2.489876002073288
15564 1 1854807 0.94736844 1.4775469899177551
15565 1 1001964 0.9047619 1.921529066748917
15566 1 1577922 0.9230769 0.9215399622917175
15567 1 1630727 0.9375 1.003407989628613
15568 1 2219637 0.95 2.184048993512988
15569 1 275942 0.95 2.2006749641150236
15570 1 2429242 0.9285714 1.0271930368617177
15571 1 1744932 0.95238096 1.8420219421386719
15572 1 454901 0.94736844 1.699856948107481
15573 1 1680903 0.94736844 1.7384609673172235
15574 1 1125472 0.9047619 1.6548680141568184
15575 1 1651938 0.95238096 1.8217619508504868
15576 1 178281 0.90909094 1.2852370273321867
15577 1 1793993 0.9411765 1.0347929783165455
15578 1 881381 0.95 1.6207669395953417
15579 1 1605500 0.8947368 1.3851459370926023
15580 1 1001964 0.9047619 2.2578469943255186
15581 1 1400655 0.9444444 1.19423505384475
15582 1 1778941 0.90909094 2.432237030006945
15583 1 316124 0.94736844 1.473654992878437
15584 1 834608 0.94736844 1.3328150380402803
15585 1 80247 0.9444444 1.4061559922993183
15586 1 1967535 0.9444444 1.341907074674964
15587 1 1500903 0.9285714 1.163681037724018
15588 1 1186229 0.9 6.603276007808745
15589 1 1596691 0.96428573 6.425611092709005
15590 1 1299558 0.95238096 2.6107740122824907
15591 1 746077 0.95238096 2.6147780008614063
15592 1 2012551 0.96153843 3.7442310713231564
15593 1 729611 0.92 3.5930059384554625
15594 1 1319482 0.92 3.824862069450319
15595 1 1018486 0.9677419 8.654857985675335
15596 1 1535506 0.9354839 8.549165911972523
15597 1 658235 0.9310345 6.816807086579502
15598 1 140692 0.95238096 1.9767589401453733
15599 1 1473676 0.95652175 2.7028999757021666
15600 1 2270223 0.9285714 6.9619069108739495
15601 1 1027606 0.9130435 2.7975760167464614
15602 1 1060967 0.9285714 6.84154499322176
15603 1 1778941 0.95454544 2.422599936835468
15604 1 1223053 0.9655172 6.751924986019731
15605 1 1034438 0.96153843 3.9149050135165453
15606 1 1765456 0.96 3.4033909905701876
15607 1 569428 0.9375 8.270993013866246
15608 1 817472 0.962963 5.508059053681791
15609 1 598556 0.96428573 6.558093940839171
15610 1 1679526 0.95238096 2.1081980085000396
15611 1 903839 0.96 3.2316779252141714
15612 1 1777384 0.96153843 3.681301954202354
15613 1 1961771 0.96153843 4.739251104183495
15614 1 654335 0.9259259 4.86542796716094
15615 1 598556 0.96428573 6.568767013959587
15616 1 1138888 0.96666664 7.122974027879536
15617 1 104191 0.96666664 7.03958107624203
15618 1 1116821 0.90909094 2.7522899908944964
15619 1 1855246 0.9 7.259991019964218
15620 1 1615053 0.96153843 4.272448946721852
15621 1 2199328 0.96153843 3.8712130626663566
15622 1 1540993 0.962963 4.5052170753479
15623 1 1225600 0.90625 7.228401023894548
15624 1 1050283 0.9655172 7.318251999095082
15625 1 1141973 0.9583333 2.8262640116736293
15626 1 515236 0.96 3.892807988449931
15627 1 1055762 0.9166667 2.8375739930197597
15628 1 1782004 0.9047619 1.697805942967534
15629 1 47729 0.9130435 2.6376579189673066
15630 1 8439 0.9655172 6.4228440169245005
15631 1 1641624 0.9655172 7.322967052459717
15632 1 2197095 0.9583333 3.4958990290760994
15633 1 421257 0.96153843 3.864843980409205
15634 1 84245 0.9583333 3.8987610023468733
15635 1 1986919 0.9032258 10.559924994595349
15636 1 1624797 1.0 8.737553027458489
15637 1 1243668 0.9310345 6.579745910130441
15638 1 2120130 0.9310345 6.7675430327653885
15639 1 84245 0.9583333 3.178847022354603
15640 1 847316 0.9583333 4.647294990718365
15641 1 758852 0.9032258 8.628031006082892
15642 1 1693367 0.9032258 7.81878107227385
15643 1 1034740 0.9310345 5.706410971470177
15644 1 2293444 0.9259259 5.809730966575444
15645 1 421257 0.96153843 4.090107046067715
15646 1 1326851 0.96428573 5.656402092427015
15647 1 1001310 0.9230769 5.249954992905259
15648 1 1450432 0.9285714 8.197691990062594
15649 1 1309399 0.9655172 9.59585199598223
15650 1 76860 0.962963 7.002690923400223
15651 1 656852 0.89285713 7.4203109834343195
15652 1 1487484 0.9655172 7.488601957447827
15653 1 1463029 0.9655172 6.627350929193199
15654 1 1027606 0.9130435 2.693496993742883
15655 1 1781054 0.96153843 3.9104350144043565
15656 1 1967847 0.96153843 3.8947139400988817
15657 1 2828 0.8965517 7.526258006691933
15658 1 1633089 0.9285714 5.716689047403634
15659 1 1442916 0.9166667 4.006333998404443
15660 1 1444994 0.9166667 3.808432025834918
15661 1 2156633 1.0 4.577137064188719
15662 1 182086 0.9 6.650320021435618
15663 1 1428680 0.95652175 2.445201971568167
15664 1 1226311 0.9583333 2.823204966261983
15665 1 1044421 0.95652175 2.5300009874626994
15666 1 1426691 0.96666664 6.745989085175097
15667 1 1113565 0.9354839 8.035389939323068
15668 1 1461603 0.96428573 5.315926042385399
15669 1 1497984 0.96428573 5.416676984168589
15670 1 1586009 0.95454544 2.287631039507687
15671 1 1013428 0.9032258 7.221353007480502
15672 1 1546981 0.9677419 7.717655040323734
15673 1 1295990 0.9354839 7.872526999562979
15674 1 1628689 0.9677419 7.728029973804951
15675 1 1821352 0.95652175 2.7056650724262
15676 1 2156630 0.9166667 2.5603960966691375
15677 1 1525433 0.9655172 6.038382998667657
15678 1 1457830 0.90909094 8.303947048261762
15679 1 838711 0.96666664 7.752169040031731
15680 1 1560001 0.962963 6.86409103218466
15681 1 1595950 0.96666664 8.347067050635815
15682 1 1713625 0.95652175 2.6692720130085945
15683 1 1728142 0.9583333 3.837050055153668
15684 1 1964366 0.96 6.109940004535019
15685 1 1190177 0.9583333 3.7821580190211535
15686 1 648644 0.9285714 5.667150020599365
15687 1 1238086 0.96428573 5.610438995063305
15688 1 1712095 0.90909094 2.810796955600381
15689 1 1170449 0.9677419 8.321366040036082
15690 1 1791585 0.95454544 3.9059669943526387
15691 1 1045155 0.9677419 8.262103889137506
15692 1 1935214 0.9166667 3.077515051700175
15693 1 1002972 0.96 4.1826090309768915
15694 1 701215 0.962963 4.9602469662204385
15695 1 1139754 0.9354839 8.180949022062123
15696 1 1259226 0.9677419 7.995538064278662
15697 1 1557884 0.96 4.099562996998429
15698 1 608182 0.95454544 3.6253229482099414
15699 1 701215 0.9285714 5.516593926586211
15700 1 466955 0.96153843 3.8782390765845776
15701 1 1080954 0.9259259 4.833651008084416
15702 1 1560677 0.9655172 6.542610004544258
15703 1 758852 0.9032258 8.300049928948283
15704 1 1068366 0.93333334 7.264504092745483
15705 1 1315737 0.9230769 4.015078069642186
15706 1 301514 0.95238096 1.9287519389763474
15707 1 1463821 0.95652175 2.5843019830062985
15708 1 1497123 0.962963 4.783937940374017
15709 1 1614495 0.96 3.458941006101668
15710 1 258586 0.96 3.64511099178344
15711 1 1200275 0.9 6.778870010748506
15712 1 1240433 0.9677419 7.594024064019322
15713 1 1167493 0.96666664 7.012251997366548
15714 1 434689 0.96428573 5.250525078736246
15715 1 1963703 0.9583333 2.8134570457041264
15716 1 2200498 0.95454544 2.7123900363221765
15717 1 1586009 0.9130435 2.5827670469880104
15718 1 996238 0.9655172 7.182753994129598
15719 1 1713692 0.95652175 4.889660980552435
15720 1 1720933 0.96666664 6.755310925655067
15721 1 1218920 0.95652175 2.514666994102299
15722 1 1054279 0.96 3.5236880648881197
15723 1 1060743 0.9677419 7.841252954676747
15724 1 591325 0.9130435 2.5436049327254295
15725 1 160572 0.96153843 3.8474400062114
15726 1 1712993 0.9130435 2.5892590638250113
15727 1 845146 0.96666664 7.133233943022788
15728 1 1630189 0.96428573 5.411885911598802
15729 1 548028 0.96428573 8.157090982422233
15730 1 1624167 0.96666664 12.215652968734503
15731 1 1910977 0.9583333 4.394274088554084
15732 1 561861 0.9354839 7.599767995998263
15733 1 1060665 0.96666664 7.9784030094742775
15734 1 668785 0.9677419 8.27007694169879
15735 1 1970149 0.95652175 2.869180985726416
15736 1 525220 0.96428573 5.621711956337094
15737 1 1105771 0.962963 5.6284969905391335
15738 1 1713692 0.95652175 3.2502940157428384
15739 1 1013428 0.96666664 7.328137988224626
15740 1 1855246 0.9310345 6.475724978372455
15741 1 1668646 0.93333334 7.122414070181549
15742 1 1594498 0.9285714 5.590094020590186
15743 1 1711149 0.96666664 7.9695460153743625
15744 1 1186293 0.9677419 7.888335036113858
15745 1 742401 0.95652175 2.535297069698572
15746 1 1243007 0.96666664 7.227694033645093
15747 1 1464322 0.96428573 5.330189014784992
15748 1 539993 0.95454544 2.580176922492683
15749 1 1030734 0.9354839 7.9146710922941566
15750 1 982282 0.9583333 2.63790600001812
15751 1 1198397 0.96666664 7.59177200961858
15752 1 1117175 0.93333334 6.963231018744409
15753 1 1986705 0.92 3.3085140166804194
15754 1 577663 0.90625 6.973412004299462
15755 1 1099714 0.9655172 6.503164069727063
15756 1 1634403 0.90909094 2.5086200330406427
15757 1 1528125 0.962963 5.209494032897055
15758 1 1116916 0.92 3.4644569968804717
15759 1 931536 0.9259259 4.747663042508066
15760 1 1719218 0.95454544 2.236532047390938
15761 1 1136461 0.95 1.9886710215359926
15762 1 1179991 0.93333334 7.1639129891991615
15763 1 1557884 0.92 3.4529600525274873
15764 1 326888 0.95652175 2.325582900084555
15765 1 643010 0.90909094 2.1530590020120144
15766 1 729560 0.9354839 7.947389967739582
15767 1 954221 0.96153843 4.846388939768076
15768 1 431020 0.962963 5.248031928204
15769 1 1085588 0.9354839 7.132643018849194
15770 1 1217008 0.9677419 8.11786693520844
15771 1 1779002 0.9047619 2.941992017440498
15772 1 571488 0.9032258 10.832535102963448
15773 1 2029591 0.9130435 4.396204953081906
15774 1 26711 0.962963 5.653438973240554
15775 1 1586009 0.9130435 2.7120549930259585
15776 1 664447 0.9032258 7.866817060858011
15777 1 556891 0.96 3.749174065887928
15778 1 1151131 0.93333334 7.572605973109603
15779 1 1179306 0.96153843 5.2416849648579955
15780 1 693103 0.9166667 3.05217900313437
15781 1 1257656 0.9655172 6.7163079511374235
15782 1 1106227 0.92 3.6932999501004815
15783 1 1653301 0.96 4.047259921208024
15784 1 866913 0.96153843 4.113154951483011
15785 1 479084 0.93333334 10.264034033752978
15786 1 2197095 0.9166667 2.786846016533673
15787 1 172498 0.9285714 6.844277027994394
15788 1 813134 0.962963 6.889037089422345
15789 1 2374981 0.95454544 3.317210008390248
15790 1 169252 1.0 3.284023958258331
15791 1 659387 0.92 5.221500992774963
15792 1 1852803 0.96153843 3.8801069604232907
15793 1 603605 0.9677419 7.762356079183519
15794 1 95231 0.95454544 2.3263460025191307
15795 1 608182 0.90909094 4.267566022463143
15796 1 1464538 0.9285714 4.954848904162645
15797 1 1192132 0.96666664 6.930221919901669
15798 1 1667013 0.9130435 2.52993602771312
15799 1 449338 0.96428573 5.221814964897931
15800 1 1531232 0.9 5.524553009308875
15801 1 1446197 0.9166667 2.807817072607577
15802 1 1403615 0.96428573 6.402004044502974
15803 1 494248 0.95454544 2.4067769991233945
15804 1 1707502 0.92 3.5019799834117293
15805 1 1966976 0.9 2.111372072249651
15806 1 1483326 0.9655172 6.2535739270970225
15807 1 547492 0.9677419 7.736019091680646
15808 1 1137272 0.95652175 2.5421390309929848
15809 1 1409624 0.9583333 2.738535054959357
15810 1 45484 0.9259259 4.788482910953462
15811 1 1935214 0.9166667 2.795326989144087
15812 1 1107880 0.96153843 5.772584932856262
15813 1 1005074 0.9259259 4.840360023081303
15814 1 1458793 0.96666664 6.939555052667856
15815 1 1855246 0.9310345 9.314298047684133
15816 1 2468811 0.96 4.572782898321748
15817 1 2254538 0.95454544 2.229454927146435
15818 1 1027606 0.95454544 2.2682759445160627
15819 1 1036021 0.9677419 8.017089101485908
15820 1 1557884 0.96 3.97561804857105
15821 1 1034438 0.96153843 4.095796961337328
15822 1 570509 0.962963 5.809436086565256
15823 1 820907 0.9655172 6.684107007458806
15824 1 1597725 0.90625 9.613191010430455
15825 1 1523181 0.90625 8.424957050010562
15826 1 1050535 0.96666664 7.446323987096548
15827 1 1475972 0.96428573 5.509354057721794
15828 1 1688649 0.9655172 7.731383084319532
15829 1 1171804 0.962963 5.087465979158878
15830 1 856979 0.9677419 8.479922078549862
15831 1 1186293 0.90625 8.542285999283195
15832 1 1422995 0.9354839 8.09813803061843
15833 1 1451503 0.9677419 8.136556018143892
15834 1 1440953 0.93333334 7.885247934609652
15835 1 857948 0.9032258 7.58595101069659
15836 1 1855246 0.9 7.603059988468885
15837 1 1777110 0.95652175 2.642426989041269
15838 1 1305062 1.0 4.919936996884644
15839 1 1966324 0.962963 4.8283550422638655
15840 1 1201015 0.95454544 2.2261880803853273
15841 1 366782 1.0 7.660913048312068
15842 1 1060494 0.96 3.492026007734239
15843 1 1421553 0.962963 4.839221015572548
15844 1 1935214 0.9166667 3.0217489693313837
15845 1 646206 0.9655172 6.530508981086314
15846 1 562424 0.96153843 3.89747298322618
15847 1 331072 0.90909094 2.4625069927424192
15848 1 1116916 0.9583333 2.444295911118388
15849 1 1687730 0.93333334 6.829358986578882
15850 1 1714727 0.9047619 2.647885004989803
15851 1 89124 0.95652175 2.432256005704403
15852 1 1390870 0.96153843 3.808696987107396
15853 1 671209 0.96153843 3.8790899561718106
15854 1 1963703 0.9583333 2.774900058284402
15855 1 838711 0.96666664 7.64517905190587
15856 1 559054 0.95238096 1.9481260096654296
15857 1 999226 0.96153843 4.686994012445211
15858 1 1968158 0.95454544 2.17239698395133
15859 1 1672302 0.96666664 6.709249108098447
15860 1 2024667 0.96153843 3.8027650443837047
15861 1 1781054 0.96153843 3.770406940020621
15862 1 476624 0.9677419 7.721127942204475
15863 1 2259672 0.95 2.0488600712269545
15864 1 1050283 0.9 7.677822955884039
15865 1 1551623 0.95652175 2.8239049715921283
15866 1 444069 0.89285713 4.389227018691599
15867 1 1964481 0.90909094 2.7327610878273845
15868 1 1040177 0.962963 4.784659016877413
15869 1 1116916 0.92 3.8933169562369585
15870 1 1086131 0.9032258 7.749250973574817
15871 1 858751 0.962963 5.058635026216507
15872 1 1294141 0.9 8.021257002837956
15873 1 1206619 0.9310345 6.749838008545339
15874 1 833811 0.9655172 6.565393065102398
15875 1 828756 0.962963 4.853585036471486
15876 1 2018856 0.96153843 3.9710180135443807
15877 1 76860 0.962963 6.862906971946359
15878 1 1456742 0.95652175 2.6916159549728036
15879 1 630973 0.96 5.207614041864872
15880 1 25980 0.9285714 4.898910061456263
15881 1 1679526 0.95238096 3.9605540223419666
15882 1 1439798 0.95652175 2.6823750231415033
15883 1 1269010 0.96153843 4.796001012437046
15884 1 1517132 0.9655172 6.5224230056628585
15885 1 190548 0.96153843 3.9296940667554736
15886 1 617912 0.9166667 3.0048099579289556
15887 1 2197094 1.0 5.294303991831839
15888 1 647694 0.95652175 2.553671016357839
15889 1 1712387 0.95454544 2.3099579848349094
15890 1 2128442 0.96153843 3.9310919819399714
15891 1 29832 0.9583333 2.686448977328837
15892 1 33508 0.95454544 2.159944036975503
15893 1 1176322 0.9166667 3.6155800335109234
15894 1 531452 0.95454544 3.6013610661029816
15895 1 1487073 0.9655172 9.939766023308039
15896 1 987581 0.9655172 9.043597965501249
15897 1 1712800 0.962963 6.6311509581282735
15898 1 1321434 0.90625 8.04665102623403
15899 1 1616722 0.962963 4.589142976328731
15900 1 1855900 0.9655172 6.947359070181847
15901 1 1052632 0.96428573 6.383127067238092
15902 1 1756996 0.95652175 2.511712023988366
15903 1 1382094 0.9655172 7.004620973020792
15904 1 371681 0.96153843 4.797518020495772
15905 1 1059741 0.96428573 5.190026946365833
15906 1 1477532 0.9130435 2.343266038224101
15907 1 1586009 0.95454544 2.04918603412807
15908 1 1067033 0.9230769 3.89665097463876
15909 1 1413946 0.9655172 6.398315075784922
15910 1 851467 0.9 8.884001057595015
15911 1 1448983 0.9583333 2.9001079965382814
15912 1 1205592 0.9655172 6.637531099840999
15913 1 1500622 0.962963 4.812550963833928
15914 1 459686 0.96153843 5.174461985006928
15915 1 1363744 0.96428573 6.013319012708962
15916 1 1974028 0.9032258 7.744570961222053
15917 1 1424355 0.9655172 7.508905953727663
15918 1 1628689 0.9677419 8.30272096209228
15919 1 1784799 0.95454544 2.480881055817008
15920 1 301514 0.95238096 2.139472053386271
15921 1 1244972 0.9655172 7.590510998852551
15922 1 2379620 0.93333334 8.424537954851985
15923 1 411410 0.9310345 7.056122994981706
15924 1 1522246 0.96 3.637291956692934
15925 1 1688649 0.9655172 7.705628988333046
15926 1 484790 0.962963 4.867627983912826
15927 1 1027606 0.95454544 2.474278910085559
15928 1 1797188 0.96428573 5.354336928576231
15929 1 630817 0.96428573 6.372231990098953
15930 1 1102178 0.9655172 7.189380005002022
15931 1 2409256 0.95454544 2.495200955308974
15932 1 1161805 1.0 6.394502939656377
15933 1 40169 0.96428573 6.411653943359852
15934 1 1966956 0.9583333 2.717820927500725
15935 1 2120337 0.96 3.8826620439067483
15936 1 1138031 0.96666664 7.14913394767791
15937 1 2329881 1.0 4.393885028548539
15938 1 960372 0.95454544 1.9940900383517146
15939 1 1100131 0.96428573 6.106345914304256
15940 1 1420281 0.9677419 7.76516308542341
15941 1 659387 0.96 3.9748470298945904
15942 1 1968473 0.96153843 5.4995359387248755
15943 1 2123063 0.9310345 6.642073974944651
15944 1 1779782 0.96153843 3.865404985845089
15945 1 1989217 0.96 3.376211039721966
15946 1 67952 0.96 4.606273956596851
15947 1 498688 0.9583333 2.993997070007026
15948 1 2128442 0.96153843 3.82318499032408
15949 1 817935 0.96666664 6.808073027059436
15950 1 1693006 1.0 3.565944964066148
15951 1 1524714 0.96666664 6.786926067434251
15952 1 661716 0.9166667 3.0581699684262276
15953 1 1234314 0.9655172 6.4141289331018925
15954 1 234505 0.95 1.923865987919271
15955 1 1586012 0.95454544 2.974047907628119
15956 1 1638135 0.9130435 3.381191985681653
15957 1 1276150 0.96666664 6.882556015625596
15958 1 446553 0.9047619 1.9223149865865707
15959 1 1986705 0.92 3.2623489387333393
15960 1 1634403 0.90909094 2.2801790619269013
15961 1 1105431 0.96666664 6.666791974566877
15962 1 1352271 0.9677419 8.954973076470196
15963 1 1348973 0.9230769 4.243876901455224
15964 1 951174 0.9 7.125086965970695
15965 1 1349332 0.95454544 2.6886550476774573
15966 1 1111425 0.96428573 6.799162016250193
15967 1 1179991 0.96666664 8.149643894284964
15968 1 1779002 0.9047619 2.7462609577924013
15969 1 1141925 0.96428573 6.658221012912691
15970 1 856272 0.9230769 4.151346045546234
15971 1 1439798 0.95652175 2.8378110146149993
15972 1 234680 0.9285714 7.118806941434741
15973 1 1229577 0.94736844 1.7150889616459608
15974 1 1040120 0.92 4.165890975855291
15975 1 1569512 0.9 7.568937027826905
15976 1 1088289 0.962963 5.047027952969074
15977 1 1314947 1.0 2.5412029353901744
15978 1 1243668 0.9655172 7.315246970392764
15979 1 598607 0.9583333 3.4013170516118407
15980 1 562424 0.9230769 3.4295039949938655
15981 1 529761 0.96666664 7.202808046713471
15982 1 1442916 0.95652175 2.5970980059355497
15983 1 1125332 0.96153843 4.660723963752389
15984 1 1028504 0.962963 4.870799952186644
15985 1 1885125 0.90625 7.718630018644035
15986 1 1426026 0.962963 4.937299992889166
15987 1 1177650 0.9655172 7.485229056328535
15988 1 232426 0.8888889 1.51269999332726
15989 1 1938482 0.96 3.361299983225763
15990 1 1707197 0.96666664 7.011857000179589
15991 1 2054632 0.9655172 7.240520091727376
15992 1 446724 0.90625 8.494490990415215
15993 1 1500516 0.8965517 5.717342020943761
15994 1 559471 0.96 3.7420860026031733
15995 1 255654 0.96 3.7264180136844516
15996 1 2423641 0.9655172 6.207879050634801
15997 1 301514 0.95238096 1.9788369536399841
15998 1 1202762 0.9 7.008305983617902
15999 1 1471293 0.93333334 7.347233942709863
16000 1 1510198 0.9655172 6.410495960153639
16001 1 1040759 0.96153843 4.789541009813547
16002 1 641578 0.9583333 2.800310030579567
16003 1 1167160 0.90625 7.470326963812113
16004 1 985133 0.9032258 7.284195977263153
16005 1 1107880 0.96153843 4.681488033384085
16006 1 123024 0.90625 8.205982972867787
16007 1 1855246 0.9 8.368313079699874
16008 1 1679526 0.95238096 3.8884220412001014
16009 1 1043238 0.9310345 7.035217946395278
16010 1 1502733 0.96 4.3809369672089815
16011 1 552909 0.9230769 3.8549250457435846
16012 1 845778 0.9 7.19311204738915
16013 1 1574461 0.96428573 5.7132880901917815
16014 1 1514149 0.9655172 7.51125393435359
16015 1 1535964 0.96428573 5.347682046703994
16016 1 2197093 0.9 7.017060997895896
16017 1 1218920 0.95652175 2.7451739879325032
16018 1 1508357 0.92 3.8237629923969507
16019 1 1016659 0.92 3.7785620661452413
16020 1 1667013 0.9130435 2.826777985319495
16021 1 1054279 0.96 3.5610089544206858
16022 1 1658262 0.92 3.6331639857962728
16023 1 1574886 0.9 6.803049938753247
16024 1 1358976 0.9677419 8.51283106021583
16025 1 569276 0.9032258 6.873586913570762
16026 1 1653226 0.9285714 5.522888037376106
16027 1 1146255 0.962963 5.419753957539797
16028 1 559471 0.92 3.523874911479652
16029 1 2120262 0.9583333 2.8134488966315985
16030 1 1413946 0.9655172 6.559533998370171
16031 1 11336 0.962963 4.723857040517032
16032 1 1414756 0.9677419 7.72838294506073
16033 1 891254 0.9677419 9.556388016790152
16034 1 666976 0.95454544 2.582386019639671
16035 1 616272 0.93333334 7.35046504996717
16036 1 1034438 0.9230769 3.5590060288086534
16037 1 1364461 0.9047619 2.2594189504161477
16038 1 459503 0.96153843 3.768229973502457
16039 1 1666996 0.96666664 7.1355149848386645
16040 1 2197093 0.9310345 5.360570969060063
16041 1 1439798 0.95652175 2.578089013695717
16042 1 1304128 1.0 6.691920920275152
16043 1 1188538 0.96666664 6.727386033162475
16044 1 1779002 0.9047619 2.162732998840511
16045 1 1658262 0.96 3.600709023885429
16046 1 1781928 0.962963 4.585498012602329
16047 1 613644 0.96428573 6.845872034318745
16048 1 1052980 0.96666664 7.0474829990416765
16049 1 1117442 0.9032258 7.893495028838515
16050 1 1646316 0.96153843 4.1295459959656
16051 1 1020420 0.96 3.8528559962287545
16052 1 1989401 0.9655172 9.787952993065119
16053 1 1107880 0.96153843 4.9413759261369705
16054 1 1488684 0.9677419 7.987980032339692
16055 1 1505870 0.9310345 6.71838189009577
16056 1 838110 0.90625 8.165983017534018
16057 1 1738899 0.96153843 3.8856780156493187
16058 1 181672 0.962963 4.925349028781056
16059 1 98351 0.95 1.7572790384292603
16060 1 1186967 0.9310345 6.503874086774886
16061 1 1036021 0.9354839 7.177303079515696
16062 1 368691 0.9677419 7.895921007730067
16063 1 1800734 0.9354839 8.128099027089775
16064 1 576553 0.96 3.741429070942104
16065 1 1424307 0.90625 8.22864391375333
16066 1 1223194 0.9655172 6.361969048157334
16067 1 26580 0.96153843 3.9759910432621837
16068 1 1628536 0.95652175 2.5226790457963943
16069 1 1353787 0.96153843 4.783913027495146
16070 1 622494 0.9285714 4.800715949386358
16071 1 1441358 0.96428573 6.262417999096215
16072 1 2434185 0.9130435 2.1601750049740076
16073 1 1156519 0.9285714 5.429335054941475
16074 1 1655156 0.962963 4.863805021159351
16075 1 1101579 0.96428573 5.142031004652381
16076 1 918554 0.95454544 2.2458230378106236
16077 1 1484892 0.90909094 8.249746984802186
16078 1 1100131 0.9285714 5.389336962252855
16079 1 1544341 0.96 3.572963993065059
16080 1 1157822 0.9 6.668169982731342
16081 1 1962104 0.95454544 2.251334022730589
16082 1 1633663 0.9 6.406461936421692
16083 1 1629191 0.9655172 6.926732952706516
16084 1 816293 0.9285714 5.426203948445618
16085 1 2199327 0.96428573 5.356412963010371
16086 1 1460129 0.9677419 7.848188979551196
16087 1 1490206 0.9655172 6.272771046496928
16088 1 601749 0.902439 17.45523896533996
16089 1 1129360 0.9354839 9.591210051439703
16090 1 1053366 0.902439 19.09053500276059
16091 1 1258681 0.9375 15.257732011377811
16092 1 483940 0.9722222 15.572293079458177
16093 1 1488759 0.9736842 15.835620928555727
16094 1 823560 0.9736842 15.74472594074905
16095 1 2038469 0.972973 16.592414933256805
16096 1 1178347 0.9722222 13.646782957948744
16097 1 2371103 0.9677419 7.865440915338695
16098 1 1468454 0.9722222 13.696535024791956
16099 1 1204159 0.974359 16.619800007902086
16100 1 1111882 0.8918919 14.41359892487526
16101 1 1468069 0.9047619 17.563438042998314
16102 1 1017956 0.9512195 18.200290971435606
16103 1 1428659 0.972973 13.895642012357712
16104 1 1535506 0.9677419 8.61165695823729
16105 1 1097487 0.9117647 10.25483594276011
16106 1 807384 0.9411765 11.537582031451166
16107 1 262298 0.90909094 12.10889802314341
16108 1 1484093 0.974359 17.467065947130322
16109 1 2039590 0.9 17.32868398539722
16110 1 1458231 0.9677419 8.229881059378386
16111 1 1403111 0.9459459 15.717022004537284
16112 1 1057981 0.96666664 8.252446074038744
16113 1 1623201 0.969697 10.476180003024638
16114 1 1102268 0.9444444 14.371813042089343
16115 1 399631 0.9705882 11.519293067976832
16116 1 1233636 0.8947368 17.54308200906962
16117 1 1666275 0.9142857 11.636603972874582
16118 1 622308 0.9354839 7.963125943206251
16119 1 2069008 0.9047619 17.961053061299026
16120 1 1177269 0.902439 18.659395980648696
16121 1 1470969 0.972973 14.25562403164804
16122 1 1004400 0.969697 9.56709694582969
16123 1 1182661 0.9459459 16.185902059078217
16124 1 1086789 0.8974359 14.359061024151742
16125 1 1624641 0.9411765 11.46527798846364
16126 1 1403134 0.9677419 7.9194389982149005
16127 1 1340121 1.0 14.051941921934485
16128 1 447315 0.9677419 8.278534049168229
16129 1 1698288 0.9142857 14.645137009210885
16130 1 1335903 0.94871795 17.32298790011555
16131 1 1799388 0.92105263 14.63579700794071
16132 1 2038469 0.972973 16.239502001553774
16133 1 1073349 0.9722222 13.84102797601372
16134 1 995212 0.9677419 8.584134047850966
16135 1 1535506 0.9677419 9.09227505326271
16136 1 1190117 0.9722222 14.166528009809554
16137 1 849423 0.9268293 17.562082037329674
16138 1 2010495 0.9285714 18.87994899880141
16139 1 551988 0.8947368 17.76517799589783
16140 1 1082881 0.972973 14.249247033149004
16141 1 469601 0.9677419 8.996492018923163
16142 1 1639905 0.94871795 17.01212301850319
16143 1 365542 0.9714286 12.329451972618699
16144 1 1469158 0.969697 9.735145955346525
16145 1 986308 0.94285715 12.285194941796362
16146 1 1121959 0.9677419 9.706652956083417
16147 1 661904 0.90909094 11.01192506030202
16148 1 1827104 0.9677419 9.85407002735883
16149 1 1080470 0.96875 10.406823945231736
16150 1 1425140 0.9705882 12.177679920569062
16151 1 985267 0.96666664 7.975272019393742
16152 1 1412466 0.969697 10.473099071532488
16153 1 64396 0.9375 9.38039692118764
16154 1 2012548 0.9142857 10.329992044717073
16155 1 816337 0.969697 11.174050043337047
16156 1 2052413 0.9736842 15.331983915530145
16157 1 1480310 0.9705882 11.274048942141235
16158 1 535180 0.94871795 16.525116050615907
16159 1 1246676 0.94871795 16.59675396513194
16160 1 914481 0.9230769 16.488422988913953
16161 1 1123967 0.9189189 14.700577943585813
16162 1 627166 0.8974359 17.371900961734354
16163 1 1031451 0.93333334 7.0577929727733135
16164 1 618753 0.974359 16.987939015962183
16165 1 1559953 0.96875 9.826948051340878
16166 1 1283086 0.974359 18.131853896193206
16167 1 1457319 0.974359 17.426282982341945
16168 1 991119 0.925 18.69365305174142
16169 1 1664822 1.0 8.070318959653378
16170 1 1867202 0.8947368 15.170048922300339
16171 1 1482105 0.9459459 14.581001014448702
16172 1 995184 0.925 17.203546944074333
16173 1 681004 0.9714286 13.310823938809335
16174 1 1566120 0.969697 9.859584039077163
16175 1 849970 0.969697 9.760190034285188
16176 1 1558662 0.94285715 12.34491600189358
16177 1 1789379 0.925 15.817619045265019
16178 1 1135946 0.9032258 8.17588297650218
16179 1 1080656 0.902439 17.35503599047661
16180 1 773892 0.9722222 14.85504291485995
16181 1 1449555 0.9375 9.731402969919145
16182 1 1205015 0.94736844 15.768467099405825
16183 1 138579 0.9677419 8.286915021017194
16184 1 1799195 0.96428573 6.97305693756789
16185 1 1765557 0.9756098 19.922420964576304
16186 1 1167002 0.9230769 18.949667923152447
16187 1 1053366 0.902439 18.64162099082023
16188 1 399383 0.9459459 14.917046064510942
16189 1 1084242 0.9705882 11.543045984581113
16190 1 173273 0.9722222 14.759810990653932
16191 1 1199484 0.96875 9.29822598118335
16192 1 1404641 0.90909094 12.02115893829614
16193 1 1512951 0.9166667 14.297588029876351
16194 1 855628 0.9375 9.56695294007659
16195 1 1284119 0.9268293 17.468380043283105
16196 1 631392 0.9705882 12.38147693220526
16197 1 1406274 0.9375 9.242690983228385
16198 1 868525 0.9705882 11.263139080256224
16199 1 2054667 0.94871795 16.84021996334195
16200 1 1471326 0.9714286 13.58148199506104
16201 1 1201906 0.96875 10.195176000706851
16202 1 1073746 0.96875 10.531609994359314
16203 1 1352332 0.9 19.467991893179715
16204 1 1190424 0.9 19.496827037073672
16205 1 1176917 0.9459459 18.576166941784322
16206 1 182850 0.9142857 12.528780964203179
16207 1 555731 0.96875 10.09069406427443
16208 1 1493442 0.9722222 13.53964302688837
16209 1 1056783 0.9 20.113534992560744
16210 1 610442 0.9722222 13.446519966237247
16211 1 1476094 0.9 18.191646900959313
16212 1 1639905 0.94871795 16.825413913466036
16213 1 1634603 0.9142857 11.705223936587572
16214 1 1378327 0.9047619 18.38872500229627
16215 1 1134571 0.969697 11.26728905364871
16216 1 1233636 0.9714286 13.831711956299841
16217 1 850208 0.9444444 14.120989013463259
16218 1 1119023 0.9411765 14.041571994312108
16219 1 1062427 0.9354839 8.379297913052142
16220 1 1043076 0.9047619 18.98754294961691
16221 1 1664280 0.925 17.673599999397993
16222 1 1636134 0.94285715 12.504643993452191
16223 1 1032701 0.972973 15.53970796521753
16224 1 994274 0.9705882 11.356891016475856
16225 1 1979698 0.90625 8.490276988595724
16226 1 1284934 0.969697 10.213474975898862
16227 1 1339818 0.9722222 14.119956991635263
16228 1 1462820 0.9032258 7.871985901147127
16229 1 1132835 0.9 15.254950965754688
16230 1 1139424 0.974359 16.440351027995348
16231 1 1160542 0.8974359 16.56879298388958
16232 1 1986402 0.9 15.292822034098208
16233 1 1246676 0.94871795 16.55357505660504
16234 1 1069458 0.9714286 12.131051975302398
16235 1 1161132 0.962963 5.24366507306695
16236 1 1803429 0.9354839 8.02694691810757
16237 1 1195154 0.9705882 11.652142042294145
16238 1 1035073 0.969697 11.219870066270232
16239 1 1444039 0.94871795 18.201211001724005
16240 1 1176128 0.9512195 19.938357989303768
16241 1 1599166 0.96875 9.530690032988787
16242 1 782665 0.95 19.84601200092584
16243 1 174335 0.9117647 11.976920999586582
16244 1 1007165 0.9375 14.026851044036448
16245 1 1558662 0.94285715 12.213467038236558
16246 1 1515538 0.9677419 8.944000001065433
16247 1 1470517 0.9714286 19.458177033811808
16248 1 1009192 0.9268293 17.65182998497039
16249 1 1558828 0.9411765 11.400455026887357
16250 1 1451664 0.969697 11.239495011977851
16251 1 229513 0.972973 15.026040957309306
16252 1 19682 0.975 19.237631931900978
16253 1 240855 0.9166667 13.944581965915859
16254 1 552788 0.9459459 15.69393090903759
16255 1 1255258 1.0 17.96880702022463
16256 1 1452782 0.9714286 13.002127991057932
16257 1 183425 0.969697 10.439713951200247
16258 1 1271533 0.9166667 13.294928008690476
16259 1 1087051 0.9047619 18.327719066292048
16260 1 1422792 0.9722222 14.316799002699554
16261 1 532672 0.90625 8.431620080955327
16262 1 1778368 0.9375 9.44941199850291
16263 1 1016090 0.96875 9.150097030214965
16264 1 1506021 0.9047619 18.53120105806738
16265 1 672418 0.974359 16.351180034689605
16266 1 1471468 0.92105263 14.840950025245547
16267 1 1724751 0.974359 16.66502107400447
16268 1 805967 0.9714286 12.501026969403028
16269 1 1545506 0.969697 11.52048003859818
16270 1 1419815 0.94736844 15.609706984832883
16271 1 2998 0.9142857 11.667023063637316
16272 1 1153108 0.9512195 18.89912993647158
16273 1 1484802 0.9459459 15.829871059395373
16274 1 1196912 0.94285715 12.836182955652475
16275 1 477121 0.9117647 13.481013011187315
16276 1 2087782 0.96875 10.552859981544316
16277 1 1337366 1.0 12.53834506496787
16278 1 555083 0.8974359 18.78618309274316
16279 1 1428659 0.972973 14.470009948126972
16280 1 857199 0.9705882 11.423514923080802
16281 1 264718 0.9230769 15.320445992983878
16282 1 1545487 0.9166667 12.612097896635532
16283 1 31991 0.969697 9.772968012839556
16284 1 1051718 0.90697676 18.510048976168036
16285 1 1455243 0.9047619 18.329421989619732
16286 1 999478 0.9189189 14.252988970838487
16287 1 591804 0.9047619 18.02126399707049
16288 1 1549582 0.96666664 8.14220099709928
16289 1 1292160 0.969697 9.83188406098634
16290 1 1161376 0.9411765 12.797411996871233
16291 1 983557 0.975 18.91993498429656
16292 1 1507308 0.9444444 16.86941005755216
16293 1 924602 0.9142857 12.402206077240407
16294 1 1668035 0.9354839 8.363668923266232
16295 1 1544485 0.9375 9.777509025298059
16296 1 1147164 0.9459459 15.26001701131463
16297 1 1217627 0.969697 10.220485040917993
16298 1 1199484 0.93939394 9.966389974579215
16299 1 1259174 0.96875 9.355255984701216
16300 1 1520479 0.9722222 14.605315052904189
16301 1 1353587 0.925 16.267533996142447
16302 1 1471468 0.9736842 16.381646040827036
16303 1 1178271 0.972973 14.42796306218952
16304 1 1434609 0.902439 19.692466943524778
16305 1 1627022 0.96875 9.34981508180499
16306 1 1496133 0.9117647 10.298117063939571
16307 1 1414619 0.9722222 13.378145988099277
16308 1 1292605 0.972973 14.91244393400848
16309 1 1075592 0.9411765 12.474893010221422
16310 1 1233046 0.96666664 7.689432008191943
16311 1 672418 0.974359 17.309749964624643
16312 1 1071658 0.8974359 16.223803046159446
16313 1 1707001 0.96875 9.841358987614512
16314 1 1503315 1.0 14.784332015551627
16315 1 1664059 0.9189189 14.222536003217101
16316 1 1531274 0.9736842 15.364305931143463
16317 1 1292091 0.9756098 18.622949020937085
16318 1 1356740 0.9677419 7.552173105068505
16319 1 1526119 0.9268293 19.10031691659242
16320 1 501311 0.94736844 15.388413914479315
16321 1 1105436 0.9268293 17.467743018642068
16322 1 381294 0.9117647 10.212318040430546
16323 1 1853846 0.9166667 12.66744895838201
16324 1 1452629 0.9714286 12.204847065731883
16325 1 1195248 0.96666664 6.8425299832597375
16326 1 858994 0.90697676 18.838774994947016
16327 1 1140615 0.972973 14.593397034332156
16328 1 1041227 0.9736842 16.2169320974499
16329 1 1182752 0.96666664 8.295312989503145
16330 1 500576 0.96875 9.692186955362558
16331 1 1201072 0.902439 18.788725952617824
16332 1 1468432 0.9166667 13.56746896635741
16333 1 2038470 0.9705882 12.56938197184354
16334 1 867888 0.96875 10.156098054721951
16335 1 551916 0.9230769 17.30110205244273
16336 1 545494 0.9722222 14.129064977169037
16337 1 1460143 0.9722222 13.614199007861316
16338 1 837331 0.9411765 11.503765941597521
16339 1 2094506 0.9 17.643594997934997
16340 1 2077403 0.9444444 13.817969942465425
16341 1 1405556 0.969697 10.150855989195406
16342 1 569722 0.9444444 13.692960957996547
16343 1 1104170 0.9444444 13.605813030153513
16344 1 1102436 0.9677419 7.697617984376848
16345 1 1446286 0.9722222 13.748530065640807
16346 1 1650429 0.9411765 12.928973999805748
16347 1 1931389 0.96875 9.719889028929174
16348 1 1356740 0.90625 8.574443985708058
16349 1 952592 0.9268293 18.914769985713065
16350 1 1605285 0.974359 17.343622050248086
16351 1 1068624 0.9032258 10.064202942885458
16352 1 1650536 0.90909094 12.557293986901641
16353 1 1215312 0.974359 17.1241769567132
16354 1 182226 0.969697 9.920899057760835
16355 1 1070474 0.9722222 13.743525953032076
16356 1 1550511 0.9705882 11.290271999314427
16357 1 1414313 0.9714286 12.304401025176048
16358 1 1297083 0.9166667 14.224959071725607
16359 1 1138557 0.95 17.326159053482115
16360 1 1005184 0.9142857 11.805805959738791
16361 1 1132931 0.9705882 10.789102991111577
16362 1 239355 0.9354839 7.869204971939325
16363 1 1620249 0.9 15.675209928303957
16364 1 1198082 0.8974359 16.11939398571849
16365 1 654191 0.9375 12.848256970755756
16366 1 1301611 0.9677419 9.609151049517095
16367 1 1387204 0.969697 10.557917994447052
16368 1 1077783 0.9444444 13.251940021291375
16369 1 1433081 0.9032258 7.6030619675293565
16370 1 250946 0.9722222 14.160627964884043
16371 1 1388564 0.94285715 13.128754100762308
16372 1 2048158 0.90909094 9.796842001378536
16373 1 2019445 0.93939394 9.030810091644526
16374 1 822667 0.96875 9.085030993446708
16375 1 822360 0.9722222 18.761434010230005
16376 1 2075144 0.96666664 8.770694956183434
16377 1 1229751 0.9411765 14.725162996910512
16378 1 1358111 1.0 15.374821028672159
16379 1 1118929 0.9 16.453095944598317
16380 1 1341796 0.9189189 15.799809945747256
16381 1 121587 0.9459459 14.477401971817017
16382 1 1016090 0.96875 8.973447955213487
16383 1 1025000 0.925 17.070124042220414
16384 1 437947 0.94285715 12.189125991426408
16385 1 1247426 0.9117647 11.374802910722792
16386 1 1485003 0.9655172 11.058997944928706
16387 1 858279 0.972973 16.060005989857018
16388 1 1003329 0.8974359 19.373134011402726
16389 1 1455087 0.975 18.148127011954784
16390 1 823398 0.9677419 9.150538011454046
16391 1 1087482 0.90625 8.074523997493088
16392 1 1114568 0.92105263 15.236573992297053
16393 1 1694896 0.902439 18.541672034189105
16394 1 1170652 0.9459459 14.748780988156796
16395 1 850072 0.9268293 17.844900954514742
16396 1 1430320 0.9677419 9.100194089114666
16397 1 1100058 0.94285715 12.559350929223001
16398 1 1186899 0.94871795 16.610290040262043
16399 1 5787 0.974359 16.539206029847264
16400 1 849790 0.9722222 13.579775928519666
16401 1 1177043 0.94871795 16.892976011149585
16402 1 980844 0.972973 15.139769995585084
16403 1 1123233 0.9117647 10.926969931460917
16404 1 1423016 0.9714286 12.833904940634966
16405 1 1184375 0.9677419 9.763224050402641
16406 1 1905751 0.9705882 11.85327407438308
16407 1 1056879 0.9230769 18.28187401406467
16408 1 1056093 0.9444444 14.603983028791845
16409 1 1556311 0.9714286 12.684149900451303
16410 1 1056535 0.96666664 8.115170989185572
16411 1 537193 0.9677419 9.393765940330923
16412 1 434400 0.96875 9.395990986377
16413 1 1428659 0.972973 14.950749929994345
16414 1 807445 0.9722222 14.474721043370664
16415 1 1104914 0.94736844 15.696470974944532
16416 1 1099860 0.9714286 12.374947080388665
16417 1 1273558 1.0 11.249521980062127
16418 1 2080419 0.9722222 13.950038934126496
16419 1 1457368 0.90909094 9.592193993739784
16420 1 551631 0.9047619 19.29440605454147
16421 1 1053815 0.974359 18.02401104941964
16422 1 1189660 0.9722222 14.454236021265388
16423 1 1415082 0.9705882 11.789172072894871
16424 1 2038470 0.9705882 12.84096296876669
16425 1 1206020 0.9705882 11.546217952854931
16426 1 1124151 0.9756098 19.109082990325987
16427 1 409918 0.9705882 12.635053019039333
16428 1 1517678 0.9411765 10.343746049329638
16429 1 1341064 1.0 17.840638058260083
16430 1 2038469 0.972973 15.152674983255565
16431 1 1478342 0.9444444 13.769809971563518
16432 1 1033836 0.902439 18.550376989878714
16433 1 1016432 0.9705882 12.199784046970308
16434 1 1470937 0.9375 9.35091997962445
16435 1 1593934 0.94736844 15.870645991526544
16436 1 1944236 0.9677419 9.79617703706026
16437 1 1190346 0.974359 20.327455014921725
16438 1 1334313 0.975 18.274895031936467
16439 1 1286722 1.0 16.947112046182156
16440 1 1848900 0.925 18.927895929664373
16441 1 1724751 0.974359 16.574435052461922
16442 1 1467622 0.96875 9.624217986129224
16443 1 1505757 0.95 17.16339902486652
16444 1 1531274 0.9736842 15.36588801536709
16445 1 1425144 0.9736842 16.321283066645265
16446 1 1307847 0.9705882 11.461713002063334
16447 1 345444 0.9705882 11.790639953687787
16448 1 1095589 0.9705882 11.256315978243947
16449 1 1624305 0.9736842 18.081713002175093
16450 1 1328739 0.9444444 14.684297027997673
16451 1 1632660 0.9736842 14.878686983138323
16452 1 1494354 0.9047619 17.580479965545237
16453 1 882301 0.9705882 11.053723050281405
16454 1 1443124 0.9722222 14.793497044593096
16455 1 1137250 0.9677419 8.541474002413452
16456 1 1510910 0.9512195 20.122721907682717
16457 1 1131899 0.94871795 17.828191979788244
16458 1 1155557 0.96666664 7.662953925319016
16459 1 1046796 0.9722222 15.080093056894839
16460 1 1041459 0.92105263 15.702206059359014
16461 1 1560742 0.9047619 18.59430898912251
16462 1 409918 0.9705882 12.172759976238012
16463 1 1143999 0.94285715 12.475772993639112
16464 1 540274 0.9444444 13.538182945922017
16465 1 1186704 0.95 17.354376963339746
16466 1 1132931 0.9705882 11.224209913052619
16467 1 1117257 0.9 18.142959917895496
16468 1 2133430 0.93939394 9.177925996482372
16469 1 1464805 0.8974359 18.060901085846126
16470 1 1495420 0.9705882 11.225368012674153
16471 1 1185333 0.9705882 12.550340965390205
16472 1 1305476 0.94285715 13.167702010832727
16473 1 1523352 0.969697 11.922540026716888
16474 1 1074856 0.969697 10.304020950570703
16475 1 1507308 0.9166667 13.231375021860003
16476 1 1026678 0.9512195 19.248711061663926
16477 1 601378 0.9230769 16.455324017442763
16478 1 873787 0.9375 9.621171047911048
16479 1 1135343 0.9705882 11.683825054205954
16480 1 545708 0.9714286 12.451005051843822
16481 1 386240 0.9722222 14.477886958047748
16482 1 637095 0.9375 10.152288945391774
16483 1 1490734 0.9375 10.349490912631154
16484 1 1178968 0.9032258 8.406974957324564
16485 1 1429466 0.9411765 12.023990973830223
16486 1 1465931 0.9354839 8.064863970503211
16487 1 981569 0.94736844 15.433127991855145
16488 1 1017673 0.9714286 12.194457929581404
16489 1 1394241 0.9677419 7.868315908126533
16490 1 676835 0.974359 16.63698605261743
16491 1 1627059 0.9230769 17.99627603031695
16492 1 1056879 0.9230769 18.218623008579016
16493 1 1554629 0.9 16.588089056313038
16494 1 1827104 0.9375 10.77122101560235
16495 1 1041227 0.9736842 16.202184953726828
16496 1 535905 0.9 17.257082974538207
16497 1 1405983 1.0 15.085558989085257
16498 1 841991 0.9705882 11.395271052606404
16499 1 1478342 0.9722222 14.863357064314187
16500 1 992085 0.94285715 12.012530933134258
16501 1 1195411 0.94285715 12.233778019435704
16502 1 1064132 0.96875 9.015953983180225
16503 1 2344113 0.96875 8.994719944894314
16504 1 1327492 1.0 7.688088924624026
16505 1 1464419 0.9230769 17.04807300120592
16506 1 1107101 0.93939394 9.819200029596686
16507 1 835654 0.9 15.468464931473136
16508 1 1271456 0.9375 7.808023947291076
16509 1 1077783 0.9444444 12.83958600834012
16510 1 617873 0.9230769 18.88143189717084
16511 1 1768765 0.9722222 15.095664071850479
16512 1 1002090 0.9677419 10.671311989426613
16513 1 1304774 0.9714286 14.125394984148443
16514 1 827390 0.972973 14.389188960194588
16515 1 1544819 0.94871795 17.446579062379897
16516 1 1533047 0.972973 14.488957007415593
16517 1 981569 0.94736844 15.544141991995275
16518 1 2090446 0.9189189 14.218837954103947
16519 1 1553716 0.9444444 15.036585042253137
16520 1 2073040 0.9722222 14.513884903863072
16521 1 998231 0.9677419 9.0690579963848
16522 1 2354351 0.94736844 14.548909035511315
16523 1 855001 0.9117647 9.93353605736047
16524 1 382436 0.974359 16.55894098803401
16525 1 1193466 0.9 18.275636015459895
16526 1 1199879 0.9705882 11.391485924832523
16527 1 1137246 0.8974359 16.821142053231597
16528 1 1225131 0.9714286 13.130765059031546
16529 1 1196560 0.90697676 19.407783984206617
16530 1 1567515 0.9705882 12.00678595341742
16531 1 1086949 0.94871795 17.61466299649328
16532 1 535308 0.9736842 16.208882094360888
16533 1 1334702 0.9189189 14.460570993833244
16534 1 823055 0.9677419 9.230914991348982
16535 1 620315 0.9736842 15.393262030556798
16536 1 1503425 0.8974359 15.612904913723469
16537 1 1079897 0.9268293 17.351327929645777
16538 1 2038470 0.9166667 15.095678041689098
16539 1 1277672 0.9705882 11.263037915341556
16540 1 2078663 0.969697 9.837356978096068
16541 1 1636134 0.94285715 12.420749990269542
16542 1 1625106 0.9268293 18.984501948580146
16543 1 1448742 0.9459459 14.398885075934231
16544 1 1531599 0.8974359 15.647134045138955
16545 1 1157829 0.93333334 7.537676952779293
16546 1 1423016 0.9714286 13.025407097302377
16547 1 1637445 0.9 26.411122060380876
16548 1 1183849 0.9705882 12.890652986243367
16549 1 64396 0.9375 9.571564034558833
16550 1 2134678 0.969697 11.75064395647496
16551 1 2038469 0.972973 15.702082077041268
16552 1 1401557 0.9705882 12.38136796746403
16553 1 1574873 0.974359 19.024270004592836
16554 1 1467667 0.9736842 16.03100704960525
16555 1 239355 0.9354839 8.359870058484375
16556 1 639557 0.9411765 11.84045197442174
16557 1 1202415 0.969697 11.453403974883258
16558 1 2091008 0.9189189 14.161053113639355
16559 1 983235 0.90909094 9.551184950396419
16560 1 1278552 0.9444444 14.250936917960644
16561 1 1161376 0.969697 11.16992998868227
16562 1 1055541 0.93939394 9.902550023980439
16563 1 1033633 0.90909094 9.844201034866273
16564 1 824532 0.9117647 11.301140068098903
16565 1 1591397 0.9722222 16.210497939027846
16566 1 1185525 0.9142857 13.129242928698659
16567 1 1425937 0.9736842 16.501179081387818
16568 1 1498586 0.96875 9.766879957169294
16569 1 1608557 0.969697 10.896324063651264
16570 1 1139534 0.969697 10.422201943583786
16571 1 1961358 0.9354839 8.137048920616508
16572 1 1259927 0.93939394 10.163759929127991
16573 1 1641653 0.92105263 16.22948399744928
16574 1 1164303 0.9117647 9.811050957068801
16575 1 1295745 0.969697 11.201401939615607
16576 1 1251852 0.94871795 16.647528973408043
16577 1 1198920 0.9189189 13.935374096035957
16578 1 1052113 0.9714286 11.902807047590613
16579 1 1155170 0.9714286 13.276048004627228
16580 1 2038469 0.972973 15.41753695346415
16581 1 626396 0.8947368 14.385200920514762
16582 1 1004728 0.9714286 12.558871996589005
16583 1 1077850 0.9736842 18.086435040459037
16584 1 639453 0.975 19.25011200364679
16585 1 1268741 1.0 17.63167604804039
16586 1 1512652 0.9705882 11.489365017041564
16587 1 1619152 0.9375 9.626658982597291
16588 1 1400209 0.8958333 24.12112895399332
16589 1 1066878 0.90909094 21.66101010516286
16590 1 1073838 0.95348835 20.385847077704966
16591 1 644319 0.92 23.65013398230076
16592 1 1612583 0.9777778 21.102252998389304
16593 1 1006957 0.9777778 20.669477991759777
16594 1 1478497 0.90384614 23.808966972865164
16595 1 1446875 0.9111111 22.519327932968736
16596 1 1515202 0.8979592 25.79781401436776
16597 1 1293281 0.902439 22.456109058111906
16598 1 634058 0.97619045 19.53150797635317
16599 1 1207052 0.9512195 19.399666925892234
16600 1 1387975 0.9756098 18.85949308052659
16601 1 2114380 0.9148936 23.771165986545384
16602 1 602141 0.90909094 23.39998702518642
16603 1 1421668 0.90909094 21.053191041573882
16604 1 1440495 0.9375 23.452123976312578
16605 1 1093039 0.9777778 20.93606407288462
16606 1 1096336 0.9767442 20.47759003471583
16607 1 1194335 0.9787234 24.90067295730114
16608 1 1196786 0.9189189 17.761123017407954
16609 1 1465923 0.9166667 24.235946941189468
16610 1 575618 0.9512195 20.274812006391585
16611 1 1178987 0.90697676 19.124980084598064
16612 1 1420647 0.9782609 21.82070293929428
16613 1 1451003 0.93333334 21.162807941436768
16614 1 1791028 0.902439 20.204372936859727
16615 1 643979 0.90697676 20.80894191749394
16616 1 980433 0.97727275 21.117636933922768
16617 1 1044971 0.9347826 22.153942962177098
16618 1 1002260 0.9148936 23.96497200243175
16619 1 937012 0.9782609 22.9614150011912
16620 1 1307691 0.92 25.27810400351882
16621 1 1021497 0.9791667 24.6068510459736
16622 1 1464615 0.93333334 21.065133973024786
16623 1 981160 0.9318182 20.776218036189675
16624 1 237709 0.9411765 24.07153695821762
16625 1 644149 0.9148936 22.600413067266345
16626 1 1611747 0.97959185 22.966605029068887
16627 1 2430221 0.9767442 20.046042976900935
16628 1 1058079 0.9756098 18.551821005530655
16629 1 1505609 0.9756098 20.060900948010385
16630 1 846566 0.93333334 22.095037973485887
16631 1 1799792 0.98 24.21319391578436
16632 1 1155325 0.9130435 24.012785986997187
16633 1 1350652 0.92 25.167226907797158
16634 1 1477490 0.9777778 23.43648101668805
16635 1 1394292 0.9375 23.441235069185495
16636 1 1021228 0.9019608 24.534992990083992
16637 1 1291994 0.9756098 18.99603195488453
16638 1 1614501 0.9047619 18.480476108379662
16639 1 1654557 0.9782609 21.849349956028163
16640 1 1288377 0.9791667 22.901743999682367
16641 1 963078 0.9047619 21.293142926879227
16642 1 1086292 0.9166667 24.44029995240271
16643 1 1498556 0.9148936 23.674754076637328
16644 1 1102080 0.9130435 23.016600986011326
16645 1 1319728 0.9111111 21.641285973601043
16646 1 643899 0.9111111 19.929580041207373
16647 1 1842907 0.95238096 20.16557496972382
16648 1 817323 0.8979592 22.634675027802587
16649 1 1296456 0.9148936 23.246534983627498
16650 1 855598 0.95652175 22.135426057502627
16651 1 1443989 0.902439 20.05182602442801
16652 1 1095092 0.98039216 22.777345031499863
16653 1 657277 0.95 18.734151031821966
16654 1 65601 0.9767442 21.02176903281361
16655 1 853894 0.9782609 22.678163019008934
16656 1 1431574 0.97959185 24.2736570071429
16657 1 1399654 0.9782609 22.173180943354964
16658 1 1180282 0.9777778 21.06102602556348
16659 1 825883 0.9111111 20.97283792681992
16660 1 1181415 0.9787234 22.49162702355534
16661 1 2220691 0.95238096 19.176850095391273
16662 1 1688192 0.90697676 18.21847597602755
16663 1 2412768 0.90909094 22.203841945156455
16664 1 1106465 0.9148936 23.159247008152306
16665 1 1633394 0.9 21.460697054862976
16666 1 1584274 0.9347826 23.062312975525856
16667 1 439216 0.8958333 25.08277294691652
16668 1 350039 0.9361702 24.228001944720745
16669 1 1523785 0.9777778 21.741739939898252
16670 1 1294395 0.9148936 22.796859964728355
16671 1 1187189 0.9148936 27.02742302790284
16672 1 2225784 0.9 19.74330097436905
16673 1 2087279 1.0 18.307417980395257
16674 1 2094033 0.95454544 20.26237198151648
16675 1 1045480 0.94 22.869750042445958
16676 1 1791115 0.9047619 22.382166935130954
16677 1 859538 0.9787234 24.36288702301681
16678 1 1099911 0.9756098 19.132436020299792
16679 1 1664329 0.9756098 19.29330511484295
16680 1 826216 0.9111111 20.21080593112856
16681 1 1508770 0.93333334 20.82136902026832
16682 1 1442168 0.9130435 22.141166031360626
16683 1 1368143 0.97619045 19.578380975872278
16684 1 266801 0.9285714 18.68770399596542
16685 1 1291214 0.9 19.5398919750005
16686 1 1412332 0.90697676 19.76499694865197
16687 1 1865311 0.9148936 21.15580893587321
16688 1 1563336 0.92156863 25.36859700921923
16689 1 350039 0.9375 27.815537061542273
16690 1 1435258 0.9111111 21.62265102379024
16691 1 1208807 0.9 24.15194909553975
16692 1 843810 0.9782609 21.672541042789817
16693 1 1203256 0.9166667 22.899652016349137
16694 1 1160814 0.95238096 19.196828943677247
16695 1 1420001 0.9019608 23.263228009454906
16696 1 150647 0.9111111 22.288677981123328
16697 1 976933 0.8974359 18.061663024127483
16698 1 1113542 0.9787234 21.846325951628387
16699 1 1054572 0.97727275 21.758393035270274
16700 1 529625 0.95348835 21.596322068944573
16701 1 1119447 0.9 19.35552607756108
16702 1 1638035 0.974359 18.07656406890601
16703 1 1367800 0.95 18.82356102578342
16704 1 1541321 0.96 24.608968989923596
16705 1 1605429 0.9787234 22.96102698892355
16706 1 1356208 0.8958333 23.58433697372675
16707 1 1009917 0.9777778 21.64022100623697
16708 1 1639467 0.9318182 21.315008052624762
16709 1 1012296 0.9583333 21.58959291409701
16710 1 1203381 0.9787234 26.23244293499738
16711 1 1424738 0.97727275 25.116044096648693
16712 1 1257699 0.95454544 24.557298980653286
16713 1 1065327 0.9777778 25.9435708867386
16714 1 2109202 0.90384614 28.94947398453951
16715 1 1045433 0.95555556 24.39151704311371
16716 1 1113215 0.9787234 25.65433701965958
16717 1 1606126 0.9347826 24.88706703297794
16718 1 1065411 0.93333334 25.092034018598497
16719 1 1385364 0.9245283 27.935983962379396
16720 1 1571000 0.9782609 25.925475056283176
16721 1 1479917 0.95348835 22.739537991583347
16722 1 1606519 0.9019608 27.23684802185744
16723 1 1304303 0.9183673 25.97685402724892
16724 1 2334342 0.95652175 26.347158942371607
16725 1 1400018 0.97727275 26.047191000543535
16726 1 1490787 0.9347826 34.847190021537244
16727 1 1082940 0.98 29.060662956908345
16728 1 834599 0.97727275 33.88381493277848
16729 1 1498556 0.9782609 33.38477399665862
16730 1 1013703 0.97619045 29.214099049568176
16731 1 1259347 0.9148936 27.976112090982497
16732 1 2093345 0.9583333 25.642358930781484
16733 1 1513644 0.9411765 24.42324603907764
16734 1 1182959 0.9230769 23.83368997834623
16735 1 1487597 0.902439 20.67984698805958
16736 1 1339853 1.0 19.02121992316097
16737 1 1061197 0.975 17.30834599584341
16738 1 1513644 0.9411765 26.55486494768411
16739 1 1081600 0.9782609 23.099667974747717
16740 1 1540603 0.9074074 26.072580949403346
16741 1 1151245 0.9756098 20.174059085547924
16742 1 1565650 0.9347826 22.99007202964276
16743 1 1145116 0.95238096 19.43697698879987
16744 1 1500289 0.89361703 24.241075036115944
16745 1 1440929 0.9166667 23.07617897167802
16746 1 981167 0.9285714 19.37751704826951
16747 1 1483828 0.9574468 22.24280999507755
16748 1 1056037 0.9591837 23.073162999935448
16749 1 1300448 0.902439 21.525667048990726
16750 1 771390 0.9347826 23.796675028279424
16751 1 2087956 0.9791667 23.89962994493544
16752 1 1500314 0.9574468 23.27272098045796
16753 1 2088384 0.9591837 23.088247049599886
16754 1 1406278 0.9777778 21.66883193422109
16755 1 1058079 0.9756098 18.924420000985265
16756 1 1799851 0.9375 21.801469032652676
16757 1 1467026 0.9423077 23.11489195562899
16758 1 1200383 0.97619045 18.76258396077901
16759 1 2093443 0.9056604 24.62006697896868
16760 1 1181587 0.9148936 22.822032100521028
16761 1 1447377 0.92105263 18.315505934879184
16762 1 1047847 0.9111111 24.13204498589039
16763 1 1200645 0.9756098 19.51414393261075
16764 1 2092890 0.90697676 25.12758201919496
16765 1 1106228 0.9285714 21.11904404591769
16766 1 1447457 0.97959185 22.88954798132181
16767 1 1500980 0.8979592 22.54388900473714
16768 1 1445593 0.9787234 22.41998794488609
16769 1 1015705 0.9148936 21.790129016153514
16770 1 845276 0.975 18.143029999919236
16771 1 1855968 0.9347826 25.09732695762068
16772 1 1120881 0.92 24.364916025660932
16773 1 2094544 0.9318182 21.783522912301123
16774 1 1244234 0.98 23.788876016624272
16775 1 1197329 0.9268293 22.97277597244829
16776 1 701001 0.97727275 20.791598013602197
16777 1 1136016 0.98 23.507089004851878
16778 1 1039916 0.9767442 20.514238043688238
16779 1 2113039 0.9318182 21.55069902073592
16780 1 2111203 0.9791667 22.439330001361668
16781 1 2257451 0.89361703 24.817258003167808
16782 1 1274397 0.9183673 23.09867099393159
16783 1 1095722 0.97619045 20.99008299410343
16784 1 1302360 0.9130435 23.647074005566537
16785 1 1088797 0.95454544 22.689083009026945
16786 1 708896 0.9756098 19.750647945329547
16787 1 1299441 0.90909094 21.5252690250054
16788 1 1086732 0.902439 19.64793400838971
16789 1 1946095 0.97959185 22.533053997904062
16790 1 1473704 0.93877554 23.20995496120304
16791 1 810011 0.9111111 22.619549999944866
16792 1 1637588 0.9777778 21.13949100021273
16793 1 1045276 0.9166667 23.238365072757006
16794 1 1190508 0.90909094 23.861571913585067
16795 1 1387975 0.9756098 20.221501006744802
16796 1 986011 0.95454544 22.162415902130306
16797 1 1141287 0.9756098 20.675008068792522
16798 1 582544 0.95348835 21.591883967630565
16799 1 1409428 0.9767442 19.956006901338696
16800 1 1037123 0.9047619 21.47592301480472
16801 1 994936 0.95454544 20.61748900450766
16802 1 1619449 0.92 23.377903969958425
16803 1 1222794 0.9375 22.399479988962412
16804 1 1628988 0.94 23.32870999816805
16805 1 1135365 0.9347826 21.859694039449096
16806 1 1459960 0.9166667 26.10254194587469
16807 1 439552 0.95454544 21.705048042349517
16808 1 1490305 0.9512195 20.432841032743454
16809 1 1021497 0.9791667 23.21049105376005
16810 1 1476174 0.9111111 21.096284966915846
16811 1 1025266 0.9777778 21.304875961504877
16812 1 448868 0.95652175 21.400645026005805
16813 1 1152334 0.9347826 22.2154320217669
16814 1 1400870 0.92 24.08475906122476
16815 1 1270242 0.97727275 19.741663010790944
16816 1 614425 0.95238096 19.964618026278913
16817 1 1609012 0.9183673 25.524604017846286
16818 1 981299 0.95454544 22.759770043194294
16819 1 1035400 0.9791667 23.898354033008218
16820 1 1984706 1.0 21.34066098369658
16821 1 1301284 0.9782609 22.468638024292886
16822 1 1845094 0.9166667 23.85680004954338
16823 1 937663 0.92156863 23.831932921893895
16824 1 1139279 0.9767442 19.932352006435394
16825 1 1052829 0.93333334 20.571817993186414
16826 1 1797857 0.94 23.231265950016677
16827 1 1022454 0.93333334 20.96486696973443
16828 1 1447556 0.9787234 22.947182995267212
16829 1 592276 0.9047619 24.114706087857485
16830 1 2086334 0.95652175 23.129786015488207
16831 1 988843 0.9767442 19.480584072880447
16832 1 2081066 0.9777778 21.23807091265917
16833 1 1633403 0.9791667 22.098076064139605
16834 1 1259742 0.9512195 17.700596945360303
16835 1 1484405 0.9019608 22.824040963314474
16836 1 158426 0.97727275 20.928856916725636
16837 1 1106841 0.9777778 20.786124980077147
16838 1 1278641 0.902439 20.474047982133925
16839 1 1865311 0.9148936 22.37656502984464
16840 1 1458659 0.9318182 21.836111089214683
16841 1 1510072 0.8958333 25.75223403982818
16842 1 2090002 0.95555556 23.045836947858334
16843 1 1606519 0.9019608 23.52485794108361
16844 1 1093233 0.9074074 24.39561893697828
16845 1 1210019 0.9148936 23.548399098217487
16846 1 789576 0.8979592 22.363024996593595
16847 1 1444331 0.9375 21.995216025970876
16848 1 61878 0.9361702 22.237344062887132
16849 1 1158604 0.9782609 21.522013936191797
16850 1 1080616 0.95652175 22.73773797787726
16851 1 624029 0.9767442 21.566672017797828
16852 1 2038471 0.9736842 18.061909009702504
16853 1 1840158 0.9777778 22.8283399483189
16854 1 592197 0.9285714 20.063946954905987
16855 1 2091187 0.9591837 23.06868403684348
16856 1 1555445 0.9787234 21.629792056046426
16857 1 2085689 0.95652175 21.493600099347532
16858 1 1062989 0.95555556 21.236884058453143
16859 1 1414203 0.9782609 22.07259798888117
16860 1 1504355 0.9375 22.27976208087057
16861 1 1622056 0.9166667 24.33957508765161
16862 1 391118 0.9230769 17.8703690180555
16863 1 1437236 0.9347826 29.86667596269399
16864 1 2094243 0.95454544 21.01379504892975
16865 1 981299 0.95454544 20.992891979403794
16866 1 1625268 0.8947368 17.96894206199795
16867 1 1463126 0.90697676 21.41311194282025
16868 1 1031036 0.94 23.44363706652075
16869 1 1401607 0.97727275 21.204452961683273
16870 1 609191 0.97727275 20.60385001823306
16871 1 1094368 0.90909094 19.819989916868508
16872 1 1636603 0.9019608 23.49026291631162
16873 1 1072549 0.9 24.599593016318977
16874 1 1301747 0.9777778 23.036440019495785
16875 1 1556018 0.9791667 23.651091963984072
16876 1 350039 0.9166667 25.424086023122072
16877 1 1671130 0.9756098 18.53432401549071
16878 1 65601 0.9767442 20.06152202375233
16879 1 2093228 0.90909094 19.16432101279497
16880 1 1425001 0.8974359 18.027655081823468
16881 1 1529848 0.9777778 20.55321109946817
16882 1 879878 0.92156863 22.846354986540973
16883 1 1531976 0.9111111 21.20346890296787
16884 1 1524424 0.98 22.62996102217585
16885 1 1335717 0.95454544 21.699541015550494
16886 1 1437036 0.90697676 21.473572938703
16887 1 1825647 0.93877554 24.041038937866688
16888 1 1044694 0.90697676 21.695012925192714
16889 1 2091571 0.9591837 22.366399061866105
16890 1 1844575 0.95555556 21.555009996518493
16891 1 1191989 0.93333334 20.416381070390344
16892 1 1460072 0.9787234 21.304587949998677
16893 1 741237 0.97727275 21.092441049404442
16894 1 1031999 0.9574468 22.041340940631926
16895 1 1471943 0.94 22.79463200829923
16896 1 1005425 0.95 17.089631990529597
16897 1 1489189 0.9782609 22.77443604543805
16898 1 1394555 0.96 23.727111984044313
16899 1 1482323 0.9111111 22.443989058956504
16900 1 1176711 0.9423077 23.897815961390734
16901 1 1071041 1.0 21.428043022751808
16902 1 350039 0.9148936 22.368738893419504
16903 1 1044660 0.9019608 23.060654988512397
16904 1 1554949 0.97959185 22.550288005732
16905 1 1391913 0.9791667 22.306386032141745
16906 1 1471792 0.97619045 19.479542039334774
16907 1 1842907 0.9756098 19.816219923086464
16908 1 1481340 0.9148936 23.74915697146207
16909 1 914995 0.93877554 24.54866108018905
16910 1 1176622 0.94 24.533647927455604
16911 1 764029 0.9756098 19.693702924996614
16912 1 1842907 0.95238096 20.609125960618258
16913 1 1129310 0.92156863 26.292514987289906
16914 1 1160814 0.95238096 21.909883012995124
16915 1 1248256 0.9787234 24.71771405544132
16916 1 1108716 0.97727275 22.882592980749905
16917 1 1174260 0.9777778 24.090326973237097
16918 1 1152072 0.97619045 23.3689519809559
16919 1 1176701 0.90697676 23.52206502109766
16920 1 1302227 0.8958333 26.858248049393296
16921 1 1167369 0.902439 23.61618902068585
16922 1 1435686 0.93333334 23.94734602421522
16923 1 1349529 0.97727275 26.445025927387178
16924 1 1069121 0.97727275 22.94135803822428
16925 1 1028074 0.9777778 22.92036998551339
16926 1 1529848 0.9777778 22.13850209955126
16927 1 1429265 0.90909094 22.42602698970586
16928 1 1133134 0.9361702 22.21615193411708
16929 1 1191087 0.95555556 26.559876976534724
16930 1 2051539 0.90909094 26.577137992717326
16931 1 1211984 0.9361702 27.41712098941207
16932 1 1492227 0.9183673 25.617654086090624
16933 1 350039 0.9361702 24.81873705983162
16934 1 1619366 0.9787234 23.404572973959148
16935 1 934348 0.92156863 23.9540240727365
16936 1 593780 0.8918919 16.298909089528024
16937 1 1191989 0.9782609 21.449036081321537
16938 1 858257 0.95238096 20.805126056075096
16939 1 1669880 0.9230769 24.903496028855443
16940 1 1615684 0.9302326 20.969558972865343
16941 1 1409780 0.9361702 22.149960044771433
16942 1 1592288 0.97959185 22.571497014723718
16943 1 1440328 0.95238096 20.058079971931875
16944 1 1387975 0.9756098 18.780389102175832
16945 1 1597167 0.9148936 23.489845101721585
16946 1 1255659 0.9 22.684841067530215
16947 1 1182959 0.9230769 23.587643052451313
16948 1 350039 0.8979592 26.111603947356343
16949 1 1151245 0.9756098 19.945028005167842
16950 1 1443310 0.92 25.639283005148172
16951 1 1006696 0.9787234 23.832894978113472
16952 1 1091444 0.9782609 22.970268968492746
16953 1 1232024 0.9 24.824177962727845
16954 1 1946095 0.97959185 22.989874007180333
16955 1 1572067 0.97619045 19.548318930901587
16956 1 543548 0.93333334 24.835997028276324
16957 1 1007696 0.9148936 21.199723007157445
16958 1 2470089 0.90909094 21.312160999514163
16959 1 1229636 0.9 24.423074908554554
16960 1 2086953 0.9130435 22.458248073235154
16961 1 855356 0.9756098 20.415945909917355
16962 1 1511793 0.9791667 23.63835903815925
16963 1 1176422 0.9782609 23.0343050789088
16964 1 668936 0.9230769 17.649485962465405
16965 1 1349529 0.97727275 21.28630201332271
16966 1 1218159 0.93877554 23.484918987378478
16967 1 1133074 0.9607843 22.01702701859176
16968 1 847532 0.90909094 22.053224965929985
16969 1 552356 0.902439 20.21870797034353
16970 1 1494263 0.8958333 23.12413591425866
16971 1 468415 0.93333334 24.13915703073144
16972 1 861885 0.9782609 22.717441082932055
16973 1 139990 0.9756098 19.471831037662923
16974 1 1101106 0.9512195 19.28825001232326
16975 1 1555464 0.9302326 22.62577402871102
16976 1 1449644 0.9230769 23.676312062889338
16977 1 1407281 0.90384614 24.24495597369969
16978 1 1036056 0.9111111 22.366376942954957
16979 1 1033024 0.9047619 21.243966999463737
16980 1 1019172 0.9767442 21.318132989108562
16981 1 1081634 0.9318182 21.721268072724342
16982 1 1054164 0.975 21.440620999783278
16983 1 1042246 0.9782609 26.16546198260039
16984 1 1128477 0.9148936 28.295047930441797
16985 1 1210019 0.8979592 30.749969999305904
16986 1 1075879 0.95652175 24.61193408817053
16987 1 1357209 0.97959185 25.03457898274064
16988 1 587421 0.90909094 25.06547700613737
16989 1 1797721 0.97959185 27.2891609929502
16990 1 1207693 0.9756098 22.689456935040653
16991 1 1168070 0.97727275 28.659748029895127
16992 1 1020224 0.97727275 24.890010012313724
16993 1 1822083 0.9 30.321042984724045
16994 1 623624 0.9166667 28.780353954061866
16995 1 1557640 0.9756098 21.317714010365307
16996 1 1487367 0.97619045 26.798713952302933
16997 1 1482908 0.97959185 25.205936981365085
16998 1 25727 0.9130435 24.97116499580443
16999 1 1074473 0.9318182 25.038484018296003
17000 1 1553103 0.90697676 22.166569950059056
17001 1 830352 0.92 27.092364034615457
17002 1 1353872 0.95238096 23.29226804431528
17003 1 1116203 0.9166667 18.164610024541616
17004 1 1141632 0.9148936 27.66139409504831
17005 1 1364926 0.9148936 25.28755203820765
17006 1 625216 0.9375 23.913464974611998
17007 1 1613699 0.93333334 22.027904051356018
17008 1 1561556 0.92 23.66283000446856
17009 1 981167 0.9285714 20.070967031642795
17010 1 1265863 0.9777778 20.973688922822475
17011 1 1050665 0.9183673 24.269183981232345
17012 1 1328115 0.9166667 28.60882692039013
17013 1 1060976 0.9047619 24.108109064400196
17014 1 620951 0.9777778 23.011783021502197
17015 1 1199645 0.95348835 20.851791952736676
17016 1 1503247 0.97727275 20.72806505020708
17017 1 449201 0.97619045 19.527249969542027
17018 1 1844554 0.9347826 21.799032925628126
17019 1 1437231 0.98 23.461443022824824
17020 1 1469481 0.98 22.627516998909414
17021 1 1471571 0.9047619 18.97546206600964
17022 1 1498871 0.95238096 19.581445027142763
17023 1 593993 0.9777778 21.166898077353835
17024 1 1134022 0.8974359 18.67326896172017
17025 1 1089097 0.90384614 29.25036591477692
17026 1 1493004 0.92 24.526761029846966
17027 1 1058066 0.97619045 18.77428498119116
17028 1 1438317 0.9 23.607691982761025
17029 1 815617 0.9318182 20.363042945973575
17030 1 158426 0.97727275 21.05550200212747
17031 1 1094278 0.9347826 21.70504303649068
17032 1 350039 0.8979592 24.548097047954798
17033 1 1439631 0.9791667 22.176121943630278
17034 1 1396242 0.9 23.208640050143003
17035 1 1472264 0.9230769 18.9534870442003
17036 1 1591668 0.97619045 19.90658196154982
17037 1 1016203 0.90697676 21.508467965759337
17038 1 1291421 0.975 18.70924502145499
17039 1 1636728 0.9787234 22.837806027382612
17040 1 1633263 0.97727275 21.342974971048534
17041 1 1517218 0.9183673 24.06186901498586
17042 1 1169386 0.92 24.014228023588657
17043 1 1435237 0.9787234 22.182554006576538
17044 1 1122877 0.9574468 21.940231090411544
17045 1 1507528 0.97959185 22.51736808102578
17046 1 1442728 0.90697676 22.963408031500876
17047 1 981160 0.9318182 21.98272501118481
17048 1 1563336 0.92156863 25.438526994548738
17049 1 2094963 0.9583333 26.479536085389555
17050 1 1016711 0.92156863 23.929342976771295
17051 1 1616007 0.975 18.31134594976902
17052 1 1134798 0.9285714 20.213359966874123
17053 1 1525315 0.9347826 22.489165072329342
17054 1 427285 0.9 19.695976050570607
17055 1 643607 0.97727275 20.609635044820607
17056 1 1154527 0.95238096 18.667989992536604
17057 1 1266019 1.0 16.82812301442027
17058 1 1631047 1.0 17.750059021636844
17059 1 1098513 0.9512195 19.855984020978212
17060 1 1169386 0.92 24.97274801135063
17061 1 1171405 0.9019608 25.198230054229498
17062 1 669471 0.9767442 20.143816946074367
17063 1 815617 0.9318182 21.00416598841548
17064 1 1011896 0.97727275 21.260343957692385
17065 1 595603 0.95348835 20.576440962031484
17066 1 1652320 0.90384614 23.749885032884777
17067 1 2445636 0.97727275 20.3057280741632
17068 1 1423081 0.9375 22.547585074789822
17069 1 2430221 0.9767442 21.81245293468237
17070 1 1009917 0.9777778 22.12128194514662
17071 1 1096736 0.9111111 21.442066063173115
17072 1 1062989 0.95555556 22.51056593377143
17073 1 1498136 0.9285714 21.275999955832958
17074 1 1088797 0.95454544 21.365344990044832
17075 1 1251240 0.9777778 20.92259400524199
17076 1 1636603 0.9019608 24.308245978318155
17077 1 1532048 0.95454544 20.09926305618137
17078 1 1905683 0.9787234 20.79104201402515
17079 1 774365 0.9302326 19.487623940221965
17080 1 1399626 0.9411765 23.9689820446074
17081 1 649534 0.9302326 22.342212963849306
17082 1 2113166 0.95555556 22.65612198971212
17083 1 1192839 0.9756098 21.129882079549134
17084 1 2087627 0.95555556 22.72623497992754
17085 1 350039 0.8979592 24.189551011659205
17086 1 1387975 0.9756098 18.863867968320847
17087 1 1385364 0.9245283 23.88702309690416
17088 1 1493097 0.9245283 23.785145953297615
17089 1 1435303 0.9423077 24.02192004956305
17090 1 1006768 0.9230769 24.18510604184121
17091 1 1274099 0.9464286 24.08109907992184
17092 1 1495431 0.9019608 26.771172997541726
17093 1 258989 0.9 24.045353988185525
17094 1 1125423 0.9354839 23.322199005633593
17095 1 1527236 0.9122807 24.92728002835065
17096 1 1606287 0.98 22.876688046380877
17097 1 1233432 0.9661017 21.886400994844735
17098 1 1177219 0.98039216 23.286975920200348
17099 1 1960506 0.93442625 21.966597996652126
17100 1 1005722 0.89830506 22.41962996777147
17101 1 1000922 0.9433962 22.80601696111262
17102 1 623325 0.98275864 23.148010950535536
17103 1 621198 0.94545454 24.920413037762046
17104 1 1816327 0.9818182 24.469038005918264
17105 1 1053372 0.9298246 25.208742008544505
17106 1 1200805 0.9464286 23.45257403794676
17107 1 1434216 0.9 24.622255004942417
17108 1 1606519 0.9056604 24.481649976223707
17109 1 1236448 0.9183673 23.39090802706778
17110 1 1464500 0.92156863 23.403560975566506
17111 1 1532739 0.91071427 23.091779905371368
17112 1 1628059 0.9433962 23.965363041497767
17113 1 1801697 0.9122807 25.395939010195434
17114 1 998230 0.91525424 24.73321300931275
17115 1 1505184 0.90909094 26.340259006246924
17116 1 1002216 0.9814815 23.6125229857862
17117 1 855031 0.98039216 23.279158980585635
17118 1 807566 0.9259259 24.233033997006714
17119 1 1289156 0.9166667 22.11008092854172
17120 1 1843899 0.9814815 22.136462037451565
17121 1 1049444 0.9807692 22.769524017348886
17122 1 1521688 0.9122807 22.769959992729127
17123 1 1099247 0.9310345 22.73707906715572
17124 1 1067127 0.9791667 23.9108920795843
17125 1 1121132 0.9814815 23.968443041667342
17126 1 1419783 0.90384614 26.21789905242622
17127 1 1530916 0.9285714 23.31086399499327
17128 1 1650306 0.9433962 23.754258058033884
17129 1 2087566 0.9622642 23.32688809838146
17130 1 1457357 0.9230769 23.54134200140834
17131 1 1493720 0.9310345 22.52315601799637
17132 1 480293 0.9807692 22.011432913132012
17133 1 1801697 0.9122807 23.344358894973993
17134 1 1270461 0.97959185 24.69005004968494
17135 1 1650306 0.9230769 26.506304973736405
17136 1 1260037 0.9122807 25.04682692233473
17137 1 1626472 0.98214287 23.345545982010663
17138 1 1654933 0.98039216 23.832885082811117
17139 1 1429998 0.9423077 25.016332045197487
17140 1 1346465 0.89830506 23.45746906939894
17141 1 1853325 0.9310345 22.552059963345528
17142 1 1001262 0.92727274 23.212983971461654
17143 1 1067732 0.9019608 24.722486967220902
17144 1 1507202 0.9811321 22.80956506729126
17145 1 1512470 0.92727274 26.079940958879888
17146 1 1467273 0.9807692 24.286651983857155
17147 1 1652669 0.98245615 23.693718947470188
17148 1 1141960 0.9811321 23.310751072131097
17149 1 1054619 0.8947368 23.6781690036878
17150 1 1652309 0.9791667 22.684560040943325
17151 1 1302744 0.9122807 23.74233305454254
17152 1 1535082 0.9137931 23.97086995188147
17153 1 1188887 0.9137931 22.31618110090494
17154 1 1270461 0.97959185 21.804615971632302
17155 1 1179804 0.92156863 28.345283935777843
17156 1 1709152 0.9818182 23.83180905599147
17157 1 1084152 0.89830506 24.86823790241033
17158 1 1413243 0.90909094 23.042613989673555
17159 1 1489270 0.9814815 21.98301104363054
17160 1 1630124 0.9245283 23.285286035388708
17161 1 1136792 0.9433962 23.842740920372307
17162 1 1074055 0.9433962 23.162444005720317
17163 1 555360 0.96363634 22.34722301363945
17164 1 1348194 0.9019608 23.931500036269426
17165 1 1466162 0.91935486 22.308611078187823
17166 1 1596759 0.98245615 23.451842018403113
17167 1 1005171 1.0 24.098510039038956
17168 1 835978 0.9814815 24.013104964978993
17169 1 1449990 0.91071427 24.490936077199876
17170 1 1182842 0.9811321 23.109958972781897
17171 1 301941 0.98275864 22.507080109789968
17172 1 1113534 0.9298246 23.716074996627867
17173 1 1664989 0.96 23.06477108504623
17174 1 1055971 0.92727274 23.741613025777042
17175 1 258989 0.9 22.489930037409067
17176 1 627690 0.9245283 24.851177004165947
17177 1 1274099 0.9464286 26.14853798877448
17178 1 1226344 0.9814815 24.55229195766151
17179 1 2093245 0.96 24.48491402901709
17180 1 1851128 0.93333334 23.9639759529382
17181 1 998447 0.9298246 24.088261066935956
17182 1 1504611 0.9183673 23.796290974132717
17183 1 1927567 0.92727274 23.503993987105787
17184 1 1609774 0.90163934 22.944552008993924
17185 1 1727887 0.9811321 22.580763907171786
17186 1 1573583 0.91071427 23.783577024005353
17187 1 1629928 0.94 25.041939108632505
17188 1 1171660 0.96153843 24.7487120795995
17189 1 1792303 0.95 23.641177103854716
17190 1 1634623 0.9 24.8776440275833
17191 1 822232 0.98 24.25432892050594
17192 1 72752 0.94 24.304023012518883
17193 1 1194459 0.9807692 22.3843950079754
17194 1 1172241 0.98245615 21.944890962913632
17195 1 1573014 0.9814815 21.92309801466763
17196 1 1600553 0.9622642 22.718445979990065
17197 1 1485664 0.9814815 22.73927303031087
17198 1 1225985 0.9818182 24.255969910882413
17199 1 1128467 0.9322034 23.674134979955852
17200 1 1409635 0.9 24.24491907004267
17201 1 1376938 0.9259259 25.58277198113501
17202 1 1011673 0.96 23.803403018973768
17203 1 1436546 0.962963 22.691164980642498
17204 1 1432332 0.94827586 22.76930003426969
17205 1 1428371 0.9807692 22.527970955707133
17206 1 2034530 0.9166667 23.876836989074945
17207 1 1182608 0.9019608 25.458417017944157
17208 1 1105414 0.9056604 23.75647402368486
17209 1 987849 0.9607843 25.287255994044244
17210 1 1236577 0.9818182 23.684565909206867
17211 1 1020198 0.91525424 24.423282011412084
17212 1 1486824 0.9811321 22.576192975975573
17213 1 1021174 0.962963 23.288619937375188
17214 1 1116005 0.9818182 21.776664070785046
17215 1 1325905 0.9322034 21.589344018138945
17216 1 1848468 0.9322034 21.595126017928123
17217 1 2418562 0.8958333 23.448592983186245
17218 1 1071541 0.9056604 24.802702013403177
17219 1 1801408 0.90384614 28.29066605772823
17220 1 1400104 0.9787234 23.870819015428424
17221 1 1551383 0.9310345 24.247757042758167
17222 1 1513644 0.9230769 24.71746108494699
17223 1 1605174 0.9310345 23.10964500065893
17224 1 1663421 0.9245283 24.197158054448664
17225 1 1405299 0.9 23.862047935836017
17226 1 1424505 0.9310345 23.88145902659744
17227 1 1443709 0.9444444 23.298357031308115
17228 1 1451179 0.94 25.556551991030574
17229 1 1288801 0.9 30.11742001399398
17230 1 864943 0.9807692 25.38644103333354
17231 1 1639459 0.9166667 25.18615499138832
17232 1 1486234 0.90909094 26.600701035931706
17233 1 1149414 0.90909094 24.797998019494116
17234 1 1449990 0.91071427 22.78086601290852
17235 1 1605298 0.9814815 22.67160394694656
17236 1 1417330 0.91525424 23.63620395772159
17237 1 1055981 0.9122807 23.439356009475887
17238 1 839735 0.92727274 23.142660968005657
17239 1 1265007 0.89830506 24.10772000439465
17240 1 1507128 0.98 24.61777301505208
17241 1 669607 0.8947368 25.759362033568323
17242 1 1179850 0.9230769 25.44426009990275
17243 1 1614947 0.98214287 22.13729894720018
17244 1 1140546 0.9310345 22.935530985705554
17245 1 1277562 0.98039216 22.83316699322313
17246 1 1088816 0.9814815 22.5827950052917
17247 1 1566584 0.9411765 23.211456020362675
17248 1 1543764 0.9807692 22.346362937241793
17249 1 1021507 0.9122807 23.56895199045539
17250 1 1338606 0.96153843 23.347179987467825
17251 1 1294872 0.9230769 26.026849984191358
17252 1 1444629 0.94545454 24.809940019622445
17253 1 1802831 0.93442625 22.98230805899948
17254 1 1800896 0.8965517 25.04473109729588
17255 1 1505984 0.8965517 23.93284603022039
17256 1 1167581 0.9607843 23.05368904490024
17257 1 1322683 0.93877554 23.510643048211932
17258 1 563457 0.98245615 22.449159994721413
17259 1 1019104 0.9137931 22.966701071709394
17260 1 1404990 0.94545454 23.17194000352174
17261 1 1282420 0.9122807 23.447397048585117
17262 1 106631 1.0 24.00800900068134
17263 1 1085422 0.9814815 23.286286974325776
17264 1 1063073 0.98245615 22.846940904855728
17265 1 998230 0.91525424 21.89449407160282
17266 1 1492688 0.9047619 20.773862022906542
17267 1 1153585 0.9607843 23.21080199908465
17268 1 1095022 0.9814815 22.379247937351465
17269 1 1663421 0.9074074 23.764982004649937
17270 1 1447881 0.9056604 23.32084800582379
17271 1 1611163 0.91525424 22.929911967366934
17272 1 1059447 0.98214287 24.677822017110884
17273 1 1310313 0.90163934 23.318724939599633
17274 1 1508442 0.9285714 25.570441968739033
17275 1 1693794 0.90909094 24.144538096152246
17276 1 1022162 0.96666664 21.263743052259088
17277 1 1492761 0.9818182 22.688435041345656
17278 1 1052646 0.92156863 24.04155198018998
17279 1 1403157 0.9811321 22.321432013995945
17280 1 698339 0.92156863 24.005940067581832
17281 1 1484600 0.9433962 23.7527450080961
17282 1 1486643 0.98275864 22.54733699373901
17283 1 990390 0.9137931 24.58802401088178
17284 1 1286666 0.9298246 23.58597598504275
17285 1 1522542 0.9 23.74062198214233
17286 1 1485664 0.9814815 22.68277993425727
17287 1 823745 0.9122807 23.760794079862535
17288 1 1270461 0.97959185 22.51849800813943
17289 1 1789726 0.9166667 23.02236796822399
17290 1 1091101 0.97959185 21.628285059705377
17291 1 1239576 0.98039216 22.55440002772957
17292 1 1379085 0.91525424 24.225336965173483
17293 1 1093920 0.89830506 24.532048031687737
17294 1 394071 0.9259259 31.390191055834293
17295 1 1987405 0.9285714 26.784813031554222
17296 1 1797066 0.98039216 25.173066998831928
17297 1 1106952 0.9807692 23.612046032212675
17298 1 1206265 0.97959185 22.685085074044764
17299 1 1178154 0.94545454 23.0137649923563
17300 1 1270185 0.94545454 24.17874103412032
17301 1 1617181 0.9122807 24.89105600398034
17302 1 1408271 0.9 25.148905930109322
17303 1 1272302 0.94 27.373484917916358
17304 1 1495396 0.9122807 25.31462407205254
17305 1 1224235 0.9818182 24.435635074041784
17306 1 1372315 0.9444444 23.976630065590143
17307 1 1596650 0.8947368 23.958316072821617
17308 1 1147285 0.91071427 24.088899954222143
17309 1 1634943 0.91071427 23.36566208396107
17310 1 1613188 0.92727274 23.16770004108548
17311 1 862396 0.89830506 22.786083980463445
17312 1 1713253 0.98275864 22.18312001787126
17313 1 1619928 0.9137931 23.647060967050493
17314 1 1409018 0.9411765 24.9055540189147
17315 1 1270461 0.97959185 23.386285989545286
17316 1 1511467 0.9411765 23.953853989951313
17317 1 1628625 0.91803277 21.316061029210687
17318 1 827007 0.9811321 23.067825939506292
17319 1 1124580 0.9245283 23.608318995684385
17320 1 855431 0.9444444 22.93374005239457
17321 1 1095212 0.962963 22.641792078502476
17322 1 1082605 0.9 23.729620967060328
17323 1 1106766 0.9259259 23.434575996361673
17324 1 1433247 0.9464286 24.350732914172113
17325 1 1120485 0.96666664 22.41797500755638
17326 1 1391809 0.98214287 23.48353306297213
17327 1 1632206 0.9056604 23.83895602542907
17328 1 1985310 0.92727274 24.1211149841547
17329 1 1099361 0.9814815 22.680704947561026
17330 1 1413273 0.90163934 21.716358955018222
17331 1 1627885 0.98245615 21.45082107745111
17332 1 1556097 0.8947368 22.556443931534886
17333 1 1047776 0.98 22.552127949893475
17334 1 301941 0.98275864 21.857348969206214
17335 1 1438982 0.9245283 26.436603046022356
17336 1 998283 0.90163934 23.360263090580702
17337 1 819602 0.9310345 24.782049003988504
17338 1 1428676 0.89285713 25.440331897698343
17339 1 1555778 0.94545454 22.4493860732764
17340 1 1987660 0.94736844 22.09800691343844
17341 1 1033241 0.9 22.141742054373026
17342 1 1128978 0.98039216 22.789736045524478
17343 1 1480212 0.9259259 23.265452939085662
17344 1 1527155 0.9122807 23.852598038502038
17345 1 1418711 0.9807692 23.199473973363638
17346 1 797820 0.9259259 25.515474029816687
17347 1 1340349 0.92727274 25.832154089584947
17348 1 1404990 0.94545454 24.765447014942765
17349 1 1453056 0.91071427 23.810502025298774
17350 1 1793804 0.9230769 24.375880951993167
17351 1 1614714 0.98039216 23.34055001847446
17352 1 1079893 0.90384614 23.560638073831797
17353 1 586163 0.93442625 21.4526989730075
17354 1 566325 0.91071427 22.677198983728886
17355 1 971460 0.96363634 22.795537021011114
17356 1 1441091 0.96428573 23.3853820245713
17357 1 972692 0.9444444 24.84612399712205
17358 1 20847 0.9830508 22.225670982152224
17359 1 1417332 0.9814815 23.456780007109046
17360 1 1416087 0.9137931 24.37247207853943
17361 1 1303111 0.96153843 23.548666038550436
17362 1 1484598 0.9433962 23.7456540344283
17363 1 394071 0.9259259 23.2944079907611
17364 1 1718536 0.9245283 22.339294897392392
17365 1 1101820 0.98 22.410626988857985
17366 1 1150302 0.96363634 22.163995075970888
17367 1 427891 0.93333334 24.306206963956356
17368 1 1254159 0.89830506 24.149412056431174
17369 1 1618629 0.90384614 25.077152997255325
17370 1 1606499 0.98245615 22.39605796057731
17371 1 1065645 0.9322034 22.453039069660008
17372 1 1079893 0.90384614 23.461099015548825
17373 1 558723 0.9444444 22.624747012741864
17374 1 1616273 0.9818182 21.56598400324583
17375 1 1557747 0.98 22.207987029105425
17376 1 1066021 0.9607843 22.835592040792108
17377 1 1607554 0.9807692 23.810182930901647
17378 1 1803257 0.9230769 26.289921952411532
17379 1 1272144 0.9122807 24.804423097521067
17380 1 1002264 0.9818182 23.065576096996665
17381 1 817721 0.962963 22.696620086207986
17382 1 1628059 0.9433962 23.671992938034236
17383 1 1440505 0.9807692 23.20256899110973
17384 1 1294807 0.92727274 23.523525916971266
17385 1 1125554 0.94 23.010130040347576
17386 1 1572509 0.9032258 21.950363996438682
17387 1 1296048 0.96153843 23.03727704565972
17388 1 1214371 0.9787234 21.85233705677092
17389 1 1519773 0.9444444 26.771395932883024
17390 1 1054393 0.9814815 26.6154840355739
17391 1 1062196 0.98214287 25.132759008556604
17392 1 1404554 0.9 23.11437902972102
17393 1 1561973 0.94545454 23.16951099783182
17394 1 1236665 0.9814815 23.02627998869866
17395 1 1664818 0.98214287 21.668942063115537
17396 1 1456419 0.96153843 22.61512994300574
17397 1 1612584 0.9166667 21.0354559822008
17398 1 1632437 0.92156863 23.54622900020331
17399 1 1522071 0.92727274 23.686266038566828
17400 1 2055286 0.9245283 25.695655029267073
17401 1 1154126 0.9166667 23.863003007136285
17402 1 644158 0.90163934 22.796385921537876
17403 1 1158252 0.9791667 22.67059695441276
17404 1 1002347 0.9 22.608238039538264
17405 1 345064 0.8965517 24.246444925665855
17406 1 1136060 0.93333334 23.97699502762407
17407 1 1400328 0.91071427 23.712756927125156
17408 1 2045234 0.9019608 23.93080899491906
17409 1 1108930 0.9137931 24.18120892252773
17410 1 1557924 0.9 24.6305720647797
17411 1 589450 0.9310345 24.6657719835639
17412 1 640203 0.98245615 26.077853981405497
17413 1 1114048 0.92727274 24.374312022700906
17414 1 1398756 0.8947368 23.602681001648307
17415 1 1520856 0.9 23.236200911924243
17416 1 1570951 0.90163934 21.023267065174878
17417 1 1125667 0.9245283 23.060578969307244
17418 1 1530908 0.98214287 21.496033994480968
17419 1 1335504 0.93333334 22.426045034080744
17420 1 1986011 0.9137931 23.30073795747012
17421 1 1053620 0.9818182 25.381961022503674
17422 1 1257709 0.9814815 23.949239985086024
17423 1 1570166 0.90909094 24.37313098926097
17424 1 1406729 0.91525424 23.550341022200882
17425 1 1063073 0.98245615 22.379891946911812
17426 1 1555778 0.9259259 23.36547791492194
17427 1 1140942 0.9245283 23.174601956270635
17428 1 1131669 0.9 22.595847956836224
17429 1 1605174 0.9310345 22.222689003683627
17430 1 1413424 0.91071427 24.011464905925095
17431 1 1610169 0.98214287 23.449403000995517
17432 1 1422849 0.92727274 25.72692499961704
17433 1 1226073 0.9032258 23.188187973573804
17434 1 1085663 0.91525424 24.155354942195117
17435 1 1115499 0.9137931 22.83224498387426
17436 1 1113413 0.9137931 23.99746503215283
17437 1 1475963 0.9230769 24.36446293722838
17438 1 1624474 0.9807692 23.00064091105014
17439 1 1797066 0.98039216 23.56735896319151
17440 1 1531350 0.91525424 23.468849016353488
17441 1 1010110 0.94827586 22.666631964966655
17442 1 1744149 0.98039216 24.90094304084778
17443 1 1301971 0.98245615 23.55905994772911
17444 1 1985310 0.92727274 25.592783000320196
17445 1 1495396 0.9298246 26.786940055899322
17446 1 1487731 0.9811321 23.312981007620692
17447 1 1460345 0.9298246 22.937100031413138
17448 1 1563911 0.98275864 21.35999093297869
17449 1 1501339 0.9807692 22.602641955018044
17450 1 1201765 0.97959185 21.917994017712772
17451 1 1614777 0.9 22.311079083010554
17452 1 1297182 0.9791667 23.779292940162122
17453 1 1068043 0.9074074 26.18788497056812
17454 1 1499461 0.962963 24.57298105582595
17455 1 2111345 0.9607843 24.994211038574576
17456 1 1190286 0.9814815 22.761446074582636
17457 1 1415596 0.98245615 22.501308005303144
17458 1 1536524 0.9056604 24.29287403356284
17459 1 1015445 0.93442625 22.358348011039197
17460 1 1639456 0.9814815 22.70041999872774
17461 1 1024928 0.9137931 22.780505940318108
17462 1 533221 0.9814815 24.997678003273904
17463 1 1114920 0.89830506 24.959877016954124
17464 1 1007530 0.9433962 24.627052014693618
17465 1 1478249 0.98214287 23.452071007341146
17466 1 1662496 0.9811321 22.2471309825778
17467 1 638387 0.9 24.35079705901444
17468 1 1200743 0.8947368 23.78766203764826
17469 1 1142820 0.9298246 23.255801061168313
17470 1 1984381 0.9 24.151400080882013
17471 1 1493609 0.91525424 22.87676394917071
17472 1 1466332 0.9 23.240793962031603
17473 1 1471265 0.9285714 23.40869198087603
17474 1 1047275 0.98245615 23.843524046242237
17475 1 1799269 0.92727274 25.334834004752338
17476 1 1032280 0.90163934 23.343299981206656
17477 1 1426869 0.98039216 23.147981031797826
17478 1 1203752 0.9491525 22.558718104846776
17479 1 1413299 0.9230769 24.516533012501895
17480 1 1503178 0.9285714 23.064073990099132
17481 1 1299604 0.8965517 23.67526199668646
17482 1 1470002 0.9166667 24.588302010670304
17483 1 1272302 0.94 25.201927055604756
17484 1 1609342 0.9310345 26.716543012298644
17485 1 1556733 0.94827586 26.21410903520882
17486 1 1803101 0.92727274 27.321895002387464
17487 1 1444162 0.9 26.52558800764382
17488 1 1172365 0.9137931 25.842247996479273
17489 1 821270 0.91525424 24.69128998927772
17490 1 1087736 0.98214287 24.143091985024512
17491 1 1300840 0.9464286 24.659672984853387
17492 1 106631 1.0 22.04937895294279
17493 1 1319136 0.9245283 25.324180023744702
17494 1 1056998 0.98245615 25.533525040373206
17495 1 1410754 0.91525424 27.37957495264709
17496 1 1270461 0.97959185 25.40502103511244
17497 1 1296048 0.9433962 25.184074067510664
17498 1 1515123 0.90909094 24.96391604654491
17499 1 1615449 0.9811321 23.386914981529117
17500 1 1628380 0.98 23.659811005927622
17501 1 1468721 0.8965517 23.938521975651383
17502 1 1495396 0.9298246 23.440417018719018
17503 1 1155590 0.91071427 22.984756040386856
17504 1 1431190 0.91071427 26.44140599295497
17505 1 1270461 0.97959185 23.946628905832767
17506 1 1473715 0.9298246 25.396165903657675
17507 1 1492406 0.9137931 24.150860961526632
17508 1 1181201 0.96363634 23.396778968162835
17509 1 1483251 0.9830508 21.265954012051225
17510 1 1141701 0.9 22.44271500967443
17511 1 1619279 0.9056604 24.38569802325219
17512 1 1128732 0.98245615 22.482026950456202
17513 1 1512850 0.94 24.246967979706824
17514 1 1301862 0.98245615 23.696118965744972
17515 1 2327456 0.8965517 24.74484301637858
17516 1 1428270 0.89830506 23.926771013066173
17517 1 1559532 0.9137931 24.97271995525807
17518 1 1602759 0.9807692 25.873189908452332
17519 1 1406642 0.92156863 24.26207100506872
17520 1 1984381 0.9 24.614381953142583
17521 1 1152252 0.9830508 21.494172047823668
17522 1 1498874 0.91525424 21.701217046938837
17523 1 1190141 0.9245283 23.576249019242823
17524 1 1171405 0.9423077 23.247558972798288
17525 1 1484016 0.9811321 24.82025104109198
17526 1 1418272 0.98039216 24.317402043379843
17527 1 1516712 0.9137931 23.751411004923284
17528 1 1065678 0.9056604 23.799947928637266
17529 1 1415517 0.98039216 23.138963035307825
17530 1 837908 0.9047619 21.905987057834864
17531 1 793576 0.97959185 21.95292292162776
17532 1 1576600 0.91071427 22.393626044504344
17533 1 1498659 0.9285714 23.071498959325254
17534 1 618717 0.9074074 24.273155024275184
17535 1 1407217 0.9811321 23.653101990930736
17536 1 1427689 0.9818182 26.872579008340836
17537 1 1800896 0.98214287 27.8836190700531
17538 1 1096025 0.98 24.185287998989224
17539 1 1709152 0.9818182 23.746600025333464
17540 1 1712339 0.9818182 23.091847077012062
17541 1 884740 0.98245615 21.768564940430224
17542 1 1428624 0.90909094 24.282375001348555
17543 1 1270619 0.9464286 23.19413295481354
17544 1 145092 0.9811321 23.228734033182263
17545 1 1023811 0.98245615 21.11218892969191
17546 1 1415841 0.9807692 22.950396058149636
17547 1 419986 0.9464286 25.41029895655811
17548 1 1492389 0.9375 24.716479005292058
17549 1 1974286 0.9655172 23.46947102341801
17550 1 2082679 0.98039216 23.052065051160753
17551 1 1195660 0.9137931 23.33599398843944
17552 1 1165670 0.96363634 22.66324800439179
17553 1 1177946 0.9074074 23.36438000202179
17554 1 1000438 0.8947368 24.685733020305634
17555 1 1383449 0.9622642 22.83171599265188
17556 1 1630332 0.9322034 22.189263021573424
17557 1 1444578 0.9411765 23.061093990691006
17558 1 1171296 0.9310345 24.542195023968816
17559 1 1318213 0.9137931 24.607082013972104
17560 1 1286617 0.9 25.99341794848442
17561 1 1528563 0.92156863 24.06666101887822
17562 1 1806998 0.9074074 24.583360995166004
17563 1 1663309 0.91071427 23.61709694378078
17564 1 1281012 0.8947368 24.059212068095803
17565 1 1630734 0.9818182 23.86782004032284
17566 1 1920930 0.89830506 27.319144923239946
17567 1 1974286 0.9655172 27.2184299537912
17568 1 1100883 0.9322034 30.084865051321685
17569 1 1045696 0.91525424 25.819116970524192
17570 1 706873 0.90163934 24.852592032402754
17571 1 1152289 0.8965517 23.108300985768437
17572 1 1533202 0.9122807 23.13964895438403
17573 1 1419822 0.9433962 23.550004931166768
17574 1 1201916 0.98245615 22.242199978791177
17575 1 1638551 0.9137931 23.099187994375825
17576 1 1610169 0.96428573 22.677663946524262
17577 1 1491997 0.9807692 27.338776970282197
17578 1 1043210 0.8947368 25.806240970268846
17579 1 1087504 0.9807692 23.678598110564053
17580 1 1408761 0.9811321 25.209898012690246
17581 1 1149414 0.90909094 24.247935973107815
17582 1 615877 0.90163934 22.67709805164486
17583 1 1497314 0.9230769 23.571916040964425
17584 1 996318 0.98214287 21.411067922599614
17585 1 1374223 0.9122807 22.637977031990886
17586 1 1635018 0.92727274 23.015855927951634
17587 1 1131677 0.9807692 23.269306984730065
17588 1 1092019 0.9041096 16.877526068128645
17589 1 1530643 0.90909094 21.53729205019772
17590 1 1014448 0.8939394 21.01934200618416
17591 1 242470 0.9032258 22.32827991247177
17592 1 1102749 0.9830508 21.495798020623624
17593 1 2023258 0.921875 19.515386899001896
17594 1 1530692 0.91549295 16.26567996572703
17595 1 982883 0.9354839 22.35475496854633
17596 1 1054012 0.90625 21.02239802479744
17597 1 1204334 0.90909094 19.298134022392333
17598 1 719469 0.8939394 18.493123934604228
17599 1 1519147 0.9264706 17.470201943069696
17600 1 1037678 0.9846154 18.18066497799009
17601 1 1080177 0.9166667 24.068300961516798
17602 1 1652175 0.91803277 23.52756797336042
17603 1 978513 0.921875 20.150576950982213
17604 1 1298884 0.9206349 22.523605031892657
17605 1 858404 0.9076923 20.42986999731511
17606 1 1081087 0.90909094 19.42023599985987
17607 1 1179485 0.921875 19.98002699110657
17608 1 993367 0.9 22.68710406497121
17609 1 1079477 0.9104478 20.035507972352207
17610 1 1161001 0.90163934 22.39080995786935
17611 1 1048927 0.9206349 19.290504045784473
17612 1 1497870 0.9230769 19.33161704801023
17613 1 1059863 0.921875 21.542101982049644
17614 1 1574598 0.9047619 22.941222065128386
17615 1 1259177 0.9508197 22.659686976112425
17616 1 402660 0.984375 18.86209601070732
17617 1 1169972 0.89705884 17.73493899963796
17618 1 1482386 0.9166667 21.40292408876121
17619 1 1592664 0.9117647 17.669838038273156
17620 1 1462160 0.93650794 21.192637970671058
17621 1 477212 0.9142857 17.609041067771614
17622 1 402660 0.984375 18.542778911069036
17623 1 1455521 0.98245615 21.87180705368519
17624 1 1053120 0.90625 22.10604096762836
17625 1 1504174 0.9166667 24.248008034192026
17626 1 696520 0.90625 23.413199931383133
17627 1 1468541 0.9206349 21.184310084208846
17628 1 668845 0.9230769 20.439709071069956
17629 1 508902 0.90625 21.56987099442631
17630 1 1393054 0.9104478 19.341113977134228
17631 1 1213143 0.91525424 23.079000995494425
17632 1 1572190 1.0 21.684063016436994
17633 1 1038773 0.91803277 21.341276937164366
17634 1 1249896 0.9166667 15.164588927291334
17635 1 894441 0.98275864 22.852621972560883
17636 1 1014127 0.93846154 19.165930920280516
17637 1 953102 0.91803277 23.116593016311526
17638 1 1523176 0.9117647 18.699574982747436
17639 1 1107218 0.9104478 20.881482982076705
17640 1 1468541 0.9206349 20.13020310550928
17641 1 1358043 0.9076923 19.22790496610105
17642 1 1524127 0.90909094 19.351404043845832
17643 1 1099804 0.93442625 21.127097075805068
17644 1 2245020 0.91525424 22.543953033164144
17645 1 978513 0.921875 18.94320093560964
17646 1 633254 0.9032258 21.25178591813892
17647 1 1406415 0.9375 18.693936988711357
17648 1 1127031 0.90625 19.914120086468756
17649 1 1143218 0.921875 21.195385023020208
17650 1 1830092 0.91803277 23.384374100714922
17651 1 1640984 0.9322034 22.930553066544235
17652 1 668845 0.8955224 18.795844982378185
17653 1 1451777 0.91935486 21.38235606253147
17654 1 1129883 0.9166667 21.707592997699976
17655 1 1416643 0.95384616 19.21839697752148
17656 1 1754882 0.9830508 21.24308596830815
17657 1 1069457 0.9375 20.95064299646765
17658 1 612154 0.90625 22.05645095091313
17659 1 385557 0.91935486 21.21967007406056
17660 1 1489622 0.9655172 22.22014998551458
17661 1 1848880 0.90625 22.262049023993313
17662 1 1436910 0.984127 21.6592209180817
17663 1 1409192 0.9508197 23.857683059759438
17664 1 1464376 0.90625 22.13586599100381
17665 1 894441 0.98275864 22.067912970669568
17666 1 1290876 0.9104478 17.975710914470255
17667 1 1452253 0.90625 21.02581097278744
17668 1 1472258 0.93846154 18.83497298695147
17669 1 1413240 0.91935486 21.966333966702223
17670 1 1491988 0.9830508 20.665394025854766
17671 1 514458 0.89830506 21.21542498935014
17672 1 994791 0.9 24.223834043368697
17673 1 1482162 0.9032258 24.163409951142967
17674 1 1078905 0.92424244 21.475921967066824
17675 1 856190 0.91803277 23.989718058146536
17676 1 1436704 0.984127 20.369997015222907
17677 1 1117294 0.9142857 16.57059695571661
17678 1 1204363 0.91803277 21.876401966437697
17679 1 1101100 0.98333335 21.138312062248588
17680 1 1308185 0.90909094 19.00863100308925
17681 1 1238312 0.9830508 20.563442958518863
17682 1 444241 0.98275864 22.374721011146903
17683 1 719469 0.921875 19.0174940507859
17684 1 1201622 0.9655172 25.919080013409257
17685 1 1420557 0.95238096 21.436237962916493
17686 1 1454207 0.90625 21.058146026916802
17687 1 1190624 0.9032258 22.0369960879907
17688 1 1479588 0.93650794 21.765597048215568
17689 1 1244621 0.9310345 22.015511989593506
17690 1 958596 0.9137931 22.174831945449114
17691 1 1013987 0.90625 22.39746693521738
17692 1 1071565 0.9104478 18.58702301979065
17693 1 1141281 0.9047619 21.715222974307835
17694 1 1795322 0.9032258 22.190309944562614
17695 1 1156363 0.921875 23.84821104351431
17696 1 1294014 0.9230769 20.867838989943266
17697 1 1433325 0.90625 22.15859608259052
17698 1 402660 0.984375 20.236234995536506
17699 1 1484683 0.93442625 21.047845017164946
17700 1 1624531 0.921875 18.967343028634787
17701 1 1134570 0.8923077 20.612695952877402
17702 1 1900292 0.91525424 22.704362054355443
17703 1 1441827 0.9130435 19.0769350156188
17704 1 1462953 0.9206349 27.475552051328123
17705 1 1640984 0.9322034 30.500684049911797
17706 1 584529 0.9047619 26.327954954467714
17707 1 1561367 0.91525424 25.247259996831417
17708 1 1961993 0.921875 21.209697937592864
17709 1 1401642 0.9264706 18.88631796464324
17710 1 1452949 0.9230769 30.60654003638774
17711 1 455623 0.9104478 27.175632072612643
17712 1 1035582 0.9375 23.27181294094771
17713 1 1530692 0.91549295 19.395558047108352
17714 1 1160317 0.9206349 21.941381972283125
17715 1 983874 0.90625 23.510832921601832
17716 1 1471236 1.0 18.660126021131873
17717 1 1575216 0.9230769 20.774090080522
17718 1 1627521 0.9142857 18.613356980495155
17719 1 1503265 0.9375 20.635955035686493
17720 1 1382687 0.92424244 21.057927049696445
17721 1 1623502 0.921875 20.407250034622848
17722 1 1236531 0.9714286 16.90929790493101
17723 1 477212 0.9142857 20.289908978156745
17724 1 1013544 0.90909094 21.63678500801325
17725 1 1605174 0.9310345 37.803604966029525
17726 1 700843 0.9298246 23.684181040152907
17727 1 1079477 0.9117647 19.35234002303332
17728 1 1133685 0.9322034 23.349532042630017
17729 1 1003992 0.9130435 18.84716795757413
17730 1 1640028 0.91935486 23.922779015265405
17731 1 1380869 0.9375 20.048674079589546
17732 1 1129883 0.9166667 21.869693999178708
17733 1 1092699 0.92537314 17.933658906258643
17734 1 1790955 0.9285714 16.980655025690794
17735 1 1530275 0.90625 20.244395011104643
17736 1 861270 0.98245615 21.554649923928082
17737 1 1228897 0.91803277 21.362807019613683
17738 1 1207058 0.9076923 19.55066400114447
17739 1 1573397 0.93442625 22.62941305525601
17740 1 1313183 1.0 18.715444020926952
17741 1 1617825 0.9076923 22.222631028853357
17742 1 1208768 0.9047619 21.597562939859927
17743 1 1437868 0.90163934 22.01677404809743
17744 1 847663 0.95238096 22.503382991999388
17745 1 444241 0.98275864 22.239664918743074
17746 1 1000972 0.953125 21.12582605332136
17747 1 1013987 0.90625 21.59693103749305
17748 1 1094235 0.9508197 20.962113980203867
17749 1 1163316 0.984375 17.933328985236585
17750 1 1378320 0.91525424 21.747303078882396
17751 1 890454 0.9836066 21.675172029063106
17752 1 1980699 0.90163934 23.7026559188962
17753 1 1464682 0.9322034 23.21597293484956
17754 1 1406415 0.95238096 21.27226605080068
17755 1 1497285 0.9206349 21.605083951726556
17756 1 1438219 0.921875 19.271568977274
17757 1 1021436 0.921875 23.875340004451573
17758 1 982739 0.9411765 15.894935000687838
17759 1 1190188 0.9830508 21.172232925891876
17760 1 1476654 0.91935486 20.329480059444904
17761 1 627904 0.9322034 21.912163007073104
17762 1 719469 0.8939394 18.21750693488866
17763 1 1112118 0.9677419 21.12654608208686
17764 1 1253839 0.98275864 23.847452015616
17765 1 1652175 0.91803277 22.126914002001286
17766 1 1998249 0.9848485 18.88684299774468
17767 1 999545 0.93442625 22.343156975694
17768 1 1349551 0.9104478 19.55859095323831
17769 1 1560379 0.95522386 17.276190919801593
17770 1 1415049 0.9848485 18.12964305281639
17771 1 1859191 0.9076923 20.676056039519608
17772 1 1498996 0.9137931 22.903092089109123
17773 1 1125114 0.92424244 17.800652072764933
17774 1 1640984 0.9166667 22.21021498553455
17775 1 1208768 0.9047619 22.720837965607643
17776 1 990151 0.9516129 23.113421979360282
17777 1 1495991 0.90909094 20.706429961137474
17778 1 1640984 0.9322034 23.48697802517563
17779 1 1133322 0.92753625 18.65544798783958
17780 1 1168287 0.9 22.205642075277865
17781 1 477212 0.9142857 18.07390002068132
17782 1 1170636 0.9852941 16.93637005519122
17783 1 1506750 0.9122807 22.80113799497485
17784 1 1038773 0.91803277 21.504604956135154
17785 1 1378320 0.91525424 21.890214062295854
17786 1 813146 0.92424244 20.0804949272424
17787 1 868241 0.9264706 18.456203979440033
17788 1 1049515 0.93442625 23.037098930217326
17789 1 1194200 0.9032258 23.54138600639999
17790 1 1499447 0.9047619 22.03028299845755
17791 1 1301763 0.9677419 20.531232003122568
17792 1 1476654 0.91935486 21.12279098946601
17793 1 1172606 0.9206349 19.88242892548442
17794 1 1606729 0.91803277 21.165331942029297
17795 1 537065 0.984127 19.353779964149
17796 1 1379006 0.93939394 18.806976964697242
17797 1 1091190 0.98275864 21.72842004802078
17798 1 700843 0.9298246 24.709452060051262
17799 1 978513 0.921875 20.760711980983615
17800 1 1150878 0.91803277 23.417320917360485
17801 1 851012 0.9142857 18.4490509564057
17802 1 1059397 1.0 17.06549501977861
17803 1 642750 0.9076923 19.429435953497887
17804 1 1106531 0.9047619 21.003391011618078
17805 1 1618582 0.98275864 21.64783503394574
17806 1 1180443 0.95238096 19.176483037881553
17807 1 2420906 0.9166667 21.900616004131734
17808 1 1605181 0.91803277 20.688647986389697
17809 1 1224473 0.9375 22.77779101859778
17810 1 1026179 0.91935486 22.401919006370008
17811 1 1632862 0.984375 20.125621929764748
17812 1 1638985 0.9130435 18.47815397195518
17813 1 1401642 0.9264706 17.48287200462073
17814 1 1492017 0.9032258 22.00120408087969
17815 1 1406415 0.95238096 19.59635701496154
17816 1 1254879 0.96666664 20.732644945383072
17817 1 1405530 0.9206349 20.55030595511198
17818 1 1476654 0.91935486 21.553868893533945
17819 1 700843 0.9298246 22.79502002056688
17820 1 1640984 0.9166667 21.860371925868094
17821 1 1589981 0.9206349 22.59557496290654
17822 1 1028781 0.9142857 20.278737996704876
17823 1 1575216 0.9230769 20.768160931766033
17824 1 1194228 0.9130435 18.045011907815933
17825 1 1310445 0.9166667 22.49049406964332
17826 1 1143007 0.984375 19.133561989292502
17827 1 1153159 0.9206349 21.57530002295971
17828 1 1205330 0.93846154 19.865671056322753
17829 1 1574028 0.9137931 22.624058066867292
17830 1 1789028 0.93846154 20.050639985129237
17831 1 1433325 0.90625 20.713073085062206
17832 1 910981 0.9836066 22.96644006855786
17833 1 1441402 0.9672131 26.02463006041944
17834 1 1584642 0.92424244 21.495923050679266
17835 1 1053680 0.9692308 20.694011938758194
17836 1 1070989 0.9508197 22.57803699467331
17837 1 815286 0.9375 20.705106086097658
17838 1 814694 0.9375 20.137596991844475
17839 1 1464585 0.983871 20.567342988215387
17840 1 1799975 0.9076923 20.45338600873947
17841 1 1253839 0.98275864 22.391617065295577
17842 1 894464 0.9848485 18.084770999848843
17843 1 56646 0.93846154 21.131246001459658
17844 1 1233022 0.95 22.380949929356575
17845 1 1464585 0.983871 21.41634502913803
17846 1 615693 0.969697 19.145242986269295
17847 1 1228897 0.91803277 21.978768054395914
17848 1 1072238 0.9142857 18.774052034132183
17849 1 625989 0.9701493 18.78446200862527
17850 1 868241 0.9264706 17.25032995454967
17851 1 1314390 0.90909094 19.789017038419843
17852 1 622337 0.8939394 19.830513978376985
17853 1 1484683 0.93442625 20.803796942345798
17854 1 894464 0.9848485 17.452207976020873
17855 1 1143007 0.984375 18.317300942726433
17856 1 1554920 0.93939394 18.61655106768012
17857 1 1213899 0.8923077 21.019904990680516
17858 1 1497285 0.9206349 21.399582037702203
17859 1 712980 0.9032258 24.633347988128662
17860 1 444241 0.91935486 21.985613042488694
17861 1 1624869 0.983871 20.721510984003544
17862 1 1085630 0.91935486 20.706995972432196
17863 1 1395208 1.0 19.301639986224473
17864 1 1980699 0.90163934 22.698736982420087
17865 1 63374 0.984127 19.307725015096366
17866 1 856190 0.91803277 21.595456055365503
17867 1 1887886 0.9692308 18.982394016347826
17868 1 1378320 0.91525424 24.124769028276205
17869 1 1466217 0.93650794 22.369139944203198
17870 1 1623502 0.921875 20.60236898250878
17871 1 1509914 0.91803277 23.83550093509257
17872 1 719469 0.921875 19.4150370080024
17873 1 1086387 0.91935486 21.829923964105546
17874 1 1194200 0.9032258 21.83566999156028
17875 1 1015040 0.953125 18.914148909971118
17876 1 1663860 0.9032258 21.28445403650403
17877 1 890454 0.9836066 20.86734597105533
17878 1 1497285 0.9206349 19.77664208970964
17879 1 888237 0.9848485 18.458866979926825
17880 1 444241 0.98275864 23.7868819385767
17881 1 821020 0.9032258 23.29935901798308
17882 1 1202945 0.93939394 19.332033931277692
17883 1 1258029 0.9672131 22.9952730005607
17884 1 1044002 1.0 22.071019047871232
17885 1 1401642 0.9264706 17.403364996425807
17886 1 1038773 0.93333334 21.645525004714727
17887 1 1799975 0.9076923 21.186614991165698
17888 1 1406415 0.8939394 19.614757038652897
17889 1 1291299 0.9264706 17.5198030192405
17890 1 1608861 0.93846154 18.84207094553858
17891 1 837249 0.92957747 15.557365026324987
17892 1 1707401 0.984127 21.425118087790906
17893 1 1464585 0.983871 21.779528935439885
17894 1 1110305 0.90625 21.567638963460922
17895 1 1984582 0.9310345 26.290497975423932
17896 1 1531675 0.9117647 19.697772921063006
17897 1 1574512 0.9104478 18.557976000010967
17898 1 1352582 0.9836066 20.893792039714754
17899 1 1567559 0.90625 19.85565503127873
17900 1 1510646 0.98333335 21.234520943835378
17901 1 1486139 0.9117647 19.308865070343018
17902 1 1530539 0.9354839 21.181173040531576
17903 1 701504 0.983871 21.040627965703607
17904 1 1409192 0.9508197 23.686600965447724
17905 1 977001 0.9 22.83174602780491
17906 1 1202945 0.95384616 19.830737030133605
17907 1 1524646 0.9117647 20.52296802867204
17908 1 584529 0.95 22.95288792811334
17909 1 868241 0.9264706 17.355301999486983
17910 1 367266 0.9117647 20.03120700828731
17911 1 1014127 0.93846154 19.131337059661746
17912 1 1973187 0.9130435 19.089514040388167
17913 1 1013987 0.90625 21.843090071342885
17914 1 1158493 0.98333335 20.38837701547891
17915 1 1174222 0.98275864 21.60510898102075
17916 1 1302331 0.9122807 24.85925902146846
17917 1 1532659 0.95384616 21.22948702890426
17918 1 664375 0.91803277 27.85010903608054
17919 1 56646 0.93846154 26.138280052691698
17920 1 1080177 0.9166667 25.37544898223132
17921 1 642464 0.93846154 21.660182042978704
17922 1 1079477 0.9104478 20.53914195857942
17923 1 1640984 0.9322034 23.34593702107668
17924 1 1560050 0.90909094 20.620889961719513
17925 1 1590533 0.92424244 21.950472029857337
17926 1 346373 0.9836066 22.74863899219781
17927 1 1415770 0.9230769 23.297516047023237
17928 1 63374 0.984127 23.202937096357346
17929 1 1143623 0.953125 22.0374510390684
17930 1 561598 0.90625 22.943218937143683
17931 1 1042105 0.90909094 20.96878201700747
17932 1 1025440 0.91525424 22.81281689647585
17933 1 444241 0.98275864 22.41697092540562
17934 1 1377818 0.953125 19.160900032147765
17935 1 1205330 0.93846154 20.080126938410103
17936 1 1086748 0.92424244 21.880326909013093
17937 1 1791785 0.93939394 24.772358941845596
17938 1 578772 0.93442625 27.4877609917894
17939 1 1256056 0.984127 24.38238903414458
17940 1 1532728 0.91525424 24.973137071356177
17941 1 1405530 0.9206349 21.933595067821443
17942 1 1557832 0.9032258 23.104975000023842
17943 1 1608782 0.89830506 23.3391240471974
17944 1 1401799 0.9032258 20.9675719961524
17945 1 1428057 0.9032258 23.05216307286173
17946 1 1530539 0.9354839 21.501048002392054
17947 1 1900292 0.91525424 25.022643036209047
17948 1 1316144 0.9830508 24.109127931296825
17949 1 1266005 0.91935486 23.340480984188616
17950 1 1445979 0.94736844 26.270691072568297
17951 1 1574028 0.9137931 22.938031936064363
17952 1 1697501 0.953125 18.905414966866374
17953 1 1332745 0.92537314 17.874466022476554
17954 1 1503265 0.95238096 19.448281964287162
17955 1 1461674 0.9032258 21.82008302770555
17956 1 1622692 0.9104478 18.820024910382926
17957 1 1056088 0.96666664 21.67564898263663
17958 1 1226073 0.91935486 21.974007016979158
17959 1 1438156 0.98333335 22.619761992245913
17960 1 1017764 0.9818182 25.441878009587526
17961 1 1617516 0.9137931 27.116775047034025
17962 1 1275495 0.9047619 21.81217004545033
17963 1 1075596 0.9 17.18058402184397
17964 1 1186040 0.91935486 20.285676000639796
17965 1 1104395 0.98333335 20.90469200629741
17966 1 1253839 0.98275864 22.230176022276282
17967 1 1415049 0.9848485 17.75917806662619
17968 1 1519361 0.8955224 19.861454027704895
17969 1 1180307 0.90625 22.226828965358436
17970 1 891710 0.9117647 18.03863199893385
17971 1 1133826 0.9846154 20.06945200264454
17972 1 1454207 0.90625 21.601297077722847
17973 1 1259340 0.98333335 22.950553917326033
17974 1 1519452 0.9230769 21.736452938057482
17975 1 1039582 0.8955224 19.641077029518783
17976 1 1143598 0.98507464 17.065239022485912
17977 1 939828 0.9830508 21.762892953120172
17978 1 1296286 0.9285714 23.72878498863429
17979 1 1549022 0.9166667 22.435831953771412
17980 1 1629573 0.91935486 21.312240045517683
17981 1 739498 0.9032258 22.004746017046273
17982 1 1403122 0.9206349 20.369492005556822
17983 1 1412900 0.9830508 23.22602504864335
17984 1 1574805 0.983871 21.88651403412223
17985 1 1480577 0.92537314 19.814164959825575
17986 1 1112013 0.984375 19.802623079158366
17987 1 1652175 0.93333334 21.773213054984808
17988 1 1291767 0.96825397 20.293191075325012
17989 1 1571731 0.9830508 20.835918025113642
17990 1 1302962 0.921875 18.887292011640966
17991 1 1151117 0.9130435 16.958691994659603
17992 1 1336583 0.90163934 21.13534288946539
17993 1 1152346 0.96666664 20.622238982468843
17994 1 1272751 0.9206349 20.384616102091968
17995 1 1605181 0.9032258 20.457491045817733
17996 1 1563804 0.98333335 22.56811095867306
17997 1 1471360 0.98245615 23.04983197245747
17998 1 1481658 0.90625 24.281578022055328
17999 1 1557832 0.9032258 22.05250703264028
18000 1 1228897 0.91803277 22.15009997598827
18001 1 796571 0.9047619 21.59131004009396
18002 1 664375 0.91803277 22.468978073447943
18003 1 1948980 0.9076923 20.69594501517713
18004 1 1444271 0.92424244 20.539017976261675
18005 1 1377818 0.953125 19.15029506199062
18006 1 1652175 0.91803277 21.333349053747952
18007 1 1377818 0.953125 20.288281957618892
18008 1 1266939 0.921875 23.31597392912954
18009 1 1141196 0.9491525 23.827019962482154
18010 1 1138047 0.92537314 19.299480016343296
18011 1 385688 0.90625 20.40778601076454
18012 1 1475200 0.921875 19.124549929983914
18013 1 1301248 0.9117647 18.816513009369373
18014 1 1425262 1.0 19.93028004653752
18015 1 1573397 0.93442625 21.622676984407008
18016 1 1128525 0.91803277 21.08357392717153
18017 1 1621399 0.98214287 22.125584073364735
18018 1 1121066 0.95238096 20.277290954254568
18019 1 1608861 0.9104478 19.747950020246208
18020 1 1415797 0.98275864 27.368522016331553
18021 1 837249 0.92957747 17.038711928762496
18022 1 1487974 0.9047619 21.204388001933694
18023 1 870579 0.9516129 21.440373035147786
18024 1 1189668 0.91935486 20.81822499167174
18025 1 1409619 0.93442625 21.847445983439684
18026 1 1224442 0.9104478 19.460286013782024
18027 1 1563804 0.98333335 20.84447199013084
18028 1 1226073 0.91935486 21.409541950561106
18029 1 1798051 0.92537314 17.86628400441259
18030 1 1247323 0.9354839 22.288445034064353
18031 1 1664254 0.93939394 19.54795198980719
18032 1 1005183 0.95714283 18.14295898657292
18033 1 824132 0.93939394 20.015683956444263
18034 1 625839 0.98214287 23.476470028981566
18035 1 1293154 0.9166667 21.786022000014782
18036 1 1476562 0.9206349 24.415318039245903
18037 1 1638567 0.90625 21.94709307514131
18038 1 1666796 0.9402985 18.974817008711398
18039 1 1044741 0.9516129 20.949035068042576
18040 1 1389205 0.93333334 23.351832991465926
18041 1 444241 0.98275864 26.53116500005126
18042 1 2095822 0.9852941 19.70590907149017
18043 1 939828 0.9830508 22.29752007406205
18044 1 627904 0.9322034 22.39049703348428
18045 1 1071565 0.9104478 18.559769028797746
18046 1 1574805 0.983871 20.44562401715666
18047 1 1436704 0.984127 19.66995489783585
18048 1 1109426 0.90625 20.64263098873198
18049 1 1409192 0.9508197 21.056373952887952
18050 1 1008866 0.9047619 21.098092081956565
18051 1 1244621 0.9137931 22.35629502683878
18052 1 1545145 0.93650794 21.58418099861592
18053 1 1044002 1.0 20.45495598576963
18054 1 1454207 0.90625 22.331824991852045
18055 1 701504 0.983871 21.74347499385476
18056 1 635779 0.90909094 20.951811922714114
18057 1 1454588 0.9692308 20.316352951340377
18058 1 1153876 0.9142857 17.479510977864265
18059 1 1044396 0.91935486 21.879558917135
18060 1 1273666 0.90909094 18.73903290834278
18061 1 1630967 0.9375 19.148499006405473
18062 1 1301841 0.90625 19.504269934259355
18063 1 1154854 0.90140843 17.229338991455734
18064 1 981669 0.9322034 21.386655047535896
18065 1 1143007 0.984375 18.40333198197186
18066 1 469575 0.983871 23.00416398793459
18067 1 1611816 0.9166667 24.24265304580331
18068 1 1081835 0.9047619 23.56159593909979
18069 1 1013881 0.9 24.527217028662562
18070 1 1415049 0.9848485 18.890221952460706
18071 1 1591978 0.9032258 22.088647936470807
18072 1 1470331 0.9516129 20.466713001951575
18073 1 1633318 0.92424244 19.502404029481113
18074 1 63374 0.984127 19.73984797950834
18075 1 1411695 0.9142857 17.064000945538282
18076 1 1749694 0.984375 18.811366986483335
18077 1 733526 0.95384616 20.115463994443417
18078 1 1162761 0.9166667 25.043867994099855
18079 1 1474806 0.9032258 23.41300796251744
18080 1 1256056 0.984127 20.829595043323934
18081 1 1406415 0.95238096 19.77205800358206
18082 1 1950423 0.90909094 20.425171009264886
18083 1 1193152 0.90625 20.216814940795302
18084 1 1652175 0.91803277 21.018526051193476
18085 1 1029182 0.9047619 21.15237805992365
18086 1 1169972 0.90909094 18.957499996758997
18087 1 1022780 0.90163934 22.30150403920561
18088 1 1438479 0.9166667 15.34849195741117
18089 1 2095594 0.987013 11.312440037727356
18090 1 127671 0.98571426 21.167416009120643
18091 1 1779179 0.9866667 13.561201049014926
18092 1 1394644 0.98571426 16.433142009191215
18093 1 804558 0.9054054 16.579137067310512
18094 1 1442264 0.9220779 12.813066015951335
18095 1 626153 0.89705884 17.725176992826164
18096 1 1394644 0.98571426 15.388833009637892
18097 1 638120 0.9189189 15.678890980780125
18098 1 889800 0.9861111 14.407670008949935
18099 1 1966885 0.9864865 12.514538946561515
18100 1 2095594 0.987013 10.672106989659369
18101 1 1118857 0.9577465 15.205882955342531
18102 1 473015 0.98571426 15.176707063801587
18103 1 1623239 0.91780823 15.287411049939692
18104 1 863466 0.91549295 15.660619945265353
18105 1 1233381 0.9041096 14.736725017428398
18106 1 1970650 0.9864865 12.629719101823866
18107 1 1110544 0.9315069 20.659186993725598
18108 1 1268023 0.91549295 18.696743063628674
18109 1 1492904 0.91549295 18.723399029113352
18110 1 1438479 0.9166667 15.822737012058496
18111 1 889800 0.9861111 14.498339965939522
18112 1 1394644 0.98571426 14.858062961138785
18113 1 1467735 0.95714283 14.780241996049881
18114 1 1390407 0.9848485 16.52310194913298
18115 1 1086388 0.92537314 19.606387009844184
18116 1 1101338 0.9102564 11.998870060779154
18117 1 2095594 0.987013 10.678038001060486
18118 1 1966885 0.9864865 12.492229929193854
18119 1 1410266 0.9041096 15.529062948189676
18120 1 1001706 0.9402985 17.496173037216067
18121 1 1110544 0.9166667 15.494919964112341
18122 1 161689 0.9130435 18.577930983155966
18123 1 1387734 0.9305556 16.998015926219523
18124 1 1143800 0.9866667 12.652426958084106
18125 1 2095594 0.987013 11.307263048365712
18126 1 1970650 0.9864865 12.87460990715772
18127 1 1779179 0.9866667 13.037635013461113
18128 1 1075596 0.9142857 16.61106909159571
18129 1 2289232 0.91549295 14.621900976635516
18130 1 1442264 0.9220779 11.81270694360137
18131 1 1970650 0.9864865 12.612434918992221
18132 1 1410266 0.9041096 15.580032020807266
18133 1 1154854 0.943662 15.590666909702122
18134 1 1118617 0.92 12.881235918030143
18135 1 2013281 0.91549295 17.659808974713087
18136 1 473015 0.98571426 15.153746004216373
18137 1 621009 1.0 17.0843000523746
18138 1 1087335 0.91780823 15.28671698179096
18139 1 199485 0.9142857 20.140277105383575
18140 1 667872 0.94666666 14.110609074123204
18141 1 889800 0.9861111 15.040467027574778
18142 1 667872 0.94666666 13.61996098421514
18143 1 1438479 0.9166667 16.633047023788095
18144 1 1193654 0.9041096 15.158634982071817
18145 1 473015 0.98571426 15.278576989658177
18146 1 1394644 0.98571426 15.163255971856415
18147 1 1144258 0.9189189 13.701364048756659
18148 1 1596438 0.9324324 13.724025920964777
18149 1 315483 0.9189189 12.951608980074525
18150 1 1754419 0.9220779 12.85443699453026
18151 1 1010562 0.8961039 12.850351980887353
18152 1 1001706 0.969697 17.24695705343038
18153 1 1966885 0.9864865 11.940213036723435
18154 1 127671 0.98571426 14.883263036608696
18155 1 1010562 0.8961039 12.24577403627336
18156 1 1438479 0.9315069 13.578342041000724
18157 1 1070315 0.9264706 19.66020104009658
18158 1 1001706 0.969697 18.587508937343955
18159 1 2095594 0.987013 11.314989998936653
18160 1 127671 0.98571426 15.766995958983898
18161 1 1966885 0.9864865 12.999775004573166
18162 1 2095594 0.987013 10.99643507041037
18163 1 473015 0.98571426 15.35031700041145
18164 1 1061249 0.92105263 13.70600692462176
18165 1 1623239 0.91780823 15.735686989501119
18166 1 187162 0.90789473 13.805678929202259
18167 1 821172 0.9066667 12.867477023974061
18168 1 1966885 0.9864865 12.615852989256382
18169 1 2465803 0.9259259 9.921727003529668
18170 1 1110544 0.9315069 14.275879017077386
18171 1 461179 0.9315069 14.838283997960389
18172 1 887549 0.9859155 14.692060998640954
18173 1 1520662 0.91549295 15.447665005922318
18174 1 928655 0.9027778 18.23836797848344
18175 1 666759 0.9117647 18.24903697706759
18176 1 2013281 0.91549295 18.72617204207927
18177 1 1438479 0.9315069 14.674236066639423
18178 1 262871 0.9130435 18.953953054733574
18179 1 1970650 0.9864865 12.619407963939011
18180 1 1110544 0.9315069 13.437913032248616
18181 1 889800 0.9861111 14.725262997671962
18182 1 2013281 0.91549295 17.58758001960814
18183 1 815406 0.93421054 13.497713953256607
18184 1 1177191 0.9130435 17.384988954290748
18185 1 1779179 0.9866667 12.46366195846349
18186 1 1253988 0.8955224 18.651474034413695
18187 1 1070315 0.9264706 17.550291027873755
18188 1 889800 0.9861111 14.012740110047162
18189 1 1042415 0.98571426 15.272535034455359
18190 1 1010562 0.8961039 14.61519708391279
18191 1 1288432 0.9722222 14.358551939949393
18192 1 1288432 0.943662 17.06235494930297
18193 1 973296 0.9459459 14.001120929606259
18194 1 2095594 0.987013 11.364670936018229
18195 1 2095594 0.987013 11.538351071067154
18196 1 1966885 0.9864865 12.690895004197955
18197 1 1060723 0.9444444 13.66557797882706
18198 1 187162 0.90789473 14.434198033995926
18199 1 1001706 0.969697 18.619320006109774
18200 1 1085245 0.9264706 19.49442899785936
18201 1 1966885 0.9864865 13.399214949458838
18202 1 815406 0.94666666 15.05878905300051
18203 1 1394644 0.98571426 15.308620990253985
18204 1 1087335 0.95714283 15.455213957466185
18205 1 1488547 0.9861111 14.403107925318182
18206 1 1966885 0.9864865 13.096502982079983
18207 1 1087335 0.95714283 17.364689032547176
18208 1 2095594 0.987013 11.72336598392576
18209 1 1520662 0.9142857 18.597232061438262
18210 1 2095594 0.987013 11.497248895466328
18211 1 2013281 0.91549295 19.21387400943786
18212 1 1488547 0.9861111 14.880442060530186
18213 1 1634824 0.91780823 15.61355497688055
18214 1 1205330 0.984375 18.996310071088374
18215 1 1966885 0.9864865 12.63905898667872
18216 1 887549 0.9859155 15.458547975867987
18217 1 1453131 0.9066667 12.36290205270052
18218 1 1010562 0.8961039 12.431820039637387
18219 1 1070315 0.9264706 17.7088180789724
18220 1 1442264 0.9220779 11.85645000077784
18221 1 2013281 0.91549295 17.661037971265614
18222 1 1268023 0.91549295 17.76909700129181
18223 1 889800 0.9861111 15.534766018390656
18224 1 863466 0.91549295 18.330195918679237
18225 1 269935 0.9 19.614728051237762
18226 1 1966885 0.9864865 13.926417916081846
18227 1 1438479 0.9166667 17.32778805308044
18228 1 1544082 0.9444444 16.60782191902399
18229 1 928655 0.9027778 17.920462996698916
18230 1 1966885 0.9864865 13.598440098576248
18231 1 1488547 0.9861111 15.473573002964258
18232 1 1288432 0.943662 17.349394038319588
18233 1 1075596 0.9142857 18.006574013270438
18234 1 1488547 0.9861111 14.746461994946003
18235 1 1438479 0.9315069 13.984379940666258
18236 1 1438479 0.9315069 13.757315929979086
18237 1 1288432 0.943662 16.886717057786882
18238 1 2465803 0.9259259 10.571239981800318
18239 1 1070315 0.9264706 20.26998100336641
18240 1 1439660 0.92753625 18.963309936225414
18241 1 502781 0.9113924 13.82704998832196
18242 1 10705 0.90789473 14.396538026630878
18243 1 1140585 0.94666666 15.215527033433318
18244 1 1346317 0.97333336 13.203426031395793
18245 1 827074 0.9220779 12.88900792133063
18246 1 1085245 0.9264706 17.837963066995144
18247 1 1438479 0.9166667 16.148651018738747
18248 1 1439660 0.92753625 16.35075209196657
18249 1 666759 0.9117647 16.864159959368408
18250 1 2013281 0.91549295 17.247576965019107
18251 1 1001706 0.9402985 16.997791943140328
18252 1 1488547 0.9861111 13.929469045251608
18253 1 1394644 0.98571426 15.415419009514153
18254 1 1439660 0.92753625 17.812711070291698
18255 1 1438479 0.9166667 18.184222979471087
18256 1 2465803 0.9259259 10.828477912582457
18257 1 2095594 0.987013 11.611191090196371
18258 1 1438479 0.9315069 14.162707957439125
18259 1 1110544 0.9315069 13.639666954986751
18260 1 1100710 0.98630136 13.172780047170818
18261 1 269935 0.9 17.14659691788256
18262 1 1394644 0.98571426 15.331985079683363
18263 1 938694 0.9125 11.726677999831736
18264 1 984687 0.9315069 14.660126063972712
18265 1 1001706 0.969697 17.355214920826256
18266 1 1346317 0.97333336 12.489263084717095
18267 1 1070315 0.9264706 17.119644908234477
18268 1 1966885 0.9864865 12.397878104820848
18269 1 1966885 0.9864865 12.609860044904053
18270 1 262871 0.9130435 17.595999059267342
18271 1 1028781 0.943662 16.6702379938215
18272 1 1118857 0.98571426 16.32258598692715
18273 1 473015 0.98571426 16.348192002624273
18274 1 1394644 0.98571426 17.13387097697705
18275 1 1438479 0.9166667 16.067375079728663
18276 1 1062579 0.9130435 17.64801307581365
18277 1 863466 0.91549295 15.610688016749918
18278 1 1001706 0.9402985 17.39268994424492
18279 1 889800 0.9861111 14.92435799445957
18280 1 1438479 0.9315069 14.255824964493513
18281 1 621009 1.0 17.76921097189188
18282 1 1038904 0.9189189 16.171626979485154
18283 1 1001706 0.9402985 17.252873978577554
18284 1 1163968 0.92105263 13.754116022028029
18285 1 1001706 0.969697 18.915176042355597
18286 1 1394644 0.98571426 16.31229801569134
18287 1 1520662 0.91549295 16.522595076821744
18288 1 262871 0.9130435 18.861292046494782
18289 1 1288432 0.9722222 14.444223023019731
18290 1 1710017 0.9230769 12.33209203928709
18291 1 1102573 0.9692308 18.915196997113526
18292 1 1439660 0.92753625 16.62118802778423
18293 1 1085245 0.9264706 17.505397088825703
18294 1 1438479 0.9166667 15.16060100402683
18295 1 820435 0.92957747 15.227083931677043
18296 1 1102899 0.953125 18.549054046161473
18297 1 973296 0.9459459 13.512216042727232
18298 1 2470926 0.9066667 12.441587983630598
18299 1 2095594 0.987013 10.729860980063677
18300 1 1193654 0.9041096 14.31029406376183
18301 1 1118617 0.92 12.505669030360878
18302 1 1622805 0.942029 18.716851947829127
18303 1 1085245 0.9264706 18.78290402237326
18304 1 2095594 0.987013 11.66774402372539
18305 1 2095594 0.987013 11.239520972594619
18306 1 1087335 0.943662 16.556995105929673
18307 1 1001706 0.969697 17.259875079616904
18308 1 1754419 0.9220779 15.857788035646081
18309 1 1110544 0.9166667 15.040353056974709
18310 1 2465803 0.9259259 9.784910012967885
18311 1 999929 0.9589041 15.40406804997474
18312 1 1773734 0.8947368 12.917810003273189
18313 1 1410266 0.9041096 15.275237034074962
18314 1 820435 0.92957747 16.77482796367258
18315 1 1010562 0.8961039 12.10249203722924
18316 1 1438479 0.9315069 13.33555590827018
18317 1 1439660 0.92753625 16.71115797944367
18318 1 1488547 0.9861111 15.640610945411026
18319 1 2013281 0.91549295 19.48095008265227
18320 1 543642 0.9859155 15.930832014419138
18321 1 1970650 0.9864865 13.202160014770925
18322 1 127671 0.98571426 16.049763071350753
18323 1 1623239 0.91780823 15.545358997769654
18324 1 1520662 0.9142857 17.253436031751335
18325 1 682562 0.90140843 14.802529010921717
18326 1 187162 0.90789473 13.045473955571651
18327 1 1453131 0.9066667 12.228337000124156
18328 1 1288432 0.943662 15.882111969403923
18329 1 1394644 0.98571426 14.877430046908557
18330 1 999929 0.9589041 14.913543942384422
18331 1 1070315 0.9264706 16.88748598098755
18332 1 1779179 0.9866667 11.985461926087737
18333 1 1163968 0.92105263 13.036575983278453
18334 1 127671 0.98571426 14.927858021110296
18335 1 1669314 0.91780823 15.60644106939435
18336 1 1573267 0.92 14.573034946806729
18337 1 473015 0.98571426 15.961715020239353
18338 1 1031501 0.8933333 15.223236987367272
18339 1 1075596 0.90140843 16.171609051525593
18340 1 1779179 0.9866667 12.875161948613822
18341 1 1086388 0.92537314 19.301065942272544
18342 1 1163968 0.92105263 13.913944945670664
18343 1 1610672 1.0 16.365880030207336
18344 1 2013281 0.91549295 17.494830070063472
18345 1 938694 0.9125 11.570635018870234
18346 1 269935 0.9 17.207380034960806
18347 1 1970650 0.9864865 12.252512970007956
18348 1 1144258 0.9189189 13.27024307101965
18349 1 1779179 0.9866667 12.647128896787763
18350 1 1606760 1.0 17.189921927638352
18351 1 1118388 0.96202534 12.517943046987057
18352 1 127671 0.98571426 16.933119972236454
18353 1 1488547 0.9861111 14.868250000290573
18354 1 1143800 0.9605263 12.86375301424414
18355 1 574538 0.91549295 17.2546929679811
18356 1 1100710 0.9594595 15.868142014369369
18357 1 1573267 0.92 13.755672960542142
18358 1 1118617 0.92 12.631515972316265
18359 1 1121433 0.943662 17.46919599827379
18360 1 1001706 0.9402985 17.24358310457319
18361 1 821172 0.9189189 13.21163505781442
18362 1 928655 0.9027778 16.293430933728814
18363 1 1610672 1.0 15.693738008849323
18364 1 1966885 0.9864865 12.353632017038763
18365 1 1001706 0.9402985 17.651655012741685
18366 1 269935 0.9 17.05153100192547
18367 1 10705 0.90789473 12.857527006417513
18368 1 1488547 0.9861111 16.014927998185158
18369 1 1061249 0.92105263 14.47863201610744
18370 1 1092319 0.9117647 18.348439945839345
18371 1 1061249 0.92105263 14.629959012381732
18372 1 1779179 0.9866667 13.311590068042278
18373 1 1622805 0.942029 17.745557008311152
18374 1 1387734 0.9305556 15.23803302552551
18375 1 1630386 0.9315069 14.221337041817605
18376 1 1966885 0.9864865 12.717764941044152
18377 1 1439660 0.92753625 16.411134973168373
18378 1 1061249 0.92105263 13.843122054822743
18379 1 473015 0.98571426 14.997462974861264
18380 1 1001706 0.969697 16.680325963534415
18381 1 889800 0.9861111 14.373507001437247
18382 1 1456833 0.9166667 15.82166098523885
18383 1 1394644 0.98571426 15.344535000622272
18384 1 1132522 0.9102564 15.163742937147617
18385 1 1488547 0.9861111 15.591763076372445
18386 1 1092319 0.9117647 18.042747979052365
18387 1 1163968 0.92105263 14.268375001847744
18388 1 863466 0.91549295 15.824200003407896
18389 1 928655 0.9027778 17.28364289738238
18390 1 1001706 0.9402985 18.091941019520164
18391 1 667872 0.94666666 21.851295954547822
18392 1 887549 0.9859155 14.909858000464737
18393 1 1463169 0.94285715 17.389300046488643
18394 1 574538 0.91549295 17.182301031425595
18395 1 1085245 0.9264706 27.105230023153126
18396 1 1463846 0.92 16.18539693299681
18397 1 1669314 0.9722222 20.12936002574861
18398 1 1070315 0.9264706 20.14853002037853
18399 1 1467735 0.9710145 18.041598959825933
18400 1 1085245 0.9264706 19.491660059429705
18401 1 1488547 0.9861111 17.842008033767343
18402 1 1001706 0.9402985 17.472320003435016
18403 1 262871 0.9130435 17.585627967491746
18404 1 1390407 0.9848485 17.278686980716884
18405 1 1544082 0.9444444 15.61354799196124
18406 1 1177191 0.9130435 17.55618304014206
18407 1 1442264 0.9220779 11.759851011447608
18408 1 1520662 0.92957747 16.928036930039525
18409 1 1085245 0.9264706 17.539680004119873
18410 1 667872 0.94666666 12.383496039547026
18411 1 1488547 0.9861111 15.243015019223094
18412 1 2095594 0.987013 10.881860041990876
18413 1 1623239 0.91780823 19.18170996941626
18414 1 889800 0.9861111 15.388061990961432
18415 1 1019584 0.95652175 17.526017036288977
18416 1 1779179 0.9866667 15.13100101146847
18417 1 2095594 0.987013 13.616711017675698
18418 1 1118617 0.92 13.234719983302057
18419 1 1410266 0.9041096 16.024166019633412
18420 1 1520662 0.92957747 16.444256994873285
18421 1 2465803 0.9259259 10.498809977434576
18422 1 1394644 0.98571426 15.913427923806012
18423 1 821172 0.9189189 14.142851927317679
18424 1 1288432 0.9722222 14.032839913852513
18425 1 1050932 0.92957747 15.697314986027777
18426 1 1633107 0.92753625 18.432311015203595
18427 1 10705 0.90789473 12.841922114603221
18428 1 1073693 0.9315069 15.316635952331126
18429 1 1085245 0.9264706 20.28202498331666
18430 1 187162 0.90789473 15.207877033390105
18431 1 1970650 0.9864865 13.587036984972656
18432 1 1439660 0.92753625 17.627805937081575
18433 1 1042415 0.97183096 16.37277996633202
18434 1 1116778 0.9594595 12.752761016599834
18435 1 1190959 0.95652175 15.570572926662862
18436 1 1966885 0.9864865 12.541051022708416
18437 1 1970650 0.9864865 12.544611934572458
18438 1 973296 1.0 13.012393959797919
18439 1 1453131 0.9066667 12.578796013258398
18440 1 1970650 0.9864865 12.345506926067173
18441 1 1118617 0.8918919 15.094036003574729
18442 1 1001706 0.969697 16.502836951985955
18443 1 1779179 0.9866667 14.15621698834002
18444 1 1488547 0.9861111 14.487505075521767
18445 1 1606760 1.0 18.2269619544968
18446 1 1118617 0.8918919 16.42613799776882
18447 1 1966885 0.9864865 13.568607973866165
18448 1 1456833 0.9166667 16.004230943508446
18449 1 10705 0.90789473 13.211430981755257
18450 1 1116778 0.9594595 13.021530001424253
18451 1 315483 0.9189189 12.874434003606439
18452 1 1966885 0.9864865 12.613432016223669
18453 1 1520662 0.9142857 17.53085502423346
18454 1 1205330 0.984375 18.963772105053067
18455 1 2095594 0.987013 10.971873067319393
18456 1 1102899 0.953125 19.28275905083865
18457 1 1288432 0.9722222 13.41560494620353
18458 1 1070315 0.9264706 17.738403053954244
18459 1 1453131 0.9066667 12.698906008154154
18460 1 2013281 0.91549295 18.412265926599503
18461 1 1633107 0.92753625 19.33588704559952
18462 1 2465803 0.9259259 12.227328028529882
18463 1 1394644 0.98571426 18.85471900459379
18464 1 1010562 0.8961039 13.687093975022435
18465 1 1520662 0.9142857 19.49265191797167
18466 1 1438479 0.9315069 14.147804002277553
18467 1 1439660 0.92753625 16.712915967218578
18468 1 2465803 0.9259259 10.10539394337684
18469 1 844967 0.9710145 16.37385494541377
18470 1 892562 0.987013 10.891815065406263
18471 1 833111 0.89772725 7.633825996890664
18472 1 892562 0.987013 10.389206930994987
18473 1 892562 0.987013 10.587644064798951
18474 1 240008 0.9259259 9.34140698518604
18475 1 1118388 0.95 11.182877933606505
18476 1 892562 0.987013 10.954839992336929
18477 1 240008 0.9259259 9.277104982174933
18478 1 240008 0.9259259 9.119129972532392
18479 1 892562 0.987013 11.013337061740458
18480 1 240008 0.9259259 9.401706978678703
18481 1 240008 0.9259259 9.843357023783028
18482 1 438453 0.9166667 9.96946799568832
18483 1 1183528 0.91358024 10.650099953636527
18484 1 892562 0.987013 11.286999913863838
18485 1 240008 0.9259259 9.795226971618831
18486 1 240008 0.9259259 9.77841904386878
18487 1 892562 0.987013 11.200955952517688
18488 1 892562 0.987013 10.85803599562496
18489 1 240008 0.9259259 9.400106966495514
18490 1 240008 0.9259259 9.56387200858444
18491 1 267477 0.9130435 5.729780998080969
18492 1 557255 0.9111111 5.73276006616652
18493 1 2144419 0.9139785 5.640332004986703
18494 1 2472578 0.9032258 5.973630002699792
18495 1 267477 0.9130435 5.469682044349611
18496 1 267477 0.9130435 5.476325983181596
18497 1 557255 0.9111111 5.89961395598948
18498 1 1771741 0.9882353 7.232791977003217
18499 1 267477 0.9130435 5.540656973607838
18500 1 267477 0.9130435 5.544012994505465
18501 1 557255 0.9111111 6.011013058014214
18502 1 267477 0.9130435 5.584276048466563
18503 1 1771741 0.9882353 7.343700039200485
18504 1 267477 0.9130435 5.325564998202026
18505 1 557255 0.9111111 5.773740005679429
18506 1 267477 0.9130435 5.4506800370290875
18507 1 267477 0.9130435 5.508637055754662
18508 1 267477 0.9130435 5.433963960967958
18509 1 9447 1.0 0.827446929179132
18510 1 1403500 1.0 0.8394469041377306
18511 1 23561 1.0 0.793372979387641
18512 1 1839839 1.0 0.9324229322373867
18513 1 1960763 1.0 0.8556890534237027
18514 1 1826891 1.0 2.4203829234465957
18515 1 350377 1.0 2.440169104374945
18516 1 12413 1.0 0.8225159253925085
18517 1 1999132 1.0 0.7767400238662958
18518 1 149779 1.0 0.7612220942974091
18519 1 2117248 1.0 0.7807329529896379
18520 1 1065253 1.0 0.8144699968397617
18521 1 316706 1.0 0.8234899723902345
18522 1 1963814 1.0 0.8035509381443262
18523 1 1968450 1.0 0.779176945798099
18524 1 105137 1.0 0.7999300723895431
18525 1 976318 1.0 0.7516129408031702
18526 1 1421215 1.0 0.7429840043187141
18527 1 21484 1.0 0.7355799898505211
18528 1 104110 1.0 0.7459240732714534
18529 1 1424613 1.0 0.7497560000047088
18530 1 852487 1.0 0.7618640083819628
18531 1 278570 1.0 0.7393499836325645
18532 1 1963205 1.0 0.787061988376081
18533 1 448220 1.0 0.7438980974256992
18534 1 12955 1.0 2.3717760341241956
18535 1 447484 1.0 1.1798159684985876
18536 1 150618 1.0 1.752773066982627
18537 1 130506 1.0 0.8694739080965519
18538 1 296940 1.0 0.9069310035556555
18539 1 11537 1.0 1.6862819902598858
18540 1 1795410 1.0 1.6553819878026843
18541 1 288050 1.0 1.6104079550132155
18542 1 1799538 1.0 1.6836250433698297
18543 1 168871 1.0 1.6598160145804286
18544 1 501119 1.0 0.9105050703510642
18545 1 1702727 1.0 0.9358909446746111
18546 1 1962876 1.0 0.9215419413521886
18547 1 102982 1.0 0.8772079600021243
18548 1 1778868 1.0 1.6010500257834792
18549 1 1963152 1.0 1.634808024391532
18550 1 360985 1.0 1.5452969819307327
18551 1 25879 1.0 0.9279550286009908
18552 1 10963 1.0 0.833288999274373
18553 1 148326 1.0 0.9525039931759238
18554 1 439256 1.0 0.8768800180405378
18555 1 475886 1.0 0.868374016135931
18556 1 150828 1.0 1.5769449528306723
18557 1 180091 1.0 1.6102719819173217
18558 1 449647 1.0 1.7010070150718093
18559 1 40108 1.0 1.5598960453644395
18560 1 1964900 1.0 1.5317059587687254
18561 1 395769 1.0 0.9243680397048593
18562 1 1968194 1.0 0.8328510448336601
18563 1 103776 1.0 0.8153490489348769
18564 1 5936 1.0 0.8133599767461419
18565 1 1780695 1.0 0.8028869051486254
18566 1 40845 1.0 0.8589219069108367
18567 1 984250 1.0 0.849202973768115
18568 1 1962802 1.0 0.8643859764561057
18569 1 1425522 1.0 1.0789158986881375
18570 1 468302 1.0 0.8481639670208097
18571 1 448220 1.0 1.1085820151492953
18572 1 1967575 1.0 0.9199379710480571
18573 1 350377 1.0 0.8338739862665534
18574 1 39105 1.0 0.9665400721132755
18575 1 857223 1.0 1.1184359900653362
18576 1 453362 1.0 0.9086449863389134
18577 1 5877 1.0 1.0075820609927177
18578 1 1415976 1.0 0.9701891103759408
18579 1 277194 1.0 0.8291419362649322
18580 1 444630 1.0 1.284467987716198
18581 1 1966196 1.0 1.537728006951511
18582 1 328760 1.0 0.8468240266665816
18583 1 455617 1.0 0.8364999666810036
18584 1 26106 1.0 0.9049969958141446
18585 1 1964900 1.0 1.4969100011512637
18586 1 1299676 1.0 0.8687980007380247
18587 1 977232 1.0 0.871370080858469
18588 1 2001476 1.0 1.5461560105904937
18589 1 62288 1.0 1.6401769826188684
18590 1 449647 1.0 0.8942490676417947
18591 1 975224 1.0 1.5987120568752289
18592 1 26666 1.0 0.8838840294629335
18593 1 1510226 1.0 1.1384770041331649
18594 1 28605 1.0 0.8974210359156132
18595 1 447002 1.0 0.8047240553423762
18596 1 62091 1.0 0.8680860046297312
18597 1 1969537 1.0 0.8358880877494812
18598 1 447484 1.0 2.5586989941075444
18599 1 560546 1.0 2.1457260008901358
18600 1 280901 1.0 0.8374289609491825
18601 1 104110 1.0 0.8306310046464205
18602 1 366988 1.0 0.8176720002666116
18603 1 95776 1.0 0.7642069831490517
18604 1 1147966 1.0 0.8491800399497151
18605 1 377295 1.0 0.9331479668617249
18606 1 149535 1.0 1.4680499443784356
18607 1 975409 1.0 0.86100900080055
18608 1 299146 1.0 0.8376820478588343
18609 1 1968194 1.0 1.320002949796617
18610 1 1795410 1.0 0.8046429138630629
18611 1 348324 1.0 0.8563029114156961
18612 1 1968450 1.0 0.7975039770826697
18613 1 15575 1.0 0.9708100697025657
18614 1 1425522 1.0 1.4651379315182567
18615 1 976455 1.0 1.443894929252565
18616 1 349755 1.0 1.4143569860607386
18617 1 1967357 1.0 1.3894329313188791
18618 1 940041 1.0 0.8232499239966273
18619 1 1040850 1.0 2.377412049099803
18620 1 1627544 1.0 1.4515130314975977
18621 1 2005776 1.0 1.460669911466539
18622 1 1729270 1.0 1.494459924288094
18623 1 1965528 1.0 1.3802580069750547
18624 1 1966288 1.0 1.4030230231583118
18625 1 12652 1.0 0.939337071031332
18626 1 1486197 1.0 0.9233339224010706
18627 1 329273 1.0 0.7726579206064343
18628 1 1963547 1.0 1.2246499536558986
18629 1 600741 1.0 0.8503149729222059
18630 1 1966893 1.0 2.3672239622101188
18631 1 447484 1.0 0.8138689445331693
18632 1 934715 1.0 0.7521699881181121
18633 1 12443 1.0 0.7780119776725769
18634 1 2117237 1.0 0.9353709174320102
18635 1 1968194 1.0 0.7947320118546486
18636 1 15575 1.0 0.8675879798829556
18637 1 92539 1.0 0.7887959945946932
18638 1 1111428 1.0 0.7778049912303686
18639 1 1887200 1.0 0.785430078394711
18640 1 512635 1.0 0.8548249024897814
18641 1 256566 1.0 0.8121770806610584
18642 1 1051878 1.0 0.8244400378316641
18643 1 15943 1.0 0.8192058885470033
18644 1 8786 1.0 0.8052190532907844
18645 1 1963538 1.0 0.7680499693378806
18646 1 40108 1.0 0.791319995187223
18647 1 1967357 1.0 0.7923629600554705
18648 1 447484 1.0 0.8303469512611628
18649 1 1040850 1.0 0.8059520041570067
18650 1 144067 1.0 1.379864988848567
18651 1 1826891 1.0 1.3724480522796512
18652 1 713147 1.0 1.4295050641521811
18653 1 101665 1.0 1.3685539597645402
18654 1 158303 1.0 1.3449399266391993
18655 1 1967209 1.0 0.8842840325087309
18656 1 447484 1.0 1.0666110320016742
18657 1 1051878 1.0 0.9127920493483543
18658 1 1795410 1.0 0.7607399020344019
18659 1 290371 1.0 2.3942949483171105
18660 1 473347 1.0 0.8513679495081306
18661 1 1969574 1.0 0.8711750851944089
18662 1 278036 1.0 0.8027720032259822
18663 1 13153 1.0 0.7592840120196342
18664 1 447484 1.0 1.8049769569188356
18665 1 832598 1.0 0.8571749785915017
18666 1 414038 1.0 2.4330259766429663
18667 1 456918 1.0 2.3153850343078375
18668 1 38952 1.0 0.8095500525087118
18669 1 1040850 1.0 0.7702199509367347
18670 1 1627544 1.0 0.8634650148451328
18671 1 26666 1.0 1.6617149813100696
18672 1 1963205 1.0 1.521883998066187
18673 1 367598 1.0 0.8209809893742204
18674 1 12068 1.0 2.5516179157420993
18675 1 1971156 1.0 1.5417439863085747
18676 1 12671 1.0 1.3477080501616001
18677 1 1960353 1.0 1.4105860609561205
18678 1 234306 1.0 1.421599998138845
18679 1 12376 1.0 1.4046679716557264
18680 1 1627027 1.0 1.3380279997363687
18681 1 270203 1.0 0.9691090090200305
18682 1 1403500 1.0 0.7511520525440574
18683 1 444630 1.0 0.7622919511049986
18684 1 1961116 1.0 0.7894859882071614
18685 1 10725 1.0 0.7784629706293344
18686 1 448220 1.0 2.4178409948945045
18687 1 1969574 1.0 0.8339720079675317
18688 1 122084 1.0 0.8140449644997716
18689 1 12903 1.0 0.7713440572842956
18690 1 279779 1.0 0.7635040674358606
18691 1 1669204 1.0 0.8378479396924376
18692 1 473133 1.0 0.8265729993581772
18693 1 8913 1.0 0.7861410267651081
18694 1 1450969 1.0 0.8053280180320144
18695 1 2474557 1.0 0.7949300343170762
18696 1 395769 1.0 0.8148389169946313
18697 1 1963879 1.0 0.8023410337045789
18698 1 2006685 1.0 0.9020050056278706
18699 1 26666 1.0 0.845987000502646
18700 1 1268891 1.0 0.9132990380749106
18701 1 328950 1.0 0.9090210078284144
18702 1 2314921 1.0 0.8114210795611143
18703 1 764893 1.0 0.8088019676506519
18704 1 470996 1.0 0.8147719781845808
18705 1 1960763 1.0 0.8019879460334778
18706 1 1960279 1.0 0.7887108949944377
18707 1 1782221 1.0 0.8302259957417846
18708 1 282052 1.0 0.8212679531425238
18709 1 1653297 1.0 0.8150700014084578
18710 1 352178 1.0 0.7769969524815679
18711 1 2136346 1.0 0.8394649485126138
18712 1 472353 1.0 0.7838839665055275
18713 1 2314921 1.0 0.8132959483191371
18714 1 670161 1.0 0.914262025617063
18715 1 898511 1.0 1.030797022394836
18716 1 1317339 1.0 0.9084179764613509
18717 1 1966038 1.0 0.8461510296911001
18718 1 1469432 1.0 0.8711150148883462
18719 1 1961116 1.0 0.8694160496816039
18720 1 1340143 1.0 0.9076920105144382
18721 1 1999618 1.0 0.8538140682503581
18722 1 1571209 1.0 0.9733829647302628
18723 1 1399615 1.0 0.8954299846664071
18724 1 103477 1.0 2.6785420486703515
18725 1 1575713 1.0 0.9421800496056676
18726 1 469261 1.0 1.0129900183528662
18727 1 505890 1.0 2.499129972420633
18728 1 449647 1.0 1.0240499395877123
18729 1 566345 1.0 1.4700839528813958
18730 1 104299 1.0 0.9884060127660632
18731 1 1961116 1.0 0.9162630885839462
18732 1 736175 1.0 0.9305319981649518
18733 1 1970939 1.0 0.891803065314889
18734 1 1965572 1.0 0.8595819817855954
18735 1 2016249 1.0 0.8411939488723874
18736 1 12850 1.0 1.0139289079234004
18737 1 443251 1.0 0.9714809712022543
18738 1 595151 1.0 0.8950449991971254
18739 1 1465602 1.0 1.9566009286791086
18740 1 26666 1.0 0.8733170107007027
18741 1 159816 1.0 0.8138259872794151
18742 1 40926 1.0 1.2840129202231765
18743 1 1780672 1.0 0.8543429430574179
18744 1 964750 1.0 0.8818790083751082
18745 1 1702727 1.0 0.900684972293675
18746 1 1299676 1.0 1.0452809510752559
18747 1 280854 1.0 1.6120800282806158
18748 1 304561 1.0 1.6165178967639804
18749 1 1946218 1.0 1.5299690421670675
18750 1 277488 1.0 0.944704981520772
18751 1 1763076 1.0 0.9306349093094468
18752 1 346498 1.0 0.9081480093300343
18753 1 144841 1.0 0.9086449863389134
18754 1 12732 1.0 1.1012390023097396
18755 1 469625 1.0 1.5301191015169024
18756 1 178281 1.0 1.4929060125723481
18757 1 27894 1.0 1.5062500024214387
18758 1 1962470 1.0 1.459453022107482
18759 1 1702727 1.0 1.4798800693824887
18760 1 1963954 1.0 1.5266280388459563
18761 1 1051878 1.0 1.4749509282410145
18762 1 443398 1.0 1.522578066214919
18763 1 497966 1.0 1.5066259074956179
18764 1 267794 1.0 1.5713709872215986
18765 1 28699 1.0 0.8631979580968618
18766 1 1777851 1.0 0.9409069316461682
18767 1 404238 1.0 1.534858951345086
18768 1 41229 1.0 0.9198730112984776
18769 1 1968450 1.0 0.8721359772607684
18770 1 23790 1.0 0.8064090507104993
18771 1 25879 1.0 0.8002689573913813
18772 1 288050 1.0 0.7833559066057205
18773 1 1458565 1.0 0.7706609321758151
18774 1 26666 1.0 0.8087799651548266
18775 1 60290 1.0 0.7723579183220863
18776 1 12074 1.0 0.8188169449567795
18777 1 414038 1.0 0.8441220270469785
18778 1 1966196 1.0 1.5352580230683088
18779 1 1968874 1.0 0.9479890577495098
18780 1 1961116 1.0 1.487920992076397
18781 1 395769 1.0 1.4951350167393684
18782 1 918322 1.0 0.8295009611174464
18783 1 455617 1.0 0.8049339521676302
18784 1 1960294 1.0 1.3175350613892078
18785 1 1795044 1.0 1.654365099966526
18786 1 183743 1.0 2.3727170191705227
18787 1 1967280 1.0 2.3640330182388425
18788 1 128502 1.0 0.7587360450997949
18789 1 104142 1.0 0.7714970270171762
18790 1 1969609 1.0 0.829588039778173
18791 1 1720212 1.0 0.7420059992000461
18792 1 552388 1.0 0.7974680047482252
18793 1 1968450 1.0 1.6629829769954085
18794 1 1969602 1.0 0.7755550323054194
18795 1 1962802 1.0 0.7780750747770071
18796 1 1969574 1.0 0.8325999369844794
18797 1 1969924 1.0 0.7640919648110867
18798 1 447484 1.0 0.9957110742107034
18799 1 597182 1.0 1.451381016522646
18800 1 1965204 1.0 0.9514569537714124
18801 1 1969602 1.0 1.1951709166169167
18802 1 1466066 1.0 0.7925010286271572
18803 1 13012 1.0 0.8861609967425466
18804 1 1699878 1.0 1.0814799461513758
18805 1 1748392 1.0 0.8219920564442873
18806 1 1962865 1.0 0.8057659724727273
18807 1 12759 1.0 0.7871179841458797
18808 1 983653 1.0 2.3601140128448606
18809 1 980617 1.0 0.8304640650749207
18810 1 7510 1.0 0.8065089350566268
18811 1 1966038 1.0 0.8588238852098584
18812 1 414038 1.0 1.9911269191652536
18813 1 447484 1.0 0.8225979981943965
18814 1 12902 1.0 0.7443990325555205
18815 1 1514927 1.0 0.7449770346283913
18816 1 280205 1.0 0.7526460103690624
18817 1 1999617 1.0 0.7890269625931978
18818 1 501073 1.0 0.7419741014018655
18819 1 351831 1.0 0.8478780509904027
18820 1 1051878 1.0 0.9595070732757449
18821 1 828021 1.0 0.9798440150916576
18822 1 1960342 1.0 0.8434070041403174
18823 1 1268891 1.0 0.8918959647417068
18824 1 1970152 1.0 2.340962993912399
18825 1 262681 1.0 0.8784059900790453
18826 1 143736 1.0 0.846397946588695
18827 1 104934 1.0 0.8222420001402497
18828 1 231607 1.0 0.7704540621489286
18829 1 1966038 1.0 0.9669420542195439
18830 1 75801 1.0 1.0666260495781898
18831 1 347336 1.0 1.4785899547860026
18832 1 477205 1.0 0.8284650975838304
18833 1 445925 1.0 0.8045750437304378
18834 1 1205053 1.0 2.361780032515526
18835 1 1826891 1.0 1.7683360492810607
18836 1 1051878 1.0 0.8580830181017518
18837 1 12965 1.0 0.8159569697454572
18838 1 1780505 1.0 0.8189789950847626
18839 1 1299676 1.0 1.049756072461605
18840 1 1964900 1.0 2.3577380925416946
18841 1 450042 1.0 0.8299910696223378
18842 1 269223 1.0 2.3153740912675858
18843 1 270042 1.0 0.7831680122762918
18844 1 178281 1.0 0.9428419871255755
18845 1 1965863 1.0 0.7561889942735434
18846 1 11325 1.0 0.8620789740234613
18847 1 2314921 1.0 0.863752095028758
18848 1 1441974 1.0 1.3861729530617595
18849 1 447484 1.0 2.339213970117271
18850 1 2264570 1.0 2.271789009682834
18851 1 10521 1.0 1.41707097645849
18852 1 1966098 1.0 0.967083964496851
18853 1 279278 1.0 0.900055980309844
18854 1 15575 1.0 1.0109239956364036
18855 1 764893 1.0 0.9391020284965634
18856 1 1670848 1.0 2.2414729464799166
18857 1 248445 1.0 1.1871380265802145
18858 1 1890916 1.0 1.8306870479136705
18859 1 2199023 1.0 1.63051497656852
18860 1 1961395 1.0 2.2000910248607397
18861 1 1260472 1.0 1.1586230248212814
18862 1 1282567 1.0 1.8003350123763084
18863 1 471606 1.0 0.9870469802990556
18864 1 80764 1.0 1.6626280266791582
18865 1 686069 1.0 1.1185790644958615
18866 1 1617924 1.0 1.5494910767301917
18867 1 1905579 1.0 2.609332907013595
18868 1 30698 1.0 2.4570690002292395
18869 1 27788 1.0 1.4298410387709737
18870 1 1185142 1.0 0.9288530563935637
18871 1 1706603 1.0 1.534433919005096
18872 1 1136967 1.0 3.0686709797009826
18873 1 1282812 1.0 3.3435439690947533
18874 1 277450 1.0 2.4946979247033596
18875 1 77323 1.0 2.3405960528180003
18876 1 1990050 1.0 1.942395931109786
18877 1 738348 1.0 1.8960420275107026
18878 1 348770 1.0 1.3012400595471263
18879 1 1966577 1.0 1.9563749665394425
18880 1 78557 1.0 1.0551660088822246
18881 1 327245 1.0 1.8544329795986414
18882 1 1669884 1.0 1.8901709700003266
18883 1 185354 1.0 1.1410849401727319
18884 1 1716208 1.0 1.851601991802454
18885 1 1646096 1.0 1.1157069820910692
18886 1 979104 1.0 0.9839899139478803
18887 1 2015121 1.0 1.2586589436978102
18888 1 1965205 1.0 1.2314190389588475
18889 1 2096011 1.0 1.2515179114416242
18890 1 439882 1.0 1.3232179917395115
18891 1 1856080 1.0 3.9732089499011636
18892 1 73783 1.0 2.0311219850555062
18893 1 347972 1.0 2.1854019723832607
18894 1 2222109 1.0 2.2305480670183897
18895 1 1714023 1.0 2.6565210428088903
18896 1 2001479 1.0 1.9101249054074287
18897 1 234175 1.0 2.497880021110177
18898 1 1468332 1.0 2.2084220545366406
18899 1 344638 1.0 1.1790329590439796
18900 1 660478 1.0 1.733497017994523
18901 1 2308426 1.0 1.420079031959176
18902 1 1481438 1.0 2.0721430191770196
18903 1 168266 1.0 1.8530930392444134
18904 1 812221 1.0 1.7926770960912108
18905 1 349616 1.0 2.135027083568275
18906 1 1629505 1.0 1.4412000309675932
18907 1 1966263 1.0 1.1742099886760116
18908 1 2360639 1.0 2.408268046565354
18909 1 1961013 1.0 1.7862790264189243
18910 1 1780719 1.0 1.3896060409024358
18911 1 1711363 1.0 1.629019039683044
18912 1 1421713 1.0 3.262137994170189
18913 1 937929 1.0 2.452622982673347
18914 1 1563135 1.0 2.7503090677782893
18915 1 1962026 1.0 1.8633239669725299
18916 1 604092 1.0 2.460369956679642
18917 1 184137 1.0 2.1299889776855707
18918 1 1549376 1.0 1.6580440569669008
18919 1 1668724 1.0 1.9290889613330364
18920 1 1563096 1.0 1.0635359212756157
18921 1 936568 1.0 1.5365210128948092
18922 1 181841 1.0 0.9608020773157477
18923 1 2381723 1.0 1.4228689251467586
18924 1 1670608 1.0 1.1432359460741282
18925 1 1965567 1.0 0.8398839272558689
18926 1 1229577 1.0 1.1832169257104397
18927 1 1241773 1.0 0.900993007235229
18928 1 306023 1.0 1.6088089905679226
18929 1 1505887 1.0 1.3860430335626006
18930 1 1731387 1.0 1.3827040093019605
18931 1 1498970 1.0 1.1538299731910229
18932 1 231490 1.0 0.8956319652497768
18933 1 858890 1.0 0.9432330261915922
18934 1 620803 1.0 1.2333969352766871
18935 1 811773 1.0 1.1381420772522688
18936 1 2385173 1.0 0.9122990304604173
18937 1 631217 1.0 1.5734100015833974
18938 1 2343963 1.0 1.8645109375938773
18939 1 1657340 1.0 1.629129983484745
18940 1 1237116 1.0 1.689883996732533
18941 1 2221704 1.0 1.7071989132091403
18942 1 182004 1.0 2.1109970984980464
18943 1 73783 1.0 1.7811809666454792
18944 1 1593170 1.0 1.6762280138209462
18945 1 73246 1.0 1.8200010526925325
18946 1 1506041 1.0 1.6242479905486107
18947 1 1730951 1.0 1.3909719418734312
18948 1 368277 1.0 1.4012899482622743
18949 1 1440339 1.0 0.8736030431464314
18950 1 537524 1.0 1.8013729713857174
18951 1 12259 1.0 1.1924599530175328
18952 1 349616 1.0 1.3447009259834886
18953 1 1615987 1.0 1.0395830031484365
18954 1 317554 1.0 2.511890954338014
18955 1 445231 1.0 1.7935329815372825
18956 1 1582426 1.0 0.9704600088298321
18957 1 561663 1.0 1.2372529599815607
18958 1 101535 1.0 1.6832890687510371
18959 1 440546 1.0 1.0241379495710135
18960 1 125383 1.0 1.7686759820207953
18961 1 2362487 1.0 3.065630909986794
18962 1 285454 1.0 0.9722380200400949
18963 1 1960676 1.0 1.0442229686304927
18964 1 265080 1.0 1.3854410499334335
18965 1 1455839 1.0 2.2457559825852513
18966 1 222499 1.0 2.0051191095262766
18967 1 1966553 1.0 2.90968909393996
18968 1 26563 1.0 3.4775009844452143
18969 1 1967227 1.0 1.003445009700954
18970 1 2382833 1.0 1.9172059837728739
18971 1 1961442 1.0 1.9904690561816096
18972 1 1644075 1.0 2.3798090405762196
18973 1 1970237 1.0 1.5314880292862654
18974 1 12975 1.0 1.4821368968114257
18975 1 1571427 1.0 1.905151060782373
18976 1 99816 1.0 2.4440899724140763
18977 1 1811224 1.0 1.9231459591537714
18978 1 277350 1.0 2.207305049523711
18979 1 35001 1.0 2.5724020088091493
18980 1 1522865 1.0 1.9428549567237496
18981 1 40645 1.0 1.454720040783286
18982 1 111822 1.0 2.22121796105057
18983 1 1137948 1.0 0.8799240458756685
18984 1 1963129 1.0 1.7581129213795066
18985 1 1966222 1.0 1.0119919897988439
18986 1 1855687 1.0 1.0569329606369138
18987 1 1720996 1.0 0.973333022557199
18988 1 1960657 1.0 0.9448729688301682
18989 1 1034950 1.0 1.714106067083776
18990 1 1847815 1.0 2.021394087933004
18991 1 321550 1.0 1.0655380319803953
18992 1 448589 1.0 1.3592090690508485
18993 1 1964515 1.0 1.6480130143463612
18994 1 313307 1.0 1.5065050683915615
18995 1 954856 1.0 3.355371067300439
18996 1 105952 1.0 0.8639140287414193
18997 1 1715971 1.0 1.2984588975086808
18998 1 1553053 1.0 1.4450380112975836
18999 1 2233078 1.0 1.1119410628452897
19000 1 977158 1.0 1.274162088520825
19001 1 1689432 1.0 1.427843002602458
19002 1 1614903 1.0 1.5109520172700286
19003 1 1707686 1.0 1.9015250727534294
19004 1 1967140 1.0 2.0952660124748945
19005 1 374469 1.0 2.621021936647594
19006 1 727679 1.0 1.2204420054331422
19007 1 469909 1.0 2.122837002389133
19008 1 1967535 1.0 2.233553910627961
19009 1 2128136 1.0 1.116486033424735
19010 1 1968222 1.0 1.4162810984998941
19011 1 1760454 1.0 1.8765790155157447
19012 1 38549 1.0 1.0399430757388473
19013 1 1961420 1.0 1.557609997689724
19014 1 1291054 1.0 1.7848749412223697
19015 1 2018405 1.0 1.8246970139443874
19016 1 1960701 1.0 1.215051976032555
19017 1 478111 1.0 1.8918219720944762
19018 1 1967535 1.0 1.455571036785841
19019 1 177295 1.0 1.5378149691969156
19020 1 758654 1.0 1.5474980464205146
19021 1 640977 1.0 1.3471629936248064
19022 1 19733 1.0 2.86842102650553
19023 1 124265 1.0 1.7340399790555239
19024 1 2380814 1.0 2.568916999734938
19025 1 2011030 1.0 1.023094984702766
19026 1 241964 1.0 3.268376924097538
19027 1 1135297 1.0 1.680843997746706
19028 1 232152 1.0 2.0366250537335873
19029 1 1483982 1.0 1.528088003396988
19030 1 22865 1.0 2.7924530440941453
19031 1 1945393 1.0 1.5924150357022882
19032 1 310157 1.0 2.8557570185512304
19033 1 1220385 1.0 2.0344379590824246
19034 1 2460768 1.0 0.85446797311306
19035 1 1967573 1.0 1.8809708999469876
19036 1 1970176 1.0 1.4209290966391563
19037 1 940886 1.0 2.1742290118709207
19038 1 452685 1.0 1.9130409928038716
19039 1 2369583 1.0 0.9858389385044575
19040 1 1265209 1.0 0.8781380020081997
19041 1 1189881 1.0 0.9167160606011748
19042 1 284510 1.0 1.3832569820806384
19043 1 19072 1.0 1.2704849941655993
19044 1 1648408 1.0 1.1639801086857915
19045 1 1908289 1.0 1.2133090058341622
19046 1 1889743 1.0 1.1249430244788527
19047 1 1960727 1.0 1.3751500518992543
19048 1 1133557 1.0 1.0906910756602883
19049 1 156564 1.0 1.662051072344184
19050 1 580371 1.0 1.6699450789019465
19051 1 1961391 1.0 1.6535510076209903
19052 1 21568 1.0 2.3640880826860666
19053 1 168347 1.0 2.5730490451678634
19054 1 742922 1.0 1.0201400145888329
19055 1 1667507 1.0 2.485628006979823
19056 1 1968145 1.0 0.8917279774323106
19057 1 474234 1.0 0.8437420474365354
19058 1 1485788 1.0 1.233351998962462
19059 1 308586 1.0 0.8379919454455376
19060 1 1654069 1.0 1.5881549334153533
19061 1 59751 1.0 1.3041689526289701
19062 1 218432 1.0 1.8158849561586976
19063 1 1963448 1.0 0.8383130189031363
19064 1 1888594 1.0 1.588747021742165
19065 1 979104 1.0 1.0749349603429437
19066 1 629011 1.0 0.9503539185971022
19067 1 305433 1.0 0.9616519091650844
19068 1 1961077 1.0 0.842544948682189
19069 1 1910659 1.0 1.6368819633498788
19070 1 453961 1.0 1.0666829766705632
19071 1 1565906 1.0 1.4826749684289098
19072 1 1967867 1.0 1.6256810631603003
19073 1 975788 1.0 1.0325820185244083
19074 1 1960519 1.0 0.9016159456223249
19075 1 142999 1.0 1.9211029866710305
19076 1 1940805 1.0 1.6968559939414263
19077 1 1060660 1.0 1.160011044703424
19078 1 1457599 1.0 0.9507400682196021
19079 1 276523 1.0 0.7978039793670177
19080 1 60030 1.0 1.0177199728786945
19081 1 401172 1.0 1.2400930281728506
19082 1 352841 1.0 0.7960440125316381
19083 1 970719 1.0 0.9957329602912068
19084 1 1970185 1.0 1.0079799685627222
19085 1 166098 1.0 0.8491490734741092
19086 1 84986 1.0 0.9027660125866532
19087 1 1849851 1.0 1.3186089927330613
19088 1 1970652 1.0 1.3612559996545315
19089 1 1921688 1.0 1.952226972207427
19090 1 272449 1.0 1.3396129943430424
19091 1 745382 1.0 1.3885940425097942
19092 1 2040524 1.0 0.8955500088632107
19093 1 242242 1.0 1.8244750099256635
19094 1 1667079 1.0 1.2113889679312706
19095 1 1967809 1.0 1.083028968423605
19096 1 94453 1.0 1.837518997490406
19097 1 375410 1.0 1.148457988165319
19098 1 2450317 1.0 3.066385048441589
19099 1 523014 1.0 2.089129062369466
19100 1 1178459 1.0 1.8888621125370264
19101 1 1930274 1.0 3.1117750331759453
19102 1 1963448 1.0 0.9896690025925636
19103 1 1965660 1.0 1.8001500284299254
19104 1 486334 1.0 1.9757250556722283
19105 1 530091 1.0 1.3197759399190545
19106 1 75370 1.0 1.13299407530576
19107 1 1617801 1.0 1.9403109326958656
19108 1 974237 1.0 1.3271259376779199
19109 1 1962433 1.0 1.1263639898970723
19110 1 1055629 1.0 3.230901900678873
19111 1 1136461 1.0 1.8002270953729749
19112 1 1960644 1.0 1.7549149924889207
19113 1 2446066 1.0 1.665160059928894
19114 1 397906 1.0 1.3906729873269796
19115 1 1960299 1.0 0.9776499355211854
19116 1 1633533 1.0 1.1984879383817315
19117 1 625318 1.0 1.1029799934476614
19118 1 1727654 1.0 2.075052005238831
19119 1 504195 1.0 2.0114938961341977
19120 1 1912882 1.0 1.7739119939506054
19121 1 1967249 1.0 0.9957290021702647
19122 1 2221667 1.0 1.4328659744933248
19123 1 24018 1.0 1.7059220699593425
19124 1 474924 1.0 2.0105319563299417
19125 1 1934833 1.0 1.118754968047142
19126 1 217427 1.0 1.235135947354138
19127 1 60485 1.0 1.1162940645590425
19128 1 450232 1.0 0.9432670194655657
19129 1 342325 1.0 1.5267739072442055
19130 1 979104 1.0 1.2195130111649632
19131 1 918995 1.0 3.0469070188701153
19132 1 1969871 1.0 1.8663270166143775
19133 1 2002570 1.0 1.148063107393682
19134 1 1813803 1.0 1.2187629472464323
19135 1 1732004 1.0 0.9787889430299401
19136 1 27984 1.0 1.075445907190442
19137 1 1961300 1.0 0.8886320283636451
19138 1 1580247 1.0 1.0610799072310328
19139 1 975431 1.0 1.2502530589699745
19140 1 257247 1.0 1.5295639168471098
19141 1 1185448 1.0 1.0439439211040735
19142 1 928488 1.0 1.2664609821513295
19143 1 1899842 1.0 1.493855961598456
19144 1 558165 1.0 0.984471058472991
19145 1 2259217 1.0 1.930846949107945
19146 1 2366726 1.0 1.9402080215513706
19147 1 551825 1.0 2.2553789895027876
19148 1 1106958 1.0 3.4094940638169646
19149 1 2383123 1.0 1.8689349526539445
19150 1 1980999 1.0 1.5205459203571081
19151 1 810724 1.0 1.6341719310730696
19152 1 1449735 1.0 1.468498958274722
19153 1 302056 1.0 1.751536037772894
19154 1 1634720 1.0 1.766851986758411
19155 1 449922 1.0 1.099559012800455
19156 1 1996506 1.0 1.84755795635283
19157 1 1689311 1.0 1.2416609097272158
19158 1 1279902 1.0 1.9261579727753997
19159 1 1563618 1.0 1.2379729887470603
19160 1 899353 1.0 1.5514360275119543
19161 1 366859 1.0 1.729047973640263
19162 1 27577 1.0 2.53489101305604
19163 1 1182529 1.0 1.1187709169462323
19164 1 1965505 1.0 1.071267994120717
19165 1 1638456 1.0 1.6929609701037407
19166 1 1113493 1.0 1.1111299972981215
19167 1 295818 1.0 1.794629031792283
19168 1 55348 1.0 1.763276057317853
19169 1 1512736 1.0 1.5476989792659879
19170 1 1963926 1.0 3.101042006164789
19171 1 975638 1.0 0.9647280676290393
19172 1 1940711 1.0 0.9367609163746238
19173 1 1899378 1.0 1.353367930278182
19174 1 302395 1.0 1.9068210385739803
19175 1 1678286 1.0 1.3123980024829507
19176 1 91736 1.0 1.9565129186958075
19177 1 2473734 1.0 1.8003890290856361
19178 1 1969871 1.0 1.8230939749628305
19179 1 1967215 1.0 1.1017899960279465
19180 1 182933 1.0 1.8898179987445474
19181 1 1891629 1.0 1.343277981504798
19182 1 466677 1.0 0.8939719991758466
19183 1 1255583 1.0 1.7587069887667894
19184 1 2233380 1.0 1.2299050576984882
19185 1 2223149 1.0 3.2708270009607077
19186 1 84381 1.0 1.5346029540523887
19187 1 181371 1.0 1.5904490137472749
19188 1 466676 1.0 1.028252998366952
19189 1 1799105 1.0 0.9004960302263498
19190 1 346130 1.0 1.6292689833790064
19191 1 630062 1.0 1.7806979594752192
19192 1 1730162 1.0 0.9186840616166592
19193 1 2004355 1.0 3.597785020247102
19194 1 181872 1.0 0.9810789488255978
19195 1 84532 1.0 1.8876820104196668
19196 1 1619945 1.0 2.168757957406342
19197 1 2232352 1.0 1.4364260714501143
19198 1 445946 1.0 0.8236060384660959
19199 1 1452742 1.0 0.9204329689964652
19200 1 326852 1.0 0.7866240339353681
19201 1 1144782 1.0 1.6810609959065914
19202 1 1967169 1.0 1.3851800467818975
19203 1 565233 1.0 1.2346840230748057
19204 1 1663468 1.0 1.0297630215063691
19205 1 1964252 1.0 0.8913050405681133
19206 1 539908 1.0 1.2838210677728057
19207 1 1714023 1.0 1.7144930316135287
19208 1 506874 1.0 2.080942038446665
19209 1 1483982 1.0 1.357644097879529
19210 1 2015617 1.0 1.3833250850439072
19211 1 1966174 1.0 1.806430984288454
19212 1 1773544 1.0 2.1565620554611087
19213 1 382378 1.0 1.7933730268850923
19214 1 1416588 1.0 2.4248609552159905
19215 1 1970573 1.0 1.0998400393873453
19216 1 956254 1.0 3.3111469820141792
19217 1 1965629 1.0 1.2466720072552562
19218 1 166098 1.0 2.731761895120144
19219 1 9196 1.0 1.0720340069383383
19220 1 8931 1.0 1.0229599429294467
19221 1 1688713 1.0 0.9480300359427929
19222 1 875456 1.0 1.5721869422122836
19223 1 1591303 1.0 1.5536949504166842
19224 1 1968145 1.0 1.0101640364155173
19225 1 768593 1.0 0.8727749809622765
19226 1 1676750 1.0 1.284287078306079
19227 1 1824901 1.0 1.002563047222793
19228 1 1425482 1.0 1.5987560618668795
19229 1 1422793 1.0 1.2219010386615992
19230 1 366859 1.0 1.7281519249081612
19231 1 1019697 1.0 1.626775017939508
19232 1 85449 1.0 1.2012809747830033
19233 1 916392 1.0 1.4457970391958952
19234 1 904488 1.0 1.441305037587881
19235 1 80659 1.0 1.649457961320877
19236 1 1183766 1.0 1.301510026678443
19237 1 248640 1.0 1.4422120293602347
19238 1 1970274 1.0 1.8084190087392926
19239 1 1031936 1.0 1.4106340240687132
19240 1 980621 1.0 1.835772069171071
19241 1 1661713 1.0 1.4575329842045903
19242 1 44374 1.0 2.2291839122772217
19243 1 26286 1.0 1.3555409386754036
19244 1 82588 1.0 1.0068240808323026
19245 1 1120690 1.0 1.7475479980930686
19246 1 533068 1.0 1.942517003044486
19247 1 2140411 1.0 1.08255201485008
19248 1 1151188 1.0 1.6484420048072934
19249 1 1967478 1.0 0.8778430055826902
19250 1 276555 1.0 1.7651099478825927
19251 1 1713025 1.0 1.5938029391691089
19252 1 1965131 1.0 1.1406060075387359
19253 1 892766 1.0 0.9554919088259339
19254 1 1499809 1.0 1.711262040771544
19255 1 107725 1.0 1.3762430753558874
19256 1 29559 1.0 1.5929400688037276
19257 1 379139 1.0 1.8822490237653255
19258 1 1887199 1.0 0.9761659894138575
19259 1 263114 1.0 1.9044330110773444
19260 1 1936421 1.0 1.0483349906280637
19261 1 1660061 1.0 1.294526970013976
19262 1 37293 1.0 2.000089967623353
19263 1 347958 1.0 1.6506750835105777
19264 1 51977 1.0 2.641126047819853
19265 1 2013673 1.0 1.9335959805175662
19266 1 110449 1.0 1.1674499837681651
19267 1 12355 1.0 0.8411959279328585
19268 1 1961754 1.0 1.6039649490267038
19269 1 1962433 1.0 1.0201280238106847
19270 1 432758 1.0 1.797426026314497
19271 1 223840 1.0 1.2000020360574126
19272 1 374777 1.0 0.8995670359581709
19273 1 2120755 1.0 1.5510870143771172
19274 1 1728597 1.0 2.51867703627795
19275 1 2356090 1.0 2.570879994891584
19276 1 10799 1.0 1.589523977600038
19277 1 1908286 1.0 2.0398179767653346
19278 1 1458760 1.0 0.8993130177259445
19279 1 1337346 1.0 1.3350560329854488
19280 1 1963466 1.0 1.1352510191500187
19281 1 124265 1.0 1.6687100287526846
19282 1 1672848 1.0 1.2758469674736261
19283 1 490631 1.0 1.834749011322856
19284 1 1627989 1.0 1.0685829911381006
19285 1 1965208 1.0 1.5666380058974028
19286 1 1993699 1.0 1.5031339135020971
19287 1 597307 1.0 0.9170889388769865
19288 1 178283 1.0 1.1423260439187288
19289 1 585619 1.0 1.3154279440641403
19290 1 2385470 1.0 1.54032907448709
19291 1 1052248 1.0 1.5629739500582218
19292 1 926903 1.0 1.2701399391517043
19293 1 1962520 1.0 1.521086087450385
19294 1 2005362 1.0 1.1684009805321693
19295 1 1100506 1.0 1.8859669798985124
19296 1 523388 1.0 1.7187510384246707
19297 1 923071 1.0 1.26750604249537
19298 1 176946 1.0 1.3762370217591524
19299 1 397906 1.0 1.1672440450638533
19300 1 103316 1.0 1.4023889089003205
19301 1 1394463 1.0 0.9553330019116402
19302 1 96487 1.0 1.0565350530669093
19303 1 593685 1.0 1.3860049657523632
19304 1 1965535 1.0 1.5549820382148027
19305 1 14653 1.0 2.6562910061329603
19306 1 658691 1.0 2.337964018806815
19307 1 1733009 1.0 0.9548480156809092
19308 1 107722 1.0 1.60879991017282
19309 1 930282 1.0 1.654981984756887
19310 1 1800102 1.0 2.821726957336068
19311 1 1532143 1.0 1.0891249403357506
19312 1 1962520 1.0 1.741193002089858
19313 1 1241353 1.0 1.5946589410305023
19314 1 1923723 1.0 1.7994190566241741
19315 1 942245 1.0 1.3324549654498696
19316 1 1968575 1.0 1.4952829806134105
19317 1 1664439 1.0 1.5089170774444938
19318 1 1962000 1.0 1.4625880867242813
19319 1 1963466 1.0 1.7289449460804462
19320 1 1780896 1.0 0.8542650612071157
19321 1 1630727 1.0 1.170509960502386
19322 1 1968501 1.0 1.1538969120010734
19323 1 331204 1.0 1.4598181005567312
19324 1 1203291 1.0 1.739508006721735
19325 1 181656 1.0 1.156546059064567
19326 1 1968564 1.0 1.0533450404182076
19327 1 65393 1.0 1.1787490220740438
19328 1 309142 1.0 1.119247986935079
19329 1 280835 1.0 1.0267050238326192
19330 1 80449 1.0 1.464160974137485
19331 1 248445 1.0 1.0423599742352962
19332 1 27201 1.0 1.5789540484547615
19333 1 1058668 1.0 1.189757022075355
19334 1 35233 1.0 0.9896350093185902
19335 1 1693978 1.0 0.8485961006954312
19336 1 787730 1.0 1.0204960126429796
19337 1 249975 1.0 1.3891940470784903
19338 1 320196 1.0 0.900321057997644
19339 1 2373107 1.0 1.4216819545254111
19340 1 9176 1.0 1.5647070249542594
19341 1 1964231 1.0 1.3915719464421272
19342 1 1900059 1.0 2.465772908180952
19343 1 2138198 1.0 2.861168934032321
19344 1 1857899 1.0 1.2387459864839911
19345 1 1204499 1.0 1.003299024887383
19346 1 42362 1.0 2.3353450233116746
19347 1 270961 1.0 2.826640964485705
19348 1 1649473 1.0 2.095515956170857
19349 1 1011108 1.0 2.868084004148841
19350 1 1732381 1.0 4.338764003477991
19351 1 1303406 1.0 3.498887992464006
19352 1 1713977 1.0 0.9701929520815611
19353 1 1934833 1.0 1.3355850242078304
19354 1 2253057 1.0 2.242719056084752
19355 1 1530899 1.0 1.9256150117143989
19356 1 1673158 1.0 1.370422076433897
19357 1 1891906 1.0 2.405853010714054
19358 1 1436137 1.0 7.200562977232039
19359 1 41201 1.0 2.709356020204723
19360 1 824032 1.0 8.072515949606895
19361 1 1552996 1.0 7.27604201529175
19362 1 1944956 1.0 3.193215001374483
19363 1 1035452 1.0 6.583462003618479
19364 1 86045 1.0 2.8947138926014304
19365 1 1068385 1.0 7.252243929542601
19366 1 1923279 1.0 2.5267149321734905
19367 1 568542 1.0 4.041370004415512
19368 1 1698579 1.0 3.9125150069594383
19369 1 1167939 1.0 6.563731003552675
19370 1 1139976 1.0 7.130220998078585
19371 1 1262747 1.0 2.840706962160766
19372 1 1688967 1.0 6.243766983971
19373 1 1761259 1.0 7.218168000690639
19374 1 233138 1.0 6.376154022291303
19375 1 992422 1.0 6.803803029470146
19376 1 363223 1.0 5.51912107039243
19377 1 106873 1.0 3.385213087312877
19378 1 724166 1.0 4.569064010865986
19379 1 1483713 1.0 6.838222965598106
19380 1 1206646 1.0 7.481299922801554
19381 1 1400815 1.0 7.640115916728973
19382 1 702631 1.0 5.163218011148274
19383 1 1590409 1.0 7.043314049951732
19384 1 817387 1.0 6.31213397718966
19385 1 557748 1.0 3.7583570228889585
19386 1 460250 1.0 4.696603980846703
19387 1 1437752 1.0 6.563360919244587
19388 1 597101 1.0 2.4640050251036882
19389 1 1192188 1.0 6.809702957980335
19390 1 352852 1.0 3.435353050008416
19391 1 796025 1.0 6.866056006401777
19392 1 1394569 1.0 7.211718009784818
19393 1 1989440 1.0 7.113129016943276
19394 1 1676893 1.0 4.132706089876592
19395 1 91366 1.0 5.483181914314628
19396 1 1094664 1.0 7.1796419797465205
19397 1 931536 1.0 4.918823018670082
19398 1 309540 1.0 2.4082009913399816
19399 1 2153203 1.0 3.8606399903073907
19400 1 1027606 1.0 2.6753799756988883
19401 1 139370 1.0 2.6544369757175446
19402 1 1027271 1.0 4.09430603031069
19403 1 798785 1.0 2.860934007912874
19404 1 1635258 1.0 2.874766942113638
19405 1 1968539 1.0 2.91230296716094
19406 1 2428956 1.0 7.145051029510796
19407 1 773899 1.0 4.901612061075866
19408 1 1433465 1.0 7.36193498596549
19409 1 1178717 1.0 7.9979009460657835
19410 1 1354774 1.0 6.848915945738554
19411 1 1530935 1.0 7.648444036021829
19412 1 593286 1.0 3.8165959995239973
19413 1 506186 1.0 5.2421248983591795
19414 1 828873 1.0 7.002539001405239
19415 1 1474325 1.0 7.807275978848338
19416 1 42518 1.0 2.211233018897474
19417 1 1729634 1.0 3.087851917371154
19418 1 1457346 1.0 2.5151140289381146
19419 1 2468619 1.0 6.604943075217307
19420 1 597627 1.0 3.6448960890993476
19421 1 275824 1.0 2.4451760109514
19422 1 2474129 1.0 4.348034970462322
19423 1 2117688 1.0 3.5381029592826962
19424 1 613488 1.0 3.923534997738898
19425 1 410749 1.0 3.656413988210261
19426 1 1103544 1.0 6.985513959079981
19427 1 425760 1.0 4.640583996661007
19428 1 1198449 1.0 4.69481700565666
19429 1 358191 1.0 4.664991982281208
19430 1 1621969 1.0 6.202307995408773
19431 1 2070465 1.0 6.7587209632620215
19432 1 557437 1.0 7.29269499424845
19433 1 201281 1.0 4.612961085513234
19434 1 1881904 1.0 7.857555989176035
19435 1 1953149 1.0 3.515072981826961
19436 1 541486 1.0 7.452534977346659
19437 1 1056200 1.0 3.7587539991363883
19438 1 2300178 1.0 5.248461966402829
19439 1 1164263 1.0 7.0635880110785365
19440 1 1902789 1.0 7.033785106614232
19441 1 2157550 1.0 5.734923062846065
19442 1 1554493 1.0 2.814341918565333
19443 1 1405083 1.0 6.851945887319744
19444 1 668205 1.0 2.3880130611360073
19445 1 88609 1.0 2.7004999574273825
19446 1 1186266 1.0 6.622081971727312
19447 1 639761 1.0 4.944637999869883
19448 1 993461 1.0 2.592831035144627
19449 1 1684392 1.0 6.6190509824082255
19450 1 588690 1.0 5.132229067385197
19451 1 546238 1.0 5.066005978733301
19452 1 10990 1.0 6.695772055536509
19453 1 369414 1.0 7.517618010751903
19454 1 1298013 1.0 3.020780044607818
19455 1 1981768 1.0 4.150202963501215
19456 1 414793 1.0 5.401491071097553
19457 1 1038716 1.0 5.253158044070005
19458 1 1985343 1.0 3.8078550714999437
19459 1 526132 1.0 3.4088289830833673
19460 1 469887 1.0 5.206765024922788
19461 1 1849855 1.0 3.922104020603001
19462 1 314193 1.0 3.8650439819321036
19463 1 1690329 1.0 4.649260896258056
19464 1 348664 1.0 4.756630049087107
19465 1 1625781 1.0 3.4493260318413377
19466 1 1463398 1.0 4.670421010814607
19467 1 982716 1.0 7.124777999706566
19468 1 1686805 1.0 7.613140973262489
19469 1 604514 1.0 7.500170962885022
19470 1 1970034 1.0 2.324874047189951
19471 1 1062429 1.0 7.286826963536441
19472 1 45767 1.0 4.588883020915091
19473 1 1235172 1.0 6.289909943006933
19474 1 843045 1.0 7.432987913489342
19475 1 1468314 1.0 3.7295459769666195
19476 1 1474467 1.0 5.233612027950585
19477 1 502366 1.0 2.6885230327025056
19478 1 1965623 1.0 2.4585940409451723
19479 1 2016136 1.0 1.9411350367590785
19480 1 66622 1.0 4.797998000867665
19481 1 1007556 1.0 7.811330957338214
19482 1 1357240 1.0 7.64834601432085
19483 1 1494550 1.0 6.644756067544222
19484 1 1802453 1.0 4.376788041554391
19485 1 383528 1.0 4.576261970214546
19486 1 1121166 1.0 7.608432904817164
19487 1 1060407 1.0 6.516110966913402
19488 1 1001310 1.0 4.782548057846725
19489 1 2043166 1.0 7.589207962155342
19490 1 630723 1.0 9.232853073626757
19491 1 1232200 1.0 4.950459930114448
19492 1 1614203 1.0 2.686119987629354
19493 1 443742 1.0 3.5092299804091454
19494 1 1536429 1.0 7.237507030367851
19495 1 165921 1.0 2.770708058960736
19496 1 1170172 1.0 4.950466915033758
19497 1 1575001 1.0 7.27007701061666
19498 1 1398540 1.0 6.371926050633192
19499 1 59595 1.0 3.7287729792296886
19500 1 1432297 1.0 6.80574297439307
19501 1 430597 1.0 2.5781430304050446
19502 1 1770916 1.0 6.473848945461214
19503 1 795785 1.0 6.595805985853076
19504 1 2377764 1.0 7.11608596611768
19505 1 1483804 1.0 3.8870549760758877
19506 1 68620 1.0 6.306200986728072
19507 1 1828181 1.0 3.4023200860247016
19508 1 609991 1.0 2.7686520479619503
19509 1 1791420 1.0 5.323965102434158
19510 1 1939055 1.0 2.574351034127176
19511 1 2068753 1.0 6.699367077089846
19512 1 1574427 1.0 6.052609067410231
19513 1 1523180 1.0 3.4751449711620808
19514 1 1609839 1.0 6.516854045912623
19515 1 1626594 1.0 2.5557170156389475
19516 1 552291 1.0 2.396057010628283
19517 1 2397903 1.0 4.660705104470253
19518 1 1406554 1.0 2.6799970073625445
19519 1 621479 1.0 3.526244079694152
19520 1 1534333 1.0 2.477181958965957
19521 1 1428510 1.0 7.478776969946921
19522 1 1738497 1.0 3.8729810621589422
19523 1 1031667 1.0 7.424245006404817
19524 1 567780 1.0 6.1125579522922635
19525 1 1384707 1.0 5.169658921658993
19526 1 1769902 1.0 7.542816922068596
19527 1 8660 1.0 3.9502090075984597
19528 1 2053522 1.0 3.739316016435623
19529 1 452151 1.0 3.761459025554359
19530 1 1753407 1.0 3.76900692936033
19531 1 1688262 1.0 2.469846047461033
19532 1 991196 1.0 3.435982041992247
19533 1 576345 1.0 3.008452942594886
19534 1 2019439 1.0 7.664393982850015
19535 1 1429669 1.0 6.359196035191417
19536 1 2124796 1.0 4.7021349892020226
19537 1 200073 1.0 7.498431019484997
19538 1 1935027 1.0 4.941557999700308
19539 1 1614149 1.0 6.670793984085321
19540 1 1940051 1.0 4.04888903722167
19541 1 1305229 1.0 5.3865129593759775
19542 1 180041 1.0 2.522650989703834
19543 1 514002 1.0 7.284460007213056
19544 1 1993334 1.0 3.993069985881448
19545 1 994642 1.0 4.094677045941353
19546 1 1293234 1.0 3.834992996416986
19547 1 637718 1.0 4.843746079131961
19548 1 144380 1.0 4.842053051106632
19549 1 1188835 1.0 6.816837936639786
19550 1 51815 1.0 6.53276895172894
19551 1 1484583 1.0 7.483056979253888
19552 1 1138744 1.0 4.023264977149665
19553 1 1354046 1.0 2.6332850102335215
19554 1 623245 1.0 7.566455053165555
19555 1 1707516 1.0 2.6480320375412703
19556 1 568760 1.0 5.037530907429755
19557 1 1460884 1.0 4.723979975096881
19558 1 1414731 1.0 4.690991947427392
19559 1 551737 1.0 4.581245011650026
19560 1 988608 1.0 4.725684993900359
19561 1 1963585 1.0 5.216786987148225
19562 1 177910 1.0 2.55192699842155
19563 1 1559972 1.0 7.779887993820012
19564 1 16244 1.0 5.092679988592863
19565 1 263115 1.0 3.3166559878736734
19566 1 841427 1.0 4.683380015194416
19567 1 7768 1.0 6.343154003843665
19568 1 1157010 1.0 3.48048098385334
19569 1 1152290 1.0 5.286287050694227
19570 1 17371 1.0 4.652139963582158
19571 1 1964560 1.0 2.800930989906192
19572 1 1620549 1.0 5.305508966557682
19573 1 1245845 1.0 6.302194087766111
19574 1 1926271 1.0 7.71300308406353
19575 1 1459467 1.0 3.3899859990924597
19576 1 1036265 1.0 6.287391996011138
19577 1 1701359 1.0 5.24216506164521
19578 1 1809752 1.0 7.241423008963466
19579 1 2461082 1.0 7.003864040598273
19580 1 1559537 1.0 3.994437982328236
19581 1 1022341 1.0 4.425456980243325
19582 1 1257656 1.0 7.516743964515626
19583 1 1386180 1.0 8.176198927685618
19584 1 1066161 1.0 4.443346057087183
19585 1 1596275 1.0 2.6247199857607484
19586 1 1390780 1.0 6.660269922576845
19587 1 63607 1.0 4.990982939489186
19588 1 1525955 1.0 4.793091909959912
19589 1 2017032 1.0 3.8382080383598804
19590 1 554 1.0 4.1299579897895455
19591 1 112558 1.0 5.502576008439064
19592 1 2431105 1.0 3.9918620605021715
19593 1 1623659 1.0 6.656945100985467
19594 1 1653250 1.0 6.683616084046662
19595 1 1203141 1.0 7.2049080627039075
19596 1 532559 1.0 2.193960011936724
19597 1 49570 1.0 4.880887106992304
19598 1 1966521 1.0 4.957349970936775
19599 1 982770 1.0 5.541007965803146
19600 1 668178 1.0 5.664609954692423
19601 1 1857925 1.0 6.414531031623483
19602 1 1692090 1.0 4.847242031246424
19603 1 667224 1.0 4.765324993059039
19604 1 1443132 1.0 7.277649012394249
19605 1 1970452 1.0 7.508142036385834
19606 1 1205557 1.0 7.536912919022143
19607 1 52587 1.0 5.157512030564249
19608 1 1696536 1.0 4.579011001624167
19609 1 20127 1.0 3.4210950834676623
19610 1 165354 1.0 2.4347169091925025
19611 1 493726 1.0 6.339158047921956
19612 1 1133701 1.0 7.582001970149577
19613 1 1554038 1.0 2.375875017605722
19614 1 1477396 1.0 5.182553082704544
19615 1 1727670 1.0 8.42637603636831
19616 1 1525271 1.0 5.982617964036763
19617 1 1671525 1.0 3.3929749624803662
19618 1 1634021 1.0 3.8835969753563404
19619 1 2408491 1.0 5.24911901447922
19620 1 902044 1.0 1.9044940127059817
19621 1 555092 1.0 6.238128989934921
19622 1 720777 1.0 6.569051998667419
19623 1 926675 1.0 4.783525015227497
19624 1 1038309 1.0 5.627291044220328
19625 1 661782 1.0 5.49079105257988
19626 1 1405030 1.0 5.200078943744302
19627 1 788564 1.0 4.999179975129664
19628 1 355337 1.0 5.219629965722561
19629 1 36592 1.0 2.803136012516916
19630 1 450851 1.0 3.8069470319896936
19631 1 1129085 1.0 2.887147944420576
19632 1 2288541 1.0 4.162375931628048
19633 1 1052636 1.0 6.538920919410884
19634 1 1645355 1.0 2.758538001216948
19635 1 1002893 1.0 8.170147892087698
19636 1 412414 1.0 6.758404080756009
19637 1 100475 1.0 2.681202022358775
19638 1 800044 1.0 2.860815031453967
19639 1 484104 1.0 7.767428993247449
19640 1 1797947 1.0 4.866868956014514
19641 1 1966368 1.0 5.903074983507395
19642 1 2118253 1.0 3.5532789770513773
19643 1 1472212 1.0 3.1735830707475543
19644 1 1889742 1.0 2.5300190318375826
19645 1 545622 1.0 4.8589149955660105
19646 1 1510019 1.0 4.779065027832985
19647 1 845146 1.0 7.701808935962617
19648 1 350349 1.0 4.97689307667315
19649 1 1761994 1.0 5.268702981993556
19650 1 1700313 1.0 1.8572710687294602
19651 1 1450598 1.0 5.377931986004114
19652 1 636227 1.0 3.709609038196504
19653 1 1525313 1.0 6.859901011921465
19654 1 134926 1.0 2.732575056143105
19655 1 1935716 1.0 3.731519915163517
19656 1 1777440 1.0 7.100035902112722
19657 1 629475 1.0 4.633723059669137
19658 1 1548489 1.0 3.778901998884976
19659 1 1648262 1.0 4.677206976339221
19660 1 1390870 1.0 4.718402051366866
19661 1 573767 1.0 2.2652980405837297
19662 1 607183 1.0 6.172826047986746
19663 1 276166 1.0 4.6951910480856895
19664 1 455710 1.0 5.080364062450826
19665 1 1681451 1.0 4.648662987165153
19666 1 1452856 1.0 7.607862004078925
19667 1 2227390 1.0 2.6893080212175846
19668 1 1015351 1.0 7.425519055686891
19669 1 595544 1.0 3.718946943990886
19670 1 1163859 1.0 6.783065036870539
19671 1 1817635 1.0 2.4042099248617887
19672 1 844396 1.0 7.507484988309443
19673 1 2052126 1.0 6.065192981623113
19674 1 1960283 1.0 5.307040992192924
19675 1 1462348 1.0 7.63851695228368
19676 1 1433850 1.0 8.513390901498497
19677 1 1333315 1.0 7.491762051358819
19678 1 1585765 1.0 2.9294739942997694
19679 1 1334536 1.0 2.9761679470539093
19680 1 1908876 1.0 4.988625994883478
19681 1 1530606 1.0 6.647787056863308
19682 1 821624 1.0 3.9015410002321005
19683 1 1874633 1.0 8.108373964205384
19684 1 1050476 1.0 6.609014933928847
19685 1 402044 1.0 2.695207018405199
19686 1 113541 1.0 2.5081459898501635
19687 1 1474766 1.0 3.5541070392355323
19688 1 1970343 1.0 6.887007970362902
19689 1 508514 1.0 2.4092679377645254
19690 1 438864 1.0 6.719575962051749
19691 1 29077 1.0 2.4504350731149316
19692 1 1497340 1.0 6.6363230580464005
19693 1 2197097 1.0 3.8972649490460753
19694 1 323333 1.0 1.7527149757370353
19695 1 311677 1.0 5.525031941942871
19696 1 25772 1.0 5.398384062573314
19697 1 927867 1.0 4.71427699085325
19698 1 316806 1.0 2.3636629339307547
19699 1 1920635 1.0 2.643579035066068
19700 1 1543129 1.0 2.839986002072692
19701 1 1049305 1.0 4.77250199764967
19702 1 1951755 1.0 6.36014505289495
19703 1 1959452 1.0 4.602306988090277
19704 1 825354 1.0 5.238752928562462
19705 1 1439281 1.0 5.2852139342576265
19706 1 1673260 1.0 3.456106991507113
19707 1 161903 1.0 2.52246402669698
19708 1 574994 1.0 3.8564199348911643
19709 1 438777 1.0 3.4646609565243125
19710 1 482244 1.0 6.920273997820914
19711 1 1943974 1.0 6.423156009986997
19712 1 1401153 1.0 5.318160983733833
19713 1 198513 1.0 6.881527020595968
19714 1 1522204 1.0 7.006525062024593
19715 1 78960 1.0 4.638705053366721
19716 1 627369 1.0 6.337619968689978
19717 1 1150187 1.0 3.3377240179106593
19718 1 1566354 1.0 2.7755709597840905
19719 1 279274 1.0 3.7510140100494027
19720 1 2445311 1.0 2.5192779721692204
19721 1 514952 1.0 5.749579053372145
19722 1 520448 1.0 6.981185055337846
19723 1 1157097 1.0 7.706466945819557
19724 1 2443565 1.0 5.8069550432264805
19725 1 9370 1.0 3.1231429893523455
19726 1 1681235 1.0 4.150709020905197
19727 1 1694648 1.0 5.313522997312248
19728 1 2263425 1.0 2.4847540771588683
19729 1 1712389 1.0 7.345651043578982
19730 1 825213 1.0 2.084602019749582
19731 1 860074 1.0 6.391660077497363
19732 1 1517334 1.0 4.050306044518948
19733 1 1141290 1.0 7.2838240303099155
19734 1 153591 1.0 2.6250899536535144
19735 1 538231 1.0 7.216188940219581
19736 1 2013745 1.0 2.5326459435746074
19737 1 336878 1.0 4.111330956220627
19738 1 443482 1.0 5.444612936116755
19739 1 615938 1.0 3.6189010133966804
19740 1 1323297 1.0 4.061807994730771
19741 1 840307 1.0 6.475998903624713
19742 1 1573523 1.0 7.012353977188468
19743 1 348342 1.0 3.405841998755932
19744 1 433560 1.0 2.467034966684878
19745 1 579894 1.0 3.2966950675472617
19746 1 154336 1.0 3.574148053303361
19747 1 1100508 1.0 6.93273707292974
19748 1 1991438 1.0 3.4216439817100763
19749 1 146178 1.0 3.8585460279136896
19750 1 1424125 1.0 3.4468419617041945
19751 1 1960511 1.0 3.085899050347507
19752 1 933564 1.0 5.193609045818448
19753 1 1698938 1.0 3.7326429737731814
19754 1 1700783 1.0 2.3139530094340444
19755 1 831479 1.0 7.308772997930646
19756 1 1730116 1.0 3.955924999900162
19757 1 2054193 1.0 4.533355939202011
19758 1 807512 1.0 6.914302008226514
19759 1 407040 1.0 7.333814981393516
19760 1 1079575 1.0 3.5921100061386824
19761 1 1284789 1.0 6.4481389708817005
19762 1 1484196 1.0 5.319364019669592
19763 1 1558501 1.0 6.995280040428042
19764 1 941660 1.0 4.55751596018672
19765 1 1931401 1.0 4.8803710378706455
19766 1 615479 1.0 3.5066120326519012
19767 1 897875 1.0 2.5157169438898563
19768 1 1802825 1.0 5.229788017459214
19769 1 945410 1.0 3.9266940439119935
19770 1 1230648 1.0 2.3052539909258485
19771 1 663998 1.0 7.70156504586339
19772 1 1157306 1.0 8.644778048619628
19773 1 1633746 1.0 5.049562081694603
19774 1 1660933 1.0 5.071151070296764
19775 1 385751 1.0 8.416175027377903
19776 1 1935548 1.0 3.7286150036379695
19777 1 2052325 1.0 7.247186033055186
19778 1 1591326 1.0 7.991552003659308
19779 1 338641 1.0 6.581856054253876
19780 1 1001876 1.0 10.058271931484342
19781 1 1782283 1.0 6.522478070110083
19782 1 2117593 1.0 2.6408249977976084
19783 1 1139464 1.0 6.523433024995029
19784 1 1040842 1.0 2.659655991010368
19785 1 1486796 1.0 8.331893011927605
19786 1 816293 1.0 5.136144929565489
19787 1 595854 1.0 4.674460971727967
19788 1 1019484 1.0 7.02005997300148
19789 1 1966453 1.0 4.490953986532986
19790 1 378089 1.0 7.686529075726867
19791 1 2067776 1.0 7.49297603033483
19792 1 154175 1.0 5.298694013617933
19793 1 1155677 1.0 5.429642042145133
19794 1 663830 1.0 4.516711924225092
19795 1 737656 1.0 7.517702993936837
19796 1 1613474 1.0 6.081528961658478
19797 1 541009 1.0 4.7860899940133095
19798 1 1687797 1.0 3.76895593944937
19799 1 1933285 1.0 2.520959940738976
19800 1 2347675 1.0 4.449077998287976
19801 1 1401885 1.0 4.709228058345616
19802 1 1537366 1.0 7.458069012500346
19803 1 544456 1.0 1.9282749854028225
19804 1 1574571 1.0 5.980752990581095
19805 1 63628 1.0 5.121644004248083
19806 1 76051 1.0 3.5793089773505926
19807 1 442540 1.0 2.190241008065641
19808 1 2457753 1.0 6.556053063832223
19809 1 1653710 1.0 3.531933994963765
19810 1 127288 1.0 6.556674954481423
19811 1 1609829 1.0 4.416850977577269
19812 1 1467127 1.0 6.882763002067804
19813 1 217184 1.0 2.4829780450090766
19814 1 493769 1.0 1.8783659907057881
19815 1 587387 1.0 3.427778952755034
19816 1 1518172 1.0 4.901102976873517
19817 1 1480128 1.0 2.5165730621665716
19818 1 1859291 1.0 3.5189050249755383
19819 1 741615 1.0 4.561220994219184
19820 1 1854123 1.0 2.5203899713233113
19821 1 1837750 1.0 2.8390659717842937
19822 1 856035 1.0 7.546021952293813
19823 1 828756 1.0 5.554066970944405
19824 1 29346 1.0 7.288199965842068
19825 1 535215 1.0 4.8500909470021725
19826 1 1630515 1.0 4.1117731016129255
19827 1 993435 1.0 3.060807939618826
19828 1 1790779 1.0 2.0649669459089637
19829 1 204100 1.0 3.1698980601504445
19830 1 2075647 1.0 5.419502966105938
19831 1 1564094 1.0 2.0091410260647535
19832 1 1605855 1.0 7.9867750173434615
19833 1 278254 1.0 2.632010029628873
19834 1 382195 1.0 3.9397469954565167
19835 1 177701 1.0 4.867758019827306
19836 1 764809 1.0 6.654396071098745
19837 1 107434 1.0 6.371226976625621
19838 1 215244 1.0 4.016501014120877
19839 1 539377 1.0 6.481164018623531
19840 1 1530699 1.0 7.575797964818776
19841 1 578349 1.0 3.6327940179035068
19842 1 2259218 1.0 2.5631970493122935
19843 1 1091117 1.0 9.903948986902833
19844 1 457167 1.0 7.75156996678561
19845 1 1298671 1.0 6.897856015712023
19846 1 798864 1.0 2.3666879860684276
19847 1 1688324 1.0 4.751916043460369
19848 1 1901523 1.0 7.017320021986961
19849 1 1881099 1.0 6.360117928124964
19850 1 1733453 1.0 7.474611978977919
19851 1 1622112 1.0 5.363698001019657
19852 1 153838 1.0 4.796343971975148
19853 1 451892 1.0 3.531245980411768
19854 1 586936 1.0 2.7549410006031394
19855 1 1048300 1.0 3.8274460239335895
19856 1 1459513 1.0 3.834707080386579
19857 1 1428768 1.0 11.094541987404227
19858 1 1124161 1.0 14.23451502341777
19859 1 1729446 1.0 11.128333979286253
19860 1 1573381 1.0 16.89529395662248
19861 1 1094414 1.0 17.480032984167337
19862 1 1124564 1.0 17.663650098256767
19863 1 1456361 1.0 9.49720002245158
19864 1 1879883 1.0 14.80945700313896
19865 1 1174746 1.0 17.661122023127973
19866 1 1163383 1.0 16.468956018798053
19867 1 2065432 1.0 15.026389039121568
19868 1 1126510 1.0 13.469757977873087
19869 1 2067549 1.0 12.613401981070638
19870 1 1174451 1.0 14.337118016555905
19871 1 1631573 1.0 16.25007193069905
19872 1 843291 1.0 15.179993002675474
19873 1 1194776 1.0 14.778708922676742
19874 1 603324 1.0 13.304527034051716
19875 1 1048813 1.0 13.239329913631082
19876 1 152921 1.0 9.570005000568926
19877 1 833818 1.0 18.553234986029565
19878 1 1962618 1.0 17.805514042265713
19879 1 1501798 1.0 14.768469030968845
19880 1 1504399 1.0 10.333070997148752
19881 1 845715 1.0 18.70371599216014
19882 1 1096255 1.0 15.639035031199455
19883 1 1283063 1.0 16.612395062111318
19884 1 1988310 1.0 11.099150055088103
19885 1 1491978 1.0 15.045189065858722
19886 1 1299886 1.0 7.813317934051156
19887 1 1269671 1.0 9.809723938815296
19888 1 1173411 1.0 10.945992893539369
19889 1 33344 1.0 11.261607054620981
19890 1 1191158 1.0 10.900738998316228
19891 1 839066 1.0 13.348779059015214
19892 1 1365137 1.0 16.837305040098727
19893 1 1542265 1.0 14.081427012570202
19894 1 1215663 1.0 16.582444892264903
19895 1 1610405 1.0 11.980529990978539
19896 1 1089768 1.0 19.167012069374323
19897 1 1632036 1.0 10.26166696101427
19898 1 851837 1.0 16.884137061424553
19899 1 1507531 1.0 11.617815005593002
19900 1 1527226 1.0 14.094267040491104
19901 1 641300 1.0 14.962191926315427
19902 1 1164521 1.0 16.392500954680145
19903 1 1493782 1.0 15.01522702164948
19904 1 1533356 1.0 16.222769976593554
19905 1 1243294 1.0 9.767808020114899
19906 1 1128352 1.0 13.629297027364373
19907 1 1781804 1.0 9.607268963009119
19908 1 1921208 1.0 11.247710906900465
19909 1 1136905 1.0 16.890469007194042
19910 1 1436747 1.0 14.75692295935005
19911 1 465217 1.0 13.892067945562303
19912 1 1488076 1.0 15.127963037230074
19913 1 1513909 1.0 15.200720052234828
19914 1 1138292 1.0 15.748645993880928
19915 1 1319078 1.0 11.733734980225563
19916 1 1569239 1.0 17.831763019785285
19917 1 510128 1.0 14.15043801534921
19918 1 1197723 1.0 9.458546061068773
19919 1 1249373 1.0 13.316611992195249
19920 1 1162168 1.0 12.263778946362436
19921 1 719975 1.0 9.947009035386145
19922 1 1034298 1.0 15.259330975823104
19923 1 1153684 1.0 14.074141974560916
19924 1 1190579 1.0 17.73679198231548
19925 1 1208583 1.0 13.159308931790292
19926 1 2031117 1.0 16.72545599285513
19927 1 1515569 1.0 14.7346860030666
19928 1 1036527 1.0 11.11572899390012
19929 1 408596 1.0 14.12435807287693
19930 1 1514296 1.0 10.116865043528378
19931 1 1193028 1.0 6.962590967305005
19932 1 2053083 1.0 16.994216945022345
19933 1 543972 1.0 19.114620983600616
19934 1 892654 1.0 17.73434109054506
19935 1 1256914 1.0 18.277415074408054
19936 1 819383 1.0 9.061630931682885
19937 1 854043 1.0 15.095605980604887
19938 1 34287 1.0 9.177088970318437
19939 1 1157296 1.0 18.265671911649406
19940 1 625429 1.0 7.81721796374768
19941 1 1209707 1.0 13.864143984392285
19942 1 1057319 1.0 11.174893006682396
19943 1 1170346 1.0 14.104166999459267
19944 1 813437 1.0 15.98704990465194
19945 1 1079947 1.0 11.83890097308904
19946 1 1408060 1.0 16.84444199781865
19947 1 1420848 1.0 9.135768050327897
19948 1 1452559 1.0 13.60107003711164
19949 1 1458901 1.0 18.516491982154548
19950 1 1951906 1.0 13.637330965138972
19951 1 1042891 1.0 10.269835009239614
19952 1 1438077 1.0 16.997374943457544
19953 1 1298662 1.0 17.04533107113093
19954 1 2071149 1.0 7.880965946242213
19955 1 1688720 1.0 13.751961989328265
19956 1 1628641 1.0 12.120735947974026
19957 1 1057239 1.0 14.20335506554693
19958 1 1054451 1.0 9.048376930877566
19959 1 1293812 1.0 9.934584959410131
19960 1 392947 1.0 16.71753905247897
19961 1 608916 1.0 16.842286102473736
19962 1 1476461 1.0 11.901946039870381
19963 1 1113015 1.0 9.663072996772826
19964 1 1476504 1.0 14.09403805155307
19965 1 1086920 1.0 12.896865955553949
19966 1 1069208 1.0 9.608960011973977
19967 1 1061442 1.0 15.724627999588847
19968 1 1117564 1.0 14.331007027067244
19969 1 2048973 1.0 15.1967330602929
19970 1 1498012 1.0 14.551913016475737
19971 1 1561432 1.0 15.831868979148567
19972 1 1576247 1.0 9.29753400851041
19973 1 625800 1.0 13.496002065949142
19974 1 1421325 1.0 13.221333036199212
19975 1 1189895 1.0 14.949950971640646
19976 1 2054654 1.0 16.49098109919578
19977 1 1115986 1.0 11.646912898868322
19978 1 2065226 1.0 16.461057937704027
19979 1 2265563 1.0 16.47548098117113
19980 1 2051698 1.0 11.560198036022484
19981 1 1085550 1.0 15.938300057314336
19982 1 1492745 1.0 22.62112300377339
19983 1 263543 1.0 7.638351991772652
19984 1 936003 1.0 8.718342985957861
19985 1 1134064 1.0 11.063087033107877
19986 1 1150134 1.0 18.65145401097834
19987 1 1468002 1.0 16.1948170280084
19988 1 1640840 1.0 9.421388967894018
19989 1 1088439 1.0 12.453141040168703
19990 1 1056639 1.0 12.652001925744116
19991 1 1309616 1.0 15.743670053780079
19992 1 423140 1.0 14.10456106532365
19993 1 552890 1.0 9.559625061228871
19994 1 1001306 1.0 17.16735796071589
19995 1 1207194 1.0 9.010546025820076
19996 1 1411799 1.0 11.30384101998061
19997 1 1148944 1.0 11.18010189384222
19998 1 1053982 1.0 10.890286066569388
19999 1 2052406 1.0 14.29261895827949
20000 1 1176964 1.0 10.629617958329618
20001 1 923512 1.0 10.96709503326565
20002 1 2074858 1.0 15.895323944278061
20003 1 1047800 1.0 16.693125944584608
20004 1 1191703 1.0 9.207286988385022
20005 1 1414942 1.0 23.732554051093757
20006 1 1576570 1.0 15.666267019696534
20007 1 1428540 1.0 17.010843963362277
20008 1 1370074 1.0 13.767442083917558
20009 1 1630931 1.0 11.923372047021985
20010 1 1759994 1.0 12.79030495788902
20011 1 1246668 1.0 17.722715041600168
20012 1 921102 1.0 11.984969023615122
20013 1 1510411 1.0 11.354448972269893
20014 1 1539137 1.0 13.43470299616456
20015 1 1239995 1.0 12.241633958183229
20016 1 1424804 1.0 12.60389806702733
20017 1 1197187 1.0 14.619067078456283
20018 1 1178970 1.0 14.69668303616345
20019 1 1672813 1.0 11.993724037893116
20020 1 1610127 1.0 13.000250910408795
20021 1 2090232 1.0 11.023254948668182
20022 1 1022418 1.0 14.183255028910935
20023 1 579377 1.0 16.927769058384
20024 1 1566119 1.0 13.579173013567924
20025 1 471070 1.0 9.721075999550521
20026 1 1429080 1.0 15.303267049603164
20027 1 2077403 1.0 14.074945007450879
20028 1 2072588 1.0 10.499145020730793
20029 1 1043648 1.0 14.177793986164033
20030 1 1178843 1.0 9.407980018295348
20031 1 818448 1.0 16.446919995360076
20032 1 522108 1.0 11.997106950730085
20033 1 1308616 1.0 16.91366801969707
20034 1 981481 1.0 14.98303608968854
20035 1 1628845 1.0 9.327544015832245
20036 1 630559 1.0 13.888692948967218
20037 1 1102017 1.0 14.618514920584857
20038 1 1458592 1.0 13.993159984238446
20039 1 2090041 1.0 13.134690001606941
20040 1 885774 1.0 11.223256005905569
20041 1 1021933 1.0 14.194080024026334
20042 1 2050492 1.0 12.098621926270425
20043 1 812105 1.0 16.188178909942508
20044 1 1205524 1.0 17.047159955836833
20045 1 579785 1.0 18.661431036889553
20046 1 996213 1.0 11.743074050173163
20047 1 1719127 1.0 17.75184297002852
20048 1 1167944 1.0 11.268064030446112
20049 1 2031339 1.0 16.18397794663906
20050 1 1528767 1.0 17.990052001550794
20051 1 828622 1.0 13.445762917399406
20052 1 1083194 1.0 16.025476972572505
20053 1 1509839 1.0 10.93739306088537
20054 1 1100058 1.0 11.968136997893453
20055 1 1368304 1.0 13.877843040972948
20056 1 1496958 1.0 17.019564984366298
20057 1 450648 1.0 15.139615046791732
20058 1 1064358 1.0 17.935951007530093
20059 1 1595415 1.0 16.13677595742047
20060 1 1109942 1.0 11.66477391961962
20061 1 1120180 1.0 18.854641006328166
20062 1 1693490 1.0 15.860588988289237
20063 1 2107785 1.0 15.77485294546932
20064 1 256350 1.0 17.462844029068947
20065 1 445516 1.0 16.11731294542551
20066 1 1467643 1.0 15.403508092276752
20067 1 398252 1.0 14.77831695228815
20068 1 631709 1.0 10.829451028257608
20069 1 1475721 1.0 16.508599976077676
20070 1 1537778 1.0 7.51785805914551
20071 1 1121857 1.0 13.7089240597561
20072 1 1182216 1.0 13.242676970548928
20073 1 1085461 1.0 9.569876012392342
20074 1 1114141 1.0 10.903191985562444
20075 1 1568911 1.0 10.79767697956413
20076 1 1212087 1.0 12.267983052879572
20077 1 1142994 1.0 16.788649023510516
20078 1 1064679 1.0 12.60432496201247
20079 1 536823 1.0 12.619083980098367
20080 1 1079198 1.0 17.790385987609625
20081 1 1150358 1.0 10.431073955260217
20082 1 1126764 1.0 11.718799942173064
20083 1 372997 1.0 9.432719089090824
20084 1 1056012 1.0 7.7670549508184195
20085 1 2074369 1.0 13.234628946520388
20086 1 1484093 1.0 17.033890006132424
20087 1 1597508 1.0 7.797208032570779
20088 1 1005284 1.0 11.255052057094872
20089 1 1552770 1.0 8.969374001026154
20090 1 993294 1.0 8.85891797952354
20091 1 571707 1.0 15.83163789473474
20092 1 1237955 1.0 11.810739059001207
20093 1 1707527 1.0 6.913483957760036
20094 1 1162539 1.0 13.210306991823018
20095 1 1769196 1.0 17.493669991381466
20096 1 1252468 1.0 11.873889015987515
20097 1 990652 1.0 9.137918008491397
20098 1 86948 1.0 11.952740955166519
20099 1 1614828 1.0 15.461117029190063
20100 1 1487358 1.0 9.41925693769008
20101 1 1824404 1.0 17.01179298106581
20102 1 2073619 1.0 17.39296200685203
20103 1 1022504 1.0 18.934566993266344
20104 1 2047806 1.0 16.791914007626474
20105 1 1033770 1.0 12.120506959035993
20106 1 1505491 1.0 14.458725927397609
20107 1 2107304 1.0 14.245048980228603
20108 1 1173168 1.0 16.386221977882087
20109 1 1182513 1.0 14.23625706229359
20110 1 1102165 1.0 13.97209893912077
20111 1 1395464 1.0 16.268349019810557
20112 1 1045325 1.0 16.154750948771834
20113 1 1107789 1.0 12.81928294338286
20114 1 1304774 1.0 12.662091990932822
20115 1 1197223 1.0 12.667587026953697
20116 1 1502970 1.0 14.752228977158666
20117 1 1105809 1.0 11.876674019731581
20118 1 2358441 1.0 16.689931973814964
20119 1 644062 1.0 15.069411951117218
20120 1 1571196 1.0 18.088949960656464
20121 1 1521221 1.0 9.716375032439828
20122 1 1028234 1.0 11.60829805303365
20123 1 1028280 1.0 8.561460999771953
20124 1 239107 1.0 10.794132016599178
20125 1 1079001 1.0 12.653650948777795
20126 1 2220554 1.0 11.92643993999809
20127 1 1126862 1.0 18.204158986918628
20128 1 995212 1.0 8.917485014535487
20129 1 1024352 1.0 17.19682104885578
20130 1 1451298 1.0 10.772618930786848
20131 1 1305469 1.0 16.03666099254042
20132 1 1050870 1.0 11.757601983845234
20133 1 1564432 1.0 16.196419950574636
20134 1 1206531 1.0 9.40019404515624
20135 1 580181 1.0 11.59146602731198
20136 1 1460635 1.0 17.456269008107483
20137 1 453355 1.0 10.06163191050291
20138 1 991158 1.0 9.366618935018778
20139 1 1106055 1.0 11.157299974001944
20140 1 1424265 1.0 9.06455994118005
20141 1 1164264 1.0 16.79597597103566
20142 1 376870 1.0 8.97856499068439
20143 1 1619365 1.0 14.938531909137964
20144 1 2370393 1.0 11.817836901172996
20145 1 1232654 1.0 9.563690051436424
20146 1 1269969 1.0 11.394246947020292
20147 1 1574316 1.0 12.805349892005324
20148 1 1339893 1.0 17.812554026022553
20149 1 1440554 1.0 9.35141195077449
20150 1 2072930 1.0 16.960019944235682
20151 1 1789510 1.0 11.959012947045267
20152 1 281276 1.0 14.28779005073011
20153 1 1136133 1.0 17.542178044095635
20154 1 2083932 1.0 12.009264901280403
20155 1 1421853 1.0 17.61250407435
20156 1 2036265 1.0 10.425637010484934
20157 1 1551155 1.0 10.241194046102464
20158 1 852185 1.0 17.026462010107934
20159 1 479062 1.0 9.088512044399977
20160 1 1572228 1.0 17.439067014493048
20161 1 1467504 1.0 15.70307498332113
20162 1 1324434 1.0 12.18637905549258
20163 1 2072573 1.0 13.242408982478082
20164 1 1165450 1.0 9.139989968389273
20165 1 1409159 1.0 11.433835956268013
20166 1 1043331 1.0 12.91100902017206
20167 1 1282038 1.0 13.153271982446313
20168 1 1091233 1.0 15.93210396822542
20169 1 607203 1.0 9.621211094781756
20170 1 2071181 1.0 13.987932004965842
20171 1 2388539 1.0 17.651704023592174
20172 1 672040 1.0 10.382710956037045
20173 1 1186695 1.0 17.766291042789817
20174 1 988470 1.0 14.177372097037733
20175 1 1801693 1.0 10.184130049310625
20176 1 962529 1.0 18.509407993406057
20177 1 1066361 1.0 15.056606032885611
20178 1 1062980 1.0 11.24415104277432
20179 1 988921 1.0 16.963691916316748
20180 1 661986 1.0 18.78402300644666
20181 1 1292114 1.0 11.693356093019247
20182 1 2059304 1.0 16.264094039797783
20183 1 1497729 1.0 9.726212942041457
20184 1 1360342 1.0 14.959644991904497
20185 1 1175858 1.0 11.149587924592197
20186 1 1491645 1.0 7.685868069529533
20187 1 1166946 1.0 14.053322956897318
20188 1 450564 1.0 14.881337061524391
20189 1 571295 1.0 14.500483986921608
20190 1 1507594 1.0 15.050473972223699
20191 1 1148171 1.0 17.83423696178943
20192 1 1988018 1.0 12.853591004386544
20193 1 618010 1.0 14.000536990351975
20194 1 1570527 1.0 16.52280695270747
20195 1 1474459 1.0 14.008494094014168
20196 1 1083035 1.0 16.291350941173732
20197 1 1945948 1.0 9.928482002578676
20198 1 2049355 1.0 16.094311024062335
20199 1 1161261 1.0 14.069934957660735
20200 1 1149221 1.0 9.91272204555571
20201 1 1193796 1.0 15.061798971146345
20202 1 1629943 1.0 9.076323010958731
20203 1 1459219 1.0 9.899517986923456
20204 1 1547738 1.0 13.83838604670018
20205 1 2056621 1.0 13.236589031293988
20206 1 2046418 1.0 14.32022696826607
20207 1 1129191 1.0 12.874052976258099
20208 1 1510409 1.0 17.240451998077333
20209 1 1407503 1.0 15.016798977740109
20210 1 1694849 1.0 14.993730932474136
20211 1 2066896 1.0 15.698338975198567
20212 1 1895760 1.0 14.74653510376811
20213 1 1525244 1.0 7.244593929499388
20214 1 1456172 1.0 9.118551039136946
20215 1 2387579 1.0 11.31608197465539
20216 1 1473677 1.0 14.225075952708721
20217 1 1432162 1.0 7.942331023514271
20218 1 1107771 1.0 16.0467290552333
20219 1 2090909 1.0 11.621491983532906
20220 1 1268764 1.0 9.484309004619718
20221 1 2375122 1.0 8.902664994820952
20222 1 1125873 1.0 16.517771990038455
20223 1 1510419 1.0 13.3397449972108
20224 1 781011 1.0 7.927623111754656
20225 1 1072178 1.0 12.397730024531484
20226 1 2088547 1.0 15.113886911422014
20227 1 1122540 1.0 15.736293978989124
20228 1 1507143 1.0 14.27517191041261
20229 1 1293290 1.0 14.786088024266064
20230 1 1553144 1.0 12.56743900012225
20231 1 1033573 1.0 14.447584981098771
20232 1 1448292 1.0 14.894681982696056
20233 1 1143751 1.0 9.160034009255469
20234 1 549116 1.0 12.081669992767274
20235 1 2070508 1.0 17.214062972925603
20236 1 938459 1.0 9.754361934028566
20237 1 1030135 1.0 15.146584017202258
20238 1 1700503 1.0 7.0083290338516235
20239 1 1461390 1.0 14.278773916885257
20240 1 1501208 1.0 17.087543033994734
20241 1 1976063 1.0 11.146105010993779
20242 1 1504159 1.0 16.85639494098723
20243 1 1299997 1.0 14.73562407772988
20244 1 533809 1.0 10.02718391828239
20245 1 1161297 1.0 12.275572051294148
20246 1 1616488 1.0 9.566002991050482
20247 1 1300263 1.0 12.132041971199214
20248 1 1798226 1.0 15.995014924556017
20249 1 2083385 1.0 16.089288983494043
20250 1 1038024 1.0 10.388389928266406
20251 1 1697265 1.0 11.978354072198272
20252 1 1697882 1.0 14.738327939994633
20253 1 2071944 1.0 18.010708037763834
20254 1 1091777 1.0 17.75328000076115
20255 1 1519718 1.0 13.298174017108977
20256 1 1487968 1.0 11.898270924575627
20257 1 659486 1.0 11.665128055028617
20258 1 1302197 1.0 14.628421980887651
20259 1 1532561 1.0 15.994754969142377
20260 1 566618 1.0 12.084704940207303
20261 1 1620115 1.0 13.75402300618589
20262 1 1490121 1.0 9.947638027369976
20263 1 1007110 1.0 16.391422017477453
20264 1 2140241 1.0 12.232831097207963
20265 1 1281360 1.0 11.30093599203974
20266 1 669088 1.0 13.15489993430674
20267 1 439328 1.0 9.355484042316675
20268 1 1331962 1.0 17.89025100879371
20269 1 628002 1.0 15.112769091501832
20270 1 2055011 1.0 14.270245097577572
20271 1 1559835 1.0 16.346001997590065
20272 1 140734 1.0 9.62746690493077
20273 1 572955 1.0 8.88998608570546
20274 1 1470810 1.0 13.380902004428208
20275 1 1729531 1.0 9.001006023027003
20276 1 617908 1.0 13.56205705087632
20277 1 1056543 1.0 9.764782036654651
20278 1 87063 1.0 12.132490053772926
20279 1 857576 1.0 15.141743002459407
20280 1 1313861 1.0 14.329466037452221
20281 1 2075049 1.0 9.485444985330105
20282 1 1427075 1.0 14.234222006052732
20283 1 1413391 1.0 10.396606056019664
20284 1 1515500 1.0 14.219114906154573
20285 1 1257697 1.0 10.452580987475812
20286 1 1484092 1.0 15.595674980431795
20287 1 1475265 1.0 8.071164949797094
20288 1 1497713 1.0 20.698177977465093
20289 1 1179081 1.0 13.285901048220694
20290 1 1161698 1.0 8.010067977011204
20291 1 1463784 1.0 13.692051987163723
20292 1 1161904 1.0 9.193656966090202
20293 1 1520479 1.0 13.484829920344055
20294 1 1385030 1.0 15.079878037795424
20295 1 2072602 1.0 15.098836040124297
20296 1 2068216 1.0 16.240776050835848
20297 1 2049233 1.0 11.959180003032088
20298 1 1445206 1.0 17.119399970397353
20299 1 1909000 1.0 6.873583071865141
20300 1 1376952 1.0 14.314634958282113
20301 1 2346850 1.0 9.212183998897672
20302 1 455920 1.0 9.658736060373485
20303 1 1189677 1.0 11.161593021824956
20304 1 1129824 1.0 19.940042053349316
20305 1 1798381 1.0 21.766829071566463
20306 1 1172565 1.0 14.863288961350918
20307 1 1057561 1.0 16.022452036850154
20308 1 1369454 1.0 16.20638300664723
20309 1 1083446 1.0 12.539888033643365
20310 1 829674 1.0 12.596363900229335
20311 1 1458906 1.0 16.61728706676513
20312 1 1427253 1.0 15.107012004591525
20313 1 1615515 1.0 16.88577199820429
20314 1 531514 1.0 18.47295102197677
20315 1 1005418 1.0 11.860083090141416
20316 1 1573425 1.0 17.569596995599568
20317 1 1150120 1.0 20.04918991588056
20318 1 1802224 1.0 12.80674000736326
20319 1 1120384 1.0 21.892945980653167
20320 1 2030360 1.0 15.566707006655633
20321 1 1015889 1.0 10.153071023523808
20322 1 2030288 1.0 15.743157011456788
20323 1 1104099 1.0 15.075083007104695
20324 1 1856807 1.0 14.775014948099852
20325 1 2097153 1.0 18.528545973822474
20326 1 1518853 1.0 14.953843085095286
20327 1 844764 1.0 10.148694971576333
20328 1 634719 1.0 13.502537971362472
20329 1 148739 1.0 12.087529990822077
20330 1 1598742 1.0 9.68936295248568
20331 1 1146840 1.0 11.847244924865663
20332 1 566111 1.0 11.386114987544715
20333 1 1029116 1.0 16.921589034609497
20334 1 2051795 1.0 17.09905208554119
20335 1 1043859 1.0 15.700667048804462
20336 1 1108918 1.0 19.914690987206995
20337 1 1568475 1.0 11.996707995422184
20338 1 1917356 1.0 17.61222002096474
20339 1 779742 1.0 11.3040889846161
20340 1 2031805 1.0 20.245579071342945
20341 1 1017274 1.0 17.79302500654012
20342 1 1070767 1.0 12.336155050434172
20343 1 2426641 1.0 14.704546891152859
20344 1 1482760 1.0 18.116071936674416
20345 1 1780156 1.0 13.9416609890759
20346 1 2033261 1.0 16.812587971799076
20347 1 1480466 1.0 14.168828958645463
20348 1 1376617 1.0 14.30766808334738
20349 1 479744 1.0 16.869841958396137
20350 1 1024352 1.0 18.02600990049541
20351 1 1241600 1.0 19.084528903476894
20352 1 842522 1.0 12.722638086415827
20353 1 400388 1.0 13.978681992739439
20354 1 857519 1.0 17.03157799784094
20355 1 1487290 1.0 16.944419941864908
20356 1 1053003 1.0 16.608312027528882
20357 1 2105845 1.0 20.757967955432832
20358 1 1121695 1.0 25.882242945954204
20359 1 1189741 1.0 21.308604045771062
20360 1 1207149 1.0 18.04669899865985
20361 1 1407415 1.0 20.553222042508423
20362 1 899869 1.0 21.7092779930681
20363 1 207794 1.0 18.741413950920105
20364 1 1024204 1.0 18.205413012765348
20365 1 1034272 1.0 24.99917894601822
20366 1 2410137 1.0 20.19008994102478
20367 1 1131996 1.0 19.29253397975117
20368 1 2071342 1.0 18.17686192225665
20369 1 1473408 1.0 24.12652608472854
20370 1 2109090 1.0 20.83844691514969
20371 1 542971 1.0 16.979877022095025
20372 1 1176195 1.0 22.485601948574185
20373 1 2071588 1.0 22.155996062792838
20374 1 1008622 1.0 21.803712006658316
20375 1 1100880 1.0 20.350222010165453
20376 1 1172872 1.0 21.889545023441315
20377 1 1123710 1.0 19.674203009344637
20378 1 1469357 1.0 19.877509912475944
20379 1 1004145 1.0 23.451737011782825
20380 1 2070030 1.0 22.429615957662463
20381 1 619664 1.0 18.229209003038704
20382 1 1571717 1.0 23.424700018949807
20383 1 2072761 1.0 21.892677061259747
20384 1 1572101 1.0 21.41429902985692
20385 1 1455628 1.0 17.770259990356863
20386 1 1129163 1.0 18.990200012922287
20387 1 1486876 1.0 18.144813016988337
20388 1 1469965 1.0 22.22289005294442
20389 1 1153502 1.0 19.70073697157204
20390 1 1044491 1.0 21.843219990842044
20391 1 2106965 1.0 20.976888947188854
20392 1 1135892 1.0 21.283603040501475
20393 1 1243543 1.0 19.48811300098896
20394 1 1634702 1.0 21.084124920889735
20395 1 2051687 1.0 18.669730983674526
20396 1 1007763 1.0 21.991222980432212
20397 1 1692139 1.0 19.425216945819557
20398 1 1071252 1.0 18.43860000371933
20399 1 827242 1.0 22.431774996221066
20400 1 1662739 1.0 21.934379008598626
20401 1 1260055 1.0 20.317069021984935
20402 1 1014940 1.0 20.89676505420357
20403 1 1431175 1.0 21.958154975436628
20404 1 822927 1.0 19.51825898140669
20405 1 1639841 1.0 18.61116208601743
20406 1 983070 1.0 18.648337922059
20407 1 1618829 1.0 21.377614000812173
20408 1 1450023 1.0 22.174915997311473
20409 1 2092369 1.0 20.925924996845424
20410 1 1593611 1.0 20.63994703348726
20411 1 2091420 1.0 20.059998030774295
20412 1 1649651 1.0 19.927114015445113
20413 1 2085925 1.0 24.063827004283667
20414 1 1317336 1.0 20.52098698914051
20415 1 1100792 1.0 25.74494108557701
20416 1 1174754 1.0 20.573371089994907
20417 1 2090292 1.0 24.164693895727396
20418 1 808401 1.0 21.359778009355068
20419 1 1438430 1.0 21.4021879946813
20420 1 1106841 1.0 20.947384065948427
20421 1 1206161 1.0 17.80094299465418
20422 1 1175534 1.0 22.546404972672462
20423 1 1860529 1.0 23.28093198593706
20424 1 2369394 1.0 20.540800062008202
20425 1 482105 1.0 20.763806998729706
20426 1 2030814 1.0 23.569278069771826
20427 1 1144386 1.0 17.554871970787644
20428 1 1669905 1.0 23.606076021678746
20429 1 1650524 1.0 18.98116897791624
20430 1 1380183 1.0 19.557978957891464
20431 1 1060306 1.0 19.344653002917767
20432 1 1126450 1.0 20.67396603524685
20433 1 595063 1.0 17.35428289975971
20434 1 1183965 1.0 17.39508891478181
20435 1 1162403 1.0 20.652372972108424
20436 1 2110738 1.0 24.076672038063407
20437 1 1128549 1.0 20.474692923016846
20438 1 1406278 1.0 22.899920935742557
20439 1 1053318 1.0 21.4279240462929
20440 1 1034736 1.0 23.03871209733188
20441 1 1416370 1.0 22.309093037620187
20442 1 1092682 1.0 20.021990058012307
20443 1 560945 1.0 20.146401948295534
20444 1 1162922 1.0 18.101902911439538
20445 1 1800467 1.0 21.64508297573775
20446 1 1556963 1.0 18.959276960231364
20447 1 1531939 1.0 22.246434004046023
20448 1 1070799 1.0 24.36110598500818
20449 1 1298151 1.0 21.198638016358018
20450 1 1487698 1.0 22.197159938514233
20451 1 427214 1.0 21.43536799121648
20452 1 604592 1.0 24.456319981254637
20453 1 1262147 1.0 21.20260999072343
20454 1 1045177 1.0 16.774825053289533
20455 1 1132230 1.0 19.644359941594303
20456 1 1076824 1.0 20.873714005574584
20457 1 1271605 1.0 18.20524106733501
20458 1 820054 1.0 19.770769053138793
20459 1 1076500 1.0 20.978612010367215
20460 1 2065099 1.0 19.514546962454915
20461 1 1104168 1.0 22.616197005845606
20462 1 1572366 1.0 23.067426052875817
20463 1 614742 1.0 20.44616499915719
20464 1 1459229 1.0 20.008309045806527
20465 1 1077596 1.0 23.422191967256367
20466 1 2070380 1.0 19.269682001322508
20467 1 1510224 1.0 23.30728294327855
20468 1 1528906 1.0 21.150575019419193
20469 1 1140387 1.0 18.064750009216368
20470 1 2292280 1.0 21.952074952423573
20471 1 999508 1.0 21.720845019444823
20472 1 847264 1.0 20.511589013040066
20473 1 1559521 1.0 23.43501802533865
20474 1 1451702 1.0 22.697575041092932
20475 1 2113183 1.0 21.1510700173676
20476 1 2072334 1.0 23.009632946923375
20477 1 1498253 1.0 22.180794971063733
20478 1 2087953 1.0 21.30449702963233
20479 1 1665412 1.0 18.5360349714756
20480 1 1556611 1.0 18.79906898830086
20481 1 2112084 1.0 18.58294999692589
20482 1 1513967 1.0 20.647869911044836
20483 1 834877 1.0 19.57336801569909
20484 1 1496688 1.0 23.352158023044467
20485 1 1442144 1.0 15.529851079918444
20486 1 1111424 1.0 21.959058940410614
20487 1 1099150 1.0 22.132080979645252
20488 1 1168695 1.0 19.5072409696877
20489 1 1576781 1.0 22.225197055377066
20490 1 2057114 1.0 18.590067978948355
20491 1 1433014 1.0 22.377794957719743
20492 1 1294849 1.0 19.615932018496096
20493 1 1558215 1.0 20.813792012631893
20494 1 1476656 1.0 21.96435898076743
20495 1 1314417 1.0 21.522207069210708
20496 1 1641232 1.0 24.705668911337852
20497 1 986309 1.0 21.94673498161137
20498 1 1060372 1.0 22.372683975845575
20499 1 1065139 1.0 21.966855973005295
20500 1 2048965 1.0 17.260181019082665
20501 1 853815 1.0 20.117745967581868
20502 1 1049940 1.0 19.320575054734945
20503 1 1621414 1.0 21.02506801020354
20504 1 1489152 1.0 23.905620095320046
20505 1 1163420 1.0 20.468360977247357
20506 1 1077928 1.0 19.990563043393195
20507 1 2092492 1.0 24.003172991797328
20508 1 1844938 1.0 24.427123018540442
20509 1 1228910 1.0 20.649226964451373
20510 1 1494494 1.0 19.63605999480933
20511 1 1206653 1.0 22.211340023204684
20512 1 2105902 1.0 21.3469120208174
20513 1 1140487 1.0 21.0936670191586
20514 1 1238640 1.0 19.541612011380494
20515 1 1135383 1.0 19.646718981675804
20516 1 1037810 1.0 20.502240979112685
20517 1 2106351 1.0 16.925267060287297
20518 1 834544 1.0 20.598661969415843
20519 1 1090432 1.0 20.946161006577313
20520 1 1177616 1.0 21.636239951476455
20521 1 1493855 1.0 23.23704701848328
20522 1 1001339 1.0 16.98318705894053
20523 1 959461 1.0 22.141730063594878
20524 1 1511053 1.0 20.657471963204443
20525 1 2053831 1.0 20.478904014453292
20526 1 1137048 1.0 21.70945005491376
20527 1 2067276 1.0 20.051622996106744
20528 1 1053511 1.0 20.205382024869323
20529 1 1070449 1.0 20.780908060260117
20530 1 2049858 1.0 20.85794508457184
20531 1 2091600 1.0 23.444908089004457
20532 1 1001548 1.0 21.328657981939614
20533 1 1297697 1.0 22.588975029066205
20534 1 1638451 1.0 23.270508972927928
20535 1 1000299 1.0 20.719374995678663
20536 1 1166143 1.0 25.289049022831023
20537 1 958904 1.0 24.241172010079026
20538 1 1136913 1.0 23.515993962064385
20539 1 1106921 1.0 20.005890051834285
20540 1 1555697 1.0 23.2679839245975
20541 1 1986794 1.0 26.565862935967743
20542 1 1146063 1.0 23.07648689020425
20543 1 815355 1.0 18.619007081724703
20544 1 1012652 1.0 24.88455199636519
20545 1 1073540 1.0 22.990075987763703
20546 1 517112 1.0 22.0757540082559
20547 1 1080866 1.0 23.438101983629167
20548 1 1432643 1.0 19.346463959664106
20549 1 1387975 1.0 19.796084030531347
20550 1 1001667 1.0 22.134711034595966
20551 1 2114359 1.0 18.062734976410866
20552 1 641150 1.0 19.010065938346088
20553 1 1262802 1.0 21.629919996485114
20554 1 861320 1.0 22.469713003374636
20555 1 1110501 1.0 23.90778297558427
20556 1 2078098 1.0 23.03369902074337
20557 1 1793441 1.0 24.64339998550713
20558 1 834203 1.0 21.55157399829477
20559 1 2073197 1.0 22.71897892933339
20560 1 1349103 1.0 22.26614800747484
20561 1 1152742 1.0 18.675075960345566
20562 1 1110253 1.0 19.79243301320821
20563 1 1108620 1.0 18.407188937999308
20564 1 838638 1.0 22.72242505569011
20565 1 2092238 1.0 22.58861204609275
20566 1 1492350 1.0 19.26876709330827
20567 1 2057627 1.0 21.73671405762434
20568 1 1206647 1.0 18.30473099835217
20569 1 1542717 1.0 18.639106070622802
20570 1 1519823 1.0 22.10829290561378
20571 1 640893 1.0 19.158618990331888
20572 1 1472990 1.0 21.106426022015512
20573 1 2053582 1.0 19.15793609805405
20574 1 1005539 1.0 20.64872405026108
20575 1 1868579 1.0 20.961191970854998
20576 1 2065255 1.0 21.811036043800414
20577 1 1555647 1.0 22.692288039252162
20578 1 1555116 1.0 21.891108015552163
20579 1 1003415 1.0 20.04941599443555
20580 1 1428769 1.0 20.94443200621754
20581 1 1247796 1.0 21.706525003537536
20582 1 2413762 1.0 20.80318599473685
20583 1 1022067 1.0 18.957308027893305
20584 1 2027241 1.0 22.214525029994547
20585 1 2056355 1.0 20.453755976632237
20586 1 1139676 1.0 22.312143933959305
20587 1 1071856 1.0 19.62002704385668
20588 1 2056616 1.0 18.962739035487175
20589 1 1628990 1.0 20.4091880004853
20590 1 1607541 1.0 22.797842975705862
20591 1 467531 1.0 21.611916017718613
20592 1 1246214 1.0 21.62480098195374
20593 1 395500 1.0 19.486519042402506
20594 1 1081377 1.0 20.852362038567662
20595 1 1306729 1.0 18.080132082104683
20596 1 1349374 1.0 19.194251974113286
20597 1 1290046 1.0 18.48096097819507
20598 1 1135385 1.0 20.489910035394132
20599 1 1160822 1.0 22.234834963455796
20600 1 1195086 1.0 21.59960090648383
20601 1 1605789 1.0 19.579172017984092
20602 1 1172712 1.0 22.975144907832146
20603 1 1182199 1.0 21.497118985280395
20604 1 1535139 1.0 19.438454997725785
20605 1 581057 1.0 21.56964293681085
20606 1 2091413 1.0 19.59262799937278
20607 1 2067018 1.0 18.480603932403028
20608 1 442752 1.0 21.758215967565775
20609 1 2050869 1.0 21.054457989521325
20610 1 2116526 1.0 20.897176931612194
20611 1 1167000 1.0 20.233214949257672
20612 1 1651531 1.0 23.038665065541863
20613 1 1002079 1.0 18.32622301299125
20614 1 1077514 1.0 19.787076977081597
20615 1 647013 1.0 21.37261093594134
20616 1 1532682 1.0 22.985576069913805
20617 1 1768395 1.0 20.312495063990355
20618 1 1865760 1.0 18.989982083439827
20619 1 1561140 1.0 22.469841060228646
20620 1 1793196 1.0 18.348515033721924
20621 1 825743 1.0 20.32018091995269
20622 1 561915 1.0 18.926920020021498
20623 1 623985 1.0 21.493587992154062
20624 1 2052087 1.0 21.14167297258973
20625 1 1618995 1.0 22.408143035136163
20626 1 1019627 1.0 22.966829012148082
20627 1 391947 1.0 20.145875052548945
20628 1 2085762 1.0 21.39105903916061
20629 1 1030229 1.0 20.717623992823064
20630 1 1431118 1.0 18.209636909887195
20631 1 2053578 1.0 16.80095901247114
20632 1 608795 1.0 17.794530955143273
20633 1 1625746 1.0 21.939459955319762
20634 1 1713536 1.0 21.22853498440236
20635 1 1054557 1.0 20.1149849453941
20636 1 1621427 1.0 23.148379987105727
20637 1 2090193 1.0 20.546977990306914
20638 1 1576392 1.0 20.22171497810632
20639 1 1137606 1.0 18.665517098270357
20640 1 1238190 1.0 20.783695043064654
20641 1 1499545 1.0 19.647566019557416
20642 1 2051059 1.0 19.176193047314882
20643 1 826607 1.0 18.94801203161478
20644 1 2076941 1.0 22.275030030868948
20645 1 998890 1.0 20.767890033312142
20646 1 1178413 1.0 20.8823709981516
20647 1 1969244 1.0 21.92786301020533
20648 1 1304173 1.0 22.98153401352465
20649 1 1628710 1.0 23.21219304576516
20650 1 1282470 1.0 20.087967975996435
20651 1 1605429 1.0 22.054924978874624
20652 1 2078571 1.0 19.707754021510482
20653 1 2073863 1.0 19.145412952639163
20654 1 979133 1.0 21.47948497440666
20655 1 2113145 1.0 17.780745052732527
20656 1 2086724 1.0 21.73246501479298
20657 1 1397175 1.0 22.13044499512762
20658 1 1055659 1.0 17.949949018657207
20659 1 869079 1.0 16.001621028408408
20660 1 991866 1.0 18.642837996594608
20661 1 1031999 1.0 21.130479988642037
20662 1 1086583 1.0 21.82553196325898
20663 1 1652217 1.0 21.489845938049257
20664 1 1167021 1.0 21.673767012543976
20665 1 1983803 1.0 22.17292902059853
20666 1 1025308 1.0 20.55599493905902
20667 1 1273972 1.0 20.816938020288944
20668 1 1555954 1.0 20.856546005234122
20669 1 1421622 1.0 19.629138056188822
20670 1 997907 1.0 19.1992869367823
20671 1 1671807 1.0 21.886424045078456
20672 1 1652868 1.0 18.914010957814753
20673 1 1101968 1.0 22.816170006990433
20674 1 2112131 1.0 22.334974026307464
20675 1 1061772 1.0 17.17490190640092
20676 1 1652200 1.0 22.724392940290272
20677 1 1017990 1.0 19.508896046318114
20678 1 1031999 1.0 20.62268101144582
20679 1 1056486 1.0 19.720542011782527
20680 1 1051542 1.0 17.66300294548273
20681 1 1357528 1.0 20.04964801017195
20682 1 2060374 1.0 17.28035998530686
20683 1 1159018 1.0 22.51644094940275
20684 1 1477899 1.0 19.39934294205159
20685 1 1069082 1.0 19.673423026688397
20686 1 78121 1.0 19.715899019502103
20687 1 1125618 1.0 23.918383987620473
20688 1 1033701 1.0 17.645219922997057
20689 1 820351 1.0 21.58923598472029
20690 1 2067477 1.0 18.755055032670498
20691 1 1841823 1.0 21.145264036022127
20692 1 1062307 1.0 19.77639109827578
20693 1 2087250 1.0 19.574797013774514
20694 1 1442417 1.0 22.29880099184811
20695 1 2089630 1.0 20.830071065574884
20696 1 2085834 1.0 20.52327198907733
20697 1 839634 1.0 19.799742032773793
20698 1 1056438 1.0 17.912990995682776
20699 1 1432768 1.0 25.113007985055447
20700 1 1120028 1.0 17.478453926742077
20701 1 2087128 1.0 23.546520969830453
20702 1 1570172 1.0 22.775175981223583
20703 1 2050871 1.0 23.242113064043224
20704 1 1155425 1.0 17.941763042472303
20705 1 1636349 1.0 17.135647940449417
20706 1 1472875 1.0 21.577152074314654
20707 1 1462343 1.0 21.370379952713847
20708 1 1429010 1.0 18.166329013183713
20709 1 1356252 1.0 20.63483197707683
20710 1 900671 1.0 21.6296591097489
20711 1 2051539 1.0 19.59834201261401
20712 1 1076249 1.0 20.398122956976295
20713 1 806504 1.0 20.40404500439763
20714 1 1051239 1.0 21.51821693405509
20715 1 2088326 1.0 21.74549992196262
20716 1 1614742 1.0 22.296285023912787
20717 1 1344975 1.0 22.43614592589438
20718 1 1132845 1.0 22.239305078983307
20719 1 821445 1.0 19.002296030521393
20720 1 2039184 1.0 20.675892010331154
20721 1 1131324 1.0 18.61142599955201
20722 1 1881081 1.0 20.335866953246295
20723 1 860307 1.0 17.273154924623668
20724 1 1631765 1.0 24.457050021737814
20725 1 1413140 1.0 22.493032971397042
20726 1 1160699 1.0 23.395045078359544
20727 1 1007174 1.0 20.454471930861473
20728 1 1984941 1.0 21.177159040234983
20729 1 1024094 1.0 19.96674796100706
20730 1 1107110 1.0 20.075245993211865
20731 1 1493272 1.0 20.304718986153603
20732 1 1052843 1.0 21.933860960416496
20733 1 1137117 1.0 18.691723002120852
20734 1 2071522 1.0 21.310147014446557
20735 1 1574966 1.0 19.383720005862415
20736 1 2108933 1.0 18.71308300178498
20737 1 1471005 1.0 23.455171030946076
20738 1 1027323 1.0 23.51307705976069
20739 1 2110303 1.0 20.15712100546807
20740 1 2141181 1.0 21.07006695587188
20741 1 1069507 1.0 20.103378919884562
20742 1 1703358 1.0 22.25306793116033
20743 1 1144956 1.0 18.33259710110724
20744 1 1672338 1.0 22.06361200660467
20745 1 1020988 1.0 18.39964196551591
20746 1 1239155 1.0 20.613168948329985
20747 1 2075617 1.0 18.036786001175642
20748 1 2105690 1.0 22.289165994152427
20749 1 1023447 1.0 22.23108906764537
20750 1 1440669 1.0 23.9474440459162
20751 1 1975669 1.0 21.952614071778953
20752 1 978917 1.0 23.460194002836943
20753 1 1637943 1.0 18.838721909560263
20754 1 1366114 1.0 22.510768030770123
20755 1 1569760 1.0 22.557771997526288
20756 1 1185947 1.0 20.18414798658341
20757 1 2109370 1.0 22.006028098985553
20758 1 1498767 1.0 19.85291694290936
20759 1 1153586 1.0 23.22974498383701
20760 1 1097301 1.0 20.479635917581618
20761 1 1468319 1.0 21.01064589805901
20762 1 2068030 1.0 19.239078043028712
20763 1 1280356 1.0 23.709191009402275
20764 1 1557650 1.0 18.336444976739585
20765 1 1113094 1.0 22.14301098138094
20766 1 1626025 1.0 21.96895203087479
20767 1 1559250 1.0 16.406979062594473
20768 1 1384878 1.0 18.309048027731478
20769 1 1071616 1.0 19.681727048009634
20770 1 1157291 1.0 22.143268026411533
20771 1 2061413 1.0 20.96742100547999
20772 1 1458588 1.0 23.110640002414584
20773 1 1626618 1.0 22.309309104457498
20774 1 1560191 1.0 19.363738945685327
20775 1 977381 1.0 23.537593078799546
20776 1 1621172 1.0 19.70610104035586
20777 1 1851144 1.0 19.36399599071592
20778 1 1632913 1.0 22.331616026349366
20779 1 1472964 1.0 18.189528957009315
20780 1 57141 1.0 21.44619298633188
20781 1 850580 1.0 21.189447958022356
20782 1 627240 1.0 20.548953907564282
20783 1 1247140 1.0 21.229412057437003
20784 1 1202671 1.0 15.059727942571044
20785 1 2090943 1.0 23.250291007570922
20786 1 1639352 1.0 23.543981951661408
20787 1 1533099 1.0 23.48402899224311
20788 1 1219746 1.0 20.262904930859804
20789 1 1069309 1.0 19.17089696507901
20790 1 1190720 1.0 22.823936073109508
20791 1 1060881 1.0 22.940402035601437
20792 1 1655750 1.0 20.857076975516975
20793 1 2071591 1.0 17.358856974169612
20794 1 1207475 1.0 19.433532957918942
20795 1 865757 1.0 19.723781966604292
20796 1 836696 1.0 22.330818930640817
20797 1 1060271 1.0 21.979509037919343
20798 1 1016960 1.0 19.634290947578847
20799 1 1108843 1.0 19.239441957324743
20800 1 1687671 1.0 18.340262002311647
20801 1 2068179 1.0 19.5527330506593
20802 1 1296903 1.0 21.59853291232139
20803 1 2048330 1.0 22.076389053836465
20804 1 1282769 1.0 20.8278150530532
20805 1 1466873 1.0 19.85593792051077
20806 1 1169516 1.0 21.518912981264293
20807 1 2088075 1.0 18.447863054461777
20808 1 1106249 1.0 25.656739016994834
20809 1 1498476 1.0 24.186930968426168
20810 1 586783 1.0 20.50144807435572
20811 1 2074128 1.0 20.08753700647503
20812 1 1027750 1.0 21.239819936454296
20813 1 1240381 1.0 18.651567050255835
20814 1 1054260 1.0 16.665325965732336
20815 1 997346 1.0 19.859925960190594
20816 1 1652026 1.0 21.930635906755924
20817 1 1679260 1.0 18.58764805365354
20818 1 1668587 1.0 18.268324085511267
20819 1 1151843 1.0 16.6850620880723
20820 1 1196615 1.0 21.826243959367275
20821 1 1528007 1.0 18.581531010568142
20822 1 1424832 1.0 26.15660394076258
20823 1 1492194 1.0 21.807950921356678
20824 1 2075538 1.0 23.096843040548265
20825 1 1299114 1.0 19.6100800530985
20826 1 823342 1.0 17.99274398945272
20827 1 1858541 1.0 22.27836102247238
20828 1 827959 1.0 20.85387008264661
20829 1 826565 1.0 22.043135948479176
20830 1 2074337 1.0 19.11345694679767
20831 1 1140019 1.0 21.001824061386287
20832 1 1176846 1.0 19.420936005190015
20833 1 604689 1.0 22.09116902668029
20834 1 1686249 1.0 24.276970070786774
20835 1 2073439 1.0 22.33048598282039
20836 1 765171 1.0 21.592651028186083
20837 1 1108498 1.0 21.388771943747997
20838 1 2082222 1.0 18.901531933806837
20839 1 1290308 1.0 19.416866009123623
20840 1 2053124 1.0 21.113130962476134
20841 1 1184148 1.0 21.84859197586775
20842 1 1638106 1.0 22.557592019438744
20843 1 1265086 1.0 20.728531992062926
20844 1 984359 1.0 19.54784500412643
20845 1 1449257 1.0 21.399197983555496
20846 1 1069557 1.0 19.77575698401779
20847 1 1089055 1.0 23.269876022823155
20848 1 2114380 1.0 19.956605974584818
20849 1 937562 1.0 18.747013993561268
20850 1 1298143 1.0 18.52129597682506
20851 1 1103285 1.0 19.282683031633496
20852 1 1130749 1.0 19.785184995271266
20853 1 1078313 1.0 19.360307953320444
20854 1 2093929 1.0 19.907429930754006
20855 1 1677238 1.0 21.180180017836392
20856 1 553798 1.0 19.87601292785257
20857 1 1412137 1.0 24.306355975568295
20858 1 1052019 1.0 24.10366095136851
20859 1 1593256 1.0 23.51038600318134
20860 1 1443176 1.0 23.018375039100647
20861 1 1174748 1.0 21.953877992928028
20862 1 1597974 1.0 22.79186900705099
20863 1 1982902 1.0 21.170967957004905
20864 1 957919 1.0 21.447704057209194
20865 1 1098733 1.0 22.0128110377118
20866 1 1802502 1.0 21.562471985816956
20867 1 1088897 1.0 22.244444000534713
20868 1 1703345 1.0 23.754146066494286
20869 1 1163590 1.0 23.568522068671882
20870 1 649801 1.0 24.00002907961607
20871 1 1439035 1.0 22.14443706907332
20872 1 1312914 1.0 22.6926599862054
20873 1 1419398 1.0 22.420634049922228
20874 1 835569 1.0 22.20667595975101
20875 1 1627307 1.0 21.933345939032733
20876 1 972989 1.0 21.920569939538836
20877 1 1588985 1.0 21.157308015972376
20878 1 1395735 1.0 21.125987987034023
20879 1 1036403 1.0 25.049500982277095
20880 1 1265403 1.0 23.729289998300374
20881 1 1511577 1.0 23.404221050441265
20882 1 1345916 1.0 21.83429303113371
20883 1 342794 1.0 21.689741988666356
20884 1 1272875 1.0 21.14766393788159
20885 1 1449717 1.0 21.723901969380677
20886 1 1211947 1.0 20.900180097669363
20887 1 1624702 1.0 21.15806902293116
20888 1 1951935 1.0 22.65214698854834
20889 1 769625 1.0 22.786483052186668
20890 1 1554865 1.0 23.99602602235973
20891 1 1163208 1.0 24.239122052676976
20892 1 1220477 1.0 23.932246956974268
20893 1 32859 1.0 23.068065056577325
20894 1 1466802 1.0 22.326161968521774
20895 1 1185994 1.0 22.07092195749283
20896 1 1165645 1.0 22.234288975596428
20897 1 1107460 1.0 21.994584007188678
20898 1 1453905 1.0 22.461983026005328
20899 1 1149077 1.0 22.642386029474437
20900 1 1572083 1.0 22.613320965319872
20901 1 1507621 1.0 23.970420006662607
20902 1 1248991 1.0 23.214324028231204
20903 1 620727 1.0 24.269492947496474
20904 1 1044437 1.0 22.684265044517815
20905 1 2339903 1.0 21.93297492340207
20906 1 999844 1.0 23.633290082216263
20907 1 1468678 1.0 21.145104081369936
20908 1 1792625 1.0 21.249493001960218
20909 1 1572940 1.0 20.922027062624693
20910 1 1494919 1.0 21.86680305749178
20911 1 1418749 1.0 24.3115839548409
20912 1 1301605 1.0 23.11965893022716
20913 1 1289497 1.0 23.41920998878777
20914 1 434958 1.0 22.872459958307445
20915 1 1039809 1.0 22.52441900782287
20916 1 1040827 1.0 21.998194977641106
20917 1 1988145 1.0 22.342010983265936
20918 1 1478207 1.0 21.399294026196003
20919 1 1399196 1.0 22.20451203174889
20920 1 2313677 1.0 23.94954499322921
20921 1 1485244 1.0 20.98844398278743
20922 1 1085780 1.0 24.15234106592834
20923 1 1613782 1.0 22.8840250056237
20924 1 853289 1.0 23.76451506279409
20925 1 1463262 1.0 23.550212034024298
20926 1 1166125 1.0 22.38457603380084
20927 1 1969727 1.0 22.673711995594203
20928 1 1465712 1.0 22.308580111712217
20929 1 1500831 1.0 22.69478398375213
20930 1 1298953 1.0 22.90958899538964
20931 1 1085898 1.0 21.893991972319782
20932 1 1087941 1.0 23.378196987323463
20933 1 1092821 1.0 23.831379949115217
20934 1 1416355 1.0 23.614421021193266
20935 1 1069132 1.0 23.984801955521107
20936 1 1346583 1.0 23.09187699574977
20937 1 1143490 1.0 23.394806892611086
20938 1 1650174 1.0 22.796020028181374
20939 1 1032354 1.0 22.005337988957763
20940 1 1448019 1.0 22.367732017301023
20941 1 1412256 1.0 22.628005943261087
20942 1 1112534 1.0 21.93661092314869
20943 1 1544564 1.0 22.081435075961053
20944 1 1454590 1.0 23.298515006899834
20945 1 1113613 1.0 23.98294408340007
20946 1 1522783 1.0 21.728530060499907
20947 1 1545558 1.0 23.051170050166547
20948 1 1484861 1.0 22.913457010872662
20949 1 1116389 1.0 22.532535018399358
20950 1 1987121 1.0 22.261803969740868
20951 1 1299132 1.0 22.127862903289497
20952 1 1543933 1.0 22.234885022044182
20953 1 1665713 1.0 24.731646990403533
20954 1 1384973 1.0 23.239098954945803
20955 1 1987472 1.0 23.591206059791148
20956 1 1019889 1.0 24.27221299149096
20957 1 2094079 1.0 24.372023064643145
20958 1 1409882 1.0 24.207838927395642
20959 1 832287 1.0 22.337439004331827
20960 1 578772 1.0 21.86518197413534
20961 1 651775 1.0 21.779154893010855
20962 1 1129156 1.0 21.65977598633617
20963 1 1501665 1.0 22.03039894811809
20964 1 1408382 1.0 22.01633993536234
20965 1 1281456 1.0 22.574693080969155
20966 1 1400639 1.0 24.530230090022087
20967 1 1134584 1.0 23.68024701718241
20968 1 1981146 1.0 24.138409993611276
20969 1 1491712 1.0 22.363591007888317
20970 1 1397153 1.0 22.948403959162533
20971 1 1520597 1.0 22.325548925437033
20972 1 1098322 1.0 21.420457982458174
20973 1 1479801 1.0 22.220029961317778
20974 1 1421627 1.0 22.31451205443591
20975 1 1128978 1.0 22.711036959663033
20976 1 1439591 1.0 22.938626003451645
20977 1 6147 1.0 25.67154192365706
20978 1 1634517 1.0 23.634774959646165
20979 1 873107 1.0 22.95655698981136
20980 1 1147536 1.0 24.022530997171998
20981 1 1493593 1.0 21.983784972690046
20982 1 974985 1.0 22.100268048234284
20983 1 1007123 1.0 22.33059098944068
20984 1 1409783 1.0 22.27299800142646
20985 1 1068155 1.0 22.683952003717422
20986 1 1070059 1.0 22.023765952326357
20987 1 1615642 1.0 22.334594978019595
20988 1 576590 1.0 25.11160005815327
20989 1 1575595 1.0 24.861700017936528
20990 1 1949574 1.0 22.476792917586863
20991 1 1058320 1.0 23.061427054926753
20992 1 1314908 1.0 22.886534105055034
20993 1 1560907 1.0 23.945652996189892
20994 1 1467362 1.0 22.808155044913292
20995 1 2087044 1.0 23.284840979613364
20996 1 1396465 1.0 21.82532101869583
20997 1 1356780 1.0 22.16881699860096
20998 1 1167569 1.0 22.94114395044744
20999 1 1183635 1.0 24.498336017131805
21000 1 1437415 1.0 23.531166021712124
21001 1 1570763 1.0 23.326135938987136
21002 1 1291678 1.0 22.710218094289303
21003 1 1734299 1.0 22.712417063303292
21004 1 1147398 1.0 21.58311998937279
21005 1 859106 1.0 22.00441202148795
21006 1 1418984 1.0 22.868531988933682
21007 1 1610237 1.0 22.152755060233176
21008 1 1181670 1.0 21.304119960404932
21009 1 1530916 1.0 24.778193910606205
21010 1 1198132 1.0 24.93764809332788
21011 1 1570319 1.0 23.052972042933106
21012 1 2093811 1.0 23.780703078955412
21013 1 1504835 1.0 22.050709929317236
21014 1 1454740 1.0 22.80360902659595
21015 1 1045285 1.0 22.28559902869165
21016 1 1451612 1.0 21.957427030429244
21017 1 1559421 1.0 21.709538996219635
21018 1 1026304 1.0 22.7141979848966
21019 1 1461189 1.0 21.99958893470466
21020 1 1514528 1.0 24.16771906428039
21021 1 1609925 1.0 25.024027097970247
21022 1 1362248 1.0 23.29749707132578
21023 1 1133435 1.0 23.305429029278457
21024 1 1332912 1.0 22.71892107091844
21025 1 1654811 1.0 24.38481105491519
21026 1 1488463 1.0 22.506451001390815
21027 1 1199129 1.0 21.918307058513165
21028 1 524449 1.0 22.233851021155715
21029 1 1495130 1.0 21.26996498554945
21030 1 951687 1.0 21.90607797820121
21031 1 1799765 1.0 25.39526007603854
21032 1 1571972 1.0 24.299790035001934
21033 1 1438982 1.0 23.91132910270244
21034 1 1546050 1.0 22.584153921343386
21035 1 1794170 1.0 22.5634949747473
21036 1 627904 1.0 22.004872909747064
21037 1 1668983 1.0 21.600993000902236
21038 1 1437461 1.0 22.86073297727853
21039 1 1606287 1.0 22.695412975735962
21040 1 1154650 1.0 22.1521029016003
21041 1 1062680 1.0 22.7446670178324
21042 1 2089868 1.0 23.878826992586255
21043 1 182937 1.0 23.865811061114073
21044 1 1130926 1.0 24.62087105959654
21045 1 1514127 1.0 23.84931198321283
21046 1 1012596 1.0 22.03016506973654
21047 1 817899 1.0 22.95921090990305
21048 1 1078394 1.0 21.565008093602955
21049 1 1328539 1.0 21.761154057458043
21050 1 1799665 1.0 20.28724004048854
21051 1 1454337 1.0 21.429197979159653
21052 1 1443196 1.0 22.897415910847485
21053 1 1641710 1.0 23.893372039310634
21054 1 1558301 1.0 23.59924092888832
21055 1 1477967 1.0 23.309039999730885
21056 1 2070319 1.0 22.548064938746393
21057 1 1412382 1.0 22.236905992031097
21058 1 1627480 1.0 22.364148986525834
21059 1 1572850 1.0 22.865101927891374
21060 1 1571087 1.0 22.632887004874647
21061 1 1686981 1.0 22.360425908118486
21062 1 1341029 1.0 22.139256936497986
21063 1 1416691 1.0 22.240621969103813
21064 1 1175289 1.0 23.775471025146544
21065 1 1630625 1.0 24.04677402228117
21066 1 1612138 1.0 23.287968011572957
21067 1 1468568 1.0 22.595079033635557
21068 1 444934 1.0 22.150590899400413
21069 1 1201142 1.0 22.98891101963818
21070 1 1630008 1.0 22.449678974226117
21071 1 1502330 1.0 21.15680300630629
21072 1 2092397 1.0 22.37279200926423
21073 1 1567520 1.0 23.955494980327785
21074 1 1161417 1.0 24.437028914690018
21075 1 1610530 1.0 23.626071983017027
21076 1 1017003 1.0 24.190900032408535
21077 1 956137 1.0 23.46071193460375
21078 1 1572098 1.0 22.492220043204725
21079 1 1513778 1.0 22.559819044545293
21080 1 1459932 1.0 22.41341897752136
21081 1 1172370 1.0 22.34999998472631
21082 1 1200834 1.0 22.328652907162905
21083 1 1173538 1.0 22.552217938937247
21084 1 982810 1.0 21.819310961291194
21085 1 1294128 1.0 21.85075101442635
21086 1 1106132 1.0 24.174664984457195
21087 1 1013844 1.0 23.809816921129823
21088 1 1352856 1.0 24.04211403336376
21089 1 1303932 1.0 23.050080984830856
21090 1 1629042 1.0 21.939154015854
21091 1 1608631 1.0 22.817766992375255
21092 1 1622196 1.0 22.074111038818955
21093 1 1343679 1.0 21.953235031105578
21094 1 1560415 1.0 21.961632068268955
21095 1 2094786 1.0 21.948639070615172
21096 1 442434 1.0 22.395681007765234
21097 1 241699 1.0 23.757347953505814
21098 1 1223381 1.0 23.295129067264497
21099 1 1317709 1.0 24.04842700343579
21100 1 2094869 1.0 22.116354084573686
21101 1 1491481 1.0 22.46998401824385
21102 1 1233689 1.0 23.181034019216895
21103 1 1557744 1.0 21.40074991621077
21104 1 1153613 1.0 22.325851023197174
21105 1 1467286 1.0 22.495268029160798
21106 1 1230643 1.0 22.5034870672971
21107 1 880996 1.0 28.524572029709816
21108 1 1417964 1.0 23.793660919182003
21109 1 1187519 1.0 23.733701091259718
21110 1 1614979 1.0 23.533834028057754
21111 1 1525831 1.0 22.739521926268935
21112 1 1406118 1.0 21.406815969385207
21113 1 1415841 1.0 22.651477018371224
21114 1 1423539 1.0 24.301336030475795
21115 1 1412727 1.0 23.29964702948928
21116 1 1000221 1.0 22.8177240351215
21117 1 1622533 1.0 22.606916958466172
21118 1 1312534 1.0 25.50657303072512
21119 1 1629810 1.0 22.60863408446312
21120 1 247769 1.0 23.160447948612273
21121 1 1555596 1.0 23.277628934010863
21122 1 113387 1.0 26.659401948563755
21123 1 1137253 1.0 21.76128001883626
21124 1 1289422 1.0 21.694609080441296
21125 1 1266863 1.0 22.23631599918008
21126 1 1801122 1.0 21.990445093251765
21127 1 1435126 1.0 22.4396709818393
21128 1 885683 1.0 24.739749962463975
21129 1 1621858 1.0 24.001985089853406
21130 1 1605121 1.0 24.2232569726184
21131 1 1149635 1.0 23.10059790033847
21132 1 1526639 1.0 22.447725059464574
21133 1 1181114 1.0 23.192618042230606
21134 1 1653125 1.0 21.61344699561596
21135 1 1041784 1.0 22.703940980136395
21136 1 1525601 1.0 21.225893986411393
21137 1 1599663 1.0 21.583736059255898
21138 1 1061884 1.0 21.563404006883502
21139 1 627982 1.0 22.378240944817662
21140 1 1589092 1.0 24.200633051805198
21141 1 630453 1.0 23.27432599849999
21142 1 1652650 1.0 24.10132496152073
21143 1 1181278 1.0 22.87708700168878
21144 1 1650306 1.0 22.22620090469718
21145 1 1002533 1.0 22.384892916306853
21146 1 1241806 1.0 20.895355963148177
21147 1 1594758 1.0 22.213623975403607
21148 1 1545945 1.0 21.974764997139573
21149 1 995429 1.0 21.98710897937417
21150 1 1419016 1.0 23.991591995581985
21151 1 1494919 1.0 24.057577014900744
21152 1 1067531 1.0 23.140602046623826
21153 1 1422861 1.0 23.031258024275303
21154 1 1557358 1.0 22.60791603475809
21155 1 1563844 1.0 21.639812970533967
21156 1 1623190 1.0 22.409975063055754
21157 1 1451133 1.0 22.42942596785724
21158 1 1433189 1.0 20.57092299219221
21159 1 1444578 1.0 22.849150002002716
21160 1 1024428 1.0 22.18247903510928
21161 1 1041581 1.0 24.062452954240143
21162 1 1488171 1.0 24.224002030678093
21163 1 1155693 1.0 23.81938591133803
21164 1 1375713 1.0 23.947503068484366
21165 1 1036847 1.0 22.54971000365913
21166 1 1409741 1.0 22.799637052230537
21167 1 1964617 1.0 21.532861050218344
21168 1 1273846 1.0 22.68338797148317
21169 1 997761 1.0 22.401124006137252
21170 1 1167227 1.0 22.365046897903085
21171 1 1579847 1.0 23.73540005646646
21172 1 1485274 1.0 21.66281105019152
21173 1 1846443 1.0 23.446475970558822
21174 1 328352 1.0 23.23743503075093
21175 1 1114720 1.0 23.58872105833143
21176 1 1065904 1.0 22.943440941162407
21177 1 499026 1.0 22.281212033703923
21178 1 1471325 1.0 22.98648504074663
21179 1 643439 1.0 22.52289396710694
21180 1 1095485 1.0 26.430510100908577
21181 1 1148334 1.0 21.59538702107966
21182 1 1198882 1.0 21.16474194917828
21183 1 861054 1.0 23.307961062528193
21184 1 1343545 1.0 24.15638603270054
21185 1 1115021 1.0 23.293904028832912
21186 1 1406982 1.0 23.07704498525709
21187 1 1096144 1.0 22.397388005629182
21188 1 1062095 1.0 22.50635507516563
21189 1 1848926 1.0 22.019307012669742
21190 1 1570693 1.0 22.51238003373146
21191 1 1448319 1.0 22.808214998804033
21192 1 679821 1.0 21.365471999160945
21193 1 892765 1.0 21.296293009072542
21194 1 1196510 1.0 22.35734392888844
21195 1 1411888 1.0 24.064359022304416
21196 1 959372 1.0 22.786293062381446
21197 1 1029869 1.0 22.80816505663097
21198 1 1567546 1.0 24.104597978293896
21199 1 1413960 1.0 22.24570303224027
21200 1 1594857 1.0 22.25271100178361
21201 1 1109574 1.0 22.23790402058512
21202 1 1144554 1.0 22.95209199655801
21203 1 1337189 1.0 22.259288001805544
21204 1 1099176 1.0 22.699943045154214
21205 1 1080184 1.0 22.251366986893117
21206 1 1461654 1.0 25.08135000243783
21207 1 2436890 1.0 25.54185700137168
21208 1 1078961 1.0 23.19824800360948
21209 1 1422107 1.0 23.369607981294394
21210 1 1655792 1.0 22.338534938171506
21211 1 1612889 1.0 22.267594002187252
21212 1 1010206 1.0 22.79945893678814
21213 1 1224036 1.0 20.938431029208004
21214 1 1949648 1.0 22.524139028973877
21215 1 1043555 1.0 22.477990947663784
21216 1 1084443 1.0 22.6669559488073
21217 1 1075725 1.0 25.54123103618622
21218 1 1573227 1.0 22.640881943516433
21219 1 1131981 1.0 22.15037599671632
21220 1 1632601 1.0 22.780359024181962
21221 1 634651 1.0 22.332736989483237
21222 1 1591978 1.0 21.722798002883792
21223 1 1704201 1.0 22.285062004812062
21224 1 1629718 1.0 23.10146694071591
21225 1 1079757 1.0 21.94562810473144
21226 1 1409470 1.0 21.94008103106171
21227 1 1421189 1.0 22.42165303323418
21228 1 1131692 1.0 29.520074022002518
21229 1 1720177 1.0 23.541369941085577
21230 1 1273636 1.0 24.010048946365714
21231 1 2056314 1.0 22.58935000281781
21232 1 1468321 1.0 21.812477963976562
21233 1 1618398 1.0 20.916795008815825
21234 1 1005997 1.0 22.783600026741624
21235 1 1519099 1.0 21.397750009782612
21236 1 1491513 1.0 22.447342984378338
21237 1 1423337 1.0 22.138184984214604
21238 1 1083362 1.0 22.513333009555936
21239 1 1530160 1.0 23.688478977419436
21240 1 1472156 1.0 23.678611032664776
21241 1 1555538 1.0 23.178035975433886
21242 1 1519453 1.0 21.792405052110553
21243 1 602805 1.0 22.706257994286716
21244 1 1490659 1.0 22.64925604686141
21245 1 1594828 1.0 22.469465038739145
21246 1 568675 1.0 21.978114964440465
21247 1 1572379 1.0 22.397864027880132
21248 1 1576184 1.0 20.414446014910936
21249 1 573715 1.0 22.747018956579268
21250 1 1467965 1.0 23.36845698300749
21251 1 678028 1.0 22.652916028164327
21252 1 952453 1.0 23.477211012504995
21253 1 2463771 1.0 22.297800984233618
21254 1 1184091 1.0 21.796673070639372
21255 1 1036573 1.0 22.665290045551956
21256 1 843557 1.0 22.429872071370482
21257 1 1054449 1.0 22.853192989714444
21258 1 1098733 1.0 22.62817497830838
21259 1 1524157 1.0 21.9993160571903
21260 1 724853 1.0 22.182645043358207
21261 1 624949 1.0 23.501103976741433
21262 1 989937 1.0 24.490106967277825
21263 1 1464593 1.0 23.238049005158246
21264 1 2410541 1.0 22.647208999842405
21265 1 1415678 1.0 22.33228401746601
21266 1 1148807 1.0 22.671100916340947
21267 1 1009505 1.0 22.586478968150914
21268 1 1639448 1.0 23.39446998666972
21269 1 1561663 1.0 22.337522939778864
21270 1 1428080 1.0 22.41737302392721
21271 1 1007791 1.0 21.809714031405747
21272 1 1555704 1.0 24.706503958441317
21273 1 641812 1.0 23.882349021732807
21274 1 1475658 1.0 24.485492962412536
21275 1 897366 1.0 22.786556975916028
21276 1 810507 1.0 21.379741956479847
21277 1 1455269 1.0 22.94142101891339
21278 1 1183695 1.0 22.294355905614793
21279 1 1116175 1.0 24.114090017974377
21280 1 1300649 1.0 22.651270031929016
21281 1 1664782 1.0 21.88486501108855
21282 1 1303137 1.0 22.463339031673968
21283 1 714048 1.0 23.494460969232023
21284 1 997992 1.0 23.727308958768845
21285 1 1120324 1.0 23.28595705330372
21286 1 1081003 1.0 21.733817062340677
21287 1 1096982 1.0 25.520681054331362
21288 1 1145461 1.0 21.556510939262807
21289 1 835357 1.0 21.865406073629856
21290 1 654667 1.0 21.86107903253287
21291 1 1779929 1.0 20.696528954431415
21292 1 1461933 1.0 22.18648395501077
21293 1 996808 1.0 22.328400053083897
21294 1 1292866 1.0 23.707177955657244
21295 1 1621030 1.0 23.544000927358866
21296 1 1439024 1.0 23.455412941984832
21297 1 1292479 1.0 22.21398800611496
21298 1 556521 1.0 22.200181032530963
21299 1 1634691 1.0 22.720749024301767
21300 1 1476021 1.0 22.884131059981883
21301 1 1301918 1.0 21.816166932694614
21302 1 964447 1.0 22.277976968325675
21303 1 1498681 1.0 20.183958928100765
21304 1 1028993 1.0 22.993192891590297
21305 1 480040 1.0 23.79127498716116
21306 1 1505325 1.0 23.62273691687733
21307 1 2108659 1.0 23.684251005761325
21308 1 1591809 1.0 22.715513943694532
21309 1 2083793 1.0 23.39504100382328
21310 1 1636176 1.0 22.63281401246786
21311 1 1520988 1.0 22.264782921411097
21312 1 1624743 1.0 21.853109006769955
21313 1 1021006 1.0 21.83618990238756
21314 1 1469519 1.0 22.641688934527338
21315 1 1602866 1.0 22.942882031202316
21316 1 1405965 1.0 26.450108038261533
21317 1 1294964 1.0 22.215374978259206
21318 1 1480698 1.0 24.108271929435432
21319 1 1115820 1.0 22.983592003583908
21320 1 1650597 1.0 22.334997076541185
21321 1 1410711 1.0 22.840920952148736
21322 1 1420445 1.0 21.134510985575616
21323 1 1055633 1.0 22.255428950302303
21324 1 1194627 1.0 22.26698794402182
21325 1 1984960 1.0 22.434719023294747
21326 1 1623029 1.0 23.537667002528906
21327 1 1697287 1.0 24.095452041365206
21328 1 1148953 1.0 24.012307985685766
21329 1 1429085 1.0 24.69331002794206
21330 1 1013259 1.0 22.666268050670624
21331 1 533961 1.0 21.736375987529755
21332 1 2089892 1.0 22.344773984514177
21333 1 1589101 1.0 22.177517064847052
21334 1 2108659 1.0 21.610855008475482
21335 1 1575769 1.0 22.245522937737405
21336 1 1041753 1.0 24.520281935110688
21337 1 1558926 1.0 23.871968034654856
21338 1 1351481 1.0 23.164766025729477
21339 1 1555622 1.0 23.245099000632763
21340 1 366619 1.0 24.23646906390786
21341 1 713399 1.0 22.12803508155048
21342 1 2418689 1.0 22.579051903449
21343 1 1409524 1.0 23.357184953056276
21344 1 1528264 1.0 22.1637689974159
21345 1 1587391 1.0 22.720455075614154
21346 1 1037576 1.0 24.20261106453836
21347 1 1357375 1.0 24.422404007054865
21348 1 1572763 1.0 23.19825894664973
21349 1 1455043 1.0 24.134755018167198
21350 1 1733624 1.0 22.75383996311575
21351 1 1083192 1.0 22.155932034365833
21352 1 1314287 1.0 22.159034968353808
21353 1 1431623 1.0 22.569395950995386
21354 1 1976785 1.0 22.30771502945572
21355 1 1654067 1.0 21.837497013621032
21356 1 1636294 1.0 22.954820073209703
21357 1 1315053 1.0 18.818971002474427
21358 1 1288420 1.0 20.332193933427334
21359 1 1064217 1.0 19.73163802176714
21360 1 57622 1.0 21.36442600749433
21361 1 1509346 1.0 19.833459053188562
21362 1 1183222 1.0 22.484619985334575
21363 1 265167 1.0 28.680472052656114
21364 1 1117581 1.0 20.59445495251566
21365 1 1477525 1.0 21.51747397147119
21366 1 1630050 1.0 18.98527902085334
21367 1 1140637 1.0 20.397803047671914
21368 1 1014127 1.0 18.69706204161048
21369 1 1569713 1.0 22.45825994759798
21370 1 1102785 1.0 18.65722401998937
21371 1 1671829 1.0 19.557886058464646
21372 1 1395929 1.0 22.221253952011466
21373 1 1242474 1.0 21.65913605131209
21374 1 1334501 1.0 21.19574893731624
21375 1 1125734 1.0 20.267496001906693
21376 1 1662980 1.0 21.59386791754514
21377 1 1001078 1.0 22.974063991568983
21378 1 1676993 1.0 20.755490055307746
21379 1 1640118 1.0 21.519048954360187
21380 1 237705 1.0 22.398600005544722
21381 1 1519229 1.0 17.292369971983135
21382 1 1009678 1.0 23.621110012754798
21383 1 1758756 1.0 21.624522050842643
21384 1 1270340 1.0 22.99642306752503
21385 1 1439739 1.0 19.945756066590548
21386 1 2467681 1.0 17.176670022308826
21387 1 1300553 1.0 17.89547794032842
21388 1 1121612 1.0 20.428678952157497
21389 1 628920 1.0 18.824670929461718
21390 1 981930 1.0 20.88764193467796
21391 1 1607089 1.0 20.786514971405268
21392 1 1526311 1.0 20.858485950157046
21393 1 1106313 1.0 19.56431905273348
21394 1 1204202 1.0 19.76728707086295
21395 1 672482 1.0 22.163811954669654
21396 1 1562423 1.0 22.54052401985973
21397 1 1525163 1.0 21.65959100238979
21398 1 1456510 1.0 22.045118967071176
21399 1 1952569 1.0 20.99844499025494
21400 1 1469930 1.0 22.023104946129024
21401 1 1468022 1.0 21.797917084768414
21402 1 1266940 1.0 19.193064072169363
21403 1 1436804 1.0 17.99793995451182
21404 1 1624353 1.0 20.32381296157837
21405 1 1033602 1.0 20.033846027217805
21406 1 1199465 1.0 20.014418056234717
21407 1 1669902 1.0 19.767633988521993
21408 1 1462486 1.0 22.456223028711975
21409 1 870836 1.0 23.991139023564756
21410 1 1514157 1.0 23.12024205457419
21411 1 1462598 1.0 19.671507994644344
21412 1 1726384 1.0 19.680684083141387
21413 1 1038446 1.0 17.93581899255514
21414 1 1362753 1.0 20.253614988178015
21415 1 1132728 1.0 20.389485987834632
21416 1 1457117 1.0 21.01587795186788
21417 1 1624291 1.0 20.61566908378154
21418 1 1669450 1.0 20.003822981379926
21419 1 1623356 1.0 22.33748510479927
21420 1 1556248 1.0 22.18011801596731
21421 1 1683391 1.0 21.841016015969217
21422 1 1308392 1.0 23.393625975586474
21423 1 1531509 1.0 18.721992033533752
21424 1 1497491 1.0 21.55190904159099
21425 1 1478888 1.0 21.46976802032441
21426 1 1252662 1.0 21.36949193663895
21427 1 1048773 1.0 24.190888041630387
21428 1 1403338 1.0 22.84422004595399
21429 1 1216180 1.0 21.129651926457882
21430 1 1627683 1.0 21.772173000499606
21431 1 1172567 1.0 23.831542930565774
21432 1 1344082 1.0 23.28237099573016
21433 1 573908 1.0 22.316752932965755
21434 1 1114681 1.0 19.454775960184634
21435 1 1402788 1.0 18.859317991882563
21436 1 1145004 1.0 16.948200995102525
21437 1 1465517 1.0 22.15193200390786
21438 1 1522394 1.0 18.190111964941025
21439 1 1653183 1.0 19.9754600180313
21440 1 1240998 1.0 24.253993993625045
21441 1 1496726 1.0 21.010087919421494
21442 1 1018407 1.0 21.311689051799476
21443 1 857166 1.0 21.86338696628809
21444 1 1073667 1.0 19.06183792743832
21445 1 1508042 1.0 20.09278698824346
21446 1 1317024 1.0 21.670127985998988
21447 1 1369937 1.0 18.633155967108905
21448 1 1409039 1.0 17.170573002658784
21449 1 1045592 1.0 20.253201015293598
21450 1 1650228 1.0 19.144749036058784
21451 1 837249 1.0 16.967843053862453
21452 1 1133668 1.0 20.84265905432403
21453 1 1515010 1.0 20.92178596649319
21454 1 1570638 1.0 19.667673972435296
21455 1 1101661 1.0 18.408818054012954
21456 1 1620992 1.0 24.141030968166888
21457 1 1165331 1.0 20.469969022087753
21458 1 851608 1.0 21.36009105015546
21459 1 1132081 1.0 22.58386299945414
21460 1 1289837 1.0 20.997386891394854
21461 1 1377086 1.0 20.433346973732114
21462 1 1027205 1.0 19.496360910125077
21463 1 1104532 1.0 18.80698895547539
21464 1 1113367 1.0 18.3015710208565
21465 1 1260029 1.0 21.031938027590513
21466 1 1297567 1.0 20.3917600447312
21467 1 1509602 1.0 21.841795998625457
21468 1 1663642 1.0 26.093543972820044
21469 1 1065593 1.0 20.86351707112044
21470 1 1575396 1.0 24.082104093395174
21471 1 2283329 1.0 23.75249902252108
21472 1 269871 1.0 20.86802595295012
21473 1 1152590 1.0 23.246560944244266
21474 1 639148 1.0 22.72502693813294
21475 1 2015536 1.0 21.89837594050914
21476 1 442506 1.0 22.989696939475834
21477 1 1663544 1.0 24.21630301978439
21478 1 1291469 1.0 24.618002003990114
21479 1 1144763 1.0 23.997514974325895
21480 1 1399557 1.0 23.116610944271088
21481 1 1572654 1.0 25.13422491028905
21482 1 1149953 1.0 20.630749058909714
21483 1 1574516 1.0 18.581476993858814
21484 1 1640297 1.0 20.551505964249372
21485 1 1594958 1.0 22.569255088455975
21486 1 1194229 1.0 20.75711905490607
21487 1 1438712 1.0 22.393507999368012
21488 1 1483693 1.0 25.65115795005113
21489 1 1528966 1.0 27.669286937452853
21490 1 1035285 1.0 22.565976018086076
21491 1 1114681 1.0 21.486644982360303
21492 1 1394263 1.0 22.03291398473084
21493 1 1040336 1.0 19.78317298926413
21494 1 1580312 1.0 20.066456054337323
21495 1 1109933 1.0 19.94098094291985
21496 1 1522426 1.0 20.534032955765724
21497 1 2130526 1.0 21.076698903925717
21498 1 1491431 1.0 18.558516982011497
21499 1 1441656 1.0 20.745293935760856
21500 1 1432318 1.0 20.547171006910503
21501 1 1851861 1.0 23.35337398108095
21502 1 1179412 1.0 21.292348043061793
21503 1 1109563 1.0 21.988215041346848
21504 1 1409615 1.0 21.480086958035827
21505 1 1407737 1.0 19.511903054080904
21506 1 1182805 1.0 19.666125997900963
21507 1 1119382 1.0 16.234793001785874
21508 1 993981 1.0 19.366328022442758
21509 1 1002039 1.0 19.979582983069122
21510 1 1266123 1.0 18.528327927924693
21511 1 1553609 1.0 23.791692103259265
21512 1 1004418 1.0 22.78172003570944
21513 1 1105731 1.0 18.57689896132797
21514 1 1348255 1.0 18.241258920170367
21515 1 841661 1.0 20.313150947913527
21516 1 320189 1.0 17.260386026464403
21517 1 1506138 1.0 21.571945981122553
21518 1 1567707 1.0 21.171407075598836
21519 1 1057154 1.0 21.25525998417288
21520 1 1100520 1.0 18.71953601948917
21521 1 1207058 1.0 19.537608022801578
21522 1 1434114 1.0 20.518825971521437
21523 1 1514060 1.0 23.689999943599105
21524 1 1145318 1.0 19.878408988006413
21525 1 863466 1.0 25.04299592692405
21526 1 1108617 1.0 20.476359059102833
21527 1 2095321 1.0 21.16035600192845
21528 1 1161001 1.0 20.960364025086164
21529 1 1046557 1.0 20.302384975366294
21530 1 1016309 1.0 20.588577026501298
21531 1 1797027 1.0 21.16636699065566
21532 1 1037091 1.0 18.581475014798343
21533 1 981565 1.0 20.709226024337113
21534 1 27010 1.0 20.93838294968009
21535 1 1365239 1.0 21.646170993335545
21536 1 1507822 1.0 22.257995908148587
21537 1 1615374 1.0 22.718299995176494
21538 1 1597803 1.0 17.334319883957505
21539 1 1253849 1.0 21.48683904670179
21540 1 1500209 1.0 21.761244046501815
21541 1 267025 1.0 16.961253946647048
21542 1 1504309 1.0 20.694711012765765
21543 1 1606729 1.0 21.709666936658323
21544 1 1287730 1.0 20.598585018888116
21545 1 1794625 1.0 19.433676032349467
21546 1 522197 1.0 21.027592942118645
21547 1 1554620 1.0 22.283317986875772
21548 1 1471406 1.0 22.175716003403068
21549 1 1617841 1.0 21.339883911423385
21550 1 126766 1.0 21.013393998146057
21551 1 1259636 1.0 21.537158056162298
21552 1 1408721 1.0 19.512700964696705
21553 1 304522 1.0 22.015429916791618
21554 1 844646 1.0 20.917825982905924
21555 1 1026310 1.0 20.22113709244877
21556 1 1394611 1.0 16.78851793985814
21557 1 1850569 1.0 20.300435950048268
21558 1 1351118 1.0 20.918832044117153
21559 1 332893 1.0 20.042015006765723
21560 1 1055077 1.0 20.11233801022172
21561 1 1419266 1.0 21.44866599701345
21562 1 1337245 1.0 19.081979990005493
21563 1 1115358 1.0 20.663697039708495
21564 1 824579 1.0 21.35523094329983
21565 1 1269662 1.0 21.397701930254698
21566 1 1618939 1.0 20.93705302104354
21567 1 838918 1.0 16.69568906072527
21568 1 1421185 1.0 20.014228066429496
21569 1 1156564 1.0 21.051542949862778
21570 1 1439132 1.0 17.006865004077554
21571 1 1594941 1.0 20.239164005033672
21572 1 1484871 1.0 22.452199016697705
21573 1 1358371 1.0 20.172540098428726
21574 1 1383662 1.0 19.660215941257775
21575 1 1630752 1.0 21.630165982060134
21576 1 1516859 1.0 21.336978068575263
21577 1 1126892 1.0 20.337425055913627
21578 1 1628473 1.0 21.97936992160976
21579 1 1987727 1.0 22.761931992135942
21580 1 240001 1.0 21.260575973428786
21581 1 1299211 1.0 27.75632601696998
21582 1 1319595 1.0 25.500859948806465
21583 1 1090664 1.0 24.63629108387977
21584 1 1145318 1.0 21.144364029169083
21585 1 1141281 1.0 22.853329894132912
21586 1 544361 1.0 22.468307986855507
21587 1 1089481 1.0 19.486173056066036
21588 1 1742170 1.0 21.478374022990465
21589 1 1483353 1.0 22.238882957026362
21590 1 958617 1.0 21.740901051089168
21591 1 1147463 1.0 20.2855960233137
21592 1 1691450 1.0 22.199620958417654
21593 1 1025781 1.0 22.938592010177672
21594 1 1427659 1.0 23.897937033325434
21595 1 1441259 1.0 20.519600016996264
21596 1 1557570 1.0 23.669240064918995
21597 1 1458229 1.0 20.911613013595343
21598 1 1010909 1.0 18.054387997835875
21599 1 1488719 1.0 20.315152942202985
21600 1 1026387 1.0 20.944913034327328
21601 1 1097929 1.0 20.81971289590001
21602 1 1740158 1.0 22.08855003118515
21603 1 1207112 1.0 20.51728800870478
21604 1 1049003 1.0 21.63740003015846
21605 1 1516491 1.0 21.953757968731225
21606 1 246786 1.0 20.649811951443553
21607 1 1608824 1.0 23.59551703557372
21608 1 1107107 1.0 21.388547029346228
21609 1 273331 1.0 18.766948021948338
21610 1 1302962 1.0 20.959064015187323
21611 1 1455521 1.0 23.80498603451997
21612 1 1031572 1.0 18.16969399806112
21613 1 48881 1.0 22.158217034302652
21614 1 2439957 1.0 19.010900054126978
21615 1 1847963 1.0 21.73582196701318
21616 1 1060367 1.0 22.244333988055587
21617 1 1640882 1.0 21.94435999263078
21618 1 821817 1.0 21.838575950823724
21619 1 1057219 1.0 20.985330920666456
21620 1 1298231 1.0 18.50210700649768
21621 1 1447804 1.0 17.718641087412834
21622 1 1090787 1.0 20.516443997621536
21623 1 1082923 1.0 20.00072901137173
21624 1 853119 1.0 20.569037995301187
21625 1 1078905 1.0 19.80079000350088
21626 1 122499 1.0 16.99614990502596
21627 1 174197 1.0 19.248362979851663
21628 1 1755531 1.0 21.27238002140075
21629 1 543855 1.0 23.525963071733713
21630 1 1623052 1.0 23.41657702345401
21631 1 635618 1.0 22.23081106785685
21632 1 1703597 1.0 19.574075937271118
21633 1 1663817 1.0 20.876194001175463
21634 1 830225 1.0 21.272079087793827
21635 1 1319215 1.0 21.031262003816664
21636 1 115046 1.0 21.44979010336101
21637 1 1523672 1.0 21.155906026251614
21638 1 1423148 1.0 16.64209202863276
21639 1 1122368 1.0 20.25620499625802
21640 1 1024520 1.0 20.559603930450976
21641 1 1482595 1.0 19.052185001783073
21642 1 637027 1.0 20.20106790587306
21643 1 1198608 1.0 21.58663608133793
21644 1 1651273 1.0 18.87135300785303
21645 1 679943 1.0 17.977948999032378
21646 1 1971670 1.0 18.473156029358506
21647 1 1030226 1.0 20.618372014723718
21648 1 1622976 1.0 20.4718530876562
21649 1 1029391 1.0 20.877189934253693
21650 1 1667000 1.0 18.97503691725433
21651 1 1174076 1.0 21.81346993893385
21652 1 1572912 1.0 23.09221401810646
21653 1 1796046 1.0 20.324422046542168
21654 1 1066101 1.0 22.316729999147356
21655 1 1514921 1.0 18.56205298099667
21656 1 1423090 1.0 22.086097043938935
21657 1 1101422 1.0 20.25228994898498
21658 1 1280069 1.0 19.200869952328503
21659 1 650507 1.0 19.196770037524402
21660 1 1800574 1.0 20.701155997812748
21661 1 1414732 1.0 20.00359003432095
21662 1 1652654 1.0 20.666742930188775
21663 1 1265207 1.0 19.489724072627723
21664 1 1065044 1.0 23.265279945917428
21665 1 1085245 1.0 20.267636980861425
21666 1 1287641 1.0 19.428340019658208
21667 1 855024 1.0 22.007668972946703
21668 1 1546076 1.0 21.730253007262945
21669 1 1605362 1.0 18.062761053442955
21670 1 1571301 1.0 22.15238707140088
21671 1 996118 1.0 21.23667800333351
21672 1 1039509 1.0 24.034942965954542
21673 1 1046680 1.0 18.291552900336683
21674 1 1092268 1.0 22.68971991725266
21675 1 1104530 1.0 22.326325997710228
21676 1 1447295 1.0 23.60209496691823
21677 1 1492196 1.0 21.48438198491931
21678 1 514376 1.0 21.498385001905262
21679 1 1213860 1.0 20.46226302627474
21680 1 1667069 1.0 23.356651072390378
21681 1 1492971 1.0 26.479654014110565
21682 1 1285666 1.0 22.371947998180985
21683 1 1472696 1.0 24.93336400948465
21684 1 365667 1.0 24.32708302512765
21685 1 981934 1.0 25.439118966460228
21686 1 1640881 1.0 25.774796027690172
21687 1 1395918 1.0 21.53725898824632
21688 1 822241 1.0 25.762389064766467
21689 1 1456262 1.0 23.281903006136417
21690 1 861270 1.0 24.083780008368194
21691 1 1134898 1.0 23.260165005922318
21692 1 1159953 1.0 21.650827955454588
21693 1 673486 1.0 18.798690056428313
21694 1 1460422 1.0 21.525688003748655
21695 1 1001119 1.0 22.137162974104285
21696 1 1686395 1.0 22.65692502260208
21697 1 1000154 1.0 24.139976012520492
21698 1 1447897 1.0 22.74732105433941
21699 1 253 1.0 24.04497202951461
21700 1 820544 1.0 22.720750072039664
21701 1 475020 1.0 21.57597499899566
21702 1 886531 1.0 23.39800598565489
21703 1 624926 1.0 19.25087603740394
21704 1 1606775 1.0 17.43976294528693
21705 1 571808 1.0 22.247307002544403
21706 1 1800142 1.0 22.831366979517043
21707 1 1606171 1.0 21.61741501186043
21708 1 1689050 1.0 20.467797992751002
21709 1 1080652 1.0 21.401355043053627
21710 1 1065298 1.0 19.960732897743583
21711 1 655155 1.0 20.45893808826804
21712 1 822241 1.0 21.5300009585917
21713 1 1166007 1.0 25.23614710662514
21714 1 1115426 1.0 24.953866028226912
21715 1 1401298 1.0 27.75604196358472
21716 1 981124 1.0 26.68993698898703
21717 1 1631890 1.0 28.155183070339262
21718 1 1123978 1.0 25.9528870228678
21719 1 1431538 1.0 24.352080072276294
21720 1 550506 1.0 19.82586400117725
21721 1 1299890 1.0 25.115323020145297
21722 1 1547510 1.0 21.05089498218149
21723 1 992844 1.0 30.062476987950504
21724 1 1092699 1.0 28.31735392101109
21725 1 1402310 1.0 25.78329003881663
21726 1 1961993 1.0 24.72343307454139
21727 1 1606503 1.0 22.368495003320277
21728 1 1110058 1.0 25.66645701881498
21729 1 1296616 1.0 24.309764034114778
21730 1 1596786 1.0 23.507853038609028
21731 1 988147 1.0 23.39484100230038
21732 1 588684 1.0 21.4038830017671
21733 1 1519107 1.0 21.84365503489971
21734 1 1780027 1.0 18.652293016202748
21735 1 1249048 1.0 19.1573069896549
21736 1 2015536 1.0 25.12764499988407
21737 1 827323 1.0 22.844500956125557
21738 1 61389 1.0 22.40359503775835
21739 1 1569722 1.0 19.66175506822765
21740 1 836603 1.0 21.386650972999632
21741 1 1627445 1.0 22.410021047107875
21742 1 1460363 1.0 23.410617955960333
21743 1 1797011 1.0 18.78159202169627
21744 1 988911 1.0 19.236539024859667
21745 1 1030033 1.0 21.639646030962467
21746 1 1666906 1.0 21.233538049273193
21747 1 1060041 1.0 17.120915930718184
21748 1 1035903 1.0 20.5790150212124
21749 1 385688 1.0 25.886513059958816
21750 1 1505997 1.0 21.90839999821037
21751 1 1528397 1.0 22.697911015711725
21752 1 1825358 1.0 21.97574102319777
21753 1 1153096 1.0 22.156784078106284
21754 1 1430366 1.0 19.06196994241327
21755 1 1577298 1.0 25.43860604055226
21756 1 1510940 1.0 42.24467498715967
21757 1 216008 1.0 24.77431599982083
21758 1 404455 1.0 24.478444014675915
21759 1 1228552 1.0 21.642098086886108
21760 1 1617470 1.0 25.68695694208145
21761 1 1426752 1.0 20.24141396395862
21762 1 1201080 1.0 19.976026960648596
21763 1 1186858 1.0 21.485164994373918
21764 1 530275 1.0 17.656906973570585
21765 1 1102735 1.0 22.977591957896948
21766 1 1095758 1.0 22.65867800451815
21767 1 1420269 1.0 22.378594963811338
21768 1 1201494 1.0 20.279041957110167
21769 1 1398045 1.0 21.103636943735182
21770 1 1961993 1.0 22.204381064511836
21771 1 1074411 1.0 20.195326069369912
21772 1 1522380 1.0 16.853073961101472
21773 1 1570779 1.0 19.059139071032405
21774 1 1087288 1.0 20.30792203731835
21775 1 1572912 1.0 21.277853986248374
21776 1 1680555 1.0 20.938060944899917
21777 1 1456318 1.0 22.50420197378844
21778 1 541932 1.0 22.24381302949041
21779 1 1634575 1.0 21.304750931449234
21780 1 1199666 1.0 22.275654948316514
21781 1 1649025 1.0 21.062638028524816
21782 1 833442 1.0 18.714515957981348
21783 1 820043 1.0 21.27777796704322
21784 1 1123223 1.0 19.11188999656588
21785 1 1052941 1.0 22.47397298924625
21786 1 1208163 1.0 21.28117298707366
21787 1 1248277 1.0 22.096951957792044
21788 1 441898 1.0 22.008272004313767
21789 1 1252921 1.0 18.882795004174113
21790 1 1035384 1.0 20.625857985578477
21791 1 2421102 1.0 19.367399043403566
21792 1 402660 1.0 21.794033935293555
21793 1 1474557 1.0 20.173337077721953
21794 1 1421500 1.0 22.833933006040752
21795 1 1138636 1.0 21.807768964208663
21796 1 1210441 1.0 18.23716692160815
21797 1 1115112 1.0 18.892630003392696
21798 1 817361 1.0 20.89351008180529
21799 1 1471998 1.0 20.932656014338136
21800 1 1616436 1.0 20.967062911950052
21801 1 1087838 1.0 19.77072993759066
21802 1 892543 1.0 20.413479069247842
21803 1 1433332 1.0 18.690872006118298
21804 1 1124311 1.0 20.35599690862
21805 1 980762 1.0 21.58643107395619
21806 1 940296 1.0 22.63281389605254
21807 1 1216299 1.0 17.044370993971825
21808 1 1631174 1.0 21.089028916321695
21809 1 558040 1.0 21.01132005918771
21810 1 1329476 1.0 20.981120062060654
21811 1 1493809 1.0 20.723048015497625
21812 1 463501 1.0 21.879568928852677
21813 1 1510208 1.0 20.386610995046794
21814 1 1173754 1.0 20.840712008066475
21815 1 1561977 1.0 20.463923923671246
21816 1 1167601 1.0 18.840841948986053
21817 1 1096483 1.0 19.340154947713017
21818 1 1192520 1.0 22.558994009159505
21819 1 635779 1.0 19.23790806904435
21820 1 1512638 1.0 21.379676065407693
21821 1 1273867 1.0 21.564127993769944
21822 1 1594566 1.0 19.556510029360652
21823 1 1120919 1.0 21.211075014434755
21824 1 1472152 1.0 22.713948041200638
21825 1 1650723 1.0 21.61062997765839
21826 1 916128 1.0 21.61757694557309
21827 1 1483284 1.0 22.2459469223395
21828 1 1816870 1.0 20.849098917096853
21829 1 915302 1.0 21.825536037795246
21830 1 1571731 1.0 22.80741697177291
21831 1 1039014 1.0 19.82405793387443
21832 1 1196121 1.0 21.245159907266498
21833 1 2311675 1.0 20.45861992519349
21834 1 1163852 1.0 21.26666996628046
21835 1 1526355 1.0 21.726403036154807
21836 1 1830402 1.0 20.111655932851136
21837 1 1631506 1.0 19.366836990229785
21838 1 1025839 1.0 21.891425945796072
21839 1 1217855 1.0 22.270948044024408
21840 1 1040038 1.0 18.86677008587867
21841 1 932704 1.0 23.334093973971903
21842 1 1666906 1.0 22.40718901157379
21843 1 1157547 1.0 20.9172279573977
21844 1 1209733 1.0 18.835765891708434
21845 1 1240928 1.0 21.725285099819303
21846 1 1609774 1.0 21.087975008413196
21847 1 1395800 1.0 17.171435989439487
21848 1 1467868 1.0 21.75481605809182
21849 1 1152851 1.0 21.10965398605913
21850 1 1462686 1.0 21.172197069972754
21851 1 1620221 1.0 21.010347991250455
21852 1 1567612 1.0 24.443457019515336
21853 1 1264500 1.0 22.11825898848474
21854 1 991938 1.0 19.63732310105115
21855 1 830660 1.0 21.49836509488523
21856 1 1000972 1.0 19.118107040412724
21857 1 1189392 1.0 14.44453897420317
21858 1 1199244 1.0 17.23905000835657
21859 1 1455108 1.0 14.237508992664516
21860 1 1429519 1.0 17.277544946409762
21861 1 977712 1.0 13.994834967888892
21862 1 1492509 1.0 12.64833495952189
21863 1 636232 1.0 16.62654196843505
21864 1 627367 1.0 15.501510933972895
21865 1 1556438 1.0 14.640131033957005
21866 1 981205 1.0 12.44600594509393
21867 1 1443134 1.0 12.696936959400773
21868 1 1549996 1.0 11.346002924256027
21869 1 2401841 1.0 15.039674006402493
21870 1 1954925 1.0 11.061461991630495
21871 1 1116778 1.0 13.37127503938973
21872 1 1438507 1.0 16.033265041187406
21873 1 1192540 1.0 12.666792026720941
21874 1 123483 1.0 13.691344065591693
21875 1 1481741 1.0 16.424886998720467
21876 1 1118346 1.0 15.377660049125552
21877 1 1136286 1.0 16.85582404024899
21878 1 1125389 1.0 16.50105300359428
21879 1 1800056 1.0 14.614707906730473
21880 1 827489 1.0 14.607822988182306
21881 1 442177 1.0 12.664933921769261
21882 1 1445304 1.0 15.5716190347448
21883 1 2401841 1.0 14.853482018224895
21884 1 1582897 1.0 17.258440027944744
21885 1 669821 1.0 19.041734980419278
21886 1 1298105 1.0 15.051409951411188
21887 1 240002 1.0 16.146832960657775
21888 1 1595750 1.0 16.874521039426327
21889 1 1193654 1.0 16.78398798685521
21890 1 991195 1.0 12.963048997335136
21891 1 970540 1.0 12.056354898959398
21892 1 1715967 1.0 17.110598972067237
21893 1 1070315 1.0 19.923981046304107
21894 1 1033819 1.0 15.194501960650086
21895 1 1526946 1.0 15.556312981061637
21896 1 1117139 1.0 12.75889400858432
21897 1 1014130 1.0 13.54387798346579
21898 1 1715468 1.0 17.516840947791934
21899 1 1240232 1.0 17.197545967064798
21900 1 1476364 1.0 13.721210998483002
21901 1 1185486 1.0 15.843942994251847
21902 1 667872 1.0 13.311736984178424
21903 1 283478 1.0 13.202075962908566
21904 1 1201249 1.0 18.088413984514773
21905 1 28568 1.0 15.859636012464762
21906 1 1123598 1.0 17.911310074850917
21907 1 815406 1.0 12.21886498387903
21908 1 1520514 1.0 14.101369073614478
21909 1 1216469 1.0 13.4741619694978
21910 1 1528404 1.0 16.41933701466769
21911 1 768892 1.0 15.38712007459253
21912 1 1687712 1.0 15.47569502145052
21913 1 1650509 1.0 17.8813599050045
21914 1 982467 1.0 16.37466496322304
21915 1 1069567 1.0 17.98074902035296
21916 1 1447738 1.0 15.291815041564405
21917 1 1246485 1.0 16.101895947940648
21918 1 1155825 1.0 11.351785971783102
21919 1 28568 1.0 15.206073061563075
21920 1 1122297 1.0 15.400292002595961
21921 1 1284160 1.0 14.81297006830573
21922 1 1212559 1.0 17.033968004398048
21923 1 1072154 1.0 14.580285060219467
21924 1 1416053 1.0 15.326950000599027
21925 1 1191937 1.0 14.509137952700257
21926 1 210884 1.0 15.80512395594269
21927 1 1834361 1.0 15.741896000690758
21928 1 1543615 1.0 11.790520045906305
21929 1 1409596 1.0 17.13152590673417
21930 1 1619085 1.0 16.57973602414131
21931 1 1309277 1.0 12.407784000970423
21932 1 1419390 1.0 16.196320997551084
21933 1 1729608 1.0 17.709336942061782
21934 1 987085 1.0 15.666591003537178
21935 1 220442 1.0 14.455997967161238
21936 1 2411550 1.0 17.02752197161317
21937 1 1195135 1.0 9.269039961509407
21938 1 1082390 1.0 14.424868044443429
21939 1 1214838 1.0 14.564940007403493
21940 1 2149104 1.0 12.741553946398199
21941 1 1096937 1.0 17.59449194651097
21942 1 1851849 1.0 13.760424102656543
21943 1 1277194 1.0 17.257681931369007
21944 1 1043213 1.0 14.601589064113796
21945 1 240002 1.0 15.294602955691516
21946 1 1328170 1.0 13.07006401475519
21947 1 1640321 1.0 17.53645797725767
21948 1 237217 1.0 13.678246992640197
21949 1 1174377 1.0 16.880932031199336
21950 1 574538 1.0 17.298539984039962
21951 1 1628910 1.0 17.865011002868414
21952 1 1470012 1.0 17.85713096614927
21953 1 1492509 1.0 13.140639988705516
21954 1 1920289 1.0 15.432490035891533
21955 1 1072695 1.0 13.280953979119658
21956 1 1634419 1.0 17.331685055978596
21957 1 873100 1.0 17.334909993223846
21958 1 286888 1.0 15.397455892525613
21959 1 1274483 1.0 11.11366506665945
21960 1 1123862 1.0 16.249367967247963
21961 1 1492905 1.0 12.680134968832135
21962 1 210884 1.0 12.60689808987081
21963 1 1449399 1.0 17.720170901156962
21964 1 1015613 1.0 11.81174092926085
21965 1 1662807 1.0 18.344059004448354
21966 1 283478 1.0 13.165100011974573
21967 1 114850 1.0 11.199717060662806
21968 1 1034492 1.0 16.82548294775188
21969 1 1015529 1.0 16.98276004754007
21970 1 1096937 1.0 17.362812999635935
21971 1 1627890 1.0 15.434970031492412
21972 1 1337851 1.0 15.927428030408919
21973 1 768892 1.0 15.278319013305008
21974 1 1447738 1.0 15.60246106237173
21975 1 1174486 1.0 14.607753022573888
21976 1 1293032 1.0 15.209322911687195
21977 1 970832 1.0 11.654332978650928
21978 1 1101046 1.0 16.45245007239282
21979 1 1041172 1.0 15.299494029022753
21980 1 1293032 1.0 15.50986000802368
21981 1 1428059 1.0 13.366670929826796
21982 1 1240232 1.0 18.65113398525864
21983 1 1149091 1.0 14.834985951893032
21984 1 1075547 1.0 16.82426198385656
21985 1 1410266 1.0 15.526712057180703
21986 1 1454969 1.0 16.070734011009336
21987 1 804558 1.0 14.703106950037181
21988 1 1326391 1.0 17.208628938533366
21989 1 1284160 1.0 15.496290987357497
21990 1 811151 1.0 15.913916984573007
21991 1 1085319 1.0 15.982956974767148
21992 1 1303375 1.0 15.384385944344103
21993 1 1086388 1.0 18.149140989407897
21994 1 1410477 1.0 17.086729989387095
21995 1 265052 1.0 18.90071004163474
21996 1 1163256 1.0 12.543453020043671
21997 1 1169596 1.0 15.224709990434349
21998 1 1144258 1.0 16.183531028218567
21999 1 1446818 1.0 19.784632022492588
22000 1 1790680 1.0 16.34325599297881
22001 1 1088920 1.0 17.34959497116506
22002 1 1549996 1.0 10.860282927751541
22003 1 1988701 1.0 18.23653106112033
22004 1 1182234 1.0 17.471592058427632
22005 1 1170095 1.0 18.212914001196623
22006 1 1410266 1.0 15.438657021149993
22007 1 1955478 1.0 15.532383928075433
22008 1 1556539 1.0 18.686271039769053
22009 1 240002 1.0 15.487533994019032
22010 1 1472690 1.0 17.367471009492874
22011 1 1520662 1.0 17.725237063132226
22012 1 1042330 1.0 17.51146698370576
22013 1 1010230 1.0 15.976834925822914
22014 1 1018504 1.0 17.294023069553077
22015 1 1492895 1.0 16.878893016837537
22016 1 1482668 1.0 17.34812092036009
22017 1 1058650 1.0 15.358621021732688
22018 1 1202514 1.0 16.19712694082409
22019 1 1088920 1.0 16.945363953709602
22020 1 822928 1.0 17.876436933875084
22021 1 811200 1.0 12.064788024872541
22022 1 1491069 1.0 13.711418956518173
22023 1 28568 1.0 15.446958015672863
22024 1 1185505 1.0 15.347142005339265
22025 1 1851858 1.0 17.042630002833903
22026 1 1154854 1.0 15.488839009776711
22027 1 1043586 1.0 15.600673970766366
22028 1 1185486 1.0 15.268768998794258
22029 1 981205 1.0 13.260383973829448
22030 1 850741 1.0 15.992784989066422
22031 1 1037375 1.0 15.957461087964475
22032 1 265052 1.0 18.415709026157856
22033 1 1290731 1.0 13.615800999104977
22034 1 1796262 1.0 15.40362706873566
22035 1 1460224 1.0 15.740526025183499
22036 1 768892 1.0 15.248373965732753
22037 1 1611671 1.0 17.466604942455888
22038 1 1186552 1.0 16.099523985758424
22039 1 1213102 1.0 14.610981103032827
22040 1 1602672 1.0 15.5766709940508
22041 1 1202201 1.0 16.496547032147646
22042 1 1631069 1.0 19.841955043375492
22043 1 1470744 1.0 17.173247993923724
22044 1 834306 1.0 16.828213003464043
22045 1 1091869 1.0 19.42954899277538
22046 1 1015613 1.0 14.27667704410851
22047 1 1336807 1.0 15.54813701659441
22048 1 1378449 1.0 15.249075018800795
22049 1 1729608 1.0 18.591919913887978
22050 1 1189150 1.0 20.11003694497049
22051 1 1410805 1.0 15.555756050162017
22052 1 1175833 1.0 16.500242054462433
22053 1 1445304 1.0 15.715188928879797
22054 1 1226104 1.0 17.247869982384145
22055 1 1337851 1.0 15.126505051739514
22056 1 1851849 1.0 14.723478932864964
22057 1 381043 1.0 18.501808983273804
22058 1 1800056 1.0 14.486519037745893
22059 1 1223617 1.0 16.743329004384577
22060 1 1801021 1.0 15.769721008837223
22061 1 1543615 1.0 11.93026197142899
22062 1 1447696 1.0 13.478541048243642
22063 1 1037375 1.0 15.360488905571401
22064 1 1074457 1.0 18.476923927664757
22065 1 1453921 1.0 13.648440013639629
22066 1 1050978 1.0 15.471384976990521
22067 1 1092211 1.0 14.510293956845999
22068 1 827412 1.0 11.900621931999922
22069 1 1016975 1.0 15.342483995482326
22070 1 1024767 1.0 11.771291960030794
22071 1 206354 1.0 13.223132002167404
22072 1 1057481 1.0 11.468856944702566
22073 1 1527593 1.0 17.407224979251623
22074 1 1684904 1.0 14.368779957294464
22075 1 1302278 1.0 14.417227008379996
22076 1 1067514 1.0 12.224048026837409
22077 1 1203872 1.0 13.175519998185337
22078 1 1419871 1.0 15.873763943091035
22079 1 1606192 1.0 16.371233970858157
22080 1 629156 1.0 12.699942919425666
22081 1 1851858 1.0 16.799294971860945
22082 1 22869 1.0 13.564668013714254
22083 1 1674632 1.0 18.002709955908358
22084 1 1056081 1.0 14.540183008648455
22085 1 1465345 1.0 12.48157606460154
22086 1 1955478 1.0 15.605516964569688
22087 1 1280981 1.0 13.778486987575889
22088 1 1955478 1.0 15.56392596103251
22089 1 1197543 1.0 12.684907065704465
22090 1 1507437 1.0 15.361729077994823
22091 1 1354390 1.0 17.334374017082155
22092 1 25173 1.0 15.611423063091934
22093 1 1051527 1.0 15.872641000896692
22094 1 1118617 1.0 14.641706948168576
22095 1 1482668 1.0 17.24946207832545
22096 1 1062611 1.0 14.41153697669506
22097 1 1544082 1.0 15.373570960946381
22098 1 999321 1.0 15.447737998329103
22099 1 1505056 1.0 15.105183003470302
22100 1 1074457 1.0 16.399080050177872
22101 1 1334634 1.0 12.241368065588176
22102 1 1627521 1.0 16.239934018813074
22103 1 1598196 1.0 13.683798024430871
22104 1 1522998 1.0 17.92502892203629
22105 1 669821 1.0 17.529029049910605
22106 1 1638180 1.0 16.578229959122837
22107 1 1512513 1.0 15.612487914040685
22108 1 1687712 1.0 15.471849008463323
22109 1 1123960 1.0 19.037245074287057
22110 1 1606192 1.0 17.147289938293397
22111 1 1160418 1.0 15.827918890863657
22112 1 828285 1.0 15.246330061927438
22113 1 1346317 1.0 12.655384023673832
22114 1 1845009 1.0 16.376364044845104
22115 1 67744 1.0 14.513444039039314
22116 1 821172 1.0 15.468648984096944
22117 1 1653883 1.0 16.40782004687935
22118 1 1105777 1.0 17.42510194890201
22119 1 1419390 1.0 16.550976899452507
22120 1 1443134 1.0 12.765903025865555
22121 1 1556539 1.0 18.570367014035583
22122 1 2411550 1.0 17.683670041151345
22123 1 1445877 1.0 16.46878896281123
22124 1 1420399 1.0 13.575050048530102
22125 1 1134640 1.0 13.115937006659806
22126 1 1464237 1.0 16.97284309193492
22127 1 2415506 1.0 13.005696004256606
22128 1 286888 1.0 15.412183944135904
22129 1 820185 1.0 10.908529977314174
22130 1 1520514 1.0 13.551265932619572
22131 1 1851849 1.0 13.65445798728615
22132 1 1070315 1.0 19.058976089581847
22133 1 1460224 1.0 15.33693098463118
22134 1 1070315 1.0 19.691111985594034
22135 1 2025896 1.0 17.345007974654436
22136 1 246599 1.0 16.08124398626387
22137 1 1387734 1.0 15.76689793728292
22138 1 1288454 1.0 14.667578041553497
22139 1 1348072 1.0 16.58916799351573
22140 1 1205373 1.0 16.955520026385784
22141 1 336826 1.0 18.186329980380833
22142 1 1529663 1.0 15.959355980157852
22143 1 1492905 1.0 13.021765043959022
22144 1 1460364 1.0 13.957181945443153
22145 1 123483 1.0 13.562393025495112
22146 1 1573641 1.0 17.161700990982354
22147 1 450247 1.0 14.114691992290318
22148 1 890455 1.0 15.97611396573484
22149 1 816278 1.0 14.177820063196123
22150 1 1674632 1.0 18.85215798392892
22151 1 1202514 1.0 16.758734942413867
22152 1 1594961 1.0 16.264850040897727
22153 1 1566712 1.0 15.90346999000758
22154 1 1134477 1.0 11.93884399253875
22155 1 1665090 1.0 17.57828297559172
22156 1 1501535 1.0 13.37168796453625
22157 1 1177541 1.0 14.536289032548666
22158 1 1080583 1.0 16.734560020267963
22159 1 1568507 1.0 16.057569067925215
22160 1 1247918 1.0 18.69329798500985
22161 1 381043 1.0 18.539685988798738
22162 1 1027302 1.0 16.783174010924995
22163 1 1196238 1.0 16.716829035431147
22164 1 1790955 1.0 16.719463979825377
22165 1 1395519 1.0 20.078759058378637
22166 1 1075484 1.0 17.896607983857393
22167 1 1178099 1.0 15.771711012348533
22168 1 1602672 1.0 14.950421988032758
22169 1 1086388 1.0 18.27525906264782
22170 1 1460224 1.0 16.14499499555677
22171 1 1156956 1.0 15.829283045604825
22172 1 1181933 1.0 12.626025010831654
22173 1 210884 1.0 13.01503402646631
22174 1 1470012 1.0 18.006048048846424
22175 1 710062 1.0 13.022475992329419
22176 1 426142 1.0 17.29804603382945
22177 1 1439660 1.0 18.936263979412615
22178 1 1851849 1.0 14.08999296836555
22179 1 25173 1.0 15.58231411036104
22180 1 240013 1.0 17.277666018344462
22181 1 1803163 1.0 18.14993505831808
22182 1 768892 1.0 16.16091898176819
22183 1 1455335 1.0 15.665889019146562
22184 1 1043213 1.0 14.987763017416
22185 1 768892 1.0 15.746760996989906
22186 1 1715641 1.0 16.953662969172
22187 1 1455304 1.0 21.834785002283752
22188 1 820435 1.0 17.009307048283517
22189 1 1247918 1.0 17.349676927551627
22190 1 1387734 1.0 15.801189001649618
22191 1 240002 1.0 15.537829021923244
22192 1 1638413 1.0 15.303136082366109
22193 1 1238600 1.0 17.38673006184399
22194 1 1081712 1.0 15.478029963560402
22195 1 1182234 1.0 18.24765803758055
22196 1 1851849 1.0 13.86184396687895
22197 1 1549996 1.0 11.095060035586357
22198 1 1365575 1.0 16.11374504864216
22199 1 827043 1.0 17.964461003430188
22200 1 1799785 1.0 16.582715907134116
22201 1 1249397 1.0 10.913294041529298
22202 1 1004927 1.0 16.61307900212705
22203 1 2411550 1.0 17.81500899232924
22204 1 1653883 1.0 16.86014304868877
22205 1 1062611 1.0 14.688130002468824
22206 1 2025896 1.0 16.843157005496323
22207 1 983052 1.0 15.31525596510619
22208 1 1067299 1.0 15.625147032551467
22209 1 1572367 1.0 11.74428896047175
22210 1 2401841 1.0 14.50044009834528
22211 1 1018745 1.0 16.536434995941818
22212 1 1043586 1.0 15.178071917034686
22213 1 1274483 1.0 11.287947068922222
22214 1 1688980 1.0 13.798183994367719
22215 1 1061249 1.0 12.978837010450661
22216 1 671968 1.0 17.454214044846594
22217 1 1512435 1.0 15.360307996161282
22218 1 143020 1.0 18.44327407889068
22219 1 1058650 1.0 16.350844060070813
22220 1 944605 1.0 13.977397000417113
22221 1 1069567 1.0 19.352079019881785
22222 1 1980298 1.0 17.65256794169545
22223 1 1426194 1.0 18.129625008441508
22224 1 1460364 1.0 13.98505992256105
22225 1 1444890 1.0 17.72513205651194
22226 1 1007115 1.0 17.45153102092445
22227 1 582465 1.0 16.208881977945566
22228 1 697271 1.0 12.563796946778893
22229 1 1669927 1.0 15.574981924146414
22230 1 805011 1.0 17.121091950684786
22231 1 1495078 1.0 14.93873493745923
22232 1 1662974 1.0 15.459200949408114
22233 1 1962703 1.0 13.78308201674372
22234 1 858120 1.0 17.979679978452623
22235 1 1571814 1.0 15.934097114950418
22236 1 1422009 1.0 19.06348404008895
22237 1 1467636 1.0 13.49853293504566
22238 1 1666796 1.0 18.03921500686556
22239 1 582465 1.0 15.52233297843486
22240 1 377790 1.0 12.713122996501625
22241 1 1491044 1.0 15.366054023616016
22242 1 1555066 1.0 14.68657806981355
22243 1 1113294 1.0 14.018743066117167
22244 1 1288402 1.0 14.052108046598732
22245 1 2009735 1.0 15.263864072039723
22246 1 1576519 1.0 15.450736042112112
22247 1 1605999 1.0 16.319232061505318
22248 1 206354 1.0 13.528774958103895
22249 1 1334634 1.0 12.602752074599266
22250 1 1490424 1.0 19.47002299129963
22251 1 1662974 1.0 15.74430603068322
22252 1 426142 1.0 16.883371979929507
22253 1 1070315 1.0 19.15881794411689
22254 1 1138345 1.0 17.36318599432707
22255 1 1144368 1.0 16.91568607930094
22256 1 484221 1.0 18.656288040801883
22257 1 2025896 1.0 14.950732002034783
22258 1 1047389 1.0 14.89403797313571
22259 1 1514187 1.0 16.145538073033094
22260 1 1429519 1.0 17.320689978078008
22261 1 1066097 1.0 12.514334986917675
22262 1 1662839 1.0 11.254517012275755
22263 1 1043586 1.0 15.770072001032531
22264 1 1457400 1.0 15.870256931520998
22265 1 1373413 1.0 15.960042015649378
22266 1 544557 1.0 16.425575013272464
22267 1 1476364 1.0 14.001425937749445
22268 1 67744 1.0 11.204943992197514
22269 1 627367 1.0 13.435484026558697
22270 1 987022 1.0 17.137313960120082
22271 1 768892 1.0 14.979919069446623
22272 1 1834361 1.0 15.000645071268082
22273 1 1043586 1.0 15.32941299956292
22274 1 1450439 1.0 15.442747971974313
22275 1 1317324 1.0 16.383836045861244
22276 1 1191776 1.0 14.498676056973636
22277 1 621009 1.0 17.611419083550572
22278 1 1528226 1.0 14.5132290199399
22279 1 983052 1.0 15.315152937546372
22280 1 1413206 1.0 17.3563570715487
22281 1 1118056 1.0 16.871616942808032
22282 1 1345169 1.0 16.807441948913038
22283 1 381043 1.0 18.59704393427819
22284 1 621009 1.0 17.58066494949162
22285 1 1143082 1.0 12.604987947270274
22286 1 1117139 1.0 12.545987032353878
22287 1 1419390 1.0 16.602176008746028
22288 1 1402407 1.0 15.054631978273392
22289 1 1176721 1.0 16.17327402345836
22290 1 67744 1.0 11.309211025945842
22291 1 1300379 1.0 15.371748013421893
22292 1 1477690 1.0 15.463712974451482
22293 1 1470744 1.0 15.804006019607186
22294 1 1480439 1.0 15.983128920197487
22295 1 1031551 1.0 17.49061094596982
22296 1 558023 1.0 12.680984917096794
22297 1 1409971 1.0 16.193190938793123
22298 1 697771 1.0 17.28549401741475
22299 1 841581 1.0 15.939424047246575
22300 1 240002 1.0 15.865262947045267
22301 1 1193233 1.0 13.208857970312238
22302 1 1492195 1.0 14.641172019764781
22303 1 768892 1.0 15.331241069361567
22304 1 1614331 1.0 15.915489988401532
22305 1 1032492 1.0 15.140756033360958
22306 1 1174377 1.0 16.953806043602526
22307 1 1303247 1.0 15.414870111271739
22308 1 1611671 1.0 16.34401094634086
22309 1 1662839 1.0 10.905352071858943
22310 1 1189392 1.0 14.93442291393876
22311 1 1543615 1.0 11.840636027045548
22312 1 953375 1.0 14.3883409909904
22313 1 1209053 1.0 17.419960000552237
22314 1 1103105 1.0 15.32984001096338
22315 1 1653928 1.0 17.81023305375129
22316 1 1015075 1.0 12.184001039713621
22317 1 1122619 1.0 11.479498934932053
22318 1 1100995 1.0 17.67715299502015
22319 1 1457671 1.0 12.644317001104355
22320 1 1293032 1.0 15.540082938969135
22321 1 1336807 1.0 14.423583983443677
22322 1 689551 1.0 14.409341965802014
22323 1 2149104 1.0 12.665073038078845
22324 1 1038904 1.0 13.472469057887793
22325 1 1143800 1.0 14.482656959444284
22326 1 206354 1.0 13.659273041412234
22327 1 1188182 1.0 10.892628924921155
22328 1 1420143 1.0 13.372995075769722
22329 1 1146277 1.0 16.583270975388587
22330 1 1195750 1.0 15.159314963966608
22331 1 1178419 1.0 10.985793080180883
22332 1 1219078 1.0 17.15429301839322
22333 1 824352 1.0 16.108572017401457
22334 1 1413206 1.0 18.157664104364812
22335 1 385460 1.0 15.508338925428689
22336 1 1061249 1.0 12.91008503176272
22337 1 768892 1.0 15.280671999789774
22338 1 1613245 1.0 16.283449018374085
22339 1 1069801 1.0 13.569278991781175
22340 1 1176033 1.0 15.299933031201363
22341 1 1074543 1.0 18.00419797655195
22342 1 1528226 1.0 15.580647974275053
22343 1 1154446 1.0 14.834614004939795
22344 1 1444890 1.0 17.14261097367853
22345 1 1094963 1.0 12.516575050540268
22346 1 1205373 1.0 15.463212039321661
22347 1 1606792 1.0 17.156407004222274
22348 1 1523485 1.0 11.777841951698065
22349 1 987085 1.0 15.331525006331503
22350 1 2262295 1.0 17.609492992050946
22351 1 2474226 1.0 12.588810990564525
22352 1 1326391 1.0 17.27870397735387
22353 1 1400989 1.0 17.676557996310294
22354 1 1190941 1.0 14.525243896059692
22355 1 2354364 1.0 17.446503043174744
22356 1 1085632 1.0 12.8524589817971
22357 1 1689161 1.0 10.244854027405381
22358 1 1673966 1.0 8.69539100676775
22359 1 895426 1.0 7.479780004359782
22360 1 851226 1.0 8.674102951772511
22361 1 1158933 1.0 9.511393029242754
22362 1 1118388 1.0 9.40466404426843
22363 1 1152680 1.0 9.578865021467209
22364 1 1436694 1.0 7.044680067338049
22365 1 848066 1.0 10.985931032337248
22366 1 894430 1.0 7.870933972299099
22367 1 250283 1.0 11.106088059023023
22368 1 895426 1.0 7.560928934253752
22369 1 1750351 1.0 9.593758964911103
22370 1 1518626 1.0 11.032470036298037
22371 1 1040370 1.0 12.286085984669626
22372 1 275461 1.0 14.523042016662657
22373 1 1114948 1.0 8.175902999937534
22374 1 997062 1.0 10.903203976340592
22375 1 412335 1.0 10.747605934739113
22376 1 873084 1.0 11.72552804928273
22377 1 127492 1.0 10.465692030265927
22378 1 1072031 1.0 10.488108964636922
22379 1 1750351 1.0 9.934792062267661
22380 1 984141 1.0 7.635871064849198
22381 1 1138458 1.0 9.715655003674328
22382 1 1709082 1.0 12.104952009394765
22383 1 127492 1.0 9.897178038954735
22384 1 1150426 1.0 10.910148033872247
22385 1 1140128 1.0 9.148253011517227
22386 1 1148177 1.0 9.3358299927786
22387 1 1006909 1.0 7.370454957708716
22388 1 1077466 1.0 9.375359979458153
22389 1 987103 1.0 11.348421918228269
22390 1 815439 1.0 9.070669999346137
22391 1 1011827 1.0 8.720251033082604
22392 1 809736 1.0 10.194328031502664
22393 1 990372 1.0 9.70454199705273
22394 1 813110 1.0 10.920108994469047
22395 1 417915 1.0 8.589972974732518
22396 1 1065538 1.0 13.13158601988107
22397 1 1202571 1.0 11.937497998587787
22398 1 417915 1.0 8.40450800023973
22399 1 2457319 1.0 10.76398603618145
22400 1 1148177 1.0 9.687224053777754
22401 1 607778 1.0 12.084565008990467
22402 1 872233 1.0 10.064217960461974
22403 1 1436694 1.0 7.495632977224886
22404 1 1684793 1.0 9.759576991200447
22405 1 1023666 1.0 10.598549037240446
22406 1 1339921 1.0 11.552263982594013
22407 1 1000695 1.0 9.934299043379724
22408 1 1170299 1.0 9.748591925017536
22409 1 1025579 1.0 8.168551954440773
22410 1 1131422 1.0 10.933642042800784
22411 1 1068617 1.0 9.393800981342793
22412 1 1157659 1.0 12.788466061465442
22413 1 1436694 1.0 7.678837049752474
22414 1 842478 1.0 7.723028073087335
22415 1 1339921 1.0 11.073952075093985
22416 1 862481 1.0 10.485440958291292
22417 1 417915 1.0 8.046848000958562
22418 1 1114782 1.0 10.358077008277178
22419 1 1107349 1.0 8.966711000539362
22420 1 1152680 1.0 10.231873020529747
22421 1 1377187 1.0 7.970932987518609
22422 1 1750351 1.0 10.264397016726434
22423 1 852546 1.0 7.589232991449535
22424 1 840337 1.0 9.774179896339774
22425 1 1750351 1.0 9.731789003126323
22426 1 938694 1.0 10.329423006623983
22427 1 1709082 1.0 11.76741998642683
22428 1 1419144 1.0 11.226378032006323
22429 1 1137675 1.0 8.758274954743683
22430 1 1436694 1.0 6.983895902521908
22431 1 1377187 1.0 7.486733957193792
22432 1 871240 1.0 10.539543000049889
22433 1 1070588 1.0 10.433242889121175
22434 1 1684793 1.0 9.367041988298297
22435 1 1781080 1.0 8.981188060715795
22436 1 1048414 1.0 10.5962980305776
22437 1 1339921 1.0 12.355191982351243
22438 1 1750351 1.0 10.254177963361144
22439 1 1689161 1.0 10.98623697180301
22440 1 1750351 1.0 9.879483026452363
22441 1 938694 1.0 10.672100936062634
22442 1 127492 1.0 10.737733915448189
22443 1 1086716 1.0 11.66693598497659
22444 1 1535844 1.0 8.447676082141697
22445 1 607778 1.0 14.439365942962468
22446 1 275461 1.0 8.424757048487663
22447 1 1093245 1.0 8.2194940187037
22448 1 1023666 1.0 10.430455091409385
22449 1 1709082 1.0 12.258999049663544
22450 1 1035245 1.0 9.018633048981428
22451 1 863895 1.0 10.203981073573232
22452 1 856290 1.0 10.278504923917353
22453 1 895426 1.0 7.664818083867431
22454 1 412335 1.0 9.492294047959149
22455 1 1023666 1.0 10.423743049614131
22456 1 127492 1.0 10.372126009315252
22457 1 1750351 1.0 10.66864700987935
22458 1 1157019 1.0 8.837155066430569
22459 1 1750351 1.0 9.620702010579407
22460 1 1137367 1.0 9.370221989229321
22461 1 1123499 1.0 8.09040293097496
22462 1 1040370 1.0 11.890601017512381
22463 1 1073169 1.0 10.26431703940034
22464 1 939583 1.0 9.777096915058792
22465 1 826222 1.0 11.841200990602374
22466 1 417915 1.0 8.018243010155857
22467 1 2457319 1.0 10.148325003683567
22468 1 127492 1.0 10.03415696322918
22469 1 895426 1.0 8.094154996797442
22470 1 1695640 1.0 7.633031927980483
22471 1 1152680 1.0 9.652074077166617
22472 1 1689161 1.0 10.321454028598964
22473 1 1684793 1.0 9.414158994331956
22474 1 843428 1.0 12.496171984821558
22475 1 1684793 1.0 9.54913697205484
22476 1 127492 1.0 10.105273104272783
22477 1 1436694 1.0 7.046229904517531
22478 1 127492 1.0 10.126277920790017
22479 1 1006239 1.0 10.871008038520813
22480 1 1152680 1.0 9.406152996234596
22481 1 412335 1.0 9.390295017510653
22482 1 1750351 1.0 9.552022907882929
22483 1 1012144 1.0 9.487682022154331
22484 1 837522 1.0 9.38315608073026
22485 1 1079799 1.0 9.785991976968944
22486 1 250283 1.0 10.593284969218075
22487 1 938694 1.0 10.457603028044105
22488 1 1040370 1.0 11.177434935234487
22489 1 127492 1.0 10.001135058701038
22490 1 127492 1.0 10.161338956095278
22491 1 1016772 1.0 10.126600041985512
22492 1 417915 1.0 8.145426982082427
22493 1 1750351 1.0 9.493960998952389
22494 1 810522 1.0 10.637040017172694
22495 1 1023666 1.0 10.618402971886098
22496 1 377980 1.0 9.701985982246697
22497 1 1750351 1.0 9.943197946995497
22498 1 1759845 1.0 9.20717604458332
22499 1 412335 1.0 10.003796080127358
22500 1 1011827 1.0 8.925073081627488
22501 1 2457319 1.0 10.502821998670697
22502 1 1093245 1.0 8.301560999825597
22503 1 1535844 1.0 8.482065983116627
22504 1 1695640 1.0 7.922625984065235
22505 1 895426 1.0 7.719254936091602
22506 1 1093245 1.0 8.429047069512308
22507 1 1157248 1.0 8.609995013102889
22508 1 1148177 1.0 9.895285940729082
22509 1 2457319 1.0 10.460956953465939
22510 1 1673966 1.0 10.11572394054383
22511 1 1673966 1.0 9.181126020848751
22512 1 1023666 1.0 10.44469396583736
22513 1 1040204 1.0 9.561924962326884
22514 1 1436694 1.0 7.014466915279627
22515 1 1339921 1.0 11.2491570180282
22516 1 1196778 1.0 8.994793053716421
22517 1 1123652 1.0 10.035848012194037
22518 1 1419144 1.0 12.160867918282747
22519 1 1101458 1.0 10.440130019560456
22520 1 1436694 1.0 7.522718980908394
22521 1 1148177 1.0 10.289129917509854
22522 1 1148796 1.0 10.235411929897964
22523 1 1436694 1.0 7.52858305349946
22524 1 1093245 1.0 8.471069973893464
22525 1 586468 1.0 10.209077037870884
22526 1 250283 1.0 12.330088065937161
22527 1 1436694 1.0 7.313327048905194
22528 1 993226 1.0 10.47500898130238
22529 1 833111 1.0 7.412364007905126
22530 1 1695640 1.0 8.239037008024752
22531 1 1202571 1.0 11.68299000710249
22532 1 1105991 1.0 9.688088088296354
22533 1 852742 1.0 9.712566970847547
22534 1 1709082 1.0 12.238223920576274
22535 1 1198814 1.0 6.632874021306634
22536 1 938694 1.0 11.891333968378603
22537 1 1377187 1.0 7.689152960665524
22538 1 1161492 1.0 8.463150938041508
22539 1 1058818 1.0 9.70569800119847
22540 1 1377187 1.0 7.621463038958609
22541 1 2457319 1.0 10.611895937472582
22542 1 857597 1.0 12.061282061040401
22543 1 1093245 1.0 8.076672907918692
22544 1 1734888 1.0 8.91811097972095
22545 1 1023886 1.0 10.073082987219095
22546 1 250283 1.0 11.344646918587387
22547 1 1377187 1.0 7.656123023480177
22548 1 1040370 1.0 11.259741964749992
22549 1 974882 1.0 11.528072063811123
22550 1 127492 1.0 10.493439971469343
22551 1 417915 1.0 8.060196996666491
22552 1 1016703 1.0 11.155323009006679
22553 1 1436694 1.0 7.0571149699389935
22554 1 417915 1.0 8.131767041049898
22555 1 1185060 1.0 10.380094987340271
22556 1 1101230 1.0 9.374056942760944
22557 1 1750351 1.0 9.676995105110109
22558 1 1436694 1.0 7.301263976842165
22559 1 1377187 1.0 7.49203993473202
22560 1 1013942 1.0 8.085206034593284
22561 1 1673966 1.0 8.671535993926227
22562 1 1171480 1.0 9.483383037149906
22563 1 836289 1.0 10.278296074829996
22564 1 1436694 1.0 7.150443037971854
22565 1 939583 1.0 9.539771010167897
22566 1 1419144 1.0 11.338781099766493
22567 1 1086542 1.0 6.894594989717007
22568 1 1041615 1.0 7.509907009080052
22569 1 1689161 1.0 10.467622894793749
22570 1 1183528 1.0 11.431607068516314
22571 1 1750351 1.0 10.428024921566248
22572 1 2457319 1.0 11.927001061849296
22573 1 1695640 1.0 7.798903970979154
22574 1 2347084 1.0 6.7390410695225
22575 1 417915 1.0 8.495433954522014
22576 1 959083 1.0 6.6571090137586
22577 1 2387927 1.0 7.190532982349396
22578 1 1841017 1.0 5.7436879724264145
22579 1 2387927 1.0 7.128351950086653
22580 1 1841017 1.0 5.713411956094205
