0 0 0 0 0.4714659880846739
1 0 0 0 0.561743974685669
2 0 0 0 0.5456119542941451
3 0 0 0 0.5393830360844731
4 0 0 0 0.5449149757623672
5 0 0 0 0.5976819666102529
6 0 0 0 0.49842800945043564
7 0 0 0 0.5500670522451401
8 0 0 0 0.5335409659892321
9 0 0 0 0.5329640116542578
10 0 0 0 0.4867240786552429
11 0 0 0 0.5391050362959504
12 0 0 0 0.547852017916739
13 0 0 0 0.5586560582742095
14 0 0 0 0.4733409732580185
15 0 0 0 0.5920459516346455
16 0 0 0 0.5709260003641248
17 0 0 0 0.575350015424192
18 0 0 0 0.5056030349805951
19 0 0 0 0.5588550120592117
20 0 0 0 0.5236479919403791
21 0 0 0 0.5590019281953573
22 0 0 0 0.5735839949920774
23 0 0 0 0.5794509779661894
24 0 0 0 0.5163700552657247
25 0 0 0 0.5006829742342234
26 0 0 0 0.5368969868868589
27 0 0 0 0.5399310030043125
28 0 0 0 0.5529359914362431
29 0 0 0 0.5355660105124116
30 0 0 0 0.5685240030288696
31 0 0 0 0.5431099561974406
32 0 0 0 0.559814041480422
33 0 0 0 0.541980960406363
34 0 0 0 0.560560030862689
35 0 0 0 0.5672900006175041
36 0 0 0 0.5541580030694604
37 0 0 0 0.5072429776191711
38 0 0 0 0.5027389852330089
39 0 0 0 0.5195970879867673
40 0 0 0 0.5397179629653692
41 0 0 0 0.5122279981151223
42 0 0 0 0.5317580653354526
43 0 0 0 0.5499400431290269
44 0 0 0 0.5120399873703718
45 0 0 0 0.5778970662504435
46 0 0 0 0.5619600415229797
47 0 0 0 0.5506179295480251
48 0 0 0 0.5415559280663729
49 0 0 0 0.5062880227342248
50 0 0 0 0.5145209142938256
51 0 0 0 0.564326997846365
52 0 0 0 0.5513690412044525
53 0 0 0 0.5174060352146626
54 0 0 0 0.5580540746450424
55 0 0 0 0.5715190200135112
56 0 0 0 0.5085599841549993
57 0 0 0 0.5637429421767592
58 0 0 0 0.5755389574915171
59 0 0 0 0.5429950542747974
60 0 0 0 0.5212440155446529
61 0 0 0 0.512943952344358
62 0 0 0 0.49634394235908985
63 0 0 0 0.5567050538957119
64 0 0 0 0.5532399518415332
65 0 0 0 0.5406549898907542
66 0 0 0 0.5033080233260989
67 0 0 0 0.49472798127681017
68 0 0 0 0.5252460250630975
69 0 0 0 0.53481908980757
70 0 0 0 0.5339588969945908
71 0 0 0 0.5031450418755412
72 0 0 0 0.4798599984496832
73 0 0 0 0.485974014736712
74 0 0 0 0.5201739259064198
75 0 0 0 0.5413300823420286
76 0 0 0 0.5289639811962843
77 0 0 0 0.5860950332134962
78 0 0 0 0.5070619517937303
79 0 0 0 0.47700502909719944
80 0 0 0 0.4633950302377343
81 0 0 0 0.5115879466757178
82 0 0 0 0.493606086820364
83 0 0 0 0.5145610775798559
84 0 0 0 0.5137970438227057
85 0 0 0 0.5146859912201762
86 0 0 0 0.5320589989423752
87 0 0 0 0.4446370294317603
88 0 0 0 0.5138160195201635
89 0 0 0 0.5026290891692042
90 0 0 0 0.46682602260261774
91 0 0 0 0.4838869208469987
92 0 0 0 0.4814869025722146
93 0 0 0 0.5634949775412679
94 0 0 0 0.5086290184408426
95 0 0 0 0.5477529484778643
96 0 0 0 0.5196270067244768
97 0 0 0 0.4767170175909996
98 0 0 0 0.5171640077605844
99 0 0 0 0.5102079594507813
100 0 0 0 0.48816902562975883
101 0 0 0 0.5066050216555595
102 0 0 0 0.514887971803546
103 0 0 0 0.5029549356549978
104 0 0 0 0.5080320406705141
105 0 0 0 0.49846398178488016
106 0 0 0 0.4820820176973939
107 0 0 0 0.49523392226547003
108 0 0 0 0.5712190177291632
109 0 0 0 0.5239830352365971
110 0 0 0 0.5083429859951138
111 0 0 0 0.5132099613547325
112 0 0 0 0.5480519030243158
113 0 0 0 0.5180099979043007
114 0 0 0 0.46902208123356104
115 0 0 0 0.5342919612303376
116 0 0 0 0.5383760435506701
117 0 0 0 0.5510949995368719
118 0 0 0 0.5211089737713337
119 0 0 0 0.5739110056310892
120 0 0 0 0.47689699567854404
121 0 0 0 0.46562100760638714
122 0 0 0 0.4795609274879098
123 0 0 0 0.5326099926605821
124 0 0 0 0.5066459998488426
125 0 0 0 0.5235420539975166
126 0 0 0 0.46719308011233807
127 0 0 0 0.517292064614594
128 0 0 0 0.4933429881930351
129 0 0 0 0.48240297473967075
130 0 0 0 0.515878084115684
131 0 0 0 0.519347027875483
132 0 0 0 0.5100590642541647
133 0 0 0 0.5064880242571235
134 0 0 0 0.5151270888745785
135 0 0 0 0.5109109915792942
136 0 0 0 0.5134359234943986
137 0 0 0 0.5252950359135866
138 0 0 0 0.5547989858314395
139 0 0 0 0.5882850382477045
140 0 0 0 0.5676019936800003
141 0 0 0 0.5225141067057848
142 0 0 0 0.5662060575559735
143 0 0 0 0.5185019690543413
144 0 0 0 0.5432770121842623
145 0 0 0 0.49924105405807495
146 1 1435826 1.0 0.46344404108822346
147 0 0 0 0.4652050556614995
148 0 0 0 0.4857939202338457
149 0 0 0 0.49560400657355785
150 0 0 0 0.5165890324860811
151 0 0 0 0.5121380090713501
152 0 0 0 0.4871450364589691
153 0 0 0 0.5206279456615448
154 0 0 0 0.47240895219147205
155 0 0 0 0.46102493070065975
156 0 0 0 0.5227059591561556
157 0 0 0 0.519086024723947
158 0 0 0 0.4673380171880126
159 0 0 0 0.5084139993414283
160 0 0 0 0.4890129202976823
161 0 0 0 0.5042020929977298
162 0 0 0 0.4810140235349536
163 0 0 0 0.5060370313003659
164 0 0 0 0.5397500935941935
165 0 0 0 0.49617805052548647
166 0 0 0 0.5082680145278573
167 0 0 0 0.533508020453155
168 0 0 0 0.5101780407130718
169 0 0 0 0.5007949657738209
170 0 0 0 0.4501709481701255
171 0 0 0 0.5625479388982058
172 0 0 0 0.503349001519382
173 0 0 0 0.5118980770930648
174 0 0 0 0.510297017171979
175 0 0 0 0.5246379878371954
176 0 0 0 0.476442975923419
177 0 0 0 0.5169250071048737
178 0 0 0 0.5251100519672036
179 0 0 0 0.5253650015220046
180 0 0 0 0.4807430086657405
181 0 0 0 0.47039997298270464
182 0 0 0 0.5191270029172301
183 0 0 0 0.49577909521758556
184 0 0 0 0.5183389876037836
185 0 0 0 0.5329910200089216
186 0 0 0 0.5642169853672385
187 0 0 0 0.5367828998714685
188 0 0 0 0.5370270228013396
189 0 0 0 0.5627890350297093
190 0 0 0 0.540965935215354
191 0 0 0 0.5551900248974562
192 0 0 0 0.5873199552297592
193 0 0 0 0.5620309384539723
194 0 0 0 0.5577709525823593
195 0 0 0 0.579157960601151
196 0 0 0 0.567810027860105
197 0 0 0 0.523683032952249
198 0 0 0 0.5645309574902058
199 0 0 0 0.5361520452424884
200 0 0 0 0.5299749318510294
201 0 0 0 0.5027659935876727
202 0 0 0 0.518403947353363
203 0 0 0 0.5471030017361045
204 0 0 0 0.5307500250637531
205 0 0 0 0.5640819435939193
206 0 0 0 0.5423539550974965
207 0 0 0 0.580662046559155
208 0 0 0 0.5739390617236495
209 0 0 0 0.5582140292972326
210 0 0 0 0.49983395729213953
211 0 0 0 0.5237340228632092
212 0 0 0 0.5786760011687875
213 0 0 0 0.5600659642368555
214 0 0 0 0.5701930494979024
215 0 0 0 0.5356830079108477
216 0 0 0 0.5839420482516289
217 0 0 0 0.5072470521554351
218 0 0 0 0.49722997937351465
219 0 0 0 0.47854206059128046
220 0 0 0 0.46564999502152205
221 0 0 0 0.4720379365608096
222 0 0 0 0.5169130163267255
223 0 0 0 0.5089130718261003
224 0 0 0 0.5276789888739586
225 0 0 0 0.5099440459161997
226 0 0 0 0.49577897880226374
227 0 0 0 0.5274289287626743
228 0 0 0 0.49147591926157475
229 0 0 0 0.542891095392406
230 0 0 0 0.49004098400473595
231 0 0 0 0.5053270142525434
232 0 0 0 0.46676001511514187
233 0 0 0 0.5191339878365397
234 0 0 0 0.5073779029771686
235 0 0 0 0.5255080759525299
236 0 0 0 0.5089580081403255
237 0 0 0 0.48095500096678734
238 0 0 0 0.5076379748061299
239 0 0 0 0.5014259368181229
240 0 0 0 0.4706250037997961
241 0 0 0 0.5379100330173969
242 0 0 0 0.5335470195859671
243 0 0 0 0.5419449880719185
244 0 0 0 0.48130506183952093
245 0 0 0 0.5037960363551974
246 0 0 0 0.4771059611812234
247 0 0 0 0.5561040015891194
248 0 0 0 0.5479250103235245
249 0 0 0 0.5325039383023977
250 0 0 0 0.5357390036806464
251 0 0 0 0.5822089733555913
252 0 0 0 0.546290073543787
253 0 0 0 0.5504210712388158
254 0 0 0 0.5918509559705853
255 0 0 0 0.47856406308710575
256 0 0 0 0.5027579609304667
257 0 0 0 0.4681929713115096
258 0 0 0 0.5059019895270467
259 0 0 0 0.5253460258245468
260 0 0 0 0.549843069165945
261 0 0 0 0.514380051754415
262 0 0 0 0.5423069233074784
263 0 0 0 0.5739319603890181
264 0 0 0 0.5147670162841678
265 0 0 0 0.4734010435640812
266 0 0 0 0.521062989719212
267 0 0 0 0.5173570243641734
268 0 0 0 0.47569896560162306
269 0 0 0 2.815855899825692
270 0 0 0 2.689496031962335
271 0 0 0 2.8092130087316036
272 0 0 0 1.3751779915764928
273 0 0 0 2.6190330972895026
274 0 0 0 0.9017619304358959
275 0 0 0 2.3661699378862977
276 0 0 0 1.6390349483117461
277 0 0 0 1.0138190118595958
278 0 0 0 0.9584429208189249
279 0 0 0 2.544322982430458
280 0 0 0 2.739773946814239
281 0 0 0 1.6528869746252894
282 0 0 0 1.6117650084197521
283 0 0 0 0.9594190632924438
284 0 0 0 0.9180250344797969
285 0 0 0 1.5770490281283855
286 0 0 0 2.5798159185796976
287 0 0 0 2.234953921288252
288 0 0 0 2.7292700251564384
289 0 0 0 2.198524889536202
290 0 0 0 2.2598160430788994
291 0 0 0 0.78587606549263
292 0 0 0 0.6087289657443762
293 0 0 0 0.9888260392472148
294 0 0 0 1.5961669851094484
295 0 0 0 2.197018009610474
296 0 0 0 2.6088710874319077
297 0 0 0 0.9467259515076876
298 0 0 0 1.623717020265758
299 0 0 0 2.3573979269713163
300 0 0 0 1.5476689441129565
301 0 0 0 2.917899051681161
302 0 0 0 2.8727559838443995
303 0 0 0 2.603957080282271
304 0 0 0 2.52818304579705
305 0 0 0 3.098311019130051
306 0 0 0 2.734927926212549
307 0 0 0 1.7040119273588061
308 0 0 0 1.0465109953656793
309 0 0 0 3.1481439946219325
310 0 0 0 3.248712979257107
311 0 0 0 3.2444590469822288
312 0 0 0 3.1559219351038337
313 0 0 0 3.2504640985280275
314 0 0 0 1.3896370073780417
315 0 0 0 2.0819769706577063
316 0 0 0 3.316310001537204
317 0 0 0 3.3251839922741055
318 0 0 0 2.0873320754617453
319 0 0 0 2.1065149921923876
320 0 0 0 3.224872052669525
321 0 0 0 2.816561027429998
322 0 0 0 2.4038220290094614
323 0 0 0 3.966973046772182
324 0 0 0 2.3425720864906907
325 0 0 0 3.177233971655369
326 0 0 0 3.147694980725646
327 0 0 0 3.5302450414747
328 0 0 0 1.5047910856083035
329 0 0 0 3.7106529343873262
330 0 0 0 2.4537279969081283
331 0 0 0 1.5028020134195685
332 0 0 0 3.5423540975898504
333 0 0 0 2.3337589809671044
334 0 0 0 3.5905599361285567
335 0 0 0 3.771509975194931
336 0 0 0 2.4283130187541246
337 0 0 0 3.0999499140307307
338 0 0 0 3.441050066612661
339 0 0 0 3.4363579470664263
340 0 0 0 1.3673600042238832
341 0 0 0 0.8657160215079784
342 0 0 0 2.2135500330477953
343 0 0 0 3.327184938825667
344 0 0 0 1.7558610998094082
345 0 0 0 2.0181499421596527
346 0 0 0 2.824974013492465
347 0 0 0 3.6002519773319364
348 0 0 0 3.0724869575351477
349 0 0 0 1.3812200631946325
350 0 0 0 3.4137669717893004
351 0 0 0 1.825961982831359
352 0 0 0 1.628953032195568
353 0 0 0 4.11033199634403
354 0 0 0 4.216679953970015
355 0 0 0 0.9270579321309924
356 0 0 0 2.172444947063923
357 0 0 0 2.288775984197855
358 0 0 0 0.9113020496442914
359 0 0 0 2.071778057143092
360 0 0 0 1.4615720137953758
361 0 0 0 3.3690170384943485
362 0 0 0 3.962053917348385
363 0 0 0 3.322576987557113
364 0 0 0 0.9235790930688381
365 0 0 0 1.5950249508023262
366 0 0 0 1.3576210476458073
367 0 0 0 3.3556759590283036
368 0 0 0 1.534739974886179
369 0 0 0 3.1772740185260773
370 0 0 0 3.7698070518672466
371 0 0 0 3.7498079473152757
372 0 0 0 1.3596669305115938
373 0 0 0 2.305176923982799
374 0 0 0 1.1733310529962182
375 0 0 0 2.258943975903094
376 0 0 0 2.337596961297095
377 0 0 0 2.3811719147488475
378 0 0 0 3.672829014249146
379 0 0 0 1.467974972911179
380 0 0 0 2.3087039589881897
381 0 0 0 3.96329490467906
382 0 0 0 2.0814239978790283
383 0 0 0 3.5354560241103172
384 0 0 0 1.3002139749005437
385 0 0 0 1.2931519886478782
386 0 0 0 3.760723047889769
387 0 0 0 3.8045470137149096
388 0 0 0 2.052858006209135
389 0 0 0 3.7360370624810457
390 0 0 0 3.604091005399823
391 0 0 0 3.2238110434263945
392 0 0 0 1.9588179420679808
393 0 0 0 3.0216870363801718
394 0 0 0 3.0337920179590583
395 0 0 0 2.9615459498018026
396 0 0 0 1.2819659896194935
397 0 0 0 2.2549480199813843
398 0 0 0 2.9551669722422957
399 0 0 0 1.0802560718730092
400 0 0 0 2.9157790122553706
401 0 0 0 1.8668900011107326
402 0 0 0 2.1530960220843554
403 0 0 0 2.932698931545019
404 0 0 0 1.4072699705138803
405 0 0 0 3.4803019370883703
406 0 0 0 1.520718913525343
407 0 0 0 3.5758549347519875
408 0 0 0 1.4377570478245616
409 0 0 0 3.4335850505158305
410 0 0 0 3.1636619241908193
411 0 0 0 3.0911489157006145
412 0 0 0 3.1648280564695597
413 0 0 0 3.126948024146259
414 0 0 0 2.980862045660615
415 0 0 0 3.4442520700395107
416 0 0 0 2.966573927551508
417 0 0 0 3.423987072892487
418 0 0 0 2.863893983885646
419 0 0 0 2.821356989443302
420 0 0 0 1.8170659895986319
421 0 0 0 3.4857640275731683
422 0 0 0 2.4182479828596115
423 0 0 0 3.6238080356270075
424 0 0 0 1.577755087055266
425 0 0 0 1.4979559928178787
426 0 0 0 2.191798994317651
427 0 0 0 3.4004549961537123
428 0 0 0 3.5558060044422746
429 0 0 0 3.9324440294876695
430 0 0 0 3.4827670315280557
431 0 0 0 1.4646620256826282
432 0 0 0 2.189254970289767
433 0 0 0 1.0334429098293185
434 0 0 0 3.3028650796040893
435 0 0 0 3.3477459801360965
436 0 0 0 2.4442619178444147
437 0 0 0 1.4182550366967916
438 0 0 0 3.325675963424146
439 0 0 0 3.2061260426416993
440 0 0 0 3.829399007372558
441 0 0 0 2.102446975186467
442 0 0 0 1.3778030406683683
443 0 0 0 3.7869359366595745
444 0 0 0 1.959536923095584
445 0 0 0 1.6264970181509852
446 0 0 0 3.398698987439275
447 0 0 0 3.227876964956522
448 0 0 0 3.6945430329069495
449 1 1290039 1.0 1.675357110798359
450 0 0 0 2.9341409681364894
451 0 0 0 1.5623880317434669
452 0 0 0 3.316289046779275
453 0 0 0 3.67333204485476
454 0 0 0 3.615658963099122
455 0 0 0 1.8878639675676823
456 0 0 0 3.5993470810353756
457 0 0 0 1.9084790255874395
458 0 0 0 2.213347004726529
459 0 0 0 3.570336033590138
460 0 0 0 1.2942259199917316
461 0 0 0 2.9382361099123955
462 0 0 0 0.7999419467523694
463 0 0 0 2.270634053274989
464 0 0 0 3.119498025625944
465 0 0 0 3.0817410442978144
466 0 0 0 3.5723900655284524
467 0 0 0 2.6247058995068073
468 0 0 0 4.279057960957289
469 0 0 0 2.3501829709857702
470 0 0 0 1.1378169292584062
471 0 0 0 1.7599250422790647
472 0 0 0 3.575462964363396
473 0 0 0 4.178707022219896
474 0 0 0 2.6977669913321733
475 0 0 0 3.9871600456535816
476 0 0 0 3.441144013777375
477 0 0 0 3.3930939389392734
478 0 0 0 3.99321096483618
479 0 0 0 4.0839629946276546
480 0 0 0 3.40293999761343
481 0 0 0 4.1554729687049985
482 0 0 0 1.0841459734365344
483 0 0 0 1.3646080624312162
484 0 0 0 2.42584606166929
485 0 0 0 3.2351569971069694
486 0 0 0 2.343663014471531
487 0 0 0 3.8263340247794986
488 0 0 0 1.5687269624322653
489 0 0 0 1.6615519998595119
490 0 0 0 1.546332030557096
491 0 0 0 2.399757970124483
492 0 0 0 3.862599958665669
493 0 0 0 1.5182109782472253
494 0 0 0 3.6483079893514514
495 0 0 0 2.4807159788906574
496 0 0 0 3.2626879401504993
497 0 0 0 3.737520077265799
498 0 0 0 1.3465590309351683
499 0 0 0 3.4281009575352073
500 0 0 0 3.188920905813575
501 0 0 0 3.8421109784394503
502 0 0 0 1.5250960132107139
503 0 0 0 3.7896769354119897
504 0 0 0 2.325260080397129
505 0 0 0 1.6198389930650592
506 0 0 0 1.515991985797882
507 0 0 0 3.2043129904195666
508 0 0 0 2.2262459388002753
509 0 0 0 2.3637489648535848
510 0 0 0 0.9652720764279366
511 0 0 0 1.121555920690298
512 0 0 0 3.678531968034804
513 0 0 0 0.9675589390099049
514 0 0 0 1.4820029027760029
515 0 0 0 3.6723100347444415
516 0 0 0 3.5932339960709214
517 0 0 0 3.1517549650743604
518 0 0 0 3.188119037076831
519 0 0 0 3.223711042664945
520 0 0 0 3.6157160066068172
521 0 0 0 3.4468339290469885
522 0 0 0 0.9354890789836645
523 0 0 0 2.1881689317524433
524 0 0 0 2.9627950862050056
525 0 0 0 2.263071946799755
526 0 0 0 1.8216019961982965
527 0 0 0 3.460402018390596
528 0 0 0 2.4564519990235567
529 0 0 0 3.9959429996088147
530 0 0 0 1.9222470000386238
531 0 0 0 1.2771489564329386
532 0 0 0 2.3129439214244485
533 0 0 0 2.371196052990854
534 0 0 0 1.3589189620688558
535 0 0 0 1.4757890021428466
536 0 0 0 2.984373946674168
537 0 0 0 0.8223931072279811
538 0 0 0 3.7985320668667555
539 0 0 0 3.886257065460086
540 0 0 0 2.4284389801323414
541 0 0 0 3.112958976998925
542 0 0 0 1.9830139353871346
543 0 0 0 3.2684109173715115
544 0 0 0 0.935710035264492
545 0 0 0 0.9271620074287057
546 0 0 0 3.4883139887824655
547 0 0 0 3.6824559792876244
548 0 0 0 3.140641958452761
549 0 0 0 3.0133690452203155
550 0 0 0 2.0239000441506505
551 0 0 0 1.386377029120922
552 0 0 0 1.2598020257428288
553 0 0 0 3.596362890675664
554 0 0 0 3.0208369717001915
555 0 0 0 1.1089630424976349
556 0 0 0 1.4108270406723022
557 0 0 0 3.0442600836977363
558 0 0 0 3.4762040013447404
559 0 0 0 3.7921100156381726
560 0 0 0 2.2896439768373966
561 0 0 0 2.239900059066713
562 0 0 0 1.3282200088724494
563 0 0 0 3.0486530158668756
564 0 0 0 1.2640110217034817
565 0 0 0 2.8416429413482547
566 0 0 0 2.956946031190455
567 0 0 0 0.9245629189535975
568 0 0 0 1.8019090639427304
569 0 0 0 2.8347959741950035
570 0 0 0 3.673486993648112
571 0 0 0 2.0345239900052547
572 0 0 0 3.0764529947191477
573 0 0 0 1.2480660807341337
574 0 0 0 3.3998440485447645
575 0 0 0 1.4291260158643126
576 0 0 0 3.0910950154066086
577 0 0 0 1.103207003325224
578 0 0 0 1.0728799970820546
579 0 0 0 1.9177659414708614
580 0 0 0 3.7779289996251464
581 0 0 0 1.9944249652326107
582 0 0 0 1.4262939803302288
583 0 0 0 2.3743059718981385
584 0 0 0 1.5121320029720664
585 0 0 0 1.4621339505538344
586 0 0 0 0.8575059473514557
587 0 0 0 1.5173029387369752
588 0 0 0 1.1106770252808928
589 0 0 0 2.902213018387556
590 0 0 0 2.2131430450826883
591 0 0 0 3.472865093499422
592 0 0 0 3.4891850082203746
593 0 0 0 2.312286989763379
594 0 0 0 3.205757006071508
595 0 0 0 3.609517007134855
596 0 0 0 3.615768044255674
597 0 0 0 2.239607973024249
598 0 0 0 2.346324035897851
599 0 0 0 1.2143750209361315
600 0 0 0 3.0889810295775533
601 0 0 0 1.374361920170486
602 0 0 0 1.3881259365007281
603 0 0 0 3.500686027109623
604 0 0 0 1.4749260153621435
605 0 0 0 3.4491809783503413
606 0 0 0 3.4142230870202184
607 0 0 0 3.4992919536307454
608 0 0 0 3.027477068826556
609 0 0 0 1.91044295206666
610 0 0 0 2.935637952759862
611 0 0 0 3.38759901933372
612 0 0 0 1.4080579858273268
613 0 0 0 2.207235898822546
614 0 0 0 3.338932991027832
615 0 0 0 1.3445060467347503
616 0 0 0 2.063178922981024
617 0 0 0 1.3179659144952893
618 0 0 0 2.8972020372748375
619 0 0 0 1.192997908219695
620 0 0 0 0.8248750818893313
621 0 0 0 1.3831660617142916
622 0 0 0 3.381764981895685
623 0 0 0 3.396287909708917
624 0 0 0 1.3883099891245365
625 0 0 0 2.8248849557712674
626 0 0 0 2.0665189949795604
627 0 0 0 1.3929209671914577
628 0 0 0 1.3895179145038128
629 0 0 0 3.390165977180004
630 0 0 0 3.009743057191372
631 0 0 0 1.1423719115555286
632 0 0 0 1.185606000944972
633 0 0 0 2.0783570362254977
634 0 0 0 3.3711279975250363
635 0 0 0 1.4063810231164098
636 0 0 0 1.8418320687487721
637 0 0 0 3.3575129928067327
638 0 0 0 1.0422340128570795
639 0 0 0 1.3628469314426184
640 0 0 0 3.078446025028825
641 0 0 0 3.08845192193985
642 0 0 0 3.086484968662262
643 0 0 0 3.5392589634284377
644 0 0 0 3.6223200149834156
645 0 0 0 3.5649199271574616
646 0 0 0 3.263058955781162
647 0 0 0 2.1057320991531014
648 0 0 0 1.3393140397965908
649 0 0 0 1.403889968059957
650 0 0 0 2.94528400991112
651 0 0 0 0.9424210293218493
652 0 0 0 2.2037829039618373
653 0 0 0 1.2776730582118034
654 0 0 0 3.436125931330025
655 0 0 0 3.4346519969403744
656 0 0 0 2.9894890030846
657 0 0 0 1.2740560341626406
658 0 0 0 3.4153820015490055
659 0 0 0 2.9294330161064863
660 0 0 0 3.342504962347448
661 0 0 0 1.4361180365085602
662 0 0 0 2.194053027778864
663 0 0 0 3.466435009613633
664 0 0 0 1.9288930343464017
665 0 0 0 2.9224930331110954
666 0 0 0 3.459884086623788
667 0 0 0 3.414022969081998
668 0 0 0 3.637686022557318
669 0 0 0 1.927493023686111
670 0 0 0 2.99864006228745
671 0 0 0 3.0605080537497997
672 0 0 0 2.9077399522066116
673 0 0 0 1.3646309962496161
674 0 0 0 3.359938971698284
675 0 0 0 2.989836037158966
676 0 0 0 1.3722159201279283
677 0 0 0 0.7572460453957319
678 0 0 0 1.0615999344736338
679 0 0 0 1.172187039628625
680 0 0 0 3.4329009940847754
681 0 0 0 2.08666711114347
682 0 0 0 2.106499974615872
683 0 0 0 2.924841013737023
684 0 0 0 3.2884670654311776
685 0 0 0 0.7795100100338459
686 0 0 0 1.054008025676012
687 0 0 0 2.87921994458884
688 0 0 0 3.481774008832872
689 0 0 0 2.2168230498209596
690 0 0 0 2.2751109208911657
691 0 0 0 2.9321470065042377
692 0 0 0 2.9563040006905794
693 0 0 0 2.9800269985571504
694 0 0 0 3.429019940085709
695 0 0 0 1.364386989735067
696 0 0 0 2.293806988745928
697 0 0 0 1.9632820039987564
698 0 0 0 1.8806899897754192
699 0 0 0 3.087340039201081
700 0 0 0 3.6557309795171022
701 0 0 0 1.0484199738129973
702 0 0 0 3.388653974980116
703 0 0 0 3.5177089739590883
704 0 0 0 2.269952092319727
705 0 0 0 2.026414033025503
706 0 0 0 3.156921942718327
707 0 0 0 3.640543087385595
708 0 0 0 3.138349042274058
709 0 0 0 3.6454489454627037
710 0 0 0 2.343627973459661
711 0 0 0 1.9822390750050545
712 0 0 0 3.479419043287635
713 1 1242848 1.0 0.9022260783240199
714 0 0 0 1.8821449484676123
715 0 0 0 1.8168080132454634
716 0 0 0 3.5887109115719795
717 0 0 0 2.1799609530717134
718 0 0 0 3.6307648988440633
719 0 0 0 3.9110530633479357
720 0 0 0 4.063255968503654
721 0 0 0 1.6538560157641768
722 0 0 0 4.126187996007502
723 0 0 0 4.087131004780531
724 0 0 0 1.3884369982406497
725 0 0 0 4.005399998277426
726 0 0 0 4.041214939206839
727 0 0 0 3.486439003609121
728 0 0 0 4.092012997716665
729 0 0 0 4.008142044767737
730 0 0 0 4.018521052785218
731 0 0 0 1.3932900037616491
732 0 0 0 2.46982101816684
733 0 0 0 1.6719680279493332
734 0 0 0 2.068344969302416
735 0 0 0 2.4025310995057225
736 0 0 0 3.9753670571371913
737 0 0 0 0.9243489475920796
738 0 0 0 1.3079519849270582
739 0 0 0 3.940623952075839
740 0 0 0 1.6955279279500246
741 0 0 0 2.218717010691762
742 0 0 0 3.5221640719100833
743 0 0 0 3.9711759891361
744 0 0 0 3.8581490516662598
745 0 0 0 2.7191309491172433
746 0 0 0 3.6253120051696897
747 0 0 0 3.6364580737426877
748 0 0 0 4.1346680372953415
749 0 0 0 0.933720963075757
750 0 0 0 3.692781087011099
751 0 0 0 3.5394799197092652
752 0 0 0 1.6769260400906205
753 0 0 0 2.525326097384095
754 0 0 0 4.493109066970646
755 0 0 0 3.7424180191010237
756 0 0 0 2.898378996178508
757 0 0 0 3.3146090572699904
758 0 0 0 4.909886978566647
759 0 0 0 4.653622978366911
760 0 0 0 5.076940986327827
761 0 0 0 3.1275679357349873
762 0 0 0 1.9413410918787122
763 0 0 0 2.897805068641901
764 0 0 0 4.20040509197861
765 0 0 0 2.276875078678131
766 0 0 0 3.1937429448589683
767 0 0 0 4.1147510055452585
768 0 0 0 4.010844975709915
769 0 0 0 13.507025083526969
770 0 0 0 18.50755396299064
771 0 0 0 17.41603692062199
772 0 0 0 10.995810036547482
773 0 0 0 19.927617977373302
774 0 0 0 19.23804997932166
775 0 0 0 14.793228940106928
776 0 0 0 23.75899802427739
777 0 0 0 13.654042966663837
778 0 0 0 20.10420593433082
779 0 0 0 30.979856033809483
780 0 0 0 35.35819100216031
781 0 0 0 16.098310006782413
782 0 0 0 25.805745972320437
783 0 0 0 17.12672703433782
784 0 0 0 15.09804802481085
785 0 0 0 21.058996091596782
786 0 0 0 17.196087981574237
787 0 0 0 26.33669297210872
788 0 0 0 7.384154014289379
789 0 0 0 9.040644043125212
790 0 0 0 13.397310976870358
791 0 0 0 19.48923501186073
792 0 0 0 8.096574922092259
793 0 0 0 18.632424995303154
794 0 0 0 12.970415060408413
795 0 0 0 24.02278291992843
796 0 0 0 17.59787299670279
797 0 0 0 11.969338986091316
798 0 0 0 16.183081082999706
799 0 0 0 10.9064900316298
800 0 0 0 9.204184985719621
801 0 0 0 5.141127971000969
802 0 0 0 13.493873993866146
803 0 0 0 21.363701904192567
804 0 0 0 6.509702070616186
805 0 0 0 6.331653916276991
806 0 0 0 20.97052102908492
807 0 0 0 23.421910009346902
808 0 0 0 23.658148013055325
809 0 0 0 9.849983965978026
810 0 0 0 19.244806957431138
811 0 0 0 22.773356060497463
812 0 0 0 22.477190010249615
813 0 0 0 12.781040044501424
814 0 0 0 13.048378052189946
815 0 0 0 21.172289038076997
816 0 0 0 14.535367954522371
817 0 0 0 6.212920998223126
818 0 0 0 20.91157902032137
819 0 0 0 15.122291981242597
820 0 0 0 22.279935074038804
821 0 0 0 19.891547970473766
822 0 0 0 8.330582990311086
823 0 0 0 8.377447025850415
824 0 0 0 9.714715997688472
825 0 0 0 20.492254057899117
826 0 0 0 12.71903293672949
827 0 0 0 4.616847028955817
828 0 0 0 14.749201014637947
829 0 0 0 10.247234022244811
830 0 0 0 13.837024103850126
831 0 0 0 19.345887005329132
832 0 0 0 6.044615991413593
833 0 0 0 24.837440927512944
834 0 0 0 24.227311019785702
835 0 0 0 21.767830941826105
836 0 0 0 15.182566014118493
837 0 0 0 20.641976967453957
838 0 0 0 6.571272038854659
839 0 0 0 4.920843057334423
840 0 0 0 22.635678062215447
841 0 0 0 14.1626299591735
842 0 0 0 13.450199039652944
843 0 0 0 23.672038922086358
844 0 0 0 19.298029015772045
845 0 0 0 6.583607057109475
846 0 0 0 19.219013978727162
847 0 0 0 18.554723006673157
848 0 0 0 21.009433083236217
849 0 0 0 6.470122956670821
850 0 0 0 20.014257985167205
851 0 0 0 24.167965981177986
852 0 0 0 23.51805299986154
853 0 0 0 23.265572963282466
854 0 0 0 23.24903302360326
855 0 0 0 10.370702017098665
856 0 0 0 22.71425793878734
857 0 0 0 6.385799963027239
858 0 0 0 24.13135697133839
859 0 0 0 10.414512013085186
860 0 0 0 25.826749042607844
861 0 0 0 6.554233026690781
862 0 0 0 23.54087703861296
863 0 0 0 22.36750698648393
864 0 0 0 6.7494940012693405
865 0 0 0 23.532492923550308
866 0 0 0 15.115048037841916
867 0 0 0 23.78580707591027
868 0 0 0 19.201247952878475
869 0 0 0 9.849849971942604
870 0 0 0 6.56456605065614
871 0 0 0 23.889133939519525
872 0 0 0 4.652714007534087
873 0 0 0 9.64892900083214
874 0 0 0 20.018088980577886
875 0 0 0 22.010809974744916
876 0 0 0 18.859846983104944
877 0 0 0 14.345605042763054
878 0 0 0 17.97056302893907
879 0 0 0 9.514751960523427
880 0 0 0 22.477324935607612
881 0 0 0 22.487898939289153
882 0 0 0 22.903035976924002
883 0 0 0 4.620402003638446
884 0 0 0 20.228511071763933
885 0 0 0 6.388006964698434
886 0 0 0 22.518384037539363
887 0 0 0 19.912981893867254
888 0 0 0 5.113695980980992
889 0 0 0 6.092543015256524
890 0 0 0 18.510886002331972
891 0 0 0 23.174147005192935
892 0 0 0 13.376079965382814
893 0 0 0 19.40257102251053
894 0 0 0 23.682308034040034
895 0 0 0 12.923397007398307
896 0 0 0 18.507630098611116
897 0 0 0 23.180205025710166
898 0 0 0 14.350070036016405
899 0 0 0 20.057349931448698
900 0 0 0 8.939758990891278
901 0 0 0 5.282659898512065
902 0 0 0 14.492728048935533
903 0 0 0 21.02381899021566
904 0 0 0 23.158081923611462
905 0 0 0 9.567503933794796
906 0 0 0 9.48443403467536
907 0 0 0 22.02967891935259
908 0 0 0 21.741795004345477
909 0 0 0 5.539680947549641
910 0 0 0 23.43755296897143
911 0 0 0 13.017777004279196
912 0 0 0 13.008069014176726
913 0 0 0 25.07052500732243
914 0 0 0 26.531809009611607
915 0 0 0 20.362891955301166
916 0 0 0 19.93178203701973
917 0 0 0 21.22071897611022
918 0 0 0 10.654360987246037
919 0 0 0 12.701552943326533
920 0 0 0 18.957508960738778
921 0 0 0 21.25718304887414
922 0 0 0 12.912465957924724
923 0 0 0 15.187102952040732
924 0 0 0 25.005404953844845
925 0 0 0 11.750700999982655
926 0 0 0 7.3632290586829185
927 0 0 0 15.143672935664654
928 0 0 0 15.205197967588902
929 0 0 0 5.714223021641374
930 0 0 0 24.860635050572455
931 0 0 0 27.22258400171995
932 0 0 0 21.15243999287486
933 0 0 0 6.846879958175123
934 0 0 0 27.167638996616006
935 0 0 0 16.918417066335678
936 0 0 0 9.794175974093378
937 0 0 0 21.01996203418821
938 0 0 0 10.628350893966854
939 0 0 0 23.567907977849245
940 0 0 0 20.804192987270653
941 0 0 0 18.252074951305985
942 0 0 0 17.941963975317776
943 0 0 0 6.059705978259444
944 0 0 0 19.879505969583988
945 0 0 0 10.053006000816822
946 0 0 0 12.687141075730324
947 0 0 0 9.505657013505697
948 0 0 0 12.531920918263495
949 0 0 0 5.382348084822297
950 0 0 0 19.620625069364905
951 0 0 0 9.396672016009688
952 0 0 0 15.71933296509087
953 0 0 0 20.97264095209539
954 0 0 0 9.934377972967923
955 0 0 0 22.906914935447276
956 0 0 0 9.492566925473511
957 0 0 0 17.900299979373813
958 0 0 0 13.192138052545488
959 0 0 0 9.696091990917921
960 0 0 0 22.116563050076365
961 0 0 0 22.22536609042436
962 0 0 0 21.556650986894965
963 0 0 0 23.247399018146098
964 0 0 0 21.727293962612748
965 0 0 0 14.071433921344578
966 0 0 0 5.169347045011818
967 0 0 0 13.914323993958533
968 0 0 0 9.622688055969775
969 0 0 0 23.323177942074835
970 0 0 0 14.62733291555196
971 0 0 0 18.3704630471766
972 0 0 0 23.16340699326247
973 0 0 0 21.72818104736507
974 0 0 0 17.595716984942555
975 0 0 0 12.736576027236879
976 0 0 0 14.144312008284032
977 0 0 0 12.74132402613759
978 0 0 0 21.297584054991603
979 0 0 0 22.44981098920107
980 0 0 0 20.01538104377687
981 0 0 0 12.877758010290563
982 0 0 0 4.62064309976995
983 0 0 0 22.032018983736634
984 0 0 0 22.29229302611202
985 0 0 0 21.28908096347004
986 0 0 0 23.722186917439103
987 0 0 0 23.63768802024424
988 0 0 0 15.08612697944045
989 0 0 0 21.16116799879819
990 0 0 0 12.376528000459075
991 0 0 0 25.944338995032012
992 0 0 0 24.92740494199097
993 0 0 0 20.04120300989598
994 0 0 0 21.52025594841689
995 0 0 0 20.806623972021043
996 0 0 0 20.79016005154699
997 0 0 0 8.761634002439678
998 0 0 0 9.6121079986915
999 0 0 0 6.233909050934017
1000 0 0 0 18.12081108801067
1001 0 0 0 21.64258004631847
1002 0 0 0 10.426164022646844
1003 0 0 0 13.136619003489614
1004 0 0 0 9.81951190624386
1005 0 0 0 14.564768061973155
1006 0 0 0 19.905918976292014
1007 0 0 0 14.147507026791573
1008 0 0 0 17.531126970425248
1009 0 0 0 8.050709031522274
1010 0 0 0 14.045977033674717
1011 0 0 0 9.301061974838376
1012 0 0 0 19.957988057285547
1013 0 0 0 18.122266978025436
1014 0 0 0 22.261682897806168
1015 0 0 0 15.196342952549458
1016 0 0 0 5.542319966480136
1017 0 0 0 22.947964956983924
1018 0 0 0 22.52733602654189
1019 0 0 0 20.264008082449436
1020 0 0 0 6.723830942064524
1021 0 0 0 6.382126011885703
1022 0 0 0 20.30340302735567
1023 0 0 0 20.585973979905248
1024 0 0 0 22.36592909321189
1025 0 0 0 12.51218596007675
1026 0 0 0 17.74154999293387
1027 0 0 0 20.09396895300597
1028 0 0 0 22.695045918226242
1029 0 0 0 18.074786057695746
1030 0 0 0 17.76539604179561
1031 0 0 0 14.096391038037837
1032 0 0 0 17.50735705718398
1033 0 0 0 17.657296964898705
1034 0 0 0 19.787612953223288
1035 0 0 0 5.233914009295404
1036 0 0 0 9.376520989462733
1037 0 0 0 5.270423949696124
1038 0 0 0 13.318666024133563
1039 0 0 0 5.53946802392602
1040 0 0 0 20.62571595888585
1041 0 0 0 22.271638037636876
1042 0 0 0 18.06836004834622
1043 0 0 0 17.79448497109115
1044 0 0 0 21.853799000382423
1045 0 0 0 17.956867930479348
1046 0 0 0 12.276986031793058
1047 0 0 0 17.982547054998577
1048 0 0 0 22.381542017683387
1049 0 0 0 6.1453030211851
1050 0 0 0 18.27854895964265
1051 0 0 0 5.47445600386709
1052 0 0 0 6.3641490414738655
1053 0 0 0 9.891742025502026
1054 0 0 0 20.432693068869412
1055 0 0 0 9.58708196412772
1056 0 0 0 22.323656943626702
1057 0 0 0 14.033211045898497
1058 0 0 0 13.47710203845054
1059 0 0 0 24.42305500153452
1060 0 0 0 25.74044605717063
1061 0 0 0 9.134143008850515
1062 0 0 0 25.182639015838504
1063 0 0 0 6.512219901196659
1064 0 0 0 14.662757981568575
1065 0 0 0 9.366928017698228
1066 0 0 0 20.33536194358021
1067 0 0 0 17.890489078126848
1068 0 0 0 14.119505998678505
1069 0 0 0 5.307168001309037
1070 0 0 0 6.453991984017193
1071 0 0 0 14.140000101178885
1072 0 0 0 6.174621055833995
1073 0 0 0 22.575403098016977
1074 0 0 0 4.45703708101064
1075 0 0 0 21.946234977804124
1076 0 0 0 23.007820011116564
1077 0 0 0 14.691679971292615
1078 0 0 0 20.08805691730231
1079 0 0 0 22.377970977686346
1080 0 0 0 18.02476798184216
1081 0 0 0 12.55911507178098
1082 0 0 0 18.053464009426534
1083 0 0 0 14.410030911676586
1084 0 0 0 19.45077092386782
1085 0 0 0 17.719074967317283
1086 0 0 0 22.021729964762926
1087 0 0 0 6.058385013602674
1088 0 0 0 9.416026063263416
1089 0 0 0 21.98189904447645
1090 0 0 0 4.474563989788294
1091 0 0 0 22.209270973689854
1092 0 0 0 9.452663944102824
1093 0 0 0 10.080029955133796
1094 0 0 0 15.511241042986512
1095 0 0 0 21.2117190239951
1096 0 0 0 9.0628860052675
1097 0 0 0 7.097452064044774
1098 0 0 0 13.148844009265304
1099 0 0 0 10.218397015705705
1100 0 0 0 23.08523200917989
1101 0 0 0 14.75313794799149
1102 0 0 0 20.241345977410674
1103 0 0 0 18.278883071616292
1104 0 0 0 12.528966995887458
1105 0 0 0 14.38088994473219
1106 0 0 0 18.32670101430267
1107 0 0 0 22.533006966114044
1108 0 0 0 12.7058329526335
1109 0 0 0 4.683817969635129
1110 0 0 0 5.297036957927048
1111 0 0 0 22.176409023813903
1112 0 0 0 22.224012995138764
1113 0 0 0 15.267475973814726
1114 0 0 0 23.151105968281627
1115 0 0 0 15.135895926505327
1116 0 0 0 20.497597055509686
1117 0 0 0 6.350024021230638
1118 0 0 0 22.88697997573763
1119 0 0 0 18.259747070260346
1120 0 0 0 14.046559925191104
1121 0 0 0 22.189729963429272
1122 0 0 0 8.051116950809956
1123 0 0 0 21.90186397638172
1124 0 0 0 14.18368797749281
1125 0 0 0 18.160365987569094
1126 0 0 0 23.589720018208027
1127 0 0 0 14.147122972644866
1128 0 0 0 6.0126540483906865
1129 0 0 0 19.899331964552402
1130 0 0 0 12.569244019687176
1131 0 0 0 22.778770071454346
1132 0 0 0 19.85010108910501
1133 0 0 0 14.19398095458746
1134 0 0 0 9.431818034499884
1135 0 0 0 19.96283303014934
1136 0 0 0 6.001370958983898
1137 0 0 0 19.77041200734675
1138 0 0 0 21.891143056564033
1139 0 0 0 21.764288074336946
1140 0 0 0 9.480191976763308
1141 0 0 0 21.1637900210917
1142 0 0 0 22.762276930734515
1143 0 0 0 17.988623003475368
1144 0 0 0 22.747492999769747
1145 0 0 0 18.30662996508181
1146 0 0 0 18.484142958186567
1147 0 0 0 18.760651000775397
1148 0 0 0 22.617393056862056
1149 0 0 0 14.359277905896306
1150 0 0 0 8.62644100561738
1151 0 0 0 20.624364959076047
1152 0 0 0 20.373906940221786
1153 0 0 0 20.448226016014814
1154 0 0 0 22.791188908740878
1155 0 0 0 23.632618016563356
1156 0 0 0 20.186777925118804
1157 0 0 0 20.673742052167654
1158 0 0 0 12.375141028314829
1159 0 0 0 19.493227009661496
1160 0 0 0 14.160130987875164
1161 0 0 0 22.221868042834103
1162 0 0 0 18.547141924500465
1163 0 0 0 17.77238305658102
1164 0 0 0 17.944591003470123
1165 0 0 0 5.401429953053594
1166 0 0 0 19.93766601663083
1167 0 0 0 9.041416924446821
1168 0 0 0 15.159460017457604
1169 0 0 0 14.786203973926604
1170 0 0 0 20.17283102031797
1171 0 0 0 8.378603029996157
1172 0 0 0 17.910921946167946
1173 0 0 0 20.286367973312736
1174 0 0 0 21.85880800243467
1175 0 0 0 12.604788993485272
1176 0 0 0 20.2080070739612
1177 0 0 0 19.67962202616036
1178 0 0 0 19.917579949833453
1179 0 0 0 18.56815500650555
1180 0 0 0 22.666536970064044
1181 0 0 0 6.031903903931379
1182 0 0 0 9.500490967184305
1183 0 0 0 10.250107035972178
1184 0 0 0 14.939485932700336
1185 0 0 0 10.085733025334775
1186 0 0 0 8.317733998410404
1187 0 0 0 5.166570073924959
1188 0 0 0 14.904406969435513
1189 0 0 0 9.997034911066294
1190 0 0 0 21.947804023511708
1191 0 0 0 19.729116931557655
1192 0 0 0 21.588428993709385
1193 0 0 0 6.068438058719039
1194 0 0 0 22.181492997333407
1195 0 0 0 22.32154505327344
1196 0 0 0 8.206913946196437
1197 0 0 0 14.969825046136975
1198 0 0 0 22.914335946552455
1199 0 0 0 9.78639000095427
1200 0 0 0 18.308031023479998
1201 0 0 0 9.811892057769
1202 0 0 0 8.433966082520783
1203 0 0 0 8.223860058933496
1204 0 0 0 17.850445001386106
1205 0 0 0 21.760072908364236
1206 0 0 0 17.559160012751818
1207 0 0 0 21.829592995345592
1208 0 0 0 13.709002058021724
1209 0 0 0 9.29755694232881
1210 0 0 0 22.038734052330256
1211 0 0 0 14.118644990958273
1212 0 0 0 12.5152210239321
1213 0 0 0 14.279432012699544
1214 0 0 0 8.08717799372971
1215 0 0 0 10.166062042117119
1216 0 0 0 21.185972029343247
1217 0 0 0 17.87384692579508
1218 0 0 0 21.638089907355607
1219 0 0 0 18.46727600786835
1220 0 0 0 8.257615962065756
1221 0 0 0 18.576314905658364
1222 0 0 0 23.393791052512825
1223 0 0 0 17.97903992701322
1224 0 0 0 14.18203697539866
1225 0 0 0 17.76215306017548
1226 0 0 0 17.89229002315551
1227 0 0 0 12.277976959012449
1228 0 0 0 8.12854606192559
1229 0 0 0 12.762096943333745
1230 0 0 0 19.818803993985057
1231 0 0 0 19.625568063929677
1232 0 0 0 21.727043902501464
1233 0 0 0 19.445438985712826
1234 0 0 0 22.035022033378482
1235 0 0 0 22.897404967807233
1236 0 0 0 9.6909049898386
1237 0 0 0 21.980441990308464
1238 0 0 0 12.698134989477694
1239 0 0 0 22.38645206671208
1240 0 0 0 19.949609064497054
1241 0 0 0 8.285884978249669
1242 0 0 0 9.397628949955106
1243 0 0 0 9.651712025515735
1244 0 0 0 14.71174496691674
1245 0 0 0 23.916892940178514
1246 0 0 0 24.665615055710077
1247 0 0 0 8.7115119677037
1248 0 0 0 15.067202970385551
1249 0 0 0 20.80396597739309
1250 0 0 0 15.696880989708006
1251 0 0 0 6.2021700432524085
1252 0 0 0 6.104022031649947
1253 0 0 0 25.69734991993755
1254 0 0 0 10.236282018013299
1255 0 0 0 6.645030924119055
1256 0 0 0 14.960316009819508
1257 0 0 0 20.91116993688047
1258 0 0 0 19.6757260710001
1259 0 0 0 15.15218906570226
1260 0 0 0 8.969048969447613
1261 0 0 0 21.115315961651504
1262 0 0 0 9.594345930963755
1263 0 0 0 21.964162006042898
1264 0 0 0 20.222971099428833
1265 0 0 0 15.209031058475375
1266 0 0 0 8.42234306037426
1267 0 0 0 14.51336604077369
1268 0 0 0 15.487415017560124
1269 0 0 0 42.967287939973176
1270 0 0 0 57.10986093617976
1271 0 0 0 54.52275404240936
1272 0 0 0 40.30126996804029
1273 0 0 0 33.54038600809872
1274 0 0 0 49.2851099697873
1275 0 0 0 32.932300004176795
1276 0 0 0 41.82020795997232
1277 0 0 0 55.02739897929132
1278 0 0 0 28.43785600271076
1279 0 0 0 42.92994400020689
1280 0 0 0 34.89125007763505
1281 0 0 0 39.95229699648917
1282 0 0 0 35.158543032594025
1283 0 0 0 38.028754061087966
1284 0 0 0 27.20950695220381
1285 0 0 0 26.632513967342675
1286 0 0 0 42.15238697361201
1287 0 0 0 49.58881391212344
1288 0 0 0 54.77096198592335
1289 0 0 0 51.577255013398826
1290 0 0 0 53.23284200858325
1291 0 0 0 52.17388295568526
1292 0 0 0 44.046686962246895
1293 0 0 0 51.19016801472753
1294 0 0 0 43.322079931385815
1295 0 0 0 54.162265034392476
1296 0 0 0 37.73008903954178
1297 0 0 0 51.59504199400544
1298 0 0 0 44.63973792735487
1299 0 0 0 35.91333201620728
1300 0 0 0 40.142946993000805
1301 0 0 0 49.4195920182392
1302 0 0 0 35.13899398967624
1303 0 0 0 48.56633907184005
1304 0 0 0 44.86307594925165
1305 0 0 0 50.025953096337616
1306 0 0 0 40.97598104272038
1307 0 0 0 45.29604804702103
1308 0 0 0 40.63014395069331
1309 0 0 0 55.38476805668324
1310 0 0 0 28.905533021315932
1311 0 0 0 51.269753952510655
1312 0 0 0 42.93809609953314
1313 0 0 0 43.15974295604974
1314 0 0 0 27.086704038083553
1315 0 0 0 27.300918009132147
1316 0 0 0 30.13939200900495
1317 0 0 0 40.70957994554192
1318 0 0 0 54.30025700479746
1319 0 0 0 48.486863961443305
1320 0 0 0 49.03899505734444
1321 0 0 0 50.52799405530095
1322 0 0 0 43.3443650836125
1323 0 0 0 49.240275053307414
1324 0 0 0 37.34667203389108
1325 0 0 0 54.79292408563197
1326 0 0 0 42.36955603118986
1327 0 0 0 51.395640010014176
1328 0 0 0 55.545801063999534
1329 0 0 0 51.12879502121359
1330 0 0 0 36.96102602407336
1331 0 0 0 52.03425697982311
1332 0 0 0 51.860832958482206
1333 0 0 0 29.13224301300943
1334 0 0 0 46.00895696785301
1335 0 0 0 43.466896982863545
1336 0 0 0 44.97721104416996
1337 0 0 0 26.405897922813892
1338 0 0 0 36.08260804321617
1339 0 0 0 29.251003987155855
1340 0 0 0 42.397354962304235
1341 0 0 0 51.53546610381454
1342 0 0 0 27.791816042736173
1343 0 0 0 29.379582032561302
1344 0 0 0 33.879966009408236
1345 0 0 0 33.781416015699506
1346 0 0 0 54.60570694413036
1347 0 0 0 54.702148074284196
1348 0 0 0 44.89371203817427
1349 0 0 0 43.01413707435131
1350 0 0 0 36.39415407087654
1351 0 0 0 41.43850097898394
1352 0 0 0 29.259256087243557
1353 0 0 0 51.609471905976534
1354 0 0 0 35.21171503234655
1355 0 0 0 56.43483204767108
1356 0 0 0 56.376890977844596
1357 0 0 0 29.324547038413584
1358 0 0 0 57.57234897464514
1359 0 0 0 52.32605803757906
1360 0 0 0 43.238830054178834
1361 0 0 0 49.438719055615366
1362 0 0 0 29.42710998468101
1363 0 0 0 29.93210102431476
1364 0 0 0 55.17522606533021
1365 0 0 0 28.350871987640858
1366 0 0 0 46.05868295766413
1367 0 0 0 50.406545982696116
1368 0 0 0 54.29995898157358
1369 0 0 0 37.39148599561304
1370 0 0 0 33.74741808511317
1371 0 0 0 34.53237400390208
1372 0 0 0 38.825839990749955
1373 0 0 0 45.25218904018402
1374 0 0 0 27.58343704044819
1375 0 0 0 45.944003970362246
1376 0 0 0 52.46457504108548
1377 0 0 0 45.61557900160551
1378 0 0 0 42.43061796296388
1379 0 0 0 34.126313985325396
1380 0 0 0 58.00683202687651
1381 0 0 0 45.704292017035186
1382 0 0 0 30.12211190070957
1383 0 0 0 36.68808098882437
1384 0 0 0 44.84031698666513
1385 0 0 0 49.63945003692061
1386 0 0 0 38.28916000202298
1387 0 0 0 28.039377997629344
1388 0 0 0 37.111682002432644
1389 0 0 0 47.69577202387154
1390 0 0 0 30.158521025441587
1391 0 0 0 41.91582906059921
1392 0 0 0 30.45734402257949
1393 0 0 0 47.679362003691494
1394 0 0 0 38.808197947219014
1395 0 0 0 35.17125698272139
1396 0 0 0 27.569254976697266
1397 0 0 0 42.45774506125599
1398 0 0 0 36.959327990189195
1399 0 0 0 44.71756401471794
1400 0 0 0 58.45120793674141
1401 0 0 0 52.37156001385301
1402 0 0 0 43.840597034431994
1403 0 0 0 28.80427590571344
1404 0 0 0 39.32209499180317
1405 0 0 0 49.30393397808075
1406 0 0 0 49.11885701585561
1407 0 0 0 54.25722000654787
1408 0 0 0 29.954142053611577
1409 0 0 0 35.021226038224995
1410 0 0 0 38.50574302487075
1411 0 0 0 41.36123391799629
1412 0 0 0 54.500344092957675
1413 0 0 0 38.99063600692898
1414 0 0 0 41.48542694747448
1415 0 0 0 40.95626401249319
1416 0 0 0 51.96223210077733
1417 0 0 0 56.75753206014633
1418 0 0 0 46.21582094114274
1419 0 0 0 35.70514498278499
1420 0 0 0 47.07755090203136
1421 0 0 0 36.5733940852806
1422 0 0 0 54.86076103989035
1423 0 0 0 55.586618022061884
1424 0 0 0 33.44935306813568
1425 0 0 0 55.59765000361949
1426 0 0 0 54.03333995491266
1427 0 0 0 56.56508693937212
1428 0 0 0 48.1442220043391
1429 0 0 0 42.764820042066276
1430 0 0 0 26.833722018636763
1431 0 0 0 33.67550193797797
1432 0 0 0 53.98647009860724
1433 0 0 0 33.430021023377776
1434 0 0 0 28.63599290139973
1435 0 0 0 49.39788591582328
1436 0 0 0 51.15730699617416
1437 0 0 0 49.407650949433446
1438 0 0 0 44.326295028440654
1439 0 0 0 37.22063999157399
1440 0 0 0 49.153525033034384
1441 0 0 0 55.08821306284517
1442 0 0 0 57.40006605628878
1443 0 0 0 41.81388404686004
1444 0 0 0 45.38170201703906
1445 0 0 0 42.52344009000808
1446 0 0 0 30.146792996674776
1447 0 0 0 38.13488897867501
1448 0 0 0 42.744499049149454
1449 0 0 0 42.39497892558575
1450 0 0 0 41.656280984170735
1451 0 0 0 51.16029107011855
1452 0 0 0 50.92311603948474
1453 0 0 0 29.262660071253777
1454 0 0 0 40.696340962313116
1455 0 0 0 44.842861010693014
1456 0 0 0 41.64877894800156
1457 0 0 0 33.629645011387765
1458 0 0 0 50.783379934728146
1459 0 0 0 49.47804601397365
1460 0 0 0 40.17974098678678
1461 0 0 0 49.85305108129978
1462 0 0 0 57.24745092447847
1463 0 0 0 52.86878999322653
1464 0 0 0 49.76679594255984
1465 0 0 0 29.55937199294567
1466 0 0 0 56.07385199982673
1467 0 0 0 28.738755965605378
1468 0 0 0 27.67434297129512
1469 0 0 0 55.54872506763786
1470 0 0 0 52.6543790474534
1471 0 0 0 35.32923094462603
1472 0 0 0 34.95846095029265
1473 0 0 0 47.11850604508072
1474 0 0 0 52.71324305795133
1475 0 0 0 38.10896095819771
1476 0 0 0 42.899155989289284
1477 0 0 0 42.94201894663274
1478 0 0 0 36.064016981981695
1479 0 0 0 26.62417897954583
1480 0 0 0 28.525226982310414
1481 0 0 0 28.208689065650105
1482 0 0 0 34.034569980576634
1483 0 0 0 35.1675619604066
1484 0 0 0 50.03733199555427
1485 0 0 0 49.75111607927829
1486 0 0 0 56.418533087708056
1487 0 0 0 44.1196869360283
1488 0 0 0 52.3624790366739
1489 0 0 0 46.67134000919759
1490 0 0 0 55.8265030849725
1491 0 0 0 27.254707063548267
1492 0 0 0 43.98430394940078
1493 0 0 0 50.269587081857026
1494 0 0 0 43.143367976881564
1495 0 0 0 45.38421495817602
1496 0 0 0 37.17771591618657
1497 0 0 0 48.294077976606786
1498 0 0 0 46.18117096833885
1499 0 0 0 46.323130023665726
1500 0 0 0 54.60098898038268
1501 0 0 0 32.871010014787316
1502 0 0 0 61.29685789346695
1503 0 0 0 48.684073030017316
1504 0 0 0 49.53194200061262
1505 0 0 0 61.33570603560656
1506 0 0 0 52.738282014615834
1507 1 1381857 1.0 36.233832011930645
1508 0 0 0 53.336179931648076
1509 0 0 0 49.24577695783228
1510 0 0 0 44.816637062467635
1511 0 0 0 49.530800082720816
1512 0 0 0 54.98608201742172
1513 0 0 0 45.34330405294895
1514 0 0 0 33.6094880476594
1515 0 0 0 45.16459908336401
1516 0 0 0 40.66538508050144
1517 0 0 0 29.761285986751318
1518 0 0 0 43.956957990303636
1519 0 0 0 46.36602301616222
1520 0 0 0 36.922832019627094
1521 0 0 0 37.46275301091373
1522 0 0 0 26.947353966534138
1523 0 0 0 52.72052192594856
1524 0 0 0 28.275116928853095
1525 0 0 0 48.91893605235964
1526 0 0 0 46.142357983626425
1527 0 0 0 46.82039702311158
1528 0 0 0 49.35256496537477
1529 0 0 0 56.709829019382596
1530 0 0 0 55.77591003384441
1531 0 0 0 49.17513392865658
1532 0 0 0 51.15622899029404
1533 0 0 0 27.198798023164272
1534 0 0 0 28.846953064203262
1535 0 0 0 43.997874949127436
1536 0 0 0 51.51505605317652
1537 0 0 0 28.801083914004266
1538 0 0 0 44.55677093937993
1539 0 0 0 28.18656899034977
1540 0 0 0 54.24464598763734
1541 0 0 0 46.04845400899649
1542 0 0 0 41.291129076853395
1543 0 0 0 49.92955003399402
1544 0 0 0 56.07732804492116
1545 0 0 0 50.47833488788456
1546 0 0 0 28.309759916737676
1547 0 0 0 53.68193902540952
1548 0 0 0 70.24693198036402
1549 0 0 0 32.550062984228134
1550 0 0 0 52.787669003009796
1551 0 0 0 42.13518893811852
1552 0 0 0 57.72772303316742
1553 0 0 0 56.35577894281596
1554 0 0 0 32.424913020804524
1555 0 0 0 50.5062349839136
1556 0 0 0 56.022334028966725
1557 0 0 0 36.30471101496369
1558 0 0 0 67.53992603626102
1559 0 0 0 49.59143395535648
1560 0 0 0 51.63513496518135
1561 0 0 0 65.49572094809264
1562 0 0 0 49.245857051573694
1563 0 0 0 54.66122005600482
1564 0 0 0 54.038251051679254
1565 0 0 0 37.96536091249436
1566 0 0 0 55.62203098088503
1567 0 0 0 30.57290392462164
1568 0 0 0 46.081493026576936
1569 0 0 0 50.49678799696267
1570 0 0 0 28.64797809161246
1571 0 0 0 29.740136000327766
1572 0 0 0 41.363023105077446
1573 0 0 0 41.02988401427865
1574 0 0 0 51.64753599092364
1575 0 0 0 37.21816395409405
1576 0 0 0 48.048218013718724
1577 0 0 0 50.253492896445096
1578 0 0 0 47.412929008714855
1579 0 0 0 34.04721699189395
1580 0 0 0 41.326559032313526
1581 0 0 0 43.698651948943734
1582 0 0 0 40.03137303516269
1583 0 0 0 72.92906101793051
1584 0 0 0 67.37322302069515
1585 0 0 0 50.35594594664872
1586 0 0 0 30.81830602604896
1587 0 0 0 58.839331031776965
1588 0 0 0 38.583165034651756
1589 0 0 0 45.91913090553135
1590 0 0 0 64.15902799926698
1591 0 0 0 34.4375679269433
1592 0 0 0 41.60707397386432
1593 0 0 0 57.70772905088961
1594 0 0 0 54.957502987235785
1595 0 0 0 43.865293031558394
1596 0 0 0 46.38782003894448
1597 0 0 0 58.69562097359449
1598 0 0 0 55.36531005054712
1599 0 0 0 50.946457078680396
1600 0 0 0 43.879495933651924
1601 0 0 0 55.7543970644474
1602 0 0 0 45.448755961842835
1603 0 0 0 49.43619400728494
1604 0 0 0 36.32036398630589
1605 0 0 0 32.007848960347474
1606 0 0 0 34.05269898939878
1607 0 0 0 58.47816402092576
1608 0 0 0 45.57434900198132
1609 0 0 0 46.52304796036333
1610 0 0 0 48.4567079693079
1611 0 0 0 39.338396047241986
1612 0 0 0 56.977184023708105
1613 0 0 0 39.601246011443436
1614 0 0 0 52.788257016800344
1615 0 0 0 31.717873993329704
1616 0 0 0 33.32600393332541
1617 0 0 0 56.59801000729203
1618 0 0 0 49.43543195258826
1619 0 0 0 51.26318894326687
1620 0 0 0 48.0869160965085
1621 0 0 0 30.088803032413125
1622 0 0 0 29.89340096246451
1623 0 0 0 54.09094400238246
1624 0 0 0 37.59361198171973
1625 0 0 0 32.336906995624304
1626 0 0 0 53.46071603707969
1627 0 0 0 50.30153400730342
1628 0 0 0 31.702045002020895
1629 0 0 0 46.59874294884503
1630 0 0 0 47.06934001296759
1631 0 0 0 52.79897595755756
1632 0 0 0 57.05295503139496
1633 0 0 0 49.995242967270315
1634 0 0 0 52.32271796558052
1635 0 0 0 53.593407035805285
1636 0 0 0 31.76006197463721
1637 0 0 0 57.20072006806731
1638 0 0 0 35.64406407531351
1639 0 0 0 46.87448008917272
1640 0 0 0 29.450029018335044
1641 0 0 0 29.944204026833177
1642 0 0 0 51.44992202986032
1643 0 0 0 45.28997698798776
1644 0 0 0 51.74556095153093
1645 0 0 0 40.08195991627872
1646 0 0 0 56.897833943367004
1647 0 0 0 61.68941000942141
1648 0 0 0 41.5298220468685
1649 0 0 0 57.34640208538622
1650 0 0 0 51.00391898304224
1651 0 0 0 58.21759102400392
1652 0 0 0 48.001196002587676
1653 0 0 0 46.528856037184596
1654 0 0 0 29.491604887880385
1655 0 0 0 54.8400089610368
1656 0 0 0 54.090521996840835
1657 0 0 0 35.60305794235319
1658 0 0 0 54.99061197042465
1659 0 0 0 49.37973106279969
1660 0 0 0 30.65852099098265
1661 0 0 0 57.63551394920796
1662 0 0 0 35.390355973504484
1663 0 0 0 31.707803020253778
1664 0 0 0 30.777664040215313
1665 0 0 0 57.018238003365695
1666 0 0 0 32.05304406583309
1667 0 0 0 56.60228303167969
1668 0 0 0 28.35975994821638
1669 0 0 0 40.700897108763456
1670 0 0 0 34.01940502226353
1671 0 0 0 46.13672196865082
1672 0 0 0 51.10046500340104
1673 0 0 0 27.3151439614594
1674 0 0 0 29.49243795592338
1675 0 0 0 43.09594398364425
1676 0 0 0 35.092854988761246
1677 0 0 0 43.521171901375055
1678 0 0 0 44.36832293868065
1679 0 0 0 44.53866195399314
1680 0 0 0 57.40505096036941
1681 0 0 0 34.87767092883587
1682 0 0 0 49.78372796904296
1683 0 0 0 46.229497995227575
1684 0 0 0 58.320458978414536
1685 0 0 0 47.9676160030067
1686 0 0 0 36.0634719254449
1687 0 0 0 57.978083030320704
1688 0 0 0 37.73070499300957
1689 0 0 0 43.85709704365581
1690 0 0 0 52.915688953362405
1691 0 0 0 28.136042063124478
1692 0 0 0 43.66877896245569
1693 0 0 0 46.192029025405645
1694 0 0 0 30.57823295239359
1695 0 0 0 56.20044202078134
1696 0 0 0 51.48098501376808
1697 0 0 0 52.46588704176247
1698 0 0 0 52.720468025654554
1699 0 0 0 53.13187593128532
1700 0 0 0 45.26343697216362
1701 0 0 0 50.876581110060215
1702 0 0 0 46.12044000532478
1703 0 0 0 41.67769697960466
1704 0 0 0 47.892142087221146
1705 0 0 0 45.32143904361874
1706 0 0 0 41.04615596588701
1707 0 0 0 55.86285493336618
1708 0 0 0 38.144781021401286
1709 0 0 0 54.58401492796838
1710 0 0 0 44.662734027951956
1711 0 0 0 58.41582000721246
1712 0 0 0 37.03110292553902
1713 0 0 0 49.802073976024985
1714 0 0 0 51.168381003662944
1715 0 0 0 50.49247096758336
1716 0 0 0 58.64863400347531
1717 0 0 0 37.02685399912298
1718 0 0 0 38.08986209332943
1719 0 0 0 59.115511015988886
1720 0 0 0 39.906025980599225
1721 0 0 0 31.45811497233808
1722 0 0 0 44.29010103922337
1723 0 0 0 30.084865051321685
1724 0 0 0 53.65049897227436
1725 0 0 0 53.133581997826695
1726 0 0 0 44.7295029880479
1727 0 0 0 54.67051302548498
1728 0 0 0 59.61230699904263
1729 0 0 0 49.9549430096522
1730 0 0 0 36.055401898920536
1731 0 0 0 45.21690506953746
1732 0 0 0 56.608241982758045
1733 0 0 0 27.19669498037547
1734 0 0 0 46.08502809423953
1735 0 0 0 39.36633304692805
1736 0 0 0 35.68051301408559
1737 0 0 0 38.643553969450295
1738 0 0 0 36.471116938628256
1739 0 0 0 55.65414601005614
1740 0 0 0 35.00372706912458
1741 0 0 0 53.62106498796493
1742 0 0 0 31.147697009146214
1743 0 0 0 36.11034993082285
1744 0 0 0 44.425451080314815
1745 0 0 0 42.83620300702751
1746 0 0 0 47.66318795736879
1747 0 0 0 36.68529004789889
1748 0 0 0 54.41358592361212
1749 0 0 0 47.12428501807153
1750 0 0 0 54.118485073558986
1751 0 0 0 51.67767498642206
1752 0 0 0 37.70485601853579
1753 0 0 0 46.57981207128614
1754 0 0 0 37.5942790415138
1755 0 0 0 44.10361498594284
1756 0 0 0 48.18499798420817
1757 0 0 0 65.01408608164638
1758 0 0 0 62.691633007489145
1759 0 0 0 61.769130057655275
1760 0 0 0 54.92895992938429
1761 0 0 0 41.74383298959583
1762 0 0 0 29.121609055437148
1763 0 0 0 37.134245969355106
1764 0 0 0 60.749911004677415
1765 0 0 0 74.94894694536924
1766 0 0 0 58.169863070361316
1767 0 0 0 52.82117298338562
1768 0 0 0 55.325672030448914
1769 0 0 0 60.53423602133989
1770 0 0 0 66.92225707229227
1771 0 0 0 60.56418200023472
1772 0 0 0 61.3553230650723
1773 0 0 0 66.1147580249235
1774 0 0 0 67.1297269873321
1775 0 0 0 59.465187950991094
1776 0 0 0 56.422472931444645
1777 0 0 0 59.154407936148345
1778 0 0 0 66.5338160470128
1779 0 0 0 64.91191103123128
1780 0 0 0 62.73850903380662
1781 0 0 0 72.11318099871278
1782 0 0 0 63.5277449619025
1783 0 0 0 64.17855399195105
1784 0 0 0 62.66366899944842
1785 0 0 0 61.462530051358044
1786 0 0 0 65.32533699646592
1787 0 0 0 67.96978204511106
1788 0 0 0 61.50102999527007
1789 0 0 0 64.87043702509254
1790 0 0 0 63.6048240121454
1791 0 0 0 65.45165402349085
1792 0 0 0 58.11974196694791
1793 0 0 0 62.3535179765895
1794 0 0 0 63.917019055224955
1795 0 0 0 69.84362099319696
1796 0 0 0 65.89072896167636
1797 0 0 0 66.20696000754833
1798 0 0 0 64.4764449680224
1799 0 0 0 63.49284399766475
1800 0 0 0 67.77221604716033
1801 0 0 0 69.44975897204131
1802 0 0 0 81.26655197702348
1803 0 0 0 68.87730304151773
1804 0 0 0 67.14566494338214
1805 0 0 0 60.20810699556023
1806 0 0 0 63.25848994310945
1807 0 0 0 63.47117805853486
1808 0 0 0 62.2079239692539
1809 0 0 0 63.71822999790311
1810 0 0 0 59.46695408783853
1811 0 0 0 68.15811293199658
1812 0 0 0 65.93379704281688
1813 0 0 0 57.78213602025062
1814 0 0 0 66.17356499191374
1815 0 0 0 63.40175203513354
1816 0 0 0 65.27102703694254
1817 0 0 0 64.55772195477039
1818 0 0 0 63.56103299185634
1819 0 0 0 62.576186028309166
1820 0 0 0 62.66743899323046
1821 0 0 0 62.641825061291456
1822 0 0 0 63.623441965319216
1823 0 0 0 64.38789900857955
1824 0 0 0 67.07826198544353
1825 0 0 0 64.38068894203752
1826 0 0 0 59.995790012180805
1827 0 0 0 63.366593909449875
1828 0 0 0 61.82797101791948
1829 0 0 0 63.27075301669538
1830 0 0 0 64.26986691076308
1831 0 0 0 65.75399998109788
1832 0 0 0 67.07925396040082
1833 0 0 0 71.90627499949187
1834 0 0 0 59.67691703699529
1835 0 0 0 61.004566960036755
1836 0 0 0 67.50438106246293
1837 0 0 0 58.16323310136795
1838 0 0 0 65.82182308193296
1839 0 0 0 67.15350295417011
1840 0 0 0 70.90278796385974
1841 0 0 0 61.41049705911428
1842 0 0 0 67.30808899737895
1843 0 0 0 60.24869601242244
1844 0 0 0 59.41466602962464
1845 0 0 0 65.95270696561784
1846 0 0 0 66.14958203863353
1847 0 0 0 59.18892798945308
1848 0 0 0 59.60883595980704
1849 0 0 0 65.58703107293695
1850 0 0 0 62.5472750980407
1851 0 0 0 67.61324894614518
1852 0 0 0 62.85535194911063
1853 0 0 0 65.74162899050862
1854 0 0 0 59.1360799735412
1855 0 0 0 68.58867197297513
1856 0 0 0 66.11005601007491
1857 0 0 0 65.275689936243
1858 0 0 0 68.56410298496485
1859 0 0 0 71.10582699533552
1860 0 0 0 69.63225093204528
1861 0 0 0 63.763236976228654
1862 0 0 0 62.06211599055678
1863 0 0 0 60.949248960241675
1864 0 0 0 66.83841394260526
1865 0 0 0 59.82456705532968
1866 0 0 0 64.95362299028784
1867 0 0 0 60.17687194980681
1868 0 0 0 63.43500001821667
1869 0 0 0 62.1596589917317
1870 0 0 0 61.74306501634419
1871 0 0 0 70.9115929203108
1872 0 0 0 58.60430502798408
1873 0 0 0 65.33342693001032
1874 0 0 0 61.62743805907667
1875 0 0 0 68.29289405141026
1876 0 0 0 65.84204290993512
1877 0 0 0 65.32057898584753
1878 0 0 0 64.4532450241968
1879 0 0 0 66.2433470133692
1880 0 0 0 61.20839493814856
1881 0 0 0 66.79447996430099
1882 0 0 0 66.24243594706059
1883 0 0 0 69.16448601987213
1884 0 0 0 63.136911019682884
1885 0 0 0 60.470266034826636
1886 0 0 0 63.44218400772661
1887 0 0 0 66.68837391771376
1888 0 0 0 60.12287992052734
1889 0 0 0 70.67266607191414
1890 0 0 0 61.92722311243415
1891 0 0 0 64.8924169363454
1892 0 0 0 58.96310496609658
1893 0 0 0 64.01035306043923
1894 0 0 0 60.9250059351325
1895 0 0 0 63.74435999896377
1896 0 0 0 56.852440000511706
1897 0 0 0 56.35090498253703
1898 0 0 0 63.67552699521184
1899 0 0 0 62.873220071196556
1900 0 0 0 67.02303001657128
1901 0 0 0 63.116737990640104
1902 0 0 0 66.83691602665931
1903 0 0 0 62.207967042922974
1904 0 0 0 63.611746998503804
1905 0 0 0 56.15177808795124
1906 0 0 0 57.89547401946038
1907 0 0 0 65.80682296771556
1908 0 0 0 61.02145102340728
1909 0 0 0 60.10581098962575
1910 0 0 0 66.38226297218353
1911 0 0 0 65.34227798692882
1912 0 0 0 60.62926701270044
1913 0 0 0 59.562304988503456
1914 0 0 0 60.39467907976359
1915 0 0 0 62.394212000072
1916 0 0 0 63.82018595468253
1917 0 0 0 68.24084301479161
1918 0 0 0 65.8331949962303
1919 0 0 0 64.81811101548374
1920 0 0 0 65.71009603794664
1921 0 0 0 64.89004800096154
1922 0 0 0 67.17585306614637
1923 0 0 0 63.886483083479106
1924 0 0 0 56.80056498385966
1925 0 0 0 59.43260295316577
1926 0 0 0 56.104114977642894
1927 0 0 0 62.74802691768855
1928 0 0 0 55.31048204284161
1929 0 0 0 59.61531295906752
1930 0 0 0 66.23838399536908
1931 0 0 0 64.25567797850817
1932 0 0 0 62.40277807228267
1933 0 0 0 63.74748097732663
1934 0 0 0 65.24854898452759
1935 0 0 0 64.57927101291716
1936 0 0 0 63.31104994751513
1937 0 0 0 64.0795580111444
1938 0 0 0 63.56538098771125
1939 0 0 0 62.40189098753035
1940 0 0 0 62.16553400736302
1941 0 0 0 59.420410078018904
1942 0 0 0 63.56655096169561
1943 0 0 0 63.23944893665612
1944 0 0 0 59.25193603616208
1945 0 0 0 58.482404914684594
1946 0 0 0 66.3108229637146
1947 0 0 0 66.86390901450068
1948 0 0 0 60.50721707288176
1949 0 0 0 63.7385209556669
1950 0 0 0 63.234100001864135
1951 0 0 0 62.12144996970892
1952 0 0 0 57.32335592620075
1953 0 0 0 62.99103598576039
1954 0 0 0 64.62203804403543
1955 0 0 0 59.305822011083364
1956 0 0 0 66.13734504207969
1957 0 0 0 69.87970799673349
1958 0 0 0 63.036386971361935
1959 0 0 0 72.90403300430626
1960 0 0 0 62.75691092014313
1961 0 0 0 62.31187598314136
1962 0 0 0 55.89543411042541
1963 0 0 0 62.21725605428219
1964 0 0 0 63.293298007920384
1965 0 0 0 57.2547729825601
1966 0 0 0 65.07016799878329
1967 0 0 0 65.60276704840362
1968 0 0 0 64.51336503960192
1969 0 0 0 64.5966469310224
1970 0 0 0 66.68656400870532
1971 0 0 0 64.88287902902812
1972 0 0 0 58.93216503318399
1973 0 0 0 63.064549933187664
1974 0 0 0 58.7294070282951
1975 0 0 0 63.36099200416356
1976 0 0 0 63.66729096043855
1977 0 0 0 62.824817025102675
1978 0 0 0 58.60076495446265
1979 0 0 0 56.93816300481558
1980 0 0 0 56.164072011597455
1981 0 0 0 62.43002100382
1982 0 0 0 62.784895999357104
1983 0 0 0 67.36595998518169
1984 0 0 0 58.926624013110995
1985 0 0 0 73.01232998725027
1986 0 0 0 72.47519795782864
1987 0 0 0 71.5632849605754
1988 0 0 0 90.75722901616246
1989 0 0 0 72.311075986363
1990 0 0 0 66.70913891866803
1991 0 0 0 60.6385039864108
1992 0 0 0 61.80025404319167
1993 0 0 0 65.42195600923151
1994 0 0 0 65.44065405614674
1995 0 0 0 65.10816107038409
1996 0 0 0 58.52568696718663
1997 0 0 0 57.44360701646656
1998 0 0 0 56.275939918123186
1999 0 0 0 61.66064296849072
2000 0 0 0 61.46231002639979
2001 0 0 0 61.284673982299864
2002 0 0 0 66.40503194648772
2003 0 0 0 59.551657061092556
2004 0 0 0 64.06913290265948
2005 0 0 0 64.64382796548307
2006 0 0 0 68.42152099125087
2007 0 0 0 64.4247829914093
2008 0 0 0 60.4607310378924
2009 0 0 0 65.08873600978404
2010 0 0 0 59.929789043962955
2011 0 0 0 63.034577993676066
2012 0 0 0 63.28614498488605
2013 0 0 0 65.6885679345578
2014 0 0 0 55.85664603859186
2015 0 0 0 61.84707803186029
2016 0 0 0 60.80229196231812
2017 0 0 0 59.07732900232077
2018 0 0 0 62.79892800375819
2019 0 0 0 54.75116497837007
2020 0 0 0 64.29865199606866
2021 0 0 0 66.82012300007045
2022 0 0 0 63.06633201893419
2023 0 0 0 59.07650198787451
2024 0 0 0 61.67149497196078
2025 0 0 0 66.91253103781492
2026 0 0 0 70.18260308541358
2027 0 0 0 72.74346507620066
2028 0 0 0 63.917914987541735
2029 0 0 0 61.54219899326563
2030 0 0 0 88.2547419751063
2031 0 0 0 66.27722596749663
2032 0 0 0 66.11135299317539
2033 0 0 0 67.94708594679832
2034 0 0 0 65.99644396919757
2035 0 0 0 60.89839292690158
2036 0 0 0 65.32212707679719
2037 0 0 0 65.47414092347026
2038 0 0 0 69.08323895186186
2039 0 0 0 71.33611990138888
2040 0 0 0 64.04159404337406
2041 0 0 0 66.32323295343667
2042 0 0 0 65.10784989222884
2043 0 0 0 62.917568953707814
2044 0 0 0 56.07149191200733
2045 0 0 0 65.56311494205147
2046 0 0 0 62.71305202972144
2047 0 0 0 62.245714943856
2048 0 0 0 74.08050599042326
2049 0 0 0 69.48216492310166
2050 0 0 0 64.92124299984425
2051 0 0 0 68.7650740146637
2052 0 0 0 83.97392393089831
2053 0 0 0 80.99110203329474
2054 0 0 0 67.98464502207935
2055 0 0 0 64.89688309375197
2056 0 0 0 71.78875908721238
2057 0 0 0 65.65054901875556
2058 0 0 0 66.22865493409336
2059 0 0 0 62.49830999877304
2060 0 0 0 62.2720419196412
2061 0 0 0 66.46475906018168
2062 0 0 0 64.40130400005728
2063 0 0 0 63.3510029874742
2064 0 0 0 58.04739403538406
2065 0 0 0 66.48753897752613
2066 0 0 0 63.9738729223609
2067 0 0 0 63.10466199647635
2068 0 0 0 64.5319689065218
2069 0 0 0 68.18055105395615
2070 0 0 0 70.8017130382359
2071 0 0 0 61.63703405763954
2072 0 0 0 64.68592991586775
2073 0 0 0 66.93153898231685
2074 0 0 0 65.84664899855852
2075 0 0 0 63.243575976230204
2076 0 0 0 62.331945984624326
2077 0 0 0 64.29141899570823
2078 0 0 0 63.77209792844951
2079 0 0 0 67.10816407576203
2080 0 0 0 69.81227395590395
2081 0 0 0 61.781098949722946
2082 0 0 0 65.51897805184126
2083 0 0 0 58.78628301434219
2084 0 0 0 62.21717200241983
2085 0 0 0 68.03853798191994
2086 0 0 0 70.15950698405504
2087 0 0 0 70.11431897990406
2088 0 0 0 69.70572401769459
2089 0 0 0 73.76400893554091
2090 0 0 0 82.94548699632287
2091 0 0 0 63.572339015081525
2092 0 0 0 69.16838604956865
2093 0 0 0 72.75242498144507
2094 0 0 0 69.6335369721055
2095 0 0 0 69.0359859727323
2096 0 0 0 69.06178803183138
2097 0 0 0 65.00062998384237
2098 0 0 0 68.73359403107315
2099 0 0 0 65.21812896244228
2100 0 0 0 69.24409104976803
2101 0 0 0 58.140572044067085
2102 0 0 0 58.04201599676162
2103 0 0 0 71.53406098950654
2104 0 0 0 65.6977309845388
2105 0 0 0 66.81155401747674
2106 0 0 0 66.31018000189215
2107 0 0 0 66.4148359792307
2108 0 0 0 61.182331992313266
2109 0 0 0 68.40471702162176
2110 0 0 0 72.02590408269316
2111 0 0 0 93.2263860013336
2112 0 0 0 83.82143697235733
2113 0 0 0 92.10040897596627
2114 0 0 0 82.5333510292694
2115 0 0 0 80.95001301262528
2116 0 0 0 83.41365191154182
2117 0 0 0 76.54436095617712
2118 0 0 0 61.44996895454824
2119 0 0 0 58.160300948657095
2120 0 0 0 64.90595592185855
2121 0 0 0 64.4405020866543
2122 0 0 0 67.22615589387715
2123 0 0 0 65.70074998307973
2124 0 0 0 65.41385396849364
2125 0 0 0 67.65193399041891
2126 0 0 0 67.32466700486839
2127 0 0 0 64.36976103577763
2128 0 0 0 64.98282693792135
2129 0 0 0 66.71076896600425
2130 0 0 0 72.28719198610634
2131 0 0 0 68.71633103583008
2132 0 0 0 74.73405997734517
2133 0 0 0 66.54464290477335
2134 0 0 0 67.50814605038613
2135 0 0 0 67.65469792298973
2136 0 0 0 67.47128500137478
2137 0 0 0 68.61144897993654
2138 0 0 0 68.31947294995189
2139 0 0 0 71.69106893707067
2140 0 0 0 63.60274902544916
2141 0 0 0 64.71775600221008
2142 0 0 0 64.27204504143447
2143 0 0 0 62.49449995812029
2144 0 0 0 66.07833900488913
2145 0 0 0 63.56538098771125
2146 0 0 0 65.22663892246783
2147 0 0 0 65.37628499791026
2148 0 0 0 70.82064799033105
2149 0 0 0 77.48968107625842
2150 0 0 0 65.58911898173392
2151 0 0 0 73.40062002185732
2152 0 0 0 61.422995990142226
2153 0 0 0 70.63975394703448
2154 0 0 0 72.66315305605531
2155 0 0 0 80.2711839787662
2156 0 0 0 87.55961095448583
2157 0 0 0 80.83147590514272
2158 0 0 0 71.87703694216907
2159 0 0 0 71.34933699853718
2160 0 0 0 71.20054902043194
2161 0 0 0 64.76833089254797
2162 0 0 0 68.2248049415648
2163 0 0 0 61.05700496118516
2164 0 0 0 64.66816796455532
2165 0 0 0 66.01348205003887
2166 0 0 0 58.57108603231609
2167 0 0 0 67.07907991949469
2168 0 0 0 68.088068976067
2169 0 0 0 69.00545710232109
2170 0 0 0 62.21135600935668
2171 0 0 0 64.29463205859065
2172 0 0 0 66.8993069557473
2173 0 0 0 67.05850490834564
2174 0 0 0 66.19228492490947
2175 0 0 0 66.5214559994638
2176 0 0 0 66.05930102523416
2177 0 0 0 67.91908701416105
2178 0 0 0 67.04264809377491
2179 0 0 0 68.3270669542253
2180 0 0 0 69.75025101564825
2181 0 0 0 66.98041991330683
2182 0 0 0 67.78789998497814
2183 0 0 0 65.15623105224222
2184 0 0 0 65.71279792115092
2185 0 0 0 62.76663194876164
2186 0 0 0 65.187249914743
2187 0 0 0 61.02764909155667
2188 0 0 0 58.933359920047224
2189 0 0 0 71.55448698904365
2190 0 0 0 70.03828708548099
2191 1 1385249 0.7169811 68.95875290501863
2192 0 0 0 71.89435802865773
2193 0 0 0 72.34413805417717
2194 0 0 0 65.3889620443806
2195 0 0 0 63.70968103874475
2196 0 0 0 74.67825396452099
2197 0 0 0 72.33534706756473
2198 0 0 0 72.56540597882122
2199 0 0 0 67.45787290856242
2200 0 0 0 61.79985194467008
2201 0 0 0 64.7499019978568
2202 0 0 0 64.87290293443948
2203 0 0 0 69.03788400813937
2204 0 0 0 67.20180297270417
2205 0 0 0 62.88050801958889
2206 0 0 0 66.66401901748031
2207 0 0 0 67.02530093025416
2208 0 0 0 65.63471700064838
2209 0 0 0 61.06146809179336
2210 0 0 0 60.64874306321144
2211 1 1244220 0.7173913 55.924391956068575
2212 0 0 0 57.438733987510204
2213 0 0 0 57.707173051312566
2214 0 0 0 62.44307802990079
2215 0 0 0 56.11783091444522
2216 0 0 0 62.28492199443281
2217 0 0 0 66.24989805277437
2218 0 0 0 55.326872039586306
2219 0 0 0 57.68765392713249
2220 0 0 0 63.77823301590979
2221 0 0 0 62.98486504238099
2222 0 0 0 58.82687296252698
2223 0 0 0 62.31735600158572
2224 0 0 0 63.04805399850011
2225 0 0 0 64.21511201187968
2226 0 0 0 62.177388928830624
2227 0 0 0 65.50041900482029
2228 0 0 0 67.27431702893227
2229 0 0 0 63.16657701972872
2230 0 0 0 56.4702230039984
2231 0 0 0 68.60264402348548
2232 0 0 0 63.062422908842564
2233 0 0 0 65.27809204999357
2234 0 0 0 68.54332401417196
2235 0 0 0 62.8585439408198
2236 0 0 0 63.3292329730466
2237 0 0 0 64.28270600736141
2238 0 0 0 67.99095997121185
2239 0 0 0 65.18321298062801
2240 0 0 0 64.58729808218777
2241 0 0 0 64.26108896266669
2242 0 0 0 63.98018798790872
2243 0 0 0 62.069176929071546
2244 0 0 0 58.053490007296205
2245 0 0 0 64.40229003783315
2246 0 0 0 65.15974598005414
2247 0 0 0 68.80427501164377
2248 0 0 0 64.91854193154722
2249 0 0 0 63.11073002871126
2250 0 0 0 58.18196898326278
2251 0 0 0 62.556002056226134
2252 0 0 0 61.798788025043905
2253 0 0 0 71.82564109098166
2254 0 0 0 70.34270907752216
2255 0 0 0 70.8087079692632
2256 0 0 0 67.14179902337492
2257 0 0 0 78.45765596721321
2258 0 0 0 69.36298403888941
2259 0 0 0 67.10512295830995
2260 0 0 0 63.417511992156506
2261 0 0 0 70.84144395776093
2262 0 0 0 72.69692397676408
2263 0 0 0 70.60586998704821
2264 0 0 0 70.82940998952836
2265 0 0 0 64.64429502375424
2266 0 0 0 66.89386093057692
2267 0 0 0 69.45066200569272
2268 0 0 0 68.21631209459156
2269 0 0 0 68.08293994981796
2270 0 0 0 68.85156501084566
2271 0 0 0 73.71563906781375
2272 0 0 0 76.43476396333426
2273 0 0 0 76.9259890075773
2274 0 0 0 74.0215330151841
2275 0 0 0 67.55992607213557
2276 0 0 0 64.57267992664129
2277 0 0 0 81.20652101933956
2278 0 0 0 63.19471599999815
2279 0 0 0 66.66670204140246
2280 0 0 0 67.38544499967247
2281 0 0 0 64.15628199465573
2282 0 0 0 61.10121007077396
2283 0 0 0 62.444358016364276
2284 0 0 0 65.90514106210321
2285 0 0 0 63.60545102506876
2286 0 0 0 66.2541480269283
2287 0 0 0 68.21470591239631
2288 0 0 0 64.57785202655941
2289 0 0 0 67.76660704053938
2290 0 0 0 66.95175298955292
2291 0 0 0 64.57889906596392
2292 0 0 0 69.9874700512737
2293 0 0 0 68.03860596846789
2294 0 0 0 66.9659289997071
2295 0 0 0 66.7970780050382
2296 0 0 0 61.160244047641754
2297 0 0 0 66.71357492450625
2298 0 0 0 66.39411405194551
2299 0 0 0 63.20755300112069
2300 0 0 0 61.237346031703055
2301 0 0 0 64.67388197779655
2302 0 0 0 63.13856306951493
2303 0 0 0 64.25289704930037
2304 0 0 0 66.44822598900646
2305 0 0 0 61.972600989975035
2306 0 0 0 70.61170693486929
2307 0 0 0 65.10314194019884
2308 0 0 0 67.66806193627417
2309 0 0 0 68.11960705090314
2310 0 0 0 67.24971090443432
2311 0 0 0 65.44157199095935
2312 0 0 0 64.88021393306553
2313 0 0 0 63.13698994927108
2314 0 0 0 65.14372501987964
2315 0 0 0 64.96383191552013
2316 0 0 0 62.15436605270952
2317 0 0 0 62.194354948587716
2318 0 0 0 62.6022630603984
2319 0 0 0 65.36262901499867
2320 0 0 0 66.42513698898256
2321 0 0 0 62.67518189270049
2322 0 0 0 65.65617304295301
2323 0 0 0 69.59258602000773
2324 0 0 0 67.3914139624685
2325 0 0 0 65.18556701485068
2326 0 0 0 66.65624002926052
2327 0 0 0 68.59296292532235
2328 0 0 0 69.26423695404083
2329 0 0 0 79.1349490173161
2330 0 0 0 69.72055102232844
2331 0 0 0 71.21089391876012
2332 0 0 0 71.79366191849113
2333 0 0 0 66.03531702421606
2334 0 0 0 66.37774896807969
2335 0 0 0 80.32019005622715
2336 0 0 0 63.551230006851256
2337 0 0 0 64.39988710917532
2338 0 0 0 64.85784996766597
2339 0 0 0 63.52120207156986
2340 0 0 0 63.20713006425649
2341 0 0 0 66.21545599773526
2342 0 0 0 61.84340198524296
2343 0 0 0 61.503064003773034
2344 0 0 0 61.621051048859954
2345 0 0 0 64.79744601529092
2346 0 0 0 67.39505601581186
2347 0 0 0 65.04415103700012
2348 0 0 0 66.46530493162572
2349 0 0 0 66.19178398977965
2350 0 0 0 61.45591998938471
2351 0 0 0 65.44202205259353
2352 0 0 0 65.15776400920004
2353 0 0 0 64.40731801558286
2354 0 0 0 70.7492899382487
2355 0 0 0 71.87515904661268
2356 0 0 0 73.9741229917854
2357 0 0 0 67.70942907314748
2358 0 0 0 66.58960797358304
2359 0 0 0 63.18174791522324
2360 0 0 0 68.21197899989784
2361 0 0 0 65.50217396579683
2362 0 0 0 64.57076501101255
2363 0 0 0 62.81289109028876
2364 0 0 0 70.16779400873929
2365 0 0 0 67.28457496501505
2366 0 0 0 64.31022693868726
2367 0 0 0 67.16508499812335
2368 0 0 0 65.2008360484615
2369 0 0 0 69.99794393777847
2370 0 0 0 66.5481350151822
2371 0 0 0 63.795236055739224
2372 0 0 0 64.90669690538198
2373 0 0 0 65.90361904818565
2374 0 0 0 66.1805720301345
2375 0 0 0 70.96618390642107
2376 0 0 0 68.26990994159132
2377 0 0 0 71.71643292531371
2378 0 0 0 66.01294805295765
2379 0 0 0 64.79144794866443
2380 0 0 0 67.20457505434752
2381 0 0 0 66.46474602166563
2382 0 0 0 65.92804891988635
2383 0 0 0 67.32052704319358
2384 0 0 0 67.17513501644135
2385 0 0 0 64.92148095276207
2386 0 0 0 67.9437608923763
2387 0 0 0 64.86361101269722
2388 0 0 0 64.35090594459325
2389 0 0 0 63.59775108285248
2390 0 0 0 65.9440360032022
2391 0 0 0 63.121024053543806
2392 0 0 0 61.753861024044454
2393 0 0 0 64.81368304230273
2394 0 0 0 68.5683349147439
2395 0 0 0 67.72742001339793
2396 0 0 0 64.10416506696492
2397 0 0 0 61.07212300412357
2398 0 0 0 62.74552899412811
2399 0 0 0 65.22740004584193
2400 0 0 0 61.61968794185668
2401 0 0 0 62.940345029346645
2402 0 0 0 64.76090895012021
2403 0 0 0 68.60953103750944
2404 0 0 0 67.6517840474844
2405 0 0 0 67.32613407075405
2406 0 0 0 66.5316580561921
2407 0 0 0 65.06910803727806
2408 0 0 0 67.59876804426312
2409 0 0 0 66.445681033656
2410 0 0 0 62.607222935184836
2411 0 0 0 65.83614402916282
2412 0 0 0 66.39851001091301
2413 0 0 0 63.97542404010892
2414 0 0 0 67.63510208111256
2415 0 0 0 63.580225920304656
2416 0 0 0 66.55087496619672
2417 0 0 0 66.6257789125666
2418 0 0 0 67.93534604366869
2419 0 0 0 66.43575895577669
2420 0 0 0 66.89759495202452
2421 0 0 0 68.67055897600949
2422 0 0 0 67.06833699718118
2423 0 0 0 68.08138103224337
2424 0 0 0 64.11025091074407
2425 0 0 0 67.60602002032101
2426 0 0 0 68.57852300163358
2427 0 0 0 67.60147796012461
2428 0 0 0 63.54469899088144
2429 0 0 0 66.75446894951165
2430 0 0 0 61.75586604513228
2431 0 0 0 66.49973499588668
2432 0 0 0 65.73344802018255
2433 0 0 0 66.52323994785547
2434 0 0 0 63.58788500074297
2435 0 0 0 64.10142302047461
2436 0 0 0 62.283669016323984
2437 0 0 0 64.15742705576122
2438 0 0 0 65.91788108926266
2439 0 0 0 65.82579703535885
2440 0 0 0 66.67153001762927
2441 0 0 0 65.49404992256314
2442 0 0 0 68.52649000938982
2443 0 0 0 67.1043989714235
2444 0 0 0 65.41226804256439
2445 0 0 0 66.04511803016067
2446 0 0 0 65.4410149436444
2447 0 0 0 65.35122101195157
2448 0 0 0 65.19701890647411
2449 0 0 0 64.5673560211435
2450 0 0 0 63.09386994689703
2451 0 0 0 64.29029896389693
2452 0 0 0 66.07421999797225
2453 0 0 0 63.10239201411605
2454 0 0 0 64.39935800153762
2455 0 0 0 66.60634605214
2456 0 0 0 65.28048997279257
2457 1 1244985 0.76363635 64.71723399590701
2458 0 0 0 71.51533500291407
2459 0 0 0 90.02896305173635
2460 0 0 0 81.93858596496284
2461 0 0 0 78.50182801485062
2462 0 0 0 73.65196000318974
2463 0 0 0 76.72969601117074
2464 0 0 0 76.82016002945602
2465 0 0 0 66.62188505288213
2466 0 0 0 65.52252906840295
2467 0 0 0 62.838318990543485
2468 0 0 0 66.57317199278623
2469 0 0 0 64.10641106776893
2470 0 0 0 64.19363210443407
2471 0 0 0 68.11878900043666
2472 0 0 0 68.824892048724
2473 0 0 0 65.85385405924171
2474 0 0 0 68.01630603149533
2475 0 0 0 72.13055505417287
2476 0 0 0 65.87596598546952
2477 0 0 0 63.05062200408429
2478 0 0 0 68.93681606743485
2479 0 0 0 70.1371330069378
2480 0 0 0 66.23143597971648
2481 0 0 0 65.0530339917168
2482 0 0 0 65.2985330671072
2483 0 0 0 65.81889104563743
2484 0 0 0 61.10144895501435
2485 0 0 0 63.73934692237526
2486 0 0 0 67.12068303022534
2487 0 0 0 67.95748206786811
2488 0 0 0 66.73474609851837
2489 0 0 0 68.10944306198508
2490 0 0 0 65.4375929152593
2491 0 0 0 64.79343003593385
2492 0 0 0 65.5277029145509
2493 0 0 0 65.45766908675432
2494 0 0 0 65.85443601943552
2495 0 0 0 64.64238895568997
2496 0 0 0 67.50385998748243
2497 0 0 0 65.49191498197615
2498 0 0 0 62.761451001279056
2499 0 0 0 69.32397501077503
2500 0 0 0 68.16087698098272
2501 0 0 0 65.75011997483671
2502 0 0 0 67.20787798985839
2503 0 0 0 63.98716592229903
2504 0 0 0 67.03296909108758
2505 0 0 0 64.30232594721019
2506 0 0 0 64.9517570855096
2507 0 0 0 65.94987108837813
2508 0 0 0 65.82232692744583
2509 0 0 0 69.18614695314318
2510 0 0 0 65.13347709551454
2511 0 0 0 63.09826695360243
2512 0 0 0 63.55951796285808
2513 0 0 0 70.63752796966583
2514 0 0 0 65.72365202009678
2515 0 0 0 65.00954495277256
2516 0 0 0 63.728063949383795
2517 0 0 0 65.4517279472202
2518 0 0 0 63.15621500834823
2519 0 0 0 62.55471799522638
2520 0 0 0 62.71368300076574
2521 0 0 0 67.95916706323624
2522 0 0 0 68.72973404824734
2523 0 0 0 67.52919696737081
2524 0 0 0 72.16466101817787
2525 0 0 0 67.60004698298872
2526 0 0 0 66.99588301125914
2527 0 0 0 64.2957400996238
2528 0 0 0 63.53868008591235
2529 0 0 0 63.50576598197222
2530 0 0 0 67.25402397569269
2531 0 0 0 65.05045003723353
2532 0 0 0 63.93990200012922
2533 0 0 0 62.44310399051756
2534 0 0 0 63.40229092165828
2535 0 0 0 69.15624695830047
2536 0 0 0 67.91563995648175
2537 0 0 0 67.14328203815967
2538 0 0 0 64.6377670345828
2539 0 0 0 68.32734297495335
2540 0 0 0 63.882005983032286
2541 0 0 0 65.58098492678255
2542 0 0 0 73.7738449824974
2543 0 0 0 73.15563503652811
2544 0 0 0 72.43383605964482
2545 0 0 0 72.9317800141871
2546 0 0 0 64.99982601962984
2547 0 0 0 64.78291202802211
2548 0 0 0 86.39302593655884
2549 0 0 0 63.67031508125365
2550 0 0 0 65.30339398887008
2551 0 0 0 67.19004292972386
2552 0 0 0 68.30833700951189
2553 0 0 0 65.13163598719984
2554 0 0 0 65.70831697899848
2555 0 0 0 65.47257397323847
2556 0 0 0 66.52195297647268
2557 0 0 0 63.28017695341259
2558 0 0 0 64.48184396140277
2559 0 0 0 64.21749189030379
2560 0 0 0 64.01992496103048
2561 0 0 0 67.32640706468374
2562 0 0 0 66.04181497823447
2563 0 0 0 65.27762301266193
2564 0 0 0 67.8868219256401
2565 0 0 0 66.8483009794727
2566 0 0 0 66.37930904980749
2567 0 0 0 64.04589000158012
2568 0 0 0 65.05160208325833
2569 0 0 0 68.57966200914234
2570 0 0 0 65.7259050058201
2571 0 0 0 66.66717096231878
2572 0 0 0 66.31079001817852
2573 0 0 0 66.00261607673019
2574 0 0 0 70.04199898801744
2575 0 0 0 65.11536205653101
2576 0 0 0 63.483793986961246
2577 0 0 0 67.3018810339272
2578 0 0 0 64.25645400304347
2579 0 0 0 69.08281706273556
2580 0 0 0 68.2986710453406
2581 0 0 0 68.19983501918614
2582 0 0 0 69.56096005160362
2583 0 0 0 63.83840297348797
2584 0 0 0 64.39674703869969
2585 0 0 0 67.88104900624603
2586 0 0 0 63.22598492261022
2587 0 0 0 66.10368797555566
2588 0 0 0 67.15938891284168
2589 0 0 0 69.5787409786135
2590 0 0 0 68.39609297458082
2591 0 0 0 65.96119201276451
2592 0 0 0 65.31233002897352
2593 0 0 0 68.95756802987307
2594 0 0 0 73.24727007653564
2595 0 0 0 69.55974700395018
2596 0 0 0 68.36436898447573
2597 0 0 0 66.13549496978521
2598 0 0 0 68.15398402977735
2599 0 0 0 63.96057002712041
2600 0 0 0 65.40114106610417
2601 0 0 0 64.83697902876884
2602 0 0 0 65.3705180156976
2603 0 0 0 65.51729305647314
2604 0 0 0 69.47801494970918
2605 0 0 0 68.52850003633648
2606 0 0 0 66.08181295450777
2607 0 0 0 63.458098913542926
2608 0 0 0 65.64153998624533
2609 0 0 0 65.56417397223413
2610 0 0 0 66.40558096114546
2611 0 0 0 67.2873689327389
2612 0 0 0 66.52022898197174
2613 0 0 0 63.978885067626834
2614 0 0 0 63.56574292294681
2615 0 0 0 65.26431092061102
2616 0 0 0 63.70171997696161
2617 0 0 0 60.724891955032945
2618 0 0 0 61.40540400519967
2619 0 0 0 61.94262590724975
2620 0 0 0 65.64706808421761
2621 0 0 0 67.30831600725651
2622 0 0 0 61.7441349895671
2623 0 0 0 63.982984982430935
2624 0 0 0 69.9517650064081
2625 0 0 0 67.00596201699227
2626 0 0 0 66.14394497592002
2627 0 0 0 64.50935907196254
2628 0 0 0 72.38942699041218
2629 0 0 0 67.50092399306595
2630 0 0 0 66.01766007952392
2631 0 0 0 66.38238590676337
2632 0 0 0 66.73960003536195
2633 0 0 0 66.31136394571513
2634 0 0 0 67.78882606886327
2635 0 0 0 67.91855103801936
2636 0 0 0 65.0021240580827
2637 0 0 0 70.0092070037499
2638 0 0 0 68.2328570401296
2639 0 0 0 65.49360300414264
2640 0 0 0 65.12481300160289
2641 0 0 0 66.99481001123786
2642 0 0 0 67.21586093772203
2643 0 0 0 64.55393298529088
2644 0 0 0 65.82697795238346
2645 0 0 0 62.68788897432387
2646 0 0 0 63.07002098765224
2647 0 0 0 108.88014198280871
2648 0 0 0 90.53868101909757
2649 0 0 0 87.06815796904266
2650 0 0 0 85.50268795806915
2651 0 0 0 81.46185195073485
2652 0 0 0 79.14174301549792
2653 0 0 0 66.93024898413569
2654 0 0 0 78.27353198081255
2655 0 0 0 80.80889796838164
2656 0 0 0 77.63180194888264
2657 0 0 0 77.88889005314559
2658 0 0 0 68.5573659138754
2659 0 0 0 67.88966304156929
2660 0 0 0 59.458747040480375
2661 0 0 0 64.30528301279992
2662 0 0 0 64.92844002787024
2663 0 0 0 63.52293398231268
2664 0 0 0 66.06631097383797
2665 0 0 0 62.589296023361385
2666 0 0 0 70.51677606068552
2667 0 0 0 65.76996296644211
2668 0 0 0 68.94798600114882
2669 0 0 0 87.33411401044577
2670 0 0 0 71.25649892259389
2671 0 0 0 66.94894097745419
2672 0 0 0 76.68968196958303
2673 0 0 0 83.14198500011116
2674 0 0 0 86.08675305731595
2675 0 0 0 67.65969807747751
2676 0 0 0 70.89817593805492
2677 0 0 0 71.92475697956979
2678 0 0 0 74.70179395750165
2679 0 0 0 71.65149506181479
2680 0 0 0 69.3483609938994
2681 0 0 0 77.88939902093261
2682 0 0 0 65.61602104920894
2683 0 0 0 62.367978040128946
2684 0 0 0 64.89181506913155
2685 0 0 0 67.13308393955231
2686 0 0 0 64.22289495822042
2687 0 0 0 82.13528397027403
2688 0 0 0 93.28556910622865
2689 0 0 0 76.79942494723946
2690 0 0 0 62.96213495079428
2691 0 0 0 62.66929593402892
2692 0 0 0 67.25127692334354
2693 0 0 0 69.49394999537617
2694 0 0 0 66.32554100360721
2695 0 0 0 66.55019195750356
2696 0 0 0 70.99228899460286
2697 0 0 0 89.75359995383769
2698 0 0 0 81.44356892444193
2699 0 0 0 71.20317500084639
2700 0 0 0 60.74257392901927
2701 0 0 0 63.522537937387824
2702 0 0 0 65.64699800219387
2703 0 0 0 65.7136399531737
2704 0 0 0 63.3668809896335
2705 1 1269472 0.71929824 68.04581999313086
2706 0 0 0 69.1756900632754
2707 0 0 0 67.5031419377774
2708 0 0 0 67.50528805423528
2709 0 0 0 71.07604597695172
2710 0 0 0 63.97145509254187
2711 0 0 0 65.05771598313004
2712 0 0 0 73.25908995699137
2713 0 0 0 66.85315095819533
2714 0 0 0 63.61504294909537
2715 0 0 0 64.41034597810358
2716 0 0 0 93.12282304745167
2717 0 0 0 81.13125595264137
2718 0 0 0 76.9320159452036
2719 0 0 0 68.74460994731635
2720 0 0 0 67.62543797958642
2721 0 0 0 64.35218802653253
2722 0 0 0 66.60734605975449
2723 0 0 0 64.33168600779027
2724 0 0 0 65.4751769034192
2725 0 0 0 63.16144799347967
2726 0 0 0 63.442319980822504
2727 0 0 0 63.24433092959225
2728 0 0 0 63.82827507331967
2729 0 0 0 63.72124294284731
2730 0 0 0 64.50625602155924
2731 0 0 0 61.744409962557256
2732 0 0 0 64.34477306902409
2733 0 0 0 60.7221539830789
2734 0 0 0 62.63954204041511
2735 0 0 0 62.454100931063294
2736 0 0 0 62.11475096642971
2737 0 0 0 64.74101904314011
2738 0 0 0 62.36296601127833
2739 0 0 0 63.371422002092004
2740 0 0 0 65.40410593152046
2741 0 0 0 65.65994897391647
2742 0 0 0 63.99861699901521
2743 0 0 0 64.35005401726812
2744 0 0 0 64.0058129793033
2745 0 0 0 62.89475900121033
2746 0 0 0 63.36526898667216
2747 0 0 0 68.13719205092639
2748 0 0 0 71.49796606972814
2749 0 0 0 64.41540503874421
2750 0 0 0 63.318628002889454
2751 0 0 0 64.5602650474757
2752 0 0 0 64.59503900259733
2753 0 0 0 63.13423893880099
2754 0 0 0 63.797677983529866
2755 0 0 0 67.53812788520008
2756 0 0 0 66.02974503766745
2757 0 0 0 63.56703408528119
2758 0 0 0 62.74820992257446
2759 0 0 0 68.22196498978883
2760 0 0 0 66.31086801644415
2761 0 0 0 69.50859003700316
2762 0 0 0 65.89708698447794
2763 0 0 0 64.60260902531445
2764 0 0 0 61.16915203165263
2765 0 0 0 63.523143995553255
2766 0 0 0 62.97424202784896
2767 0 0 0 62.20189109444618
2768 0 0 0 66.05964596383274
2769 0 0 0 0.7554849144071341
2770 0 0 0 0.6969779497012496
2771 0 0 0 0.7720190333202481
2772 0 0 0 0.7484570378437638
2773 0 0 0 0.7266689790412784
2774 0 0 0 0.7724229944869876
2775 0 0 0 0.7423500064760447
2776 0 0 0 0.6790630286559463
2777 0 0 0 0.665619969367981
2778 0 0 0 0.7131039164960384
2779 0 0 0 0.6837130058556795
2780 0 0 0 0.661974074319005
2781 0 0 0 0.6997400196269155
2782 0 0 0 0.7103059906512499
2783 1 1275997 1.0 0.660161953419447
2784 0 0 0 0.642720959149301
2785 0 0 0 0.6503890035673976
2786 0 0 0 0.716813956387341
2787 0 0 0 0.7006950909271836
2788 0 0 0 0.7065699901431799
2789 0 0 0 0.668318010866642
2790 0 0 0 0.7043780060485005
2791 0 0 0 0.6976790027692914
2792 0 0 0 0.6527330260723829
2793 0 0 0 0.7061179494485259
2794 0 0 0 0.6803579162806273
2795 0 0 0 0.6584209622815251
2796 0 0 0 0.7131220772862434
2797 0 0 0 0.6685829721391201
2798 0 0 0 0.716859009116888
2799 0 0 0 0.7023520302027464
2800 0 0 0 0.7261569844558835
2801 0 0 0 0.67444599699229
2802 0 0 0 0.6463279714807868
2803 0 0 0 0.7100970251485705
2804 0 0 0 0.7119589718058705
2805 0 0 0 0.672884052619338
2806 0 0 0 0.6654940079897642
2807 0 0 0 0.6559190806001425
2808 0 0 0 0.7054930320009589
2809 0 0 0 0.6609619595110416
2810 0 0 0 0.7260109996423125
2811 0 0 0 0.6776649970561266
2812 0 0 0 0.6655019242316484
2813 0 0 0 0.7341819582507014
2814 0 0 0 0.7190570468083024
2815 0 0 0 0.7103309035301208
2816 0 0 0 0.6670939037576318
2817 0 0 0 0.7081569638103247
2818 0 0 0 0.6772360065951943
2819 1 1275997 0.8181818 0.6752429762855172
2820 0 0 0 0.6820448907092214
2821 0 0 0 0.7401090115308762
2822 0 0 0 0.7116079796105623
2823 0 0 0 0.6790299667045474
2824 0 0 0 0.6549370009452105
2825 0 0 0 0.704029924236238
2826 0 0 0 0.7048080442473292
2827 0 0 0 0.7003459613770247
2828 0 0 0 0.670977053232491
2829 0 0 0 0.7184819551184773
2830 0 0 0 0.7181561086326838
2831 0 0 0 0.7132720202207565
2832 0 0 0 0.6491329986602068
2833 0 0 0 0.7006869418546557
2834 0 0 0 0.6717679789289832
2835 0 0 0 0.7138100918382406
2836 0 0 0 0.7001330377534032
2837 0 0 0 0.7161750691011548
2838 0 0 0 0.6774209905415773
2839 0 0 0 0.7030220003798604
2840 0 0 0 0.711668049916625
2841 0 0 0 0.70281105581671
2842 0 0 0 0.7302929880097508
2843 0 0 0 0.716259004548192
2844 0 0 0 0.7293770322576165
2845 0 0 0 0.6603909423574805
2846 0 0 0 0.6866719340905547
2847 0 0 0 0.6484109908342361
2848 0 0 0 0.6969940150156617
2849 0 0 0 0.6911739474162459
2850 0 0 0 0.7126089185476303
2851 0 0 0 0.6572530837729573
2852 0 0 0 0.6939989980310202
2853 0 0 0 0.7155690109357238
2854 0 0 0 0.6795669905841351
2855 0 0 0 0.7170470198616385
2856 0 0 0 0.7041529752314091
2857 0 0 0 0.7108669960871339
2858 0 0 0 0.691301072947681
2859 0 0 0 0.6935490528121591
2860 0 0 0 0.7210230687633157
2861 0 0 0 0.6717140786349773
2862 0 0 0 0.6933700060471892
2863 0 0 0 0.722939963452518
2864 0 0 0 0.7156670326367021
2865 0 0 0 0.7239349652081728
2866 0 0 0 0.6750529864802957
2867 0 0 0 0.6755990907549858
2868 0 0 0 0.6977759767323732
2869 0 0 0 0.6504389457404613
2870 0 0 0 0.7101460359990597
2871 0 0 0 0.7223199354484677
2872 0 0 0 0.7211550837382674
2873 0 0 0 0.6508290534839034
2874 0 0 0 0.6833560764789581
2875 0 0 0 0.695295981131494
2876 0 0 0 0.6908029317855835
2877 0 0 0 1.0478219483047724
2878 0 0 0 3.5005880054086447
2879 0 0 0 1.2178350007161498
2880 0 0 0 3.446902963332832
2881 0 0 0 2.9345799703150988
2882 0 0 0 3.420197986997664
2883 0 0 0 3.2880620565265417
2884 0 0 0 3.2851400319486856
2885 0 0 0 3.304729936644435
2886 0 0 0 3.5032930318266153
2887 0 0 0 3.4914009738713503
2888 0 0 0 1.8266030820086598
2889 0 0 0 2.950405003502965
2890 0 0 0 3.506010049022734
2891 0 0 0 2.7603839989751577
2892 0 0 0 2.1067329216748476
2893 0 0 0 3.1570569844916463
2894 0 0 0 3.2524039270356297
2895 0 0 0 3.2959349919110537
2896 0 0 0 3.315861918963492
2897 0 0 0 2.948668086901307
2898 0 0 0 1.8167269881814718
2899 0 0 0 3.5017860354855657
2900 0 0 0 3.5109379095956683
2901 0 0 0 1.4149830676615238
2902 0 0 0 2.076837932690978
2903 0 0 0 1.4387620612978935
2904 0 0 0 2.9105880530551076
2905 0 0 0 2.061819890514016
2906 0 0 0 1.9787629134953022
2907 0 0 0 2.9881380032747984
2908 0 0 0 1.3925940729677677
2909 0 0 0 2.9511330649256706
2910 0 0 0 1.365730888210237
2911 0 0 0 3.2517510699108243
2912 0 0 0 1.4369490090757608
2913 0 0 0 2.8641419485211372
2914 0 0 0 2.156516071408987
2915 0 0 0 3.8695819675922394
2916 0 0 0 3.3693970181047916
2917 0 0 0 1.5436599496752024
2918 0 0 0 2.9960869578644633
2919 0 0 0 3.573387977667153
2920 0 0 0 0.9244519751518965
2921 0 0 0 3.867095918394625
2922 0 0 0 3.5571769112721086
2923 0 0 0 3.2418000046163797
2924 0 0 0 3.548908047378063
2925 0 0 0 1.9824790069833398
2926 0 0 0 1.9307630136609077
2927 1 1397567 0.72 2.3473630426451564
2928 0 0 0 0.9365270379930735
2929 0 0 0 3.501933068037033
2930 0 0 0 3.3703899243846536
2931 0 0 0 0.889061950147152
2932 0 0 0 2.1884869784116745
2933 0 0 0 3.096202970482409
2934 0 0 0 2.1841070847585797
2935 0 0 0 1.358828041702509
2936 0 0 0 2.8446409851312637
2937 0 0 0 0.8529529441148043
2938 0 0 0 1.249233027920127
2939 0 0 0 2.991106011904776
2940 0 0 0 3.042594064027071
2941 0 0 0 0.9305129060521722
2942 0 0 0 1.869753934442997
2943 0 0 0 3.6082080332562327
2944 0 0 0 3.1203660182654858
2945 0 0 0 3.0959820142015815
2946 0 0 0 0.8919480023905635
2947 0 0 0 3.5945549607276917
2948 0 0 0 2.809331053867936
2949 0 0 0 1.9226790172979236
2950 0 0 0 3.31678194925189
2951 0 0 0 3.3603620249778032
2952 0 0 0 2.878151019103825
2953 0 0 0 2.9238819843158126
2954 0 0 0 3.3949100179597735
2955 0 0 0 1.0386150097474456
2956 0 0 0 2.951047965325415
2957 0 0 0 3.1916170846670866
2958 0 0 0 1.8219490302726626
2959 0 0 0 2.2083319490775466
2960 0 0 0 2.852423000149429
2961 0 0 0 1.722067012451589
2962 0 0 0 0.8711509872227907
2963 0 0 0 3.3295940374955535
2964 0 0 0 1.7396659823134542
2965 0 0 0 1.7690989188849926
2966 0 0 0 3.4481598995625973
2967 0 0 0 1.8264449900016189
2968 0 0 0 2.0841449731960893
2969 0 0 0 3.441879991441965
2970 0 0 0 2.967550070025027
2971 0 0 0 2.087387954816222
2972 0 0 0 1.4298680471256375
2973 0 0 0 1.719029969535768
2974 0 0 0 1.790059031918645
2975 0 0 0 2.718516974709928
2976 0 0 0 1.0289230849593878
2977 0 0 0 3.358494956046343
2978 0 0 0 0.7094349712133408
2979 0 0 0 1.7475900240242481
2980 0 0 0 0.739344977773726
2981 0 0 0 2.100895973853767
2982 0 0 0 3.469409071840346
2983 0 0 0 3.280875040218234
2984 0 0 0 2.9267420759424567
2985 0 0 0 3.3267360413447022
2986 0 0 0 0.7415380096063018
2987 0 0 0 2.673428039997816
2988 0 0 0 2.0293958950787783
2989 0 0 0 1.6957020852714777
2990 0 0 0 2.7532801032066345
2991 0 0 0 2.684054081328213
2992 0 0 0 1.7021899111568928
2993 0 0 0 1.0229049948975444
2994 0 0 0 1.9747259793803096
2995 0 0 0 3.1965229427441955
2996 0 0 0 1.7020460218191147
2997 0 0 0 1.6662710113450885
2998 0 0 0 3.179808030836284
2999 0 0 0 2.6997969252988696
3000 0 0 0 3.1597500201314688
3001 0 0 0 3.2805580412968993
3002 0 0 0 2.0205440232530236
3003 0 0 0 0.8181410375982523
3004 0 0 0 1.035934081301093
3005 0 0 0 3.3037689281627536
3006 0 0 0 2.7460649143904448
3007 0 0 0 2.111251000314951
3008 0 0 0 0.8313079597428441
3009 0 0 0 2.1031940123066306
3010 0 0 0 1.068678917363286
3011 0 0 0 3.2418830087408423
3012 0 0 0 2.7272029547020793
3013 0 0 0 3.222884959541261
3014 0 0 0 2.0613890374079347
3015 0 0 0 3.357320907525718
3016 0 0 0 2.0517579978331923
3017 0 0 0 2.9385529924184084
3018 0 0 0 2.6837839977815747
3019 0 0 0 1.9656299846246839
3020 0 0 0 3.099202993325889
3021 0 0 0 1.374635030515492
3022 0 0 0 2.804744988679886
3023 0 0 0 3.269901964813471
3024 0 0 0 2.816320979036391
3025 0 0 0 3.4883510088548064
3026 0 0 0 3.3631640253588557
3027 0 0 0 2.811181009747088
3028 0 0 0 3.210867987945676
3029 0 0 0 2.717366092838347
3030 0 0 0 2.7616879669949412
3031 0 0 0 3.286850987933576
3032 0 0 0 1.3327390188351274
3033 0 0 0 1.7405530670657754
3034 0 0 0 3.234520088881254
3035 0 0 0 0.8615099359303713
3036 0 0 0 2.796342014335096
3037 0 0 0 2.1770549938082695
3038 0 0 0 1.73413404263556
3039 0 0 0 1.7051510512828827
3040 0 0 0 3.7992309080436826
3041 0 0 0 3.690860001370311
3042 0 0 0 3.615132998675108
3043 0 0 0 0.9081929456442595
3044 0 0 0 3.5743130138143897
3045 0 0 0 3.5626039607450366
3046 0 0 0 3.5902310628443956
3047 0 0 0 1.5135820722207427
3048 0 0 0 2.337882062420249
3049 0 0 0 2.002728986553848
3050 0 0 0 3.213401068933308
3051 0 0 0 1.9132529851049185
3052 0 0 0 3.6457269452512264
3053 0 0 0 3.451828961260617
3054 0 0 0 1.9104660023003817
3055 0 0 0 2.2811860544607043
3056 0 0 0 2.777511952444911
3057 0 0 0 0.8886900031939149
3058 0 0 0 1.2682511005550623
3059 0 0 0 0.8904369315132499
3060 0 0 0 3.3083490561693907
3061 0 0 0 3.0820220708847046
3062 0 0 0 0.8209579391404986
3063 0 0 0 3.3348751021549106
3064 0 0 0 2.8918529860675335
3065 0 0 0 0.761131988838315
3066 0 0 0 1.8152570119127631
3067 0 0 0 2.779550035484135
3068 0 0 0 2.9084080597385764
3069 0 0 0 1.8484300235286355
3070 0 0 0 2.90829804725945
3071 0 0 0 1.3978990027680993
3072 0 0 0 1.3566809939220548
3073 0 0 0 1.3443809002637863
3074 0 0 0 3.3474909141659737
3075 0 0 0 3.31201299559325
3076 0 0 0 1.80907198227942
3077 0 0 0 3.2820410560816526
3078 0 0 0 1.0627539595589042
3079 0 0 0 3.2210879726335406
3080 0 0 0 1.014893059618771
3081 0 0 0 1.6747349873185158
3082 0 0 0 1.0908889817073941
3083 0 0 0 2.741317031905055
3084 0 0 0 1.810948015190661
3085 0 0 0 1.8057440174743533
3086 0 0 0 1.1751980055123568
3087 0 0 0 1.1834449833258986
3088 0 0 0 3.278212039731443
3089 0 0 0 3.3846149453893304
3090 0 0 0 2.711470006033778
3091 0 0 0 1.7202160088345408
3092 0 0 0 1.1603079037740827
3093 0 0 0 3.4183530369773507
3094 0 0 0 3.3519070129841566
3095 0 0 0 3.271541092544794
3096 0 0 0 3.2820230117067695
3097 0 0 0 0.8614659309387207
3098 0 0 0 3.2350110122933984
3099 0 0 0 2.9502150136977434
3100 0 0 0 2.955098985694349
3101 0 0 0 1.7633800162002444
3102 0 0 0 1.766112050972879
3103 0 0 0 3.261593054048717
3104 0 0 0 1.988992909900844
3105 0 0 0 3.1740869162604213
3106 0 0 0 3.175767953507602
3107 0 0 0 3.316675079986453
3108 0 0 0 3.2419960480183363
3109 0 0 0 2.066556946374476
3110 0 0 0 1.812333008274436
3111 0 0 0 2.95119802467525
3112 0 0 0 3.4184110118076205
3113 0 0 0 1.8608010141178966
3114 0 0 0 3.481028019450605
3115 0 0 0 3.2133169006556273
3116 0 0 0 2.739171963185072
3117 0 0 0 0.9943488985300064
3118 0 0 0 2.7919450076296926
3119 0 0 0 1.8968699732795358
3120 0 0 0 2.0274099661037326
3121 0 0 0 2.3184280144050717
3122 0 0 0 3.2820290653035045
3123 0 0 0 1.5953660476952791
3124 0 0 0 3.826550906524062
3125 0 0 0 1.504848012700677
3126 0 0 0 2.3120769765228033
3127 0 0 0 3.039855044335127
3128 0 0 0 2.3173060035333037
3129 0 0 0 1.3449289835989475
3130 0 0 0 1.1527109891176224
3131 0 0 0 0.7787420181557536
3132 0 0 0 2.9785119695588946
3133 0 0 0 0.7765189511701465
3134 0 0 0 2.017994993366301
3135 0 0 0 3.2529610907658935
3136 0 0 0 3.3771370071917772
3137 0 0 0 3.3460750710219145
3138 0 0 0 2.5281619746237993
3139 0 0 0 3.479053033515811
3140 0 0 0 3.7267220905050635
3141 0 0 0 3.724458976648748
3142 0 0 0 2.5554021121934056
3143 0 0 0 3.904833924025297
3144 0 0 0 3.934766980819404
3145 0 0 0 3.229346009902656
3146 0 0 0 2.4163350462913513
3147 0 0 0 3.1715250806882977
3148 0 0 0 0.825176015496254
3149 0 0 0 0.941306003369391
3150 0 0 0 2.953608985990286
3151 0 0 0 3.3842860721051693
3152 0 0 0 4.298256011679769
3153 0 0 0 3.7432110402733088
3154 0 0 0 2.7051980141550303
3155 0 0 0 1.3893049908801913
3156 0 0 0 3.496050019748509
3157 0 0 0 4.144072998315096
3158 0 0 0 3.67764791008085
3159 0 0 0 2.447834936901927
3160 0 0 0 4.025461967103183
3161 0 0 0 4.082971950992942
3162 0 0 0 1.3325168984010816
3163 0 0 0 4.196504014544189
3164 0 0 0 1.5556869329884648
3165 0 0 0 3.6302549997344613
3166 0 0 0 3.9131789235398173
3167 0 0 0 3.930284990929067
3168 0 0 0 3.9534589741379023
3169 0 0 0 2.6030410081148148
3170 0 0 0 3.9374660700559616
3171 0 0 0 1.288314932025969
3172 0 0 0 2.566366922110319
3173 0 0 0 4.189664032310247
3174 0 0 0 4.194988985545933
3175 0 0 0 3.4670450259000063
3176 0 0 0 1.0384630877524614
3177 0 0 0 4.0223520481958985
3178 0 0 0 2.5040890322998166
3179 0 0 0 1.3891789130866528
3180 0 0 0 0.9806029265746474
3181 0 0 0 3.450170042924583
3182 0 0 0 2.1887969924136996
3183 0 0 0 2.258323016576469
3184 0 0 0 1.9021050538867712
3185 0 0 0 1.5825009904801846
3186 0 0 0 4.04036499094218
3187 0 0 0 1.3383659534156322
3188 0 0 0 3.0645589577034116
3189 0 0 0 3.019120078533888
3190 0 0 0 3.7593350280076265
3191 0 0 0 3.7802180740982294
3192 0 0 0 3.7984999362379313
3193 0 0 0 1.9995979964733124
3194 0 0 0 1.9457099260762334
3195 0 0 0 1.4482720289379358
3196 0 0 0 3.8296720013022423
3197 0 0 0 3.8831658894196153
3198 0 0 0 3.087866003625095
3199 0 0 0 1.136542996391654
3200 0 0 0 2.9224810423329473
3201 0 0 0 1.4607419725507498
3202 0 0 0 3.06127208750695
3203 0 0 0 3.6356409545987844
3204 0 0 0 3.5982290282845497
3205 0 0 0 3.5745420027524233
3206 0 0 0 0.9591298876330256
3207 0 0 0 3.0098799616098404
3208 0 0 0 2.268290030770004
3209 0 0 0 3.208162961527705
3210 0 0 0 3.773262957111001
3211 0 0 0 3.715548082254827
3212 0 0 0 2.24831304512918
3213 0 0 0 3.0824310379102826
3214 0 0 0 3.564810031093657
3215 0 0 0 3.5633810330182314
3216 0 0 0 1.9820940215140581
3217 0 0 0 3.6240629851818085
3218 0 0 0 2.20806198194623
3219 0 0 0 1.1277709854766726
3220 0 0 0 3.4607989946380258
3221 0 0 0 3.5315289860591292
3222 0 0 0 3.0569559894502163
3223 0 0 0 1.134962891228497
3224 0 0 0 3.0089559732005
3225 0 0 0 2.2749470081180334
3226 0 0 0 3.4603020176291466
3227 0 0 0 1.8731189193204045
3228 0 0 0 3.504111082293093
3229 0 0 0 3.615083056502044
3230 0 0 0 3.5448010312393308
3231 0 0 0 2.181965042836964
3232 0 0 0 3.1578950583934784
3233 0 0 0 3.6010720068588853
3234 0 0 0 2.464817021973431
3235 0 0 0 2.0257820142433047
3236 0 0 0 0.9156549349427223
3237 0 0 0 2.0205629989504814
3238 0 0 0 2.3237679852172732
3239 0 0 0 3.85706196539104
3240 0 0 0 1.446479931473732
3241 0 0 0 2.099407953210175
3242 0 0 0 2.3565141018480062
3243 0 0 0 2.352976007387042
3244 0 0 0 3.771711024455726
3245 0 0 0 2.1411320194602013
3246 0 0 0 3.7335249362513423
3247 0 0 0 1.3999249786138535
3248 0 0 0 1.881984993815422
3249 0 0 0 3.547428990714252
3250 0 0 0 1.1877159122377634
3251 0 0 0 2.8812310192734003
3252 0 0 0 1.0197919327765703
3253 0 0 0 2.615175093524158
3254 0 0 0 1.9957859767600894
3255 0 0 0 3.2463209936395288
3256 0 0 0 3.6893999204039574
3257 0 0 0 2.3012380115687847
3258 0 0 0 1.491650938987732
3259 0 0 0 3.0861690174788237
3260 0 0 0 1.4809470158070326
3261 0 0 0 1.5334620838984847
3262 0 0 0 2.330015995539725
3263 0 0 0 3.78537701908499
3264 0 0 0 2.436626935377717
3265 0 0 0 1.4738539466634393
3266 0 0 0 1.914102933369577
3267 0 0 0 3.080954891629517
3268 0 0 0 1.5208489494398236
3269 0 0 0 3.4864599583670497
3270 0 0 0 1.857888069935143
3271 0 0 0 1.568819978274405
3272 0 0 0 3.0106069752946496
3273 0 0 0 1.43206596840173
3274 0 0 0 2.270466065965593
3275 0 0 0 3.7114080041646957
3276 0 0 0 3.5460989456623793
3277 0 0 0 2.176562906242907
3278 0 0 0 3.4744200529530644
3279 0 0 0 2.905222005210817
3280 0 0 0 2.870287047699094
3281 0 0 0 2.877881983295083
3282 0 0 0 2.941712038591504
3283 0 0 0 3.438093001022935
3284 0 0 0 1.8917059060186148
3285 0 0 0 1.3526189140975475
3286 0 0 0 3.4351879730820656
3287 0 0 0 3.5371260019019246
3288 0 0 0 3.342585056088865
3289 0 0 0 2.8413840336725116
3290 0 0 0 1.7017439240589738
3291 0 0 0 2.7850120095536113
3292 0 0 0 2.075687050819397
3293 0 0 0 3.2667440827935934
3294 0 0 0 2.7456979732960463
3295 0 0 0 1.772240037098527
3296 0 0 0 2.8464170172810555
3297 0 0 0 1.7874670447781682
3298 0 0 0 1.1710269609466195
3299 0 0 0 2.7037099935114384
3300 0 0 0 2.6875430485233665
3301 0 0 0 1.7520439578220248
3302 0 0 0 2.009641961194575
3303 0 0 0 2.781581017188728
3304 0 0 0 1.0414420394226909
3305 0 0 0 0.9970510145649314
3306 0 0 0 3.1984710367396474
3307 0 0 0 3.2476700143888593
3308 0 0 0 3.485475084744394
3309 0 0 0 2.942521939985454
3310 0 0 0 3.482977976091206
3311 0 0 0 1.7862359527498484
3312 0 0 0 2.980128047056496
3313 0 0 0 1.7372219590470195
3314 0 0 0 1.126333954744041
3315 0 0 0 3.4336380194872618
3316 0 0 0 3.5027830163016915
3317 0 0 0 3.3180969767272472
3318 0 0 0 3.3899089321494102
3319 0 0 0 2.933987998403609
3320 0 0 0 3.453857032582164
3321 0 0 0 3.270104993134737
3322 0 0 0 2.793026971630752
3323 0 0 0 3.231430076994002
3324 0 0 0 3.261227044276893
3325 0 0 0 2.7709919959306717
3326 0 0 0 3.29484895337373
3327 0 0 0 2.0579249830916524
3328 0 0 0 3.227279055863619
3329 0 0 0 3.320592106319964
3330 0 0 0 3.2833239529281855
3331 0 0 0 2.796472981572151
3332 0 0 0 3.2364879734814167
3333 0 0 0 2.765939920209348
3334 0 0 0 3.4463650081306696
3335 0 0 0 1.0020410409197211
3336 0 0 0 3.424844006076455
3337 0 0 0 2.782649011351168
3338 0 0 0 1.9197450019419193
3339 0 0 0 1.3008899986743927
3340 0 0 0 1.0217120870947838
3341 0 0 0 1.1297570308670402
3342 0 0 0 1.6783090541139245
3343 0 0 0 1.9997860072180629
3344 0 0 0 2.011455944739282
3345 0 0 0 2.76058295276016
3346 0 0 0 1.8204159568995237
3347 0 0 0 2.9437390621751547
3348 0 0 0 0.7324189646169543
3349 0 0 0 2.921944949775934
3350 0 0 0 1.7725679790601134
3351 0 0 0 2.045104978606105
3352 0 0 0 1.3152810279279947
3353 0 0 0 3.2549850875511765
3354 0 0 0 3.42136702965945
3355 0 0 0 1.279531978070736
3356 0 0 0 3.217700985260308
3357 0 0 0 2.172512002289295
3358 0 0 0 3.4993760054931045
3359 0 0 0 1.029720064252615
3360 0 0 0 2.937805955298245
3361 0 0 0 2.8531179996207356
3362 0 0 0 3.3030599588528275
3363 0 0 0 1.6570619773119688
3364 0 0 0 1.0074529564008117
3365 0 0 0 1.3403609627857804
3366 0 0 0 3.566779079847038
3367 0 0 0 3.5245680483058095
3368 0 0 0 3.0583239858970046
3369 0 0 0 3.5004100063815713
3370 0 0 0 2.2582070669159293
3371 0 0 0 3.4810189390555024
3372 0 0 0 3.592110937461257
3373 0 0 0 2.9696288984268904
3374 0 0 0 1.8326269928365946
3375 0 0 0 1.436625956557691
3376 0 0 0 3.008861909620464
3377 0 0 0 6.339031038805842
3378 0 0 0 20.662656985223293
3379 0 0 0 6.2660109251737595
3380 0 0 0 9.56728495657444
3381 0 0 0 14.382499968633056
3382 0 0 0 8.445492945611477
3383 0 0 0 13.819884974509478
3384 0 0 0 9.289572015404701
3385 0 0 0 4.415369010530412
3386 0 0 0 12.062551104463637
3387 0 0 0 13.961919932626188
3388 0 0 0 8.25821899343282
3389 0 0 0 8.175409981049597
3390 0 0 0 12.081642053090036
3391 0 0 0 12.05712603405118
3392 0 0 0 10.037985979579389
3393 0 0 0 8.73075402341783
3394 0 0 0 12.223844998516142
3395 0 0 0 12.120774947106838
3396 0 0 0 21.63146494422108
3397 0 0 0 5.961766932159662
3398 0 0 0 20.151255070231855
3399 0 0 0 20.89992503169924
3400 0 0 0 23.10027601197362
3401 0 0 0 6.395663018338382
3402 0 0 0 5.873034941032529
3403 0 0 0 20.232561975717545
3404 0 0 0 21.992580965161324
3405 0 0 0 21.973734023049474
3406 0 0 0 5.159839056432247
3407 0 0 0 13.79513693973422
3408 0 0 0 9.27241297904402
3409 0 0 0 18.62685102969408
3410 0 0 0 9.358956012874842
3411 0 0 0 5.550518981181085
3412 0 0 0 6.417106953449547
3413 0 0 0 13.859532889910042
3414 0 0 0 13.428448000922799
3415 0 0 0 15.07449708878994
3416 0 0 0 6.664921063929796
3417 0 0 0 13.989225961267948
3418 0 0 0 25.267123943194747
3419 0 0 0 7.103297975845635
3420 0 0 0 15.00872103497386
3421 0 0 0 23.55400496162474
3422 0 0 0 10.182965081185102
3423 0 0 0 7.585152983665466
3424 0 0 0 21.354686003178358
3425 0 0 0 9.445274015888572
3426 0 0 0 10.52687899209559
3427 0 0 0 10.06919494830072
3428 0 0 0 5.800007958896458
3429 0 0 0 18.114184960722923
3430 0 0 0 21.973240072838962
3431 0 0 0 14.388413983397186
3432 0 0 0 6.508704973384738
3433 0 0 0 18.93015403766185
3434 0 0 0 14.613528968766332
3435 0 0 0 14.596730004996061
3436 0 0 0 9.04494000133127
3437 0 0 0 8.406709996052086
3438 0 0 0 22.048903978429735
3439 0 0 0 19.806144991889596
3440 0 0 0 19.23266495577991
3441 0 0 0 15.03864605911076
3442 0 0 0 18.81075103301555
3443 0 0 0 14.722191961482167
3444 0 0 0 25.035775965079665
3445 0 0 0 20.055385073646903
3446 0 0 0 23.960424005053937
3447 0 0 0 8.806439000181854
3448 0 0 0 20.816858974285424
3449 0 0 0 22.512816009111702
3450 0 0 0 19.74425499793142
3451 0 0 0 14.00520303286612
3452 0 0 0 13.893033028580248
3453 0 0 0 21.565341972745955
3454 0 0 0 21.825619973242283
3455 0 0 0 22.13834598660469
3456 0 0 0 4.9559950130060315
3457 0 0 0 13.444934040307999
3458 0 0 0 9.978523012250662
3459 0 0 0 4.585337010212243
3460 0 0 0 18.063541036099195
3461 0 0 0 9.553691954351962
3462 0 0 0 18.327897996641695
3463 0 0 0 4.880944965407252
3464 0 0 0 21.61708998028189
3465 0 0 0 19.51538200955838
3466 0 0 0 20.259438082575798
3467 0 0 0 19.65799310710281
3468 0 0 0 19.69871891196817
3469 0 0 0 5.931516992859542
3470 0 0 0 8.082288084551692
3471 0 0 0 4.427755018696189
3472 0 0 0 13.867274043150246
3473 0 0 0 17.47833995614201
3474 0 0 0 13.909475994296372
3475 0 0 0 6.076052086427808
3476 0 0 0 14.248475898057222
3477 0 0 0 9.161186055280268
3478 0 0 0 10.153705952689052
3479 0 0 0 23.385951993986964
3480 0 0 0 9.643253055401146
3481 0 0 0 14.500584919005632
3482 0 0 0 12.657413026317954
3483 0 0 0 18.160014995373785
3484 0 0 0 21.592191071249545
3485 0 0 0 8.749091066420078
3486 0 0 0 17.455836990848184
3487 0 0 0 4.733924055472016
3488 0 0 0 13.797576073557138
3489 0 0 0 5.957804038189352
3490 0 0 0 19.508031895384192
3491 0 0 0 9.579927893355489
3492 0 0 0 5.587277933955193
3493 0 0 0 21.77150291390717
3494 0 0 0 12.08409108221531
3495 0 0 0 21.575868013314903
3496 0 0 0 21.97275694925338
3497 0 0 0 13.81952699739486
3498 0 0 0 19.167426973581314
3499 0 0 0 20.637257024645805
3500 0 0 0 9.783634915947914
3501 0 0 0 22.918959031812847
3502 0 0 0 19.845620961859822
3503 0 0 0 19.816525047644973
3504 0 0 0 8.12509993556887
3505 0 0 0 6.390394060872495
3506 0 0 0 12.087380047887564
3507 0 0 0 12.168850982561707
3508 0 0 0 14.00640793144703
3509 0 0 0 13.747120974585414
3510 0 0 0 8.062983979471028
3511 0 0 0 18.029349972493947
3512 0 0 0 5.2796859527006745
3513 0 0 0 5.383206997066736
3514 0 0 0 4.557605949230492
3515 0 0 0 19.875054014846683
3516 0 0 0 22.19912293367088
3517 0 0 0 4.428557935170829
3518 0 0 0 18.90550903044641
3519 0 0 0 14.916219050064683
3520 0 0 0 12.834777007810771
3521 0 0 0 6.386379012838006
3522 0 0 0 14.552269014529884
3523 0 0 0 12.639538035728037
3524 0 0 0 20.17681999132037
3525 0 0 0 14.059741050004959
3526 0 0 0 9.274353040382266
3527 0 0 0 13.931224006228149
3528 0 0 0 19.55716300290078
3529 0 0 0 19.370204070582986
3530 0 0 0 5.148450960405171
3531 0 0 0 12.145777931436896
3532 0 0 0 8.12829495407641
3533 0 0 0 17.410604981705546
3534 0 0 0 19.410141045227647
3535 0 0 0 12.096366030164063
3536 0 0 0 12.140471022576094
3537 0 0 0 9.61293000727892
3538 0 0 0 12.315423926338553
3539 0 0 0 19.056858960539103
3540 0 0 0 15.095007023774087
3541 0 0 0 18.40915996581316
3542 0 0 0 20.150802098214626
3543 0 0 0 23.16795801743865
3544 0 0 0 13.027635053731501
3545 0 0 0 20.265459083020687
3546 0 0 0 19.769430975429714
3547 0 0 0 12.43343495298177
3548 0 0 0 22.15226204134524
3549 0 0 0 21.893988945521414
3550 0 0 0 5.192668060772121
3551 0 0 0 12.72836304269731
3552 0 0 0 6.17756403516978
3553 0 0 0 9.685762925073504
3554 0 0 0 22.41952600888908
3555 0 0 0 22.3836749792099
3556 0 0 0 25.621482986025512
3557 0 0 0 5.8688269928097725
3558 0 0 0 10.557887027971447
3559 0 0 0 19.876315956935287
3560 0 0 0 8.83918791078031
3561 0 0 0 22.792587988078594
3562 0 0 0 12.36065907869488
3563 0 0 0 19.9097259901464
3564 0 0 0 13.894589035771787
3565 0 0 0 12.325579999014735
3566 0 0 0 9.3065690016374
3567 0 0 0 4.4453139416873455
3568 0 0 0 4.689697991125286
3569 0 0 0 9.323161095380783
3570 0 0 0 8.120240992866457
3571 0 0 0 13.872054987587035
3572 0 0 0 4.367602989077568
3573 0 0 0 17.40412798244506
3574 0 0 0 13.777149957604706
3575 1 1395645 0.7037037 5.919835064560175
3576 0 0 0 21.87200402840972
3577 0 0 0 21.797413006424904
3578 0 0 0 17.908607958815992
3579 0 0 0 13.246348942629993
3580 0 0 0 8.689025999046862
3581 0 0 0 20.666052005253732
3582 0 0 0 14.67675098683685
3583 0 0 0 14.498195028863847
3584 0 0 0 14.218910946510732
3585 0 0 0 12.354244943708181
3586 0 0 0 17.50385796185583
3587 0 0 0 12.0863449992612
3588 0 0 0 23.266265052370727
3589 0 0 0 23.28229194972664
3590 0 0 0 19.41860793158412
3591 0 0 0 12.138184974901378
3592 0 0 0 21.691825008019805
3593 0 0 0 22.091613966040313
3594 0 0 0 17.430888954550028
3595 0 0 0 21.29664004314691
3596 0 0 0 13.659273972734809
3597 0 0 0 23.714796057902277
3598 0 0 0 22.721610963344574
3599 0 0 0 18.144126050174236
3600 0 0 0 13.142193900421262
3601 0 0 0 14.978972030803561
3602 0 0 0 5.3110719891265035
3603 0 0 0 9.948372025974095
3604 0 0 0 21.54500805772841
3605 0 0 0 12.137188925407827
3606 0 0 0 21.89712692052126
3607 0 0 0 19.38070892356336
3608 0 0 0 17.547526978887618
3609 0 0 0 8.281468995846808
3610 0 0 0 5.730224074795842
3611 0 0 0 21.58718300051987
3612 0 0 0 17.688932013697922
3613 0 0 0 9.001026977784932
3614 0 0 0 10.195884038694203
3615 0 0 0 10.1315249921754
3616 0 0 0 4.7254860401153564
3617 0 0 0 24.9665790470317
3618 0 0 0 12.956300983205438
3619 0 0 0 5.943538970313966
3620 0 0 0 21.560246008448303
3621 0 0 0 22.735005943104625
3622 0 0 0 19.915765966288745
3623 0 0 0 17.973973066546023
3624 0 0 0 22.090395097620785
3625 0 0 0 21.63933403789997
3626 0 0 0 8.00916098523885
3627 0 0 0 12.154028983786702
3628 0 0 0 9.312676033005118
3629 0 0 0 21.43053594045341
3630 0 0 0 21.707981009967625
3631 0 0 0 12.523173936642706
3632 0 0 0 19.26809293217957
3633 0 0 0 14.221146004274487
3634 0 0 0 4.753216984681785
3635 0 0 0 14.729353948496282
3636 0 0 0 13.932988978922367
3637 0 0 0 18.439145991578698
3638 0 0 0 8.385552908293903
3639 0 0 0 17.979416996240616
3640 0 0 0 14.199870987795293
3641 0 0 0 17.712460947223008
3642 0 0 0 12.39926798734814
3643 0 0 0 14.579142909497023
3644 0 0 0 13.15963501110673
3645 0 0 0 20.572158973664045
3646 0 0 0 5.526443012058735
3647 0 0 0 8.496274007484317
3648 0 0 0 8.485383004881442
3649 0 0 0 8.270369959063828
3650 0 0 0 6.029059994034469
3651 0 0 0 22.67200208734721
3652 0 0 0 10.255206027068198
3653 0 0 0 4.679673002101481
3654 0 0 0 22.665859083645046
3655 0 0 0 12.795357964932919
3656 0 0 0 18.114643055014312
3657 0 0 0 19.816508051007986
3658 0 0 0 5.227377056144178
3659 0 0 0 19.5690980181098
3660 0 0 0 19.41596600227058
3661 0 0 0 17.846008064225316
3662 0 0 0 24.329110980033875
3663 0 0 0 21.078839898109436
3664 0 0 0 14.711564988829195
3665 0 0 0 18.970895907841623
3666 0 0 0 18.57310300692916
3667 0 0 0 15.020546037703753
3668 0 0 0 17.573378048837185
3669 0 0 0 14.37824300955981
3670 0 0 0 10.261498973704875
3671 0 0 0 15.58533904608339
3672 0 0 0 19.536535954102874
3673 0 0 0 20.002749981358647
3674 0 0 0 12.760977959260345
3675 0 0 0 6.184061989188194
3676 0 0 0 22.409362019971013
3677 0 0 0 20.02760407049209
3678 0 0 0 5.894850008189678
3679 0 0 0 13.840148923918605
3680 0 0 0 17.482950002886355
3681 0 0 0 21.39674103818834
3682 0 0 0 17.367396038025618
3683 0 0 0 4.440176067873836
3684 0 0 0 5.475241108797491
3685 0 0 0 5.3628969471901655
3686 0 0 0 19.960011006332934
3687 0 0 0 18.760793027468026
3688 0 0 0 23.477633018046618
3689 0 0 0 15.132435946725309
3690 0 0 0 10.180947021581233
3691 0 0 0 20.643932046368718
3692 0 0 0 14.63215600233525
3693 0 0 0 12.838967028073967
3694 0 0 0 22.78881403617561
3695 0 0 0 18.502254970371723
3696 0 0 0 6.362534943036735
3697 0 0 0 22.433817968703806
3698 0 0 0 15.416166977956891
3699 0 0 0 9.719921974465251
3700 0 0 0 22.50841597560793
3701 0 0 0 20.880171097815037
3702 0 0 0 8.095560013316572
3703 0 0 0 9.29024291690439
3704 0 0 0 17.81317498534918
3705 0 0 0 18.114609993062913
3706 0 0 0 5.2769819740206
3707 0 0 0 22.763677989132702
3708 0 0 0 19.453826011158526
3709 0 0 0 14.053329941816628
3710 0 0 0 9.781681932508945
3711 0 0 0 22.79890701174736
3712 0 0 0 18.02280405536294
3713 0 0 0 12.551088002510369
3714 0 0 0 5.543767940253019
3715 0 0 0 21.59077301621437
3716 0 0 0 9.324089041911066
3717 0 0 0 21.66507695801556
3718 0 0 0 21.63823798764497
3719 0 0 0 21.975235897116363
3720 0 0 0 5.818619043566287
3721 0 0 0 9.025200037285686
3722 0 0 0 4.843511036597192
3723 0 0 0 4.930427065119147
3724 0 0 0 6.080550025217235
3725 0 0 0 18.21847993414849
3726 0 0 0 12.682877015322447
3727 0 0 0 20.450224983505905
3728 0 0 0 22.650773054920137
3729 0 0 0 21.083440049551427
3730 0 0 0 14.41934600006789
3731 0 0 0 17.701774020679295
3732 0 0 0 10.265742079354823
3733 0 0 0 20.17058292403817
3734 0 0 0 12.650293996557593
3735 0 0 0 19.81273607816547
3736 0 0 0 5.184427020139992
3737 0 0 0 21.623859996907413
3738 0 0 0 8.552997023798525
3739 0 0 0 17.43225089740008
3740 0 0 0 22.03986805398017
3741 0 0 0 8.277465007267892
3742 0 0 0 22.654447937384248
3743 0 0 0 12.431300012394786
3744 0 0 0 12.331085978075862
3745 0 0 0 22.40119408816099
3746 0 0 0 5.295897019095719
3747 0 0 0 9.370503947138786
3748 0 0 0 19.258940941654146
3749 0 0 0 21.014870959334075
3750 0 0 0 5.606275983154774
3751 0 0 0 14.604173018597066
3752 0 0 0 18.554427078925073
3753 0 0 0 22.005199105478823
3754 0 0 0 13.813517987728119
3755 0 0 0 13.787736999802291
3756 0 0 0 21.535058971494436
3757 0 0 0 13.91289394814521
3758 0 0 0 8.125872001983225
3759 0 0 0 9.534311946481466
3760 0 0 0 22.02818391378969
3761 0 0 0 20.486996974796057
3762 0 0 0 19.033365068025887
3763 0 0 0 8.140449062921107
3764 0 0 0 17.489538993686438
3765 0 0 0 19.038348109461367
3766 0 0 0 23.43406295403838
3767 0 0 0 18.629678059369326
3768 0 0 0 5.381669965572655
3769 0 0 0 12.949156924150884
3770 0 0 0 22.021216107532382
3771 0 0 0 9.282675920985639
3772 0 0 0 8.47905792761594
3773 0 0 0 20.54825599770993
3774 0 0 0 18.29842198640108
3775 0 0 0 19.96622304432094
3776 0 0 0 9.511320036835968
3777 0 0 0 12.35318894032389
3778 0 0 0 8.097262005321681
3779 0 0 0 21.892050048336387
3780 0 0 0 19.03696299996227
3781 0 0 0 19.822600996121764
3782 0 0 0 23.083509993739426
3783 0 0 0 23.25510000810027
3784 0 0 0 16.029677935875952
3785 0 0 0 13.938716962002218
3786 0 0 0 6.407471955753863
3787 0 0 0 23.1088490691036
3788 0 0 0 24.908546940423548
3789 0 0 0 22.127027972601354
3790 0 0 0 21.680727950297296
3791 0 0 0 5.960827926173806
3792 0 0 0 22.037454997189343
3793 0 0 0 6.702725077047944
3794 0 0 0 6.866344017907977
3795 0 0 0 11.228570016101003
3796 0 0 0 23.6449190415442
3797 0 0 0 21.372016984969378
3798 0 0 0 5.932525033131242
3799 0 0 0 11.005616979673505
3800 0 0 0 7.1344239404425025
3801 0 0 0 17.639888101257384
3802 0 0 0 10.062323068268597
3803 0 0 0 6.774801993742585
3804 0 0 0 14.935317914932966
3805 0 0 0 25.313980993814766
3806 0 0 0 21.94829797372222
3807 0 0 0 20.514787989668548
3808 0 0 0 14.424930908717215
3809 0 0 0 12.40928703919053
3810 0 0 0 17.831788049079478
3811 0 0 0 20.690854056738317
3812 0 0 0 25.050644064322114
3813 0 0 0 11.141538037918508
3814 0 0 0 25.71340906433761
3815 0 0 0 14.434620039537549
3816 0 0 0 21.465630969032645
3817 0 0 0 22.394493920728564
3818 0 0 0 15.109720057807863
3819 0 0 0 25.638075079768896
3820 0 0 0 25.60465002898127
3821 0 0 0 19.145210040733218
3822 0 0 0 19.258084939792752
3823 0 0 0 23.603245965205133
3824 0 0 0 22.40191400051117
3825 0 0 0 12.644461006857455
3826 0 0 0 12.66510400455445
3827 0 0 0 8.345424896106124
3828 0 0 0 19.88961291499436
3829 0 0 0 19.370064022950828
3830 0 0 0 4.734550951980054
3831 0 0 0 12.377511011436582
3832 0 0 0 22.16304000467062
3833 0 0 0 13.859814032912254
3834 0 0 0 16.328332014381886
3835 0 0 0 21.926361019723117
3836 0 0 0 12.81959202606231
3837 0 0 0 12.948532006703317
3838 0 0 0 18.182747066020966
3839 0 0 0 18.05582398083061
3840 0 0 0 6.273276987485588
3841 0 0 0 18.201653962023556
3842 0 0 0 12.641637935303152
3843 0 0 0 20.07051999680698
3844 0 0 0 23.085518972948194
3845 0 0 0 6.782699027098715
3846 0 0 0 6.85101596172899
3847 0 0 0 20.521563943475485
3848 0 0 0 22.84622297156602
3849 0 0 0 4.509872058406472
3850 0 0 0 23.124923929572105
3851 0 0 0 21.603405009955168
3852 0 0 0 12.833109009079635
3853 0 0 0 17.786648008041084
3854 0 0 0 6.119780009612441
3855 0 0 0 20.183712942525744
3856 0 0 0 18.10840400867164
3857 0 0 0 9.344646008685231
3858 0 0 0 17.492871033027768
3859 0 0 0 9.349177009426057
3860 0 0 0 19.294315949082375
3861 0 0 0 21.484978962689638
3862 0 0 0 17.595840035937726
3863 0 0 0 19.31907795369625
3864 0 0 0 21.611551055684686
3865 0 0 0 19.44781292695552
3866 0 0 0 19.904384040273726
3867 0 0 0 13.9025270473212
3868 0 0 0 18.28253804706037
3869 0 0 0 9.190098033286631
3870 0 0 0 25.047483970411122
3871 0 0 0 6.4005349995568395
3872 0 0 0 22.84677093848586
3873 0 0 0 22.604478057473898
3874 0 0 0 12.421555002219975
3875 0 0 0 12.400205014273524
3876 0 0 0 19.542054971680045
3877 0 0 0 44.461773009970784
3878 0 0 0 33.14701304771006
3879 0 0 0 40.237097069621086
3880 0 0 0 50.92658195644617
3881 1 1363702 0.81578946 36.47438401822001
3882 1 1250777 0.70454544 43.059692019596696
3883 0 0 0 28.625787002965808
3884 0 0 0 53.451554966159165
3885 0 0 0 32.758206012658775
3886 0 0 0 35.30399897135794
3887 0 0 0 28.70819205418229
3888 0 0 0 53.589686984196305
3889 0 0 0 51.26894300337881
3890 0 0 0 49.6654809685424
3891 0 0 0 49.50018902309239
3892 0 0 0 34.118234063498676
3893 0 0 0 51.3958849478513
3894 0 0 0 57.43005208205432
3895 0 0 0 43.43429603613913
3896 0 0 0 26.57920401543379
3897 0 0 0 44.33677310589701
3898 0 0 0 35.64166906289756
3899 0 0 0 43.74322108924389
3900 0 0 0 35.59624298941344
3901 0 0 0 52.275810041464865
3902 0 0 0 45.75033998116851
3903 0 0 0 53.34476404823363
3904 0 0 0 53.71796805411577
3905 0 0 0 28.289682930335402
3906 0 0 0 32.73744601756334
3907 0 0 0 28.488880954682827
3908 0 0 0 47.545199980959296
3909 0 0 0 47.039126977324486
3910 0 0 0 52.363925031386316
3911 0 0 0 45.11478601489216
3912 0 0 0 65.49797905609012
3913 0 0 0 44.86677108798176
3914 0 0 0 37.485618027858436
3915 0 0 0 37.60486398823559
3916 0 0 0 45.33342202194035
3917 0 0 0 36.028513917699456
3918 0 0 0 28.387411031872034
3919 0 0 0 33.002575975842774
3920 0 0 0 44.33149297256023
3921 0 0 0 44.037792016752064
3922 0 0 0 45.57721107266843
3923 0 0 0 39.949439000338316
3924 0 0 0 35.61171900946647
3925 0 0 0 43.418350047431886
3926 0 0 0 46.075072954408824
3927 0 0 0 51.16009304765612
3928 0 0 0 56.632498977705836
3929 0 0 0 43.84145594667643
3930 0 0 0 48.24397200718522
3931 0 0 0 53.39499993715435
3932 0 0 0 50.92824995517731
3933 0 0 0 29.319741996005177
3934 0 0 0 30.43057699687779
3935 0 0 0 44.55816303379834
3936 0 0 0 33.44317292794585
3937 0 0 0 44.15215598419309
3938 0 0 0 43.011670000851154
3939 0 0 0 44.18552701827139
3940 0 0 0 44.2720209248364
3941 0 0 0 44.437938020564616
3942 0 0 0 51.22716794721782
3943 0 0 0 52.161304047331214
3944 0 0 0 43.592454050667584
3945 0 0 0 34.0250669978559
3946 0 0 0 28.082172968424857
3947 0 0 0 52.67439305316657
3948 0 0 0 27.89508202113211
3949 0 0 0 35.339331021532416
3950 0 0 0 35.781679092906415
3951 0 0 0 44.971417053602636
3952 0 0 0 35.44025693554431
3953 0 0 0 39.803177933208644
3954 0 0 0 47.25599498488009
3955 0 0 0 43.56874490622431
3956 0 0 0 54.95702102780342
3957 0 0 0 28.61157595179975
3958 0 0 0 39.96866010129452
3959 0 0 0 42.26801299955696
3960 0 0 0 44.46290899068117
3961 0 0 0 30.52951500285417
3962 0 0 0 27.87003794219345
3963 0 0 0 37.34661894850433
3964 0 0 0 35.37312999833375
3965 0 0 0 49.876677920110524
3966 0 0 0 52.51324595883489
3967 0 0 0 47.70368500612676
3968 0 0 0 46.777905081398785
3969 0 0 0 43.58948394656181
3970 0 0 0 55.15129189006984
3971 0 0 0 44.450715999118984
3972 0 0 0 32.76438603643328
3973 0 0 0 51.411165040917695
3974 0 0 0 46.566523029468954
3975 0 0 0 37.33501397073269
3976 0 0 0 45.22464203182608
3977 0 0 0 45.69094209000468
3978 0 0 0 33.116193022578955
3979 0 0 0 28.570680995471776
3980 0 0 0 35.91723507270217
3981 0 0 0 53.64357202779502
3982 0 0 0 35.00320203602314
3983 0 0 0 51.32015293929726
3984 0 0 0 49.78625802323222
3985 0 0 0 53.38101810775697
3986 0 0 0 36.14991100039333
3987 0 0 0 44.68118096701801
3988 0 0 0 48.129639006219804
3989 0 0 0 45.87061598431319
3990 0 0 0 35.773643059656024
3991 0 0 0 43.41329599265009
3992 0 0 0 40.022267028689384
3993 0 0 0 49.90093596279621
3994 0 0 0 43.8443849561736
3995 0 0 0 50.939735025167465
3996 0 0 0 47.091100947000086
3997 0 0 0 34.144489909522235
3998 0 0 0 27.13551593478769
3999 0 0 0 29.138482990674675
4000 0 0 0 36.83202399406582
4001 0 0 0 43.86593005619943
4002 0 0 0 49.88388903439045
4003 0 0 0 33.49719801917672
4004 0 0 0 35.420245956629515
4005 0 0 0 54.20886795036495
4006 0 0 0 53.495754953473806
4007 0 0 0 51.51482007931918
4008 0 0 0 52.06652299966663
4009 0 0 0 29.58695194683969
4010 0 0 0 50.605284050107
4011 0 0 0 33.057112945243716
4012 0 0 0 28.15732196904719
4013 0 0 0 53.88062889687717
4014 0 0 0 51.75043793860823
4015 0 0 0 50.14655599370599
4016 0 0 0 50.32847903203219
4017 0 0 0 26.00253000855446
4018 0 0 0 26.05318499263376
4019 0 0 0 39.89645291585475
4020 0 0 0 26.23066504020244
4021 0 0 0 42.80448006466031
4022 0 0 0 52.41622496396303
4023 0 0 0 50.28352001681924
4024 0 0 0 36.07441403437406
4025 0 0 0 28.840827057138085
4026 0 0 0 26.533868978731334
4027 0 0 0 49.879433936439455
4028 0 0 0 52.19983903225511
4029 0 0 0 39.070016937330365
4030 0 0 0 27.661651954986155
4031 0 0 0 46.18298797868192
4032 0 0 0 26.15054603666067
4033 0 0 0 42.705924017354846
4034 0 0 0 54.49905199930072
4035 0 0 0 28.156271087937057
4036 0 0 0 53.897720063105226
4037 0 0 0 34.83931999653578
4038 0 0 0 40.44064995832741
4039 0 0 0 44.63304707314819
4040 0 0 0 50.953286001458764
4041 0 0 0 35.31713900156319
4042 0 0 0 40.48328101634979
4043 0 0 0 33.84911105968058
4044 0 0 0 26.83774009346962
4045 0 0 0 49.713953980244696
4046 0 0 0 39.74027303047478
4047 0 0 0 28.475336963310838
4048 0 0 0 53.21448796894401
4049 0 0 0 49.14596606977284
4050 0 0 0 53.801362053491175
4051 1 1363750 0.71428573 26.291146059520543
4052 0 0 0 48.69805299676955
4053 0 0 0 50.40547298267484
4054 0 0 0 53.1566470162943
4055 0 0 0 40.65301304217428
4056 0 0 0 56.61503202281892
4057 0 0 0 46.20295809581876
4058 0 0 0 44.078587903641164
4059 0 0 0 42.414666968397796
4060 0 0 0 56.60924396943301
4061 0 0 0 38.01413404289633
4062 0 0 0 48.08890295680612
4063 0 0 0 26.983562973327935
4064 0 0 0 42.15414391364902
4065 0 0 0 35.615570028312504
4066 0 0 0 28.14170205965638
4067 0 0 0 46.66887503117323
4068 0 0 0 46.63817794062197
4069 0 0 0 60.28474308550358
4070 0 0 0 29.681004001758993
4071 0 0 0 53.38878300972283
4072 0 0 0 53.51503600832075
4073 0 0 0 32.97113801818341
4074 0 0 0 34.08158908132464
4075 0 0 0 34.04170600697398
4076 0 0 0 47.588421031832695
4077 0 0 0 57.10699805058539
4078 0 0 0 27.100424049422145
4079 0 0 0 29.236976988613605
4080 0 0 0 55.5394230177626
4081 0 0 0 29.199172044172883
4082 0 0 0 50.136671983636916
4083 0 0 0 51.870121038518846
4084 0 0 0 55.82937691360712
4085 0 0 0 40.70508701261133
4086 0 0 0 53.8329939590767
4087 0 0 0 44.919954030774534
4088 0 0 0 43.56286104302853
4089 0 0 0 47.9167690500617
4090 0 0 0 51.06373003218323
4091 0 0 0 26.345594902522862
4092 0 0 0 25.918576982803643
4093 0 0 0 53.7377450382337
4094 0 0 0 41.79669893346727
4095 0 0 0 33.30560401082039
4096 0 0 0 51.92068591713905
4097 0 0 0 34.223692025989294
4098 0 0 0 49.1296430118382
4099 0 0 0 28.141589951701462
4100 0 0 0 40.07365508005023
4101 0 0 0 40.649406029842794
4102 0 0 0 44.7229869896546
4103 0 0 0 28.049735003151
4104 0 0 0 44.78522203862667
4105 0 0 0 49.04853994958103
4106 0 0 0 50.11907999869436
4107 0 0 0 44.412364019081
4108 0 0 0 53.7034299923107
4109 0 0 0 51.05841904878616
4110 0 0 0 34.06690992414951
4111 0 0 0 28.7152020027861
4112 0 0 0 54.01205399539322
4113 0 0 0 32.9520310042426
4114 0 0 0 39.741030894219875
4115 0 0 0 35.70051793940365
4116 0 0 0 45.00216001179069
4117 0 0 0 27.42807602044195
4118 1 1248603 0.71428573 54.87600399646908
4119 0 0 0 49.58510596770793
4120 0 0 0 28.2540509942919
4121 0 0 0 48.56225196272135
4122 0 0 0 40.46105605084449
4123 0 0 0 52.00283508747816
4124 0 0 0 36.446673911996186
4125 0 0 0 54.16205199435353
4126 0 0 0 29.93056201376021
4127 0 0 0 34.40131701063365
4128 0 0 0 40.64590495545417
4129 0 0 0 38.36173308081925
4130 0 0 0 57.71279602777213
4131 0 0 0 38.03002089262009
4132 0 0 0 49.30741002317518
4133 0 0 0 44.98125799000263
4134 0 0 0 54.170026909559965
4135 0 0 0 35.931112011894584
4136 0 0 0 47.18243796378374
4137 0 0 0 56.47621303796768
4138 0 0 0 46.00433504674584
4139 0 0 0 46.409836038947105
4140 0 0 0 41.924231918528676
4141 0 0 0 34.38844904303551
4142 0 0 0 52.972304983995855
4143 0 0 0 41.51160398032516
4144 0 0 0 28.2356709940359
4145 0 0 0 26.505911955609918
4146 0 0 0 32.79677906539291
4147 0 0 0 45.07746105082333
4148 0 0 0 42.719858000054955
4149 0 0 0 50.517363008111715
4150 0 0 0 28.133207000792027
4151 1 1276683 1.0 22.986446972936392
4152 0 0 0 49.26178592722863
4153 0 0 0 48.8182989647612
4154 0 0 0 50.03223801031709
4155 0 0 0 25.918264058418572
4156 0 0 0 39.95865606702864
4157 0 0 0 48.80780691746622
4158 0 0 0 34.63868307881057
4159 0 0 0 55.77337497379631
4160 0 0 0 49.35688397381455
4161 0 0 0 54.64256403502077
4162 0 0 0 41.62015696056187
4163 0 0 0 47.38162108696997
4164 0 0 0 45.01873895060271
4165 0 0 0 26.464304071851075
4166 0 0 0 28.086234000511467
4167 0 0 0 50.399856991134584
4168 0 0 0 40.01229605637491
4169 0 0 0 26.081896969117224
4170 0 0 0 26.360702933743596
4171 0 0 0 29.156142962165177
4172 0 0 0 37.251553032547235
4173 0 0 0 51.82704399339855
4174 0 0 0 39.762140018865466
4175 0 0 0 49.54735597129911
4176 0 0 0 43.4533980442211
4177 0 0 0 50.74780306313187
4178 1 1323167 0.75 25.905984919518232
4179 0 0 0 42.76089393533766
4180 0 0 0 48.07540599722415
4181 0 0 0 48.592065926641226
4182 0 0 0 30.233600991778076
4183 0 0 0 37.03066299203783
4184 0 0 0 43.225993984378874
4185 0 0 0 47.999629052355886
4186 0 0 0 42.178557021543384
4187 0 0 0 56.27115198876709
4188 0 0 0 46.26542201731354
4189 0 0 0 42.2344789840281
4190 0 0 0 50.79392599873245
4191 0 0 0 43.223837041296065
4192 0 0 0 45.34408391918987
4193 0 0 0 40.685029001906514
4194 0 0 0 56.65840208530426
4195 0 0 0 38.37703901808709
4196 0 0 0 50.41356792207807
4197 0 0 0 54.94636099319905
4198 0 0 0 56.09073198866099
4199 0 0 0 29.551304993219674
4200 0 0 0 53.25657792855054
4201 0 0 0 44.047226081602275
4202 0 0 0 42.669404996559024
4203 0 0 0 40.39649700280279
4204 0 0 0 34.95891497004777
4205 0 0 0 46.12529301084578
4206 0 0 0 49.79538300540298
4207 0 0 0 52.26722208317369
4208 0 0 0 29.733119066804647
4209 0 0 0 44.280967907980084
4210 0 0 0 29.090879019349813
4211 0 0 0 27.852277038618922
4212 0 0 0 42.21562703605741
4213 0 0 0 28.4152589738369
4214 0 0 0 42.21835802309215
4215 0 0 0 35.32572207041085
4216 0 0 0 38.92857802566141
4217 0 0 0 29.354751924984157
4218 0 0 0 56.53083499055356
4219 0 0 0 40.40602396707982
4220 0 0 0 61.37951510027051
4221 0 0 0 40.31212697736919
4222 0 0 0 59.78779902216047
4223 0 0 0 56.158469058573246
4224 0 0 0 57.96722089871764
4225 0 0 0 49.254790996201336
4226 0 0 0 47.80835099518299
4227 0 0 0 30.205909977667034
4228 0 0 0 50.2984729828313
4229 0 0 0 45.44905305374414
4230 0 0 0 54.105487070046365
4231 0 0 0 44.27637089975178
4232 0 0 0 26.023652986623347
4233 0 0 0 50.254774978384376
4234 0 0 0 53.707940969616175
4235 0 0 0 33.162784995511174
4236 0 0 0 38.36060198955238
4237 0 0 0 43.31694508437067
4238 0 0 0 49.31667901109904
4239 0 0 0 49.86330901738256
4240 0 0 0 42.00998798478395
4241 0 0 0 48.35871409159154
4242 0 0 0 53.60239907167852
4243 0 0 0 55.73117604944855
4244 0 0 0 28.096674010157585
4245 0 0 0 48.60561201348901
4246 0 0 0 28.196563944220543
4247 0 0 0 26.064057019539177
4248 0 0 0 29.94196000508964
4249 0 0 0 26.04709705337882
4250 0 0 0 54.01632294524461
4251 0 0 0 56.746017071418464
4252 0 0 0 51.17664602585137
4253 0 0 0 48.41741197742522
4254 0 0 0 53.42740402556956
4255 0 0 0 45.14495807234198
4256 0 0 0 45.988034922629595
4257 0 0 0 33.917840919457376
4258 0 0 0 55.219313013367355
4259 0 0 0 52.14222299400717
4260 0 0 0 46.65174207184464
4261 0 0 0 52.90387396235019
4262 0 0 0 29.691183008253574
4263 0 0 0 51.48228502366692
4264 0 0 0 52.14592895936221
4265 0 0 0 46.992448973469436
4266 0 0 0 37.090107100084424
4267 0 0 0 29.197670053690672
4268 0 0 0 53.99835400748998
4269 0 0 0 45.89036398101598
4270 0 0 0 26.50295093189925
4271 0 0 0 33.00371998921037
4272 0 0 0 37.58639399893582
4273 0 0 0 48.23489906266332
4274 0 0 0 28.29306502826512
4275 0 0 0 25.993450079113245
4276 0 0 0 38.06907602120191
4277 0 0 0 45.009474037215114
4278 0 0 0 26.662598946131766
4279 0 0 0 33.44542195554823
4280 0 0 0 40.27609503827989
4281 1 1361731 0.74418604 38.227538112550974
4282 0 0 0 54.086902062408626
4283 0 0 0 36.99723293539137
4284 1 1280952 0.7291667 50.647318945266306
4285 0 0 0 27.410057024098933
4286 0 0 0 54.31473895441741
4287 0 0 0 50.15839193947613
4288 0 0 0 39.710200973786414
4289 0 0 0 39.8415990639478
4290 0 0 0 30.808949028141797
4291 0 0 0 51.23081698548049
4292 0 0 0 49.42568705882877
4293 0 0 0 45.09474104270339
4294 0 0 0 55.93340692576021
4295 0 0 0 27.09828002844006
4296 0 0 0 56.174663943238556
4297 0 0 0 38.744073011912405
4298 0 0 0 45.871183974668384
4299 0 0 0 51.635553943924606
4300 0 0 0 49.79572002775967
4301 0 0 0 51.530155004002154
4302 0 0 0 28.038268093951046
4303 0 0 0 46.1579350521788
4304 0 0 0 50.47662905417383
4305 0 0 0 48.17866894882172
4306 0 0 0 49.99096889514476
4307 0 0 0 41.887445957399905
4308 0 0 0 26.414258987642825
4309 0 0 0 54.30764798074961
4310 0 0 0 47.20240202732384
4311 0 0 0 42.3472790280357
4312 0 0 0 35.67833197303116
4313 0 0 0 50.26829999405891
4314 0 0 0 48.6836590571329
4315 0 0 0 40.44565709773451
4316 0 0 0 35.46776296570897
4317 0 0 0 41.76830698270351
4318 0 0 0 28.3068009885028
4319 0 0 0 41.77735699340701
4320 0 0 0 33.009282080456614
4321 0 0 0 36.094199982471764
4322 0 0 0 53.59098594635725
4323 0 0 0 51.68231506831944
4324 0 0 0 29.299293993972242
4325 0 0 0 26.81482199113816
4326 0 0 0 41.939151007682085
4327 0 0 0 38.854509009979665
4328 0 0 0 30.45968501828611
4329 0 0 0 51.456684013828635
4330 0 0 0 49.73011906258762
4331 0 0 0 55.61145592946559
4332 0 0 0 47.276672907173634
4333 0 0 0 31.67050308547914
4334 0 0 0 45.801347005181015
4335 0 0 0 33.3613419206813
4336 0 0 0 42.81688900664449
4337 0 0 0 34.42264907062054
4338 0 0 0 54.90874592214823
4339 0 0 0 25.922223925590515
4340 0 0 0 40.02192500047386
4341 0 0 0 53.554438054561615
4342 0 0 0 27.8556770645082
4343 0 0 0 54.06311899423599
4344 0 0 0 44.97757297940552
4345 0 0 0 44.581371010281146
4346 0 0 0 48.4343939460814
4347 0 0 0 28.234823024831712
4348 0 0 0 42.009392054751515
4349 0 0 0 35.49897996708751
4350 0 0 0 42.67233400605619
4351 0 0 0 56.51124089490622
4352 0 0 0 42.29833197314292
4353 0 0 0 49.7204540297389
4354 0 0 0 35.470925038680434
4355 0 0 0 41.35840805247426
4356 0 0 0 25.967291090637445
4357 0 0 0 30.596368946135044
4358 0 0 0 33.49603700917214
4359 0 0 0 35.8283210080117
4360 0 0 0 28.285204898566008
4361 0 0 0 41.93076794035733
4362 0 0 0 42.23142098635435
4363 0 0 0 45.325648970901966
4364 0 0 0 54.033196065574884
4365 0 0 0 37.47715405188501
4366 0 0 0 36.1121780006215
4367 0 0 0 45.17762502655387
4368 0 0 0 45.05438299383968
4369 0 0 0 44.159482000395656
4370 0 0 0 49.974038964137435
4371 0 0 0 30.903400038369
4372 0 0 0 55.33051607199013
4373 0 0 0 27.003567083738744
4374 0 0 0 35.447082947939634
4375 0 0 0 53.81637893151492
4376 0 0 0 35.35510704386979
4377 0 0 0 62.65742692630738
4378 0 0 0 67.02357798349112
4379 0 0 0 63.05963103659451
4380 0 0 0 56.317494018003345
4381 0 0 0 65.21241401787847
4382 0 0 0 59.68936800491065
4383 0 0 0 56.46976991556585
4384 0 0 0 60.632424894720316
4385 0 0 0 64.00312890764326
4386 0 0 0 58.510671951808035
4387 0 0 0 72.4777519935742
4388 0 0 0 71.32588804233819
4389 0 0 0 68.69393400847912
4390 0 0 0 62.83474701922387
4391 0 0 0 64.93917398620397
4392 1 1272398 0.7291667 58.655365952290595
4393 1 1265945 0.71428573 61.60723196808249
4394 0 0 0 63.99825296830386
4395 0 0 0 62.47833895031363
4396 0 0 0 57.732813991606236
4397 0 0 0 63.28338501043618
4398 0 0 0 62.66552105080336
4399 0 0 0 59.183823061175644
4400 0 0 0 58.583521051332355
4401 0 0 0 56.847981992177665
4402 0 0 0 63.08616197202355
4403 0 0 0 60.32543594483286
4404 0 0 0 60.11244794353843
4405 0 0 0 63.243026030249894
4406 0 0 0 61.29457999486476
4407 0 0 0 62.941042939201
4408 0 0 0 62.18892696779221
4409 0 0 0 57.16592201497406
4410 0 0 0 62.888295971788466
4411 0 0 0 64.75195195525885
4412 0 0 0 63.7378100072965
4413 0 0 0 59.47210593149066
4414 0 0 0 63.79905401263386
4415 0 0 0 62.61488294694573
4416 0 0 0 62.55457701627165
4417 0 0 0 59.3469999730587
4418 0 0 0 63.564306939952075
4419 0 0 0 62.48448498081416
4420 0 0 0 62.10628105327487
4421 0 0 0 64.39196493010968
4422 0 0 0 63.66897199768573
4423 0 0 0 62.07829597406089
4424 0 0 0 59.62103500496596
4425 0 0 0 62.15439201332629
4426 0 0 0 57.41616594605148
4427 0 0 0 62.55327700637281
4428 0 0 0 58.138492051512
4429 0 0 0 58.587625971995294
4430 0 0 0 57.957082986831665
4431 0 0 0 62.7267180243507
4432 0 0 0 63.489380991086364
4433 0 0 0 66.26969599165022
4434 0 0 0 58.70824295561761
4435 0 0 0 62.732903053984046
4436 0 0 0 62.71111709065735
4437 0 0 0 61.50787498336285
4438 0 0 0 59.37096709385514
4439 0 0 0 64.1455800505355
4440 0 0 0 67.45617894921452
4441 0 0 0 55.801911978051066
4442 0 0 0 67.63092696201056
4443 0 0 0 64.11352194845676
4444 0 0 0 63.50528704933822
4445 0 0 0 65.35539403557777
4446 0 0 0 67.83079006709158
4447 0 0 0 64.29938203655183
4448 0 0 0 56.96740106213838
4449 0 0 0 61.256028013303876
4450 0 0 0 63.22226207703352
4451 0 0 0 57.55485303234309
4452 0 0 0 64.56996500492096
4453 0 0 0 60.80228101927787
4454 0 0 0 56.33479205425829
4455 0 0 0 58.09422396123409
4456 0 0 0 59.0505909640342
4457 0 0 0 64.91281697526574
4458 0 0 0 62.92707100510597
4459 0 0 0 62.45382910128683
4460 0 0 0 60.08761306293309
4461 0 0 0 66.52790599036962
4462 0 0 0 54.945501033216715
4463 0 0 0 59.44743601139635
4464 0 0 0 62.182228080928326
4465 0 0 0 65.41715003550053
4466 0 0 0 64.94742899667472
4467 0 0 0 61.710459063760936
4468 0 0 0 62.70947796292603
4469 0 0 0 63.29372292384505
4470 0 0 0 74.84993699472398
4471 0 0 0 67.28994706645608
4472 0 0 0 68.68296605534852
4473 0 0 0 67.94393702875823
4474 0 0 0 69.33883600868285
4475 0 0 0 63.69637802708894
4476 1 1356085 0.81632656 57.15297593269497
4477 0 0 0 66.50177692063153
4478 0 0 0 61.49248301517218
4479 0 0 0 59.118558070622385
4480 0 0 0 57.32702906243503
4481 0 0 0 57.97769094351679
4482 0 0 0 64.18794393539429
4483 0 0 0 65.53829205222428
4484 0 0 0 57.79569107107818
4485 0 0 0 63.91129898838699
4486 0 0 0 59.39480196684599
4487 0 0 0 65.35300891846418
4488 0 0 0 65.15051296446472
4489 0 0 0 62.710398924537
4490 0 0 0 65.70298899896443
4491 0 0 0 63.317928928881884
4492 0 0 0 58.1371079897508
4493 0 0 0 64.91914798971266
4494 0 0 0 64.44776093121618
4495 0 0 0 67.74604495149106
4496 0 0 0 61.45264592487365
4497 0 0 0 64.36250393744558
4498 0 0 0 59.59478497970849
4499 0 0 0 62.728230957873166
4500 0 0 0 61.79089494980872
4501 0 0 0 64.41097694914788
4502 0 0 0 62.619818025268614
4503 0 0 0 62.18206789344549
4504 0 0 0 63.39991302229464
4505 0 0 0 61.08121701981872
4506 0 0 0 57.55075195338577
4507 0 0 0 57.141259079799056
4508 0 0 0 58.016780065372586
4509 0 0 0 62.95835296623409
4510 0 0 0 67.49999092426151
4511 0 0 0 63.46488499548286
4512 0 0 0 63.42685001436621
4513 0 0 0 62.873587012290955
4514 0 0 0 61.440579011105
4515 0 0 0 62.78123799711466
4516 0 0 0 64.91981202270836
4517 0 0 0 62.15428898576647
4518 0 0 0 60.174672049470246
4519 0 0 0 60.30087894760072
4520 0 0 0 64.00240596849471
4521 0 0 0 64.18335402850062
4522 0 0 0 60.46932493336499
4523 0 0 0 61.79749604780227
4524 0 0 0 65.24655094835907
4525 0 0 0 60.72328402660787
4526 0 0 0 64.9239900521934
4527 0 0 0 62.30412900913507
4528 0 0 0 65.56659995112568
4529 0 0 0 64.0423079021275
4530 0 0 0 61.97051506023854
4531 0 0 0 66.48376293014735
4532 0 0 0 63.67461895570159
4533 0 0 0 62.04481504391879
4534 0 0 0 65.34503400325775
4535 0 0 0 57.474493980407715
4536 0 0 0 58.00663400441408
4537 0 0 0 69.14586492348462
4538 0 0 0 63.0077610258013
4539 0 0 0 63.192139961756766
4540 0 0 0 63.432418974116445
4541 0 0 0 64.00319503154606
4542 0 0 0 65.96368399914354
4543 0 0 0 58.26991598587483
4544 0 0 0 57.27155692875385
4545 1 1290025 0.7659575 49.32573297992349
4546 0 0 0 63.57291608583182
4547 0 0 0 67.12096207775176
4548 0 0 0 58.31557000055909
4549 0 0 0 63.17302107345313
4550 0 0 0 58.1221180036664
4551 0 0 0 55.55688391905278
4552 0 0 0 59.810897102579474
4553 0 0 0 61.790385050699115
4554 0 0 0 72.84196198452264
4555 0 0 0 68.88761604204774
4556 0 0 0 67.78405897784978
4557 0 0 0 72.66543491277844
4558 0 0 0 62.58482695557177
4559 0 0 0 64.92683000396937
4560 0 0 0 64.00778295937926
4561 0 0 0 64.40807494800538
4562 0 0 0 62.44556698948145
4563 0 0 0 54.02951606083661
4564 0 0 0 63.939059036783874
4565 0 0 0 58.20168601348996
4566 0 0 0 62.03183904290199
4567 1 1336480 0.7254902 60.721184010617435
4568 0 0 0 63.771446933969855
4569 0 0 0 66.08322903048247
4570 0 0 0 64.86984097864479
4571 0 0 0 60.89354504365474
4572 0 0 0 60.58487202972174
4573 0 0 0 62.71940900478512
4574 0 0 0 64.4617920042947
4575 0 0 0 62.061919015832245
4576 0 0 0 62.12731695268303
4577 0 0 0 63.18687601014972
4578 0 0 0 64.04769606888294
4579 0 0 0 63.97258793003857
4580 0 0 0 60.77196903061122
4581 0 0 0 58.020621072500944
4582 0 0 0 62.73601995781064
4583 0 0 0 65.70237199775875
4584 0 0 0 63.19240806624293
4585 0 0 0 57.96981498133391
4586 0 0 0 63.383187050931156
4587 0 0 0 66.8778569670394
4588 0 0 0 56.11117393709719
4589 0 0 0 60.0839639082551
4590 0 0 0 60.65409700386226
4591 0 0 0 59.89870708435774
4592 0 0 0 65.97587105352432
4593 0 0 0 64.52922092285007
4594 0 0 0 63.59485804568976
4595 0 0 0 65.92450197786093
4596 0 0 0 61.266951030120254
4597 0 0 0 65.61137398239225
4598 0 0 0 62.05916008912027
4599 0 0 0 61.4275069674477
4600 0 0 0 64.52128698583692
4601 0 0 0 66.36876694392413
4602 0 0 0 59.14693896193057
4603 0 0 0 64.76496998220682
4604 0 0 0 54.545862949453294
4605 0 0 0 63.235185109078884
4606 0 0 0 60.672124032862484
4607 0 0 0 62.13816103991121
4608 0 0 0 62.51806998625398
4609 0 0 0 55.55619311053306
4610 0 0 0 66.19396898895502
4611 0 0 0 63.517519971355796
4612 0 0 0 61.996659031137824
4613 0 0 0 54.86388900317252
4614 0 0 0 62.850738991983235
4615 0 0 0 63.828582991845906
4616 0 0 0 62.14312696829438
4617 0 0 0 64.69783501233906
4618 0 0 0 65.53556909784675
4619 0 0 0 62.50783009454608
4620 0 0 0 65.44408807530999
4621 0 0 0 62.921549077145755
4622 0 0 0 65.5446199234575
4623 0 0 0 64.84459794592112
4624 0 0 0 64.40645491238683
4625 0 0 0 63.92269104253501
4626 0 0 0 63.142573926597834
4627 0 0 0 64.10084897652268
4628 0 0 0 62.81359400600195
4629 0 0 0 64.1000559553504
4630 0 0 0 58.38732502888888
4631 0 0 0 62.30973789934069
4632 0 0 0 61.56818300951272
4633 0 0 0 66.05615105945617
4634 0 0 0 63.027110998518765
4635 0 0 0 62.81008303631097
4636 0 0 0 62.301391968503594
4637 0 0 0 55.272521916776896
4638 0 0 0 64.26286394707859
4639 0 0 0 58.13715199474245
4640 0 0 0 62.74838896933943
4641 0 0 0 59.54688193742186
4642 0 0 0 63.834366970695555
4643 0 0 0 65.00529998447746
4644 0 0 0 64.23358805477619
4645 0 0 0 60.72966195642948
4646 0 0 0 64.04734891839325
4647 0 0 0 59.02969592716545
4648 0 0 0 62.40612699184567
4649 0 0 0 56.77348398603499
4650 0 0 0 59.100428014062345
4651 0 0 0 65.33913500607014
4652 0 0 0 63.98428091779351
4653 0 0 0 60.649318038485944
4654 0 0 0 57.940271915867925
4655 0 0 0 65.7978670205921
4656 0 0 0 65.49877696670592
4657 0 0 0 58.11523401644081
4658 0 0 0 62.54157400690019
4659 0 0 0 62.11799499578774
4660 0 0 0 62.95522605068982
4661 0 0 0 61.44363502971828
4662 0 0 0 58.36458003614098
4663 0 0 0 63.00795602146536
4664 0 0 0 65.90555398724973
4665 0 0 0 62.610969063825905
4666 0 0 0 64.76273306179792
4667 0 0 0 58.57064900919795
4668 0 0 0 61.87610805500299
4669 0 0 0 60.288556036539376
4670 0 0 0 65.85573707707226
4671 1 1260565 0.7962963 57.46990698389709
4672 0 0 0 58.29209496732801
4673 0 0 0 59.27609500940889
4674 1 1351470 0.72727275 67.15292495209724
4675 0 0 0 61.602870002388954
4676 0 0 0 63.1333040073514
4677 0 0 0 57.139500975608826
4678 0 0 0 62.44730390608311
4679 0 0 0 66.01486098952591
4680 0 0 0 61.38576101511717
4681 0 0 0 60.591893969103694
4682 0 0 0 62.863706960342824
4683 0 0 0 66.40178197994828
4684 0 0 0 67.25421000737697
4685 0 0 0 56.16851500235498
4686 0 0 0 63.56541998684406
4687 0 0 0 64.82297601178288
4688 0 0 0 63.911530072800815
4689 0 0 0 58.84167505428195
4690 0 0 0 58.20973694790155
4691 0 0 0 63.63423401489854
4692 0 0 0 64.12393099162728
4693 0 0 0 63.579431967809796
4694 0 0 0 55.611114017665386
4695 0 0 0 61.7510270094499
4696 0 0 0 57.04148206859827
4697 0 0 0 65.78863598406315
4698 0 0 0 62.31156911235303
4699 0 0 0 62.84487992525101
4700 0 0 0 62.63956904876977
4701 0 0 0 64.01579803787172
4702 0 0 0 65.97683299332857
4703 0 0 0 61.53499090578407
4704 0 0 0 55.042507010512054
4705 0 0 0 63.31613706424832
4706 0 0 0 62.189357937313616
4707 0 0 0 61.48036301601678
4708 0 0 0 58.4972359938547
4709 0 0 0 67.858538008295
4710 0 0 0 66.73832796514034
4711 0 0 0 62.63358297292143
4712 0 0 0 63.66240803617984
4713 0 0 0 67.20578693784773
4714 0 0 0 60.29774900525808
4715 0 0 0 58.49136598408222
4716 0 0 0 60.72488194331527
4717 0 0 0 63.489593914709985
4718 0 0 0 57.65896895900369
4719 0 0 0 66.30095199216157
4720 0 0 0 62.53860692959279
4721 0 0 0 59.94239100255072
4722 0 0 0 62.529462040401995
4723 0 0 0 62.325913924723864
4724 0 0 0 63.02606698591262
4725 0 0 0 65.6689559109509
4726 0 0 0 56.61320500075817
4727 0 0 0 61.92314194049686
4728 0 0 0 62.83186702057719
4729 0 0 0 61.952976044267416
4730 0 0 0 57.966168969869614
4731 0 0 0 55.06448203232139
4732 0 0 0 58.99764993228018
4733 0 0 0 61.26581598073244
4734 0 0 0 61.475738999433815
4735 0 0 0 64.78719995357096
4736 0 0 0 59.517960995435715
4737 0 0 0 64.0201719943434
4738 0 0 0 63.34912299644202
4739 0 0 0 62.95244302600622
4740 0 0 0 60.84006291348487
4741 0 0 0 62.747990945354104
4742 0 0 0 62.574043055064976
4743 0 0 0 66.4526189211756
4744 0 0 0 61.565257026813924
4745 0 0 0 59.10390603821725
4746 0 0 0 64.4028770038858
4747 0 0 0 68.93449299968779
4748 0 0 0 57.3952499544248
4749 0 0 0 58.00531595014036
4750 0 0 0 57.84492893144488
4751 0 0 0 61.267932993359864
4752 0 0 0 67.54312303382903
4753 1 1267217 1.0 35.12744803447276
4754 0 0 0 63.03312897216529
4755 0 0 0 60.27790799271315
4756 0 0 0 64.89580404013395
4757 0 0 0 63.5030820267275
4758 0 0 0 59.26294799428433
4759 0 0 0 60.89649291243404
4760 0 0 0 59.723336016759276
4761 0 0 0 62.74880806449801
4762 0 0 0 68.04522802121937
4763 0 0 0 63.591523095965385
4764 0 0 0 62.402945943176746
4765 0 0 0 60.68947003223002
4766 0 0 0 59.87970007117838
4767 0 0 0 66.76980201154947
4768 0 0 0 60.718199936673045
4769 0 0 0 56.58500303979963
4770 0 0 0 60.3341480018571
4771 0 0 0 62.88871099241078
4772 0 0 0 62.69166793208569
4773 0 0 0 63.0900509422645
4774 0 0 0 57.77384003158659
4775 0 0 0 61.602749046869576
4776 0 0 0 63.17308801226318
4777 0 0 0 61.7180559784174
4778 0 0 0 64.60872094612569
4779 0 0 0 64.89127909298986
4780 0 0 0 66.31042901426554
4781 0 0 0 62.614936963655055
4782 0 0 0 60.45719992835075
4783 0 0 0 61.06048496440053
4784 0 0 0 63.44826298300177
4785 0 0 0 61.462374054826796
4786 0 0 0 62.6011430285871
4787 0 0 0 64.4458350725472
4788 0 0 0 63.37950599845499
4789 0 0 0 63.729735906235874
4790 1 1343024 0.7 59.90323796868324
4791 0 0 0 58.17951902281493
4792 0 0 0 62.62794998474419
4793 0 0 0 62.16268194839358
4794 0 0 0 65.10453601367772
4795 0 0 0 62.61329003609717
4796 0 0 0 61.29394599702209
4797 0 0 0 54.650522070005536
4798 0 0 0 60.53328502457589
4799 0 0 0 65.78997801989317
4800 0 0 0 63.26247099786997
4801 0 0 0 58.05486999452114
4802 0 0 0 60.48214598558843
4803 0 0 0 64.46447898633778
4804 0 0 0 59.94065396953374
4805 0 0 0 62.91085702832788
4806 0 0 0 63.51457803975791
4807 0 0 0 64.88491594791412
4808 0 0 0 66.83139503002167
4809 0 0 0 56.48471903987229
4810 0 0 0 60.678088106215
4811 0 0 0 62.95499298721552
4812 0 0 0 62.01520108152181
4813 0 0 0 61.4628930343315
4814 0 0 0 58.53561602998525
4815 0 0 0 58.745955931954086
4816 0 0 0 61.550364014692605
4817 0 0 0 65.6966669484973
4818 0 0 0 63.764833961613476
4819 0 0 0 60.730674071237445
4820 0 0 0 54.93773508351296
4821 0 0 0 67.34393001534045
4822 0 0 0 64.7802249295637
4823 0 0 0 61.055348021909595
4824 0 0 0 62.455163919366896
4825 0 0 0 61.03797897230834
4826 0 0 0 65.90319401584566
4827 0 0 0 62.01454100664705
4828 0 0 0 63.60064400359988
4829 0 0 0 55.45300303492695
4830 0 0 0 57.60354490485042
4831 0 0 0 64.14939998649061
4832 0 0 0 63.010578975081444
4833 0 0 0 60.117735993117094
4834 0 0 0 62.577476957812905
4835 0 0 0 57.95100308023393
4836 0 0 0 60.066970996558666
4837 0 0 0 65.92691806145012
4838 0 0 0 64.40179806668311
4839 0 0 0 60.5493679177016
4840 0 0 0 64.97257493901998
4841 0 0 0 64.26348991226405
4842 0 0 0 64.25100902561098
4843 0 0 0 62.33919889200479
4844 0 0 0 61.58213806338608
4845 0 0 0 65.75119798071682
4846 0 0 0 55.06570206489414
4847 0 0 0 60.62073400244117
4848 0 0 0 59.49789599981159
4849 0 0 0 61.9284970453009
4850 0 0 0 66.24095502775162
4851 0 0 0 65.18292496912181
4852 0 0 0 65.05384505726397
4853 0 0 0 65.89368404820561
4854 0 0 0 57.13138799183071
4855 0 0 0 63.47457098308951
4856 0 0 0 63.95860202610493
4857 0 0 0 63.45054297707975
4858 0 0 0 65.34685497172177
4859 0 0 0 63.80380503833294
4860 0 0 0 64.47729200590402
4861 0 0 0 65.36428607068956
4862 0 0 0 65.90250204317272
4863 0 0 0 63.03500500507653
4864 0 0 0 63.026317046023905
4865 0 0 0 63.65295290015638
4866 0 0 0 63.02919099107385
4867 0 0 0 63.051667995750904
4868 0 0 0 61.34034798014909
4869 0 0 0 60.915341950021684
4870 0 0 0 56.25935201533139
4871 0 0 0 57.48299905098975
4872 0 0 0 66.3806910160929
4873 0 0 0 62.53746396396309
4874 0 0 0 60.67522498778999
4875 0 0 0 54.547603940591216
4876 0 0 0 63.47191089298576
4877 0 0 0 61.413964023813605
4878 0 0 0 55.437780916690826
4879 0 0 0 56.24240997713059
4880 0 0 0 58.548975037410855
4881 0 0 0 55.99693104159087
4882 0 0 0 63.95847303792834
4883 0 0 0 60.67223509307951
4884 0 0 0 54.79723901953548
4885 0 0 0 54.053011001087725
4886 0 0 0 60.988649958744645
4887 0 0 0 60.30070607084781
4888 0 0 0 60.24581496603787
4889 0 0 0 54.17792801745236
4890 0 0 0 64.74765308666974
4891 0 0 0 61.965596047230065
4892 0 0 0 54.82363793998957
4893 0 0 0 58.63359395880252
4894 0 0 0 65.40527904871851
4895 0 0 0 63.40517499484122
4896 0 0 0 62.82490608282387
4897 0 0 0 60.59592799283564
4898 0 0 0 62.18045100104064
4899 0 0 0 62.79208499472588
4900 0 0 0 58.0285299802199
4901 0 0 0 62.65620607882738
4902 0 0 0 58.27163299545646
4903 0 0 0 61.22300401329994
4904 0 0 0 65.68323099054396
4905 0 0 0 63.25386092066765
4906 0 0 0 54.3629250023514
4907 0 0 0 59.80247596744448
4908 0 0 0 60.37179892882705
4909 0 0 0 63.275080057792366
4910 0 0 0 58.586983010172844
4911 0 0 0 57.55882908124477
4912 0 0 0 59.632552904076874
4913 0 0 0 58.12602106016129
4914 0 0 0 64.79138706345111
4915 0 0 0 65.2487629558891
4916 0 0 0 61.05494499206543
4917 0 0 0 61.50275899562985
4918 0 0 0 65.32422301825136
4919 0 0 0 63.91726096626371
4920 0 0 0 59.10057306755334
4921 0 0 0 55.89272500947118
4922 0 0 0 61.6698560770601
4923 0 0 0 54.82152197510004
4924 0 0 0 61.81085598655045
4925 0 0 0 57.94444598723203
4926 0 0 0 61.850575963035226
4927 0 0 0 54.451345931738615
4928 0 0 0 68.9702769741416
4929 0 0 0 68.4928159462288
4930 0 0 0 66.86720810830593
4931 0 0 0 67.32754106633365
4932 0 0 0 70.15004300046712
4933 0 0 0 60.99378003273159
4934 0 0 0 55.437944014556706
4935 0 0 0 61.03801098652184
4936 1 1244567 0.75409836 63.60158696770668
4937 0 0 0 60.54340291302651
4938 0 0 0 58.051934000104666
4939 0 0 0 57.832396938465536
4940 0 0 0 54.939319961704314
4941 0 0 0 65.45145204290748
4942 0 0 0 63.6607880005613
4943 0 0 0 60.49865507520735
4944 0 0 0 62.56568501703441
4945 0 0 0 64.8823850788176
4946 0 0 0 68.63192399032414
4947 1 1264742 0.7966102 57.78497096616775
4948 0 0 0 59.27529698237777
4949 0 0 0 63.38453700300306
4950 0 0 0 61.769442982040346
4951 0 0 0 57.38080700393766
4952 0 0 0 61.81382900103927
4953 0 0 0 59.67783590313047
4954 0 0 0 63.448423985391855
4955 0 0 0 62.96769401524216
4956 0 0 0 61.920873005874455
4957 0 0 0 60.84715202450752
4958 0 0 0 56.93705100566149
4959 0 0 0 59.10939397290349
4960 0 0 0 64.33725904207677
4961 0 0 0 59.41018997691572
4962 0 0 0 59.791353065520525
4963 0 0 0 60.548654990270734
4964 0 0 0 56.94884900003672
4965 0 0 0 60.77755498699844
4966 0 0 0 64.70452004577965
4967 0 0 0 61.565924901515245
4968 0 0 0 61.27890001516789
4969 0 0 0 61.001905938610435
4970 0 0 0 62.18621402513236
4971 0 0 0 63.159021898172796
4972 0 0 0 59.12316800095141
4973 0 0 0 59.98803104739636
4974 0 0 0 64.60833200253546
4975 0 0 0 62.005877029150724
4976 0 0 0 55.27234100736678
4977 0 0 0 61.998474993743
4978 0 0 0 59.35818701982498
4979 0 0 0 65.57577301282436
4980 0 0 0 62.71891598589718
4981 0 0 0 54.345445008948445
4982 0 0 0 59.40841301344335
4983 0 0 0 63.17059102002531
4984 0 0 0 63.41081904247403
4985 0 0 0 62.37897404935211
4986 0 0 0 57.66010994557291
4987 0 0 0 62.101048999466
4988 0 0 0 62.91555904317647
4989 0 0 0 63.931372947990894
4990 0 0 0 56.51902791578323
4991 0 0 0 62.233207980170846
4992 0 0 0 61.53384502977133
4993 0 0 0 57.14628496207297
4994 0 0 0 59.449084918014705
4995 0 0 0 61.23456603381783
4996 0 0 0 58.01068490836769
4997 0 0 0 65.0441909674555
4998 0 0 0 62.87400296423584
4999 0 0 0 60.38490298669785
5000 0 0 0 57.82077193725854
5001 0 0 0 62.00750300195068
5002 0 0 0 57.66405398026109
5003 0 0 0 61.01830396801233
5004 0 0 0 62.1990819927305
5005 0 0 0 61.56944495160133
5006 0 0 0 60.00619300175458
5007 0 0 0 63.909343094564974
5008 0 0 0 60.20038400311023
5009 0 0 0 59.66544500552118
5010 0 0 0 62.92549299541861
5011 0 0 0 54.75174495950341
5012 0 0 0 64.35695290565491
5013 0 0 0 66.48215698078275
5014 0 0 0 61.171886045485735
5015 0 0 0 64.65902691707015
5016 0 0 0 62.47741496190429
5017 0 0 0 61.31235195789486
5018 0 0 0 61.66310200933367
5019 0 0 0 56.164738023653626
5020 0 0 0 59.376201941631734
5021 0 0 0 62.60720593854785
5022 0 0 0 62.805950990878046
5023 0 0 0 59.177766903303564
5024 0 0 0 62.50400689896196
5025 0 0 0 60.75619498733431
5026 0 0 0 65.31430198810995
5027 0 0 0 63.13620205037296
5028 0 0 0 54.62364596314728
5029 0 0 0 58.604749967344105
5030 0 0 0 56.93696090020239
5031 0 0 0 59.5728870248422
5032 0 0 0 61.85973796527833
5033 0 0 0 63.185328035615385
5034 0 0 0 59.3532039783895
5035 0 0 0 58.50179400295019
5036 0 0 0 66.11038907431066
5037 0 0 0 63.053978024981916
5038 0 0 0 60.975032043643296
5039 0 0 0 61.83061806950718
5040 0 0 0 64.18748397845775
5041 0 0 0 61.802367912605405
5042 0 0 0 58.176266960799694
5043 0 0 0 62.17089400161058
5044 0 0 0 62.24803195800632
5045 0 0 0 56.13365396857262
5046 0 0 0 55.97723298706114
5047 0 0 0 54.73917804192752
5048 0 0 0 56.29623495042324
5049 0 0 0 65.79236104153097
5050 0 0 0 62.94787209481001
5051 0 0 0 60.61467400286347
5052 0 0 0 54.163585999049246
5053 0 0 0 55.42594601865858
5054 0 0 0 65.83264493383467
5055 0 0 0 63.480403972789645
5056 0 0 0 58.60179697629064
5057 0 0 0 61.882119975052774
5058 0 0 0 64.72409493289888
5059 0 0 0 66.17573706898838
5060 0 0 0 61.23552192002535
5061 0 0 0 60.33901695627719
5062 0 0 0 58.687223005108535
5063 0 0 0 62.56026600021869
5064 0 0 0 65.38290192838758
5065 0 0 0 54.83492405619472
5066 0 0 0 62.6024060184136
5067 0 0 0 54.25080598797649
5068 0 0 0 57.03230993822217
5069 0 0 0 62.59659503120929
5070 0 0 0 60.988924000412226
5071 0 0 0 62.01796105597168
5072 0 0 0 60.96865807194263
5073 0 0 0 59.458237956278026
5074 0 0 0 59.53405296895653
5075 0 0 0 64.19065594673157
5076 0 0 0 60.689463978633285
5077 0 0 0 61.21189799159765
5078 0 0 0 65.65665197558701
5079 0 0 0 54.86813699826598
5080 0 0 0 59.35243493877351
5081 0 0 0 60.30682392884046
5082 0 0 0 61.122724087908864
5083 0 0 0 62.43139901198447
5084 0 0 0 58.63630899693817
5085 0 0 0 65.44260901864618
5086 0 0 0 56.436694925650954
5087 0 0 0 65.53894095122814
5088 0 0 0 62.97343107871711
5089 0 0 0 56.284145917743444
5090 0 0 0 56.3606140203774
5091 0 0 0 58.36593499407172
5092 0 0 0 62.17444594949484
5093 0 0 0 55.339553975500166
5094 0 0 0 54.884160053916276
5095 0 0 0 54.42112195305526
5096 0 0 0 62.12710007093847
5097 0 0 0 63.63309302832931
5098 0 0 0 62.91296903509647
5099 0 0 0 63.31582902930677
5100 0 0 0 59.17072098236531
5101 0 0 0 62.19656998291612
5102 0 0 0 66.7087899055332
5103 0 0 0 54.632656974717975
5104 0 0 0 60.63833204098046
5105 0 0 0 58.942134026438
5106 0 0 0 66.87966303434223
5107 0 0 0 61.716341064311564
5108 0 0 0 59.30951703339815
5109 0 0 0 57.80377006158233
5110 0 0 0 55.54917803965509
5111 0 0 0 59.34908601921052
5112 0 0 0 58.65032505244017
5113 0 0 0 57.94292991049588
5114 0 0 0 57.89384909439832
5115 0 0 0 63.47646901849657
5116 0 0 0 63.48346604499966
5117 0 0 0 60.87417807430029
5118 0 0 0 59.522492927499115
5119 0 0 0 58.16951091401279
5120 0 0 0 62.87210201844573
5121 0 0 0 61.40566698741168
5122 0 0 0 60.429570032283664
5123 0 0 0 63.78608592785895
5124 0 0 0 62.215317972004414
5125 0 0 0 64.2414540052414
5126 0 0 0 61.077615013346076
5127 0 0 0 60.22622005548328
5128 0 0 0 56.71207595150918
5129 0 0 0 59.50470292009413
5130 0 0 0 60.907868086360395
5131 0 0 0 60.101877083070576
5132 0 0 0 59.40175591968
5133 0 0 0 59.53256704378873
5134 0 0 0 62.93193297460675
5135 0 0 0 64.93525509722531
5136 0 0 0 63.303202972747386
5137 0 0 0 63.72930691577494
5138 0 0 0 63.805444980971515
5139 0 0 0 64.39271592535079
5140 0 0 0 60.56693394202739
5141 0 0 0 62.96327896416187
5142 0 0 0 60.71480305399746
5143 0 0 0 58.99629998020828
5144 0 0 0 61.98801193386316
5145 0 0 0 61.30514096003026
5146 0 0 0 61.894315062090755
5147 0 0 0 59.08232100773603
5148 0 0 0 55.05599605385214
5149 0 0 0 65.56209095288068
5150 0 0 0 61.02116801775992
5151 0 0 0 55.66710396669805
5152 1 1340266 0.71875 56.310212938115
5153 0 0 0 63.30593302845955
5154 0 0 0 60.166024952195585
5155 0 0 0 60.440549976192415
5156 0 0 0 58.11121698934585
5157 0 0 0 62.7962559228763
5158 0 0 0 64.83616796322167
5159 0 0 0 60.15648401807994
5160 0 0 0 64.77556994650513
5161 0 0 0 63.61216597724706
5162 0 0 0 59.09823998808861
5163 0 0 0 62.18680611345917
5164 0 0 0 59.315674006938934
5165 0 0 0 55.48120802268386
5166 0 0 0 59.16349601466209
5167 0 0 0 66.62347598467022
5168 0 0 0 64.02221601456404
5169 0 0 0 60.55579497478902
5170 0 0 0 63.40111093595624
5171 0 0 0 62.38430202938616
5172 0 0 0 67.09285394754261
5173 0 0 0 62.55187396891415
5174 0 0 0 58.30590799450874
5175 0 0 0 61.90892402082682
5176 0 0 0 59.58796595223248
5177 0 0 0 63.348561991006136
5178 0 0 0 61.733381007798016
5179 0 0 0 65.38150401320308
5180 0 0 0 58.87347203679383
5181 0 0 0 64.38973394688219
5182 0 0 0 60.21755200345069
5183 0 0 0 59.599896892905235
5184 0 0 0 54.52430504374206
5185 0 0 0 68.41397495009005
5186 0 0 0 56.55664706137031
5187 0 0 0 62.709074933081865
5188 0 0 0 60.20609103143215
5189 0 0 0 56.53037002775818
5190 0 0 0 59.75762300658971
5191 0 0 0 67.53343599848449
5192 0 0 0 67.55352590698749
5193 0 0 0 64.99133806210011
5194 0 0 0 62.936624977737665
5195 0 0 0 66.99805299285799
5196 0 0 0 62.26143008098006
5197 0 0 0 61.98442401364446
5198 0 0 0 66.9139149831608
5199 0 0 0 61.02405395358801
5200 0 0 0 55.374286021105945
5201 0 0 0 54.639053996652365
5202 0 0 0 56.05066101998091
5203 0 0 0 55.79429003410041
5204 0 0 0 64.17686305940151
5205 0 0 0 55.66723004449159
5206 0 0 0 62.08141194656491
5207 0 0 0 60.07671798579395
5208 0 0 0 64.11549495533109
5209 0 0 0 61.897382023744285
5210 0 0 0 55.30507699586451
5211 0 0 0 62.00682302005589
5212 0 0 0 58.08647896628827
5213 0 0 0 79.29412997327745
5214 0 0 0 66.03081990033388
5215 0 0 0 61.16957601625472
5216 0 0 0 72.24372494965792
5217 0 0 0 67.17527203727514
5218 0 0 0 63.37353400886059
5219 0 0 0 63.07833199389279
5220 0 0 0 63.45616502221674
5221 0 0 0 66.48391403723508
5222 0 0 0 61.4416419994086
5223 0 0 0 61.49465497583151
5224 0 0 0 63.83857398759574
5225 0 0 0 59.810943086631596
5226 0 0 0 63.98455298040062
5227 0 0 0 58.28774708788842
5228 0 0 0 56.4590630820021
5229 0 0 0 59.13923401385546
5230 0 0 0 54.403951042331755
5231 0 0 0 58.17849503364414
5232 0 0 0 60.47050503548235
5233 0 0 0 55.198347894474864
5234 0 0 0 57.790099061094224
5235 0 0 0 60.699308989569545
5236 0 0 0 66.04089098982513
5237 0 0 0 55.9517570072785
5238 0 0 0 60.829182039014995
5239 0 0 0 60.02535193692893
5240 0 0 0 58.38117003440857
5241 0 0 0 62.48388101812452
5242 0 0 0 60.563824023120105
5243 0 0 0 64.26239805296063
5244 0 0 0 65.53947401698679
5245 0 0 0 64.23979997634888
5246 0 0 0 56.0239750193432
5247 0 0 0 62.9785000346601
5248 0 0 0 62.37299996428192
5249 0 0 0 55.0616109976545
5250 0 0 0 61.49477593135089
5251 0 0 0 60.56373205501586
5252 0 0 0 60.54278602823615
5253 0 0 0 59.09149500075728
5254 0 0 0 61.42558506689966
5255 0 0 0 59.827281977050006
5256 0 0 0 60.31506089493632
5257 0 0 0 54.8553200205788
5258 0 0 0 57.03651497606188
5259 0 0 0 61.28240702673793
5260 0 0 0 58.491347008384764
5261 0 0 0 62.62872403021902
5262 0 0 0 60.58577192015946
5263 0 0 0 62.7222090261057
5264 0 0 0 60.086240991950035
5265 0 0 0 58.1656499998644
5266 0 0 0 62.07490200176835
5267 0 0 0 66.59489194862545
5268 0 0 0 62.35050596296787
5269 0 0 0 60.33013400156051
5270 0 0 0 64.48604504112154
5271 0 0 0 62.383636948652565
5272 0 0 0 63.30439099110663
5273 0 0 0 65.67565095610917
5274 0 0 0 63.970890012569726
5275 0 0 0 63.229550956748426
5276 0 0 0 56.429908028803766
5277 0 0 0 60.71694497950375
5278 0 0 0 56.57125299330801
5279 0 0 0 64.75653604138643
5280 0 0 0 63.39843291789293
5281 0 0 0 60.676865046843886
5282 0 0 0 55.20741699729115
5283 0 0 0 59.25466096960008
5284 0 0 0 61.883200076408684
5285 0 0 0 58.15295199863613
5286 0 0 0 60.42182899545878
5287 0 0 0 61.519359005615115
5288 0 0 0 63.01923701539636
5289 0 0 0 61.34350493084639
5290 0 0 0 60.668070102110505
5291 0 0 0 59.58308500703424
5292 0 0 0 61.63131003268063
5293 0 0 0 64.50405390933156
5294 0 0 0 66.79591804277152
5295 0 0 0 64.6370139438659
5296 0 0 0 68.42100503854454
5297 0 0 0 61.492183012887836
5298 0 0 0 59.39134198706597
5299 0 0 0 60.52724702749401
5300 0 0 0 60.749566997401416
5301 0 0 0 62.15868901927024
5302 0 0 0 59.648312046192586
5303 0 0 0 61.45968905184418
5304 0 0 0 57.98655201215297
5305 0 0 0 65.66508999094367
5306 0 0 0 62.295494019053876
5307 0 0 0 62.288748915307224
5308 0 0 0 59.07024699263275
5309 0 0 0 64.48505294974893
5310 0 0 0 58.40909399557859
5311 0 0 0 55.2195810014382
5312 0 0 0 54.65581803582609
5313 0 0 0 61.09358905814588
5314 0 0 0 59.85414294991642
5315 0 0 0 61.871286015957594
5316 0 0 0 60.08664204273373
5317 0 0 0 61.106860055588186
5318 0 0 0 61.66412204038352
5319 0 0 0 59.03593800030649
5320 0 0 0 62.639016075991094
5321 0 0 0 57.27727396879345
5322 0 0 0 60.5717160506174
5323 0 0 0 61.31108396220952
5324 0 0 0 62.83495493698865
5325 0 0 0 56.654134998098016
5326 0 0 0 60.435666935518384
5327 0 0 0 57.99781798850745
5328 0 0 0 62.14759801514447
5329 0 0 0 67.0533349039033
5330 0 0 0 59.531253995373845
5331 0 0 0 61.230025021359324
5332 0 0 0 61.40949402470142
5333 0 0 0 64.96890902053565
5334 0 0 0 60.559747042134404
5335 0 0 0 65.05385902710259
5336 0 0 0 62.68836802337319
5337 0 0 0 57.02543898951262
5338 0 0 0 58.04790195543319
5339 0 0 0 63.17024293821305
5340 0 0 0 61.006901087239385
5341 0 0 0 60.3685270762071
5342 0 0 0 59.4497179845348
5343 0 0 0 63.6511460179463
5344 0 0 0 59.07819897402078
5345 1 1272281 0.86440676 55.649604997597635
5346 0 0 0 56.169410003349185
5347 0 0 0 54.71413303166628
5348 0 0 0 61.47850293200463
5349 0 0 0 55.52860407624394
5350 0 0 0 59.53251605387777
5351 0 0 0 57.71833995822817
5352 0 0 0 62.01350595802069
5353 0 0 0 63.259711023420095
5354 0 0 0 65.02476905006915
5355 0 0 0 60.09607098530978
5356 0 0 0 63.67082102224231
5357 0 0 0 61.890573939308524
5358 0 0 0 54.52121596317738
5359 0 0 0 59.418478049337864
5360 0 0 0 57.102736085653305
5361 0 0 0 56.62574293091893
5362 0 0 0 60.138853965327144
5363 0 0 0 64.32917504571378
5364 0 0 0 55.44463300611824
5365 0 0 0 63.45167302060872
5366 0 0 0 58.91870893537998
5367 0 0 0 61.980016995221376
5368 0 0 0 60.25429198052734
5369 0 0 0 62.23215803038329
5370 1 1347571 0.76363635 64.45189495570958
5371 0 0 0 63.26801097020507
5372 0 0 0 61.944199027493596
5373 0 0 0 57.40977299865335
5374 0 0 0 57.56458593532443
5375 0 0 0 62.92048504110426
5376 0 0 0 61.55378802213818
5377 0 0 0 49.93463808204979
5378 0 0 0 44.99017400667071
5379 0 0 0 50.296511966735125
5380 0 0 0 52.9061279958114
5381 0 0 0 48.35140495561063
5382 0 0 0 48.81608998402953
5383 0 0 0 53.172198007814586
5384 0 0 0 44.32516801171005
5385 0 0 0 41.89787607174367
5386 0 0 0 52.7729990426451
5387 0 0 0 48.647403018549085
5388 0 0 0 48.9534909138456
5389 0 0 0 52.68615309614688
5390 0 0 0 48.08000102639198
5391 0 0 0 48.73126000165939
5392 0 0 0 48.869961057789624
5393 0 0 0 46.81247007101774
5394 0 0 0 50.65566499251872
5395 0 0 0 52.31838801410049
5396 0 0 0 39.12720503285527
5397 0 0 0 50.19351199734956
5398 0 0 0 50.39702693466097
5399 0 0 0 47.55407595075667
5400 0 0 0 44.02730904985219
5401 0 0 0 51.73771409317851
5402 0 0 0 38.98119507357478
5403 0 0 0 51.79640499409288
5404 0 0 0 52.40148410666734
5405 0 0 0 44.30285200942308
5406 0 0 0 46.2124350015074
5407 0 0 0 49.109655898064375
5408 0 0 0 52.52623395062983
5409 0 0 0 48.90566202811897
5410 0 0 0 46.77534499205649
5411 0 0 0 56.662207935005426
5412 0 0 0 40.873473044484854
5413 0 0 0 39.25723605789244
5414 0 0 0 46.1065269773826
5415 0 0 0 46.84210498817265
5416 0 0 0 50.43158994521946
5417 0 0 0 55.66342605743557
5418 0 0 0 46.10194603446871
5419 0 0 0 40.04106507636607
5420 0 0 0 48.21797099430114
5421 0 0 0 49.294002004899085
5422 0 0 0 46.518403105437756
5423 0 0 0 52.15463391505182
5424 0 0 0 46.91031889524311
5425 0 0 0 48.61607204657048
5426 0 0 0 48.691798001527786
5427 0 0 0 53.6292449105531
5428 0 0 0 49.05044997576624
5429 0 0 0 41.289488901384175
5430 0 0 0 45.403150958009064
5431 0 0 0 49.1948570124805
5432 0 0 0 50.13120896182954
5433 0 0 0 48.558771959505975
5434 0 0 0 41.87366692349315
5435 0 0 0 54.04048494528979
5436 0 0 0 42.742451070807874
5437 0 0 0 48.535624984651804
5438 0 0 0 53.29462804365903
5439 0 0 0 48.152847099117935
5440 0 0 0 49.45325094740838
5441 0 0 0 48.95432107150555
5442 0 0 0 56.86206300742924
5443 0 0 0 44.222958968020976
5444 0 0 0 41.21236293576658
5445 0 0 0 51.22938705608249
5446 0 0 0 56.92570295650512
5447 0 0 0 56.64997594431043
5448 0 0 0 50.65342504531145
5449 0 0 0 50.40478392038494
5450 0 0 0 52.74874495808035
5451 0 0 0 43.69862109888345
5452 0 0 0 53.786867996677756
5453 0 0 0 51.12988501787186
5454 0 0 0 52.389945019967854
5455 0 0 0 49.14839402772486
5456 0 0 0 49.034875934012234
5457 0 0 0 41.68244998436421
5458 0 0 0 58.8239929638803
5459 0 0 0 53.44756902195513
5460 0 0 0 59.34766598511487
5461 0 0 0 55.0575980450958
5462 0 0 0 58.11056797392666
5463 0 0 0 56.72994500491768
5464 0 0 0 52.82665498089045
5465 0 0 0 50.84557493682951
5466 0 0 0 54.76404505316168
5467 0 0 0 42.82848909497261
5468 0 0 0 44.31905294768512
5469 0 0 0 52.442156011238694
5470 0 0 0 53.2491949852556
5471 0 0 0 49.29780506063253
5472 0 0 0 54.06889505684376
5473 0 0 0 50.468845991417766
5474 0 0 0 50.955525948666036
5475 0 0 0 53.28029894735664
5476 0 0 0 42.350033996626735
5477 0 0 0 49.51665399130434
5478 0 0 0 52.50239197630435
5479 0 0 0 49.03200804255903
5480 0 0 0 51.14276008680463
5481 0 0 0 52.67368198838085
5482 0 0 0 41.48102202452719
5483 0 0 0 52.52564896363765
5484 0 0 0 46.36262997519225
5485 0 0 0 54.41509501542896
5486 0 0 0 54.911769926548004
5487 0 0 0 52.40801197942346
5488 0 0 0 52.890402963384986
5489 0 0 0 47.719838097691536
5490 0 0 0 40.73271993547678
5491 0 0 0 54.1852560127154
5492 0 0 0 49.89874397870153
5493 0 0 0 54.41011907532811
5494 0 0 0 47.49916703440249
5495 0 0 0 45.43257807381451
5496 0 0 0 52.29983804747462
5497 0 0 0 50.45906896702945
5498 0 0 0 45.339342090301216
5499 0 0 0 46.83995095547289
5500 0 0 0 49.09047903493047
5501 0 0 0 39.20300293248147
5502 0 0 0 43.631663895212114
5503 0 0 0 52.485755062662065
5504 0 0 0 43.855838011950254
5505 0 0 0 50.883400021120906
5506 0 0 0 50.663767964579165
5507 0 0 0 44.74625096190721
5508 0 0 0 41.61431104876101
5509 0 0 0 50.08649895898998
5510 0 0 0 52.688836003653705
5511 0 0 0 48.3420689124614
5512 0 0 0 48.1860360596329
5513 0 0 0 48.34996105637401
5514 0 0 0 49.27247203886509
5515 0 0 0 47.910947003401816
5516 0 0 0 56.50788394268602
5517 0 0 0 44.05765898991376
5518 0 0 0 43.92028402071446
5519 0 0 0 46.267307945527136
5520 0 0 0 53.360050078481436
5521 0 0 0 49.52847305685282
5522 0 0 0 51.366530009545386
5523 0 0 0 52.009694976732135
5524 0 0 0 48.232483910396695
5525 0 0 0 45.32777890563011
5526 0 0 0 49.72405999433249
5527 0 0 0 52.64511692803353
5528 0 0 0 52.01854300685227
5529 0 0 0 54.49394090101123
5530 0 0 0 49.886971013620496
5531 0 0 0 54.7863719984889
5532 0 0 0 47.363070072606206
5533 0 0 0 45.97733705304563
5534 0 0 0 50.08587695192546
5535 0 0 0 43.68100198917091
5536 0 0 0 44.43706094752997
5537 0 0 0 49.06313505489379
5538 0 0 0 49.64158602524549
5539 0 0 0 51.0739020537585
5540 0 0 0 48.78050007391721
5541 0 0 0 48.501843004487455
5542 0 0 0 46.30819906014949
5543 0 0 0 56.12802505493164
5544 0 0 0 50.870129955001175
5545 0 0 0 45.4161319648847
5546 0 0 0 43.63393399398774
5547 0 0 0 50.77917908784002
5548 0 0 0 48.43819804955274
5549 0 0 0 53.71381901204586
5550 0 0 0 45.54561304394156
5551 0 0 0 46.90265899989754
5552 0 0 0 53.72689210344106
5553 0 0 0 52.61580494698137
5554 0 0 0 50.35701591987163
5555 0 0 0 45.0386629672721
5556 0 0 0 53.321312996558845
5557 0 0 0 53.57825290411711
5558 0 0 0 46.907771029509604
5559 0 0 0 49.957875977270305
5560 0 0 0 40.52071203477681
5561 0 0 0 49.70985802356154
5562 0 0 0 51.42017197795212
5563 0 0 0 46.05645907577127
5564 0 0 0 46.5402789413929
5565 0 0 0 55.414748028852046
5566 0 0 0 60.54703495465219
5567 0 0 0 58.413778082467616
5568 0 0 0 54.75983291398734
5569 0 0 0 58.634108980186284
5570 0 0 0 53.59502392821014
5571 0 0 0 50.862079951912165
5572 0 0 0 44.0330010605976
5573 0 0 0 46.609052922576666
5574 0 0 0 49.90754590835422
5575 0 0 0 51.11388803925365
5576 0 0 0 44.790118932724
5577 0 0 0 48.773369984701276
5578 0 0 0 51.16354790516198
5579 0 0 0 44.00272201746702
5580 0 0 0 48.57323004398495
5581 0 0 0 45.82213703542948
5582 0 0 0 43.95893192850053
5583 0 0 0 44.389129034243524
5584 0 0 0 55.452417000196874
5585 0 0 0 44.49077195022255
5586 0 0 0 50.36063399165869
5587 0 0 0 55.33207789994776
5588 0 0 0 49.9271439621225
5589 0 0 0 54.24720502924174
5590 0 0 0 45.31177808530629
5591 0 0 0 51.22873303480446
5592 0 0 0 52.65929491724819
5593 0 0 0 53.117253934033215
5594 0 0 0 54.01503306347877
5595 0 0 0 51.04094999842346
5596 0 0 0 54.920080001465976
5597 0 0 0 42.123616905882955
5598 0 0 0 53.66291501559317
5599 0 0 0 48.71024889871478
5600 0 0 0 51.56889010686427
5601 0 0 0 48.206547973677516
5602 0 0 0 50.542413955554366
5603 0 0 0 48.595215077511966
5604 0 0 0 45.962298987433314
5605 0 0 0 48.79140900447965
5606 0 0 0 49.00792695116252
5607 0 0 0 48.58364106621593
5608 0 0 0 46.55843193177134
5609 0 0 0 43.711509089916945
5610 0 0 0 48.145708977244794
5611 0 0 0 49.39795297104865
5612 0 0 0 40.89602001477033
5613 0 0 0 53.2499379478395
5614 0 0 0 50.94438698142767
5615 0 0 0 48.38841897435486
5616 0 0 0 44.28815294522792
5617 0 0 0 50.84132798947394
5618 0 0 0 53.54332295246422
5619 0 0 0 48.20422094780952
5620 0 0 0 45.4622539691627
5621 0 0 0 46.26695904880762
5622 0 0 0 44.6198700228706
5623 0 0 0 51.20801494922489
5624 0 0 0 55.90477306395769
5625 0 0 0 47.81376605387777
5626 0 0 0 49.86403894145042
5627 0 0 0 54.85866405069828
5628 0 0 0 43.343110010027885
5629 0 0 0 55.531991994939744
5630 0 0 0 54.33793703559786
5631 0 0 0 53.069937974214554
5632 0 0 0 48.36978600360453
5633 0 0 0 45.19850097130984
5634 0 0 0 46.045342925935984
5635 0 0 0 53.8716500159353
5636 0 0 0 53.276763996109366
5637 0 0 0 42.68642608076334
5638 0 0 0 54.179964936338365
5639 0 0 0 50.415480975061655
5640 0 0 0 53.11354203149676
5641 0 0 0 46.93629208486527
5642 0 0 0 51.32671899627894
5643 0 0 0 50.42983195744455
5644 0 0 0 39.003949030302465
5645 0 0 0 48.40784601401538
5646 0 0 0 50.76025298330933
5647 0 0 0 48.63381199538708
5648 0 0 0 40.72415397968143
5649 0 0 0 48.98786498233676
5650 0 0 0 46.13640904426575
5651 0 0 0 48.10850904323161
5652 0 0 0 50.42890494223684
5653 0 0 0 51.301811006851494
5654 0 0 0 52.09415697026998
5655 0 0 0 43.79739798605442
5656 0 0 0 52.63608298264444
5657 0 0 0 46.10973491799086
5658 0 0 0 52.18730098567903
5659 0 0 0 54.42762793973088
5660 0 0 0 39.666753029450774
5661 0 0 0 50.357202999293804
5662 0 0 0 50.264892051927745
5663 0 0 0 48.39760297909379
5664 0 0 0 44.23796804621816
5665 0 0 0 47.17555805109441
5666 0 0 0 51.19407910387963
5667 0 0 0 39.225694024935365
5668 0 0 0 49.49884908273816
5669 0 0 0 42.2927460167557
5670 0 0 0 50.8505420293659
5671 0 0 0 52.83554701600224
5672 0 0 0 47.231714008376
5673 0 0 0 49.47689094115049
5674 0 0 0 51.84139602351934
5675 0 0 0 41.06771596707404
5676 0 0 0 54.14667492732406
5677 0 0 0 46.722202096134424
5678 0 0 0 53.6095229908824
5679 0 0 0 43.69904298800975
5680 0 0 0 53.25550492852926
5681 0 0 0 48.50454593542963
5682 0 0 0 54.340958944521844
5683 0 0 0 50.04964908584952
5684 0 0 0 51.228887983597815
5685 0 0 0 54.193803924135864
5686 0 0 0 49.057645024731755
5687 0 0 0 52.55145498085767
5688 0 0 0 53.23600198607892
5689 0 0 0 48.462767037563026
5690 0 0 0 39.283748948946595
5691 0 0 0 46.002371003851295
5692 0 0 0 52.59142490103841
5693 0 0 0 45.01699295360595
5694 0 0 0 59.359979000873864
5695 0 0 0 55.7896860409528
5696 0 0 0 49.35055796522647
5697 0 0 0 53.43042896129191
5698 0 0 0 53.17916302010417
5699 0 0 0 44.02862093411386
5700 0 0 0 52.354049985297024
5701 0 0 0 52.88991809356958
5702 0 0 0 52.584932069294155
5703 0 0 0 41.51589400134981
5704 0 0 0 48.63136005587876
5705 0 0 0 46.015159925445914
5706 0 0 0 42.191226966679096
5707 0 0 0 44.62145804427564
5708 0 0 0 54.76792901754379
5709 0 0 0 40.73095496278256
5710 0 0 0 53.93946496769786
5711 0 0 0 46.25185998156667
5712 0 0 0 49.34199794661254
5713 0 0 0 48.216774011962116
5714 0 0 0 52.93594906106591
5715 0 0 0 54.10909198690206
5716 0 0 0 52.05336504150182
5717 0 0 0 41.39361099805683
5718 0 0 0 48.44393103849143
5719 0 0 0 39.048154023475945
5720 0 0 0 48.088808078318834
5721 0 0 0 49.00827107485384
5722 0 0 0 52.55687504541129
5723 0 0 0 54.31499797850847
5724 0 0 0 49.289170070551336
5725 0 0 0 46.17502307519317
5726 0 0 0 42.84176300279796
5727 0 0 0 50.755155039951205
5728 0 0 0 57.445391081273556
5729 0 0 0 50.86346995085478
5730 0 0 0 44.77727704215795
5731 0 0 0 39.17454998008907
5732 0 0 0 52.518437965773046
5733 0 0 0 39.20589201152325
5734 0 0 0 50.24602496996522
5735 0 0 0 43.336285976693034
5736 0 0 0 43.66679396480322
5737 0 0 0 50.79906992614269
5738 0 0 0 43.6720879515633
5739 0 0 0 41.547518922016025
5740 0 0 0 49.42281998228282
5741 0 0 0 56.30082997959107
5742 0 0 0 50.75987393502146
5743 0 0 0 48.12295897863805
5744 0 0 0 52.51583794597536
5745 0 0 0 45.49531394150108
5746 0 0 0 57.993939029984176
5747 0 0 0 54.331280989572406
5748 0 0 0 48.362832982093096
5749 0 0 0 48.211175948381424
5750 0 0 0 53.69863100349903
5751 0 0 0 54.49994094669819
5752 0 0 0 50.88531505316496
5753 0 0 0 54.25429390743375
5754 0 0 0 52.60594910942018
5755 0 0 0 48.10264706611633
5756 0 0 0 44.42404105793685
5757 0 0 0 51.10292893368751
5758 0 0 0 52.074346924200654
5759 0 0 0 39.34209793806076
5760 0 0 0 48.738828976638615
5761 0 0 0 48.06108504999429
5762 0 0 0 45.21924105938524
5763 0 0 0 54.77996089030057
5764 0 0 0 45.92583293560892
5765 0 0 0 52.89752804674208
5766 0 0 0 39.29340303875506
5767 0 0 0 50.44963792897761
5768 0 0 0 48.329583019949496
5769 0 0 0 46.84677894692868
5770 0 0 0 54.345309967175126
5771 0 0 0 50.45575101394206
5772 0 0 0 50.65897002350539
5773 0 0 0 48.77094202674925
5774 0 0 0 54.32121304329485
5775 0 0 0 55.33547792583704
5776 0 0 0 48.84659103117883
5777 0 0 0 50.41972303297371
5778 0 0 0 50.978019018657506
5779 0 0 0 48.45719807781279
5780 0 0 0 48.79285697825253
5781 0 0 0 52.53357102628797
5782 0 0 0 51.36573198251426
5783 0 0 0 43.832759954966605
5784 0 0 0 48.428772017359734
5785 0 0 0 48.47906099166721
5786 0 0 0 47.608672990463674
5787 0 0 0 47.60864202398807
5788 0 0 0 54.75161492358893
5789 0 0 0 40.448780986480415
5790 0 0 0 44.85512408427894
5791 0 0 0 47.251141048036516
5792 0 0 0 56.46837502717972
5793 0 0 0 51.167875062674284
5794 0 0 0 49.356123083271086
5795 0 0 0 52.86438704933971
5796 0 0 0 52.840499905869365
5797 0 0 0 51.08762509189546
5798 0 0 0 56.1018530279398
5799 0 0 0 48.02606499288231
5800 0 0 0 45.77916592825204
5801 0 0 0 51.266715046949685
5802 0 0 0 52.698925021104515
5803 0 0 0 53.86472202371806
5804 0 0 0 54.66223508119583
5805 0 0 0 47.66729299444705
5806 0 0 0 50.124199013225734
5807 0 0 0 52.33176110778004
5808 0 0 0 55.58965296950191
5809 0 0 0 55.932206101715565
5810 0 0 0 52.66282299999148
5811 0 0 0 39.82145292684436
5812 0 0 0 39.79705704841763
5813 0 0 0 44.374431017786264
5814 0 0 0 39.34875293634832
5815 0 0 0 52.040708949789405
5816 0 0 0 53.85075090453029
5817 0 0 0 50.2004319569096
5818 0 0 0 51.0184729937464
5819 0 0 0 54.98650996014476
5820 0 0 0 52.11893701925874
5821 0 0 0 54.52739505562931
5822 0 0 0 47.620322089642286
5823 0 0 0 50.848325015977025
5824 0 0 0 52.92148096486926
5825 0 0 0 50.42858805973083
5826 0 0 0 55.81253708805889
5827 0 0 0 51.13652197178453
5828 0 0 0 52.80066200066358
5829 0 0 0 48.21132402867079
5830 0 0 0 50.06824305746704
5831 0 0 0 52.23039002157748
5832 0 0 0 49.93967502377927
5833 0 0 0 43.83056808728725
5834 0 0 0 48.30502008553594
5835 0 0 0 48.27491205651313
5836 0 0 0 52.38785594701767
5837 0 0 0 53.35337400902063
5838 0 0 0 51.21558497194201
5839 0 0 0 45.59770098421723
5840 0 0 0 54.4726230436936
5841 0 0 0 48.35201695095748
5842 0 0 0 44.878941029310226
5843 0 0 0 54.237803095020354
5844 0 0 0 48.849371960386634
5845 0 0 0 53.24732500594109
5846 0 0 0 46.24868498649448
5847 0 0 0 48.456737073138356
5848 0 0 0 41.394356987439096
5849 0 0 0 50.87157210800797
5850 0 0 0 41.2322620395571
5851 0 0 0 50.27239699847996
5852 0 0 0 48.24649402871728
5853 0 0 0 45.76938902027905
5854 0 0 0 52.84809193108231
5855 0 0 0 46.85475293081254
5856 0 0 0 48.15693001728505
5857 0 0 0 52.58763302117586
5858 0 0 0 43.52502408437431
5859 0 0 0 52.57070192601532
5860 0 0 0 53.01795806735754
5861 0 0 0 44.70298299565911
5862 0 0 0 49.30803505703807
5863 0 0 0 52.74807696696371
5864 0 0 0 46.17830505594611
5865 0 0 0 48.673244076780975
5866 0 0 0 57.50607303343713
5867 0 0 0 50.939910928718746
5868 0 0 0 42.183930054306984
5869 0 0 0 41.745258029550314
5870 0 0 0 39.25169794820249
5871 0 0 0 48.185904044657946
5872 0 0 0 42.103803949430585
5873 0 0 0 52.68932995386422
5874 0 0 0 50.30938098207116
5875 0 0 0 47.687057056464255
5876 0 0 0 50.2508319914341
5877 0 0 0 28.198445099405944
5878 0 0 0 33.729434944689274
5879 0 0 0 37.41031198296696
5880 0 0 0 38.940898957662284
5881 0 0 0 38.519707042723894
5882 0 0 0 30.659056967124343
5883 0 0 0 34.7558279754594
5884 0 0 0 26.47734002675861
5885 0 0 0 34.46430305484682
5886 0 0 0 27.98420493490994
5887 0 0 0 28.393269050866365
5888 0 0 0 34.74867297336459
5889 0 0 0 40.18294590059668
5890 0 0 0 32.309112953953445
5891 0 0 0 23.94463203381747
5892 0 0 0 34.46951904334128
5893 0 0 0 25.950834969989955
5894 0 0 0 30.152314924634993
5895 0 0 0 36.896646954119205
5896 0 0 0 37.66648902092129
5897 0 0 0 34.046021988615394
5898 0 0 0 36.3444450777024
5899 0 0 0 26.966118020936847
5900 0 0 0 37.046635057777166
5901 0 0 0 32.245795940980315
5902 0 0 0 24.315826944075525
5903 0 0 0 27.888095006346703
5904 0 0 0 36.80900007020682
5905 0 0 0 40.26835004333407
5906 0 0 0 33.330541918985546
5907 0 0 0 29.074089019559324
5908 0 0 0 35.042213974520564
5909 0 0 0 39.92275893688202
5910 0 0 0 36.876261001452804
5911 0 0 0 30.051922076381743
5912 0 0 0 34.5396880293265
5913 0 0 0 32.87768200971186
5914 0 0 0 38.94131490960717
5915 0 0 0 35.150398034602404
5916 0 0 0 38.608709000982344
5917 0 0 0 31.371057964861393
5918 0 0 0 35.058701992966235
5919 0 0 0 32.94993005692959
5920 0 0 0 31.31327999290079
5921 0 0 0 38.72973204124719
5922 0 0 0 39.7691170219332
5923 0 0 0 34.23760202713311
5924 0 0 0 37.78938192408532
5925 0 0 0 30.688970000483096
5926 0 0 0 32.2514739818871
5927 0 0 0 34.49386602733284
5928 0 0 0 34.43334507755935
5929 0 0 0 26.318825082853436
5930 0 0 0 34.875116078183055
5931 0 0 0 34.05901195947081
5932 0 0 0 25.289757060818374
5933 0 0 0 34.53756496310234
5934 0 0 0 37.05265698954463
5935 0 0 0 24.30308295879513
5936 0 0 0 30.53101699333638
5937 0 0 0 32.90879295673221
5938 0 0 0 32.28351892903447
5939 0 0 0 35.308985970914364
5940 0 0 0 36.02338198106736
5941 0 0 0 34.663312952034175
5942 0 0 0 32.287970068864524
5943 0 0 0 33.54020998813212
5944 0 0 0 31.22225997503847
5945 0 0 0 27.170727960765362
5946 0 0 0 38.28799701295793
5947 0 0 0 37.917286972515285
5948 0 0 0 37.98534907400608
5949 0 0 0 34.33952701743692
5950 0 0 0 36.88598598819226
5951 0 0 0 30.330196022987366
5952 0 0 0 32.30971493758261
5953 0 0 0 36.975614028051496
5954 0 0 0 30.091010965406895
5955 0 0 0 24.42197105847299
5956 0 0 0 35.86374991573393
5957 0 0 0 27.330685988999903
5958 0 0 0 24.923708057031035
5959 0 0 0 26.494631078094244
5960 0 0 0 37.69520903006196
5961 0 0 0 28.936874005012214
5962 0 0 0 34.48873199522495
5963 0 0 0 38.94191398285329
5964 0 0 0 37.927548051811755
5965 0 0 0 31.922105932608247
5966 0 0 0 37.598216091282666
5967 0 0 0 36.20527300518006
5968 0 0 0 35.014888970181346
5969 0 0 0 40.67494801711291
5970 0 0 0 25.25549801066518
5971 0 0 0 29.135684948414564
5972 0 0 0 24.985730997286737
5973 0 0 0 39.72703800536692
5974 0 0 0 39.66141492128372
5975 0 0 0 38.39744592551142
5976 0 0 0 38.26964902691543
5977 0 0 0 36.357569973915815
5978 0 0 0 27.234548004344106
5979 0 0 0 29.295183951035142
5980 0 0 0 31.032652012072504
5981 0 0 0 36.50080296210945
5982 0 0 0 33.11687207315117
5983 0 0 0 36.06307099107653
5984 0 0 0 32.648858963511884
5985 0 0 0 36.69681993778795
5986 0 0 0 34.40805396530777
5987 0 0 0 26.057344977743924
5988 0 0 0 23.648257949389517
5989 0 0 0 37.059594062156975
5990 0 0 0 35.206933971494436
5991 0 0 0 30.43103707022965
5992 0 0 0 33.82222098298371
5993 0 0 0 32.749284990131855
5994 0 0 0 34.483703901059926
5995 0 0 0 36.91572998650372
5996 0 0 0 34.81112199369818
5997 0 0 0 27.917790925130248
5998 0 0 0 34.749328973703086
5999 0 0 0 37.444883957505226
6000 0 0 0 29.720948077738285
6001 0 0 0 35.134656005539
6002 0 0 0 37.48623898718506
6003 0 0 0 34.29790597874671
6004 0 0 0 31.05824696831405
6005 0 0 0 32.220549997873604
6006 0 0 0 32.34181902371347
6007 0 0 0 32.15629793703556
6008 0 0 0 29.493630048818886
6009 0 0 0 25.58632893487811
6010 0 0 0 35.82361794542521
6011 0 0 0 32.99884090665728
6012 0 0 0 30.603189021348953
6013 0 0 0 24.489128030836582
6014 0 0 0 34.2887369915843
6015 0 0 0 28.392111998982728
6016 0 0 0 38.843571092002094
6017 0 0 0 31.94779495242983
6018 0 0 0 35.684088012203574
6019 0 0 0 32.2492909617722
6020 0 0 0 33.14793505705893
6021 0 0 0 35.1318740285933
6022 0 0 0 30.61516396701336
6023 0 0 0 32.36082207877189
6024 0 0 0 32.65302302315831
6025 0 0 0 34.198913956061006
6026 0 0 0 43.6664359876886
6027 1 1344861 0.7380952 39.25806493498385
6028 0 0 0 31.568898004479706
6029 0 0 0 40.94316205009818
6030 0 0 0 34.64528394397348
6031 0 0 0 40.60564597602934
6032 0 0 0 39.89143797662109
6033 0 0 0 44.632224016822875
6034 0 0 0 35.12393601704389
6035 0 0 0 37.35894802957773
6036 0 0 0 34.45729601662606
6037 0 0 0 38.364716921932995
6038 0 0 0 39.336476009339094
6039 0 0 0 42.24685102235526
6040 0 0 0 42.86407900508493
6041 0 0 0 41.376105044037104
6042 0 0 0 32.82344399485737
6043 0 0 0 37.10526309441775
6044 0 0 0 28.126777964644134
6045 0 0 0 36.76661499775946
6046 0 0 0 32.360499957576394
6047 0 0 0 31.086278962902725
6048 0 0 0 27.528723934665322
6049 0 0 0 25.335357058793306
6050 0 0 0 32.55318198353052
6051 0 0 0 32.2772900108248
6052 0 0 0 37.4278340023011
6053 0 0 0 36.61048400681466
6054 0 0 0 28.074376983568072
6055 0 0 0 34.63163098786026
6056 0 0 0 35.680272965691984
6057 0 0 0 34.39779405016452
6058 0 0 0 25.42295097373426
6059 0 0 0 30.142951989546418
6060 0 0 0 32.34016604255885
6061 0 0 0 32.252890057861805
6062 0 0 0 32.25498099345714
6063 0 0 0 32.72178000770509
6064 0 0 0 37.6532789086923
6065 0 0 0 41.04440798982978
6066 0 0 0 36.60742798820138
6067 0 0 0 24.456252926029265
6068 0 0 0 30.557603924535215
6069 0 0 0 30.042054946534336
6070 0 0 0 32.29323890991509
6071 0 0 0 30.51180101465434
6072 0 0 0 34.48620694689453
6073 0 0 0 38.56706107035279
6074 0 0 0 34.89232296124101
6075 0 0 0 29.947682982310653
6076 0 0 0 37.123415037058294
6077 0 0 0 33.06647704448551
6078 0 0 0 30.175174004398286
6079 0 0 0 36.924201995134354
6080 0 0 0 34.65973900165409
6081 0 0 0 24.06202896963805
6082 0 0 0 34.53054605051875
6083 0 0 0 36.43180406652391
6084 0 0 0 36.874725949019194
6085 0 0 0 28.998094028793275
6086 0 0 0 37.62489196378738
6087 0 0 0 28.489266987890005
6088 0 0 0 31.345446943305433
6089 0 0 0 29.571773950010538
6090 0 0 0 35.854122950695455
6091 0 0 0 35.275054979138076
6092 0 0 0 29.729367000982165
6093 0 0 0 33.1280049867928
6094 0 0 0 32.671310007572174
6095 0 0 0 28.803742956370115
6096 0 0 0 28.478465974330902
6097 0 0 0 34.81340501457453
6098 0 0 0 32.41477091796696
6099 0 0 0 37.32085507363081
6100 0 0 0 30.36408801563084
6101 0 0 0 37.27755998261273
6102 0 0 0 26.48942801170051
6103 0 0 0 30.937533942051232
6104 0 0 0 28.76189595554024
6105 0 0 0 26.247419067658484
6106 0 0 0 36.674784030765295
6107 0 0 0 38.5738859185949
6108 0 0 0 38.98213303182274
6109 0 0 0 37.246020045131445
6110 0 0 0 25.87016101460904
6111 0 0 0 37.68344095442444
6112 0 0 0 28.611849062144756
6113 0 0 0 37.251363042742014
6114 0 0 0 26.10154601279646
6115 0 0 0 28.08922401163727
6116 1 1232687 0.7037037 34.51554605271667
6117 0 0 0 28.376234928146005
6118 0 0 0 34.795939922332764
6119 0 0 0 38.100893958471715
6120 0 0 0 30.858711921609938
6121 0 0 0 32.62195398565382
6122 1 1375876 0.7294118 32.09206403698772
6123 0 0 0 32.46259700972587
6124 0 0 0 34.8864879924804
6125 0 0 0 34.29318591952324
6126 0 0 0 40.150951012037694
6127 0 0 0 39.072343963198364
6128 0 0 0 35.287033999338746
6129 0 0 0 35.28574202209711
6130 0 0 0 32.83473802730441
6131 0 0 0 33.28241501003504
6132 0 0 0 29.330629971809685
6133 0 0 0 37.99787606112659
6134 0 0 0 29.707572073675692
6135 0 0 0 34.03075598180294
6136 0 0 0 38.498081965371966
6137 0 0 0 28.841170947998762
6138 0 0 0 28.777436004020274
6139 0 0 0 38.139116019010544
6140 0 0 0 38.87555096298456
6141 0 0 0 32.94250008184463
6142 0 0 0 36.58356692176312
6143 0 0 0 32.639179029501975
6144 0 0 0 36.98604798410088
6145 0 0 0 28.581536025740206
6146 0 0 0 34.90426193457097
6147 0 0 0 36.71239397954196
6148 0 0 0 28.705792035907507
6149 0 0 0 39.21706706751138
6150 0 0 0 34.42029596772045
6151 0 0 0 38.62056497018784
6152 0 0 0 30.670101987197995
6153 0 0 0 36.86908807139844
6154 0 0 0 32.371766050346196
6155 0 0 0 34.75131606683135
6156 0 0 0 36.08973592054099
6157 0 0 0 27.84739003982395
6158 0 0 0 32.31734503060579
6159 0 0 0 30.9161419281736
6160 0 0 0 32.51563501544297
6161 0 0 0 34.26254098303616
6162 0 0 0 29.558570007793605
6163 0 0 0 35.85579490754753
6164 0 0 0 33.48449291661382
6165 0 0 0 25.265025906264782
6166 0 0 0 25.273050065152347
6167 0 0 0 33.495638985186815
6168 0 0 0 35.530235967598855
6169 0 0 0 33.257793984375894
6170 0 0 0 36.67948197107762
6171 0 0 0 34.338744007982314
6172 0 0 0 37.76237601414323
6173 0 0 0 30.268529895693064
6174 0 0 0 28.12543499749154
6175 0 0 0 34.632383030839264
6176 0 0 0 37.56109392270446
6177 0 0 0 37.39971306640655
6178 0 0 0 38.8578160200268
6179 0 0 0 33.887724042870104
6180 0 0 0 29.17507302481681
6181 0 0 0 38.79445407073945
6182 0 0 0 34.08164100255817
6183 0 0 0 35.381146939471364
6184 0 0 0 33.913045073859394
6185 0 0 0 34.07178004272282
6186 0 0 0 35.43062403332442
6187 0 0 0 33.591425977647305
6188 0 0 0 28.59634510241449
6189 0 0 0 30.460507958196104
6190 0 0 0 30.27756803203374
6191 0 0 0 34.605931024998426
6192 0 0 0 36.92586801480502
6193 0 0 0 26.872680988162756
6194 0 0 0 39.27532699890435
6195 0 0 0 32.01280802022666
6196 0 0 0 33.42540992889553
6197 0 0 0 32.19002694822848
6198 0 0 0 34.46980903390795
6199 0 0 0 32.637175056152046
6200 0 0 0 32.21615601796657
6201 0 0 0 30.16878094058484
6202 0 0 0 34.861041931435466
6203 0 0 0 36.64479998406023
6204 0 0 0 34.20484799426049
6205 0 0 0 24.156557046808302
6206 0 0 0 32.26489597000182
6207 0 0 0 28.309322078712285
6208 0 0 0 28.107438934966922
6209 0 0 0 28.085344936698675
6210 0 0 0 36.71807295177132
6211 0 0 0 38.053146097809076
6212 0 0 0 35.31995799858123
6213 0 0 0 35.84324102848768
6214 0 0 0 34.50607799459249
6215 0 0 0 34.489743993617594
6216 0 0 0 34.52156390994787
6217 0 0 0 37.55720495246351
6218 0 0 0 28.172440943308175
6219 0 0 0 39.907751022838056
6220 0 0 0 36.70523606706411
6221 0 0 0 35.81110306549817
6222 0 0 0 28.12912198714912
6223 0 0 0 34.55902310088277
6224 0 0 0 36.79743595421314
6225 0 0 0 28.313172049820423
6226 0 0 0 27.99943508580327
6227 0 0 0 28.032085043378174
6228 0 0 0 37.04908397048712
6229 0 0 0 34.20259500853717
6230 0 0 0 34.69574300106615
6231 0 0 0 36.61244991235435
6232 0 0 0 32.79688092879951
6233 0 0 0 36.80542006623
6234 0 0 0 34.43507803604007
6235 0 0 0 36.676435032859445
6236 0 0 0 38.981728022918105
6237 0 0 0 29.55602400470525
6238 0 0 0 29.301740927621722
6239 0 0 0 37.207216024398804
6240 0 0 0 32.33702294528484
6241 0 0 0 34.57658505067229
6242 0 0 0 34.47206597775221
6243 0 0 0 24.07717693131417
6244 0 0 0 24.422669084742665
6245 0 0 0 37.31580905150622
6246 0 0 0 34.56513106357306
6247 0 0 0 29.882095055654645
6248 0 0 0 28.063333011232316
6249 0 0 0 34.42552895285189
6250 0 0 0 36.68932802975178
6251 0 0 0 36.94735502358526
6252 0 0 0 29.99950002413243
6253 0 0 0 34.95983604807407
6254 0 0 0 32.58605394512415
6255 0 0 0 39.11897400394082
6256 0 0 0 33.896179986186326
6257 0 0 0 32.830338925123215
6258 0 0 0 37.64438396319747
6259 0 0 0 33.28456403687596
6260 0 0 0 25.444593047723174
6261 0 0 0 30.08151799440384
6262 0 0 0 31.19514195714146
6263 0 0 0 40.78121099155396
6264 0 0 0 37.67105296719819
6265 0 0 0 32.31324604712427
6266 0 0 0 24.32609093375504
6267 0 0 0 32.47591794934124
6268 0 0 0 34.59813597146422
6269 0 0 0 36.68860194738954
6270 0 0 0 39.47019297629595
6271 0 0 0 29.658872983418405
6272 0 0 0 38.247104967013
6273 0 0 0 31.242622062563896
6274 0 0 0 33.838389092125
6275 0 0 0 29.087690985761583
6276 0 0 0 35.79070698469877
6277 0 0 0 29.01961305178702
6278 0 0 0 25.15594696160406
6279 0 0 0 39.065812015905976
6280 0 0 0 33.42591493856162
6281 0 0 0 32.32110501267016
6282 0 0 0 37.038865964859724
6283 0 0 0 30.696457950398326
6284 0 0 0 36.70678101480007
6285 0 0 0 36.9861270301044
6286 0 0 0 34.626557026058435
6287 0 0 0 37.34350495506078
6288 0 0 0 36.93088504951447
6289 0 0 0 34.10547599196434
6290 0 0 0 28.387119062244892
6291 0 0 0 24.11881508305669
6292 0 0 0 36.0552059719339
6293 0 0 0 28.52308307774365
6294 0 0 0 33.05629303213209
6295 0 0 0 37.627161014825106
6296 0 0 0 30.349793029017746
6297 0 0 0 36.612889962270856
6298 0 0 0 37.00653207488358
6299 0 0 0 37.206373061053455
6300 0 0 0 26.002509985119104
6301 0 0 0 33.31877896562219
6302 0 0 0 36.652360926382244
6303 0 0 0 36.586915026418865
6304 0 0 0 38.23238692712039
6305 0 0 0 35.83768801763654
6306 0 0 0 30.665909056551754
6307 0 0 0 25.259443907998502
6308 0 0 0 36.169577040709555
6309 0 0 0 36.47096804343164
6310 0 0 0 33.99110003374517
6311 0 0 0 35.61652800999582
6312 0 0 0 38.42021292075515
6313 0 0 0 35.0234160432592
6314 0 0 0 34.52811005990952
6315 0 0 0 36.34372598025948
6316 0 0 0 32.57920499891043
6317 0 0 0 32.061454956419766
6318 1 1332786 0.70652175 28.224066947586834
6319 0 0 0 24.146057898178697
6320 0 0 0 38.67590497247875
6321 0 0 0 34.04331102501601
6322 0 0 0 33.48007099702954
6323 0 0 0 37.06262807827443
6324 0 0 0 32.193336985073984
6325 0 0 0 32.79621805995703
6326 0 0 0 34.49892404023558
6327 0 0 0 32.19759208150208
6328 0 0 0 33.07552100159228
6329 0 0 0 37.113414029590786
6330 0 0 0 37.1357660042122
6331 0 0 0 34.122790093533695
6332 0 0 0 26.470971992239356
6333 0 0 0 37.54874202422798
6334 0 0 0 28.361413977108896
6335 0 0 0 36.12873109523207
6336 0 0 0 36.83996701147407
6337 0 0 0 26.082518976181746
6338 0 0 0 35.28500301763415
6339 0 0 0 31.784972990863025
6340 0 0 0 25.517713045701385
6341 0 0 0 29.327964992262423
6342 1 1332786 0.75555557 29.07653502188623
6343 0 0 0 38.59949798788875
6344 0 0 0 38.31627999898046
6345 0 0 0 36.38502606190741
6346 0 0 0 38.76288002356887
6347 0 0 0 38.093694020062685
6348 0 0 0 35.861213924363256
6349 0 0 0 32.20563905779272
6350 0 0 0 36.916211945936084
6351 0 0 0 36.75377101171762
6352 0 0 0 34.4897760078311
6353 0 0 0 34.7596030915156
6354 0 0 0 32.56591304671019
6355 0 0 0 41.21301707345992
6356 0 0 0 30.323556973598897
6357 0 0 0 35.60054500121623
6358 0 0 0 37.13057597633451
6359 0 0 0 32.58284996263683
6360 0 0 0 27.188057894818485
6361 0 0 0 32.79983706306666
6362 0 0 0 31.634066021069884
6363 0 0 0 37.53478394355625
6364 0 0 0 31.793983071111143
6365 0 0 0 34.15987303014845
6366 0 0 0 32.73471794091165
6367 0 0 0 24.013950023800135
6368 0 0 0 34.387251012958586
6369 0 0 0 28.05044106207788
6370 0 0 0 34.68247503042221
6371 0 0 0 32.6538470108062
6372 0 0 0 35.85099510382861
6373 0 0 0 29.613394057378173
6374 0 0 0 36.48953000083566
6375 0 0 0 24.18072207365185
6376 0 0 0 39.05566199682653
6377 0 0 0 17.353442031890154
6378 0 0 0 22.589765023440123
6379 0 0 0 22.28273102082312
6380 0 0 0 16.279723029583693
6381 0 0 0 20.530739100649953
6382 0 0 0 23.351259995251894
6383 0 0 0 23.553561070002615
6384 0 0 0 22.88266399409622
6385 0 0 0 23.18120200652629
6386 0 0 0 23.3944229548797
6387 0 0 0 19.308594055473804
6388 0 0 0 22.174344980157912
6389 0 0 0 17.33208098448813
6390 0 0 0 18.850381951779127
6391 0 0 0 13.455591048114002
6392 0 0 0 20.60659194830805
6393 0 0 0 20.55430901236832
6394 0 0 0 22.14389992877841
6395 0 0 0 18.775271018967032
6396 0 0 0 16.182978986762464
6397 0 0 0 23.70403299573809
6398 0 0 0 24.580652941949666
6399 0 0 0 24.060297990217805
6400 0 0 0 21.309535019099712
6401 0 0 0 19.534931983798742
6402 0 0 0 17.429644940420985
6403 0 0 0 22.266332991421223
6404 0 0 0 20.052768988534808
6405 0 0 0 19.084214000031352
6406 0 0 0 22.691024001687765
6407 0 0 0 18.842951045371592
6408 0 0 0 22.67174096778035
6409 0 0 0 20.626518060453236
6410 0 0 0 19.14925593882799
6411 0 0 0 25.038006016984582
6412 0 0 0 24.091570056043565
6413 0 0 0 21.658779005520046
6414 0 0 0 21.662674960680306
6415 0 0 0 19.321487983688712
6416 0 0 0 20.914776949211955
6417 0 0 0 22.678046952933073
6418 0 0 0 15.9442990552634
6419 0 0 0 17.492662998847663
6420 0 0 0 20.550452987663448
6421 0 0 0 17.469155020080507
6422 0 0 0 20.54802095517516
6423 0 0 0 22.277607931755483
6424 0 0 0 18.947698059491813
6425 0 0 0 24.877428077161312
6426 0 0 0 22.1616750350222
6427 0 0 0 23.70784804224968
6428 0 0 0 22.99385203514248
6429 0 0 0 19.67941806651652
6430 0 0 0 19.267539028078318
6431 0 0 0 20.57924505788833
6432 0 0 0 20.439733052626252
6433 0 0 0 20.984880975447595
6434 0 0 0 17.79044803697616
6435 0 0 0 20.477426005527377
6436 0 0 0 18.85668095201254
6437 0 0 0 18.978225998580456
6438 0 0 0 16.12570695579052
6439 0 0 0 24.150283075869083
6440 0 0 0 14.472362934611738
6441 0 0 0 21.727492101490498
6442 0 0 0 19.948915927670896
6443 0 0 0 23.232612060382962
6444 0 0 0 23.100735037587583
6445 0 0 0 21.310162032023072
6446 0 0 0 19.664827967062593
6447 0 0 0 21.24351600650698
6448 0 0 0 23.060598992742598
6449 0 0 0 15.164696960709989
6450 0 0 0 19.4367099320516
6451 0 0 0 19.629998016171157
6452 0 0 0 22.576129995286465
6453 0 0 0 22.38559501711279
6454 0 0 0 16.68314798735082
6455 0 0 0 18.281338969245553
6456 0 0 0 23.720983997918665
6457 0 0 0 22.812027018517256
6458 0 0 0 20.928228041157126
6459 0 0 0 22.857784992083907
6460 0 0 0 19.200921058654785
6461 0 0 0 16.393629019148648
6462 0 0 0 19.183197058737278
6463 0 0 0 21.407710039056838
6464 0 0 0 17.714862013235688
6465 0 0 0 18.069955985993147
6466 0 0 0 20.09072108194232
6467 0 0 0 25.10984893888235
6468 0 0 0 14.789946028031409
6469 0 0 0 20.300845964811742
6470 0 0 0 14.268981060013175
6471 0 0 0 21.716700051911175
6472 0 0 0 22.67769689206034
6473 0 0 0 22.77061203494668
6474 0 0 0 19.292057026177645
6475 0 0 0 20.914416993036866
6476 0 0 0 15.968734049238265
6477 0 0 0 22.280346951447427
6478 0 0 0 22.29839190840721
6479 0 0 0 16.01749495603144
6480 0 0 0 22.53043302334845
6481 0 0 0 23.449857020750642
6482 0 0 0 22.599017014726996
6483 0 0 0 19.97567107900977
6484 0 0 0 16.8432550271973
6485 0 0 0 16.857221955433488
6486 0 0 0 22.657778928987682
6487 0 0 0 20.489275106228888
6488 0 0 0 15.92441601678729
6489 0 0 0 23.492131964303553
6490 0 0 0 18.964665941894054
6491 0 0 0 23.946819943375885
6492 0 0 0 16.64095197338611
6493 0 0 0 15.078966040164232
6494 0 0 0 19.24235897604376
6495 0 0 0 13.980061979964375
6496 0 0 0 22.712442092597485
6497 0 0 0 20.54938394576311
6498 0 0 0 20.058608963154256
6499 0 0 0 23.132403031922877
6500 0 0 0 18.08632502797991
6501 0 0 0 23.22420896962285
6502 0 0 0 19.934199983254075
6503 0 0 0 23.311525932513177
6504 0 0 0 21.356194047257304
6505 0 0 0 19.72754707094282
6506 0 0 0 23.277768050320446
6507 0 0 0 18.05694994982332
6508 0 0 0 19.718689960427582
6509 0 0 0 20.8110410021618
6510 0 0 0 23.923613014630973
6511 0 0 0 23.159384028986096
6512 0 0 0 19.539877073839307
6513 0 0 0 21.129535045474768
6514 0 0 0 14.727342058904469
6515 0 0 0 19.09750804770738
6516 0 0 0 16.842248965986073
6517 0 0 0 13.914517010562122
6518 0 0 0 13.717166963033378
6519 0 0 0 20.52154205739498
6520 0 0 0 20.541742094792426
6521 0 0 0 18.864255980588496
6522 0 0 0 22.234244970604777
6523 0 0 0 20.984315080568194
6524 0 0 0 23.4037620248273
6525 0 0 0 22.51864701975137
6526 0 0 0 18.21200200356543
6527 0 0 0 18.06669495999813
6528 0 0 0 18.097060034051538
6529 0 0 0 19.659954006783664
6530 0 0 0 20.536819007247686
6531 0 0 0 22.26003003306687
6532 0 0 0 19.91073798853904
6533 0 0 0 17.770658945664763
6534 0 0 0 23.150919005274773
6535 0 0 0 22.29336800519377
6536 0 0 0 16.87332591973245
6537 0 0 0 19.90385097451508
6538 0 0 0 21.165015059523284
6539 0 0 0 21.280191955156624
6540 0 0 0 16.990503994747996
6541 0 0 0 23.590982891619205
6542 0 0 0 16.384711023420095
6543 0 0 0 19.676617928780615
6544 0 0 0 19.315887009724975
6545 0 0 0 16.239369055256248
6546 0 0 0 18.03526992443949
6547 0 0 0 25.11406608391553
6548 0 0 0 19.952986971475184
6549 0 0 0 18.45941599458456
6550 0 0 0 17.97298400197178
6551 0 0 0 17.6890860311687
6552 0 0 0 20.930130034685135
6553 0 0 0 21.454232977703214
6554 0 0 0 17.647492000833154
6555 1 1344211 0.7777778 23.808466969057918
6556 0 0 0 19.996116985566914
6557 0 0 0 19.32008401490748
6558 0 0 0 16.06080390047282
6559 0 0 0 21.81566704530269
6560 0 0 0 20.74277901556343
6561 0 0 0 21.034613018855453
6562 0 0 0 22.25042099598795
6563 0 0 0 16.010873019695282
6564 0 0 0 20.882737007923424
6565 0 0 0 21.7850839253515
6566 0 0 0 20.07815893739462
6567 0 0 0 15.517084975726902
6568 0 0 0 18.533154972828925
6569 0 0 0 19.925505039282143
6570 0 0 0 18.826761981472373
6571 0 0 0 19.071443006396294
6572 0 0 0 15.93519002199173
6573 0 0 0 22.228515008464456
6574 0 0 0 22.47373596765101
6575 0 0 0 15.857140999287367
6576 0 0 0 20.737024024128914
6577 0 0 0 22.182585089467466
6578 0 0 0 15.938435099087656
6579 0 0 0 20.646084914915264
6580 0 0 0 16.17615995928645
6581 0 0 0 19.535382045432925
6582 0 0 0 19.540973007678986
6583 0 0 0 19.436415983363986
6584 0 0 0 19.99888999853283
6585 0 0 0 18.497460056096315
6586 0 0 0 22.676754044368863
6587 0 0 0 22.81841600779444
6588 0 0 0 22.16496889013797
6589 0 0 0 20.508400979451835
6590 0 0 0 19.85663000959903
6591 0 0 0 15.940772951580584
6592 0 0 0 22.359545924700797
6593 0 0 0 20.440084976144135
6594 0 0 0 20.487313042394817
6595 0 0 0 24.305495084263384
6596 0 0 0 20.2846770407632
6597 0 0 0 20.85216692648828
6598 0 0 0 20.10326203890145
6599 0 0 0 18.563397927209735
6600 0 0 0 21.125128027051687
6601 0 0 0 19.738885923288763
6602 0 0 0 22.21302699763328
6603 0 0 0 20.598298986442387
6604 0 0 0 16.21781603898853
6605 0 0 0 20.704631926491857
6606 0 0 0 20.688212011009455
6607 0 0 0 25.737478979863226
6608 0 0 0 21.722360979765654
6609 0 0 0 21.816632011905313
6610 0 0 0 25.092563941143453
6611 0 0 0 19.64154909364879
6612 0 0 0 18.423178931698203
6613 0 0 0 20.503189996816218
6614 0 0 0 20.69189609028399
6615 0 0 0 24.373059044592083
6616 0 0 0 24.295684066601098
6617 0 0 0 22.587253944948316
6618 0 0 0 20.14424407389015
6619 0 0 0 19.201741903088987
6620 0 0 0 22.508464055135846
6621 0 0 0 23.183626006357372
6622 0 0 0 19.79395200032741
6623 0 0 0 22.823289036750793
6624 0 0 0 23.92353001050651
6625 0 0 0 24.471636046655476
6626 0 0 0 18.111457000486553
6627 0 0 0 13.467594049870968
6628 0 0 0 22.121191956102848
6629 0 0 0 19.615005934610963
6630 0 0 0 20.57364897336811
6631 0 0 0 20.42382990475744
6632 0 0 0 20.944840973243117
6633 0 0 0 22.214608965441585
6634 0 0 0 16.036486951634288
6635 0 0 0 20.76755603775382
6636 0 0 0 22.69269502721727
6637 0 0 0 22.483007982373238
6638 0 0 0 23.77113199327141
6639 0 0 0 23.658726015128195
6640 0 0 0 20.063096075318754
6641 0 0 0 18.95237492863089
6642 0 0 0 18.87512404937297
6643 0 0 0 22.320320014841855
6644 0 0 0 18.9928209874779
6645 0 0 0 18.951728008687496
6646 0 0 0 16.05003303848207
6647 0 0 0 22.322520962916315
6648 0 0 0 18.765836022794247
6649 0 0 0 17.3377440078184
6650 0 0 0 19.16364103090018
6651 0 0 0 24.717234075069427
6652 0 0 0 20.083279930986464
6653 0 0 0 23.070954019203782
6654 0 0 0 21.47045300807804
6655 0 0 0 14.942973968572915
6656 0 0 0 17.994669964537024
6657 0 0 0 19.04626307077706
6658 0 0 0 24.084997014142573
6659 0 0 0 17.843207926489413
6660 0 0 0 18.981113913469017
6661 0 0 0 16.17605099454522
6662 0 0 0 20.433207973837852
6663 0 0 0 18.627922981977463
6664 0 0 0 16.91430003847927
6665 0 0 0 23.462467011995614
6666 0 0 0 20.49246896058321
6667 0 0 0 23.598616011440754
6668 0 0 0 18.448743037879467
6669 0 0 0 15.14086895622313
6670 0 0 0 19.002209999598563
6671 0 0 0 19.189625047147274
6672 0 0 0 17.409755964763463
6673 0 0 0 22.67701004166156
6674 0 0 0 20.581357064656913
6675 0 0 0 23.684210027568042
6676 0 0 0 18.813616945408285
6677 0 0 0 16.48461807053536
6678 0 0 0 19.204864045605063
6679 0 0 0 18.752481089904904
6680 0 0 0 17.223434057086706
6681 0 0 0 19.985773018561304
6682 0 0 0 23.306899005547166
6683 0 0 0 20.17034508753568
6684 0 0 0 20.869449945166707
6685 0 0 0 22.2288160584867
6686 0 0 0 19.091649912297726
6687 0 0 0 16.05592400301248
6688 0 0 0 22.70781295374036
6689 0 0 0 20.977456006221473
6690 0 0 0 16.414199955761433
6691 0 0 0 20.517522003501654
6692 0 0 0 16.126842005178332
6693 0 0 0 19.487341050989926
6694 0 0 0 24.019444012083113
6695 0 0 0 24.064021999947727
6696 0 0 0 23.51606299635023
6697 0 0 0 18.18366802763194
6698 0 0 0 22.590514039620757
6699 0 0 0 16.259157098829746
6700 0 0 0 18.897852045483887
6701 0 0 0 20.64172294922173
6702 0 0 0 20.48362896312028
6703 0 0 0 22.531571914441884
6704 0 0 0 18.87151598930359
6705 0 0 0 22.21744495909661
6706 0 0 0 19.00974998716265
6707 0 0 0 22.56395190488547
6708 0 0 0 24.234676035121083
6709 0 0 0 22.746647940948606
6710 0 0 0 17.530865035951138
6711 0 0 0 22.224628017283976
6712 0 0 0 22.072074003517628
6713 0 0 0 21.062668995000422
6714 0 0 0 18.752218107692897
6715 0 0 0 18.8203469151631
6716 0 0 0 20.949756959453225
6717 0 0 0 17.48635491821915
6718 0 0 0 20.448051975108683
6719 0 0 0 20.863266079686582
6720 0 0 0 18.938574008643627
6721 0 0 0 19.147307029925287
6722 0 0 0 24.096337030641735
6723 0 0 0 23.55445094872266
6724 0 0 0 19.98237508814782
6725 0 0 0 22.91785308625549
6726 0 0 0 16.292243031784892
6727 0 0 0 17.408601008355618
6728 0 0 0 18.951002042740583
6729 0 0 0 18.892076914198697
6730 0 0 0 22.366006043739617
6731 0 0 0 19.016077974811196
6732 0 0 0 20.86694200988859
6733 0 0 0 15.89316304307431
6734 0 0 0 18.903888994827867
6735 0 0 0 17.64013199135661
6736 0 0 0 13.799182022921741
6737 0 0 0 20.92157199513167
6738 0 0 0 22.242211969569325
6739 0 0 0 20.066021010279655
6740 0 0 0 14.913535909727216
6741 0 0 0 23.399646976031363
6742 0 0 0 19.51188698876649
6743 0 0 0 18.41676700860262
6744 0 0 0 19.201468909159303
6745 0 0 0 22.92043704073876
6746 0 0 0 22.77876401785761
6747 0 0 0 18.076820066198707
6748 0 0 0 23.15899997483939
6749 0 0 0 23.635571938939393
6750 0 0 0 20.44626697897911
6751 0 0 0 22.606457001529634
6752 0 0 0 20.419000065885484
6753 0 0 0 21.80066693108529
6754 0 0 0 23.717193980701268
6755 0 0 0 23.66653794888407
6756 0 0 0 16.569931991398335
6757 0 0 0 19.80601600371301
6758 0 0 0 23.200298892334104
6759 0 0 0 20.271281013265252
6760 0 0 0 18.003456061705947
6761 0 0 0 21.20293607003987
6762 0 0 0 16.673899022862315
6763 0 0 0 16.131744952872396
6764 0 0 0 20.39496903307736
6765 0 0 0 23.75623199623078
6766 0 0 0 19.82533500995487
6767 0 0 0 22.995340055786073
6768 0 0 0 16.08847000170499
6769 0 0 0 15.945306979119778
6770 0 0 0 15.911820926703513
6771 0 0 0 19.825862953439355
6772 0 0 0 17.477079993113875
6773 0 0 0 22.20352995209396
6774 0 0 0 16.140304040163755
6775 0 0 0 22.088002995587885
6776 0 0 0 17.414386034943163
6777 0 0 0 15.993793960660696
6778 0 0 0 22.15691702440381
6779 0 0 0 24.940248928032815
6780 0 0 0 24.494646000675857
6781 0 0 0 23.503407021053135
6782 0 0 0 19.73246200941503
6783 0 0 0 22.620467003434896
6784 0 0 0 15.966068021953106
6785 0 0 0 16.017748974263668
6786 0 0 0 20.447179093025625
6787 0 0 0 22.227328037843108
6788 0 0 0 20.800599944777787
6789 0 0 0 17.541824956424534
6790 0 0 0 17.38138298969716
6791 0 0 0 22.21832692157477
6792 0 0 0 19.235179061070085
6793 0 0 0 20.83458099514246
6794 0 0 0 23.91220396384597
6795 0 0 0 18.39174097403884
6796 0 0 0 21.83916000649333
6797 0 0 0 22.71502697840333
6798 0 0 0 18.9978500129655
6799 0 0 0 18.80000007804483
6800 0 0 0 19.201171933673322
6801 0 0 0 18.380324938334525
6802 0 0 0 20.624740980565548
6803 0 0 0 16.27789798658341
6804 0 0 0 20.483965054154396
6805 0 0 0 18.861587974242866
6806 0 0 0 18.89316993765533
6807 0 0 0 16.28862600773573
6808 0 0 0 17.341366969048977
6809 0 0 0 23.99941999465227
6810 0 0 0 16.899788985028863
6811 0 0 0 18.386417999863625
6812 0 0 0 15.32922894693911
6813 0 0 0 20.75105591211468
6814 0 0 0 18.76220793928951
6815 0 0 0 22.4145429674536
6816 0 0 0 14.95068904478103
6817 0 0 0 13.69359192904085
6818 0 0 0 20.90649795718491
6819 0 0 0 23.433313006535172
6820 0 0 0 22.17123203445226
6821 0 0 0 15.30761201865971
6822 0 0 0 22.940488997846842
6823 0 0 0 21.177164977416396
6824 0 0 0 21.77752205170691
6825 0 0 0 22.696964093483984
6826 0 0 0 19.342345069162548
6827 0 0 0 21.247348049655557
6828 0 0 0 15.917110024020076
6829 0 0 0 22.774824989028275
6830 0 0 0 21.59279794432223
6831 0 0 0 25.03676200285554
6832 0 0 0 23.21294799912721
6833 0 0 0 21.716016926802695
6834 0 0 0 23.032799013890326
6835 0 0 0 15.207909978926182
6836 0 0 0 19.72178602591157
6837 0 0 0 20.854779984802008
6838 0 0 0 21.769925951957703
6839 0 0 0 15.540178050287068
6840 0 0 0 15.523612964898348
6841 0 0 0 23.244895040988922
6842 0 0 0 18.292572000063956
6843 0 0 0 19.906344008632004
6844 0 0 0 21.41444804146886
6845 0 0 0 21.275629987940192
6846 0 0 0 20.031327032484114
6847 0 0 0 23.022616980597377
6848 0 0 0 24.878837983123958
6849 0 0 0 20.415859995409846
6850 0 0 0 23.607381968759
6851 0 0 0 20.515806041657925
6852 0 0 0 24.07497400417924
6853 0 0 0 15.37317200563848
6854 0 0 0 16.949640004895627
6855 0 0 0 19.654526957310736
6856 0 0 0 23.08671292848885
6857 0 0 0 15.292127965949476
6858 0 0 0 19.573306082747877
6859 0 0 0 21.26402803696692
6860 0 0 0 21.229995065368712
6861 0 0 0 24.33765202295035
6862 0 0 0 19.57174693234265
6863 0 0 0 16.649952973239124
6864 0 0 0 23.515513981692493
6865 0 0 0 19.20970599167049
6866 0 0 0 21.100405021570623
6867 0 0 0 18.1565519887954
6868 0 0 0 21.55031799338758
6869 0 0 0 19.193120999261737
6870 0 0 0 20.585943944752216
6871 0 0 0 18.887899932451546
6872 0 0 0 22.220375016331673
6873 0 0 0 22.161246044561267
6874 0 0 0 16.153982956893742
6875 0 0 0 22.350342012941837
6876 0 0 0 16.02544798515737
6877 0 0 0 10.417897021397948
6878 0 0 0 12.568181962706149
6879 0 0 0 11.658558039925992
6880 0 0 0 14.629208948463202
6881 0 0 0 8.545981952920556
6882 0 0 0 12.509473948739469
6883 0 0 0 8.277595043182373
6884 0 0 0 13.371704961173236
6885 0 0 0 8.084410103037953
6886 0 0 0 8.15965502988547
6887 0 0 0 8.524370030499995
6888 0 0 0 13.372328015975654
6889 0 0 0 8.273000014014542
6890 0 0 0 6.4743299735710025
6891 0 0 0 13.349315035156906
6892 0 0 0 7.599073927849531
6893 0 0 0 12.638565967790782
6894 0 0 0 8.154963026754558
6895 0 0 0 7.419332046993077
6896 0 0 0 10.437465971335769
6897 0 0 0 7.560978992842138
6898 0 0 0 10.347282979637384
6899 0 0 0 7.540607010014355
6900 0 0 0 10.334043996408582
6901 0 0 0 10.389304021373391
6902 0 0 0 7.567966938950121
6903 0 0 0 11.680623982101679
6904 0 0 0 11.412997962906957
6905 0 0 0 7.45045708026737
6906 0 0 0 12.313088052906096
6907 0 0 0 10.472541907802224
6908 0 0 0 6.233194028027356
6909 0 0 0 8.36720794904977
6910 0 0 0 8.330438053235412
6911 0 0 0 13.636352960020304
6912 0 0 0 13.746561016887426
6913 0 0 0 8.429959998466074
6914 0 0 0 8.439822006039321
6915 0 0 0 11.768453987315297
6916 0 0 0 7.848279899917543
6917 0 0 0 10.80615189857781
6918 0 0 0 12.341093039140105
6919 0 0 0 12.428747024387121
6920 0 0 0 10.339698055759072
6921 0 0 0 12.352108024060726
6922 0 0 0 12.446563108824193
6923 0 0 0 10.307403048500419
6924 0 0 0 8.047319017350674
6925 0 0 0 6.502815056592226
6926 0 0 0 7.552300929091871
6927 0 0 0 10.397556936368346
6928 0 0 0 12.210473068989813
6929 0 0 0 12.21637602429837
6930 0 0 0 8.119118981994689
6931 0 0 0 11.596280965022743
6932 0 0 0 7.540810969658196
6933 0 0 0 10.70126099511981
6934 0 0 0 12.777808937244117
6935 0 0 0 8.047444047406316
6936 0 0 0 7.648337981663644
6937 0 0 0 8.53182899300009
6938 0 0 0 8.373629068955779
6939 0 0 0 11.222678935155272
6940 0 0 0 8.095664088614285
6941 0 0 0 8.733921102248132
6942 0 0 0 8.421915001235902
6943 0 0 0 11.989366030320525
6944 0 0 0 12.042251997627318
6945 0 0 0 11.043861974030733
6946 0 0 0 7.818402955308557
6947 0 0 0 7.555124931968749
6948 0 0 0 7.511681993491948
6949 0 0 0 12.399238999933004
6950 0 0 0 8.090813993476331
6951 0 0 0 8.126152097247541
6952 0 0 0 7.555815973319113
6953 0 0 0 10.346036055125296
6954 0 0 0 11.382200988009572
6955 0 0 0 12.234904919750988
6956 0 0 0 7.638094015419483
6957 0 0 0 7.5891949236392975
6958 0 0 0 7.53170601092279
6959 0 0 0 8.177509997040033
6960 0 0 0 8.067140937782824
6961 0 0 0 12.542374082840979
6962 0 0 0 12.19929102808237
6963 0 0 0 7.766956929117441
6964 0 0 0 13.211192097514868
6965 0 0 0 12.159993988461792
6966 0 0 0 6.119413068518043
6967 0 0 0 9.061526972800493
6968 0 0 0 11.223684065043926
6969 0 0 0 13.291180948726833
6970 0 0 0 11.034587980248034
6971 0 0 0 6.756003946065903
6972 0 0 0 12.258865986950696
6973 0 0 0 10.87697793263942
6974 0 0 0 8.451809990219772
6975 0 0 0 10.805763071402907
6976 0 0 0 10.523377917706966
6977 0 0 0 7.554596988484263
6978 0 0 0 12.432057992555201
6979 0 0 0 10.347640025429428
6980 0 0 0 7.629266008734703
6981 0 0 0 7.587888976559043
6982 0 0 0 6.00556202698499
6983 0 0 0 7.472092984244227
6984 0 0 0 11.351605993695557
6985 0 0 0 12.336337007582188
6986 0 0 0 13.149956008419394
6987 0 0 0 13.375701033510268
6988 0 0 0 11.128679034300148
6989 0 0 0 6.469730054959655
6990 0 0 0 8.103111991658807
6991 0 0 0 6.062961998395622
6992 0 0 0 6.020091008394957
6993 0 0 0 12.411055038683116
6994 0 0 0 8.083510911092162
6995 0 0 0 12.189895031042397
6996 0 0 0 11.63198403082788
6997 0 0 0 14.203296974301338
6998 0 0 0 8.619377040304244
6999 0 0 0 6.793342996388674
7000 0 0 0 12.626526062376797
7001 0 0 0 8.177082985639572
7002 0 0 0 8.180295932106674
7003 0 0 0 8.289944962598383
7004 0 0 0 6.535859080031514
7005 0 0 0 8.003097027540207
7006 0 0 0 8.01767804659903
7007 0 0 0 12.616304913535714
7008 0 0 0 7.67957407515496
7009 0 0 0 7.66504998318851
7010 0 0 0 12.48701405711472
7011 0 0 0 10.447107022628188
7012 0 0 0 8.10249790083617
7013 0 0 0 10.439089965075254
7014 0 0 0 10.856403969228268
7015 0 0 0 6.034565041773021
7016 0 0 0 11.338828015141189
7017 0 0 0 10.410418966785073
7018 0 0 0 11.33819401729852
7019 0 0 0 7.469267933629453
7020 0 0 0 7.459182059392333
7021 0 0 0 7.5028280261904
7022 0 0 0 10.431549977511168
7023 0 0 0 6.055786972865462
7024 0 0 0 9.880146943032742
7025 0 0 0 8.046979084610939
7026 0 0 0 8.055058890022337
7027 0 0 0 11.615811032243073
7028 0 0 0 8.32967204041779
7029 0 0 0 8.187660947442055
7030 0 0 0 13.232783996500075
7031 0 0 0 6.432238034904003
7032 0 0 0 13.074005022644997
7033 1 1479431 0.71428573 0.7587450090795755
7034 1 942245 0.75 0.7339509902521968
7035 1 348885 0.7777778 0.6758880335837603
7036 1 534251 0.71428573 0.7575779454782605
7037 1 534251 0.71428573 0.746816978789866
7038 1 1971156 0.72727275 0.7025640225037932
7039 1 561919 0.71428573 0.7504309760406613
7040 1 561919 0.71428573 0.768449972383678
7041 1 1780896 0.75 0.7563849212601781
7042 1 328950 0.71428573 0.6659510545432568
7043 1 347336 0.71428573 0.6706970743834972
7044 1 501073 0.71428573 0.6714520277455449
7045 1 1684608 0.71428573 0.7772929966449738
7046 1 501073 0.71428573 0.6631399737671018
7047 1 1425522 0.7777778 0.7079929346218705
7048 1 1967209 0.72727275 0.7038479670882225
7049 1 1703900 0.7692308 0.7375070126727223
7050 1 1703900 0.7692308 0.7368940860033035
7051 1 561919 0.71428573 0.7455789018422365
7052 1 15575 0.72727275 0.7113919127732515
7053 1 367598 0.75 0.6671380251646042
7054 1 561919 0.71428573 0.7482620421797037
7055 1 1964157 0.7692308 0.7216359954327345
7056 1 1715387 0.7 3.096163971349597
7057 1 1961116 0.75 0.8415459888055921
7058 1 360119 0.71428573 2.2051220294088125
7059 1 1962433 0.7368421 2.531676087528467
7060 1 1596895 0.7 1.2823990546166897
7061 1 2117243 0.7222222 1.887616002932191
7062 1 1189613 0.7407407 2.9839379712939262
7063 1 308545 0.7826087 1.8125360365957022
7064 1 52739 0.71428573 3.307941951788962
7065 1 2117661 0.72727275 1.4944329159334302
7066 1 426592 0.71428573 2.61339801363647
7067 1 2126196 0.7 2.9084820998832583
7068 1 1982295 0.71428573 1.6380910528823733
7069 1 1965062 0.73333335 0.7568569853901863
7070 1 1448413 0.75 2.3835309548303485
7071 1 371246 0.7 2.0694099366664886
7072 1 1965066 0.7 2.122681005857885
7073 1 1659111 0.72727275 2.578667947091162
7074 1 1279902 0.7 1.7446959391236305
7075 1 293224 0.7 2.8023310005664825
7076 1 1689614 0.73913044 1.9657030934467912
7077 1 417455 0.7 1.230029040016234
7078 1 660748 0.75 2.383532002568245
7079 1 1400424 0.7619048 2.790795057080686
7080 1 499940 0.7058824 1.8699479987844825
7081 1 1891906 0.73913044 1.9745239987969398
7082 1 1965629 0.7368421 1.2353379279375076
7083 1 1978405 0.75 1.9193999469280243
7084 1 279009 0.7222222 1.062668045051396
7085 1 1962433 0.7368421 2.4253670126199722
7086 1 1141731 0.7083333 2.6910000015050173
7087 1 446559 0.71428573 0.9019819553941488
7088 1 277773 0.7368421 2.5177380302920938
7089 1 1617471 0.72727275 1.8194939475506544
7090 1 819437 0.73333335 1.1249090312048793
7091 1 74689 0.73913044 1.755208009853959
7092 1 607279 0.76 2.9028758872300386
7093 1 1949771 0.7307692 2.7144720079377294
7094 1 1964588 0.7 2.8827489586547017
7095 1 1549376 0.7647059 1.10157101880759
7096 1 1762520 0.7222222 1.6521649667993188
7097 1 1962478 0.7619048 2.7752789901569486
7098 1 959840 0.71428573 2.2270119516178966
7099 1 31737 0.75 1.1163809103891253
7100 1 1962832 0.75 1.213778043165803
7101 1 1963610 0.71428573 0.9173760190606117
7102 1 71795 0.77272725 1.5352630289271474
7103 1 448565 0.73913044 2.49439908657223
7104 1 640977 0.72727275 3.298585070297122
7105 1 380461 0.7083333 2.2611930035054684
7106 1 2450244 0.7619048 2.8582450468093157
7107 1 181151 0.71428573 3.3494289964437485
7108 1 1668724 0.7894737 1.703391084447503
7109 1 1617801 0.71428573 1.3494329759851098
7110 1 166135 0.7 2.770683029666543
7111 1 1968188 0.7058824 0.9002269944176078
7112 1 1681620 0.7307692 3.194516059011221
7113 1 1040842 0.72 3.0776020139455795
7114 1 1965062 0.73333335 0.766442040912807
7115 1 398606 0.7083333 3.31195502076298
7116 1 2226616 0.72 2.0809919806197286
7117 1 395769 0.75 0.7551669841632247
7118 1 969631 0.75 1.9038019236177206
7119 1 640121 0.71428573 2.710478031076491
7120 1 1677491 0.7058824 1.3411870459094644
7121 1 39946 0.7 2.0081240218132734
7122 1 143867 0.71428573 3.3664999064058065
7123 1 291693 0.76 2.3383350344374776
7124 1 1969514 0.72727275 1.8127269577234983
7125 1 1675060 0.7222222 1.6472709830850363
7126 1 1821578 0.75 2.5317110121250153
7127 1 185487 0.7894737 1.0723840678110719
7128 1 1078242 0.7368421 1.9837740110233426
7129 1 1699560 0.7894737 1.1415740009397268
7130 1 719478 0.76 2.9341710032895207
7131 1 1624393 0.72727275 3.1928709940984845
7132 1 62775 0.7 3.0455540399998426
7133 1 661217 0.7222222 1.6523110680282116
7134 1 1695623 0.75 2.799327950924635
7135 1 62775 0.7 3.040838986635208
7136 1 1299558 0.7826087 2.195843029767275
7137 1 1671914 0.75 2.373149967752397
7138 1 659802 0.7619048 2.7806450380012393
7139 1 1807074 0.7222222 1.6487360699102283
7140 1 1967228 0.75 1.2858109548687935
7141 1 2120755 0.7058824 1.7753220163285732
7142 1 1196753 0.7307692 3.0765359988436103
7143 1 1474062 0.7 3.356841974891722
7144 1 981122 0.75 2.376663964241743
7145 1 2242303 0.72 2.6421279180794954
7146 1 928453 0.75 2.868060953915119
7147 1 28570 0.7 2.0940209506079555
7148 1 8969 0.7647059 0.9908989304676652
7149 1 403421 0.7222222 2.071053022518754
7150 1 1436967 0.71428573 3.698133979924023
7151 1 96961 0.7368421 1.196776982396841
7152 1 1712811 0.72 2.8222399996593595
7153 1 17393 0.7083333 3.889400977641344
7154 1 1964807 0.71428573 0.9845850290730596
7155 1 178283 0.7894737 1.192449009977281
7156 1 441824 0.7058824 0.9120139293372631
7157 1 518521 0.75 2.6945730205625296
7158 1 166135 0.7 3.1073279678821564
7159 1 843748 0.7777778 1.9090210553258657
7160 1 1260472 0.71428573 3.669844940304756
7161 1 969586 0.7 3.768298076465726
7162 1 1586009 0.73913044 2.079254947602749
7163 1 1299731 0.73913044 2.038453007116914
7164 1 178971 0.7894737 2.213828032836318
7165 1 512515 0.7619048 2.827752963639796
7166 1 1503435 0.7368421 1.0405200300738215
7167 1 1860396 0.7368421 2.4274089373648167
7168 1 1964889 0.7777778 1.100477995350957
7169 1 1347129 0.7692308 2.8278310783207417
7170 1 1782004 0.75 2.4189589312300086
7171 1 124037 0.75 0.8358489722013474
7172 1 1457843 0.73913044 3.121381043456495
7173 1 1580247 0.7222222 1.9885690417140722
7174 1 249975 0.7894737 1.0304109891876578
7175 1 2421751 0.7083333 2.0851619774475694
7176 1 325802 0.71428573 3.393803955987096
7177 1 183713 0.7 3.406367963179946
7178 1 1782004 0.75 2.457513939589262
7179 1 1962062 0.73913044 3.1238000374287367
7180 1 169922 0.7407407 3.0295109609141946
7181 1 24633 0.75 2.780950046144426
7182 1 468524 0.72727275 1.6555780312046409
7183 1 1696126 0.7894737 1.1394290486350656
7184 1 928488 0.7368421 2.500490052625537
7185 1 1969920 0.72727275 1.8781839171424508
7186 1 504216 0.75 1.1194369290024042
7187 1 942245 0.73333335 1.0812269756570458
7188 1 956469 0.7 1.3163720723241568
7189 1 503196 0.71428573 3.3730710856616497
7190 1 1968153 0.7647059 1.448684954084456
7191 1 80302 0.7647059 0.8565540192648768
7192 1 1695673 0.7916667 2.563200076110661
7193 1 41152 0.73333335 0.7807379588484764
7194 1 96961 0.7368421 1.042646006681025
7195 1 1754536 0.75 2.2247410379350185
7196 1 1559381 0.7916667 2.1189720137044787
7197 1 581234 0.71428573 1.9360330188646913
7198 1 548116 0.72727275 2.8880940517410636
7199 1 98538 0.7083333 2.5816239649429917
7200 1 205630 0.75 2.7386959409341216
7201 1 1174354 0.71428573 3.315970068797469
7202 1 1670638 0.7647059 0.8854810148477554
7203 1 472396 0.7368421 2.377416007220745
7204 1 951508 0.7777778 0.9415219537913799
7205 1 472396 0.7 3.424476948566735
7206 1 1905570 0.71428573 3.451330936513841
7207 1 178288 0.73333335 1.0480920318514109
7208 1 1692795 0.72 2.5188669096678495
7209 1 2431005 0.76 2.354891039431095
7210 1 43657 0.7777778 1.3303919695317745
7211 1 412652 0.7 1.6696419334039092
7212 1 1968575 0.7 1.756281009875238
7213 1 1679526 0.72727275 1.71301094815135
7214 1 159530 0.76 2.6972820051014423
7215 1 1757910 0.7058824 1.2475260300561786
7216 1 1706503 0.73913044 1.7922649858519435
7217 1 837166 0.7 1.7258779844269156
7218 1 1673976 0.7368421 2.314702025614679
7219 1 8746 0.71428573 0.8497720118612051
7220 1 1910976 0.7307692 3.170353942550719
7221 1 1016884 0.71428573 0.7412330014631152
7222 1 344118 0.71428573 0.8870469173416495
7223 1 138777 0.75 2.3671030066907406
7224 1 1633533 0.75 2.8259670361876488
7225 1 172568 0.7916667 2.651634975336492
7226 1 457942 0.7368421 0.9868299821391702
7227 1 1602917 0.7777778 0.9020210709422827
7228 1 21954 0.72727275 1.3351259985938668
7229 1 7863 0.7 2.7177559677511454
7230 1 1589425 0.75 2.349153975956142
7231 1 1588531 0.7 1.1353769805282354
7232 1 2360142 0.71428573 3.4089459804818034
7233 1 142491 0.73913044 2.9381560161709785
7234 1 974155 0.71428573 0.845682923682034
7235 1 445370 0.7222222 0.9894761024042964
7236 1 2237130 0.75 2.404587925411761
7237 1 164155 0.7083333 2.131287008523941
7238 1 1701378 0.78571427 0.7198959356173873
7239 1 2233529 0.7083333 3.363930038176477
7240 1 1961116 0.75 0.7983349496498704
7241 1 1701526 0.7368421 1.8222900107502937
7242 1 1962833 0.7 1.329157967120409
7243 1 122348 0.7083333 2.025661990046501
7244 1 1572659 0.7 1.1683539487421513
7245 1 1963610 0.73333335 1.0708909248933196
7246 1 1963122 0.7 1.1576450197026134
7247 1 1660061 0.7894737 1.0949410498142242
7248 1 1689811 0.7222222 1.5528000658378005
7249 1 1754536 0.75 2.2815039847046137
7250 1 288300 0.71428573 3.3157860161736608
7251 1 18156 0.75 1.255130977369845
7252 1 2026039 0.73913044 1.853550085797906
7253 1 1660488 0.7083333 3.110444056801498
7254 1 157648 0.7058824 0.7896280148997903
7255 1 743871 0.73333335 0.7728720083832741
7256 1 1963471 0.7777778 1.350137055851519
7257 1 1500326 0.7777778 1.300227944739163
7258 1 652675 0.7 1.1403930839151144
7259 1 2137525 0.71428573 1.310436986386776
7260 1 455305 0.71428573 1.3372970279306173
7261 1 1985399 0.7368421 1.061885035596788
7262 1 1961116 0.75 0.790199963375926
7263 1 280888 0.75 2.749481936916709
7264 1 276488 0.71428573 0.7311860099434853
7265 1 1967867 0.7368421 0.9432559600099921
7266 1 1329508 0.7 2.734282985329628
7267 1 1963862 0.77272725 2.0361809292808175
7268 1 1086668 0.72727275 1.2782710837200284
7269 1 2040239 0.7619048 1.2099710293114185
7270 1 1968153 0.7058824 1.2764299754053354
7271 1 472493 0.75 2.663527033291757
7272 1 1085329 0.72727275 1.3086190447211266
7273 1 1241773 0.75 1.7795809544622898
7274 1 1910633 0.7083333 1.9784739706665277
7275 1 1924167 0.7619048 2.8023540508002043
7276 1 1722341 0.7619048 1.922938972711563
7277 1 1931822 0.7 2.824965980835259
7278 1 1735814 0.7894737 1.0987409623339772
7279 1 1534100 0.7894737 0.9639379568397999
7280 1 1964838 0.7368421 2.3048820439726114
7281 1 1924168 0.7619048 2.6769889518618584
7282 1 445946 0.7058824 1.354562002234161
7283 1 841570 0.7058824 0.8671090472489595
7284 1 1474062 0.7368421 2.3476131027564406
7285 1 447801 0.7 2.8585050022229552
7286 1 1705892 0.75 1.055146916769445
7287 1 1960701 0.7647059 0.8671749383211136
7288 1 1970573 0.7 2.880183979868889
7289 1 1551141 0.7 1.8439000705257058
7290 1 1302198 0.75 1.35670299641788
7291 1 841339 0.7307692 3.20392195135355
7292 1 1481216 0.75 2.858011983335018
7293 1 549595 0.73913044 1.9075190648436546
7294 1 279009 0.7647059 0.8677530568093061
7295 1 620779 0.72 2.5238830130547285
7296 1 56848 0.7692308 2.892047050409019
7297 1 2120755 0.7058824 2.194102038629353
7298 1 1608475 0.7619048 3.1155049800872803
7299 1 9088 0.7058824 1.5165300574153662
7300 1 128009 0.7368421 2.5955919409170747
7301 1 933893 0.71428573 1.0236370144411922
7302 1 1965066 0.7 2.3671810049563646
7303 1 640121 0.7222222 1.103034010156989
7304 1 585568 0.7916667 2.440469921566546
7305 1 735379 0.7619048 1.6766489716246724
7306 1 1968295 0.7083333 3.6873549688607454
7307 1 2005271 0.7058824 0.9827469475567341
7308 1 1967614 0.7058824 1.9684549188241363
7309 1 843748 0.7368421 2.5155210169032216
7310 1 350827 0.7 3.491563955321908
7311 1 397142 0.7222222 2.072072005830705
7312 1 764693 0.7894737 2.3045799462124705
7313 1 160088 0.72727275 1.5038619749248028
7314 1 1551623 0.7083333 2.2296630777418613
7315 1 2451717 0.76 2.53489101305604
7316 1 1137948 0.7058824 1.8318529473617673
7317 1 1403034 0.7 1.3710269704461098
7318 1 1586009 0.73913044 2.08597001619637
7319 1 541913 0.75 2.053859061561525
7320 1 643369 0.75 2.416188013739884
7321 1 2398977 0.71428573 2.6841360377147794
7322 1 25318 0.7619048 1.586160040460527
7323 1 453331 0.72727275 3.0743080424144864
7324 1 276488 0.71428573 0.8023800328373909
7325 1 1405208 0.76 2.8816310223191977
7326 1 1779783 0.78571427 0.7965450640767813
7327 1 2259688 0.72727275 1.4181940350681543
7328 1 346716 0.7222222 1.9071389688178897
7329 1 1128622 0.7619048 1.3198789674788713
7330 1 128009 0.7368421 2.4461749708279967
7331 1 2006389 0.71428573 1.438527018763125
7332 1 1963946 0.71428573 3.3620100002735853
7333 1 1963122 0.7 1.258630072697997
7334 1 1730951 0.71428573 0.8431600872427225
7335 1 1991147 0.7368421 1.036296016536653
7336 1 1171066 0.7826087 2.240288071334362
7337 1 2015617 0.7368421 1.1177120031788945
7338 1 180897 0.71428573 3.387889009900391
7339 1 62114 0.71428573 2.689982997253537
7340 1 1966706 0.71428573 2.576236962340772
7341 1 1932954 0.7777778 1.085755997337401
7342 1 2237130 0.71428573 3.2682630699127913
7343 1 168004 0.76 2.415464958176017
7344 1 476773 0.7647059 0.8257880108430982
7345 1 247514 0.75 2.6647680206224322
7346 1 1530322 0.7894737 2.0784439984709024
7347 1 2393706 0.72 2.934636897407472
7348 1 1240278 0.7619048 1.2300880625844002
7349 1 1860792 0.71428573 3.1879579182714224
7350 1 614728 0.78571427 0.7209719624370337
7351 1 1924167 0.7619048 2.6228349888697267
7352 1 1154012 0.72 3.002651035785675
7353 1 795506 0.71428573 1.500830054283142
7354 1 490579 0.71428573 2.4879981065168977
7355 1 35112 0.75 2.6502549881115556
7356 1 2450666 0.7894737 0.9856689721345901
7357 1 142491 0.71428573 1.3641989789903164
7358 1 1966379 0.75 2.251450903713703
7359 1 1812920 0.75 1.9223729614168406
7360 1 1734387 0.72727275 3.0632850248366594
7361 1 1300146 0.7826087 2.48564500361681
7362 1 640121 0.71428573 2.514461986720562
7363 1 1754536 0.71428573 3.2004109816625714
7364 1 867203 0.7 1.2005589669570327
7365 1 185038 0.72727275 2.900182968005538
7366 1 1586009 0.73913044 1.8908409401774406
7367 1 745382 0.71428573 2.13507900480181
7368 1 2096014 0.75 2.6999820256605744
7369 1 448565 0.73913044 2.3216409608721733
7370 1 634105 0.7916667 2.219810034148395
7371 1 1695623 0.75 2.6950499741360545
7372 1 1106951 0.7619048 2.6675149565562606
7373 1 1965567 0.73333335 0.8007559226825833
7374 1 1985399 0.7368421 1.0431499686092138
7375 1 1965052 0.72727275 2.889723051339388
7376 1 1855912 0.7647059 0.8682229090481997
7377 1 617914 0.73333335 0.7410779362544417
7378 1 1934445 0.72727275 3.094634972512722
7379 1 398841 0.7368421 2.413495909422636
7380 1 1481216 0.75 2.6574089424684644
7381 1 1734527 0.73333335 0.9438820416107774
7382 1 942245 0.73333335 1.0308900382369757
7383 1 1452867 0.76 2.271334989927709
7384 1 1933515 0.75 2.7128279907628894
7385 1 334506 0.7777778 1.7602699808776379
7386 1 1824450 0.73913044 1.7839540960267186
7387 1 417054 0.7894737 0.990177970379591
7388 1 160897 0.7647059 0.8946489542722702
7389 1 132704 0.78571427 0.7048461120575666
7390 1 1623882 0.7222222 1.92633003462106
7391 1 1968188 0.7058824 0.8294389117509127
7392 1 276523 0.7647059 1.425605034455657
7393 1 388190 0.72 2.9411609284579754
7394 1 372971 0.7 2.089829999022186
7395 1 1965629 0.7368421 1.2156490702182055
7396 1 1049745 0.7 2.6913899928331375
7397 1 1663318 0.7619048 1.398738007992506
7398 1 1968564 0.71428573 3.178850980475545
7399 1 28269 0.75 1.1797130573540926
7400 1 1754536 0.71428573 3.171453019604087
7401 1 1617801 0.71428573 1.2831040658056736
7402 1 969564 0.7777778 0.9294119663536549
7403 1 1691891 0.73333335 1.0689030168578029
7404 1 1811227 0.71428573 1.3558940263465047
7405 1 446559 0.71428573 0.8450900204479694
7406 1 1965052 0.72727275 3.0739420326426625
7407 1 1830684 0.7083333 3.265777020715177
7408 1 1702847 0.75 2.4604819482192397
7409 1 67746 0.7916667 2.4743430549278855
7410 1 1969933 0.7222222 1.9002240151166916
7411 1 981122 0.75 2.323303953744471
7412 1 182770 0.73913044 2.256653970107436
7413 1 1963153 0.7647059 0.9836580138653517
7414 1 333692 0.72727275 1.5447239857167006
7415 1 1961202 0.7222222 1.799216028302908
7416 1 8931 0.7 3.257823991589248
7417 1 1925490 0.75 2.377592958509922
7418 1 928488 0.7 3.1759669072926044
7419 1 1910657 0.71428573 2.550219069235027
7420 1 378476 0.71428573 2.4037639377638698
7421 1 1993699 0.7 1.1868180008605123
7422 1 28570 0.7 1.7605620669201016
7423 1 376911 0.7222222 1.5943989856168628
7424 1 496033 0.72727275 1.8795760115608573
7425 1 1855912 0.7647059 0.8362549124285579
7426 1 1010218 0.7692308 2.8774510137736797
7427 1 1778561 0.7222222 1.9661530386656523
7428 1 1967540 0.72727275 3.1467360677197576
7429 1 389820 0.7 1.0776480194181204
7430 1 1280615 0.7916667 2.2267659660428762
7431 1 447801 0.75 2.6825839886441827
7432 1 1108347 0.75 2.3600499844178557
7433 1 1936842 0.7894737 2.69189290702343
7434 1 362564 0.7307692 3.4361290745437145
7435 1 547280 0.7307692 3.2339150784537196
7436 1 1481216 0.75 2.9007690027356148
7437 1 1899842 0.7368421 1.1655749985948205
7438 1 1679526 0.72727275 2.12449103128165
7439 1 165407 0.73913044 1.8817639211192727
7440 1 1780527 0.72727275 2.7315469924360514
7441 1 1848314 0.75 2.0660420414060354
7442 1 60030 0.71428573 3.750526928342879
7443 1 1017284 0.7037037 3.0957930721342564
7444 1 1828511 0.72727275 1.560632954351604
7445 1 395769 0.75 0.7876079762354493
7446 1 372053 0.75 2.9080930398777127
7447 1 1842230 0.71428573 3.447839990258217
7448 1 276523 0.7647059 1.5419829869642854
7449 1 1166975 0.75 2.054465003311634
7450 1 41152 0.73333335 0.8511430351063609
7451 1 1730693 0.75 2.353791962377727
7452 1 1394463 0.7222222 1.8630399135872722
7453 1 650331 0.75 2.8947560349479318
7454 1 730052 0.7058824 0.9274039184674621
7455 1 1964814 0.7368421 2.390675013884902
7456 1 1771302 0.7777778 1.0338790016248822
7457 1 1925489 0.71428573 3.3981410088017583
7458 1 1706503 0.73913044 1.9563640234991908
7459 1 1660061 0.7894737 1.1666039936244488
7460 1 1963862 0.72727275 2.0016840426251292
7461 1 1966376 0.71428573 1.4281010953709483
7462 1 447773 0.7916667 2.246895106509328
7463 1 1960306 0.72 3.078159992583096
7464 1 25297 0.7222222 1.6780170844867826
7465 1 383449 0.72727275 2.720594056881964
7466 1 43643 0.72727275 2.672090078704059
7467 1 169922 0.7407407 3.041611984372139
7468 1 1454170 0.7083333 2.1980549208819866
7469 1 1646238 0.7916667 2.2080319467931986
7470 1 1634434 0.7916667 2.549574011936784
7471 1 1970274 0.75 1.2114839628338814
7472 1 395769 0.75 0.7577069336548448
7473 1 125485 0.75 2.4162280606105924
7474 1 940519 0.7916667 2.535279025323689
7475 1 607858 0.7647059 0.8829949656501412
7476 1 86306 0.72 2.9365000082179904
7477 1 1964164 0.73913044 1.8026850884780288
7478 1 304102 0.7 1.1825819965451956
7479 1 1967554 0.7058824 1.2934900587424636
7480 1 293572 0.7894737 1.0786309139803052
7481 1 1969920 0.75 1.0457650059834123
7482 1 1462558 0.7692308 2.7186510851606727
7483 1 1812920 0.75 1.8030799692496657
7484 1 139028 0.7777778 1.385062001645565
7485 1 2012470 0.71428573 0.8818130008876324
7486 1 1610342 0.7368421 2.4556509451940656
7487 1 1887649 0.7619048 2.840419067069888
7488 1 1732615 0.7083333 2.70189403090626
7489 1 1938818 0.7222222 1.6345259500667453
7490 1 830583 0.7037037 3.326995065435767
7491 1 1969933 0.7222222 1.9544080132618546
7492 1 124495 0.7 3.4004219342023134
7493 1 981880 0.72 2.6763170026242733
7494 1 249975 0.7894737 0.9837979450821877
7495 1 1962372 0.7222222 0.8548999903723598
7496 1 1797630 0.71428573 3.4085819497704506
7497 1 1992890 0.7647059 1.0130440350621939
7498 1 358663 0.76 2.705120015889406
7499 1 624353 0.73333335 0.7968900026753545
7500 1 397699 0.72 2.494780928827822
7501 1 1978405 0.75 1.854183035902679
7502 1 1823107 0.78571427 0.7580158999189734
7503 1 1754536 0.75 2.2059009643271565
7504 1 691123 0.75 2.2909429389983416
7505 1 1936842 0.75 2.724488964304328
7506 1 2356090 0.72727275 1.866706064902246
7507 1 1964583 0.7222222 1.8401979468762875
7508 1 2002811 0.71428573 1.5960820019245148
7509 1 2162562 0.77272725 1.45298196002841
7510 1 1394463 0.7647059 1.4320380287244916
7511 1 445370 0.7222222 0.985371065326035
7512 1 1820495 0.7916667 2.5654250057414174
7513 1 977258 0.7 2.1144560305401683
7514 1 4377 0.7619048 2.033066004514694
7515 1 648719 0.71428573 3.232936025597155
7516 1 249971 0.7083333 2.5876410072669387
7517 1 1166975 0.75 1.911949017085135
7518 1 360505 0.7619048 2.6680389419198036
7519 1 1924166 0.75 2.3380189668387175
7520 1 39524 0.7058824 0.962755992077291
7521 1 625116 0.7083333 1.688063028268516
7522 1 166135 0.75 2.782281953841448
7523 1 160498 0.7777778 1.6698880353942513
7524 1 178374 0.7647059 1.1444600531831384
7525 1 991221 0.7692308 2.658581011928618
7526 1 1778587 0.7619048 1.6617780784144998
7527 1 159869 0.7647059 1.4602710725739598
7528 1 28504 0.7 1.292977947741747
7529 1 1221861 0.7777778 1.698934007436037
7530 1 1860792 0.71428573 3.2201310386881232
7531 1 1354348 0.7777778 1.008759019896388
7532 1 1596895 0.7368421 0.9798660175874829
7533 1 1530322 0.7 2.7612419798970222
7534 1 299896 0.72727275 2.50350299756974
7535 1 276523 0.75 1.0816319845616817
7536 1 233750 0.7407407 3.1680410029366612
7537 1 1442864 0.7058824 1.2559560127556324
7538 1 1906439 0.72727275 1.3166660210117698
7539 1 1503435 0.7368421 0.977262039668858
7540 1 1726948 0.75 1.180676044896245
7541 1 794389 0.7083333 2.227068063803017
7542 1 614824 0.7083333 3.3302949741482735
7543 1 1963862 0.72727275 1.9442560151219368
7544 1 1964889 0.7 1.7434909241274
7545 1 1270536 0.7826087 1.6986430855467916
7546 1 136569 0.71428573 0.7343150209635496
7547 1 60030 0.75 2.3426769766956568
7548 1 1754536 0.71428573 3.1062010675668716
7549 1 1963478 0.7647059 0.8887930307537317
7550 1 1965745 0.7 1.3144310796633363
7551 1 1963610 0.73333335 1.0668040486052632
7552 1 1526942 0.75 2.703010104596615
7553 1 1961012 0.71428573 1.58257398288697
7554 1 2225112 0.7619048 1.1996079701930285
7555 1 1965495 0.7058824 1.2385090813040733
7556 1 982282 0.73333335 12.07508600782603
7557 1 617022 0.7058824 22.1896959701553
7558 1 637657 0.71428573 12.364428024739027
7559 1 2216463 0.7352941 20.93918004538864
7560 1 1908093 0.7037037 8.636196027509868
7561 1 2457368 0.73333335 11.05774799361825
7562 1 1597384 0.71428573 7.8700510784983635
7563 1 179446 0.7741935 14.28252796176821
7564 1 163906 0.7 13.305807951837778
7565 1 860501 0.7058824 19.59909498691559
7566 1 850965 0.73333335 6.940988008864224
7567 1 1073765 0.75 19.255749066360295
7568 1 196696 0.7352941 19.207505974918604
7569 1 961203 0.7058824 14.083787915296853
7570 1 2398038 0.71428573 21.576017956249416
7571 1 1122821 0.7241379 10.448073968291283
7572 1 1905826 0.71875 18.5014110757038
7573 1 1557126 0.7352941 19.374686991795897
7574 1 1453983 0.71428573 21.48602600209415
7575 1 1175294 0.7352941 19.1135429777205
7576 1 1298903 0.7352941 19.412423949688673
7577 1 1189009 0.7105263 20.19544702488929
7578 1 1490598 0.79310346 13.436304056085646
7579 1 556812 0.74285716 20.413300022482872
7580 1 110414 0.7037037 8.629235904663801
7581 1 579518 0.71428573 23.394542979076505
7582 1 1609348 0.79310346 6.231724983081222
7583 1 1730934 0.72727275 17.377065028995275
7584 1 1202310 0.7096774 11.401482974179089
7585 1 1184699 0.7096774 21.991525078192353
7586 1 1322392 0.78125 9.164007031358778
7587 1 2120262 0.79310346 8.696050965227187
7588 1 1704733 0.75 14.508215943351388
7589 1 1630819 0.73333335 10.808298015035689
7590 1 1265643 0.7 12.50251499004662
7591 1 2013246 0.7352941 12.35945406369865
7592 1 1304589 0.74285716 19.616758916527033
7593 1 502335 0.73333335 12.451085029169917
7594 1 422929 0.7096774 11.717596091330051
7595 1 1128408 0.7 10.397428064607084
7596 1 11997 0.73333335 11.461633956059813
7597 1 1969915 0.71428573 18.269250984303653
7598 1 1494835 0.7105263 23.64626992493868
7599 1 208884 0.7027027 23.56975805014372
7600 1 534120 0.7 12.77621602639556
7601 1 566744 0.7777778 8.279541041702032
7602 1 1509616 0.7 12.360604014247656
7603 1 829824 0.74285716 12.103861081413925
7604 1 915500 0.71875 11.325723957270384
7605 1 1981768 0.7037037 4.037170088849962
7606 1 820356 0.74285716 19.19985201675445
7607 1 141637 0.7407407 6.977766985073686
7608 1 186714 0.7 12.374931946396828
7609 1 595710 0.73333335 11.898917029611766
7610 1 113749 0.7058824 11.262887041084468
7611 1 249970 0.7 9.235561010427773
7612 1 517123 0.71875 15.236638952046633
7613 1 1540129 0.7096774 11.325522908009589
7614 1 663029 0.7058824 20.160578074865043
7615 1 221952 0.75 5.127561977133155
7616 1 2115981 0.71875 15.267999027855694
7617 1 1262747 0.7096774 21.839236025698483
7618 1 223840 0.7619048 3.751924028620124
7619 1 1689017 0.75 12.936544953845441
7620 1 2134995 0.7878788 18.125065020285547
7621 1 1627108 0.74285716 20.216792006976902
7622 1 2246889 0.71875 13.583954074420035
7623 1 1156726 0.7368421 20.03088197670877
7624 1 1211366 0.75757575 13.698779046535492
7625 1 1036304 0.74285716 10.558897047303617
7626 1 1265869 0.72727275 17.151896026916802
7627 1 1245308 0.73333335 8.698584046214819
7628 1 1798937 0.7692308 7.872509071603417
7629 1 1621508 0.7419355 11.940754018723965
7630 1 1171064 0.7105263 18.866831087507308
7631 1 420299 0.75 16.080860048532486
7632 1 299896 0.72 7.368023972958326
7633 1 1628133 0.71428573 7.500289008021355
7634 1 1961313 0.7037037 8.731628069654107
7635 1 615321 0.71428573 21.480094059370458
7636 1 2453234 0.7222222 18.31794495228678
7637 1 1264951 0.7741935 17.52396405208856
7638 1 1966527 0.7037037 8.282246999442577
7639 1 1533700 0.79310346 9.394764085300267
7640 1 1508691 0.7 23.443707963451743
7641 1 1277014 0.71794873 17.416688962839544
7642 1 1140940 0.71875 19.333324977196753
7643 1 1217836 0.7407407 11.25086098909378
7644 1 355998 0.75 5.232853931374848
7645 1 1794671 0.76666665 14.005779987201095
7646 1 1632266 0.72727275 15.381878009065986
7647 1 2449850 0.7631579 18.127262010239065
7648 1 1530899 0.72 7.379338960163295
7649 1 659387 0.7241379 8.505087927915156
7650 1 586598 0.7037037 11.407583951950073
7651 1 1296520 0.7222222 20.351665909402072
7652 1 1779686 0.75 12.04777997918427
7653 1 1125778 0.7368421 19.260428962297738
7654 1 629227 0.73333335 5.449659074656665
7655 1 538209 0.7241379 10.45503094792366
7656 1 21700 0.71428573 9.212531964294612
7657 1 1436967 0.72727275 4.754251101985574
7658 1 1322850 0.7096774 21.45791007205844
7659 1 967124 0.7 12.30001903604716
7660 1 2031870 0.74285716 17.52666791435331
7661 1 2268750 0.76666665 19.30716505739838
7662 1 586500 0.71875 16.272232052870095
7663 1 1655130 0.7083333 5.309385014697909
7664 1 32096 0.7058824 14.47086303960532
7665 1 825118 0.71428573 6.092441966757178
7666 1 2212352 0.73333335 10.940736974589527
7667 1 197402 0.7241379 5.602515069767833
7668 1 704480 0.73913044 4.4629250187426805
7669 1 2121701 0.7419355 7.8663460444658995
7670 1 1829719 0.7 19.663815037347376
7671 1 1649066 0.7352941 17.22590602003038
7672 1 1935553 0.7586207 9.702546987682581
7673 1 1121935 0.7419355 14.382936991751194
7674 1 1048468 0.72727275 17.084380029700696
7675 1 816660 0.7096774 16.650101984851062
7676 1 852827 0.7352941 18.392455065622926
7677 1 975375 0.73333335 11.267998022958636
7678 1 244201 0.7692308 4.9318859819322824
7679 1 2262614 0.71875 18.147925031371415
7680 1 1906969 0.71875 12.86259398330003
7681 1 2130511 0.7419355 15.172076993621886
7682 1 1234448 0.7241379 16.430160030722618
7683 1 1340069 0.71875 19.791710074059665
7684 1 1686291 0.7027027 23.119496065191925
7685 1 4377 0.77272725 3.7780400598421693
7686 1 10358 0.75757575 11.87180692795664
7687 1 957549 0.7241379 13.254347955808043
7688 1 1458812 0.7096774 14.255029032938182
7689 1 454277 0.72727275 20.64952498767525
7690 1 1679261 0.7 12.417485937476158
7691 1 70004 0.7 12.140986043959856
7692 1 1257656 0.71875 11.470331926830113
7693 1 1116574 0.7352941 15.866782981902361
7694 1 1062538 0.7352941 19.51454801019281
7695 1 1617801 0.76 6.604796973988414
7696 1 1707516 0.76666665 15.567903988994658
7697 1 1186497 0.7777778 15.98981802817434
7698 1 1130743 0.71875 16.127238050103188
7699 1 1142984 0.7096774 14.77795303799212
7700 1 1159164 0.75 7.017530035227537
7701 1 876204 0.7058824 20.161128952167928
7702 1 301776 0.72727275 17.66254799440503
7703 1 557951 0.7352941 20.139665924943984
7704 1 1552741 0.7307692 9.151682024821639
7705 1 271184 0.7 14.474542927928269
7706 1 533839 0.7352941 19.447844941169024
7707 1 1279791 0.7027027 22.430071025155485
7708 1 1970866 0.7037037 8.389002061448991
7709 1 31612 0.76 5.230016075074673
7710 1 1003888 0.75757575 11.531581985764205
7711 1 992392 0.7352941 19.469009013846517
7712 1 434589 0.7419355 10.653604986146092
7713 1 1625257 0.72 9.59115696605295
7714 1 389604 0.71428573 23.901531007140875
7715 1 2199771 0.7037037 15.225852956064045
7716 1 1809278 0.75 19.852128927595913
7717 1 1550725 0.7058824 22.628192091360688
7718 1 1694095 0.7407407 7.413382991217077
7719 1 1992586 0.7407407 6.822144030593336
7720 1 692706 0.71428573 13.041435973718762
7721 1 1703893 0.7 9.377017035149038
7722 1 1711320 0.7407407 11.83024502824992
7723 1 1650716 0.7777778 9.854365955106914
7724 1 1048340 0.7878788 9.863381972536445
7725 1 1570259 0.75757575 17.441652016714215
7726 1 574121 0.7714286 15.931603964418173
7727 1 1046659 0.71428573 19.207642995752394
7728 1 1194208 0.72727275 17.383033991791308
7729 1 660007 0.7 12.12566893082112
7730 1 1256355 0.7 13.804639922454953
7731 1 1040331 0.7352941 20.743679022416472
7732 1 1960265 0.7096774 14.090410084463656
7733 1 1436262 0.73333335 11.22346706688404
7734 1 1566523 0.7222222 20.550497923977673
7735 1 1112610 0.75757575 18.098170985467732
7736 1 1511017 0.7241379 15.384692000225186
7737 1 1549566 0.7352941 15.660514938645065
7738 1 372053 0.71428573 4.299893043935299
7739 1 2247518 0.71428573 9.572849026881158
7740 1 145719 0.7105263 22.500997059978545
7741 1 139370 0.7307692 5.951100029051304
7742 1 1558591 0.71428573 19.32787906844169
7743 1 1667510 0.7352941 20.17382299527526
7744 1 1077708 0.78125 13.45883496105671
7745 1 1043247 0.73333335 13.162074028514326
7746 1 1050262 0.7 13.905233005061746
7747 1 314872 0.7419355 17.201510025188327
7748 1 393645 0.79310346 6.887677940540016
7749 1 347681 0.71875 15.249543939717114
7750 1 1276462 0.78571427 11.20772201102227
7751 1 1139478 0.73333335 15.43935900554061
7752 1 2473744 0.71875 19.803827977739275
7753 1 1536568 0.7 8.04691796656698
7754 1 893201 0.7058824 12.24467100109905
7755 1 783931 0.7352941 19.234194071032107
7756 1 1094076 0.7352941 11.895599076524377
7757 1 339510 0.7878788 14.2920829821378
7758 1 1664224 0.7777778 5.936778034083545
7759 1 1146144 0.7878788 18.14982108771801
7760 1 199382 0.7241379 7.438945001922548
7761 1 2355460 0.7105263 16.33456803392619
7762 1 1756080 0.72727275 17.605998902581632
7763 1 1308496 0.71428573 18.108290969394147
7764 1 938333 0.7692308 8.167709107510746
7765 1 143329 0.7096774 13.18793895188719
7766 1 463132 0.71428573 8.478011004626751
7767 1 1578726 0.7096774 10.603892034851015
7768 1 288170 0.75 7.1715249214321375
7769 1 932733 0.75 15.26813895907253
7770 1 241203 0.73333335 15.483186929486692
7771 1 1571786 0.7352941 17.65888393856585
7772 1 10258 0.78125 18.129399977624416
7773 1 2227382 0.7027027 21.560237975791097
7774 1 315042 0.75 12.029118021018803
7775 1 925 0.7241379 8.375575067475438
7776 1 1676662 0.7307692 8.648146991617978
7777 1 445752 0.71875 11.267910012975335
7778 1 1001912 0.7058824 16.213627997785807
7779 1 659180 0.71428573 21.65825793053955
7780 1 1432022 0.7222222 20.330304047092795
7781 1 1640549 0.71875 15.379251097328961
7782 1 2020417 0.75 17.036281991750002
7783 1 115884 0.71428573 10.08452195674181
7784 1 145895 0.75 15.254904981702566
7785 1 538882 0.7058824 17.23666803445667
7786 1 2158023 0.72727275 18.32278596702963
7787 1 274362 0.75 15.204887953586876
7788 1 1192955 0.7096774 12.298605986870825
7789 1 2253045 0.7096774 16.67201693635434
7790 1 76978 0.7058824 21.63253305479884
7791 1 1186967 0.7058824 21.59897703677416
7792 1 648600 0.72727275 13.167026918381453
7793 1 2437871 0.7058824 19.553082063794136
7794 1 1558033 0.7241379 11.199250002391636
7795 1 1963200 0.72727275 4.715190967544913
7796 1 1463398 0.7241379 7.380323018878698
7797 1 533770 0.7 9.140537003986537
7798 1 31783 0.7297297 20.82692796830088
7799 1 1663255 0.71428573 7.48026801738888
7800 1 1078975 0.73333335 11.928397929295897
7801 1 249912 0.7741935 13.376244925893843
7802 1 483315 0.75 16.41736296005547
7803 1 153775 0.71428573 23.291832068935037
7804 1 1594632 0.7058824 20.07023594342172
7805 1 1015833 0.7586207 5.122259026393294
7806 1 1165355 0.71875 15.861441032029688
7807 1 1477396 0.75 16.93577296100557
7808 1 499521 0.7 9.32014302816242
7809 1 1654856 0.7 12.12832797318697
7810 1 1074622 0.79310346 12.774371076375246
7811 1 421257 0.7096774 11.367155006155372
7812 1 2451145 0.7419355 12.001203023828566
7813 1 1801925 0.76666665 18.10562191531062
7814 1 1908938 0.7741935 17.030724906362593
7815 1 1511017 0.75 12.151142000220716
7816 1 49001 0.7741935 15.160807059146464
7817 1 1106227 0.7 13.932493049651384
7818 1 1545492 0.71428573 5.958117893896997
7819 1 1057167 0.7058824 16.339255031198263
7820 1 1910813 0.7352941 20.68760700058192
7821 1 2315194 0.7741935 17.500423942692578
7822 1 1629073 0.7105263 20.14622208662331
7823 1 1911289 0.79310346 13.733132975175977
7824 1 1172470 0.78125 13.60951701644808
7825 1 412344 0.7058824 20.800585974939167
7826 1 1442979 0.7241379 9.729433921165764
7827 1 1964042 0.7083333 4.5265459921211
7828 1 1086226 0.7 12.646608985960484
7829 1 510478 0.7058824 17.4920370336622
7830 1 614427 0.75757575 19.02574999257922
7831 1 630186 0.7058824 17.492186976596713
7832 1 21487 0.7419355 14.808539068326354
7833 1 502989 0.7692308 7.478059967979789
7834 1 510926 0.71428573 21.71063399873674
7835 1 2377318 0.7096774 13.864016975276172
7836 1 870030 0.71794873 20.79391002189368
7837 1 482445 0.7419355 14.663859969004989
7838 1 1404200 0.71428573 13.00408598035574
7839 1 1623420 0.75 10.412845993414521
7840 1 141186 0.71875 15.773318009451032
7841 1 357061 0.75 14.639516011811793
7842 1 873759 0.78125 16.244356986135244
7843 1 748919 0.71428573 12.959248037077487
7844 1 426294 0.72727275 17.892502015456557
7845 1 1727243 0.76 7.894237991422415
7846 1 104255 0.74285716 12.968570925295353
7847 1 1330942 0.7 14.89935105200857
7848 1 857986 0.71428573 7.267229026183486
7849 1 1994001 0.71428573 21.46450406871736
7850 1 1759246 0.75 6.041451008059084
7851 1 1291161 0.7419355 16.448811977170408
7852 1 940909 0.7241379 8.419166901148856
7853 1 316042 0.7058824 24.810213944874704
7854 1 1664771 0.71428573 24.40353704150766
7855 1 1855246 0.71875 14.088731026276946
7856 1 1672415 0.7307692 6.188885075971484
7857 1 1174347 0.7647059 16.58853201661259
7858 1 1273209 0.7 13.485569041222334
7859 1 1347327 1.0 12.833907967433333
7860 1 1464214 0.7058824 25.705432053655386
7861 1 518686 0.74285716 23.027043091133237
7862 1 661716 0.73333335 20.059450063854456
7863 1 668313 0.7096774 21.447283099405468
7864 1 1905410 0.71428573 21.381137892603874
7865 1 1384313 0.7083333 6.741932942532003
7866 1 634684 0.7096774 14.297114103101194
7867 1 1477532 0.72 4.344437038525939
7868 1 1358116 0.7352941 20.067134988494217
7869 1 1266039 1.0 7.3879610281437635
7870 1 20465 0.71875 15.317811979912221
7871 1 1569519 0.7419355 7.978969952091575
7872 1 342532 0.7 9.78793203830719
7873 1 1272716 0.7586207 6.737176910974085
7874 1 1677057 0.7222222 19.602621905505657
7875 1 1903269 0.7777778 10.049783973954618
7876 1 1046065 0.7058824 23.815952939912677
7877 1 1591629 0.7058824 18.13270791899413
7878 1 2283755 0.74285716 20.714874961413443
7879 1 1858213 0.75757575 19.17992194648832
7880 1 142888 0.75757575 19.380762008950114
7881 1 1713067 0.7307692 7.569195004180074
7882 1 910880 0.7037037 8.749363012611866
7883 1 495071 0.7058824 23.447921965271235
7884 1 1807901 0.7407407 7.329717045649886
7885 1 1454238 0.71428573 11.656128917820752
7886 1 437428 0.7419355 12.18942308332771
7887 1 1467166 0.7777778 9.659665054641664
7888 1 1653198 0.75 14.471606002189219
7889 1 1620426 0.75 9.779323008842766
7890 1 1133859 0.71428573 18.21738702710718
7891 1 981579 0.71875 12.881117989309132
7892 1 1908584 0.7619048 3.4176569897681475
7893 1 1565338 0.72727275 15.429016086272895
7894 1 1899221 0.7647059 18.112626974470913
7895 1 195711 0.71428573 7.379616959951818
7896 1 1068444 0.71428573 16.716328100301325
7897 1 1203678 0.7352941 19.217024906538427
7898 1 666734 0.76666665 13.42184201348573
7899 1 1157340 0.75 16.4858439238742
7900 1 275096 0.73333335 13.261880027130246
7901 1 747463 0.75 8.667434914968908
7902 1 1463517 0.72727275 16.425413079559803
7903 1 1433186 0.7916667 4.950100905261934
7904 1 238112 0.75 4.853119025938213
7905 1 734023 0.7941176 15.250543947331607
7906 1 2355439 0.7096774 14.673512079752982
7907 1 412652 0.72727275 3.9769470458850265
7908 1 1300146 0.7407407 11.020484031178057
7909 1 1234534 0.79310346 12.867787037976086
7910 1 1614561 0.725 18.594333087094128
7911 1 2820 0.71875 16.052560997195542
7912 1 1640219 0.71875 11.53829600661993
7913 1 1399012 1.0 5.111441016197205
7914 1 451068 0.7419355 11.409011902287602
7915 1 2018489 0.7037037 8.74900899361819
7916 1 600797 0.7647059 18.27297790441662
7917 1 6476 0.7 12.354544014669955
7918 1 746596 0.7 12.695141951553524
7919 1 611932 0.7 9.94667294435203
7920 1 201273 0.72727275 20.46806795988232
7921 1 1668405 0.7037037 11.974779888987541
7922 1 717568 0.75757575 19.393714959733188
7923 1 2457346 0.71428573 16.679191030561924
7924 1 442618 0.7826087 4.304400994442403
7925 1 1321168 0.7297297 21.898544975556433
7926 1 673776 0.7586207 16.932731959968805
7927 1 2388043 0.75757575 18.597139976918697
7928 1 142289 0.7058824 22.400437970645726
7929 1 184881 0.7 12.058234075084329
7930 1 1178187 0.7777778 15.074011986143887
7931 1 1385999 0.725 20.261242054402828
7932 1 1079429 0.73333335 4.676221986301243
7933 1 1157106 0.7352941 19.210122991353273
7934 1 1030729 0.7297297 17.05170003697276
7935 1 2172357 0.7027027 21.74991206265986
7936 1 439558 0.71875 16.495713964104652
7937 1 1554594 0.7 13.87618703301996
7938 1 1445062 0.7586207 9.696885012090206
7939 1 346817 0.7419355 10.638806968927383
7940 1 2455037 0.74285716 19.229831057600677
7941 1 735661 0.7692308 6.3022279646247625
7942 1 869915 0.74285716 10.807028040289879
7943 1 1938071 0.76 8.766134968027472
7944 1 1970866 0.7307692 6.017884938046336
7945 1 410818 0.75 10.437784949317575
7946 1 716819 0.7037037 8.729004999622703
7947 1 1466643 0.72727275 17.97801291104406
7948 1 1733043 0.71875 9.174642967991531
7949 1 10845 0.71428573 17.504655057564378
7950 1 1521553 0.75 17.665144056081772
7951 1 630184 0.73333335 7.0146359503269196
7952 1 833350 0.74285716 19.105350016616285
7953 1 490252 0.71428573 9.235433069989085
7954 1 1713887 0.7058824 16.679904074408114
7955 1 863052 0.7352941 19.092838978394866
7956 1 666353 0.7 14.94166802149266
7957 1 598202 0.72727275 18.31160602159798
7958 1 1448714 0.75757575 18.22081906720996
7959 1 976796 0.73333335 11.835374985821545
7960 1 1165792 0.7105263 21.77031897008419
7961 1 518655 0.7096774 13.838096987456083
7962 1 1001780 0.7368421 19.0359300468117
7963 1 1056470 0.7083333 4.436731105670333
7964 1 231654 0.7878788 15.555038000456989
7965 1 537773 0.7241379 5.114289931952953
7966 1 443758 0.7083333 6.470703985542059
7967 1 1987104 0.7058824 14.687287039123476
7968 1 556051 0.7096774 9.771310957148671
7969 1 24777 0.7741935 13.960569980554283
7970 1 1063976 0.7352941 10.851086000911891
7971 1 659833 0.75 10.087804985232651
7972 1 83167 0.7241379 5.617273971438408
7973 1 1968818 0.7307692 8.901303051970899
7974 1 1530211 0.7878788 10.894168983213603
7975 1 1073845 0.7027027 20.229015965014696
7976 1 1378389 0.71428573 13.42633506283164
7977 1 1173099 0.7058824 20.17154695931822
7978 1 2199327 0.7 6.162757053971291
7979 1 1299215 0.71875 12.57717004045844
7980 1 1301619 0.76 6.576269981451333
7981 1 1143288 0.71794873 21.252305014058948
7982 1 1619612 0.7058824 17.25383591838181
7983 1 1969281 0.7692308 6.978127057664096
7984 1 116528 0.75 10.348943993449211
7985 1 2272379 0.75 7.049864972941577
7986 1 1176047 0.7777778 17.76623202022165
7987 1 1653198 0.7 23.78311299253255
7988 1 764857 0.7419355 13.057439937256277
7989 1 1170645 0.7027027 14.02383903041482
7990 1 390744 0.7878788 17.491644015535712
7991 1 309780 0.7 18.53808294981718
7992 1 930871 0.7096774 15.150427003391087
7993 1 1669083 0.71428573 9.513827040791512
7994 1 2199328 0.7419355 12.289892067201436
7995 1 1483061 0.7241379 13.067599036730826
7996 1 2436753 0.78571427 10.777685092762113
7997 1 1096453 0.7058824 19.873648998327553
7998 1 388559 0.7352941 19.881314015947282
7999 1 1261897 0.71875 15.542750945314765
8000 1 2115778 0.7714286 17.474454012699425
8001 1 451339 0.75 5.204346030950546
8002 1 305184 0.7058824 22.121877991594374
8003 1 1073788 0.7241379 8.929171017371118
8004 1 443778 0.7777778 4.716343013569713
8005 1 1042380 0.7878788 18.067302997224033
8006 1 660385 0.7096774 11.689882026985288
8007 1 1626528 0.76666665 10.864909971132874
8008 1 472559 0.7586207 11.142963892780244
8009 1 1433186 0.7083333 4.888982977718115
8010 1 844858 0.7037037 12.346829986199737
8011 1 1260325 0.75 12.962175067514181
8012 1 2276570 0.71428573 17.772524035535753
8013 1 1293783 0.7241379 11.115623055957258
8014 1 1160567 0.7027027 16.714127967134118
8015 1 2199771 0.7307692 10.729652014560997
8016 1 43213 0.7692308 7.9903959995135665
8017 1 1553497 0.73333335 11.91862695850432
8018 1 1270379 0.7407407 11.937925941310823
8019 1 1418407 0.7419355 7.010112050920725
8020 1 1530839 0.7241379 12.881285976618528
8021 1 1671670 0.71428573 21.68130304198712
8022 1 77752 0.7352941 19.189891987480223
8023 1 32729 0.7096774 14.10186302382499
8024 1 355638 0.71428573 21.588820032775402
8025 1 994185 0.725 20.50778002012521
8026 1 1450433 0.7 12.164910905994475
8027 1 1169226 0.72727275 17.42337003815919
8028 1 1711322 0.71428573 20.0485959649086
8029 1 407101 0.7586207 11.987091973423958
8030 1 2199771 0.7916667 6.348569062538445
8031 1 1117442 0.7647059 15.973867964930832
8032 1 499981 0.7352941 20.324544981122017
8033 1 1628591 0.75 20.625369041226804
8034 1 1346388 1.0 11.835612007416785
8035 1 1119569 0.75 19.870112999342382
8036 1 2006273 0.74285716 19.66917305253446
8037 1 22584 0.75757575 18.857844988815486
8038 1 663997 0.7407407 7.159728091210127
8039 1 2469658 0.73333335 12.407768983393908
8040 1 1553299 0.7878788 13.267443981021643
8041 1 1317765 0.75 16.793998889625072
8042 1 1408860 0.7222222 12.505549006164074
8043 1 1030179 0.71875 17.17283797916025
8044 1 1952088 0.7352941 20.370519952848554
8045 1 1110437 0.7058824 23.56354205403477
8046 1 1516382 0.75 8.515995927155018
8047 1 245653 0.7 13.366499915719032
8048 1 1735041 0.7037037 4.286271054297686
8049 1 1050280 0.75 19.946333020925522
8050 1 803474 0.7058824 20.117998006753623
8051 1 956533 0.7058824 16.922165057621896
8052 1 1963191 0.73333335 11.060826946049929
8053 1 1015435 0.71875 15.968271996825933
8054 1 760963 0.7037037 8.935151970945299
8055 1 1420103 0.78125 15.76974696945399
8056 1 1061958 0.70454544 44.9147520121187
8057 1 663416 0.70454544 42.58648492395878
8058 1 1015477 0.7111111 52.86157701630145
8059 1 1196003 0.73913044 47.607775893993676
8060 1 2449033 0.77272725 49.79300906416029
8061 1 1146464 0.71794873 28.957835980691016
8062 1 1441321 0.7209302 45.87874899152666
8063 1 1073402 0.75 24.174929945729673
8064 1 1691303 0.7659575 47.67922102473676
8065 1 2049192 0.7692308 33.18428201600909
8066 1 1558866 0.775 35.31714191194624
8067 1 1553283 0.79545456 48.77090698573738
8068 1 20227 0.7 44.77892001159489
8069 1 1471643 0.70212764 52.61475394945592
8070 1 477121 0.75 38.50535093806684
8071 1 1731904 0.7368421 37.91960806120187
8072 1 1128805 0.75 24.950513965450227
8073 1 575808 0.73170733 42.945171939209104
8074 1 1079160 0.7346939 52.94443294405937
8075 1 1128617 0.7619048 40.05238902755082
8076 1 1520427 0.79545456 46.49261001031846
8077 1 1444103 0.7 45.32821103930473
8078 1 1099524 0.7105263 35.36433901172131
8079 1 663345 0.7 42.26628807373345
8080 1 1356187 0.8918919 29.513866058550775
8081 1 1317348 0.75 52.102274959906936
8082 1 1078086 0.75555557 45.76383100356907
8083 1 9171 0.78125 21.87521499581635
8084 1 1032529 0.7173913 46.056104940362275
8085 1 653279 0.71428573 48.74600097537041
8086 1 1686405 0.74358976 38.3895420236513
8087 1 1467787 0.7027027 38.17322803661227
8088 1 1084840 0.7631579 23.401497048325837
8089 1 537963 0.70212764 53.56456502340734
8090 1 721435 0.75 34.329153946600854
8091 1 1454121 0.74358976 25.638168095611036
8092 1 1394917 0.7105263 28.178876964375377
8093 1 1057599 0.7804878 37.452533026225865
8094 1 322526 0.74358976 36.12035803962499
8095 1 1175785 0.75609756 46.695024939253926
8096 1 2121608 0.7297297 26.25547896604985
8097 1 1557378 0.7777778 29.313415056094527
8098 1 1576146 0.775 43.83224796038121
8099 1 1908840 0.71428573 24.614865076728165
8100 1 1773446 0.7234042 51.33094801567495
8101 1 1024987 0.7105263 38.59139699488878
8102 1 841312 0.73170733 29.829837032593787
8103 1 1406197 0.7368421 28.143119998276234
8104 1 1439681 0.7209302 45.66174407955259
8105 1 1063036 0.79545456 47.77460091281682
8106 1 540628 0.7777778 26.93224896211177
8107 1 1548743 0.775 29.431159957312047
8108 1 1498103 0.74358976 37.07958303857595
8109 1 1220951 0.7083333 45.76166800688952
8110 1 1741839 0.7804878 29.544753022491932
8111 1 562927 0.74358976 42.74182894732803
8112 1 1733136 0.7297297 31.268466031178832
8113 1 2055994 0.7297297 23.48395495209843
8114 1 655943 0.7 35.4728460079059
8115 1 923381 0.7631579 29.89817806519568
8116 1 476549 0.78125 22.046462981961668
8117 1 1997397 0.74358976 39.78361107874662
8118 1 1078506 0.7804878 45.382695039734244
8119 1 611754 0.7647059 33.45529700163752
8120 1 1705590 0.71794873 46.31683509796858
8121 1 2113627 0.73913044 39.6187239093706
8122 1 858157 0.70731705 36.29100602120161
8123 1 1623760 0.71428573 52.62187495827675
8124 1 553281 0.71428573 34.56780593842268
8125 1 514145 0.70454544 44.31055800523609
8126 1 1474725 0.76744187 45.05463503301144
8127 1 1562830 0.7380952 54.24047389533371
8128 1 312235 0.75609756 39.025599020533264
8129 1 990846 0.71428573 50.30840099789202
8130 1 2106246 0.7380952 47.00152005534619
8131 1 1901523 0.74285716 25.500016985461116
8132 1 2068112 0.70212764 49.33573096059263
8133 1 1094195 0.70731705 41.08358605299145
8134 1 827365 0.7894737 26.164659997448325
8135 1 720196 0.7209302 51.29109194967896
8136 1 1460487 0.7 49.92563801351935
8137 1 1306550 0.73333335 44.66284089721739
8138 1 1431583 0.7906977 45.08608707692474
8139 1 987160 0.7906977 43.76800695899874
8140 1 726168 0.7209302 53.50824201013893
8141 1 1987279 0.70454544 50.0176060013473
8142 1 977191 0.74358976 37.81224100384861
8143 1 1441339 0.7826087 46.60613997839391
8144 1 11358 0.7105263 47.53121500834823
8145 1 1254040 0.72727275 55.067506968043745
8146 1 1289956 0.7804878 36.573853925801814
8147 1 1392989 0.76744187 40.500043076463044
8148 1 1980117 0.70731705 29.485334060154855
8149 1 1504375 0.7906977 42.242527939379215
8150 1 1515778 0.7297297 24.302663980051875
8151 1 426950 0.7619048 42.153337970376015
8152 1 853348 0.71794873 26.64294803980738
8153 1 1462856 0.78571427 39.68889906536788
8154 1 1293915 0.76744187 49.406055943109095
8155 1 1095621 0.7804878 26.137734996154904
8156 1 1705777 0.72727275 45.858865953050554
8157 1 518763 0.7027027 25.842944043688476
8158 1 1779707 0.75 49.045072053559124
8159 1 1177886 0.75609756 38.98466005921364
8160 1 1308141 0.7209302 39.76190695539117
8161 1 1302915 0.70731705 32.7423179987818
8162 1 998147 0.71428573 35.507702035829425
8163 1 1629851 0.74358976 25.68756602704525
8164 1 1420648 0.7209302 48.64084895234555
8165 1 1061943 0.7209302 49.14696898777038
8166 1 544284 0.7291667 42.042352026328444
8167 1 1525759 0.73913044 50.97607395146042
8168 1 1500044 0.7631579 35.0491760764271
8169 1 1378040 0.7804878 39.30144908372313
8170 1 1654586 0.78571427 38.07063796557486
8171 1 1274215 0.7380952 37.718354957178235
8172 1 2217561 0.70731705 44.66935899108648
8173 1 1585385 0.71794873 40.56062095332891
8174 1 1623439 0.7948718 32.13314700406045
8175 1 1452403 0.75 42.412384995259345
8176 1 493157 0.7222222 24.16508295573294
8177 1 498092 0.725 24.704682058654726
8178 1 1191057 0.73170733 33.88790099415928
8179 1 1610134 0.71794873 44.06531201675534
8180 1 1046528 0.7894737 29.0764489909634
8181 1 1497381 0.7297297 23.736236966215074
8182 1 1709209 0.72727275 47.46580799110234
8183 1 744966 0.70454544 49.73573703318834
8184 1 1298288 0.7567568 29.03260209131986
8185 1 1728798 0.7804878 37.396180909127
8186 1 1212832 0.7105263 31.462459010072052
8187 1 648384 0.74285716 31.588724930770695
8188 1 1401424 0.71794873 40.958374040201306
8189 1 1261880 0.7380952 36.236017011106014
8190 1 1517669 0.73170733 45.04360305145383
8191 1 1030830 0.7 53.17661096341908
8192 1 347167 0.71428573 35.11387400794774
8193 1 2088436 0.7619048 41.81282198987901
8194 1 1300263 0.7894737 28.70275394525379
8195 1 1243119 0.75 29.181531979702413
8196 1 1508600 0.70454544 39.27302698139101
8197 1 1136545 0.7380952 42.03329107258469
8198 1 1915605 0.7368421 23.831496015191078
8199 1 1127161 0.70212764 55.913183954544365
8200 1 1475932 0.7368421 30.321987927891314
8201 1 2347240 0.72727275 48.49831201136112
8202 1 1241479 0.7631579 23.000347893685102
8203 1 447524 0.7619048 41.89509095158428
8204 1 1512196 0.77272725 43.675401946529746
8205 1 1888410 0.7105263 33.95271394401789
8206 1 1303044 0.71428573 43.24786504730582
8207 1 2431754 0.76744187 49.41310593858361
8208 1 1045781 0.7894737 28.522095060907304
8209 1 1405724 0.7567568 27.489654952660203
8210 1 942806 0.7837838 28.46301789395511
8211 1 1189074 0.79545456 42.02143894508481
8212 1 1795903 0.72727275 51.929492969065905
8213 1 1905834 0.7105263 42.151384986937046
8214 1 1966483 0.70731705 36.278426996432245
8215 1 995994 0.71428573 38.61643001437187
8216 1 807384 0.75609756 45.12317001353949
8217 1 1700028 0.75757575 21.83531690388918
8218 1 1648100 0.74358976 36.450145998969674
8219 1 1428846 0.775 38.384887971915305
8220 1 1104332 0.76744187 44.265949982218444
8221 1 2048659 0.71794873 27.679805061779916
8222 1 764347 0.7105263 35.31228599604219
8223 1 840543 0.7368421 38.56222296599299
8224 1 1063288 0.7380952 45.67414405755699
8225 1 1291639 0.75609756 35.561623983085155
8226 1 1291702 0.7111111 49.29139406885952
8227 1 1660545 0.75 35.352810053154826
8228 1 458424 0.74418604 47.557170037180185
8229 1 1621951 0.70212764 45.206621987745166
8230 1 1586809 0.7368421 29.33232206851244
8231 1 1740549 0.73913044 46.538323047570884
8232 1 945600 0.7 35.31536599621177
8233 1 595183 0.75 24.264959036372602
8234 1 1472934 0.7567568 39.615330984815955
8235 1 861639 0.7111111 51.784551003947854
8236 1 1470733 0.75 49.85434398986399
8237 1 964465 0.75 31.119121005758643
8238 1 1058246 0.7647059 20.97243000753224
8239 1 430688 0.74358976 32.26597292814404
8240 1 1107876 0.71428573 38.62748795654625
8241 1 684134 0.70731705 46.597301959991455
8242 1 1276726 0.75609756 41.76602198276669
8243 1 1497397 0.7804878 38.58904098160565
8244 1 1527077 0.7777778 46.18885100353509
8245 1 1026733 0.73170733 25.672749965451658
8246 1 1564413 0.79545456 45.26189505122602
8247 1 2075260 0.7804878 46.40953196212649
8248 1 1119033 0.73170733 42.933672899380326
8249 1 240855 0.75 37.84458991140127
8250 1 1425220 0.7692308 28.1162770697847
8251 1 389794 0.7291667 50.23814202286303
8252 1 87544 0.75 29.321565059944987
8253 1 1048483 0.71428573 26.914173969998956
8254 1 1073470 0.74418604 45.07482401095331
8255 1 2027849 0.7619048 38.900280953384936
8256 1 1652633 0.75555557 47.60963993612677
8257 1 482210 0.70731705 49.4626919971779
8258 1 1512462 0.7352941 24.60617700126022
8259 1 1626490 0.7368421 26.330879889428616
8260 1 631033 0.75609756 39.78759504389018
8261 1 292709 0.75 24.592089001089334
8262 1 836588 0.7 39.883841993287206
8263 1 1198488 0.70454544 41.96738393511623
8264 1 820267 0.7567568 36.35887801647186
8265 1 1639299 0.71794873 37.782198982313275
8266 1 1133547 0.725 40.60401895549148
8267 1 984050 0.7777778 44.03504298534244
8268 1 1262468 0.7222222 31.987331924028695
8269 1 192930 0.7368421 28.963822056539357
8270 1 1547904 0.7804878 37.61623799800873
8271 1 983315 0.70212764 47.99328499939293
8272 1 787019 0.74358976 38.17300801165402
8273 1 1708168 0.7 48.87951898854226
8274 1 1138682 0.7209302 38.830064004287124
8275 1 704839 0.74418604 31.618603970855474
8276 1 719370 0.7111111 48.99868101347238
8277 1 302029 0.7105263 38.55747904162854
8278 1 560713 0.73170733 33.29189703799784
8279 1 1475319 0.71428573 24.780221981927752
8280 1 1492919 0.75 49.98506896663457
8281 1 2031614 0.7804878 29.78951996192336
8282 1 1088748 0.7234042 49.93999202270061
8283 1 1654772 0.7 34.25811207853258
8284 1 1272326 0.725 38.83385006338358
8285 1 1513214 0.71428573 44.641406973823905
8286 1 1292214 0.7941176 26.193134021013975
8287 1 1457999 0.71794873 35.460795974358916
8288 1 738972 0.7297297 38.09955099131912
8289 1 1921934 0.7209302 40.8972849836573
8290 1 1481511 0.70731705 51.81296402588487
8291 1 1420890 0.71428573 42.24495100788772
8292 1 1715265 0.71428573 35.22147098556161
8293 1 161810 0.7631579 34.415689995512366
8294 1 1508548 0.7380952 39.47166202124208
8295 1 1109065 0.70731705 29.873952036723495
8296 1 2227382 0.7692308 36.908893031068146
8297 1 1706924 0.7567568 28.944033081643283
8298 1 1907887 0.7083333 54.32148894760758
8299 1 1127941 0.7173913 52.09954490419477
8300 1 1169636 0.78571427 40.773542947135866
8301 1 1394864 0.74285716 23.822122951969504
8302 1 630286 0.75 22.949525038711727
8303 1 1961930 0.7894737 34.533250029198825
8304 1 1243513 0.76086956 48.40138799045235
8305 1 2048484 0.7291667 51.76130507607013
8306 1 619524 0.73333335 47.52270400058478
8307 1 1123173 0.7777778 20.257702097296715
8308 1 1465332 0.7297297 23.294679005630314
8309 1 426192 0.7826087 46.33624909911305
8310 1 2114024 0.75 38.60272199381143
8311 1 1158985 0.775 36.1802940024063
8312 1 572295 0.7 43.41536993160844
8313 1 1121037 0.7692308 32.96550700906664
8314 1 569535 0.71428573 24.565386003814638
8315 1 1022380 0.7 53.52860002312809
8316 1 2068074 0.77272725 41.867785970680416
8317 1 1843653 0.7826087 42.86140901967883
8318 1 1546799 0.7368421 26.46260999608785
8319 1 1124944 0.74358976 30.3864108864218
8320 1 1538980 0.75 38.44326199032366
8321 1 1498657 0.7209302 49.26871496718377
8322 1 1280712 0.7692308 38.941822946071625
8323 1 1566244 0.725 32.72553300485015
8324 1 1402384 0.7619048 41.97329806629568
8325 1 855566 0.7173913 56.00929295178503
8326 1 660931 0.7804878 37.75887400843203
8327 1 1346648 0.725 31.341592082753778
8328 1 1587431 0.7619048 42.719366028904915
8329 1 1183844 0.7692308 30.312982038594782
8330 1 455710 0.7058824 24.97291099280119
8331 1 1015715 0.71153843 55.109302047640085
8332 1 364453 0.7619048 41.47442488465458
8333 1 1183307 0.71428573 50.72102590929717
8334 1 1137473 0.7837838 27.038563042879105
8335 1 1377244 0.70454544 42.65850002411753
8336 1 1469168 0.70454544 38.68347709067166
8337 1 2258750 0.71794873 30.121389077976346
8338 1 1006290 0.7380952 38.14057901035994
8339 1 1125499 0.75 33.57005806174129
8340 1 1757796 0.77272725 46.667443006299436
8341 1 123284 0.71428573 26.134409941732883
8342 1 1023892 0.75 23.09312194120139
8343 1 1594322 0.775 21.555038983933628
8344 1 1456955 0.7380952 37.94786101207137
8345 1 1062409 0.70454544 45.086852042004466
8346 1 1899932 0.71428573 38.58656994998455
8347 1 1493444 0.74358976 30.67431296221912
8348 1 2383728 0.75 49.63342100381851
8349 1 479840 0.7647059 22.491104900836945
8350 1 1059286 0.7777778 24.19130294583738
8351 1 1552318 0.75757575 25.60374408494681
8352 1 563671 0.7105263 31.434715958312154
8353 1 510304 0.7906977 45.22217495832592
8354 1 34215 0.7777778 23.451279033906758
8355 1 1471956 0.74358976 31.894903047941625
8356 1 1280323 0.7111111 52.492067916318774
8357 1 110903 0.75 43.290027999319136
8358 1 1290607 0.7368421 30.35257605370134
8359 1 1055038 0.77272725 37.497580982744694
8360 1 901436 0.7105263 33.90855097677559
8361 1 1373576 0.7222222 23.365568951703608
8362 1 28003 0.74358976 31.11954708583653
8363 1 1604587 0.71875 24.578351993113756
8364 1 781779 0.7692308 33.43842807225883
8365 1 1498965 0.7209302 41.77177103701979
8366 1 1468865 0.7222222 26.43510897178203
8367 1 617938 0.78125 21.198124042712152
8368 1 200987 0.7027027 34.0744819259271
8369 1 1475832 0.7692308 26.56717994250357
8370 1 1161127 0.7826087 46.44412198103964
8371 1 1611164 0.74358976 22.841218975372612
8372 1 1272598 0.76086956 45.30838201753795
8373 1 2105754 0.7826087 47.07042302470654
8374 1 461766 0.74285716 28.89684506226331
8375 1 2407300 0.7567568 27.0226449938491
8376 1 1630123 0.7027027 30.761362984776497
8377 1 1072808 0.75 49.66331506147981
8378 1 1451740 0.7894737 33.021591953001916
8379 1 1363845 0.76744187 44.39658694900572
8380 1 1549696 0.7619048 38.30331203062087
8381 1 1401911 0.75 52.70020000170916
8382 1 1162754 0.7209302 54.90775697398931
8383 1 1167171 0.7878788 22.592052002437413
8384 1 1294522 0.78125 20.727999974042177
8385 1 573017 0.71794873 26.28505590837449
8386 1 580307 0.7 43.74721203930676
8387 1 1013667 0.75555557 39.453568984754384
8388 1 1001479 0.7209302 43.181796092540026
8389 1 1369084 0.70454544 55.87057792581618
8390 1 219585 0.7297297 31.29684505984187
8391 1 1485750 0.70731705 52.588311955332756
8392 1 1192162 0.7380952 43.94459805916995
8393 1 1273252 0.74285716 22.85107201896608
8394 1 1095546 0.7209302 47.24521597381681
8395 1 1433073 0.7297297 31.341054011136293
8396 1 1241144 0.7 42.29390399996191
8397 1 1609916 0.7368421 37.22234594170004
8398 1 1987769 0.79545456 46.78277904167771
8399 1 1552586 0.7619048 42.75733302347362
8400 1 1532385 0.7105263 31.733660958707333
8401 1 1199454 0.75 34.45019596256316
8402 1 1510334 0.7105263 38.46908500418067
8403 1 1018350 0.7368421 36.26751294359565
8404 1 1127677 0.75 42.5924661103636
8405 1 1482717 0.7777778 47.65986406709999
8406 1 1549895 0.70731705 35.29812302440405
8407 1 1071519 0.70454544 44.51302601955831
8408 1 1552942 0.73913044 46.235288958996534
8409 1 1599109 0.775 22.967710974626243
8410 1 1486198 0.75 48.999028047546744
8411 1 876061 0.7297297 34.65119190514088
8412 1 156595 0.75757575 25.4950609523803
8413 1 592618 0.7297297 25.90078709181398
8414 1 921563 0.7804878 40.32723302952945
8415 1 1177958 0.70454544 53.20445995312184
8416 1 1273031 0.70454544 42.8744190139696
8417 1 1502733 0.75 37.764990935102105
8418 1 140840 0.7209302 49.8634820105508
8419 1 1056035 0.76086956 47.091969987377524
8420 1 1006142 0.7692308 33.243678975850344
8421 1 1635678 0.75 24.293001042678952
8422 1 1946077 0.7346939 50.04035809542984
8423 1 502047 0.74285716 25.488481973297894
8424 1 1549802 0.7714286 26.13826096057892
8425 1 1113467 0.79545456 45.9983249893412
8426 1 1158325 0.7368421 31.402389984577894
8427 1 526406 0.7105263 26.060480973683298
8428 1 1274769 0.75 41.26292001456022
8429 1 1613854 0.74285716 22.50826102681458
8430 1 1186459 0.70454544 47.27540200110525
8431 1 1207870 0.76744187 35.038110916502774
8432 1 1075276 0.7027027 28.3177699893713
8433 1 1141233 0.7105263 31.671231030486524
8434 1 865557 0.7027027 35.771676106378436
8435 1 395478 0.75 46.21627100277692
8436 1 1103886 0.7058824 49.666400998830795
8437 1 1305299 0.75 22.840319899842143
8438 1 1577052 0.70454544 49.94638392236084
8439 1 842245 0.7111111 44.265674077905715
8440 1 2093772 0.78571427 40.372313000261784
8441 1 2052497 0.70731705 31.920392997562885
8442 1 1000885 0.70731705 49.735809094272554
8443 1 1474994 0.74285716 23.344457964412868
8444 1 997511 0.74285716 25.83378995768726
8445 1 1159552 0.70454544 39.80561997741461
8446 1 1511923 0.74285716 22.26862101815641
8447 1 840889 0.75609756 34.42435106262565
8448 1 1555681 0.7906977 45.12481892015785
8449 1 1256411 0.70454544 44.40070106647909
8450 1 1662618 0.77272725 48.33725397475064
8451 1 1506975 0.71428573 41.641385992988944
8452 1 189548 0.75 24.588792002759874
8453 1 2295295 0.7826087 42.573970975354314
8454 1 1275578 0.76744187 39.750749012455344
8455 1 1252740 0.75 24.129298981279135
8456 1 1096968 0.7058824 53.156796959228814
8457 1 1713115 0.7 38.17676706239581
8458 1 2388290 0.7567568 21.900516003370285
8459 1 1005288 0.725 38.545718998648226
8460 1 1060036 0.7111111 44.248964986763895
8461 1 1658904 0.7083333 48.78978303167969
8462 1 1349169 0.7111111 44.35100103728473
8463 1 1214411 0.7567568 24.26793402992189
8464 1 2451434 0.7714286 24.791866075247526
8465 1 543376 0.73333335 52.537226933054626
8466 1 1627555 0.77272725 43.58917404897511
8467 1 1630466 0.75 24.789401097223163
8468 1 1148021 0.71428573 33.14940899144858
8469 1 1451973 0.7352941 25.70143504999578
8470 1 1001746 0.77272725 45.62749003525823
8471 1 1711131 0.73333335 48.33215591497719
8472 1 1333062 0.7837838 29.933040030300617
8473 1 1026940 0.7692308 31.571835977956653
8474 1 833811 0.71428573 25.72202298324555
8475 1 1049360 0.7111111 49.966408987529576
8476 1 1854610 0.7058824 28.17318495362997
8477 1 1118067 0.75 24.30174103938043
8478 1 1510819 0.7714286 26.527161011472344
8479 1 1686405 0.74358976 35.744730033911765
8480 1 2074569 0.7380952 36.144868936389685
8481 1 1586809 0.71794873 38.147554034367204
8482 1 754634 0.71428573 36.11533704679459
8483 1 1405194 0.7027027 45.31627893447876
8484 1 948525 0.70731705 47.82672296278179
8485 1 1574288 0.73913044 44.23059697728604
8486 1 1252550 0.7027027 28.148030978627503
8487 1 1465448 0.7 31.17096400819719
8488 1 2247243 0.7 37.03958494588733
8489 1 1211356 0.7058824 52.483947947621346
8490 1 563671 0.7105263 32.678898074664176
8491 1 1190202 0.7 48.48266008775681
8492 1 672040 0.7209302 49.39035698771477
8493 1 421710 0.7380952 43.80293597932905
8494 1 1452412 0.7209302 39.658053079620004
8495 1 944200 0.7567568 29.01529206428677
8496 1 601168 0.70731705 33.93520205281675
8497 1 1065358 0.725 31.693708966486156
8498 1 564588 0.7234042 49.38992008101195
8499 1 2282706 0.7941176 27.292540995404124
8500 1 1499798 0.7027027 25.877068052068353
8501 1 463031 0.74418604 40.21308699157089
8502 1 1438939 0.78723407 45.836466015316546
8503 1 1118031 0.7027027 26.420718990266323
8504 1 809820 0.7619048 43.29621093347669
8505 1 1142664 0.74358976 32.262685941532254
8506 1 1323558 0.7083333 50.86897499859333
8507 1 461284 0.71428573 26.705865981057286
8508 1 1570488 0.79545456 39.026567013934255
8509 1 44138 0.7368421 32.583471038378775
8510 1 837688 0.7297297 36.58982890192419
8511 1 1482400 0.79545456 48.88620204292238
8512 1 1410316 0.76744187 49.16444595437497
8513 1 2075973 0.7058824 56.88461207319051
8514 1 1088910 0.7209302 46.40237789135426
8515 1 388469 0.71794873 40.77304003294557
8516 1 1300054 0.7209302 51.882322994060814
8517 1 1272027 0.70454544 42.83624701201916
8518 1 1676703 0.78125 20.64425591379404
8519 1 2354419 0.71428573 25.66144708544016
8520 1 945936 0.77272725 46.7505770502612
8521 1 1270936 0.775 41.75654600840062
8522 1 2042494 0.71794873 40.41289701126516
8523 1 1486761 0.76744187 40.36480200011283
8524 1 2413776 0.75 25.014214916154742
8525 1 1009591 0.7209302 50.33816897775978
8526 1 782046 0.75 25.835175067186356
8527 1 1616979 0.72727275 41.02965095080435
8528 1 1452767 0.71428573 25.872911093756557
8529 1 1043827 0.79545456 41.869312059134245
8530 1 2046760 0.75 50.33391201868653
8531 1 734937 0.7777778 26.596951065585017
8532 1 1180393 0.7222222 27.095709927380085
8533 1 742788 0.7368421 32.89795003365725
8534 1 1111555 0.70731705 37.254447932355106
8535 1 243529 0.77272725 45.871654991060495
8536 1 648830 0.71428573 27.789828018285334
8537 1 1594557 0.7380952 38.802594994194806
8538 1 1571570 0.7777778 28.076009009964764
8539 1 719120 0.75 49.87376800272614
8540 1 38618 0.75 43.91439398750663
8541 1 567667 0.78571427 35.40691698435694
8542 1 2078684 0.73913044 45.85110396146774
8543 1 2093930 0.71428573 38.847825955599546
8544 1 1803619 0.74285716 35.91102105565369
8545 1 655159 0.7297297 23.47998903132975
8546 1 1609785 0.7446808 46.26965906936675
8547 1 991711 0.7297297 32.83646609634161
8548 1 1005352 0.7837838 34.5388570567593
8549 1 1392594 0.7804878 40.19424598664045
8550 1 1615254 0.725 39.633210049942136
8551 1 2386788 0.71428573 40.772972046397626
8552 1 1480296 0.70454544 49.8119390103966
8553 1 1453049 0.74418604 40.27740203309804
8554 1 626461 0.7 44.67898898292333
8555 1 1154267 0.7 52.46776400599629
8556 1 440233 0.7083333 59.56553597934544
8557 1 820650 0.71428573 62.46235000435263
8558 1 1625518 0.7 60.403898009099066
8559 1 1120568 0.72727275 61.29240000154823
8560 1 1207719 0.754717 64.70502994488925
8561 1 601749 0.7254902 64.22200705856085
8562 1 1495564 0.71428573 63.986893044784665
8563 1 1107979 0.74545455 64.70171199180186
8564 1 1048150 0.73214287 65.70216896943748
8565 1 1492887 0.7818182 60.95761002507061
8566 1 1267059 0.71153843 69.37681406270713
8567 1 2111401 0.75 61.19258899707347
8568 1 771428 0.7222222 66.70207693241537
8569 1 654827 0.7346939 63.53300402406603
8570 1 1139333 0.7090909 67.41759402211756
8571 1 1043130 0.74509805 61.35684996843338
8572 1 1301059 0.7169811 61.76276796031743
8573 1 1061424 0.7368421 66.3907959824428
8574 1 974484 0.7755102 54.41038601566106
8575 1 846458 0.78723407 48.74160001054406
8576 1 1077087 0.7307692 61.30324606783688
8577 1 1483664 0.7692308 59.30162710137665
8578 1 1802573 0.7 63.28019604552537
8579 1 662314 0.7346939 56.35466892272234
8580 1 1002422 0.78 56.286490987986326
8581 1 1453380 0.72727275 54.67783601488918
8582 1 1650058 0.75 60.391576029360294
8583 1 1207035 0.7659575 55.12393999379128
8584 1 983643 0.75510204 56.66717793792486
8585 1 1159607 0.73214287 61.73427903559059
8586 1 898581 0.7 63.47519892733544
8587 1 2064489 0.7 58.93527704756707
8588 1 1954987 0.7111111 59.50517696328461
8589 1 1405317 0.79591835 53.512966027483344
8590 1 1626587 0.7924528 59.66429004911333
8591 1 1444291 0.7894737 59.558907989412546
8592 1 1191475 0.7413793 62.4891429906711
8593 1 1567017 0.7777778 65.07492403034121
8594 1 1300961 0.7037037 64.2039169324562
8595 1 1117086 0.7222222 62.043642974458635
8596 1 1794113 0.75555557 52.405906026251614
8597 1 2090471 0.71428573 62.7672040136531
8598 1 2075689 0.7090909 64.40207897685468
8599 1 1370208 0.78723407 50.864543998613954
8600 1 1012256 0.70689654 62.54662002902478
8601 1 1223057 0.76 58.204727014526725
8602 1 1124876 0.7169811 65.57746895123273
8603 1 1345717 0.71153843 63.74927796423435
8604 1 1184507 0.7647059 58.97647398523986
8605 1 1028734 0.70212764 56.61077599506825
8606 1 1037577 0.74509805 61.26539490651339
8607 1 1616987 0.71153843 65.7924230908975
8608 1 586189 0.7090909 60.216935933567584
8609 1 560769 0.7 59.90202899556607
8610 1 620307 0.76 60.11992006096989
8611 1 2027748 0.7659575 55.69743597880006
8612 1 1003804 0.7407407 60.34016900230199
8613 1 1665947 0.7592593 60.74819702189416
8614 1 1296966 0.7592593 59.866845957003534
8615 1 677264 0.70689654 61.35342991910875
8616 1 1339363 0.7058824 65.70498098153621
8617 1 837390 0.75510204 53.53848193772137
8618 1 1652765 0.75555557 57.57658206857741
8619 1 1138795 0.75510204 52.23363800905645
8620 1 2052308 0.71153843 61.94596702698618
8621 1 1615557 0.71428573 64.96908306144178
8622 1 1199156 0.7755102 55.14575296547264
8623 1 1426988 0.7818182 60.489773051813245
8624 1 1556475 0.74 51.81567894760519
8625 1 2455793 0.74509805 55.04580901470035
8626 1 1502279 0.7307692 63.97281598765403
8627 1 2174224 0.7037037 63.619913067668676
8628 1 1010627 0.7037037 66.27082102932036
8629 1 991628 0.7358491 60.3676219470799
8630 1 2035625 0.73170733 54.366564960218966
8631 1 1611350 0.7647059 61.421256978064775
8632 1 1426397 0.7111111 59.84489701222628
8633 1 1111709 0.7457627 63.68342996574938
8634 1 1295425 0.7916667 55.864058900624514
8635 1 1575050 0.7358491 61.33786798454821
8636 1 1289075 0.78846157 61.33797799702734
8637 1 2062520 0.7818182 61.1197300022468
8638 1 1174968 0.7017544 65.38172403816134
8639 1 1738995 0.72 53.57614601962268
8640 1 1505680 0.74545455 64.23186196479946
8641 1 1594838 0.7407407 61.26619002316147
8642 1 1192740 0.7962963 58.630843996070325
8643 1 1567885 0.79591835 54.18584600556642
8644 1 492665 0.7058824 59.43042994476855
8645 1 1667201 0.7169811 67.29626096785069
8646 1 1157450 0.7735849 60.691677033901215
8647 1 1641772 0.7708333 55.812195991165936
8648 1 1047247 0.7659575 53.72502305544913
8649 1 1665377 0.73170733 55.98102498333901
8650 1 1498969 0.76086956 52.18504508957267
8651 1 817601 0.7 62.557045952416956
8652 1 1129206 0.7291667 60.6219150358811
8653 1 1460093 0.75555557 52.433988894335926
8654 1 1530164 0.71428573 64.30126097984612
8655 1 1586772 0.7169811 64.21054108068347
8656 1 1389458 0.7916667 54.02022192720324
8657 1 1286010 0.76086956 59.19676704797894
8658 1 2298585 0.7826087 56.33019399829209
8659 1 636820 0.7037037 59.304443071596324
8660 1 524626 0.7692308 59.86798997037113
8661 1 1041223 0.74545455 61.36669893749058
8662 1 1265248 0.71428573 63.96387401036918
8663 1 582057 0.74 59.874031925573945
8664 1 1157820 0.7037037 68.99964192416519
8665 1 1058247 0.7111111 62.94769700616598
8666 1 2107068 0.72 59.01770293712616
8667 1 1531467 0.7368421 69.76750295143574
8668 1 1785566 0.74 65.49741502385587
8669 1 1526736 0.7777778 54.62442699354142
8670 1 922465 0.7173913 56.32970901206136
8671 1 132366 0.70212764 64.54289692919701
8672 1 1260561 0.78723407 51.4112738892436
8673 1 1315175 0.72 67.05667998176068
8674 1 2008543 0.7222222 65.73708890937269
8675 1 1380308 0.7090909 62.80238297767937
8676 1 810342 0.76666665 59.18129696510732
8677 1 1614054 0.7 63.262142008170485
8678 1 1047782 0.7 66.0710500087589
8679 1 860721 0.7254902 61.45560508593917
8680 1 1492126 0.75 61.27145700156689
8681 1 1538779 0.72 58.87379008345306
8682 1 1538779 0.7346939 57.30559700168669
8683 1 1490117 0.7234042 58.15709102898836
8684 1 1134901 0.7346939 59.40817703958601
8685 1 1187164 0.7169811 58.55840409640223
8686 1 859283 0.71153843 53.66689304355532
8687 1 1624807 0.7924528 64.04339300934225
8688 1 669686 0.7346939 59.12840098608285
8689 1 1614080 0.7090909 61.80795398540795
8690 1 1663755 0.7037037 62.80630303081125
8691 1 1498647 0.7058824 62.81245197169483
8692 1 1446062 0.7169811 66.05095602571964
8693 1 1092795 0.74545455 60.76356500852853
8694 1 841859 0.71666664 61.82544503826648
8695 1 1594766 0.7037037 60.66703493706882
8696 1 1624641 0.7209302 53.29275701660663
8697 1 1196292 0.7083333 61.036112951114774
8698 1 826853 0.7708333 50.82962196320295
8699 1 1555469 0.70212764 55.98237691447139
8700 1 1634653 0.7169811 64.91458206437528
8701 1 1072679 0.7419355 64.74702607374638
8702 1 2092425 0.7058824 62.39948491565883
8703 1 1156667 0.7083333 59.35839796438813
8704 1 711650 0.7894737 57.369300979189575
8705 1 1928717 0.77272725 49.28513697814196
8706 1 1487948 0.72727275 56.653924053534865
8707 1 1641245 0.75438595 62.40647402592003
8708 1 1341021 0.80701756 58.10098198708147
8709 1 1428573 0.76 55.592959048226476
8710 1 1754005 0.7368421 61.25414092093706
8711 1 1083472 0.78 57.447787025012076
8712 1 1295912 0.74509805 62.30617698747665
8713 1 1610915 0.7647059 59.90446999203414
8714 1 2070366 0.74 59.339405968785286
8715 1 350572 0.7222222 62.687747995369136
8716 1 1078591 0.71428573 64.80388098862022
8717 1 1505395 0.7368421 64.01979399379343
8718 1 618396 0.7234042 59.512131032533944
8719 1 1520138 0.7090909 62.52071599010378
8720 1 583256 0.70212764 64.5663719624281
8721 1 1468187 0.7755102 57.01272701844573
8722 1 1802718 0.7058824 61.765236081555486
8723 1 1573733 0.7692308 64.09600097686052
8724 1 1268420 0.7735849 63.08399501722306
8725 1 1007973 0.72727275 57.90568608790636
8726 1 1338726 0.72 63.959095044992864
8727 1 1143746 0.73913044 58.84664796758443
8728 1 1558414 0.7413793 63.25206207111478
8729 1 834844 0.78846157 59.19233406893909
8730 1 1446478 0.7735849 55.62182003632188
8731 1 1792012 0.7916667 52.95957799535245
8732 1 1072660 0.7962963 63.33707307931036
8733 1 1450707 0.75 58.3678389666602
8734 1 1156677 0.754717 58.610763982869685
8735 1 1033295 0.71153843 61.79246900137514
8736 1 1117461 0.7916667 55.94043305609375
8737 1 1575366 0.76785713 60.75645494274795
8738 1 1247307 0.75 54.83425594866276
8739 1 1558588 0.75 58.485299930907786
8740 1 1106824 0.7058824 63.62733000423759
8741 1 1596719 0.76086956 52.90630192030221
8742 1 1652781 0.7755102 50.64794409554452
8743 1 1180853 0.7169811 62.000253004953265
8744 1 546983 0.73913044 53.888494963757694
8745 1 1063684 0.73214287 65.76768099330366
8746 1 1796677 0.7592593 61.44311209209263
8747 1 1402405 0.7962963 57.98053089529276
8748 1 1630780 0.78723407 55.71431608404964
8749 1 2109611 0.7058824 61.07022101059556
8750 1 1612368 0.7058824 58.37916792370379
8751 1 1482951 0.71153843 60.74901495594531
8752 1 1196803 0.72 66.48739194497466
8753 1 1084316 0.75438595 62.44955991860479
8754 1 2093873 0.70212764 58.22185298893601
8755 1 1516260 0.7826087 48.85863291565329
8756 1 1437505 0.7818182 60.57607103139162
8757 1 1342945 0.7692308 59.30312001146376
8758 1 1435939 0.7692308 61.77439808379859
8759 1 2363315 0.7037037 68.21722397580743
8760 1 325349 0.76086956 54.57210505846888
8761 1 1035446 0.7735849 60.00719906296581
8762 1 1011261 0.7586207 60.96656795125455
8763 1 1119692 0.7735849 59.61664591450244
8764 1 1407006 0.76 58.27456701081246
8765 1 1442168 0.78431374 58.36964608170092
8766 1 1459708 0.71153843 62.8530029207468
8767 1 549840 0.78431374 57.52711498644203
8768 1 275538 0.75609756 54.63785398751497
8769 1 1482567 0.75 64.39581199083477
8770 1 1139395 0.7708333 51.301438943482935
8771 1 1398193 0.73913044 56.03321501985192
8772 1 1010771 0.72727275 59.79380395729095
8773 1 1875117 0.75510204 51.0717430151999
8774 1 441115 0.7173913 59.43540495354682
8775 1 1273268 0.70689654 63.14948503859341
8776 1 1452973 0.7755102 56.780486018396914
8777 1 1111356 0.79591835 55.363647057674825
8778 1 1566785 0.75 66.70418998692185
8779 1 1591752 0.71929824 63.44365200493485
8780 1 1492126 0.71153843 54.26456104032695
8781 1 272790 0.74509805 61.336108949035406
8782 1 1010311 0.7234042 55.491755018010736
8783 1 1008372 0.7586207 65.186706953682
8784 1 1453380 0.72727275 54.84249908477068
8785 1 2083227 0.7234042 56.40184797812253
8786 1 1252034 0.7916667 54.38590096309781
8787 1 1483786 0.75555557 50.602150964550674
8788 1 1358069 0.7254902 62.534434953704476
8789 1 1255261 0.71428573 62.899644020944834
8790 1 1510029 0.7708333 52.46298294514418
8791 1 1478411 0.7755102 56.53824203182012
8792 1 430174 0.7173913 56.4299370162189
8793 1 981908 0.7457627 62.14449601247907
8794 1 1607345 0.7358491 64.30398998782039
8795 1 1171919 0.7413793 62.82301200553775
8796 1 1016103 0.7173913 56.90520501229912
8797 1 1149212 0.7083333 58.76826005987823
8798 1 1483762 0.72727275 56.563719059340656
8799 1 1622056 0.7735849 59.74455107934773
8800 1 1620044 0.7307692 61.356899910606444
8801 1 1821661 0.7 60.73061504866928
8802 1 817445 0.78 52.5076569756493
8803 1 1070196 0.7692308 62.47017707210034
8804 1 1191899 0.71428573 61.56886799726635
8805 1 1298206 0.7058824 62.49364907853305
8806 1 1153850 0.7735849 58.24155698064715
8807 1 552356 0.7708333 62.807351001538336
8808 1 1254856 0.76785713 62.7018460072577
8809 1 1447365 0.75 59.2141899978742
8810 1 1350172 0.74 63.48806095775217
8811 1 515951 0.7358491 63.17812006454915
8812 1 842848 0.7058824 62.18259304296225
8813 1 790867 0.79545456 53.799570887349546
8814 1 1619027 0.71428573 60.33224309794605
8815 1 115555 0.71428573 60.037530958652496
8816 1 1185099 0.7291667 56.75545905251056
8817 1 2091534 0.75 65.800802083686
8818 1 823239 0.7307692 61.6957739694044
8819 1 1064694 0.73913044 52.54703003447503
8820 1 1576207 0.7407407 62.75138398632407
8821 1 1470368 0.7037037 63.30053007695824
8822 1 1240429 0.7173913 57.38649098202586
8823 1 1290211 0.78431374 59.9834059830755
8824 1 262996 0.7358491 62.792846001684666
8825 1 1500894 0.79591835 53.44783503096551
8826 1 1554378 0.72727275 68.61527590081096
8827 1 1472201 0.7090909 66.92220503464341
8828 1 1283967 0.70212764 59.37784700654447
8829 1 2088966 0.7586207 62.16144096106291
8830 1 1514279 0.7894737 64.83960303012282
8831 1 627270 0.7358491 62.677286099642515
8832 1 1894923 0.7755102 57.367670931853354
8833 1 1495760 0.7241379 62.27329699322581
8834 1 1139071 0.7058824 59.06605499330908
8835 1 1094359 0.7346939 55.22408208344132
8836 1 1268037 0.78 57.155878050252795
8837 1 2087577 0.7037037 63.39636701159179
8838 1 1428725 0.74509805 60.43402501381934
8839 1 1083802 0.79591835 47.36764798872173
8840 1 1676882 0.7058824 62.371887965127826
8841 1 1062589 0.75510204 56.25497188884765
8842 1 1086613 0.7090909 62.83840094693005
8843 1 1478864 0.72727275 60.09965809062123
8844 1 1193555 0.7647059 63.507535960525274
8845 1 1159141 0.76363635 61.39401299878955
8846 1 990474 0.7358491 61.54280493501574
8847 1 1068126 0.74509805 57.222732924856246
8848 1 1090109 0.71153843 56.91841698717326
8849 1 1504375 0.70212764 55.34846894443035
8850 1 1405346 0.71428573 64.30937605910003
8851 1 592858 0.7647059 57.556158979423344
8852 1 1500930 0.75 54.62909699417651
8853 1 1007660 0.7446808 57.93646699748933
8854 1 1289617 0.7627119 60.20897894632071
8855 1 1542913 0.7358491 66.61568698473275
8856 1 1251504 0.7457627 62.5573709839955
8857 1 1173715 0.7169811 64.32865594979376
8858 1 658092 0.75 62.585792038589716
8859 1 1461633 0.75510204 61.05273903813213
8860 1 1229310 0.7358491 58.78299893811345
8861 1 1165292 0.75 57.77533201035112
8862 1 640257 0.70212764 60.70425093639642
8863 1 1730962 0.7826087 51.54264101292938
8864 1 1093845 0.71929824 62.74956406559795
8865 1 731267 0.79591835 54.480151971802115
8866 1 772437 0.7169811 60.61720207799226
8867 1 1408003 0.70454544 57.79922800138593
8868 1 1072949 0.7894737 59.460831922478974
8869 1 1496802 0.73214287 66.17491401266307
8870 1 1440444 0.7962963 58.62513999454677
8871 1 2416071 0.76785713 58.86008800007403
8872 1 2048404 0.74 51.71836796216667
8873 1 1515865 0.7017544 63.5876499582082
8874 1 1550806 0.71929824 66.21167901903391
8875 1 1652848 0.72727275 62.6232820795849
8876 1 1607063 0.7692308 51.577887032181025
8877 1 1231763 0.7222222 61.42726691905409
8878 1 1950983 0.7659575 49.70545705873519
8879 1 2453891 0.7755102 60.35594397690147
8880 1 1590810 0.7894737 59.78130304720253
8881 1 1060597 0.7058824 60.05288998130709
8882 1 1504132 0.74509805 57.20844306051731
8883 1 1413476 0.754717 60.49976707436144
8884 1 1156589 0.72727275 58.18466690834612
8885 1 1504638 0.75 61.128091998398304
8886 1 1336308 0.7291667 57.67208605539054
8887 1 1435985 0.7368421 60.785913025029004
8888 1 1089538 0.72727275 61.958538950420916
8889 1 1612743 0.71428573 64.61013096850365
8890 1 1419728 0.7307692 56.56972900032997
8891 1 2359662 0.754717 59.09818399231881
8892 1 462211 0.7708333 57.14852700475603
8893 1 1554592 0.71929824 67.97786999959499
8894 1 1253339 0.7083333 64.10676497034729
8895 1 1445525 0.7307692 61.802408075891435
8896 1 1518290 0.76785713 61.911794007755816
8897 1 1278607 0.75 51.37110606301576
8898 1 1126724 0.7234042 57.238296954892576
8899 1 1027473 0.7 60.96377002540976
8900 1 1551822 0.76363635 60.23226899560541
8901 1 1451499 0.7017544 61.99792504776269
8902 1 1843503 0.76 59.94362907949835
8903 1 1131559 0.7692308 54.99039602000266
8904 1 2434042 0.71153843 56.39261403121054
8905 1 1035741 0.7818182 61.74405897036195
8906 1 2119543 0.72 54.70352398697287
8907 1 1069768 0.7647059 59.331816039048135
8908 1 1303030 0.70689654 65.25476695969701
8909 1 494684 0.73214287 62.71208496764302
8910 1 1455491 0.7755102 54.225313011556864
8911 1 1016690 0.76666665 60.447858995758
8912 1 1014872 0.76363635 59.81850309763104
8913 1 1573534 0.7111111 57.85044399090111
8914 1 1035137 0.7407407 62.01397906988859
8915 1 1298597 0.7307692 65.58857089839876
8916 1 876411 0.78846157 58.37282305583358
8917 1 1203739 0.7407407 64.2043020343408
8918 1 1446317 0.78 57.50048300251365
8919 1 373254 0.73333335 61.45822093822062
8920 1 828486 0.70212764 59.23288292251527
8921 1 837373 0.7 64.78959298692644
8922 1 248454 0.7818182 62.05952097661793
8923 1 1432209 0.7 58.35283291526139
8924 1 1624117 0.7058824 66.02962908800691
8925 1 1478668 0.72 61.83307198807597
8926 1 1446081 0.754717 61.489437939599156
8927 1 959528 0.71929824 62.68634391017258
8928 1 988926 0.70689654 62.80268600676209
8929 1 1205998 0.7291667 58.557355077937245
8930 1 1463496 0.74545455 60.213800985366106
8931 1 587189 0.7169811 68.19667702075094
8932 1 1511844 0.779661 58.62281599547714
8933 1 1611428 0.7169811 63.116149976849556
8934 1 1007133 0.73214287 58.85904608294368
8935 1 1504935 0.7288136 64.31591894943267
8936 1 1477632 0.7346939 61.961001018062234
8937 1 1118162 0.71153843 58.75259591266513
8938 1 1498999 0.7241379 63.44947905745357
8939 1 2047811 0.73214287 69.83258004765958
8940 1 1243390 0.71428573 67.83427600748837
8941 1 1560850 0.7358491 69.96564194560051
8942 1 1547703 0.7647059 61.0402770107612
8943 1 1206475 0.7169811 64.91052196361125
8944 1 741875 0.7358491 68.03668802604079
8945 1 1850598 0.7017544 72.48748699203134
8946 1 842761 0.7090909 62.882862985134125
8947 1 1298141 0.75 52.54853400401771
8948 1 1106228 0.7647059 60.69013802334666
8949 1 1377912 0.7755102 56.89284298568964
8950 1 1155453 0.754717 60.15549902804196
8951 1 1183815 0.754717 57.15390492696315
8952 1 1294001 0.7346939 59.30974707007408
8953 1 2094533 0.7017544 66.89991999883205
8954 1 1361749 0.78723407 58.58520802576095
8955 1 2070164 0.74509805 54.58684591576457
8956 1 1662519 0.75555557 52.36334202345461
8957 1 1507911 0.74509805 60.48235099297017
8958 1 1565676 0.74545455 60.353963053785264
8959 1 1116454 0.74545455 61.679741949774325
8960 1 2110296 0.74545455 62.53659597132355
8961 1 2088614 0.70689654 66.34457595646381
8962 1 2340943 0.7083333 62.27839004714042
8963 1 1167369 0.75510204 60.62129000201821
8964 1 805077 0.7 57.23020597361028
8965 1 1490563 0.7017544 62.521039973944426
8966 1 1188370 0.754717 59.71891991794109
8967 1 2436571 0.71428573 61.17326393723488
8968 1 1091689 0.7037037 66.49633508641273
8969 1 1062072 0.77272725 50.34402490127832
8970 1 1098512 0.7291667 58.20239905733615
8971 1 1431920 0.75510204 59.67227602377534
8972 1 1147095 0.7241379 59.67735801823437
8973 1 1408601 0.7719298 61.994960997253656
8974 1 1595041 0.7358491 62.505617970600724
8975 1 1897076 0.7037037 60.584602993912995
8976 1 1203549 0.76 52.66541300807148
8977 1 1668077 0.7924528 57.992018992081285
8978 1 1407705 0.7413793 62.835188931785524
8979 1 1195142 0.78 53.91112994402647
8980 1 1425278 0.7659575 54.000842035748065
8981 1 1400844 0.7916667 51.99990305118263
8982 1 580237 0.76086956 52.738758036866784
8983 1 1575435 0.71428573 66.21223001275212
8984 1 639139 0.75510204 60.09092798922211
8985 1 1113097 0.7 64.85841702669859
8986 1 1467834 0.72 55.86398101877421
8987 1 2089604 0.78 64.4932120339945
8988 1 2052580 0.75 57.265887036919594
8989 1 1591431 0.7017544 62.56136600859463
8990 1 1506892 0.7 54.58928598091006
8991 1 1053156 0.7758621 60.388620011508465
8992 1 1382472 0.74 67.1038719592616
8993 1 1551727 0.7090909 63.45503800548613
8994 1 626865 0.76 58.167296927422285
8995 1 1010949 0.7058824 60.6924369931221
8996 1 1454964 0.7083333 60.393661027774215
8997 1 1010195 0.7 64.01409907266498
8998 1 1473279 0.74545455 62.39231303334236
8999 1 1625776 0.75 56.60219397395849
9000 1 1465105 0.7017544 62.10683996323496
9001 1 1292162 0.72 60.38038001861423
9002 1 1371492 0.7037037 65.09495305363089
9003 1 1361847 0.75510204 57.338754064403474
9004 1 1294145 0.7083333 60.68181502632797
9005 1 1624936 0.77272725 53.87126898858696
9006 1 1419765 0.71428573 63.454763032495975
9007 1 1742765 0.7017544 64.09512390382588
9008 1 1047176 0.7358491 61.61394191440195
9009 1 1146415 0.73333335 54.16502000298351
9010 1 1321897 0.71153843 64.22116095200181
9011 1 1255659 0.75 62.36558605451137
9012 1 1010884 0.7291667 57.559932000003755
9013 1 1058773 0.7924528 61.46258895751089
9014 1 1585365 0.7058824 62.767895055003464
9015 1 672866 0.75 56.30927300080657
9016 1 1603866 0.7083333 65.51293097436428
9017 1 1445230 0.7111111 59.26296301186085
9018 1 1553731 0.754717 57.544798008166254
9019 1 1488023 0.7358491 59.072623029351234
9020 1 2021571 0.79591835 57.504299096763134
9021 1 1141860 0.7647059 59.65558800380677
9022 1 1407223 0.7 59.51849196571857
9023 1 1109918 0.7222222 59.107134002260864
9024 1 1652602 0.7826087 49.9198529869318
9025 1 1130546 0.704918 63.01480904221535
9026 1 2068632 0.78846157 61.44032999873161
9027 1 1441872 0.72 61.33321498055011
9028 1 2041356 0.7446808 54.99290698207915
9029 1 1592108 0.7719298 60.61463104560971
9030 1 1071632 0.75 59.546772041358054
9031 1 1316143 0.7111111 62.32558598276228
9032 1 1022006 0.70689654 64.28859906736761
9033 1 525370 0.7111111 55.9861270012334
9034 1 1586767 0.75510204 59.75833302363753
9035 1 2090558 0.76 56.259218021295965
9036 1 1167638 0.71153843 62.887522974051535
9037 1 1319547 0.7090909 62.78591603040695
9038 1 1607060 0.7826087 50.10406894143671
9039 1 989983 0.76785713 63.312482088804245
9040 1 1664861 0.71153843 65.38456701673567
9041 1 1174394 0.7692308 61.14842800889164
9042 1 1402710 0.74509805 60.28656999114901
9043 1 1144370 0.7169811 63.728134031407535
9044 1 2093865 0.73214287 62.74563097395003
9045 1 1405695 0.7446808 53.385025006718934
9046 1 2106524 0.7413793 60.740442015230656
9047 1 2089417 0.74545455 61.62953597959131
9048 1 1608492 0.7692308 56.4373160013929
9049 1 2071123 0.76363635 62.32412101235241
9050 1 1087170 0.72727275 57.54403304308653
9051 1 1906616 0.7173913 56.51675793342292
9052 1 570957 0.75555557 50.43268809095025
9053 1 1133250 0.704918 63.12280206475407
9054 1 1533470 0.7058824 65.97727595362812
9055 1 1572115 0.7708333 57.01053899247199
9056 1 1420727 0.7164179 61.23020104132593
9057 1 1984381 0.71666664 62.69008002709597
9058 1 1175765 0.70689654 62.47486802749336
9059 1 1611286 0.75438595 60.17415504902601
9060 1 1516084 0.7627119 58.656641049310565
9061 1 1437573 0.74242425 54.504419094882905
9062 1 1113218 0.7118644 60.58698601555079
9063 1 621492 0.74603176 56.70357099734247
9064 1 823367 0.7714286 57.221979019232094
9065 1 1086387 0.74626863 57.10032000206411
9066 1 1177599 0.7058824 57.55164194852114
9067 1 1055971 0.70149255 59.34519099537283
9068 1 1118230 0.70149255 62.570646055974066
9069 1 1113161 0.72131145 58.69886395521462
9070 1 1849665 0.70689654 61.4888760028407
9071 1 1363381 0.71428573 60.52601896226406
9072 1 1632061 0.75438595 59.85261802561581
9073 1 1501851 0.7936508 61.70693994499743
9074 1 1559380 0.74603176 58.74302901793271
9075 1 1044795 0.73134327 54.2131889378652
9076 1 1096652 0.7619048 59.55166695639491
9077 1 1502192 0.71428573 60.84418098907918
9078 1 1675048 0.71666664 64.10209508612752
9079 1 841347 0.72307694 58.18545899819583
9080 1 1630097 0.73214287 60.864077997393906
9081 1 1184491 0.7241379 62.11900000926107
9082 1 365660 0.75 61.25983700621873
9083 1 2216185 0.7169811 65.16077101696283
9084 1 1100108 0.7878788 55.29453104827553
9085 1 1267474 0.828125 52.5414920412004
9086 1 1965588 0.7758621 60.32730790320784
9087 1 853239 0.7777778 59.11398597527295
9088 1 1033358 0.73333335 60.60198205523193
9089 1 1609638 0.7818182 59.7671780269593
9090 1 1293742 0.72131145 59.980115038342774
9091 1 1523744 0.7619048 55.42669596616179
9092 1 1170735 0.7096774 60.014007962308824
9093 1 1963898 0.76666665 61.614657985046506
9094 1 1401485 0.7118644 58.42144403140992
9095 1 1996642 0.78333336 57.44661798235029
9096 1 1471943 0.7741935 54.17986400425434
9097 1 1090891 0.7777778 56.32915592286736
9098 1 1520724 0.7894737 60.00827194657177
9099 1 1108716 0.71929824 62.86897195968777
9100 1 1414834 0.74626863 54.26413600798696
9101 1 992271 0.71875 54.72979892510921
9102 1 1401448 0.75 59.167888946831226
9103 1 1634926 0.72131145 58.9006079826504
9104 1 1574023 0.71428573 60.54305599536747
9105 1 1577040 0.72131145 60.92982192058116
9106 1 1492805 0.7241379 61.011736979708076
9107 1 1479562 0.70689654 63.62004205584526
9108 1 1471913 0.75438595 61.78818200714886
9109 1 1576015 0.71428573 61.21900596190244
9110 1 1064637 0.7258065 64.23293892294168
9111 1 1103338 0.7419355 58.645851095207036
9112 1 997926 0.7164179 65.29874703846872
9113 1 835119 0.7692308 58.23885404970497
9114 1 1036910 0.73333335 60.6287099653855
9115 1 1609029 0.7118644 60.364949982613325
9116 1 1445690 0.779661 60.809543007053435
9117 1 1664463 0.703125 60.74074702337384
9118 1 1370556 0.704918 60.44040492270142
9119 1 1668203 0.7627119 58.93556401133537
9120 1 1091985 0.7222222 56.63753498811275
9121 1 1649814 0.734375 58.626528014428914
9122 1 1622895 0.7288136 62.86444200668484
9123 1 1174877 0.7361111 54.12902601528913
9124 1 1503815 0.7846154 53.64507995545864
9125 1 1614510 0.7962963 58.32166597247124
9126 1 1649762 0.75757575 60.55336003191769
9127 1 1621518 0.7121212 58.14289697445929
9128 1 826213 0.7777778 54.35047403443605
9129 1 1063363 0.7777778 54.242596961557865
9130 1 1520604 0.7692308 56.82764109224081
9131 1 1121448 0.704918 61.73489801585674
9132 1 1159237 0.796875 58.163863024674356
9133 1 1595852 0.7118644 60.170205077156425
9134 1 962807 0.76785713 59.017163002863526
9135 1 2085452 0.73015875 55.83165294956416
9136 1 1616165 0.72727275 61.38986104633659
9137 1 1464867 0.7096774 61.66094506625086
9138 1 1019956 0.71666664 62.86146899219602
9139 1 1141682 0.7413793 63.99235990829766
9140 1 1283385 0.7619048 63.26789106242359
9141 1 1471164 0.779661 72.25145201664418
9142 1 1508695 0.734375 64.061354030855
9143 1 1514980 0.7818182 66.9781070901081
9144 1 1628148 0.75409836 68.09769500978291
9145 1 1790603 0.70689654 67.34875601250678
9146 1 1594893 0.7352941 54.93276193737984
9147 1 1403826 0.71428573 63.59894899651408
9148 1 1254785 0.704918 68.15907300915569
9149 1 1196998 0.7241379 70.75074396561831
9150 1 1621451 0.71666664 62.29386001359671
9151 1 2042885 0.73333335 57.82003898639232
9152 1 1178275 0.7619048 56.61303806118667
9153 1 1201872 0.7692308 59.36388298869133
9154 1 2047810 0.71428573 61.94067804608494
9155 1 2022395 0.71875 60.02653809264302
9156 1 1071447 0.704918 63.413131050765514
9157 1 1662738 0.74603176 54.11843990441412
9158 1 1003303 0.734375 60.975455096922815
9159 1 856156 0.7704918 60.24231307674199
9160 1 1424682 0.75384617 58.54642402846366
9161 1 1611648 0.7258065 59.94265899062157
9162 1 1418001 0.72131145 58.218640042468905
9163 1 1552973 0.75 61.20236194692552
9164 1 1409135 0.72131145 60.88771589566022
9165 1 1917865 0.779661 59.078429942019284
9166 1 1144885 0.7580645 60.4309740010649
9167 1 1852719 0.7580645 58.363312971778214
9168 1 1532350 0.7777778 58.031859109178185
9169 1 92412 0.72131145 57.23602510988712
9170 1 1143420 0.71428573 58.49906196817756
9171 1 1038744 0.7761194 55.79641694203019
9172 1 1591168 0.78125 55.37885695230216
9173 1 955444 0.796875 56.812629918567836
9174 1 1637913 0.79310346 58.76483500469476
9175 1 1850635 0.71875 57.37609101925045
9176 1 1121395 0.70149255 58.63066099118441
9177 1 998705 0.7 63.55870806146413
9178 1 1097311 0.74242425 59.54639601986855
9179 1 1300636 0.7 62.97997396904975
9180 1 1144440 0.74626863 54.76926499977708
9181 1 1151678 0.74603176 59.09032002091408
9182 1 1342850 0.7719298 59.99268498271704
9183 1 1060531 0.72727275 58.65532497409731
9184 1 1163101 0.73134327 61.47869094274938
9185 1 1155183 0.7352941 54.546445957385004
9186 1 1081325 0.7096774 61.13034102600068
9187 1 1416288 0.78333336 57.06167290918529
9188 1 1951340 0.7118644 63.29731992445886
9189 1 1976076 0.7076923 54.53954508993775
9190 1 1130081 0.7826087 54.80627599172294
9191 1 852574 0.73015875 54.09437802154571
9192 1 1627086 0.70689654 66.32247101515532
9193 1 1294875 0.7910448 57.205565040931106
9194 1 1315110 0.7419355 62.10368999745697
9195 1 535718 0.73333335 61.572637991048396
9196 1 1055773 0.71014494 101.06024995911866
9197 1 862908 0.734375 82.94396102428436
9198 1 1191559 0.79710144 73.58360895887017
9199 1 1383539 0.74545455 76.7417789902538
9200 1 1494374 0.7903226 67.48976290691644
9201 1 1180686 0.7288136 70.93675807118416
9202 1 2109210 0.71666664 69.7777399327606
9203 1 1114681 0.79710144 58.40781098231673
9204 1 1796640 0.796875 58.02008998580277
9205 1 1416382 0.7368421 61.56482803635299
9206 1 989041 0.7586207 61.33819802198559
9207 1 1440910 0.73134327 57.39510105922818
9208 1 1445726 0.7096774 62.670077895745635
9209 1 1234166 0.7076923 56.393426028080285
9210 1 1019542 0.7121212 55.8190910378471
9211 1 1637036 0.71014494 60.57908001821488
9212 1 1069498 0.72307694 57.51483200583607
9213 1 1024735 0.7258065 60.01012003980577
9214 1 1183473 0.7183099 57.33404099009931
9215 1 1141585 0.75438595 59.559706947766244
9216 1 1044950 0.70689654 60.16547896433622
9217 1 1343890 0.76666665 59.99164702370763
9218 1 702114 0.7894737 59.54172497149557
9219 1 1004027 0.7288136 62.11062893271446
9220 1 1167005 0.7413793 62.007581000216305
9221 1 1016422 0.7903226 54.06898399814963
9222 1 1085717 0.703125 54.38590096309781
9223 1 1481100 0.7 64.15541493333876
9224 1 994223 0.71666664 66.7630840325728
9225 1 1440223 0.7627119 59.49003400746733
9226 1 2075407 0.75409836 68.55463795363903
9227 1 1668278 0.72307694 65.20672305487096
9228 1 1523543 0.7627119 66.38613599352539
9229 1 2346544 0.76666665 65.62768202275038
9230 1 1875149 0.7 58.89566498808563
9231 1 1303023 0.73770493 61.271189944818616
9232 1 817444 0.7076923 65.14896196313202
9233 1 1561749 0.7741935 62.500793021172285
9234 1 1363473 0.7361111 55.60546193737537
9235 1 1549977 0.7777778 56.45183997694403
9236 1 1052919 0.7 54.99431898351759
9237 1 1407029 0.7419355 62.38273892085999
9238 1 1384464 0.7758621 60.21184893324971
9239 1 1953562 0.71014494 57.721610995940864
9240 1 1506662 0.70149255 56.00687093101442
9241 1 1506410 0.72131145 61.032714089378715
9242 1 1110472 0.73333335 62.35587189439684
9243 1 1031436 0.7368421 63.75662190839648
9244 1 1399858 0.7457627 62.00381799135357
9245 1 1476584 0.74626863 53.95875091198832
9246 1 1794373 0.75 60.19586697220802
9247 1 1335588 0.78333336 57.6781400013715
9248 1 1021611 0.7580645 55.98711094353348
9249 1 714554 0.74626863 57.74876300711185
9250 1 1008870 0.71666664 59.78420493192971
9251 1 627904 0.7164179 61.474983929656446
9252 1 1213411 0.7205882 57.05284001305699
9253 1 1637588 0.7818182 58.16686095204204
9254 1 1047909 0.72131145 58.726344956085086
9255 1 1975779 0.75384617 55.68006704561412
9256 1 1293640 0.73015875 59.263941016979516
9257 1 1228096 0.7536232 54.19394408818334
9258 1 1172550 0.7 61.80906901136041
9259 1 2033718 0.7627119 58.49043000489473
9260 1 1486923 0.765625 60.74705207720399
9261 1 1210042 0.7457627 64.12209500558674
9262 1 1063930 0.7096774 58.79069596994668
9263 1 1468292 0.704918 60.21776597481221
9264 1 981740 0.7413793 59.59069496020675
9265 1 733994 0.70689654 60.77525205910206
9266 1 399582 0.7704918 59.03971800580621
9267 1 1530643 0.7285714 58.147654053755105
9268 1 1607172 0.7076923 59.13722899276763
9269 1 1077094 0.75 59.15941100101918
9270 1 2138018 0.704918 62.2941650217399
9271 1 1459013 0.78688526 57.237197062931955
9272 1 1983872 0.7205882 55.12043600901961
9273 1 1133941 0.704918 58.523660991340876
9274 1 164537 0.7307692 62.179986969567835
9275 1 1093480 0.7 66.76541804336011
9276 1 1275936 0.75409836 61.54488306492567
9277 1 1299410 0.7288136 60.49166596494615
9278 1 1420647 0.7758621 58.04540007375181
9279 1 1282420 0.7741935 54.90221793297678
9280 1 1946078 0.703125 61.919993022456765
9281 1 1728947 0.7619048 57.739031966775656
9282 1 1102935 0.734375 61.058023013174534
9283 1 997194 0.7285714 56.21964007150382
9284 1 1865792 0.72131145 58.96402208600193
9285 1 1213299 0.7368421 64.98710298910737
9286 1 1556419 0.75438595 56.898112990893424
9287 1 1005977 0.704918 59.602415072731674
9288 1 1615589 0.7121212 56.59367493353784
9289 1 1044367 0.75438595 62.05925904214382
9290 1 2097186 0.7419355 58.9636160293594
9291 1 1373165 0.73770493 62.38704000134021
9292 1 987568 0.73333335 62.100613955408335
9293 1 1127244 0.7017544 64.35611296910793
9294 1 828547 0.73770493 62.167413998395205
9295 1 1629854 0.7894737 58.58573201112449
9296 1 1571944 0.7419355 59.26372797694057
9297 1 2347158 0.704918 64.49372600764036
9298 1 1612348 0.7118644 63.86710493825376
9299 1 1449392 0.7878788 60.22303400095552
9300 1 1109115 0.7076923 61.54115207027644
9301 1 1292512 0.7037037 65.55339100304991
9302 1 1131787 0.7966102 59.663190972059965
9303 1 1078913 0.70149255 61.839062022045255
9304 1 1021964 0.71875 66.47789000999182
9305 1 281002 0.7627119 60.12309296056628
9306 1 1291913 0.7058824 60.239793034270406
9307 1 1144883 0.75 64.47102699894458
9308 1 1299566 0.734375 61.701766098849475
9309 1 1608633 0.70689654 64.26221993751824
9310 1 1794163 0.765625 58.223076979629695
9311 1 671177 0.7096774 59.18924103025347
9312 1 1049941 0.7 62.51983798574656
9313 1 1325834 0.7758621 63.530363026075065
9314 1 333008 0.7903226 58.145101997070014
9315 1 637544 0.71929824 65.05612190812826
9316 1 1651443 0.71666664 60.131806996650994
9317 1 1516335 0.7627119 62.634785077534616
9318 1 1565292 0.7719298 60.281294980086386
9319 1 1192267 0.70689654 62.14048503898084
9320 1 1722963 0.71875 59.10212697926909
9321 1 1167591 0.7164179 58.08200698811561
9322 1 1632243 0.72307694 59.71720500383526
9323 1 1097154 0.79310346 58.62141295801848
9324 1 533724 0.75 61.00155203603208
9325 1 1203837 0.7894737 60.795442084781826
9326 1 1570397 0.7096774 61.89964397344738
9327 1 1486675 0.78125 58.22956992778927
9328 1 1455862 0.7903226 55.05968502257019
9329 1 1302506 0.71929824 59.128350927494466
9330 1 827684 0.7758621 59.219885035417974
9331 1 1492888 0.7894737 62.85158405080438
9332 1 1029856 0.7246377 56.74058699514717
9333 1 1065267 0.7 62.959964969195426
9334 1 1346366 0.75757575 54.85111800953746
9335 1 1532032 0.75 54.98501600231975
9336 1 1433133 0.7164179 58.54535906109959
9337 1 1593832 0.7076923 59.11794793792069
9338 1 1525157 0.7647059 54.2649159906432
9339 1 1284557 0.71428573 54.245495004579425
9340 1 2082820 0.75 60.34292804542929
9341 1 1677238 0.7 60.01898704562336
9342 1 1477659 0.73134327 55.946985026821494
9343 1 1506343 0.76119405 54.62883599102497
9344 1 1237044 0.7894737 58.53435304015875
9345 1 1184551 0.7457627 60.896517941728234
9346 1 1350168 0.7966102 61.56593200284988
9347 1 1794327 0.76666665 60.922640026547015
9348 1 1516142 0.79310346 60.7962419744581
9349 1 1408161 0.70689654 63.39159805793315
9350 1 1418712 0.72727275 63.70187900029123
9351 1 770622 0.75438595 61.40876607969403
9352 1 1227364 0.7258065 55.928269983269274
9353 1 1050559 0.7936508 53.384199971333146
9354 1 1500517 0.7818182 59.659332036972046
9355 1 2089343 0.74545455 60.029356041923165
9356 1 1752345 0.7903226 61.63063598796725
9357 1 1344005 0.70689654 62.76499305386096
9358 1 1626229 0.7368421 61.62933097220957
9359 1 1120242 0.779661 58.494542026892304
9360 1 1410600 0.704918 62.16329394374043
9361 1 989494 0.7017544 62.72314302623272
9362 1 1617952 0.78125 53.78520197700709
9363 1 1094447 0.7 57.943749940022826
9364 1 1971023 0.7352941 54.56067400518805
9365 1 1576481 0.71428573 60.68735790904611
9366 1 1099966 0.73913044 55.39544194471091
9367 1 1796790 0.7 58.7009210139513
9368 1 1466244 0.7936508 56.09166400972754
9369 1 2107677 0.7413793 59.97485900297761
9370 1 1101921 0.7352941 60.60904101468623
9371 1 821270 0.78125 58.838052093051374
9372 1 1116438 0.70149255 55.00003497581929
9373 1 1547987 0.76666665 59.327309019863605
9374 1 1063280 0.7258065 61.42562907189131
9375 1 1118754 0.73333335 64.29860205389559
9376 1 1453661 0.779661 58.60971298534423
9377 1 1649756 0.7368421 59.32701099663973
9378 1 1973450 0.704918 60.46294898260385
9379 1 1951938 0.7936508 55.65446603577584
9380 1 1460494 0.75 64.48491802439094
9381 1 1791357 0.73015875 61.00640702061355
9382 1 1496572 0.72131145 56.30497192032635
9383 1 1302180 0.71428573 59.362201020121574
9384 1 1448425 0.7164179 55.05465203896165
9385 1 1272259 0.779661 60.86196703836322
9386 1 1062164 0.71428573 56.48216896224767
9387 1 1267842 0.7205882 57.20944295171648
9388 1 1170597 0.7580645 60.91326102614403
9389 1 1423919 0.74603176 58.52426704950631
9390 1 1683672 0.7076923 58.3101810188964
9391 1 1665722 0.7586207 63.01112798973918
9392 1 1039736 0.75438595 63.79727798048407
9393 1 1191138 0.74603176 59.62795903906226
9394 1 1512030 0.71428573 62.14145105332136
9395 1 998118 0.78333336 58.85763606056571
9396 1 1086137 0.7894737 62.98591196537018
9397 1 807296 0.7096774 64.59056993480772
9398 1 1463463 0.7288136 62.55049107130617
9399 1 1087768 0.73015875 61.708266963250935
9400 1 1556544 0.75409836 58.08427196461707
9401 1 1481055 0.73333335 57.841539033688605
9402 1 1525050 0.7368421 59.705419931560755
9403 1 1591252 0.75 62.78603198006749
9404 1 1207366 0.75 55.21163495723158
9405 1 719130 0.7058824 56.386073934845626
9406 1 1607236 0.704918 59.931021998636425
9407 1 625487 0.7205882 56.770578026771545
9408 1 1003678 0.75384617 55.01017498318106
9409 1 1021376 0.7419355 57.080500992015004
9410 1 1873107 0.7076923 57.057496975176036
9411 1 1099344 0.7777778 57.09804699290544
9412 1 1622627 0.7903226 56.63603194989264
9413 1 1201203 0.7076923 58.98847908247262
9414 1 1624387 0.7966102 55.88037800043821
9415 1 1432972 0.7096774 62.62007192708552
9416 1 1255243 0.7285714 53.74342203140259
9417 1 1520628 0.75757575 54.239582968875766
9418 1 1521485 0.78333336 61.31982698570937
9419 1 1613964 0.71929824 62.356401002034545
9420 1 1256245 0.779661 58.681144029833376
9421 1 1074361 0.7258065 60.090453014709055
9422 1 224358 0.7846154 55.64389505889267
9423 1 1119360 0.72727275 61.63132400251925
9424 1 1613990 0.74603176 61.81045307312161
9425 1 1717269 0.74603176 53.89389395713806
9426 1 1607394 0.7017544 60.08928408846259
9427 1 1473245 0.73770493 57.7981669921428
9428 1 1615947 0.7096774 61.02661998011172
9429 1 1591888 0.72131145 60.986579046584666
9430 1 224034 0.71014494 54.32541901245713
9431 1 1281876 0.74647886 54.386888979934156
9432 1 1567114 0.765625 55.266148992814124
9433 1 1409421 0.7288136 66.0752800758928
9434 1 1326041 0.73333335 59.944048058241606
9435 1 956995 0.73333335 59.288896969519556
9436 1 1180771 0.79310346 59.46774804033339
9437 1 1614375 0.73333335 58.39096195995808
9438 1 2415549 0.71666664 63.042183057405055
9439 1 2091149 0.7307692 61.40237394720316
9440 1 1793928 0.7076923 54.75490901153535
9441 1 981314 0.75 53.96185698918998
9442 1 2089990 0.75 59.943413943983614
9443 1 1021030 0.7164179 56.14594998769462
9444 1 1170281 0.75 61.10342300962657
9445 1 1971864 0.7076923 58.50514501798898
9446 1 837169 0.7741935 58.79346304573119
9447 1 1152288 0.7777778 60.87857997044921
9448 1 1046313 0.7719298 60.42694894131273
9449 1 1163801 0.703125 57.95926204882562
9450 1 1022845 0.7058824 58.86678502429277
9451 1 818343 0.72727275 57.39887210074812
9452 1 1011668 0.71428573 64.22192405443639
9453 1 1082918 0.7 61.59528798889369
9454 1 1483384 0.7457627 60.54385704919696
9455 1 1357103 0.7 60.56723603978753
9456 1 1566985 0.734375 57.67099198419601
9457 1 1058096 0.73015875 57.23647307604551
9458 1 1284103 0.78688526 58.60377405770123
9459 1 1038233 0.73015875 57.277839980088174
9460 1 1515008 0.70689654 60.8962660189718
9461 1 1612889 0.72131145 60.989057063125074
9462 1 1006047 0.734375 60.37584308069199
9463 1 1617002 0.73015875 57.6580319320783
9464 1 1285646 0.7419355 59.01773099321872
9465 1 1344525 0.7894737 58.728339965455234
9466 1 1193668 0.7758621 63.804607023485005
9467 1 2416071 0.73333335 61.74151599407196
9468 1 1299548 0.72307694 58.12437110580504
9469 1 829442 0.7121212 57.93070199433714
9470 1 1203448 0.7183099 55.875885067507625
9471 1 1543155 0.734375 56.739017949439585
9472 1 1609397 0.7894737 59.12461399566382
9473 1 1260029 0.73913044 55.93298492021859
9474 1 982311 0.70149255 56.34838494006544
9475 1 758664 0.73846155 60.13448198791593
9476 1 1798120 0.7966102 62.40081903524697
9477 1 298486 0.7 62.78084707446396
9478 1 2088797 0.7627119 59.934338089078665
9479 1 964742 0.71875 56.02321494370699
9480 1 1743329 0.7076923 57.62471002526581
9481 1 1332980 0.7777778 58.835185947827995
9482 1 1447149 0.72131145 61.74360495060682
9483 1 1662762 0.7076923 60.95463701058179
9484 1 1402971 0.7741935 58.876166003756225
9485 1 833298 0.75 57.018821011297405
9486 1 1004765 0.75757575 56.452982942573726
9487 1 547953 0.7962963 60.2350770495832
9488 1 1555008 0.704918 64.39560698345304
9489 1 1198229 0.73913044 59.37729403376579
9490 1 1532110 0.7627119 63.501880038529634
9491 1 2093973 0.7118644 66.9373240089044
9492 1 1097750 0.7288136 65.68734510801733
9493 1 1232024 0.7118644 61.14197499118745
9494 1 1218194 0.75438595 62.939818017184734
9495 1 1129478 0.7457627 61.03100499603897
9496 1 1454484 0.76785713 60.41379400994629
9497 1 1465114 0.7164179 57.71875090431422
9498 1 1743131 0.7758621 58.54247498791665
9499 1 651033 0.7846154 54.22447598539293
9500 1 1096592 0.7580645 60.17856393009424
9501 1 1471955 0.7096774 60.06455095484853
9502 1 1023672 0.78688526 60.01240108162165
9503 1 2362922 0.7037037 60.381460934877396
9504 1 1131465 0.75 60.58416690211743
9505 1 1004360 0.7118644 64.31680696550757
9506 1 1007171 0.7083333 59.28835098166019
9507 1 1507546 0.7096774 60.90150400996208
9508 1 1842975 0.7118644 64.38221805728972
9509 1 1569345 0.7118644 59.05983899720013
9510 1 1527797 0.7164179 58.40970703866333
9511 1 1484562 0.7647059 54.643650888465345
9512 1 1056269 0.72131145 61.26429105643183
9513 1 1125667 0.7627119 60.758878011256456
9514 1 1167725 0.765625 57.15860496275127
9515 1 1532677 0.7037037 62.49384500551969
9516 1 1664270 0.7761194 53.53670404292643
9517 1 1277534 0.72131145 60.16561598517001
9518 1 1380153 0.7 64.96393296401948
9519 1 1347894 0.734375 62.2274560155347
9520 1 590244 0.7205882 55.04695500712842
9521 1 1588635 0.7076923 55.6517910445109
9522 1 1491179 0.71875 54.38391002826393
9523 1 1055044 0.75757575 61.710351961664855
9524 1 1595403 0.78333336 61.65328493807465
9525 1 1457660 0.72131145 60.28770294506103
9526 1 842951 0.74626863 54.32134889997542
9527 1 1489635 0.7096774 56.16390297655016
9528 1 828026 0.734375 61.440809979103506
9529 1 1454830 0.74545455 63.02683602552861
9530 1 1016303 0.7118644 60.800073901191354
9531 1 1529539 0.796875 55.847730953246355
9532 1 1138773 0.7027027 54.002573946490884
9533 1 1299800 0.77272725 54.8647390678525
9534 1 1560407 0.7205882 57.45485599618405
9535 1 213954 0.7619048 56.56818195711821
9536 1 977888 0.7962963 58.61347890459001
9537 1 1107851 0.734375 58.76679706852883
9538 1 1488481 0.73239434 58.557016076520085
9539 1 1616986 0.75 64.72302798647434
9540 1 837439 0.73846155 57.2067319881171
9541 1 1627230 0.75438595 59.65402501169592
9542 1 1124725 0.75 59.375755954533815
9543 1 1636762 0.7076923 58.67388704791665
9544 1 1988145 0.73333335 62.65502201858908
9545 1 1461063 0.7222222 61.38694693800062
9546 1 1471882 0.7368421 62.92707601096481
9547 1 1624324 0.72727275 55.85287697613239
9548 1 1668853 0.7258065 61.972638010047376
9549 1 857226 0.70422536 54.76147506851703
9550 1 1634712 0.70689654 57.94761097058654
9551 1 1043392 0.73846155 56.08567304443568
9552 1 1180880 0.71875 61.618221923708916
9553 1 1633702 0.75409836 61.59997405484319
9554 1 1114154 0.75 57.253759005106986
9555 1 1501237 0.734375 61.215328983962536
9556 1 1475099 0.7777778 51.680897013284266
9557 1 669821 0.7125 48.07562590576708
9558 1 1622073 0.73015875 54.1084089782089
9559 1 1204492 0.739726 50.39917503017932
9560 1 665218 0.75757575 51.854326971806586
9561 1 1526466 0.7941176 47.49275301583111
9562 1 1185607 0.7733333 39.51298899482936
9563 1 1614113 0.7922078 40.170734049752355
9564 1 165884 0.7671233 46.99673200957477
9565 1 1416672 0.7567568 46.79518099874258
9566 1 1144667 0.7777778 45.44681205879897
9567 1 1125114 0.72727275 41.973368963226676
9568 1 1154171 0.71014494 52.784419036470354
9569 1 579063 0.7162162 39.789170026779175
9570 1 1146273 0.7761194 52.73756803944707
9571 1 1079976 0.71428573 54.03677001595497
9572 1 426527 0.75 48.05659700650722
9573 1 1475857 0.75757575 51.87114095315337
9574 1 1622077 0.70886075 41.42322007101029
9575 1 1228967 0.7702703 44.695232063531876
9576 1 1114681 0.72602737 54.49074204079807
9577 1 1420064 0.76 46.45196697674692
9578 1 1983687 0.7083333 53.06656798347831
9579 1 1557475 0.70422536 47.963428078219295
9580 1 1028411 0.7297297 50.09250796865672
9581 1 1451777 0.7826087 52.22182103898376
9582 1 1012183 0.75342464 46.11957201268524
9583 1 1969970 0.73333335 44.34866097290069
9584 1 1189398 0.7746479 52.0404459675774
9585 1 627072 0.76811594 53.18890092894435
9586 1 1470744 0.775 40.82069906871766
9587 1 1294152 0.7714286 51.750310929492116
9588 1 1444448 0.7972973 46.629571937955916
9589 1 1313104 0.7746479 45.96306395251304
9590 1 1104209 0.7605634 46.314061037264764
9591 1 1172178 0.7123288 51.574165001511574
9592 1 1984582 0.7638889 42.44322399608791
9593 1 1482067 0.7605634 42.44568198919296
9594 1 1417083 0.7936508 56.89578899182379
9595 1 1056298 0.7183099 52.35091794747859
9596 1 868851 0.775 41.365346987731755
9597 1 1389195 0.75 49.838172970339656
9598 1 1294013 0.73239434 46.114911092445254
9599 1 1560462 0.76 52.839559968560934
9600 1 1560050 0.74358976 39.47763598989695
9601 1 1167686 0.7605634 47.89468296803534
9602 1 1446395 0.72727275 50.24586396757513
9603 1 1443138 0.7051282 39.04865693766624
9604 1 1059862 0.7761194 51.89161899033934
9605 1 1562525 0.72602737 48.6388640711084
9606 1 1295540 0.71014494 51.16173007991165
9607 1 1634623 0.71014494 53.52041404694319
9608 1 1631962 0.7352941 50.721155013889074
9609 1 1340301 0.7647059 47.562227002345026
9610 1 714554 0.7222222 48.91532601322979
9611 1 1056724 0.7746479 50.83534691948444
9612 1 1082671 0.73333335 46.41328495927155
9613 1 1269369 0.71014494 44.36324699781835
9614 1 1608568 0.7297297 49.38523599412292
9615 1 1078421 0.7794118 53.62249899189919
9616 1 1864426 0.71794873 43.54566999245435
9617 1 1275840 0.74285716 56.32972402963787
9618 1 1246659 0.74647886 53.30575304105878
9619 1 984708 0.72602737 52.73890297394246
9620 1 1081448 0.7605634 45.27377104386687
9621 1 1100449 0.71014494 51.08122399542481
9622 1 1402788 0.7105263 50.667150993831456
9623 1 1474424 0.76811594 54.812785936519504
9624 1 1487838 0.7205882 55.401657009497285
9625 1 1480231 0.71794873 44.998744037002325
9626 1 794200 0.71014494 48.45692403614521
9627 1 906483 0.73134327 53.136802976951
9628 1 866388 0.7123288 42.42139693815261
9629 1 1029966 0.7037037 46.8896470265463
9630 1 641282 0.71428573 58.15087701193988
9631 1 1503265 0.78571427 56.65636097546667
9632 1 1064571 0.7361111 56.4520409097895
9633 1 842259 0.7236842 45.41357094421983
9634 1 1664538 0.7205882 61.57783593516797
9635 1 1158764 0.7692308 51.19665595702827
9636 1 826123 0.7763158 40.84397596307099
9637 1 1968722 0.7 54.865265963599086
9638 1 1094939 0.76811594 47.73799097165465
9639 1 1001140 0.75342464 53.016892983578146
9640 1 1520602 0.7121212 52.29755898471922
9641 1 1445058 0.73913044 51.82236910331994
9642 1 1318368 0.7567568 47.86844796035439
9643 1 995877 0.7432432 48.11868292745203
9644 1 1965756 0.7536232 56.979157961905
9645 1 1099521 0.7702703 40.18105007708073
9646 1 1365518 0.75 48.222710960544646
9647 1 1344402 0.74626863 48.82229899521917
9648 1 1769400 0.74626863 52.31011600699276
9649 1 985832 0.7222222 44.27693202160299
9650 1 1901537 0.73239434 51.07674701139331
9651 1 588684 0.7763158 44.721384067088366
9652 1 96874 0.7051282 44.05512404628098
9653 1 392091 0.7733333 41.0743459360674
9654 1 627750 0.7605634 43.71686698868871
9655 1 1638426 0.70666665 45.90762802399695
9656 1 714554 0.78571427 46.30090307909995
9657 1 1253711 0.7205882 56.14776094444096
9658 1 1953562 0.7123288 49.18605508282781
9659 1 558023 0.74698794 41.84534202795476
9660 1 1462205 0.75 41.6972020175308
9661 1 1020980 0.7083333 48.229677020572126
9662 1 1255414 0.7761194 52.58491600397974
9663 1 1445877 0.72839504 43.45116904005408
9664 1 588684 0.70886075 42.91982506401837
9665 1 1291915 0.75 48.17516903858632
9666 1 1233022 0.76811594 52.406814065761864
9667 1 2234177 0.7941176 49.47032604832202
9668 1 700833 0.7297297 45.599197037518024
9669 1 1175789 0.7647059 54.41840901039541
9670 1 1129833 0.75641024 44.53140194527805
9671 1 668197 0.7887324 48.29920898191631
9672 1 1490684 0.75714284 51.00149801000953
9673 1 1629133 0.7 49.7037919703871
9674 1 1156984 0.72307694 53.24817600194365
9675 1 645152 0.73134327 55.6939059169963
9676 1 1201423 0.73239434 46.9787250040099
9677 1 1440203 0.7236842 43.98382606450468
9678 1 1007709 0.7162162 45.8446309203282
9679 1 4693 0.75714284 48.56855398975313
9680 1 1124187 0.70422536 52.374331979081035
9681 1 675844 0.7866667 45.19803891889751
9682 1 1432608 0.7638889 48.70630207005888
9683 1 700833 0.7297297 46.735828975215554
9684 1 1655195 0.73239434 43.961802031844854
9685 1 1193761 0.73333335 38.907540030777454
9686 1 824595 0.7714286 47.57045896258205
9687 1 1633643 0.7432432 49.8038079822436
9688 1 1507405 0.7352941 49.971543019637465
9689 1 1889622 0.7205882 48.13283996190876
9690 1 1528101 0.76119405 48.38690999895334
9691 1 1063629 0.7903226 52.161747007630765
9692 1 1521151 0.7361111 48.506048042327166
9693 1 1069744 0.7671233 47.5210229633376
9694 1 925635 0.73239434 49.08408096525818
9695 1 1246447 0.7605634 47.91811597533524
9696 1 1086208 0.7638889 45.587818953208625
9697 1 455623 0.77922076 38.59236091375351
9698 1 714554 0.72 39.08222902100533
9699 1 1090760 0.70666665 53.1906719552353
9700 1 1308392 0.7123288 48.72699698898941
9701 1 1201032 0.7051282 44.542721938341856
9702 1 1952122 0.7837838 44.56905904226005
9703 1 1163726 0.7285714 52.34812700655311
9704 1 1389438 0.70422536 47.842919011600316
9705 1 540597 0.7536232 49.601993057876825
9706 1 1460508 0.7058824 54.52027404680848
9707 1 907949 0.7808219 51.43559293355793
9708 1 1201916 0.71428573 56.01024208590388
9709 1 1196242 0.7162162 46.82901001069695
9710 1 1334329 0.72602737 47.365560894832015
9711 1 1094295 0.76623374 43.731266050599515
9712 1 1509689 0.70666665 48.47750801127404
9713 1 1650710 0.72727275 54.50186098460108
9714 1 1900760 0.76119405 54.64681703597307
9715 1 723610 0.7808219 44.976372038945556
9716 1 1625967 0.7692308 52.09537106566131
9717 1 1210115 0.79012346 38.628327078185976
9718 1 846014 0.74242425 48.16926899366081
9719 1 1001349 0.7826087 45.51605402957648
9720 1 1507018 0.7916667 47.68432106357068
9721 1 1052944 0.7183099 53.647794062271714
9722 1 1988579 0.72727275 42.28399496059865
9723 1 1030101 0.7916667 46.16824211552739
9724 1 947846 0.73134327 53.4579319646582
9725 1 530250 0.739726 48.189626075327396
9726 1 1973761 0.75757575 50.83834193646908
9727 1 1662973 0.7638889 48.04870008956641
9728 1 1092268 0.7808219 45.821822015568614
9729 1 704348 0.70731705 43.838013894855976
9730 1 1194229 0.79710144 51.75204202532768
9731 1 1749697 0.7352941 51.469405996613204
9732 1 836773 0.71014494 52.34516609925777
9733 1 989566 0.76 43.86277694720775
9734 1 1211910 0.71428573 53.395563969388604
9735 1 1361698 0.7125 39.77341903373599
9736 1 851580 0.74626863 52.547475905157626
9737 1 844169 0.7605634 50.15591601841152
9738 1 1405110 0.72602737 49.38869900070131
9739 1 579063 0.72602737 40.81460798624903
9740 1 1373015 0.70666665 48.584929085336626
9741 1 1114681 0.70666665 50.04366999492049
9742 1 617136 0.7162162 51.421117037534714
9743 1 1087434 0.75 44.689281028695405
9744 1 1172691 0.7361111 42.45718498714268
9745 1 1844200 0.73134327 51.75323598086834
9746 1 1630474 0.7058824 52.71133501082659
9747 1 975381 0.74242425 54.116377024911344
9748 1 1197933 0.74285716 52.28480801451951
9749 1 1422041 0.74647886 48.065399983897805
9750 1 1295722 0.721519 39.25178898498416
9751 1 1053719 0.71794873 40.870780940167606
9752 1 804570 0.7027027 51.126442034728825
9753 1 1082876 0.7 44.412569026462734
9754 1 1509117 0.70422536 42.632068041712046
9755 1 667872 0.70238096 39.209622889757156
9756 1 989566 0.76 44.19396200682968
9757 1 1178726 0.7692308 53.096647025085986
9758 1 1261069 0.7027027 50.89984100777656
9759 1 1544061 0.7352941 55.37636193912476
9760 1 1073249 0.7164179 48.29516098834574
9761 1 1630474 0.72727275 52.09295998793095
9762 1 1175438 0.7848101 43.50492998491973
9763 1 1474701 0.7638889 42.185993981547654
9764 1 1407523 0.7692308 55.00962398946285
9765 1 994236 0.7222222 53.40404203161597
9766 1 1503265 0.78571427 49.79206610005349
9767 1 1188439 0.76811594 49.97228900901973
9768 1 1404569 0.75 43.4092350769788
9769 1 1527369 0.75 50.58395001105964
9770 1 1390008 0.73846155 55.52350194193423
9771 1 1574598 0.7222222 52.637239918112755
9772 1 1561114 0.75384617 53.009802009910345
9773 1 1450163 0.75384617 51.9151019398123
9774 1 1026310 0.75 41.1962199723348
9775 1 1485664 0.7058824 56.37794593349099
9776 1 1170561 0.7051282 45.71553901769221
9777 1 1261069 0.7605634 47.66199202276766
9778 1 1970471 0.7375 38.98639709223062
9779 1 1110765 0.7894737 39.00545393116772
9780 1 1128906 0.7746479 50.48048903699964
9781 1 1423625 0.7123288 55.91724696569145
9782 1 1258622 0.76811594 53.66623506415635
9783 1 1013159 0.7532467 41.777955018915236
9784 1 894710 0.73333335 47.47290501836687
9785 1 1086144 0.739726 47.79475193936378
9786 1 1984582 0.75342464 38.798987050540745
9787 1 1901537 0.74647886 48.99250902235508
9788 1 1274719 0.7352941 53.068441920913756
9789 1 1202945 0.7532467 39.5770309260115
9790 1 872162 0.74358976 43.87268493883312
9791 1 1257506 0.7183099 48.19255601614714
9792 1 1557050 0.7794118 52.05611197743565
9793 1 1079549 0.7027027 49.512414960190654
9794 1 1478052 0.71428573 53.20203397423029
9795 1 1453408 0.7083333 48.98725706152618
9796 1 1417985 0.75342464 46.513310982845724
9797 1 1167601 0.78571427 52.96965001616627
9798 1 1635762 0.7714286 51.899090060032904
9799 1 1732385 0.7 45.14928406570107
9800 1 1180799 0.7236842 51.182221970520914
9801 1 1612665 0.79452056 48.10408304911107
9802 1 455623 0.74666667 49.58986095152795
9803 1 1974018 0.74025977 39.073162944987416
9804 1 1662973 0.7916667 43.25149196665734
9805 1 1413307 0.72 55.083345039747655
9806 1 1091533 0.739726 46.79945600219071
9807 1 1407683 0.7714286 50.704702036455274
9808 1 1616906 0.7826087 50.50948297139257
9809 1 1104532 0.7532467 45.133256004191935
9810 1 1026088 0.70666665 53.9658049819991
9811 1 868851 0.7195122 44.81734603177756
9812 1 1129811 0.77922076 41.168418945744634
9813 1 945419 0.7866667 44.29189895745367
9814 1 1132546 0.7826087 51.9436759641394
9815 1 1082887 0.73333335 43.59321505762637
9816 1 1415072 0.76623374 39.67680805362761
9817 1 719469 0.7777778 53.07387106586248
9818 1 1394481 0.70666665 45.85912905167788
9819 1 817097 0.7777778 43.618948897346854
9820 1 1513898 0.7285714 53.28563298098743
9821 1 1298074 0.739726 50.086645991541445
9822 1 1288406 0.7826087 49.6084860060364
9823 1 1065717 0.7222222 56.873821071349084
9824 1 1028503 0.7777778 47.62231302447617
9825 1 1154449 0.71794873 45.45313701964915
9826 1 1172029 0.7222222 51.51897401083261
9827 1 1516010 0.74242425 56.467578979209065
9828 1 1113004 0.7714286 50.1761119812727
9829 1 1972528 0.75342464 50.45943695586175
9830 1 1221411 0.7183099 54.67946291901171
9831 1 860140 0.7361111 48.08982089161873
9832 1 1436491 0.76623374 43.833408039063215
9833 1 1263418 0.76 45.165778952650726
9834 1 984126 0.7866667 42.49258595518768
9835 1 1528226 0.7468355 47.89269797038287
9836 1 1279213 0.7297297 49.043782986700535
9837 1 889936 0.7846154 52.53570806235075
9838 1 1968745 0.7702703 45.74364598374814
9839 1 1943211 0.7236842 41.36269702576101
9840 1 1676604 0.7846154 54.243866936303675
9841 1 1480327 0.72 47.139081987552345
9842 1 1609395 0.74285716 53.7894309964031
9843 1 1230660 0.7012987 41.44503001589328
9844 1 1029360 0.7352941 52.76792298536748
9845 1 1138121 0.70149255 50.80825602635741
9846 1 1436491 0.74025977 44.93181698489934
9847 1 1662973 0.7671233 45.872907037846744
9848 1 1790955 0.75641024 45.20724294707179
9849 1 1943211 0.7837838 40.40677298326045
9850 1 995716 0.75714284 53.542457055300474
9851 1 719540 0.78571427 51.9564199494198
9852 1 1570235 0.72602737 53.19096799939871
9853 1 1063045 0.7826087 48.22125006467104
9854 1 995375 0.739726 43.45724103040993
9855 1 1027842 0.71428573 41.49921203497797
9856 1 1875149 0.7123288 45.97988701425493
9857 1 1267358 0.7012987 44.35936396475881
9858 1 1147213 0.71014494 50.937167019583285
9859 1 1984812 0.7468355 45.94413994345814
9860 1 1780767 0.7714286 48.36032702587545
9861 1 1523612 0.7105263 43.67334698326886
9862 1 1557475 0.71428573 49.09066902473569
9863 1 1411852 0.71428573 49.04950701165944
9864 1 668082 0.7972973 49.59590604994446
9865 1 1039509 0.7368421 45.15625396743417
9866 1 222687 0.7246377 52.51039401628077
9867 1 1329703 0.78571427 47.53371397964656
9868 1 1943211 0.7808219 43.18999801762402
9869 1 1092579 0.7887324 49.906511907465756
9870 1 1620662 0.7222222 44.96197390835732
9871 1 1007184 0.7567568 48.63231803756207
9872 1 1413718 0.78571427 47.795264050364494
9873 1 1790536 0.7761194 48.03994600661099
9874 1 1279851 0.7352941 52.90547094773501
9875 1 1098479 0.7027027 50.4772289423272
9876 1 1164855 0.7468355 42.30102396104485
9877 1 1204609 0.74285716 55.677712080068886
9878 1 1037144 0.7222222 51.34775897022337
9879 1 1146732 0.7051282 43.62916701938957
9880 1 1473480 0.7714286 43.35907695349306
9881 1 854939 0.7714286 48.04502392653376
9882 1 1412431 0.7794118 57.50742903910577
9883 1 1037477 0.7468355 42.98085405025631
9884 1 1068043 0.73913044 49.263653927482665
9885 1 1013791 0.76623374 41.14083596505225
9886 1 1790489 0.7647059 44.36157702002674
9887 1 796098 0.71428573 52.88247100543231
9888 1 2141327 0.7352941 55.926733068190515
9889 1 1157474 0.7826087 51.16072797682136
9890 1 700708 0.74647886 53.01075195893645
9891 1 1147564 0.71428573 50.10629491880536
9892 1 231453 0.73333335 48.09404304251075
9893 1 1901537 0.75342464 45.74974300339818
9894 1 1462250 0.7 56.62272998597473
9895 1 1649817 0.7941176 50.81827600952238
9896 1 1629132 0.7205882 47.86216304637492
9897 1 1310061 0.7777778 51.2999480124563
9898 1 1842746 0.7746479 40.22547299973667
9899 1 1639865 0.77272725 52.93654301203787
9900 1 1732385 0.7692308 40.47856095712632
9901 1 1653173 0.79710144 50.39759702049196
9902 1 1972528 0.71428573 39.121462032198906
9903 1 1528619 0.76811594 53.10378200374544
9904 1 1420488 0.71428573 41.398711036890745
9905 1 1572011 0.7222222 46.055543003603816
9906 1 1124725 0.7878788 56.03981507010758
9907 1 888177 0.74285716 48.952339915558696
9908 1 1157392 0.7808219 47.87591798231006
9909 1 1608917 0.7125 43.98770607076585
9910 1 1159769 0.70422536 53.67272510193288
9911 1 1325474 0.7352941 48.8062520744279
9912 1 1971820 0.7631579 43.87693107128143
9913 1 1501084 0.7761194 53.30781091470271
9914 1 1484762 0.7164179 53.65973908919841
9915 1 1776164 0.7941176 44.47054897900671
9916 1 1176794 0.7083333 51.274584024213254
9917 1 1184338 0.75342464 48.22880506981164
9918 1 1624958 0.7605634 49.70675799995661
9919 1 1984582 0.739726 42.94804600067437
9920 1 1901537 0.7123288 48.35720907431096
9921 1 1278956 0.7183099 46.57267697621137
9922 1 824507 0.7297297 46.73732409719378
9923 1 1134004 0.7121212 53.009959985502064
9924 1 712980 0.7746479 50.274188979528844
9925 1 820293 0.7746479 43.832254013977945
9926 1 693371 0.74285716 52.44356405455619
9927 1 1398441 0.74285716 48.74123597983271
9928 1 1153759 0.75 41.82326910085976
9929 1 1459297 0.71014494 49.79479603935033
9930 1 1435635 0.70149255 51.5656559728086
9931 1 529500 0.7352941 48.995660967193544
9932 1 1984812 0.7375 41.23105003964156
9933 1 1971669 0.7083333 44.444927014410496
9934 1 1514005 0.74666667 45.73728994000703
9935 1 1579415 0.74666667 47.00835491530597
9936 1 1620134 0.76811594 55.032137082889676
9937 1 1427083 0.7361111 48.59573091380298
9938 1 1573929 0.7285714 52.43319692090154
9939 1 1319533 0.7205882 54.44845499005169
9940 1 1864426 0.72727275 46.12244793679565
9941 1 1259993 0.78571427 50.40350602939725
9942 1 1640028 0.7027027 55.660241981968284
9943 1 627904 0.7083333 47.350042033940554
9944 1 1224238 0.7027027 52.27833997923881
9945 1 1631317 0.74626863 52.06983699463308
9946 1 1158625 0.7361111 51.2491490226239
9947 1 1424840 0.73846155 55.129504995420575
9948 1 825797 0.7058824 51.944205071777105
9949 1 1347656 0.7647059 52.07033094484359
9950 1 1299953 0.739726 50.583124975673854
9951 1 2081098 0.796875 55.4886480094865
9952 1 655764 0.703125 52.209109999239445
9953 1 801664 0.74285716 46.64580407552421
9954 1 1465526 0.71794873 41.2991609191522
9955 1 1468287 0.76119405 48.2721240259707
9956 1 1436838 0.78571427 47.99347196239978
9957 1 1331289 0.73913044 53.9507910143584
9958 1 1015670 0.75714284 56.7652570316568
9959 1 1296472 0.7468355 44.11502100992948
9960 1 996318 0.75 52.10497509688139
9961 1 1101828 0.74647886 53.65897691808641
9962 1 1098479 0.72 45.75269902125001
9963 1 1487838 0.7205882 52.835645037703216
9964 1 1516638 0.72602737 51.845607929863036
9965 1 1407386 0.7352941 50.586537923663855
9966 1 1843676 0.72602737 44.37515407335013
9967 1 1193761 0.72602737 49.62419799994677
9968 1 769024 0.7352941 50.447260960936546
9969 1 1628853 0.7432432 42.61168197263032
9970 1 990373 0.7777778 51.48413497954607
9971 1 1745480 0.76811594 53.28712204936892
9972 1 1553710 0.7866667 43.16135006956756
9973 1 833092 0.73333335 48.07832196820527
9974 1 2193327 0.73333335 48.04339294787496
9975 1 1985662 0.7638889 54.65166096109897
9976 1 1013135 0.7183099 54.72253204789013
9977 1 1301117 0.7205882 54.65248099062592
9978 1 1669678 0.75609756 44.04908302240074
9979 1 1400701 0.7222222 47.47791599947959
9980 1 1115189 0.7222222 64.52791194897145
9981 1 985832 0.7162162 46.76382790785283
9982 1 1474701 0.78571427 49.85068994574249
9983 1 1138859 0.79452056 45.55442393757403
9984 1 817017 0.7692308 51.6713650431484
9985 1 1459775 0.7761194 50.56190106552094
9986 1 1598369 0.70149255 53.487182944081724
9987 1 2439516 0.7647059 45.795866986736655
9988 1 719540 0.7236842 41.13613907247782
9989 1 1606840 0.71428573 48.152595991268754
9990 1 1316105 0.72727275 43.9446420641616
9991 1 1595323 0.7910448 55.0863710232079
9992 1 1808183 0.7083333 48.62985701765865
9993 1 529035 0.739726 52.56658198777586
9994 1 219285 0.73134327 50.90083205141127
9995 1 1113675 0.7051282 41.45590600091964
9996 1 2075400 0.7605634 43.26306900475174
9997 1 815547 0.75757575 49.96561410371214
9998 1 1042853 0.7297297 50.741796963848174
9999 1 719540 0.75342464 46.89710296224803
10000 1 1972760 0.74025977 41.859577991999686
10001 1 1410421 0.7183099 51.71153601258993
10002 1 1281227 0.73239434 52.745459019206464
10003 1 1573380 0.7866667 39.26945792045444
10004 1 1617864 0.7297297 48.37510793004185
10005 1 824848 0.7083333 49.723790027201176
10006 1 1640736 0.75 45.90885993093252
10007 1 1793434 0.70666665 44.225192978046834
10008 1 1844997 0.7794118 49.66323298867792
10009 1 521908 0.7222222 48.95609198138118
10010 1 1021507 0.75757575 55.01363007351756
10011 1 1640882 0.76623374 39.89560599438846
10012 1 2083866 0.7205882 53.451539017260075
10013 1 1465345 0.74698794 39.775748969987035
10014 1 995830 0.74666667 43.346518999896944
10015 1 1630557 0.7123288 50.32067303545773
10016 1 1202156 0.7205882 55.08685205131769
10017 1 1593026 0.75384617 53.72288101352751
10018 1 714554 0.74647886 47.80763003509492
10019 1 1035424 0.73239434 52.99564194865525
10020 1 1055850 0.70149255 50.10441201739013
10021 1 1951628 0.7777778 50.11819500941783
10022 1 2079365 0.75 49.72391901537776
10023 1 1037557 0.7866667 39.14478304795921
10024 1 1442390 0.76119405 48.06422803085297
10025 1 651451 0.7910448 51.41213990282267
10026 1 1204492 0.7671233 47.74142999667674
10027 1 1196806 0.73239434 48.64555795211345
10028 1 1125894 0.721519 43.3892619330436
10029 1 1459043 0.7361111 48.70306607335806
10030 1 816989 0.72307694 53.70485899038613
10031 1 1650306 0.7164179 54.32487197685987
10032 1 1336746 0.7894737 41.577605064958334
10033 1 234623 0.70886075 39.619341026991606
10034 1 1525139 0.7297297 50.94852694310248
10035 1 1378151 0.7631579 44.88850198686123
10036 1 1261069 0.7027027 48.13145298976451
10037 1 1547190 0.76119405 51.75053188577294
10038 1 1452947 0.74626863 50.768648041412234
10039 1 1009127 0.74242425 55.59098697267473
10040 1 1056565 0.7083333 51.428945036605
10041 1 727972 0.7162162 49.13483094424009
10042 1 1840760 0.7887324 43.13418304082006
10043 1 1069744 0.72 46.16861103568226
10044 1 1272364 1.0 44.13991700857878
10045 1 1477963 0.72602737 51.87719000969082
10046 1 1497113 0.7160494 41.79726098664105
10047 1 1094295 0.72727275 46.80831707082689
10048 1 1560462 0.75641024 43.84241299703717
10049 1 1632865 0.7808219 41.96659300941974
10050 1 1177653 0.7083333 48.618923989124596
10051 1 1453131 0.7195122 42.0168440323323
10052 1 1651088 0.74647886 45.30862194951624
10053 1 779721 0.72 43.67729206569493
10054 1 1415893 0.72727275 50.495392992161214
10055 1 1445726 0.73846155 56.92418001126498
10056 1 370562 0.7380952 33.80946000106633
10057 1 1454646 0.7209302 24.879314936697483
10058 1 129091 0.7236842 36.37224400881678
10059 1 407191 0.7671233 33.355516963638365
10060 1 1396279 0.7407407 32.88312302902341
10061 1 1594056 0.7692308 35.89114896021783
10062 1 1875148 0.721519 35.381782916374505
10063 1 407191 0.72727275 30.079553951509297
10064 1 1104780 0.7411765 31.56387701164931
10065 1 1580922 0.72727275 38.212470011785626
10066 1 1426924 0.7894737 38.10189105570316
10067 1 1310061 0.725 36.62857797462493
10068 1 1460364 0.71590906 34.10434606485069
10069 1 1458774 0.725 39.486553985625505
10070 1 704348 0.7058824 34.591043018735945
10071 1 1528226 0.7058824 36.60688397940248
10072 1 1202958 0.72619045 29.37531704083085
10073 1 1266812 0.75 24.488433031365275
10074 1 1351641 0.7721519 36.50363709311932
10075 1 1150426 0.7692308 24.78198893368244
10076 1 1278962 0.7160494 35.75816401280463
10077 1 1293387 0.75 37.172960001043975
10078 1 1411338 0.7804878 32.57219400256872
10079 1 1572367 0.7356322 32.37810300197452
10080 1 1065623 0.775 29.830106999725103
10081 1 709320 0.7111111 30.06768098566681
10082 1 1022665 0.73333335 33.03893702104688
10083 1 1054739 0.7037037 32.756278989836574
10084 1 1555077 0.73493975 34.97825493104756
10085 1 1039990 0.7195122 38.64615911152214
10086 1 1200487 0.7058824 26.554625015705824
10087 1 1493604 0.78205127 31.951921060681343
10088 1 888621 0.74418604 29.9447369761765
10089 1 407191 0.72727275 28.370529995299876
10090 1 1096966 0.7529412 32.137320027686656
10091 1 337850 0.74712646 34.56328599713743
10092 1 1148997 0.7468355 35.32446199096739
10093 1 719540 0.70886075 37.210369016975164
10094 1 1519426 0.7777778 37.211272050626576
10095 1 829282 0.71428573 25.055809994228184
10096 1 1087441 0.79746836 33.817409072071314
10097 1 1145047 0.70238096 32.38518501166254
10098 1 307160 0.75609756 34.83380493707955
10099 1 1014394 0.7777778 36.82134405244142
10100 1 1273869 0.7032967 24.343459983356297
10101 1 1107890 0.72839504 40.25900294072926
10102 1 1467735 0.71428573 34.08669796772301
10103 1 407191 0.7 24.559308076277375
10104 1 392091 0.73417723 35.44201701879501
10105 1 1237997 0.775 31.84628498274833
10106 1 1949294 0.78409094 23.815745022147894
10107 1 1184257 0.7241379 28.479952015914023
10108 1 1676321 0.7160494 28.03622803185135
10109 1 2370704 0.7468355 34.83199991751462
10110 1 1255817 0.7848101 34.60466198157519
10111 1 981129 0.7386364 26.905167964287102
10112 1 407191 0.74666667 31.053337967023253
10113 1 831040 0.79012346 34.664615988731384
10114 1 843514 0.74698794 34.55731400754303
10115 1 999321 0.72619045 34.44234502967447
10116 1 1267771 0.74698794 24.055460933595896
10117 1 1406709 0.76744187 29.90661805961281
10118 1 1491008 0.79012346 32.47468208428472
10119 1 1984582 0.7307692 33.52654096670449
10120 1 1968349 0.78205127 36.232042009942234
10121 1 858120 0.7654321 34.826226998120546
10122 1 825513 0.78571427 32.52812603022903
10123 1 1573267 0.7710843 32.33356401324272
10124 1 1573267 0.79012346 38.59111003112048
10125 1 1155804 0.7702703 37.93944208882749
10126 1 1875148 0.75 39.9375039851293
10127 1 1573267 0.73255813 35.838409094139934
10128 1 1281482 0.7125 41.78149299696088
10129 1 1403759 0.7051282 35.24743393063545
10130 1 407191 0.74666667 32.99131407402456
10131 1 978453 0.7027027 37.4722609994933
10132 1 1607627 0.7631579 35.542028956115246
10133 1 407191 0.7777778 35.741219064220786
10134 1 1001386 0.7209302 24.744367925450206
10135 1 1467735 0.7875 37.0949839707464
10136 1 1951651 0.7721519 37.46367106214166
10137 1 667872 0.7209302 30.814827070571482
10138 1 1133505 0.73255813 25.947476038709283
10139 1 714554 0.7012987 37.31428110040724
10140 1 1573267 0.7529412 30.089935986325145
10141 1 1148997 0.7468355 34.433302003890276
10142 1 413369 0.77011496 27.7765030041337
10143 1 1274999 0.7037037 32.41724206600338
10144 1 1078690 0.7625 39.297746028751135
10145 1 1972317 0.72727275 36.220554960891604
10146 1 1169972 0.75308645 32.02087595127523
10147 1 1184677 0.7093023 29.61835195310414
10148 1 1610577 0.7763158 38.23786694556475
10149 1 1074039 0.7125 35.8779999660328
10150 1 1172322 0.7108434 39.07990304287523
10151 1 1018504 0.72289157 36.75756196025759
10152 1 2263629 0.7582418 27.33527193777263
10153 1 1179277 0.7176471 34.020600956864655
10154 1 843514 0.79268295 31.99726401362568
10155 1 1087335 0.73170733 32.611925969831645
10156 1 367266 0.70238096 36.918652011081576
10157 1 1654051 0.7948718 36.63625696208328
10158 1 1066368 0.73493975 32.56602096371353
10159 1 1397925 0.72619045 32.66094299033284
10160 1 1316443 0.7848101 34.5072679920122
10161 1 1063634 0.7692308 34.39549705944955
10162 1 2221553 0.7 29.628968914039433
10163 1 129091 0.7 28.73344498220831
10164 1 1217671 0.71428573 34.721191972494125
10165 1 1129044 0.74358976 36.859109066426754
10166 1 1092319 0.76829267 32.37303392961621
10167 1 250150 0.7875 31.862958101555705
10168 1 1202151 0.7307692 34.82014802284539
10169 1 1608725 0.7 40.16421001870185
10170 1 1162215 0.7808219 38.84748590644449
10171 1 712778 0.7195122 35.01408908050507
10172 1 1580922 0.74025977 34.79816298931837
10173 1 1087873 0.7752809 23.94596696831286
10174 1 1337908 0.7875 34.34839507099241
10175 1 1081667 0.70731705 31.180660938844085
10176 1 1687355 0.7 36.088980035856366
10177 1 1176724 0.71428573 33.66566693875939
10178 1 1890419 0.725 30.13314097188413
10179 1 1943211 0.7631579 38.001786917448044
10180 1 1530884 0.7532467 34.34250596910715
10181 1 1566712 0.7356322 23.968485998921096
10182 1 1184257 0.7590361 31.977836973965168
10183 1 827043 0.75 36.73723200336099
10184 1 714554 0.7012987 36.92188300192356
10185 1 1292907 0.79518074 36.70780104584992
10186 1 367266 0.79268295 32.420906936749816
10187 1 808336 0.7532467 35.629969905130565
10188 1 1673391 0.74358976 32.71480998955667
10189 1 1134570 0.75949365 37.1604299871251
10190 1 332147 0.7948718 32.084272941574454
10191 1 1566713 0.74390244 30.153659055940807
10192 1 1037557 0.7375 30.181744950823486
10193 1 1174545 0.7058824 26.170625002123415
10194 1 1900758 0.75949365 32.766996999271214
10195 1 1272483 0.7294118 31.43314295448363
10196 1 1189269 0.74157304 27.767312014475465
10197 1 1423148 0.72839504 35.547651001252234
10198 1 1467735 0.7058824 32.7772309537977
10199 1 1184677 0.7093023 27.937388978898525
10200 1 1037557 0.7037037 33.178986981511116
10201 1 165884 0.75 37.191075971350074
10202 1 579063 0.70666665 36.70436795800924
10203 1 724756 0.7105263 34.78725696913898
10204 1 1572279 0.72289157 34.49365496635437
10205 1 862672 0.70731705 31.528265913948417
10206 1 1667097 0.7777778 30.49878205638379
10207 1 237217 0.7176471 37.40967693738639
10208 1 1295722 0.7692308 36.55244398396462
10209 1 1446474 0.7108434 35.00630403868854
10210 1 1033519 0.7195122 34.27712502889335
10211 1 1115189 0.7160494 28.338053030893207
10212 1 1097990 0.79268295 34.6290220040828
10213 1 1274483 0.7386364 33.90980209223926
10214 1 1010562 0.7529412 32.69622789230198
10215 1 1616670 0.75 30.215107020922005
10216 1 1091512 0.73493975 36.747277015820146
10217 1 1518171 0.7105263 37.20334998797625
10218 1 1448930 0.73170733 34.56482198089361
10219 1 1094279 0.72839504 32.20606199465692
10220 1 1039990 0.7195122 39.983791997656226
10221 1 370562 0.7 25.069077964872122
10222 1 1507270 0.7407407 35.69531091488898
10223 1 1057393 0.70238096 32.768664066679776
10224 1 1560142 0.7625 36.869794013909996
10225 1 700833 0.7 34.09392503090203
10226 1 473836 0.7282609 25.857304921373725
10227 1 831040 0.79012346 35.39040090981871
10228 1 407191 0.74666667 31.150335096754134
10229 1 1973912 0.75581396 30.004963045939803
10230 1 175445 0.77380955 28.96037499886006
10231 1 1232687 0.7468355 35.66080203745514
10232 1 1140172 0.7407407 30.6429989868775
10233 1 1016430 0.7647059 35.33980599604547
10234 1 719540 0.70886075 37.09837899077684
10235 1 222186 0.73493975 36.30716598127037
10236 1 1293387 0.75 37.9446679726243
10237 1 1342021 0.75308645 36.982738063670695
10238 1 1417046 0.78205127 40.69967393297702
10239 1 1382687 0.70731705 35.22775403689593
10240 1 1096966 0.7790698 28.402925934642553
10241 1 1018504 0.74390244 37.593139917589724
10242 1 407191 0.7368421 29.572901083156466
10243 1 1566712 0.75 28.990429011173546
10244 1 122803 0.7241379 35.73509491980076
10245 1 129091 0.7 31.18629299569875
10246 1 1189724 0.7303371 31.772722955793142
10247 1 1949294 0.79518074 34.89718597847968
10248 1 1973912 0.7790698 26.03190392255783
10249 1 1573267 0.7529412 30.412932974286377
10250 1 1515578 0.7375 27.97019900754094
10251 1 712778 0.7195122 34.523796988651156
10252 1 1168530 0.72289157 26.246472960337996
10253 1 731410 0.7027027 37.38122805953026
10254 1 1269209 0.7590361 32.27587102446705
10255 1 1079407 0.7590361 28.378539020195603
10256 1 1973912 0.7790698 26.70453896280378
10257 1 367266 0.79268295 30.926925013773143
10258 1 1562702 0.7125 37.943770992569625
10259 1 1432608 0.70886075 37.91457507759333
10260 1 1411488 0.7368421 36.71453497372568
10261 1 1274483 0.77272725 27.9467060463503
10262 1 1566712 0.74390244 34.2938780086115
10263 1 852917 0.7108434 37.59237192571163
10264 1 1096966 0.7790698 27.1726050414145
10265 1 1032115 0.71794873 38.7926020193845
10266 1 1943211 0.7307692 34.613831085152924
10267 1 1542092 0.78313255 23.754258989356458
10268 1 2021989 0.7162162 37.2441919753328
10269 1 1086748 0.75308645 34.502691007219255
10270 1 490315 0.7586207 35.88325099553913
10271 1 695062 0.7307692 34.91937299259007
10272 1 1580922 0.72727275 39.60368596017361
10273 1 1022086 0.78313255 30.481499037705362
10274 1 410666 0.76744187 28.254654025658965
10275 1 704348 0.75 30.196798965334892
10276 1 695062 0.70731705 27.920742984861135
10277 1 1221889 0.7125 36.90139902755618
10278 1 1189269 0.73333335 26.098926085978746
10279 1 1184677 0.7011494 28.02939002867788
10280 1 1971101 0.7307692 34.96933891437948
10281 1 1973912 0.79268295 37.490204093046486
10282 1 1019311 0.7764706 31.912161968648434
10283 1 1037557 0.7375 31.64444398134947
10284 1 1239064 0.70666665 37.397518986836076
10285 1 1666796 0.7764706 25.685418979264796
10286 1 667872 0.75609756 37.06290095578879
10287 1 1572367 0.7529412 34.303572960197926
10288 1 404527 0.74418604 29.977735015563667
10289 1 1338784 0.7307692 37.26715501397848
10290 1 1058544 0.70886075 32.599303987808526
10291 1 1671474 0.70238096 38.64213195629418
10292 1 883062 0.7105263 45.90954398736358
10293 1 686529 0.7380952 31.866885954514146
10294 1 1184257 0.7241379 31.887391000054777
10295 1 407191 0.74666667 34.39112298656255
10296 1 1102899 0.70731705 35.33154306933284
10297 1 1573267 0.74418604 33.942971960641444
10298 1 1984582 0.71428573 38.9004199532792
10299 1 1073294 0.70238096 36.43846802879125
10300 1 486882 0.7307692 36.04588704183698
10301 1 1900871 0.74157304 27.27475401479751
10302 1 1017782 0.70886075 35.14230507425964
10303 1 1185486 0.70238096 41.156267980113626
10304 1 1267771 0.74698794 27.268117992207408
10305 1 129091 0.71428573 36.66585101746023
10306 1 1439660 0.7209302 34.34661799110472
10307 1 1076908 0.725 33.40286307502538
10308 1 869781 0.7972973 37.894937908276916
10309 1 1651574 0.79761904 27.792584034614265
10310 1 809706 0.70886075 36.927054985426366
10311 1 1195088 0.7916667 37.07544202916324
10312 1 1530884 0.7532467 34.41336704418063
10313 1 1130231 0.7037037 30.894734081812203
10314 1 1107847 0.79518074 34.91226607002318
10315 1 1973912 0.7386364 27.90389594156295
10316 1 1112905 0.77380955 31.6420029848814
10317 1 679943 0.775 33.670661970973015
10318 1 222186 0.7011494 28.92744494602084
10319 1 1968349 0.7160494 35.08725005667657
10320 1 1573267 0.7011494 32.97579998616129
10321 1 1666796 0.7764706 24.358858936466277
10322 1 708832 0.74666667 34.77057709824294
10323 1 731410 0.7027027 40.228595957159996
10324 1 1191367 0.7241379 33.97500899154693
10325 1 1510972 0.7529412 29.517462011426687
10326 1 1542092 0.78313255 24.09840002655983
10327 1 1567538 0.7125 34.70203897450119
10328 1 2446604 0.7356322 26.046381099149585
10329 1 1560548 0.75 32.73091197479516
10330 1 823513 0.70238096 26.299998979084194
10331 1 995534 0.7777778 31.79458505474031
10332 1 1009715 0.7375 37.266555009409785
10333 1 1370717 0.79452056 38.354725926183164
10334 1 1573267 0.74418604 28.91345100942999
10335 1 1384404 0.74390244 33.06699194945395
10336 1 407191 0.74666667 30.69862595293671
10337 1 667872 0.75 32.09168405737728
10338 1 1616973 0.74358976 37.12823998648673
10339 1 1104106 0.75308645 34.422151977196336
10340 1 1563488 0.7105263 40.45451991260052
10341 1 1077098 0.7012987 37.86783292889595
10342 1 1511418 0.7948718 38.14214700832963
10343 1 1129833 0.7777778 32.935376977548
10344 1 1619085 0.73493975 33.97203597705811
10345 1 1179731 0.7093023 34.77827797178179
10346 1 719540 0.7532467 34.42632604856044
10347 1 1337908 0.7875 34.37491902150214
10348 1 1806355 0.73333335 36.18045395705849
10349 1 1973015 0.74358976 34.33520102407783
10350 1 1378449 0.78313255 33.94736896734685
10351 1 1423148 0.7195122 34.05879298225045
10352 1 1639182 0.7093023 29.589885962195694
10353 1 838918 0.7195122 37.982580019161105
10354 1 407191 0.7671233 33.09030702803284
10355 1 2221553 0.7236842 38.03723107557744
10356 1 1174922 0.79012346 29.259669012390077
10357 1 1797585 0.7307692 39.45881803520024
10358 1 1952370 0.72727275 38.05365401785821
10359 1 1174545 0.71428573 28.595615993253887
10360 1 1864426 0.75949365 32.268094015307724
10361 1 790753 0.7816092 26.913463952951133
10362 1 367266 0.7590361 32.290576957166195
10363 1 1000758 0.7733333 31.839541043154895
10364 1 1186563 0.7654321 32.082680030725896
10365 1 579910 0.75308645 34.73908395972103
10366 1 1950067 0.7 34.906963002868
10367 1 579063 0.7105263 34.19428505003452
10368 1 407191 0.7671233 32.451795996166766
10369 1 1974237 0.725 34.18763598892838
10370 1 1095237 0.7105263 37.447961047291756
10371 1 1310061 0.73417723 36.59954306203872
10372 1 1088152 0.79761904 32.00483904220164
10373 1 1611084 0.7407407 36.94094798993319
10374 1 413369 0.77011496 30.2549849729985
10375 1 1635219 0.7162162 39.75571901537478
10376 1 1454646 0.74698794 29.12260894663632
10377 1 1088152 0.7411765 37.2737490106374
10378 1 1943211 0.7468355 30.687163001857698
10379 1 1473987 0.79746836 34.4654789660126
10380 1 1686181 0.7875 35.01168801449239
10381 1 1058544 0.70886075 30.254574958235025
10382 1 1094360 0.78571427 32.39322907757014
10383 1 363925 0.7011494 30.239304061979055
10384 1 989795 0.7790698 29.754079063422978
10385 1 1973912 0.7790698 26.221973937936127
10386 1 1970471 0.72289157 32.61912299785763
10387 1 1409596 0.72727275 23.95969396457076
10388 1 2011535 0.72839504 37.20039199106395
10389 1 836084 0.7407407 30.825227964669466
10390 1 1337908 0.7777778 32.01686800457537
10391 1 987085 0.7209302 30.534271034412086
10392 1 407191 0.74666667 32.40818902850151
10393 1 1177574 0.7037037 37.08726295735687
10394 1 2000221 0.7108434 38.71672798413783
10395 1 1953012 0.71428573 33.29204104375094
10396 1 129091 0.73333335 38.02909899968654
10397 1 129091 0.7368421 34.678524010814726
10398 1 935430 0.7407407 36.19456407614052
10399 1 1266812 0.78313255 33.353906008414924
10400 1 862672 0.70731705 33.45612692646682
10401 1 1627521 0.7619048 29.429118032567203
10402 1 1236531 0.74698794 33.44253695104271
10403 1 332147 0.7948718 32.45992003940046
10404 1 823513 0.7407407 30.776123981922865
10405 1 1013339 0.74418604 25.771738030016422
10406 1 543642 0.7380952 38.58568100258708
10407 1 1573267 0.75 35.13434005435556
10408 1 1320175 0.74358976 35.6059760088101
10409 1 1098814 0.72619045 33.77789701335132
10410 1 1074039 0.725 35.45547800604254
10411 1 1133486 0.7777778 37.224853062070906
10412 1 1134296 0.73493975 37.62101894244552
10413 1 1125389 0.73493975 38.760241004638374
10414 1 1492509 0.7222222 25.30167601071298
10415 1 336826 0.79746836 37.73520502727479
10416 1 1972081 0.73417723 36.46540199406445
10417 1 1342065 0.75949365 33.776429016143084
10418 1 597111 0.7160494 37.96700609382242
10419 1 1265042 0.70886075 32.223241054452956
10420 1 1082390 0.72619045 37.11142297834158
10421 1 790753 0.7816092 25.727695901878178
10422 1 1232687 0.80263156 36.748243030160666
10423 1 579063 0.70666665 37.0899069821462
10424 1 822534 0.75308645 32.84770902246237
10425 1 987513 0.7051282 35.56618501897901
10426 1 1520672 0.7875 36.78359102923423
10427 1 1429134 0.79746836 35.67593509797007
10428 1 129091 0.7236842 34.63627095334232
10429 1 1041172 0.7303371 28.40328891761601
10430 1 1087873 0.7752809 23.862587986513972
10431 1 407191 0.70886075 24.568227003328502
10432 1 1731224 0.72839504 34.59787601605058
10433 1 987123 0.77922076 36.93395107984543
10434 1 1047441 0.721519 40.59861390851438
10435 1 1622943 0.7093023 33.54577103164047
10436 1 486882 0.7307692 33.41021900996566
10437 1 1155916 0.78313255 33.20083301514387
10438 1 823513 0.7375 32.31429005973041
10439 1 1253839 0.7922078 30.37144592963159
10440 1 1205330 0.7411765 28.3760370220989
10441 1 1037557 0.7108434 26.12058201339096
10442 1 1488703 0.775 28.284136089496315
10443 1 724756 0.7012987 34.77847506292164
10444 1 407191 0.7567568 34.51699495781213
10445 1 1441827 0.7619048 29.0382580133155
10446 1 1505381 0.7529412 31.315884087234735
10447 1 407191 0.7671233 32.13238890748471
10448 1 1425868 0.76 39.99391698744148
10449 1 1123598 0.74698794 37.12904709391296
10450 1 1310061 0.70731705 36.526106065139174
10451 1 1018504 0.74390244 39.01180706452578
10452 1 2359951 0.7282609 31.58720093779266
10453 1 1529965 0.75 38.76719390973449
10454 1 1692803 0.75949365 41.290330002084374
10455 1 857724 0.7058824 30.884486041031778
10456 1 1328970 0.7307692 39.08383101224899
10457 1 712778 0.7777778 30.484277056530118
10458 1 1297569 0.70666665 32.89653093088418
10459 1 998932 0.70731705 38.85750996414572
10460 1 1057397 0.75 43.14558708574623
10461 1 1035409 0.7948718 35.10657011065632
10462 1 1205330 0.75 32.100348034873605
10463 1 1086388 0.79268295 32.95423195231706
10464 1 1719222 0.72527474 25.996093056164682
10465 1 1973912 0.7790698 25.791314081288874
10466 1 868851 0.75609756 36.4110569935292
10467 1 1116778 0.7906977 25.98995203152299
10468 1 704348 0.73493975 37.116782972589135
10469 1 1427131 0.79746836 33.67224195972085
10470 1 1025694 0.7176471 29.243130004033446
10471 1 652347 0.7972973 36.56288399361074
10472 1 1493190 0.7195122 28.09801301918924
10473 1 407191 0.74666667 29.969530063681304
10474 1 1184257 0.76829267 34.18219601735473
10475 1 1580922 0.7733333 36.76677995827049
10476 1 209604 0.79310346 28.69802201166749
10477 1 1531320 0.725 33.52518810424954
10478 1 1089093 0.74390244 37.95171598903835
10479 1 1162414 0.72839504 37.00680495239794
10480 1 1022086 0.73255813 28.314957045949996
10481 1 1625998 0.7882353 27.899404987692833
10482 1 1342065 0.725 34.29788805078715
10483 1 1947766 0.77922076 36.71260003466159
10484 1 679943 0.7948718 34.7642459673807
10485 1 1943211 0.7866667 39.21978501603007
10486 1 1039990 0.7195122 38.89378998428583
10487 1 1560548 0.7407407 33.58691208995879
10488 1 1130719 0.7195122 34.19062297325581
10489 1 1483901 0.7375 33.13037706539035
10490 1 1036052 0.725 29.380674939602613
10491 1 1181933 0.79310346 24.739427026361227
10492 1 858120 0.7093023 29.462142032571137
10493 1 1232687 0.75641024 40.119468001648784
10494 1 579063 0.70666665 39.08530401531607
10495 1 1428059 0.752809 23.878843989223242
10496 1 1076356 0.73493975 32.052602036856115
10497 1 1668055 0.7721519 32.053510076366365
10498 1 814683 0.72839504 36.971747991628945
10499 1 1003071 0.7848101 32.794868922792375
10500 1 1193654 0.7777778 31.914887949824333
10501 1 1121433 0.7078652 28.158293920569122
10502 1 370562 0.7380952 36.19567397981882
10503 1 69438 0.74725276 29.665570007637143
10504 1 1573267 0.7710843 33.9731490239501
10505 1 712778 0.72289157 32.840138068422675
10506 1 1003514 0.73493975 32.50709397252649
10507 1 1157374 0.7241379 29.963706037960947
10508 1 1354390 0.70238096 37.50205901451409
10509 1 706472 0.7160494 36.683229031041265
10510 1 1096966 0.71910113 27.40437793545425
10511 1 1731224 0.74390244 31.854938017204404
10512 1 367266 0.7654321 38.52264990564436
10513 1 344957 0.71794873 33.15683198161423
10514 1 1004367 0.7411765 30.086805927567184
10515 1 1101046 0.74698794 32.45653701014817
10516 1 579063 0.70666665 38.05762401316315
10517 1 1351641 0.7721519 34.77420890703797
10518 1 579063 0.70666665 36.733116023242474
10519 1 679943 0.73170733 34.85840605571866
10520 1 1543240 0.7125 38.99341798387468
10521 1 1096966 0.71910113 27.090350980870426
10522 1 712778 0.7209302 24.415950058028102
10523 1 1014448 0.7176471 28.982713003642857
10524 1 1156956 0.7411765 30.048721004277468
10525 1 1314561 0.7777778 23.954675067216158
10526 1 1039990 0.7625 36.61617904435843
10527 1 788461 0.74390244 32.290466013364494
10528 1 1625998 0.7882353 30.307939974591136
10529 1 1452275 0.7037037 34.1956369811669
10530 1 530082 0.7590361 34.199784975498915
10531 1 1403498 0.73333335 35.250820918008685
10532 1 1288986 0.75 32.240474014543
10533 1 1686181 0.74418604 24.321657954715192
10534 1 1416643 0.7848101 32.68731792923063
10535 1 1015075 0.72527474 24.970571044832468
10536 1 264778 0.7078652 24.57190991844982
10537 1 712980 0.7125 33.10677397530526
10538 1 1188658 0.7108434 35.450616967864335
10539 1 392091 0.71428573 25.47122200485319
10540 1 392091 0.7160494 33.95921899937093
10541 1 731410 0.7027027 37.535050068981946
10542 1 1579762 0.7125 36.84250998776406
10543 1 1949294 0.76744187 30.380794079974294
10544 1 1622447 0.7209302 32.20154996961355
10545 1 805028 0.72619045 32.75253705214709
10546 1 1976516 0.72727275 40.21386906970292
10547 1 1631909 0.7294118 29.625253984704614
10548 1 1061249 0.7411765 36.2657819641754
10549 1 1153747 0.721519 32.814829028211534
10550 1 898528 0.725 34.64640199672431
10551 1 1010562 0.7619048 34.915960975922644
10552 1 1616670 0.75 30.450777034275234
10553 1 407191 0.74666667 29.900589026510715
10554 1 813775 0.70731705 34.655833966098726
10555 1 1352197 0.7654321 37.03606897033751
10556 1 1150426 0.71875 19.952367059886456
10557 1 851226 0.73195875 16.931461985222995
10558 1 993226 0.7346939 15.16546297352761
10559 1 1077466 0.71 17.76067994069308
10560 1 1060723 0.7816092 21.977173979394138
10561 1 1041615 0.7777778 14.08784999512136
10562 1 1150250 0.76404494 20.43282997328788
10563 1 873084 0.76344085 18.81109701935202
10564 1 1191367 0.70212764 18.908414989709854
10565 1 1669678 0.70212764 19.01242497842759
10566 1 1081603 0.7227723 13.492904021404684
10567 1 964909 0.79569894 18.86846194975078
10568 1 1138458 0.7659575 19.080845988355577
10569 1 866868 0.73913044 19.14361701346934
10570 1 1721980 0.7311828 24.02036404237151
10571 1 240008 0.7346939 16.811350942589343
10572 1 873084 0.7659575 17.929872032254934
10573 1 1088152 0.72043014 19.57342098467052
10574 1 873084 0.7741935 19.49111302383244
10575 1 1013339 0.71590906 22.30660291388631
10576 1 1093245 0.77894735 17.20655499957502
10577 1 1142235 0.7473684 13.796955929137766
10578 1 109474 0.79569894 17.878910060971975
10579 1 1253839 0.71428573 23.80446996539831
10580 1 1441837 0.7916667 17.143775010481477
10581 1 837522 0.73195875 20.43694199528545
10582 1 1440673 0.75757575 14.109242940321565
10583 1 873084 0.7826087 19.520533038303256
10584 1 873084 0.7473684 18.21861299686134
10585 1 1491008 0.7816092 19.69605206977576
10586 1 1226791 0.7222222 21.61519497167319
10587 1 1150250 0.74444443 20.846929983235896
10588 1 873084 0.7717391 21.132545894943178
10589 1 1342007 0.7419355 19.31970496661961
10590 1 850089 0.7111111 19.71686095930636
10591 1 709444 0.7653061 13.695804052986205
10592 1 1016912 0.7777778 20.535812014713883
10593 1 1150250 0.74444443 22.557700984179974
10594 1 1081603 0.71 17.297971062362194
10595 1 842478 0.71 17.31619902420789
10596 1 821172 0.79310346 21.336684003472328
10597 1 1012009 0.7717391 19.217889057472348
10598 1 1123499 0.7473684 19.474831991828978
10599 1 836289 0.7916667 14.17220092844218
10600 1 1501594 0.79761904 24.400203954428434
10601 1 1831035 0.7977528 20.491512957960367
10602 1 704348 0.71910113 24.112573941238225
10603 1 1023666 0.7717391 21.836864994838834
10604 1 840337 0.7659575 20.005101920105517
10605 1 240008 0.7765958 19.750787992961705
10606 1 222186 0.7111111 20.93264798168093
10607 1 1491008 0.75555557 16.08243794180453
10608 1 1428059 0.7282609 21.139445016160607
10609 1 240008 0.7765958 18.69404991157353
10610 1 1081603 0.71 16.05776895303279
10611 1 27299 0.79569894 17.756090965121984
10612 1 1123652 0.79787236 18.411239027045667
10613 1 1949294 0.73913044 21.07818005606532
10614 1 1183528 0.7741935 19.83716804534197
10615 1 1415695 0.77272725 23.373171919956803
10616 1 1491008 0.7234042 14.011397957801819
10617 1 709444 0.7653061 13.790881028398871
10618 1 1299341 0.78571427 14.911675942130387
10619 1 1081603 0.75789475 19.01110401377082
10620 1 694736 0.78494626 18.81601905915886
10621 1 873084 0.742268 14.5677289692685
10622 1 1081603 0.7395833 18.685507937334478
10623 1 1440673 0.75757575 13.586306944489479
10624 1 873084 0.7244898 14.675172977149487
10625 1 854346 0.7111111 22.118674940429628
10626 1 1015075 0.7752809 22.416564053855836
10627 1 979375 0.7 16.00383105687797
10628 1 1137675 0.7244898 15.967712039127946
10629 1 1566712 0.71910113 20.54584806319326
10630 1 1161492 0.7029703 18.090266967192292
10631 1 873084 0.7659575 18.864548997953534
10632 1 1081603 0.7525773 17.193577950820327
10633 1 1009778 0.7234042 16.793039976619184
10634 1 1491008 0.7234042 14.174337964504957
10635 1 1081603 0.7346939 16.691584954969585
10636 1 1016912 0.7888889 18.98388098925352
10637 1 1081603 0.71 16.599422902800143
10638 1 873084 0.75 16.189055982977152
10639 1 2098018 0.76666665 20.574911031872034
10640 1 1081603 0.7058824 13.406974030658603
10641 1 1053639 0.73913044 22.415591054596007
10642 1 939116 0.71276593 22.132128942757845
10643 1 1022086 0.70652175 18.760510021820664
10644 1 1053639 0.7083333 17.39029004238546
10645 1 243282 0.7741935 19.320650957524776
10646 1 1253839 0.71428573 24.41375399939716
10647 1 1460096 0.76404494 22.005832055583596
10648 1 1166146 0.74157304 19.85976903233677
10649 1 1299341 0.78571427 15.457489062100649
10650 1 1253839 0.71428573 22.683116025291383
10651 1 1077466 0.7916667 15.89802501257509
10652 1 1491008 0.7311828 13.30904196947813
10653 1 1024767 0.75 22.10965205449611
10654 1 1669678 0.70212764 18.999979947693646
10655 1 1491008 0.75555557 16.004874021746218
10656 1 873084 0.7553192 19.078886951319873
10657 1 837522 0.72164947 18.81433802191168
10658 1 1150426 0.76344085 20.47761995345354
10659 1 1085126 0.75268817 18.750203074887395
10660 1 939116 0.71276593 22.65460102353245
10661 1 1142235 0.7083333 15.864449902437627
10662 1 240008 0.75 20.42867604177445
10663 1 938694 0.7912088 21.02647698484361
10664 1 1083735 0.7356322 23.086221073754132
10665 1 845476 0.78409094 22.561241989023983
10666 1 222186 0.7111111 20.508858026005328
10667 1 1491008 0.7311828 13.351741014048457
10668 1 694736 0.78494626 18.76403100322932
10669 1 1022086 0.7222222 20.3416709555313
10670 1 704348 0.71910113 22.146326024085283
10671 1 1781080 0.78494626 18.829045933671296
10672 1 1077466 0.7628866 17.325008055195212
10673 1 167079 0.7590361 20.388923003338277
10674 1 1081603 0.7244898 17.746669007465243
10675 1 1573267 0.72527474 19.34942603111267
10676 1 1016912 0.7692308 20.898766932077706
10677 1 240008 0.7765958 19.97218292672187
10678 1 1521697 0.7816092 21.488224039785564
10679 1 999321 0.70652175 19.59199900738895
10680 1 1491008 0.7234042 13.55695107486099
10681 1 845476 0.75555557 20.736417965963483
10682 1 871240 0.76842105 17.356527037918568
10683 1 845476 0.7752809 21.97516500018537
10684 1 1142235 0.7311828 17.615891993045807
10685 1 815439 0.79787236 18.703888985328376
10686 1 240008 0.7346939 16.239170916378498
10687 1 1847188 0.7070707 13.574594049714506
10688 1 873084 0.73195875 15.92796400655061
10689 1 1249397 0.7777778 22.659923997707665
10690 1 240008 0.7346939 16.099214903078973
10691 1 873084 0.7473684 19.102071993984282
10692 1 240008 0.74489796 17.245903029106557
10693 1 713529 0.7717391 17.076877993531525
10694 1 58790 0.70526314 20.062600960955024
10695 1 1081603 0.7659575 21.27090690191835
10696 1 1041615 0.78571427 15.491125988774002
10697 1 1183528 0.76344085 20.471427007578313
10698 1 1711841 0.79787236 19.46659991517663
10699 1 1081603 0.7604167 17.96561398077756
10700 1 2451298 0.7882353 22.889427025802433
10701 1 1081603 0.75789475 19.45194404106587
10702 1 1077466 0.71 19.540040055289865
10703 1 822534 0.70454544 23.069209069944918
10704 1 1463846 0.7032967 23.09602196328342
10705 1 1093245 0.77894735 18.52081692777574
10706 1 1081603 0.7628866 17.175612971186638
10707 1 319541 0.7019231 15.198296983726323
10708 1 863895 0.7419355 22.905845078639686
10709 1 993226 0.75268817 24.1687468951568
10710 1 1150250 0.71428573 22.307433071546257
10711 1 1013339 0.7356322 22.101454087533057
10712 1 1060723 0.7816092 22.33629790134728
10713 1 1342007 0.7282609 24.075503926724195
10714 1 1150250 0.7096774 18.82140606176108
10715 1 1150250 0.70212764 17.557961982674897
10716 1 1566712 0.71910113 20.52322996314615
10717 1 1081603 0.7395833 19.292028970085084
10718 1 809645 0.72043014 18.89224397018552
10719 1 990372 0.7553192 21.897256025113165
10720 1 1183528 0.7741935 20.305617013946176
10721 1 1067514 0.7692308 19.81805299874395
10722 1 993226 0.7070707 16.871005995199084
10723 1 1068180 0.7582418 23.448969004675746
10724 1 1454646 0.7126437 22.752110962755978
10725 1 1440673 0.75757575 13.624664978124201
10726 1 1491008 0.75555557 16.11757802311331
10727 1 1521697 0.7816092 20.683421986177564
10728 1 1068617 0.75789475 18.698472063988447
10729 1 1174922 0.7529412 22.11218699812889
10730 1 1150250 0.79310346 22.26992999203503
10731 1 1137675 0.7395833 18.83196795824915
10732 1 1193233 0.72527474 20.501406979747117
10733 1 240008 0.74489796 16.143325017765164
10734 1 1504757 0.70454544 20.87376406416297
10735 1 1094360 0.76086956 18.74140906147659
10736 1 1183528 0.75 16.90378598868847
10737 1 836289 0.77894735 16.89032104332
10738 1 1521546 0.7764706 21.219340967945755
10739 1 873084 0.76344085 19.23738105688244
10740 1 1081603 0.7227723 13.812095043249428
10741 1 1460096 0.76404494 20.712553057819605
10742 1 1067514 0.7692308 18.700922024436295
10743 1 1067514 0.7692308 18.817882984876633
10744 1 882353 0.7395833 17.42921199183911
10745 1 1393898 0.78571427 13.391479034908116
10746 1 240008 0.7765958 19.01665108744055
10747 1 873084 0.7604167 15.823245979845524
10748 1 1191367 0.70212764 19.019497092813253
10749 1 828675 0.7411765 22.5582990096882
10750 1 1560721 0.7977528 20.151736913248897
10751 1 1441837 0.7916667 16.80833799764514
10752 1 1721980 0.7311828 24.01729708071798
10753 1 1081603 0.7659575 21.618976024910808
10754 1 240008 0.75 19.66413902118802
10755 1 821172 0.7888889 16.111242934130132
10756 1 243282 0.7741935 19.121318007819355
10757 1 240008 0.7346939 16.242390032857656
10758 1 1142235 0.7157895 16.3032979471609
10759 1 1068180 0.7582418 22.272528032772243
10760 1 1073169 0.7659575 18.796571996062994
10761 1 1016912 0.72164947 13.64501693751663
10762 1 1409596 0.73333335 18.825429026037455
10763 1 1142235 0.73913044 18.95884599070996
10764 1 873084 0.76344085 18.955040955916047
10765 1 1949294 0.73913044 20.853961003012955
10766 1 1081603 0.72 16.03148109279573
10767 1 704348 0.71910113 23.809939972124994
10768 1 1081603 0.74489796 16.97374996729195
10769 1 27299 0.79569894 17.761626048013568
10770 1 1093245 0.77894735 17.279811901971698
10771 1 400210 0.78350514 15.93410491477698
10772 1 248429 0.76744187 17.29039300698787
10773 1 1195135 0.76086956 18.72035290580243
10774 1 240008 0.74489796 15.977284987457097
10775 1 1249397 0.7777778 22.168189054355025
10776 1 851658 0.7395833 15.859979903325438
10777 1 836289 0.7916667 13.366788043640554
10778 1 1006239 0.742268 14.567123958840966
10779 1 1441837 0.7916667 16.05130103416741
10780 1 1183528 0.7473684 17.275772988796234
10781 1 370562 0.71428573 20.776366000063717
10782 1 1949294 0.73913044 20.540509023703635
10783 1 1573267 0.70212764 16.896646935492754
10784 1 1081603 0.7029703 15.566459042020142
10785 1 1081603 0.72 15.351234003901482
10786 1 1009462 0.72043014 20.416888990439475
10787 1 1150426 0.75 15.835931990295649
10788 1 833111 0.71568626 15.97137504722923
10789 1 863895 0.7419355 22.285577026195824
10790 1 1440673 0.75 13.69395898655057
10791 1 243282 0.7741935 20.299571100622416
10792 1 240008 0.74489796 15.995866968296468
10793 1 1949294 0.73913044 18.78004299942404
10794 1 1501594 0.7882353 20.324937999248505
10795 1 811200 0.7582418 22.05573709215969
10796 1 1672237 0.74489796 16.223887912929058
10797 1 1013942 0.7938144 17.433076980523765
10798 1 1193233 0.72527474 22.253079107031226
10799 1 1150250 0.78651685 20.038654911331832
10800 1 240008 0.74489796 16.867346013896167
10801 1 1025579 0.7916667 15.34585899207741
10802 1 1016772 0.78723407 16.13152597565204
10803 1 1195135 0.7368421 15.946159022860229
10804 1 240008 0.7346939 16.232670983299613
10805 1 1521697 0.75 22.241038968786597
10806 1 1535844 0.7894737 17.180718015879393
10807 1 1150250 0.71428573 22.563360980711877
10808 1 1067299 0.71428573 18.85246392339468
10809 1 1140128 0.7291667 22.132334066554904
10810 1 1150426 0.71428573 16.211053007282317
10811 1 1150250 0.73333335 22.585362079553306
10812 1 1145626 0.7395833 20.81285696476698
10813 1 1154446 0.7802198 19.12559405900538
10814 1 815406 0.76344085 18.789036897942424
10815 1 990372 0.7473684 19.875010009855032
10816 1 1150426 0.7263158 21.2671619374305
10817 1 357450 0.7108434 21.229884936474264
10818 1 939116 0.7311828 22.93776103761047
10819 1 1150426 0.7717391 23.008791962638497
10820 1 1949149 0.72727275 19.563702982850373
10821 1 1016912 0.7777778 19.446315011009574
10822 1 1831035 0.7977528 19.347832072526217
10823 1 1081603 0.7473684 21.178317023441195
10824 1 939116 0.7083333 19.618868944235146
10825 1 7520 0.7282609 23.160537937656045
10826 1 1150250 0.71428573 24.076505098491907
10827 1 435852 0.71428573 21.48810401558876
10828 1 1151835 0.73913044 21.7072389787063
10829 1 1415695 0.77272725 23.474276065826416
10830 1 1491008 0.7816092 18.869409104809165
10831 1 999321 0.74157304 20.47280897386372
10832 1 81388 0.7 19.20902996789664
10833 1 1009462 0.7282609 22.575397975742817
10834 1 1068180 0.7419355 19.809227087534964
10835 1 1672237 0.74489796 16.02404296863824
10836 1 1441837 0.7916667 15.887973015196621
10837 1 1193233 0.73626375 18.72810791246593
10838 1 1254188 0.77894735 18.466277979314327
10839 1 1573267 0.71428573 20.459110965020955
10840 1 240008 0.7765958 19.89818294532597
10841 1 1024767 0.75 24.458558997139335
10842 1 1068180 0.71276593 22.388987010344863
10843 1 1781080 0.78494626 19.92027892265469
10844 1 1226791 0.7222222 20.92411194462329
10845 1 1254188 0.77894735 17.522887093946338
10846 1 993226 0.7446808 20.54329006932676
10847 1 370562 0.71428573 18.92615109682083
10848 1 1081603 0.75789475 18.761810031719506
10849 1 1492387 0.73333335 22.476468002423644
10850 1 1079799 0.742268 17.3137029632926
10851 1 1094360 0.75555557 22.093040053732693
10852 1 1081603 0.7244898 17.33997301198542
10853 1 1845575 0.7395833 16.072336002252996
10854 1 1521697 0.7111111 23.95112905651331
10855 1 1093245 0.77894735 18.57627008575946
10856 1 1105991 0.7916667 15.394854941405356
10857 1 836289 0.78723407 17.070799018256366
10858 1 1573267 0.7096774 18.547983025200665
10859 1 1085024 0.7888889 19.061820930801332
10860 1 1081603 0.75510204 14.901043032296002
10861 1 1491008 0.7234042 13.539767009206116
10862 1 1024767 0.7263158 19.010556978173554
10863 1 1067299 0.7386364 22.22281601279974
10864 1 1118915 0.73913044 18.95315502770245
10865 1 240008 0.74489796 15.924044069834054
10866 1 1491008 0.7816092 18.735244986601174
10867 1 1161492 0.7244898 18.944969051517546
10868 1 851226 0.7244898 14.571396983228624
10869 1 694736 0.78494626 18.86887801811099
10870 1 1092524 0.7692308 23.166056955233216
10871 1 990372 0.76344085 23.971827002242208
10872 1 1053639 0.72164947 15.258298953995109
10873 1 873084 0.7553192 19.661540049128234
10874 1 1226791 0.7222222 21.189805935136974
10875 1 1142235 0.7173913 21.15306700579822
10876 1 1226791 0.7222222 20.636982982978225
10877 1 1560451 0.78651685 22.105690091848373
10878 1 709444 0.7653061 14.097483013756573
10879 1 993226 0.72727275 13.941644923761487
10880 1 1491008 0.7906977 22.070404957048595
10881 1 1085024 0.7888889 20.212856004945934
10882 1 1464790 0.74157304 16.53930894099176
10883 1 1226791 0.7222222 21.203894983045757
10884 1 1081603 0.73 14.998343074694276
10885 1 240008 0.75 20.005065016448498
10886 1 2015125 0.79569894 16.61129598505795
10887 1 821172 0.7888889 16.50698098819703
10888 1 10191 0.75 19.32626194320619
10889 1 1521697 0.7816092 21.044941036961973
10890 1 1454646 0.7126437 23.114518029615283
10891 1 1183528 0.7395833 16.30621904041618
10892 1 1123652 0.7553192 23.65093701519072
10893 1 1158408 0.7356322 24.368342012166977
10894 1 821172 0.7752809 20.215076976455748
10895 1 1440673 0.75757575 14.57785489037633
10896 1 1440673 0.75757575 14.221444027498364
10897 1 979375 0.79787236 18.804959021508694
10898 1 1150426 0.75268817 22.956957924179733
10899 1 1081603 0.7395833 19.802727969363332
10900 1 993226 0.7741935 21.912477910518646
10901 1 1016912 0.7446808 17.577714985236526
10902 1 1161492 0.73195875 22.226125933229923
10903 1 1501594 0.79761904 23.850976023823023
10904 1 1342007 0.7419355 19.985992927104235
10905 1 1409596 0.7111111 23.091547074727714
10906 1 1226791 0.7222222 21.330898976884782
10907 1 1085024 0.7888889 19.427844905294478
10908 1 1088152 0.72043014 19.096678006462753
10909 1 1393898 0.78571427 13.63187690731138
10910 1 815406 0.7802198 20.21782996598631
10911 1 993226 0.71428573 15.916571952402592
10912 1 1566713 0.7241379 20.86089493241161
10913 1 1441837 0.7916667 17.66005391255021
10914 1 1067299 0.7303371 22.585186059586704
10915 1 558023 0.7419355 18.626024015247822
10916 1 1077466 0.7070707 19.544702023267746
10917 1 1393898 0.78571427 14.012395986355841
10918 1 1183528 0.7553192 18.738282029516995
10919 1 1253839 0.71428573 22.196162026375532
10920 1 1460096 0.76404494 20.42509091552347
10921 1 1016912 0.7692308 18.99264403618872
10922 1 240008 0.7346939 15.93408000189811
10923 1 1254188 0.77894735 17.222862923517823
10924 1 275461 0.7373737 15.996510977856815
10925 1 850089 0.74157304 17.680746968835592
10926 1 1067299 0.71428573 20.44944604858756
10927 1 694736 0.78494626 18.947524949908257
10928 1 1138735 0.7888889 22.450999938882887
10929 1 7520 0.7282609 22.56094408221543
10930 1 999321 0.74157304 22.419351967982948
10931 1 713529 0.7717391 17.334333970211446
10932 1 1254188 0.77894735 18.25260603800416
10933 1 1081603 0.7373737 15.541226952336729
10934 1 1669678 0.70212764 19.200473907403648
10935 1 1053639 0.7234042 18.822286976501346
10936 1 1460096 0.76404494 20.468685892410576
10937 1 1142235 0.7083333 14.879354974254966
10938 1 1150426 0.76344085 21.165828919038177
10939 1 1848384 0.78723407 18.63008795771748
10940 1 987103 0.7826087 18.639384070411325
10941 1 1491008 0.7311828 13.50365998223424
10942 1 240008 0.7346939 15.929060988128185
10943 1 240008 0.75 18.82139896042645
10944 1 1016912 0.7888889 19.068895024247468
10945 1 1249397 0.7777778 24.32696905452758
10946 1 1501594 0.7882353 21.909967064857483
10947 1 1097990 0.74157304 21.643967018462718
10948 1 1094336 0.77894735 19.566494971513748
10949 1 1188764 0.73333335 24.066520971246064
10950 1 1094360 0.7419355 17.31668401043862
10951 1 319541 0.7019231 14.809224987402558
10952 1 1081603 0.73 13.488829019479454
10953 1 1142235 0.74725276 19.120855955407023
10954 1 1492905 0.7717391 18.881427007727325
10955 1 1016912 0.7291667 13.749900972470641
10956 1 1024767 0.7263158 19.42181691993028
10957 1 1148796 0.79347825 18.674766994081438
10958 1 1081603 0.74489796 16.1041549872607
10959 1 1048414 0.76842105 18.010569969192147
10960 1 1067299 0.7386364 24.19169503264129
10961 1 1081603 0.7171717 17.10912596900016
10962 1 1226791 0.7222222 21.634517004713416
10963 1 1183528 0.7473684 18.246733001433313
10964 1 1154446 0.7692308 20.19871794618666
10965 1 882353 0.7395833 17.72518001962453
10966 1 990372 0.76344085 22.391934995539486
10967 1 1455108 0.72527474 22.113956045359373
10968 1 1455108 0.72527474 24.144968949258327
10969 1 240008 0.7765958 18.719250103458762
10970 1 1142235 0.7083333 14.692223980091512
10971 1 558023 0.7419355 17.42192101664841
10972 1 1081603 0.7029703 14.499265933409333
10973 1 1067299 0.71428573 18.924393923953176
10974 1 1183528 0.78494626 17.829179065302014
10975 1 881899 0.7912088 24.007665109820664
10976 1 1140128 0.72164947 22.17788598500192
10977 1 694736 0.78494626 19.990169908851385
10978 1 1491008 0.7906977 21.187264006584883
10979 1 1105991 0.7765958 18.678216030821204
10980 1 1041615 0.7938144 15.727730933576822
10981 1 1081603 0.71 15.990026062354445
10982 1 2015125 0.79569894 15.797549043782055
10983 1 1492387 0.73333335 22.252549999393523
10984 1 1081603 0.74489796 16.05689199641347
10985 1 1491008 0.7906977 20.266950014047325
10986 1 1067299 0.7386364 22.07728789653629
10987 1 1167045 0.75789475 20.28222498483956
10988 1 851226 0.7395833 16.511757974512875
10989 1 240008 0.7765958 18.919375026598573
10990 1 1150250 0.73626375 20.9009840618819
10991 1 979184 0.75490195 14.550982043147087
10992 1 856290 0.7912088 23.32197700161487
10993 1 1491008 0.7311828 14.073999016545713
10994 1 850089 0.75581396 23.418657016009092
10995 1 1560451 0.78651685 22.87807106040418
10996 1 1393898 0.78571427 14.50214406941086
10997 1 1081603 0.73 14.465772081166506
10998 1 938694 0.7912088 20.272581954486668
10999 1 10191 0.75 19.80654802173376
11000 1 1081603 0.72727275 16.150653013028204
11001 1 1142235 0.75555557 21.08177007175982
11002 1 1077466 0.742268 18.79935199394822
11003 1 1148796 0.7010309 18.906831042841077
11004 1 1491008 0.7906977 20.751264062710106
11005 1 709444 0.7653061 14.833671040832996
11006 1 873084 0.7912088 21.949818008579314
11007 1 709444 0.7653061 15.279012965038419
11008 1 1016912 0.76086956 18.46619404386729
11009 1 873084 0.75 16.421122942119837
11010 1 27299 0.79569894 17.99365202896297
11011 1 1081603 0.72727275 16.56969205942005
11012 1 815406 0.75789475 15.153817948885262
11013 1 1142235 0.7234042 16.539613949134946
11014 1 1188764 0.73333335 24.103899020701647
11015 1 873084 0.7553192 19.57448199391365
11016 1 1123499 0.7368421 21.217726985923946
11017 1 1041615 0.7777778 13.875609962269664
11018 1 1226791 0.7222222 21.440441021695733
11019 1 873084 0.7802198 23.139680037274957
11020 1 845476 0.76404494 24.035863927565515
11021 1 939116 0.7311828 22.610309068113565
11022 1 7520 0.7340425 18.177028046920896
11023 1 1254188 0.77894735 17.843491048552096
11024 1 1138458 0.79569894 17.84564694389701
11025 1 1093245 0.77894735 17.60272798128426
11026 1 1097990 0.7222222 20.35860694013536
11027 1 1073169 0.7291667 18.770124996080995
11028 1 248429 0.76744187 18.16598407458514
11029 1 1016912 0.75268817 15.911925002001226
11030 1 1024767 0.7419355 20.39359207265079
11031 1 873084 0.76344085 18.724737921729684
11032 1 1560451 0.78651685 22.19835203140974
11033 1 1226791 0.7222222 20.397440996021032
11034 1 1193233 0.70652175 20.799921941943467
11035 1 1077466 0.7346939 20.98241401836276
11036 1 1181206 0.7234042 20.889273029752076
11037 1 10191 0.75 20.104501047171652
11038 1 1060209 0.79787236 19.81612097006291
11039 1 809645 0.7282609 21.721960976719856
11040 1 1105991 0.7765958 19.120990997180343
11041 1 240008 0.7765958 20.2079510781914
11042 1 1081603 0.7244898 17.576158978044987
11043 1 1088152 0.79545456 21.98313199914992
11044 1 828675 0.7011494 22.168779047206044
11045 1 2451298 0.7882353 22.055780049413443
11046 1 993226 0.79569894 17.16375397518277
11047 1 1161492 0.75510204 15.892485971562564
11048 1 704348 0.71910113 23.35471799597144
11049 1 820185 0.7977528 24.24167306162417
11050 1 840337 0.7826087 23.364298976957798
11051 1 1148796 0.72164947 18.066763994283974
11052 1 1013339 0.71590906 23.01697200164199
11053 1 1150426 0.7553192 19.08863801509142
11054 1 240008 0.74489796 16.27314300276339
11055 1 1031468 0.73913044 22.382294991984963
11056 1 1440673 0.7281553 10.435775038786232
11057 1 602764 0.7314815 7.500089937821031
11058 1 2014726 0.7181818 10.363394976593554
11059 1 957928 0.72477067 9.499859064817429
11060 1 2014726 0.7181818 10.427572997286916
11061 1 836289 0.78350514 12.33333395794034
11062 1 1440673 0.7425743 12.294755084440112
11063 1 1041615 0.7979798 12.274848064407706
11064 1 957928 0.72477067 9.436071035452187
11065 1 457738 0.75 9.417480905540287
11066 1 836289 0.78350514 12.239509029313922
11067 1 1440673 0.7425743 12.421955005265772
11068 1 1198814 0.79 12.580576003529131
11069 1 602764 0.7314815 8.203038945794106
11070 1 1041615 0.77227724 12.173320981673896
11071 1 1440673 0.7425743 13.210564036853611
11072 1 1086542 0.7669903 11.806808994151652
11073 1 1081603 0.7326733 13.07747105602175
11074 1 1041615 0.79 11.906015919521451
11075 1 1440673 0.7281553 10.750739951618016
11076 1 1440673 0.7281553 10.7227039989084
11077 1 1081603 0.70873785 12.0151819428429
11078 1 1440673 0.72115386 10.274514905177057
11079 1 418766 0.7641509 8.745094062760472
11080 1 1440673 0.7425743 12.273708009161055
11081 1 1440673 0.7425743 12.211935012601316
11082 1 418766 0.7641509 8.72832303866744
11083 1 836289 0.78350514 12.303191935643554
11084 1 1016912 0.7070707 11.227324954234064
11085 1 1142235 0.75789475 12.372497003525496
11086 1 1941398 0.77227724 11.225611087866127
11087 1 836289 0.78350514 12.246564961969852
11088 1 1440673 0.72115386 10.58597199153155
11089 1 1081603 0.70873785 11.406315956264734
11090 1 836289 0.78350514 12.488321051932871
11091 1 1077466 0.71428573 10.352362995035946
11092 1 1440673 0.7425743 12.21509207971394
11093 1 1941398 0.77227724 11.530130985192955
11094 1 1440673 0.7425743 13.527225004509091
11095 1 602764 0.7314815 8.09286697767675
11096 1 418766 0.7641509 9.449501987546682
11097 1 1440673 0.7352941 11.909898952580988
11098 1 1440673 0.7425743 12.973671895451844
11099 1 1081603 0.70873785 11.908338055945933
11100 1 1440673 0.7425743 12.844635988585651
11101 1 1195135 0.7227723 9.840268990956247
11102 1 1041615 0.76237625 12.505224091000855
11103 1 836289 0.7755102 11.414760956540704
11104 1 2014726 0.7181818 10.549650061875582
11105 1 1440673 0.7281553 10.538001079112291
11106 1 1440673 0.7425743 12.697890982963145
11107 1 836289 0.7676768 10.285598109476268
11108 1 1198814 0.7920792 10.195204988121986
11109 1 886535 0.7037037 10.349179967306554
11110 1 1941398 0.77227724 11.311301030218601
11111 1 418766 0.7641509 8.795910980552435
11112 1 836289 0.78350514 12.221822049468756
11113 1 957928 0.72477067 9.57065902184695
11114 1 836289 0.78350514 12.439830927178264
11115 1 457738 0.75 9.60234901867807
11116 1 1941398 0.77227724 11.20191894005984
11117 1 1440673 0.7425743 12.359596090391278
11118 1 1440673 0.7425743 12.533600092865527
11119 1 2014726 0.7181818 11.642589932307601
11120 1 1440673 0.7281553 11.415928020142019
11121 1 602764 0.7314815 8.037302060984075
11122 1 886535 0.7037037 11.210535070858896
11123 1 1440673 0.7425743 13.299898011609912
11124 1 1041615 0.78 12.920457986183465
11125 1 1440673 0.7281553 10.9524040017277
11126 1 836289 0.7755102 11.816101032309234
11127 1 1776586 0.85714287 0.6472780369222164
11128 1 367598 0.8888889 0.6836759857833385
11129 1 406172 0.8888889 0.6756840739399195
11130 1 976455 0.8181818 0.7177139632403851
11131 1 1799538 0.8181818 0.7050839485600591
11132 1 1425522 0.8888889 0.701791956089437
11133 1 1965048 0.875 0.6645849207416177
11134 1 13012 0.8888889 0.7285850588232279
11135 1 2314921 0.875 0.6815360393375158
11136 1 13012 0.8888889 0.7294960087165236
11137 1 395769 0.8181818 0.7278019329532981
11138 1 13012 0.8888889 0.7096159970387816
11139 1 1966038 0.875 0.6714350311085582
11140 1 1678182 0.85714287 0.6693030009046197
11141 1 149535 0.8 0.7366110803559422
11142 1 1630850 0.8181818 0.7051009451970458
11143 1 406172 0.8888889 0.6366809830069542
11144 1 1575713 0.875 0.640135956928134
11145 1 178281 0.8181818 0.6857969565317035
11146 1 470475 0.85714287 0.6192870205268264
11147 1 1459038 0.8888889 0.631432980298996
11148 1 278036 0.8888889 0.6498500006273389
11149 1 178281 0.8181818 0.6767540471628308
11150 1 278036 0.8888889 0.6522380281239748
11151 1 1669974 0.8888889 0.6410370115190744
11152 1 1967575 0.8888889 0.6556829903274775
11153 1 1969602 0.8888889 0.6580700865015388
11154 1 1779324 0.875 0.6250140722841024
11155 1 367598 0.8888889 0.6422309670597315
11156 1 296193 0.8888889 0.6319050444290042
11157 1 1795410 0.8333333 0.6215620087459683
11158 1 1425522 0.8888889 0.665071071125567
11159 1 395769 0.8181818 0.6875100079923868
11160 1 1562909 0.8888889 0.6487290374934673
11161 1 1459038 0.8888889 0.6325989961624146
11162 1 1425522 0.8888889 0.6781619740650058
11163 1 15575 0.8181818 0.7084689568728209
11164 1 30921 0.8 2.55942705553025
11165 1 80764 0.85714287 2.2296460811048746
11166 1 222657 0.85 2.0753140561282635
11167 1 578128 0.85714287 1.8572830595076084
11168 1 138871 0.85 1.5772080514580011
11169 1 824227 0.8095238 2.3312020348384976
11170 1 345061 0.8695652 2.2281570127233863
11171 1 1596516 0.85714287 0.7194149075075984
11172 1 489285 0.8 1.2087620561942458
11173 1 1967844 0.85714287 1.8438560655340552
11174 1 6965 0.8333333 2.514124964363873
11175 1 297617 0.8095238 2.3763200733810663
11176 1 1019697 0.84210527 1.277630915865302
11177 1 637475 0.82608694 2.336383913643658
11178 1 303440 0.8 1.331401988863945
11179 1 1945762 0.8181818 1.6052050050348043
11180 1 447801 0.8125 0.8678450249135494
11181 1 80764 0.8095238 1.9605050329118967
11182 1 561919 0.8 0.8065769216045737
11183 1 993461 0.8695652 2.1738000214099884
11184 1 412652 0.84210527 1.3679640833288431
11185 1 1696750 0.88235295 1.1249310337007046
11186 1 2382942 0.875 0.8904930436983705
11187 1 1778587 0.85 1.4210119843482971
11188 1 8881 0.8235294 1.0562730021774769
11189 1 454901 0.85 1.4188430504873395
11190 1 578128 0.85714287 1.8237270414829254
11191 1 1860792 0.8333333 1.249196007847786
11192 1 1963862 0.85714287 1.8409790936857462
11193 1 231994 0.82608694 2.056326949968934
11194 1 2243956 0.8947368 1.4390660217031837
11195 1 1747484 0.84210527 1.884319935925305
11196 1 1993926 0.85714287 1.772950985468924
11197 1 953673 0.8181818 1.5278869541361928
11198 1 1167841 0.875 0.9343429701402783
11199 1 291039 0.8333333 2.313752076588571
11200 1 1188591 0.8181818 2.1154939895495772
11201 1 1675766 0.8235294 0.9692949242889881
11202 1 396351 0.8888889 1.1824549874290824
11203 1 1384313 0.8095238 2.3272819817066193
11204 1 1661713 0.8333333 0.919935991987586
11205 1 1967140 0.8235294 0.8827409474179149
11206 1 469613 0.82608694 2.4448189651593566
11207 1 1302410 0.8 1.9768649945035577
11208 1 1925491 0.8 2.477554022334516
11209 1 98538 0.82608694 2.363826031796634
11210 1 983274 0.82608694 2.283449051901698
11211 1 1442864 0.8125 0.9860639693215489
11212 1 1966527 0.8636364 1.8341639079153538
11213 1 1738244 0.8095238 1.3478989712893963
11214 1 1963232 0.8181818 1.9209700403735042
11215 1 1695184 0.8 1.0803570039570332
11216 1 138871 0.85 1.5401539858430624
11217 1 2429392 0.8181818 1.553980982862413
11218 1 962300 0.8333333 0.9327770676463842
11219 1 767599 0.85714287 0.7457650499418378
11220 1 243607 0.82608694 2.0415219478309155
11221 1 746787 0.8 1.922906027175486
11222 1 1019697 0.8947368 1.284137018956244
11223 1 643369 0.8 2.5167729472741485
11224 1 31737 0.8095238 1.5444480814039707
11225 1 138871 0.85 1.5171580016613007
11226 1 1605500 0.8095238 1.5921049052849412
11227 1 1678286 0.84210527 1.2175790034234524
11228 1 31737 0.8 1.0996919590979815
11229 1 1695184 0.8 1.0873019928112626
11230 1 138871 0.85 1.55377306509763
11231 1 1968188 0.8235294 0.9226490510627627
11232 1 566343 0.8 0.82204001955688
11233 1 2019893 0.8235294 0.8572679944336414
11234 1 1778506 0.8333333 1.0564930271357298
11235 1 46582 0.88235295 0.9835349628701806
11236 1 195232 0.8636364 2.2551659494638443
11237 1 2466397 0.8888889 1.152351964265108
11238 1 1668724 0.8 2.5489749386906624
11239 1 52610 0.8125 1.0793949477374554
11240 1 1924168 0.8 1.9531630678102374
11241 1 596375 0.8125 0.9393360232934356
11242 1 486280 0.8095238 1.4602019218727946
11243 1 1726948 0.8947368 1.1182479793205857
11244 1 1630727 0.8 2.505582058802247
11245 1 1246414 0.875 0.886871013790369
11246 1 474234 0.85714287 0.8784859674051404
11247 1 161983 0.8947368 1.2948749354109168
11248 1 1678656 0.875 0.8909460157155991
11249 1 1854807 0.85 1.4050640165805817
11250 1 1961202 0.8666667 0.8820279035717249
11251 1 96961 0.85 1.7610329668968916
11252 1 1961012 0.85714287 2.083833096548915
11253 1 1909564 0.85 2.1131429821252823
11254 1 650161 0.8 1.3212569756433368
11255 1 1625257 0.84210527 1.2242450611665845
11256 1 1302410 0.8 1.9000309985131025
11257 1 561919 0.8 0.7958010537549853
11258 1 1585108 0.8095238 2.336767967790365
11259 1 1925491 0.8 2.471814979799092
11260 1 596375 0.8 0.8553750813007355
11261 1 596375 0.8666667 0.8866030257195234
11262 1 1824434 0.84210527 1.2671530712395906
11263 1 1338616 0.8181818 2.092624898068607
11264 1 746787 0.8 2.038066042587161
11265 1 2017015 0.8 0.9555419674143195
11266 1 1522881 0.8235294 0.8782710647210479
11267 1 2017015 0.8 0.9516678983345628
11268 1 326888 0.8 2.607277943752706
11269 1 1648408 0.8333333 1.0342949535697699
11270 1 232426 0.85714287 2.7384390123188496
11271 1 1961754 0.8 1.6532170120626688
11272 1 1630727 0.8235294 1.1141580762341619
11273 1 1925489 0.8 2.7351920725777745
11274 1 1121676 0.8333333 2.5842069881036878
11275 1 454901 0.85 1.5395700465887785
11276 1 2133072 0.8 1.2468260247260332
11277 1 1700674 0.8333333 2.556790946982801
11278 1 591023 0.8947368 1.8431759672239423
11279 1 332660 0.8636364 2.307928982190788
11280 1 1090737 0.8636364 2.3763069184497
11281 1 8496 0.82608694 2.5454030837863684
11282 1 1691746 0.8095238 1.623824005946517
11283 1 1678837 0.8095238 1.667955075390637
11284 1 1136461 0.85714287 1.9511849386617541
11285 1 1500326 0.8235294 1.076049986295402
11286 1 13276 0.8125 1.1297030141577125
11287 1 1965745 0.8947368 1.3939769705757499
11288 1 432226 0.8333333 2.5341990403831005
11289 1 2359946 0.8947368 1.2578869936987758
11290 1 1945762 0.8181818 1.7104879952967167
11291 1 1660060 0.8 1.4553500805050135
11292 1 1965745 0.8947368 1.4511010376736522
11293 1 691123 0.8 2.7339200023561716
11294 1 784744 0.8095238 1.5245770337060094
11295 1 1936422 0.8333333 1.0575350606814027
11296 1 157648 0.8888889 1.2153600109741092
11297 1 1963862 0.85714287 1.8507749773561954
11298 1 1319013 0.85714287 0.7862360216677189
11299 1 1963862 0.85714287 1.7842829693108797
11300 1 1967535 0.8 1.3534349855035543
11301 1 269992 0.85 1.88441202044487
11302 1 1960354 0.8636364 2.1843439899384975
11303 1 1957934 0.8 1.3335969997569919
11304 1 1860792 0.8235294 0.9787440067157149
11305 1 502105 0.82608694 2.0764549262821674
11306 1 561919 0.8 0.8286039810627699
11307 1 1857699 0.85 1.507807057350874
11308 1 735379 0.85714287 1.7961409175768495
11309 1 1668724 0.8 2.5473899440839887
11310 1 2277260 0.8 1.617018016986549
11311 1 1383866 0.8947368 1.3518179766833782
11312 1 1762516 0.8888889 1.191505929455161
11313 1 453380 0.8888889 1.1809330899268389
11314 1 1210062 0.85714287 1.5023669693619013
11315 1 1683455 0.8095238 1.3968560378998518
11316 1 606721 0.875 0.9338300442323089
11317 1 2140411 0.88235295 0.9909230284392834
11318 1 1675461 0.8235294 0.947288004681468
11319 1 833767 0.8095238 1.6375490231439471
11320 1 1420284 0.8 2.609483082778752
11321 1 1961203 0.8333333 1.3975109905004501
11322 1 314248 0.8888889 1.156124984845519
11323 1 1969559 0.82608694 2.308321068994701
11324 1 1209149 0.8333333 1.2745310086756945
11325 1 397142 0.8125 1.1112389620393515
11326 1 1859329 0.85714287 2.215679967775941
11327 1 87927 0.8095238 2.001993008889258
11328 1 298030 0.84210527 1.9221589900553226
11329 1 1925491 0.8 2.5210180319845676
11330 1 1662476 0.8636364 2.1954579278826714
11331 1 269992 0.85 1.8103800248354673
11332 1 1028297 0.82608694 2.331200987100601
11333 1 2267829 0.8 1.1177260894328356
11334 1 87591 0.8 2.6469880249351263
11335 1 1341532 1.0 0.8415839402005076
11336 1 1629941 0.8181818 2.3721379693597555
11337 1 505621 0.82608694 2.002245979383588
11338 1 1762516 0.84210527 1.4192820526659489
11339 1 1147792 0.82608694 1.9173129694536328
11340 1 1820399 0.8 0.8837670320644975
11341 1 1622849 0.8 0.7782080210745335
11342 1 1662880 0.8 2.5627389550209045
11343 1 1762516 0.8888889 1.1727559613063931
11344 1 1965535 0.85714287 1.8481280421838164
11345 1 1654963 0.8 1.3727369951084256
11346 1 1354348 0.8947368 1.6814609989523888
11347 1 1093783 0.8095238 1.4945210423320532
11348 1 342591 0.8095238 2.2813479881733656
11349 1 1678656 0.875 0.8850350277498364
11350 1 138871 0.85 1.685089897364378
11351 1 60381 0.8 1.4681569300591946
11352 1 2020054 0.8095238 1.756579033099115
11353 1 1925490 0.8 2.5270020123571157
11354 1 1963946 0.8 2.508475910872221
11355 1 1963862 0.85714287 1.8402700079604983
11356 1 474075 0.88235295 0.9714920306578279
11357 1 96961 0.85 1.7918319208547473
11358 1 662281 0.8235294 0.9261959930881858
11359 1 1336859 0.85714287 0.8452950278297067
11360 1 143073 0.8636364 2.1929240319877863
11361 1 1910655 0.8 1.134773949161172
11362 1 578128 0.85714287 1.7815950559452176
11363 1 369449 0.84210527 1.3833560515195131
11364 1 1522881 0.8888889 1.1682359036058187
11365 1 1967304 0.85714287 2.17661599162966
11366 1 1687042 0.8095238 2.349946997128427
11367 1 33508 0.82608694 2.4564340710639954
11368 1 248091 0.85714287 2.1798210218548775
11369 1 1711072 0.8333333 1.0357359424233437
11370 1 1483338 0.84210527 1.0744460159912705
11371 1 464105 0.84210527 1.8244179664179683
11372 1 1854807 0.85 1.3755980180576444
11373 1 2374468 0.8181818 2.0582069410011172
11374 1 1033542 0.8947368 1.1641780147328973
11375 1 2120755 0.85714287 0.8204840123653412
11376 1 222510 0.8333333 0.9484720649197698
11377 1 1961354 0.8695652 2.2762330481782556
11378 1 2017015 0.8 0.974672962911427
11379 1 185487 0.8 1.382476999424398
11380 1 1961203 0.8333333 1.4200640143826604
11381 1 138871 0.85 1.5201049391180277
11382 1 1354348 0.8947368 1.7643850296735764
11383 1 832167 0.84210527 1.396972918882966
11384 1 1209149 0.88235295 0.9861879516392946
11385 1 1777085 0.8333333 0.9928930085152388
11386 1 640121 0.8333333 1.0416299337521195
11387 1 11371 0.84210527 1.8339109374210238
11388 1 879595 0.8095238 1.5125030186027288
11389 1 1934482 0.84210527 1.417185994796455
11390 1 1961442 0.88235295 0.8930650074034929
11391 1 1396202 0.8 2.630191040225327
11392 1 1555186 0.82608694 2.3751449771225452
11393 1 1899842 0.8095238 2.320191008038819
11394 1 1963862 0.85714287 1.8278170609846711
11395 1 1910655 0.8 1.0756709380075336
11396 1 662134 0.8181818 2.0350340055301785
11397 1 1641539 0.8 2.4870369816198945
11398 1 531452 0.8181818 1.9339789869263768
11399 1 962567 0.8695652 2.055799006484449
11400 1 1762516 0.8888889 1.0864969808608294
11401 1 230993 0.84210527 1.8826599698513746
11402 1 1529919 0.82608694 2.3707899963483214
11403 1 137758 0.82608694 2.33168201521039
11404 1 1966958 0.8125 1.0186689905822277
11405 1 1553402 0.8 2.514683990739286
11406 1 643010 0.8181818 2.0646840566769242
11407 1 1085573 0.8181818 1.9186369609087706
11408 1 1967064 0.8 2.4070669896900654
11409 1 193747 0.8235294 1.0668840259313583
11410 1 489285 0.8 1.18825095705688
11411 1 595068 0.8 1.1092099593952298
11412 1 1535097 0.8181818 1.5529949450865388
11413 1 1125472 0.8181818 1.9608709262683988
11414 1 288300 0.88235295 0.9574089199304581
11415 1 1856072 0.8333333 2.380544086918235
11416 1 2017015 0.8 0.9660059586167336
11417 1 1471974 0.8333333 1.0443020146340132
11418 1 195218 0.8095238 2.323167980648577
11419 1 1899842 0.8095238 2.3173659574240446
11420 1 619193 0.8333333 1.2533549452200532
11421 1 2219008 0.8181818 1.967060030438006
11422 1 2027211 0.88235295 0.907534034922719
11423 1 581234 0.8095238 2.3742220364511013
11424 1 1965678 0.8235294 0.925461994484067
11425 1 1384313 0.8095238 2.5222100084647536
11426 1 1960727 0.85714287 2.0222009625285864
11427 1 1762516 0.84210527 1.4423079555854201
11428 1 2385173 0.8 0.8124209707602859
11429 1 486280 0.8095238 1.5387010062113404
11430 1 140692 0.82608694 2.241227077320218
11431 1 1925494 0.85714287 1.738332910463214
11432 1 103379 0.88235295 0.9609549306333065
11433 1 1967801 0.8095238 1.5315570635721087
11434 1 1660060 0.8 1.3286280445754528
11435 1 318314 0.85714287 0.9126700460910797
11436 1 1279902 0.8888889 1.550690969452262
11437 1 1965678 0.8235294 1.1406989069655538
11438 1 1965745 0.8947368 1.8082919996231794
11439 1 1778587 0.8095238 2.201269962824881
11440 1 1027606 0.82608694 2.640749095007777
11441 1 1521804 0.8333333 2.7316389605402946
11442 1 2017015 0.8 1.1199400760233402
11443 1 1662880 0.8 2.787515986710787
11444 1 354942 0.8947368 1.895738998427987
11445 1 1965854 0.8 2.7113379910588264
11446 1 357184 0.8 2.8412219835445285
11447 1 1535097 0.8181818 1.6437979647889733
11448 1 8852 0.82608694 2.569176023826003
11449 1 561919 0.8 0.8877520449459553
11450 1 1452742 0.8235294 1.0359670268371701
11451 1 746787 0.8 2.0874120527878404
11452 1 568305 0.84210527 1.3580570230260491
11453 1 824227 0.8095238 2.5099070044234395
11454 1 531452 0.8181818 2.0909160375595093
11455 1 1036666 0.85 1.610186998732388
11456 1 157648 0.8888889 1.2395119993016124
11457 1 1090737 0.8636364 2.275251899845898
11458 1 1732920 0.84615386 0.8380929939448833
11459 1 983274 0.82608694 2.4585468927398324
11460 1 1494495 0.8 1.4352810103446245
11461 1 1821785 0.8 1.255862065590918
11462 1 223840 0.8 2.824140014126897
11463 1 269992 0.85 2.060296945273876
11464 1 1961070 0.8095238 2.5295059895142913
11465 1 1965495 0.8125 1.1047529987990856
11466 1 1965507 0.8125 1.0965790133923292
11467 1 1663318 0.8181818 2.54139699973166
11468 1 1001964 0.85714287 1.88369897659868
11469 1 1083264 0.8695652 2.3322009947150946
11470 1 2011504 0.8888889 1.2503790203481913
11471 1 1624426 0.8 2.6661669835448265
11472 1 1695184 0.8 1.2178729521110654
11473 1 936147 0.85714287 0.8313730359077454
11474 1 1965052 0.84210527 1.2992959236726165
11475 1 1968564 0.8 2.5554830208420753
11476 1 685030 0.8181818 1.9420570461079478
11477 1 1668724 0.8 2.6348549872636795
11478 1 1628882 0.85714287 1.5386879676952958
11479 1 558971 0.8 1.1919209500774741
11480 1 1421713 0.85714287 2.2689299657940865
11481 1 502105 0.82608694 1.9995400216430426
11482 1 1874201 0.85714287 1.9282610155642033
11483 1 692640 0.8 2.645978005602956
11484 1 180304 0.84210527 2.054960001260042
11485 1 1968564 0.8 2.6517430087551475
11486 1 1989674 0.82608694 2.413818030618131
11487 1 1707686 0.85 1.4532270142808557
11488 1 2017015 0.8 0.9583920473232865
11489 1 1688992 0.8888889 0.9476400446146727
11490 1 444714 0.82608694 1.9769099308177829
11491 1 493769 0.8095238 1.3358289143070579
11492 1 1961395 0.84210527 1.8253789748996496
11493 1 1962372 0.84210527 1.2494930997490883
11494 1 1367664 0.8095238 2.0463200053200126
11495 1 397906 0.8235294 0.9380209958180785
11496 1 1967227 0.8 2.5331639917567372
11497 1 2359597 0.8 1.5198219334706664
11498 1 1966210 0.8947368 1.6605979762971401
11499 1 962300 0.8333333 0.9592529386281967
11500 1 650161 0.8 1.3323300518095493
11501 1 1535097 0.8181818 1.4962779823690653
11502 1 1793030 0.8095238 1.6037749592214823
11503 1 2368099 0.84210527 1.80948490742594
11504 1 691123 0.8 2.4932740489020944
11505 1 2355191 0.8095238 1.3326510088518262
11506 1 560831 0.8333333 2.334414981305599
11507 1 1051280 0.8888889 1.1067979503422976
11508 1 125527 0.84210527 1.201516017317772
11509 1 445682 0.85714287 0.7862619822844863
11510 1 1865518 0.8947368 1.3364850310608745
11511 1 1580247 0.8125 1.1059490498155355
11512 1 749237 0.8095238 1.4637119602411985
11513 1 82613 0.85714287 1.7156879184767604
11514 1 1860792 0.8333333 1.2985020875930786
11515 1 1672749 0.85714287 1.7598309786990285
11516 1 2243171 0.8235294 1.0006590746343136
11517 1 1648408 0.8333333 0.9435570100322366
11518 1 344638 0.8947368 1.2580190086737275
11519 1 1762516 0.84210527 1.3651619665324688
11520 1 591023 0.8947368 1.6904979711398482
11521 1 547879 0.8 1.1078370735049248
11522 1 222657 0.8947368 1.646102056838572
11523 1 1961203 0.8333333 1.3911069836467505
11524 1 2209661 0.82608694 1.9865379435941577
11525 1 1860792 0.88235295 0.956658972427249
11526 1 1961754 0.8095238 1.8423119327053428
11527 1 1857699 0.8 1.3219451066106558
11528 1 465510 0.8636364 1.8250909633934498
11529 1 1732004 0.85714287 0.7476869504898787
11530 1 1967227 0.8 2.499263035133481
11531 1 575406 0.8888889 1.2893939856439829
11532 1 2117243 0.8125 0.994811998680234
11533 1 1964157 0.8 0.8669729577377439
11534 1 1963478 0.8 2.5148820132017136
11535 1 526209 0.8947368 1.2928739888593554
11536 1 1532143 0.8125 0.9897430427372456
11537 1 1964525 0.84615386 0.7128220750018954
11538 1 1602917 0.84210527 1.2539529707282782
11539 1 1572110 0.8181818 1.5251890290528536
11540 1 1663318 0.85714287 1.7743159551173449
11541 1 748752 0.82608694 2.256940002553165
11542 1 1962163 0.8125 1.0324090253561735
11543 1 1487143 0.8095238 2.0029119914397597
11544 1 1068484 0.88235295 0.9911430533975363
11545 1 356778 0.85 1.4209650689736009
11546 1 1924166 0.8 2.4975260021165013
11547 1 31813 0.84210527 1.8675059545785189
11548 1 372053 0.8333333 1.381685957312584
11549 1 1662880 0.8 2.5147920241579413
11550 1 200834 0.82608694 2.321191015653312
11551 1 223693 0.8333333 1.3606169959530234
11552 1 558971 0.8 1.1116089299321175
11553 1 1889743 0.85 2.230609068647027
11554 1 596375 0.8666667 0.8394570322707295
11555 1 1730647 0.84210527 1.0820550378412008
11556 1 1960727 0.85714287 1.7559380503371358
11557 1 959814 0.8 1.3642250560224056
11558 1 1832174 0.8888889 0.9195620659738779
11559 1 191891 0.8333333 1.4279260067269206
11560 1 1773177 0.8181818 2.2638830123469234
11561 1 124532 0.85 1.8732920289039612
11562 1 2119558 0.8125 0.897026970051229
11563 1 427125 0.8 2.046386944130063
11564 1 125527 0.84210527 1.1570180067792535
11565 1 1963862 0.85714287 1.7261919565498829
11566 1 138328 0.8 1.105714007280767
11567 1 2355191 0.8095238 1.2927460484206676
11568 1 1001964 0.85714287 1.8290369771420956
11569 1 2355191 0.8095238 1.3589810114353895
11570 1 1899842 0.85 1.7544330330565572
11571 1 1860792 0.8333333 1.2102690525352955
11572 1 333047 0.8 1.8987670773640275
11573 1 1934750 0.8181818 1.5722430543974042
11574 1 1133557 0.8 2.0361560164019465
11575 1 2242657 0.85714287 0.7523739477619529
11576 1 366960 0.84615386 0.7481890497729182
11577 1 650161 0.8 1.3542550150305033
11578 1 948797 0.8 2.4729210417717695
11579 1 643010 0.8181818 1.911034109070897
11580 1 1399203 0.84210527 1.0838750749826431
11581 1 48907 0.8235294 0.9997069137170911
11582 1 1668724 0.8 2.660969039425254
11583 1 922534 0.84210527 1.8615280278027058
11584 1 1662880 0.8 2.528068027459085
11585 1 1992890 0.88235295 1.1430890299379826
11586 1 1967227 0.8 2.5036829756572843
11587 1 1730951 0.85714287 0.7880140328779817
11588 1 1925491 0.8 2.5222059339284897
11589 1 1487143 0.8095238 1.9803459290415049
11590 1 746787 0.8 1.9760170252993703
11591 1 825123 0.8947368 1.2948110233992338
11592 1 1963478 0.8 2.805509022437036
11593 1 1487143 0.85 1.4220300363376737
11594 1 1396202 0.8 2.5596219347789884
11595 1 1130658 0.82608694 1.9438909366726875
11596 1 1909564 0.85 2.0731379045173526
11597 1 1538483 0.8333333 0.9770049946382642
11598 1 1965507 0.8125 1.0012020356953144
11599 1 198236 0.8095238 1.4745069202035666
11600 1 1718869 0.8 0.8989499183371663
11601 1 474234 0.85714287 1.0297700064256787
11602 1 1965745 0.8947368 1.7050029709935188
11603 1 1906055 0.8 1.756693935021758
11604 1 1963862 0.85714287 2.0895280176773667
11605 1 1125472 0.8181818 2.1494809770956635
11606 1 889766 0.8 2.716796938329935
11607 1 2045868 0.84210527 1.1953999055549502
11608 1 1857860 0.8181818 2.147480030544102
11609 1 666976 0.8181818 2.1889969939365983
11610 1 956786 0.84210527 1.1762080248445272
11611 1 80449 0.84210527 2.1338360384106636
11612 1 1965854 0.8 2.7034790255129337
11613 1 648719 0.88235295 1.1392149608582258
11614 1 1019697 0.8 1.6024289652705193
11615 1 758654 0.8095238 1.629323000088334
11616 1 240875 0.8181818 2.0314540015533566
11617 1 544027 0.8 1.2313349870964885
11618 1 488868 0.8 0.9357520611956716
11619 1 1688055 0.875 1.187558053061366
11620 1 1395889 0.82608694 2.3944139247760177
11621 1 1399203 0.8095238 2.0386360120028257
11622 1 1854807 0.85 1.601171912625432
11623 1 156183 0.8 1.7956430092453957
11624 1 1659111 0.8095238 2.2022021003067493
11625 1 1596373 0.85714287 2.0204479806125164
11626 1 1669916 0.8 2.2685950389131904
11627 1 127327 0.85 1.5175919979810715
11628 1 1711279 0.8095238 1.4568389160558581
11629 1 1924167 0.8 2.0837850170210004
11630 1 1354348 0.8947368 1.7868389841169119
11631 1 1777932 0.85714287 2.2229839814826846
11632 1 1961754 0.8095238 2.1328700240701437
11633 1 361619 0.84210527 1.375915016978979
11634 1 1354348 1.0 1.112540950998664
11635 1 157648 0.8888889 1.2110460083931684
11636 1 1965535 0.85714287 1.8689139978960156
11637 1 243011 0.8636364 1.8714480102062225
11638 1 1384313 0.8095238 2.5397450663149357
11639 1 217812 0.8181818 2.0451589953154325
11640 1 1966594 0.82608694 2.338301041163504
11641 1 1136461 0.85714287 1.8782679690048099
11642 1 1458613 0.85714287 1.47126498632133
11643 1 2245453 0.8 2.7572880499064922
11644 1 833767 0.85714287 1.8555950373411179
11645 1 276183 0.8 2.7992369141429663
11646 1 767599 0.85714287 0.8010759484022856
11647 1 1565985 0.8 1.2079959269613028
11648 1 748752 0.82608694 2.490213024429977
11649 1 2240560 0.8 1.172667951323092
11650 1 1257094 0.8695652 2.3430390283465385
11651 1 1963455 0.8947368 1.4419769868254662
11652 1 746787 0.8 1.9456589361652732
11653 1 1898713 0.8 1.1700530303642154
11654 1 477856 0.8095238 1.4785350067541003
11655 1 601260 0.8636364 2.2361089941114187
11656 1 1678837 0.85 1.28080602735281
11657 1 1364461 0.85714287 2.2624079138040543
11658 1 1053283 0.84210527 1.0669650509953499
11659 1 1678656 0.875 0.8668130030855536
11660 1 1962478 0.8947368 1.7312649870291352
11661 1 1535097 0.8181818 1.5142590273171663
11662 1 1965052 0.84210527 1.2263900134712458
11663 1 1156023 0.8333333 0.7007879903540015
11664 1 241203 0.8518519 7.842590915970504
11665 1 1294956 0.85714287 5.392179009504616
11666 1 1593784 0.89285713 7.1734830271452665
11667 1 2447622 0.85714287 7.587808999232948
11668 1 1369951 0.8 16.27991092391312
11669 1 383729 0.8055556 16.24514802824706
11670 1 1378365 0.8125 11.962348013184965
11671 1 1859245 0.8064516 16.08834892977029
11672 1 1497984 0.8965517 8.304704097099602
11673 1 2463737 0.8125 15.401939046569169
11674 1 2252803 0.8 6.785943987779319
11675 1 1116024 0.85294116 14.483551029115915
11676 1 1483326 0.83870965 9.286428918130696
11677 1 14958 0.8666667 13.730973936617374
11678 1 1719600 0.8076923 8.674031938426197
11679 1 2473949 0.89285713 8.463912061415613
11680 1 1124673 0.8055556 17.2482889611274
11681 1 2095035 0.8055556 17.30096503160894
11682 1 502228 0.8064516 14.274267945438623
11683 1 1520916 0.85714287 15.205600997433066
11684 1 642719 0.84615386 6.404753890819848
11685 1 1705234 0.8518519 6.399146979674697
11686 1 1850912 0.84615386 4.2539749993011355
11687 1 1024915 0.8 13.304662075825036
11688 1 1193266 0.84615386 3.7401000736281276
11689 1 1779002 0.8181818 3.074947977438569
11690 1 1362021 0.8484849 12.876446009613574
11691 1 872108 0.8333333 12.98862393014133
11692 1 636802 0.8 6.796663976274431
11693 1 1642307 0.82758623 13.610066031105816
11694 1 1383465 0.8666667 12.358112027868629
11695 1 1458298 0.8076923 6.37410394847393
11696 1 1899932 0.8333333 15.289011993445456
11697 1 845778 0.87096775 12.63488398399204
11698 1 447944 0.8064516 9.772906894795597
11699 1 1586010 0.8 3.9265379309654236
11700 1 617938 0.8064516 16.15822105668485
11701 1 1069482 0.84 3.487949026748538
11702 1 626271 0.8484849 12.62374792713672
11703 1 491419 0.8214286 12.017015018500388
11704 1 1149461 0.87096775 10.696994955651462
11705 1 1707516 0.85714287 11.079711024649441
11706 1 1964866 0.85714287 11.05566299520433
11707 1 481925 0.86206895 8.44119000248611
11708 1 642719 0.84615386 6.516225985251367
11709 1 1604587 0.82758623 14.424931025132537
11710 1 389462 0.8 15.18535299692303
11711 1 1164393 0.8064516 14.221359975636005
11712 1 1925492 0.8181818 3.1703610438853502
11713 1 754223 0.8148148 10.173336020670831
11714 1 2351808 0.875 4.003492998890579
11715 1 666734 0.8 14.960370026528835
11716 1 1650180 0.8333333 15.609663096256554
11717 1 1805671 0.8333333 15.497731044888496
11718 1 608945 0.8125 10.050956974737346
11719 1 946449 0.8125 13.624112005345523
11720 1 2128351 0.8235294 15.244611073285341
11721 1 1060256 0.8787879 14.432998024858534
11722 1 692693 0.8965517 8.640735992230475
11723 1 1044421 0.875 3.4616750199347734
11724 1 15048 0.8666667 14.529171981848776
11725 1 1186958 0.84 3.3202850027009845
11726 1 423556 0.8076923 9.181915083900094
11727 1 2199327 0.8965517 8.809971972368658
11728 1 1270379 0.8 7.094335043802857
11729 1 1527537 0.83870965 9.609090979211032
11730 1 1048530 0.85714287 15.000693965703249
11731 1 1007800 0.82608694 4.146481049247086
11732 1 2215048 0.8064516 16.723645967431366
11733 1 557033 0.8 13.317306991666555
11734 1 1525722 0.8076923 9.19291889294982
11735 1 1729166 0.8064516 17.001764033921063
11736 1 1118284 0.8055556 16.82848995551467
11737 1 1908909 0.8 14.59903793875128
11738 1 2079221 0.8 13.15982302185148
11739 1 551830 0.8064516 10.242045973427594
11740 1 805226 0.85294116 14.966859016567469
11741 1 821299 0.82758623 8.400392951443791
11742 1 903839 0.84615386 4.395010066218674
11743 1 1618496 0.8148148 10.115861892700195
11744 1 1699881 0.8064516 16.345116891898215
11745 1 1791026 0.8076923 8.726047002710402
11746 1 1170323 0.8 15.919697005301714
11747 1 979439 0.8 13.679486000910401
11748 1 477005 0.8148148 10.523491073399782
11749 1 1586010 0.84 4.364733002148569
11750 1 1970935 0.8695652 2.9449949506670237
11751 1 2451776 0.82608694 4.223086987622082
11752 1 1803619 0.8666667 14.305499964393675
11753 1 1491697 0.8484849 13.42333503998816
11754 1 61138 0.8181818 14.252507011406124
11755 1 843885 0.8787879 14.149526017718017
11756 1 1970255 0.8076923 8.821784052997828
11757 1 1598601 0.8518519 7.8939119121059775
11758 1 2019100 0.8333333 4.318312043324113
11759 1 1103117 0.84375 11.65119104553014
11760 1 1144746 0.875 13.653701986186206
11761 1 1961012 0.8181818 3.4153120359405875
11762 1 1712995 0.83870965 9.001445956528187
11763 1 172498 0.8666667 11.773091973736882
11764 1 919785 0.8333333 16.505917999893427
11765 1 847316 0.84615386 4.360226099379361
11766 1 1165208 0.8787879 13.105145073495805
11767 1 1067033 0.83870965 15.611808048561215
11768 1 592406 0.8181818 3.7666790885850787
11769 1 1934445 0.8181818 3.882206045091152
11770 1 257084 0.85714287 15.312592033296824
11771 1 540193 0.8 13.328655040822923
11772 1 505498 0.8518519 9.107210906222463
11773 1 1700970 0.8125 15.763947973027825
11774 1 275538 0.84375 11.707589030265808
11775 1 1798794 0.8 6.96788402274251
11776 1 1559894 0.8666667 9.151520091108978
11777 1 1034438 0.8888889 5.7924489956349134
11778 1 1469366 0.8064516 14.23033606261015
11779 1 1421689 0.8181818 15.191414044238627
11780 1 1521267 0.8333333 16.098194057121873
11781 1 230587 0.8333333 15.189225086942315
11782 1 1256161 0.82857144 13.76145996619016
11783 1 235058 0.8214286 12.636865954846144
11784 1 141637 0.8214286 13.265441986732185
11785 1 1782342 0.86206895 8.138461969792843
11786 1 1409118 0.83870965 10.20989497192204
11787 1 1001310 0.8214286 6.081783911213279
11788 1 1057555 0.8787879 14.240332995541394
11789 1 936938 0.8076923 6.569870980456471
11790 1 119122 0.8095238 3.1145509565249085
11791 1 1560081 0.8235294 15.531068900600076
11792 1 814543 0.88461536 5.4014939814805984
11793 1 878591 0.82758623 8.425832958891988
11794 1 1961838 0.8076923 5.768637056462467
11795 1 1797188 0.83870965 9.326288010925055
11796 1 1550419 0.8787879 13.721051975153387
11797 1 1966524 0.8518519 7.724512019194663
11798 1 576627 0.8125 15.19353804178536
11799 1 1678686 0.85714287 6.136936019174755
11800 1 1887653 0.8333333 5.241567036136985
11801 1 588791 0.8 6.223261007107794
11802 1 1864111 0.82608694 4.267292097210884
11803 1 1198619 0.8125 15.209771925583482
11804 1 1460388 0.86206895 12.051638099364936
11805 1 1730693 0.8076923 5.4687210358679295
11806 1 1003888 0.875 12.047333060763776
11807 1 1182759 0.8333333 12.907400960102677
11808 1 1793014 0.8484849 12.794179026968777
11809 1 236544 0.8333333 16.11624693032354
11810 1 1965608 0.8333333 5.348436068743467
11811 1 1054880 0.82758623 11.503902031108737
11812 1 397789 0.82758623 14.244811027310789
11813 1 1525196 0.8064516 16.189215937629342
11814 1 1961773 0.8076923 6.4383759163320065
11815 1 761395 0.8148148 9.515224024653435
11816 1 2119603 0.83870965 12.2177250450477
11817 1 1852803 0.8214286 7.37715105060488
11818 1 1414468 0.88461536 6.328722927719355
11819 1 1133337 0.8333333 16.382641973905265
11820 1 586104 0.8125 10.826186975464225
11821 1 893891 0.82608694 4.20619489159435
11822 1 1499398 0.8181818 13.845814974047244
11823 1 968715 0.8181818 14.029770973138511
11824 1 1887650 0.84615386 6.536628003232181
11825 1 13991 0.8666667 14.254436013288796
11826 1 1198982 0.8 7.286458974704146
11827 1 287048 0.8484849 13.599865953437984
11828 1 907355 0.88461536 4.921248066239059
11829 1 2409256 0.8695652 2.9538519447669387
11830 1 155914 0.8076923 9.0039650676772
11831 1 2018007 0.8666667 13.714455999433994
11832 1 358908 0.85714287 7.615678012371063
11833 1 1445003 0.83870965 14.404988964088261
11834 1 1991438 0.8 15.27889200951904
11835 1 545275 0.8333333 15.402048942632973
11836 1 2212710 0.8214286 6.8236179649829865
11837 1 247880 0.8235294 15.315416967496276
11838 1 2164564 0.8181818 9.861781960353255
11839 1 1461707 0.8 5.885327002033591
11840 1 1183578 0.8666667 12.783369980752468
11841 1 1790621 0.8333333 8.069943985901773
11842 1 1188594 0.8484849 13.601450016722083
11843 1 443690 0.8125 16.77970204036683
11844 1 817472 0.8888889 6.356748985126615
11845 1 1800168 0.84375 12.074301019310951
11846 1 626533 0.86206895 12.746038031764328
11847 1 1198982 0.8 7.382306037470698
11848 1 221830 0.8333333 6.837866036221385
11849 1 233763 0.8214286 12.605156050994992
11850 1 1593059 0.8333333 16.00086293183267
11851 1 1936672 0.8 14.503987971693277
11852 1 1707209 0.82758623 11.388932005502284
11853 1 1116916 0.88461536 5.159444059245288
11854 1 575502 0.8787879 12.854369007982314
11855 1 1719600 0.8076923 8.50854895543307
11856 1 322672 0.8 12.857913970947266
11857 1 1970255 0.8695652 3.3459700644016266
11858 1 789771 0.8064516 15.845314017497003
11859 1 1182759 0.8064516 15.972870984114707
11860 1 1532909 0.8484849 12.770954985171556
11861 1 1549231 0.8484849 12.888535973615944
11862 1 1179003 0.86206895 7.650129031389952
11863 1 1491795 0.8 14.441212057136
11864 1 1108613 0.8235294 11.970828054472804
11865 1 1967324 0.8636364 3.381356014870107
11866 1 218258 0.8214286 9.232259006239474
11867 1 143988 0.88 3.7168560083955526
11868 1 1462264 0.8 14.373123995028436
11869 1 1270379 0.8 7.065247977152467
11870 1 1082807 0.82608694 3.321336000226438
11871 1 2075144 0.8484849 13.93007196020335
11872 1 1973219 0.8484849 13.913888949900866
11873 1 1416608 0.8148148 10.526039055548608
11874 1 1459413 0.85294116 13.614409952424467
11875 1 1624165 0.82758623 14.227198902517557
11876 1 1111432 0.86206895 9.182091103866696
11877 1 1123213 0.8235294 16.10399503260851
11878 1 986277 0.84 3.0583059415221214
11879 1 1470119 0.83870965 9.461650042794645
11880 1 836758 0.8333333 15.448149992153049
11881 1 1649320 0.84615386 5.226433975622058
11882 1 2250314 0.86206895 12.173622963018715
11883 1 1710917 0.8965517 10.343480040319264
11884 1 1067708 0.8076923 6.457100971601903
11885 1 1511232 0.8125 12.130909017287195
11886 1 1477532 0.875 3.973757033236325
11887 1 504902 0.8695652 3.9877169765532017
11888 1 197810 0.88 5.196343990974128
11889 1 1180393 0.83870965 9.318950935266912
11890 1 1968810 0.8333333 15.343574923463166
11891 1 1044421 0.875 3.463095985352993
11892 1 1161128 0.8666667 12.201628996990621
11893 1 1458660 0.8695652 2.960750018246472
11894 1 169252 0.8695652 3.449746989645064
11895 1 1337770 0.8 14.537919079884887
11896 1 738969 0.8064516 9.087931015528738
11897 1 2344852 0.84615386 5.209278082475066
11898 1 1116024 0.85294116 14.439911930821836
11899 1 1762518 0.8148148 8.14784795511514
11900 1 1026236 0.8518519 6.353791919536889
11901 1 1230565 0.8333333 16.478437930345535
11902 1 1930836 0.8125 9.176790015771985
11903 1 1018994 0.82758623 15.285694040358067
11904 1 791423 0.8333333 13.305826927535236
11905 1 367767 0.86206895 7.831112015992403
11906 1 1443096 0.8064516 12.36887602135539
11907 1 602164 0.85714287 6.222330965101719
11908 1 703762 0.8214286 12.317062937654555
11909 1 1007800 0.82608694 4.346298985183239
11910 1 600254 0.8 14.22822498716414
11911 1 1167820 0.86206895 6.39884197153151
11912 1 1884845 0.8235294 14.27108095958829
11913 1 1526227 0.87096775 11.294238967821002
11914 1 1284942 0.85294116 14.620798989199102
11915 1 659180 0.87096775 10.772926034405828
11916 1 64204 0.8076923 8.861788897775114
11917 1 1137419 0.8076923 8.474785019643605
11918 1 1207039 0.86206895 10.788441984914243
11919 1 1727243 0.8 6.780753959901631
11920 1 33943 0.8518519 4.020225955173373
11921 1 1009312 0.8484849 12.773885973729193
11922 1 267003 0.8214286 6.816865061409771
11923 1 1680926 0.8125 12.096685939468443
11924 1 259409 0.8181818 14.380638021975756
11925 1 1034438 0.8518519 5.4561690194532275
11926 1 1016798 0.875 3.4571889555081725
11927 1 1477077 0.8181818 14.198048040270805
11928 1 1887650 0.84615386 6.014980957843363
11929 1 1505870 0.86206895 8.700188947841525
11930 1 1887653 0.82608694 3.9183959597721696
11931 1 1049636 0.8214286 10.333935031667352
11932 1 1117244 0.85714287 9.951226995326579
11933 1 2252803 0.8 7.873393013142049
11934 1 1426789 0.8076923 9.239576058462262
11935 1 1699471 0.82857144 14.179702964611351
11936 1 1618346 0.8333333 15.906489104963839
11937 1 843885 0.8787879 14.409801922738552
11938 1 825511 0.8181818 12.377715087495744
11939 1 847316 0.84615386 4.127752967178822
11940 1 1655184 0.8125 12.73977302480489
11941 1 1884400 0.8 14.275035005994141
11942 1 181985 0.8888889 8.325907052494586
11943 1 434856 0.8125 15.280641964636743
11944 1 1560001 0.89285713 7.333914982154965
11945 1 1594902 0.8965517 10.437326971441507
11946 1 1652426 0.875 11.07325591146946
11947 1 1413528 0.8214286 4.350041970610619
11948 1 1727180 0.8 6.81675598025322
11949 1 1101936 0.875 10.779608972370625
11950 1 768418 0.8181818 13.470739941112697
11951 1 469887 0.8064516 14.270946965552866
11952 1 407110 0.8965517 12.239946983754635
11953 1 1613402 0.8181818 13.779909000732005
11954 1 1937173 0.84615386 6.117181037552655
11955 1 1257656 0.8666667 8.9175890898332
11956 1 1018075 0.84615386 5.292069050483406
11957 1 609346 0.8695652 3.49149398971349
11958 1 1044421 0.8 4.410933004692197
11959 1 153775 0.875 15.03337500616908
11960 1 1474083 0.88461536 6.197592010721564
11961 1 491596 0.87096775 11.539353989064693
11962 1 614354 0.84615386 3.8305730558931828
11963 1 1632993 0.82758623 14.230367029085755
11964 1 577405 0.8965517 8.5346041014418
11965 1 2038594 0.8064516 14.169601956382394
11966 1 746545 0.8787879 14.189161011017859
11967 1 1098886 0.8518519 9.13658901117742
11968 1 1452523 0.84615386 7.747726049274206
11969 1 32183 0.85714287 6.329589989036322
11970 1 2072557 0.8235294 15.214652055874467
11971 1 1639030 0.8 6.894896971061826
11972 1 1171371 0.8181818 13.58604698907584
11973 1 1546354 0.8235294 15.466412995010614
11974 1 1557210 0.8333333 15.678168972954154
11975 1 2252331 0.8333333 5.473301047459245
11976 1 1234448 0.84615386 7.840351085178554
11977 1 1086367 0.88235295 14.178853016346693
11978 1 1125332 0.85714287 6.000780966132879
11979 1 661142 0.8064516 13.641620986163616
11980 1 1700970 0.8125 15.231422963552177
11981 1 871247 0.8333333 9.298179997131228
11982 1 1419181 0.8333333 16.038242960348725
11983 1 2012552 0.8888889 5.2017709240317345
11984 1 1175169 0.8125 9.944304940290749
11985 1 257686 0.8333333 16.666409093886614
11986 1 1665887 0.88235295 14.701735926792026
11987 1 1653308 0.82758623 12.085958034731448
11988 1 1279902 0.8095238 3.375536995008588
11989 1 1276076 0.96 5.536913056857884
11990 1 1786056 0.85714287 11.19197008665651
11991 1 1164246 0.8181818 13.210966950282454
11992 1 1859245 0.8518519 5.56798093020916
11993 1 601004 0.88461536 5.054895067587495
11994 1 814273 0.8484849 13.3265940239653
11995 1 1966202 0.84615386 5.32673008274287
11996 1 1312032 0.96 4.471310996450484
11997 1 86005 0.88 4.917316022329032
11998 1 42362 0.82608694 4.134415066801012
11999 1 1034285 0.875 12.145273038186133
12000 1 738972 0.8666667 8.79137497395277
12001 1 1555186 0.8148148 9.846734930761158
12002 1 1439685 0.87096775 8.948415983468294
12003 1 562424 0.8214286 5.5409540655091405
12004 1 2424074 0.8214286 11.953467968851328
12005 1 1198619 0.8125 15.245190006680787
12006 1 1679078 0.8181818 13.516591978259385
12007 1 1978120 0.8787879 13.675179099664092
12008 1 1075634 0.8 14.052561018615961
12009 1 741786 0.84 3.684330964460969
12010 1 250679 0.8 16.224815044552088
12011 1 1287339 0.8 12.612940045073628
12012 1 1470784 0.8181818 10.083599016070366
12013 1 577581 0.85714287 6.350412033498287
12014 1 366218 0.85714287 11.081544100306928
12015 1 1346388 0.8064516 9.72117600031197
12016 1 1557662 0.8148148 10.958925005979836
12017 1 1104497 0.84615386 8.560113958083093
12018 1 536233 0.8055556 17.158267088234425
12019 1 658077 0.8125 12.587918085046113
12020 1 1278811 0.8 10.301241069100797
12021 1 1244578 0.8787879 14.34073899872601
12022 1 1515224 0.8214286 9.475887985900044
12023 1 2197095 0.875 3.5225870087742805
12024 1 1741623 0.8235294 15.42293606325984
12025 1 1499307 0.8333333 6.791456020437181
12026 1 1078466 0.8333333 16.16841892246157
12027 1 825085 0.8333333 8.45871597994119
12028 1 518774 0.8 16.05210907291621
12029 1 825034 0.83870965 9.42318991292268
12030 1 1164246 0.8181818 12.087090057320893
12031 1 2028184 0.8064516 13.822034001350403
12032 1 1301611 0.875 12.1071309549734
12033 1 1034438 0.8518519 5.262817023321986
12034 1 851366 0.8666667 13.577381963841617
12035 1 1791715 0.84615386 6.124612060375512
12036 1 824314 0.8 14.342970913276076
12037 1 2128351 0.8181818 12.050207005813718
12038 1 1320014 0.8148148 6.340819993056357
12039 1 2053164 0.85294116 14.568665996193886
12040 1 1665151 0.8666667 9.77337290532887
12041 1 1620951 0.8333333 8.7672850349918
12042 1 158549 0.8 13.902129023335874
12043 1 1525160 0.8 13.578901998698711
12044 1 1560808 0.8 7.472014054656029
12045 1 1661509 0.85294116 14.660146087408066
12046 1 1197377 0.84375 14.782903948798776
12047 1 934415 0.82608694 3.795020980760455
12048 1 1457482 0.8235294 15.759458066895604
12049 1 1467799 0.8064516 16.386392060667276
12050 1 667959 0.88461536 7.296252995729446
12051 1 263144 0.84 4.034549929201603
12052 1 1701517 0.82608694 3.5160010447725654
12053 1 1027653 0.84375 14.626426040194929
12054 1 271281 0.8076923 6.494621047750115
12055 1 26580 0.86206895 7.571261958219111
12056 1 1067285 0.88461536 4.968388006091118
12057 1 285798 0.8214286 8.007016032934189
12058 1 655141 0.83870965 9.752225945703685
12059 1 1303086 0.8064516 16.105912043713033
12060 1 1707528 0.8214286 12.014555046334863
12061 1 1680452 0.83870965 9.193726000376046
12062 1 1710854 0.82608694 4.236816894263029
12063 1 821299 0.82758623 8.038786938413978
12064 1 530296 0.8 12.754986993968487
12065 1 1908843 0.8 12.608836987055838
12066 1 1689017 0.8148148 9.823496919125319
12067 1 1910976 0.84615386 4.00895404163748
12068 1 1708569 0.8518519 8.1308470107615
12069 1 536916 0.82758623 13.835225021466613
12070 1 1056930 0.8214286 6.143937003798783
12071 1 2197097 0.8888889 6.149612949229777
12072 1 1709359 0.84 3.742119064554572
12073 1 2013745 0.84615386 8.150535984896123
12074 1 1232348 0.8055556 17.2882730839774
12075 1 1876041 0.8 13.388977036811411
12076 1 821299 0.89285713 7.769286981783807
12077 1 917343 0.83870965 9.693887899629772
12078 1 570521 0.8333333 15.923359082080424
12079 1 1265304 0.8 7.497459999285638
12080 1 1416446 0.8695652 4.169248044490814
12081 1 1968158 0.8333333 3.5971960751339793
12082 1 1259902 0.87096775 11.356945964507759
12083 1 1556493 0.8333333 4.1643730364739895
12084 1 51029 0.875 5.146538955159485
12085 1 1636240 0.8484849 13.408296974375844
12086 1 2197461 0.85294116 14.897544984705746
12087 1 1605545 0.87096775 14.905636082403362
12088 1 1079188 0.85714287 14.887946075759828
12089 1 1407086 0.82758623 13.974139001220465
12090 1 2375003 0.82857144 14.138928963802755
12091 1 1910976 0.8148148 5.725502036511898
12092 1 941025 0.83870965 9.582428960129619
12093 1 1166700 0.8064516 17.522971029393375
12094 1 1688756 0.8 6.445889011956751
12095 1 1628699 0.88235295 14.510519104078412
12096 1 991467 0.8 13.903485029004514
12097 1 1063213 0.82758623 14.343357062898576
12098 1 2343946 0.8 15.378658892586827
12099 1 1530606 0.8125 16.016124980524182
12100 1 1270388 0.8787879 14.92221502121538
12101 1 397953 0.8214286 6.044459994882345
12102 1 1403134 0.8787879 14.180414960719645
12103 1 1056777 0.8333333 12.930184020660818
12104 1 1792758 0.86206895 10.80180099233985
12105 1 673776 0.8148148 10.458632954396307
12106 1 211184 0.84375 11.314011993817985
12107 1 1968158 0.8 4.536268068477511
12108 1 1410912 0.87096775 8.771020919084549
12109 1 74041 0.85714287 8.82896303664893
12110 1 1183578 0.8666667 12.15480302926153
12111 1 1544394 0.86206895 6.979473982937634
12112 1 1502487 0.8214286 12.663191999308765
12113 1 817472 0.8888889 6.11955497879535
12114 1 123930 0.8 6.345635978505015
12115 1 545280 0.82758623 13.751938939094543
12116 1 2038594 0.8064516 13.66696204058826
12117 1 1966301 0.8333333 5.314785987138748
12118 1 1012753 0.8235294 13.62643507309258
12119 1 988146 0.8055556 16.611919971182942
12120 1 1000056 0.8148148 3.882015007548034
12121 1 289364 0.8484849 12.218611082062125
12122 1 1571351 0.8787879 13.862567953765392
12123 1 666734 0.8 15.679514966905117
12124 1 1452523 0.84 5.836486001498997
12125 1 356393 0.8666667 11.71822298783809
12126 1 2016035 0.8076923 9.199526975862682
12127 1 1647158 0.8 3.9730080170556903
12128 1 81607 0.875 12.938719941303134
12129 1 1462439 0.83870965 10.317760054022074
12130 1 1117244 0.85714287 9.477927000261843
12131 1 541146 0.8214286 12.510322034358978
12132 1 606903 0.8181818 13.938074931502342
12133 1 1798794 0.8 7.093686028383672
12134 1 834184 0.875 12.241333955898881
12135 1 835334 0.8235294 15.230534016154706
12136 1 6938 0.8148148 3.836106974631548
12137 1 2072557 0.8235294 15.392129891552031
12138 1 2401052 0.8484849 11.521500069648027
12139 1 51185 0.8125 15.217485022731125
12140 1 1608897 0.86206895 12.111993040889502
12141 1 16736 0.8 14.296845998615026
12142 1 1652426 0.875 11.032719048671424
12143 1 1778306 0.86206895 7.795474957674742
12144 1 539394 0.8125 11.988600948825479
12145 1 1968473 0.85714287 7.988239056430757
12146 1 354678 0.8965517 8.789009996689856
12147 1 175883 0.8181818 3.1431250972673297
12148 1 296849 0.8076923 8.926200913265347
12149 1 2242436 0.8076923 5.701002082787454
12150 1 1557884 0.82758623 13.73052503913641
12151 1 1528203 0.8214286 6.2959520146250725
12152 1 814543 0.84615386 4.433001973666251
12153 1 2119603 0.8125 14.256802038289607
12154 1 1481945 0.8214286 9.975017979741096
12155 1 1356967 0.8 7.316935923881829
12156 1 2153453 0.84615386 6.309202988632023
12157 1 1571318 0.83870965 15.089477994479239
12158 1 1159249 0.84375 11.860708938911557
12159 1 1462820 0.8125 12.351859011687338
12160 1 1179125 0.8064516 16.520602977834642
12161 1 1449623 0.82608694 3.6121499724686146
12162 1 1098960 0.8 6.203638040460646
12163 1 1508844 0.82758623 12.162373983301222
12164 1 1145234 0.8 45.65217602066696
12165 1 1341796 0.875 38.28372294083238
12166 1 408355 0.80487806 39.02366489637643
12167 1 2028413 0.8604651 36.87898791395128
12168 1 832434 0.84210527 24.450920056551695
12169 1 1589072 0.82051283 39.46159896440804
12170 1 1425647 0.8918919 26.867184904403985
12171 1 1549051 0.8108108 32.80058491509408
12172 1 2029678 0.84615386 27.914252947084606
12173 1 824532 0.8108108 26.162658003158867
12174 1 1483763 0.8 24.756346945650876
12175 1 318748 0.8108108 20.876546041108668
12176 1 1005267 0.85 34.89747003186494
12177 1 1523457 0.85294116 21.756970090791583
12178 1 2049350 0.8857143 23.75220600515604
12179 1 1483429 0.84090906 40.32633802853525
12180 1 1485237 0.81395346 46.532323001883924
12181 1 853552 0.85365856 37.212113034911454
12182 1 17544 0.84444445 41.239290963858366
12183 1 1430479 0.8181818 38.603328983299434
12184 1 1448904 0.81395346 34.55897292587906
12185 1 1441829 0.85 41.69108206406236
12186 1 1474725 0.85 32.455025939270854
12187 1 1560926 0.83870965 17.97672500833869
12188 1 1359916 0.8 35.555743030272424
12189 1 1296076 0.8181818 18.34249694366008
12190 1 1605265 0.81578946 21.11285296268761
12191 1 1451804 0.8947368 25.577845983207226
12192 1 1470556 0.85 34.85712991096079
12193 1 1453249 0.8 34.034830052405596
12194 1 599704 0.825 31.68317605741322
12195 1 1627648 0.8108108 33.23529299814254
12196 1 1484230 0.8 36.368853063322604
12197 1 1027242 0.82051283 36.44950094167143
12198 1 313606 0.8378378 31.022332957945764
12199 1 994618 0.8 45.265185995958745
12200 1 1539249 0.8333333 23.045295965857804
12201 1 1779707 0.82857144 26.903789956122637
12202 1 1114568 0.84615386 24.04705504886806
12203 1 47520 0.82857144 20.765349036082625
12204 1 1446757 0.825 41.319441981613636
12205 1 1101235 0.85365856 38.69277099147439
12206 1 294385 0.8333333 32.61203703004867
12207 1 2008233 0.81578946 35.94524401705712
12208 1 1137224 0.8181818 43.35012496449053
12209 1 1391242 0.85 34.47873308323324
12210 1 1561652 0.8 23.205385077744722
12211 1 1947229 0.8378378 31.370393000543118
12212 1 1557063 0.8292683 44.300074921920896
12213 1 2027849 0.84210527 24.897719966247678
12214 1 2452078 0.82857144 22.22429495304823
12215 1 115246 0.825 46.371784061193466
12216 1 1400301 0.8095238 43.027961044572294
12217 1 1628393 0.8648649 30.35482403356582
12218 1 622736 0.84444445 39.55692995805293
12219 1 847805 0.88095236 33.515123068355024
12220 1 1529753 0.8684211 23.968520923517644
12221 1 1496236 0.8372093 44.62716996204108
12222 1 1379981 0.82608694 44.91312394384295
12223 1 1288708 0.8235294 18.123976071365178
12224 1 1360908 1.0 17.815280938521028
12225 1 1624720 0.84444445 38.31145097501576
12226 1 1252988 0.8636364 36.99889301788062
12227 1 1413537 0.8043478 43.67099096998572
12228 1 1558178 0.84210527 29.867195058614016
12229 1 1136446 0.8055556 30.39382502902299
12230 1 686187 0.8333333 39.66350597329438
12231 1 1418394 0.84210527 31.87318507116288
12232 1 1545262 0.8604651 42.10754600353539
12233 1 1468161 0.8 41.11094691324979
12234 1 2231901 0.82222223 41.24346002936363
12235 1 1602354 0.8095238 38.80579804535955
12236 1 41132 0.8 35.09381599724293
12237 1 1700970 0.84375 17.826405935920775
12238 1 1386239 0.8974359 28.598921024240553
12239 1 1287311 0.8666667 40.76266207266599
12240 1 1433711 0.80487806 32.97563595697284
12241 1 817985 0.8 38.860684959217906
12242 1 474017 0.80487806 34.915100084617734
12243 1 1336936 0.85294116 21.724805934354663
12244 1 1067901 0.82222223 43.05840202141553
12245 1 1571825 0.8043478 41.23082896694541
12246 1 2249580 0.8055556 24.251978960819542
12247 1 1358988 0.84615386 39.05858099460602
12248 1 390761 0.8043478 45.54267798084766
12249 1 2053287 0.8 45.96796608529985
12250 1 1464970 0.8 45.601520920172334
12251 1 1609381 0.84090906 41.445296024903655
12252 1 1341020 0.825 33.538687974214554
12253 1 1567468 0.8108108 27.342941029928625
12254 1 52775 0.8 29.599260073155165
12255 1 1952567 0.8717949 28.05540105327964
12256 1 241492 0.8181818 21.348700975067914
12257 1 1285890 0.85365856 35.43368703685701
12258 1 1452328 0.84615386 26.585033047012985
12259 1 1191331 0.8095238 41.447886964306235
12260 1 832884 0.8947368 29.73643399309367
12261 1 1286239 0.875 18.64138792734593
12262 1 1057742 0.8055556 18.89712898992002
12263 1 1653628 0.82222223 42.653365060687065
12264 1 557842 0.82857144 19.63949901983142
12265 1 1618508 0.8378378 28.290571994148195
12266 1 2397935 0.8 22.111168946139514
12267 1 1081628 0.8378378 25.822059949859977
12268 1 1876826 0.8 43.50824095308781
12269 1 1001801 0.81578946 32.478595967404544
12270 1 1554942 0.8292683 37.763242959044874
12271 1 1026041 0.8 32.77659695595503
12272 1 1595426 0.80487806 43.86066703591496
12273 1 390628 0.82051283 36.43633099272847
12274 1 1038796 0.8333333 35.92308203224093
12275 1 823078 0.8888889 27.12143410462886
12276 1 294428 0.8 46.2154489941895
12277 1 265551 0.85714287 17.997486982494593
12278 1 139333 0.82051283 33.36707700509578
12279 1 892183 0.8333333 19.071239978075027
12280 1 1739970 0.825 36.24550101812929
12281 1 1572014 0.81395346 44.83211494516581
12282 1 1490077 0.88235295 17.65142602380365
12283 1 1132931 0.8 41.54558794107288
12284 1 1639346 0.8 34.38156098127365
12285 1 1274711 1.0 21.96439797990024
12286 1 1410951 0.875 38.393858005292714
12287 1 1414045 0.85714287 34.8263350315392
12288 1 1921760 0.825 28.868573950603604
12289 1 1472912 0.85294116 19.93049797601998
12290 1 1554635 0.8378378 30.080639058724046
12291 1 1585391 0.82222223 46.07279191259295
12292 1 668312 0.8108108 31.42347896937281
12293 1 1611666 0.83870965 17.174692009575665
12294 1 1176957 0.8181818 32.429211074486375
12295 1 1251561 0.8 27.46036695316434
12296 1 1920313 0.8 39.812732953578234
12297 1 1649445 0.8947368 22.622650023549795
12298 1 1290117 0.875 28.543299064040184
12299 1 1382093 0.82857144 31.131580006331205
12300 1 1119744 0.8604651 41.929318103939295
12301 1 1480169 0.8 47.430268954485655
12302 1 1220473 0.88235295 16.58045395743102
12303 1 573393 0.81395346 30.358840012922883
12304 1 2998 0.81578946 29.115240089595318
12305 1 1198522 0.80487806 39.097152068279684
12306 1 2070730 0.8333333 24.92389699909836
12307 1 1001392 0.8043478 44.30413793306798
12308 1 1531831 0.80487806 40.89682304766029
12309 1 1510252 0.825 27.44589908979833
12310 1 423617 0.81395346 45.78265291638672
12311 1 1075930 0.8181818 42.39108809269965
12312 1 1484956 0.84615386 25.030369055457413
12313 1 1428579 0.8636364 36.834856029599905
12314 1 1457220 0.8333333 29.076451086439192
12315 1 1396239 0.83870965 17.157702008262277
12316 1 1625602 0.8857143 17.816942068748176
12317 1 1132931 0.8 38.782109040766954
12318 1 265437 0.8378378 19.206595025025308
12319 1 1626422 0.85 36.57565894536674
12320 1 1199811 0.85 35.412188968621194
12321 1 1119857 0.82051283 23.714473005384207
12322 1 1129495 0.81578946 26.143905008211732
12323 1 1056378 0.8095238 32.56876301020384
12324 1 263048 0.80487806 39.26077694632113
12325 1 483967 0.8055556 23.79218500573188
12326 1 1421521 0.81395346 43.857880984432995
12327 1 1656124 0.8055556 25.487600942142308
12328 1 979944 0.8292683 44.00750400964171
12329 1 1047012 0.80487806 39.82328099664301
12330 1 719089 0.8888889 20.54517192300409
12331 1 1296825 0.85365856 36.682337988168
12332 1 1358803 0.82608694 43.069076957181096
12333 1 1242674 1.0 17.66329095698893
12334 1 2109162 0.8333333 43.001370038837194
12335 1 393754 0.8095238 40.18268606159836
12336 1 1007393 0.8372093 40.06913409102708
12337 1 1527946 0.8333333 23.050934076309204
12338 1 628002 0.8095238 41.545253014191985
12339 1 1059368 0.8918919 22.711305995471776
12340 1 193485 0.85 35.11346399318427
12341 1 1129789 0.8095238 30.51806497387588
12342 1 592664 0.8292683 40.221223956905305
12343 1 1705590 0.8108108 32.60614594910294
12344 1 1419919 0.8333333 26.225722976960242
12345 1 1354059 0.8717949 35.07007390726358
12346 1 1136066 0.81578946 21.361079066991806
12347 1 1184687 0.85365856 37.01236902270466
12348 1 1016393 0.8857143 22.728777024894953
12349 1 1461336 0.85 28.125067008659244
12350 1 1068978 0.8181818 40.02174502238631
12351 1 1114335 0.8604651 34.92122597526759
12352 1 1461067 0.8333333 31.46808489691466
12353 1 824312 0.8333333 21.129328990355134
12354 1 1895737 0.8 26.16590994875878
12355 1 1046338 0.81395346 41.41406691633165
12356 1 1025049 0.80487806 31.249232008121908
12357 1 2034821 0.825 33.97679002955556
12358 1 1410755 0.8095238 41.71546606812626
12359 1 1639488 0.8043478 39.64116994757205
12360 1 2153256 0.8604651 32.14698506053537
12361 1 2444296 0.8095238 40.92367191333324
12362 1 859568 0.8857143 19.025106099434197
12363 1 2071149 0.85714287 24.72151699475944
12364 1 1730759 0.8 33.81856298074126
12365 1 1369138 1.0 15.299977967515588
12366 1 1100941 0.8 30.529584037140012
12367 1 1594623 0.8636364 41.342440992593765
12368 1 2298585 0.8918919 21.994068985804915
12369 1 892414 0.8181818 44.24236505292356
12370 1 1114568 0.8333333 39.475971017964184
12371 1 815773 0.8372093 40.224120020866394
12372 1 1715006 0.81578946 30.715493019670248
12373 1 1609908 0.8372093 37.27640595752746
12374 1 1624620 0.8604651 34.930984023958445
12375 1 1176736 0.8 42.71870502270758
12376 1 1744077 0.8648649 23.442636942490935
12377 1 1776126 0.8888889 21.45285194274038
12378 1 1080293 0.8292683 37.571868975646794
12379 1 1378299 0.8 38.411008077673614
12380 1 1517783 0.80487806 35.924992989748716
12381 1 1484794 0.82857144 26.76891698502004
12382 1 1107184 0.85714287 37.48342499602586
12383 1 1405732 0.8235294 19.01106594596058
12384 1 1936631 0.8333333 26.956894900649786
12385 1 827930 0.875 31.96024300996214
12386 1 1008621 0.8095238 45.980371069163084
12387 1 1109665 0.84615386 39.387907017953694
12388 1 299410 0.8043478 49.263798049651086
12389 1 1481429 0.8055556 33.27026299666613
12390 1 1187353 0.82051283 41.401220951229334
12391 1 2125065 0.80487806 31.686062924563885
12392 1 1073378 0.8095238 38.523719063960016
12393 1 1391738 0.8888889 23.305352893657982
12394 1 1983363 0.88235295 17.944790073670447
12395 1 614670 0.8 47.881503007374704
12396 1 632702 0.8918919 28.614000999368727
12397 1 1556314 0.8292683 43.23975893203169
12398 1 1515840 0.81395346 43.9685849705711
12399 1 1797264 0.8095238 35.161007079295814
12400 1 1627926 0.8378378 27.871159021742642
12401 1 625438 0.8181818 17.985683982260525
12402 1 41234 0.82857144 26.269739028066397
12403 1 1120752 0.84444445 38.55418600142002
12404 1 640257 0.8947368 29.806324979290366
12405 1 1641963 0.81395346 46.47937405388802
12406 1 1616373 0.8857143 21.608370007015765
12407 1 1129597 0.8 18.991303979419172
12408 1 1548492 0.8095238 37.886965088546276
12409 1 1520689 0.85365856 36.77719400729984
12410 1 1401788 0.8181818 42.34159993939102
12411 1 1004400 0.85714287 17.149955965578556
12412 1 1449794 0.8333333 29.141534003429115
12413 1 1629201 0.8292683 43.07719401549548
12414 1 1149136 0.82051283 31.00782399997115
12415 1 1304592 0.84782606 43.28055109363049
12416 1 2037089 0.85 41.90426191780716
12417 1 2466493 0.85714287 36.797280074097216
12418 1 2075474 0.82051283 29.00318196043372
12419 1 1229082 0.8292683 29.253442073240876
12420 1 1528847 0.8 34.10004801116884
12421 1 192698 0.8 46.14655894692987
12422 1 2393120 0.82051283 32.97080902848393
12423 1 1630070 0.85 29.045576928183436
12424 1 1629602 0.8 36.72404901590198
12425 1 1427693 0.8 36.67231905274093
12426 1 1111426 0.8108108 27.53433200996369
12427 1 1059824 0.84210527 25.433487026020885
12428 1 2048774 0.8 26.121635921299458
12429 1 1205443 0.85 31.34164703078568
12430 1 244733 0.81395346 45.89538904838264
12431 1 2064407 0.8181818 43.59554604161531
12432 1 1400130 0.8095238 39.20192597433925
12433 1 2469393 0.8684211 31.887402990832925
12434 1 2051000 0.84615386 28.689507045783103
12435 1 1558882 0.84444445 39.30095303803682
12436 1 236545 0.83870965 17.4519409192726
12437 1 1151890 0.80487806 40.51367996726185
12438 1 390335 0.8 42.951107025146484
12439 1 1296851 0.82857144 26.64605004247278
12440 1 1283967 0.8095238 42.52457607071847
12441 1 1654072 0.8181818 40.03034206107259
12442 1 1616349 0.8108108 19.090884947218
12443 1 2023869 0.8 45.05091393366456
12444 1 1072561 0.8717949 26.740927947685122
12445 1 1524077 0.85 29.55906803254038
12446 1 1699565 0.81395346 39.93319999426603
12447 1 465217 0.8292683 43.8861750299111
12448 1 1484699 0.80487806 36.827443982474506
12449 1 1244591 0.80487806 39.81184703297913
12450 1 1160109 0.8 47.39714809693396
12451 1 569801 0.8055556 20.673795021139085
12452 1 1095047 0.84615386 31.743717030622065
12453 1 1583752 0.80487806 34.90397101268172
12454 1 2108577 0.80851066 41.92998900543898
12455 1 1134239 0.8095238 37.438548053614795
12456 1 1614175 0.8292683 31.266155070625246
12457 1 1440013 0.82857144 25.035972939804196
12458 1 1488763 0.8947368 38.10045693535358
12459 1 623663 0.84615386 47.12209710851312
12460 1 1621066 0.8055556 25.47747700009495
12461 1 1061487 0.85714287 51.57291900832206
12462 1 1277442 0.8095238 52.370335906744
12463 1 1510574 0.8780488 49.17824896983802
12464 1 1554131 0.85714287 30.788552947342396
12465 1 569401 0.8108108 33.449886017479
12466 1 1127351 0.8095238 41.2041189847514
12467 1 1418394 0.84210527 32.90282201487571
12468 1 1667301 0.8055556 28.194367070682347
12469 1 1294332 0.80487806 35.60245502740145
12470 1 1303262 0.8918919 27.24199800286442
12471 1 1470643 0.825 27.46480400674045
12472 1 854174 0.88235295 23.051401018165052
12473 1 1481170 0.8043478 45.432722894474864
12474 1 1935314 0.8333333 32.14357094839215
12475 1 1057239 0.8974359 34.64063198771328
12476 1 505862 0.8095238 30.95931396819651
12477 1 1544939 0.85714287 19.12684692069888
12478 1 1513981 0.8181818 43.126211035996675
12479 1 1611061 0.8 29.42379901651293
12480 1 732632 0.8684211 35.12445802334696
12481 1 695653 0.8 36.89176496118307
12482 1 1626646 0.84090906 41.05179605539888
12483 1 285428 0.85 36.565986927598715
12484 1 2120235 0.8095238 37.793571944348514
12485 1 1995089 0.84375 17.164358985610306
12486 1 1546250 0.8108108 25.84784396458417
12487 1 1584703 0.8 41.76440299488604
12488 1 834155 0.8684211 29.308537021279335
12489 1 1275905 0.84615386 28.17420510109514
12490 1 449624 0.82051283 30.913408962078393
12491 1 467961 0.8108108 26.094355038367212
12492 1 571707 0.80487806 32.9776699654758
12493 1 488971 0.80487806 41.527173947542906
12494 1 1192535 0.8918919 25.60732199344784
12495 1 1316484 0.8108108 18.923060037195683
12496 1 1014457 0.8378378 30.65124701242894
12497 1 1487012 0.81395346 48.777782008983195
12498 1 562927 0.8108108 32.85132709424943
12499 1 1503984 0.85714287 27.219398063607514
12500 1 1423907 0.8684211 31.515036011114717
12501 1 592034 0.8636364 41.138330940157175
12502 1 1188627 0.8604651 37.05598507076502
12503 1 1558174 0.80487806 34.823814989067614
12504 1 1253092 0.8857143 19.10117908846587
12505 1 1596719 0.8333333 39.813723997212946
12506 1 1523085 0.8947368 33.57344900723547
12507 1 1068203 0.8235294 20.97502094693482
12508 1 829464 0.8636364 39.545097039081156
12509 1 1540467 0.8055556 21.128490916453302
12510 1 1405730 0.8918919 27.592984028160572
12511 1 2453803 0.8108108 20.81769402138889
12512 1 1772087 0.81578946 29.282036004588008
12513 1 779983 0.8 34.67667300719768
12514 1 1048953 0.8333333 46.102943015284836
12515 1 476507 0.825 41.58207809086889
12516 1 1549101 0.8 25.211779051460326
12517 1 1296694 0.8 39.40388804767281
12518 1 656694 0.8 36.291977972723544
12519 1 2041828 0.82222223 42.83508996013552
12520 1 1166655 0.8484849 22.168654017150402
12521 1 1809752 0.8 27.019547997042537
12522 1 1441359 0.85 31.160935992375016
12523 1 1188100 0.80487806 37.6131790690124
12524 1 2120235 0.8095238 39.751320029608905
12525 1 1111542 0.8095238 38.42457092832774
12526 1 1305638 0.84615386 28.206213959492743
12527 1 582315 0.81395346 39.4252510741353
12528 1 1528221 0.8181818 17.921429011039436
12529 1 1531369 0.8095238 34.88982608541846
12530 1 1093539 0.88235295 16.39901497401297
12531 1 993378 0.8095238 46.52434308081865
12532 1 1268464 0.8 35.05575901363045
12533 1 1199337 0.8666667 40.422708028927445
12534 1 1403486 0.81395346 40.87244800757617
12535 1 2443495 0.8333333 29.636560007929802
12536 1 1639881 0.875 28.578561963513494
12537 1 1073378 0.8095238 37.7588759874925
12538 1 1525563 0.8 30.367857892997563
12539 1 1402836 0.8648649 29.278861009515822
12540 1 1139856 0.85365856 40.126722073182464
12541 1 1637315 0.8181818 21.891472046263516
12542 1 1265387 0.8717949 27.09397894795984
12543 1 1977831 0.8857143 16.60226099193096
12544 1 419399 0.8292683 29.056473984383047
12545 1 1206505 0.8333333 20.450990996323526
12546 1 1998052 0.8378378 23.32939801272005
12547 1 2081026 0.80487806 34.42309994716197
12548 1 238345 0.82051283 32.01973100658506
12549 1 1431929 0.8857143 27.005347074009478
12550 1 1097588 0.82051283 25.177938980050385
12551 1 1524214 0.8333333 39.95603695511818
12552 1 576159 0.8095238 41.52809898369014
12553 1 1153087 0.85365856 36.976507981307805
12554 1 1118945 0.875 31.641117995604873
12555 1 1483120 0.8095238 43.715062900446355
12556 1 1306713 0.875 29.533945955336094
12557 1 793886 0.8611111 30.934336013160646
12558 1 1418047 0.8 46.36222100816667
12559 1 2088951 0.82222223 46.73798300791532
12560 1 1232283 0.8378378 21.59597200807184
12561 1 1302592 0.82608694 46.24741489533335
12562 1 1304592 0.8666667 39.1105730086565
12563 1 1012159 0.85 32.468916033394635
12564 1 1544760 0.80487806 36.118470947258174
12565 1 1546538 0.8 46.971458941698074
12566 1 1582899 0.8333333 24.17476091068238
12567 1 1688691 0.8 30.92011495027691
12568 1 1617833 0.8918919 29.747245949693024
12569 1 394932 0.8857143 16.3062100764364
12570 1 1406328 0.81578946 30.03597306087613
12571 1 1650951 0.85714287 23.676104028709233
12572 1 1554131 0.85714287 26.529860100708902
12573 1 628261 0.8 24.720786954276264
12574 1 1140555 0.8333333 33.54379395022988
12575 1 1451840 0.82051283 40.03581206779927
12576 1 1616126 0.84210527 21.834064973518252
12577 1 601262 0.8125 20.06143203470856
12578 1 1053151 0.8095238 39.00402691215277
12579 1 1355434 0.875 28.935751994140446
12580 1 1200362 0.8604651 35.34220193978399
12581 1 1615872 0.81395346 35.138491075485945
12582 1 1425001 0.8292683 36.322556086815894
12583 1 545636 0.8372093 33.70199992787093
12584 1 1000157 0.8378378 28.296586009673774
12585 1 1262494 0.8 39.123342954553664
12586 1 1066903 0.8 35.432714968919754
12587 1 1474376 0.85365856 34.95653800200671
12588 1 1797302 0.8108108 19.126978935673833
12589 1 1301987 0.8 27.2063979646191
12590 1 760500 0.8108108 26.55544795561582
12591 1 1209600 0.84375 18.90933490358293
12592 1 1331908 0.8095238 34.818797023035586
12593 1 2109292 0.82857144 22.85512408707291
12594 1 1115528 0.81395346 46.96533503010869
12595 1 712365 0.84090906 38.339587044902146
12596 1 1484475 0.88372093 37.13737102225423
12597 1 2233869 0.8235294 18.842431949451566
12598 1 1524166 0.81395346 47.332735965028405
12599 1 543084 0.82051283 32.13381697423756
12600 1 199696 0.85 28.829502989538014
12601 1 2020185 0.80487806 34.60213297512382
12602 1 1605837 0.8378378 24.542458006180823
12603 1 1484713 0.82051283 26.559117017313838
12604 1 1163216 0.81395346 39.50915695168078
12605 1 1793980 0.8181818 42.23819402977824
12606 1 872344 0.8611111 26.535024982877076
12607 1 817135 0.8 36.20411199517548
12608 1 1193403 0.8181818 39.82541605364531
12609 1 1403405 0.8684211 28.65736302919686
12610 1 68110 0.80487806 44.27893192041665
12611 1 1938117 0.85714287 19.19242099393159
12612 1 1573336 0.825 28.816819074563682
12613 1 1105279 0.8235294 20.723502966575325
12614 1 1189756 0.82608694 43.70823304634541
12615 1 1094385 0.8717949 34.55469396430999
12616 1 1597177 0.8787879 20.868837949819863
12617 1 1048931 0.8684211 28.7645619828254
12618 1 618739 0.85714287 18.032950931228697
12619 1 720807 0.875 28.724521049298346
12620 1 973420 0.8787879 20.650300080887973
12621 1 1558882 0.84444445 38.51427906192839
12622 1 2436328 0.8611111 20.082194008864462
12623 1 525655 0.8974359 35.19440605305135
12624 1 1650193 0.81395346 40.368442074395716
12625 1 1047427 0.88235295 22.6383920526132
12626 1 1429245 0.8 45.47157103661448
12627 1 1482553 0.85 29.957916005514562
12628 1 435471 0.8717949 27.195606962777674
12629 1 1136894 0.80487806 39.319887990131974
12630 1 509476 0.8 23.615941987372935
12631 1 1857368 0.82051283 40.18783906940371
12632 1 1191235 0.80487806 35.97534098662436
12633 1 1102110 0.8095238 37.802436971105635
12634 1 1205448 0.8095238 34.928067936562
12635 1 1090865 0.84090906 36.26866405829787
12636 1 2088498 0.825 43.41153893619776
12637 1 1491552 0.84615386 31.987515976652503
12638 1 1059243 0.85 30.008976929821074
12639 1 1153760 0.8 44.03287393506616
12640 1 872143 0.85714287 25.44870099518448
12641 1 1045384 0.8611111 26.9225969677791
12642 1 1662883 0.8333333 29.043701011687517
12643 1 495235 0.8611111 26.610940927639604
12644 1 1008678 0.83870965 17.029665992595255
12645 1 732632 0.8108108 26.49091009516269
12646 1 495617 0.81395346 41.2424000678584
12647 1 2014478 0.8 37.1847830247134
12648 1 1530023 0.82051283 28.121437062509358
12649 1 1429886 0.8235294 20.641789073124528
12650 1 1489349 0.8 28.764085029251873
12651 1 1278829 0.8611111 17.73651596158743
12652 1 1166700 0.8125 20.94462502282113
12653 1 1651808 0.8947368 23.811025079339743
12654 1 1529756 0.8 33.93580194097012
12655 1 1024605 0.8780488 29.31932092178613
12656 1 835923 0.8108108 26.352323009632528
12657 1 1445735 0.82857144 23.022385081276298
12658 1 1604719 0.82857144 26.30746189970523
12659 1 630712 0.8333333 36.70937696006149
12660 1 389873 0.875 17.22404989413917
12661 1 1093053 0.8 19.902555039152503
12662 1 1125691 0.8372093 36.96238505654037
12663 1 1637887 0.8181818 18.18160095717758
12664 1 1077877 0.8043478 46.39988299459219
12665 1 1490263 0.84 49.516274011693895
12666 1 1053036 0.8541667 50.46499497257173
12667 1 704562 0.8 50.063502974808216
12668 1 1388455 0.82608694 48.555704997852445
12669 1 1768997 0.82978725 51.997642032802105
12670 1 1479792 0.8269231 57.15889809653163
12671 1 1631505 0.85714287 50.226096995174885
12672 1 1256174 0.82 54.41175389569253
12673 1 1131920 0.8148148 59.01651899330318
12674 1 1420772 0.8 50.257390015758574
12675 1 1153621 0.84090906 42.68845298793167
12676 1 1184557 0.81632656 53.25446801725775
12677 1 1118818 0.8039216 53.17227705381811
12678 1 984384 0.88 50.06532894913107
12679 1 1572274 0.8039216 58.470083051361144
12680 1 630077 0.8636364 43.955952976830304
12681 1 1486602 0.8235294 56.09607696533203
12682 1 1435627 0.8333333 57.36846895888448
12683 1 74725 0.8301887 57.299204054288566
12684 1 1602414 0.82222223 50.41037406772375
12685 1 1093008 0.8269231 53.577468963339925
12686 1 1076989 0.8235294 55.6147979805246
12687 1 1755317 0.80851066 50.1562359277159
12688 1 1141927 0.8 60.01997098792344
12689 1 1204833 0.84615386 59.389897040091455
12690 1 1152460 0.8043478 60.75139995664358
12691 1 1285068 0.8035714 65.39246998727322
12692 1 1001065 0.84313726 56.334380991756916
12693 1 992036 0.84782606 51.58656009007245
12694 1 1562101 0.82 59.28620905615389
12695 1 808372 0.8333333 55.95777102280408
12696 1 1889819 0.8125 47.44427104014903
12697 1 1626471 0.8490566 54.16828999295831
12698 1 1179773 0.8076923 57.39324796013534
12699 1 799455 0.8148148 58.58721397817135
12700 1 1206916 0.8333333 58.083581971004605
12701 1 1202677 0.8235294 56.37198803015053
12702 1 1581184 0.8076923 56.489157024770975
12703 1 840397 0.82222223 49.4367980863899
12704 1 1659727 0.8367347 53.88103995937854
12705 1 1734878 0.8125 50.21612998098135
12706 1 1479398 0.8113208 57.863405090756714
12707 1 1265831 0.85106385 53.348351968452334
12708 1 1204804 0.8913044 50.46875309199095
12709 1 1020895 0.8301887 58.32151393406093
12710 1 1610583 0.8039216 60.33848400693387
12711 1 1573448 0.8113208 62.911408953368664
12712 1 1031283 0.8695652 48.93990699201822
12713 1 1317583 0.81632656 55.12193194590509
12714 1 1489311 0.82608694 47.38125507719815
12715 1 1037915 0.8333333 54.06042200047523
12716 1 1163056 0.80851066 48.90650603920221
12717 1 1560145 0.8113208 57.346784975379705
12718 1 501849 0.8043478 48.60083106905222
12719 1 2094977 0.8113208 56.6719580674544
12720 1 816162 0.8 63.66531096864492
12721 1 2053090 0.8636364 44.643535977229476
12722 1 1400018 0.8113208 57.269709068350494
12723 1 2079132 0.84 53.69442794471979
12724 1 2109161 0.8333333 52.28272103704512
12725 1 1195891 0.85714287 53.692057030275464
12726 1 1488785 0.84 53.27360099181533
12727 1 1325964 0.8113208 57.5501600978896
12728 1 1428616 0.8363636 56.37832696083933
12729 1 2154572 0.8125 52.0514789968729
12730 1 936572 0.8076923 54.40816597547382
12731 1 1528079 0.82978725 55.04390294663608
12732 1 1414216 0.8125 52.25327902007848
12733 1 193079 0.84 50.83787103649229
12734 1 1466147 0.8113208 53.712890949100256
12735 1 586075 0.81632656 48.94939705263823
12736 1 1183465 0.84782606 62.33243609312922
12737 1 1385413 0.8148148 64.98424895107746
12738 1 2061815 0.80851066 54.67175494413823
12739 1 2087256 0.88235295 55.934460018761456
12740 1 1609943 0.8235294 62.87104997318238
12741 1 2090530 0.8113208 56.871962966397405
12742 1 1504817 0.8867925 58.47812897991389
12743 1 1480735 0.8181818 62.95295991003513
12744 1 1738073 0.8043478 54.428905015811324
12745 1 1551376 0.8301887 57.414118899032474
12746 1 1449257 0.8 58.07595991063863
12747 1 1863443 0.81632656 54.95373497251421
12748 1 2056886 0.87234044 50.10926898103207
12749 1 1315081 0.8269231 50.33306998666376
12750 1 826462 0.8076923 60.22225599735975
12751 1 1412441 0.8 59.91184106096625
12752 1 1664623 0.8367347 52.33947199303657
12753 1 769329 0.80851066 49.94071810506284
12754 1 1135012 0.88461536 52.37304698675871
12755 1 1003030 0.8604651 41.62545606959611
12756 1 1408953 0.8148148 58.50484303664416
12757 1 1013856 0.8113208 60.35143102053553
12758 1 2028217 0.82978725 50.887236953713
12759 1 2085549 0.81632656 54.96504402253777
12760 1 350039 0.8627451 53.17729606758803
12761 1 1198182 0.8636364 42.81109699513763
12762 1 246058 0.82 58.98103001527488
12763 1 1106040 0.8 59.37013705261052
12764 1 2030298 0.8043478 45.59965501539409
12765 1 2050916 0.8214286 56.85952992644161
12766 1 1610659 0.8181818 56.4248290611431
12767 1 1413137 0.81632656 51.33712606038898
12768 1 1244746 0.82978725 51.736107910983264
12769 1 625952 0.80701756 57.05668998416513
12770 1 1196890 0.8541667 49.38666895031929
12771 1 1228026 0.8214286 58.29491594340652
12772 1 1628643 0.8363636 59.49997890274972
12773 1 1515971 0.86 55.26209610980004
12774 1 1447532 0.8035714 58.91597305890173
12775 1 1129471 0.8039216 58.981423964723945
12776 1 1087425 0.8 60.26108202058822
12777 1 2332173 0.8333333 58.33840696141124
12778 1 1477071 0.8490566 54.94239891413599
12779 1 1402271 0.8035714 56.829256005585194
12780 1 1618432 0.8 57.81477806158364
12781 1 1504445 0.84 51.460497081279755
12782 1 1423061 0.82 58.42449504416436
12783 1 227521 0.80851066 52.58432391565293
12784 1 989494 0.8 55.33547594677657
12785 1 1222331 0.8666667 43.89758605975658
12786 1 1117521 0.8235294 55.95593503676355
12787 1 628968 0.84090906 48.895465093664825
12788 1 1458285 0.8363636 60.25125598534942
12789 1 551749 0.8 48.37065504398197
12790 1 851989 0.8076923 54.103036993183196
12791 1 1445830 0.8148148 57.15484404936433
12792 1 1084375 0.85106385 56.0370699968189
12793 1 700463 0.8148148 60.788671020418406
12794 1 1414220 0.8333333 49.82374899554998
12795 1 1032043 0.81632656 51.23347195331007
12796 1 1616280 0.8490566 54.0568110300228
12797 1 2081643 0.8666667 45.08710000663996
12798 1 1615067 0.8269231 57.36119800712913
12799 1 1114207 0.82608694 46.739038079977036
12800 1 1431165 0.8541667 44.958153972402215
12801 1 980861 0.8979592 47.22381103783846
12802 1 2076489 0.88461536 51.48015299346298
12803 1 1113147 0.82 56.09953892417252
12804 1 1302226 0.8076923 60.805418994277716
12805 1 1481052 0.80701756 58.494457975029945
12806 1 1053799 0.85106385 52.18271701596677
12807 1 2260451 0.8235294 58.586589992046356
12808 1 1699565 0.82608694 54.12611900828779
12809 1 1112039 0.84313726 56.891143904067576
12810 1 2231566 0.8269231 56.64604890625924
12811 1 1110317 0.8043478 50.786743056960404
12812 1 916408 0.84313726 51.17325694300234
12813 1 1634465 0.84782606 54.51375700067729
12814 1 827242 0.8148148 61.923820059746504
12815 1 1396941 0.8490566 60.74957095552236
12816 1 1512288 0.88235295 53.40602796059102
12817 1 501640 0.8490566 55.37164199631661
12818 1 1004171 0.8039216 56.65989906992763
12819 1 1508126 0.8958333 49.84137904830277
12820 1 1234970 0.8148148 57.67178698442876
12821 1 1454757 0.8125 51.838304032571614
12822 1 1649945 0.8235294 52.6764839887619
12823 1 1615979 0.8269231 55.59236498083919
12824 1 1641222 0.80851066 48.09361801017076
12825 1 1417124 0.8148148 60.91836199630052
12826 1 1449912 0.85714287 42.564133065752685
12827 1 1029272 0.8076923 57.8410440357402
12828 1 1040413 0.82608694 45.54751596879214
12829 1 544620 0.8 58.97068802732974
12830 1 1529388 0.8125 57.02184699475765
12831 1 1138269 0.83928573 57.064309949055314
12832 1 1409145 0.8235294 55.528842960484326
12833 1 1296770 0.8235294 52.55753407254815
12834 1 1274804 0.8518519 55.22030300926417
12835 1 482365 0.8 62.33494007028639
12836 1 1284434 0.8367347 51.931221038103104
12837 1 827242 0.8148148 58.33442707080394
12838 1 2107500 0.8867925 51.97627400048077
12839 1 1511610 0.81632656 54.468263988383114
12840 1 1976594 0.8039216 53.69930807501078
12841 1 2249711 0.87234044 54.58167102187872
12842 1 2441104 0.8490566 55.207759025506675
12843 1 666741 0.84444445 45.105703989975154
12844 1 1193344 0.83928573 56.2038270290941
12845 1 1277405 1.0 36.77571995649487
12846 1 1175977 0.8113208 60.480384971015155
12847 1 1440517 0.8035714 59.343853034079075
12848 1 1457415 0.86538464 53.221094072796404
12849 1 1555125 0.8113208 56.755546014755964
12850 1 1449066 0.8076923 57.57283791899681
12851 1 1402817 0.8518519 59.08938904758543
12852 1 1798949 0.82 53.49125899374485
12853 1 1353382 0.8 58.729983982630074
12854 1 1442103 0.8 55.688171996735036
12855 1 1381806 0.86538464 55.39533402770758
12856 1 1572840 0.8301887 60.04662602208555
12857 1 1634463 0.8367347 51.5562939690426
12858 1 1525923 0.8 58.31971007864922
12859 1 1574045 0.8679245 54.39745693001896
12860 1 1619545 0.8301887 56.14559003151953
12861 1 1077793 0.8214286 62.63498601038009
12862 1 1507024 0.8703704 57.540335110388696
12863 1 867592 0.8039216 50.22007098887116
12864 1 2471471 0.8518519 55.94560003373772
12865 1 853778 0.88235295 51.677397917956114
12866 1 1532194 0.8039216 57.142016012221575
12867 1 1319559 0.8333333 58.74974594917148
12868 1 1163600 0.8679245 54.80873608030379
12869 1 1367347 0.8181818 45.39796302560717
12870 1 1404049 0.8113208 57.51602503005415
12871 1 988211 0.84313726 55.31148600857705
12872 1 898787 0.8780488 41.10044101253152
12873 1 1571000 0.8490566 55.96911895554513
12874 1 555823 0.8043478 49.8126270249486
12875 1 1499769 0.82978725 54.012703942134976
12876 1 824462 0.8043478 45.51963601261377
12877 1 1108370 0.8541667 58.28387208748609
12878 1 1008026 0.8518519 56.33338599000126
12879 1 1794619 0.80851066 52.01338801998645
12880 1 1130443 0.875 49.95895305182785
12881 1 1667191 0.8888889 45.854222029447556
12882 1 1778657 0.8666667 42.00252692680806
12883 1 880347 0.81632656 58.46659408416599
12884 1 1159461 0.82608694 47.35912603791803
12885 1 1532105 0.8 54.6162249520421
12886 1 1521222 0.8301887 54.9565419787541
12887 1 1465495 0.8666667 48.85827493853867
12888 1 1043147 0.82608694 52.2171069169417
12889 1 1217234 0.8 49.09735603723675
12890 1 2470422 0.87234044 48.00870502367616
12891 1 1632966 0.80851066 50.62965990509838
12892 1 119466 0.80851066 50.09918799623847
12893 1 2073603 0.8 47.12052701506764
12894 1 733994 0.82 57.743523037061095
12895 1 2063158 0.8043478 50.65592797473073
12896 1 1034590 0.84313726 53.41300496365875
12897 1 1263411 0.83928573 56.99881096370518
12898 1 1108370 0.87234044 51.56240600626916
12899 1 1255242 0.8181818 58.5878889542073
12900 1 1423759 0.82 57.34320590272546
12901 1 1159607 0.8367347 53.892088937573135
12902 1 2278001 0.8113208 60.77323900535703
12903 1 863520 0.8604651 42.2804809641093
12904 1 1015898 0.8333333 57.38854699302465
12905 1 1532807 0.8039216 62.23675806540996
12906 1 1479351 0.8125 52.09504207596183
12907 1 822523 0.8043478 48.77057403791696
12908 1 1295308 0.81632656 55.373816983774304
12909 1 1170763 0.8367347 52.28639696724713
12910 1 1377057 0.8235294 58.82864096201956
12911 1 235864 0.83928573 57.42134293541312
12912 1 350039 0.86 53.12872293870896
12913 1 1329478 0.8043478 50.49163999501616
12914 1 2409850 0.8113208 58.33707703277469
12915 1 1562941 0.8113208 59.71548904199153
12916 1 1193475 0.84313726 55.627180030569434
12917 1 1826937 0.80851066 46.200264943763614
12918 1 1422740 0.82 61.2727269763127
12919 1 1169501 0.8113208 63.28544905409217
12920 1 1013182 0.8604651 43.57639397494495
12921 1 1513356 0.8636364 46.41556192655116
12922 1 1849731 0.8490566 61.65829696692526
12923 1 1748925 0.82222223 50.027410965412855
12924 1 1963117 0.8095238 46.349225915037096
12925 1 1197417 0.8666667 50.06032902747393
12926 1 1052600 0.8913044 43.67331601679325
12927 1 1571584 0.8 49.56216493155807
12928 1 1888397 0.8043478 49.15283597074449
12929 1 1551577 0.80851066 47.83188400324434
12930 1 1500267 0.8367347 49.794542021118104
12931 1 1614168 0.80851066 52.714779041707516
12932 1 26923 0.8627451 56.32252199575305
12933 1 2091595 0.8695652 45.369700994342566
12934 1 1069698 0.88 52.43861093185842
12935 1 1655679 0.8125 52.35000804532319
12936 1 1558067 0.8076923 56.995150982402265
12937 1 1607422 0.8076923 59.54491288866848
12938 1 1591048 0.8301887 57.03772301785648
12939 1 1595812 0.84 53.36410808376968
12940 1 1418450 0.8301887 57.15733801480383
12941 1 1610396 0.84090906 47.706323908641934
12942 1 1420885 0.81632656 57.8305620001629
12943 1 1481226 0.8148148 59.00559003930539
12944 1 2044404 0.8235294 55.732362903654575
12945 1 350039 0.88 52.32033506035805
12946 1 1068623 0.8148148 56.469958974048495
12947 1 1299888 0.8076923 60.59364904649556
12948 1 1569235 0.8301887 55.641000042669475
12949 1 1143043 0.8367347 51.30960198584944
12950 1 1601661 0.8 48.8471700809896
12951 1 2059148 0.8301887 57.00459599029273
12952 1 1065206 0.82222223 49.05243404209614
12953 1 1068267 0.8113208 60.46861200593412
12954 1 1100132 0.84615386 56.38365703634918
12955 1 654659 0.80851066 51.02664907462895
12956 1 837802 0.8043478 61.40142004005611
12957 1 189457 0.8 56.07118993066251
12958 1 1473011 0.82222223 59.299218002706766
12959 1 1030447 0.8032787 69.20848996378481
12960 1 1449988 0.8113208 64.12635091692209
12961 1 1420984 0.8076923 63.89660993590951
12962 1 1134695 0.86 59.84431807883084
12963 1 1613940 0.8 72.36294692847878
12964 1 1031703 0.8181818 63.92252293881029
12965 1 1093107 0.84444445 47.61213005986065
12966 1 1528987 0.82 52.26507596671581
12967 1 1431568 0.80851066 49.21233793720603
12968 1 1228284 0.86 51.26351898070425
12969 1 1014350 0.84615386 55.05613097921014
12970 1 1011017 0.88 49.61005796212703
12971 1 1621507 0.8076923 57.1964830160141
12972 1 1103799 0.8627451 55.97341794054955
12973 1 1121670 0.8333333 52.76985396631062
12974 1 769034 0.87234044 44.987795990891755
12975 1 1121048 0.8363636 56.56453501433134
12976 1 1213620 0.8113208 57.49257397837937
12977 1 1266028 0.81632656 57.07493599038571
12978 1 1938273 0.82 60.90720696374774
12979 1 1412506 0.89361703 47.350218053907156
12980 1 1167104 0.80851066 47.432944062165916
12981 1 1343820 0.84615386 54.86355791799724
12982 1 1418988 0.8 50.90471508447081
12983 1 200109 0.85714287 53.392117959447205
12984 1 1298035 0.8076923 57.533925981260836
12985 1 772026 0.8269231 57.24953091703355
12986 1 1517095 0.8269231 55.96440297085792
12987 1 2090060 0.80487806 45.77796394005418
12988 1 1527317 0.8214286 60.33867003861815
12989 1 1591233 0.8269231 58.67289309389889
12990 1 1187360 0.80851066 53.17982006818056
12991 1 2087660 0.8627451 52.74247797206044
12992 1 1435144 0.8913044 43.58337295707315
12993 1 1276882 0.8604651 44.04313501436263
12994 1 1005933 0.8333333 52.155861048959196
12995 1 2087617 0.87234044 45.67755700554699
12996 1 1543149 0.8666667 48.26118506025523
12997 1 1149772 0.86 46.12189601175487
12998 1 2398142 0.8148148 57.090057991445065
12999 1 56642 0.8333333 60.413065017201006
13000 1 1410752 0.8541667 49.033961025997996
13001 1 1802926 0.8301887 56.26655602827668
13002 1 2013298 0.8541667 46.55182489659637
13003 1 987452 0.8 54.86907507292926
13004 1 1626126 0.8043478 50.4407100379467
13005 1 374416 0.8269231 59.71299100201577
13006 1 1064728 0.81632656 55.96715502906591
13007 1 835889 0.8214286 60.91727002058178
13008 1 1620688 0.82608694 48.23312000371516
13009 1 1450226 0.8367347 56.8656480172649
13010 1 1088200 0.8269231 59.4680201029405
13011 1 669801 0.8 49.28010201547295
13012 1 2130626 0.8039216 58.82854200899601
13013 1 1162942 0.8333333 55.21168606355786
13014 1 1608267 0.8181818 58.38750000111759
13015 1 1081095 0.84615386 58.19912999868393
13016 1 1152119 0.8181818 48.19323599804193
13017 1 1128978 0.80701756 58.08618396986276
13018 1 1638864 0.8 60.12937193736434
13019 1 603925 0.81632656 55.07689097430557
13020 1 1465944 0.81395346 50.03404291346669
13021 1 1034519 0.8148148 58.518921956419945
13022 1 439531 0.8113208 58.308862964622676
13023 1 1052600 0.8235294 60.50054996740073
13024 1 836167 0.8148148 61.89712497871369
13025 1 1260388 0.87234044 51.60187708679587
13026 1 1171524 0.8076923 60.38830301258713
13027 1 1958828 0.8125 56.58672098070383
13028 1 1080171 0.8666667 44.66950392816216
13029 1 1410773 0.8076923 58.10541706159711
13030 1 631211 0.83928573 60.4819810250774
13031 1 1235354 0.82608694 48.07838599663228
13032 1 1433338 0.84615386 57.15426802635193
13033 1 1664456 0.8181818 47.46639297809452
13034 1 1195886 0.877551 52.298679016530514
13035 1 1611129 0.80851066 46.31452506873757
13036 1 1352325 0.8043478 53.25089395046234
13037 1 1016155 0.8269231 57.3856090195477
13038 1 1272754 0.84782606 51.85610498301685
13039 1 1051881 0.8 55.55327900219709
13040 1 1473813 0.8333333 52.39902494940907
13041 1 1948846 0.8181818 60.79938111361116
13042 1 1676665 0.8148148 56.95673392619938
13043 1 1634926 0.8076923 56.93125003017485
13044 1 1390170 0.8 46.78614204749465
13045 1 990449 0.82608694 48.85558702517301
13046 1 1187848 0.8148148 61.10417295712978
13047 1 1129794 0.8 49.06782403122634
13048 1 823864 0.8363636 57.53423599526286
13049 1 1257806 0.8235294 58.26641002204269
13050 1 1256595 0.8541667 55.45908701606095
13051 1 1436970 0.8181818 60.34830294083804
13052 1 1439653 0.8 64.6967520006001
13053 1 1664388 0.80851066 60.56527397595346
13054 1 25455 0.82608694 49.386920989491045
13055 1 2068690 0.82 58.61000099685043
13056 1 1010966 0.8363636 65.18869404681027
13057 1 1742529 0.85714287 49.283604021184146
13058 1 1923517 0.8235294 61.76715309266001
13059 1 1047712 0.8 57.70113202743232
13060 1 1061736 0.81632656 57.324258028529584
13061 1 813960 0.8518519 59.742077020928264
13062 1 2064525 0.8113208 58.04560810793191
13063 1 2076127 0.8039216 56.226575979962945
13064 1 1192209 0.8039216 56.16387992631644
13065 1 1519946 0.8125 52.65826894901693
13066 1 1349529 0.8235294 57.991717010736465
13067 1 1594843 0.82978725 53.0808960320428
13068 1 2298585 0.8 53.78715507686138
13069 1 1193727 0.8043478 49.71392103470862
13070 1 1406258 0.82608694 48.73867507558316
13071 1 1609258 0.8235294 55.875816964544356
13072 1 2463798 0.8541667 52.10444296244532
13073 1 1623320 0.8541667 51.014920929446816
13074 1 2079121 0.8043478 49.0495590493083
13075 1 1430533 0.81632656 53.61066199839115
13076 1 1532240 0.8235294 53.622603067196906
13077 1 1667638 0.8518519 58.34429303649813
13078 1 2080938 0.8 57.52680799923837
13079 1 1608873 0.8235294 55.61724794097245
13080 1 838748 0.8076923 54.698009975254536
13081 1 1478071 0.8113208 58.469314011745155
13082 1 2106885 0.82608694 45.53654009941965
13083 1 1623788 0.8490566 56.40777794178575
13084 1 1938273 0.81632656 56.1873420374468
13085 1 1291756 0.8148148 58.209424023516476
13086 1 1855968 0.8039216 54.80041494593024
13087 1 1734878 0.8125 53.62901196349412
13088 1 1132702 0.88461536 52.79674893245101
13089 1 2092476 0.8076923 57.06017999909818
13090 1 1479203 0.84 53.380925906822085
13091 1 1405676 0.82222223 48.03071892820299
13092 1 147538 0.82 54.829916916787624
13093 1 1313690 0.84313726 56.5230599604547
13094 1 1549093 0.8 47.47185599990189
13095 1 1330551 0.8 57.44393705390394
13096 1 825043 0.8545455 56.03270104620606
13097 1 1765021 0.8301887 57.94318299740553
13098 1 1625588 0.8490566 57.61171400081366
13099 1 1157715 0.8113208 55.4591310210526
13100 1 627248 0.8333333 56.95559398736805
13101 1 1172818 0.82 54.114065947942436
13102 1 1961150 0.8039216 57.56814300548285
13103 1 969948 0.8333333 54.644267074763775
13104 1 997210 0.8490566 55.6249578949064
13105 1 468464 0.8125 53.328911075368524
13106 1 1021104 0.8627451 55.05504994653165
13107 1 1651432 0.8 56.449892930686474
13108 1 1430845 0.84090906 52.06256697420031
13109 1 1072599 0.84444445 50.84886192344129
13110 1 1679590 0.84444445 56.3049380434677
13111 1 1495672 0.8 59.852406033314764
13112 1 789266 0.8367347 52.19049204606563
13113 1 1150559 0.86 56.21299403719604
13114 1 1606033 0.8125 52.482407074421644
13115 1 2052646 0.8125 52.38817201461643
13116 1 1174394 0.81632656 53.57872205786407
13117 1 1800107 0.8148148 59.0841619996354
13118 1 1588328 0.81632656 56.475368910469115
13119 1 1132209 0.8148148 58.98591491859406
13120 1 1463864 0.84782606 44.894526014104486
13121 1 1622616 0.8043478 53.266722010448575
13122 1 1301284 0.8 56.55512202065438
13123 1 1257742 0.84313726 54.65718894265592
13124 1 1301201 0.8 62.01441795565188
13125 1 1338505 0.84782606 51.72695906367153
13126 1 1549093 0.8 48.13650599680841
13127 1 1201292 0.8 61.55704509001225
13128 1 1400660 0.8333333 61.377475038170815
13129 1 1969262 0.81632656 53.84828301612288
13130 1 1664861 0.8125 61.04814098216593
13131 1 1049346 0.84 54.35921996831894
13132 1 1294373 0.8039216 57.08759091794491
13133 1 1434598 0.88 52.61425906792283
13134 1 1048513 0.8627451 51.6300059389323
13135 1 1497333 0.8235294 56.73766497056931
13136 1 476566 0.8 54.771861992776394
13137 1 938990 0.8235294 56.25949800014496
13138 1 1533183 0.82978725 47.488322015851736
13139 1 1626891 0.8039216 63.71228594798595
13140 1 957174 0.82978725 51.303823944181204
13141 1 1302360 0.8039216 59.92256500758231
13142 1 1270302 0.8627451 49.59366796538234
13143 1 1557182 0.8039216 55.78813096508384
13144 1 1627593 0.8148148 61.97701802011579
13145 1 1172080 0.8043478 51.27453291788697
13146 1 1442144 0.8043478 49.460234004072845
13147 1 482806 0.82608694 50.529491039924324
13148 1 2047978 0.8301887 55.15167396515608
13149 1 1416288 0.8 58.42282099183649
13150 1 1309572 0.80701756 59.68071101233363
13151 1 1392939 0.8 55.167883983813226
13152 1 653148 0.8518519 53.630423033609986
13153 1 960039 0.8367347 51.45984096452594
13154 1 1620397 0.8035714 63.66963393520564
13155 1 1761054 0.85714287 43.417547014541924
13156 1 1087425 0.8181818 59.01645100675523
13157 1 1095409 0.8372093 42.70485904999077
13158 1 1150998 0.86 50.14516203664243
13159 1 1364926 0.8958333 51.26402294263244
13160 1 986136 0.84 56.53728696051985
13161 1 1058298 0.8301887 54.888523067347705
13162 1 1755372 0.8269231 51.60809203516692
13163 1 524131 0.8490566 54.266809951514006
13164 1 1091975 0.8545455 55.51666999235749
13165 1 1157291 0.875 54.56087400671095
13166 1 995306 0.82758623 56.82794295717031
13167 1 1692850 0.8305085 56.02453101892024
13168 1 4693 0.8360656 56.15329404827207
13169 1 1483105 0.84126985 56.87283701263368
13170 1 846723 0.84745765 55.648733978159726
13171 1 850749 0.8035714 59.81875804718584
13172 1 1468303 0.8064516 57.30306904297322
13173 1 1514376 0.8245614 58.65563603583723
13174 1 1413326 0.84745765 57.35857994295657
13175 1 1797758 0.8333333 56.66450294665992
13176 1 1561762 0.8135593 58.1072400091216
13177 1 1667794 0.8 56.20030302088708
13178 1 1526779 0.8208955 53.97910694591701
13179 1 677264 0.80701756 59.27476903889328
13180 1 1031606 0.87931037 55.09588203858584
13181 1 1531837 0.8305085 59.69178501982242
13182 1 1369518 0.8833333 53.53792803362012
13183 1 1475101 0.83870965 53.74156194739044
13184 1 268734 0.8135593 57.60952306445688
13185 1 1123065 0.8125 58.06404096074402
13186 1 1091190 0.859375 54.467853042297065
13187 1 2138599 0.80701756 57.67644406296313
13188 1 1413364 0.8135593 56.579130003228784
13189 1 1745480 0.84375 51.71985097695142
13190 1 1467464 0.8153846 59.77538099978119
13191 1 1431475 0.86206895 56.62567098625004
13192 1 1427344 0.81666666 57.5820499798283
13193 1 1491933 0.85714287 52.93624405749142
13194 1 1608421 0.8196721 57.42868490051478
13195 1 853238 0.8 59.852992999367416
13196 1 1487760 0.8064516 57.63162998482585
13197 1 1285246 0.82758623 59.24240406602621
13198 1 1435126 0.8 60.32990699168295
13199 1 1555864 0.80701756 60.243261978030205
13200 1 1046083 0.852459 59.00998995639384
13201 1 1624174 0.8305085 58.703560032881796
13202 1 1499826 0.8305085 56.92070699296892
13203 1 821659 0.8305085 56.10046396031976
13204 1 1123475 0.8214286 58.09072102420032
13205 1 679821 0.877193 55.24475499987602
13206 1 1621790 0.8548387 55.49423710908741
13207 1 1016422 0.8448276 56.54706293717027
13208 1 1534556 0.8 56.186310946941376
13209 1 1446461 0.8358209 53.05409908760339
13210 1 1434872 0.86206895 60.326955979689956
13211 1 1396138 0.86206895 56.81694997474551
13212 1 1631317 0.8333333 58.373950072564185
13213 1 1608491 0.87096775 55.86686008609831
13214 1 1235393 0.81666666 58.224070933647454
13215 1 1097481 0.8095238 55.036716046743095
13216 1 1665722 0.8148148 59.43277501501143
13217 1 1797015 0.83870965 53.69020695798099
13218 1 1792869 0.85714287 54.87146193627268
13219 1 845027 0.82539684 52.39260196685791
13220 1 1614454 0.8030303 59.313570032827556
13221 1 1242980 0.8103448 61.98965210933238
13222 1 856156 0.8448276 56.73130904324353
13223 1 1370556 0.8596491 57.04714194871485
13224 1 1523955 0.8666667 59.47438289877027
13225 1 1697447 0.8358209 54.5517000136897
13226 1 1640924 0.8214286 58.821537997573614
13227 1 1669261 0.8448276 57.29476304259151
13228 1 1419879 0.8730159 57.267677038908005
13229 1 1398534 0.81666666 56.870967033319175
13230 1 1367574 0.8666667 56.76744400989264
13231 1 1303817 0.8103448 62.13520304299891
13232 1 1975134 0.8035714 61.49936397559941
13233 1 1439396 0.84745765 57.60950001422316
13234 1 2097186 0.8135593 57.60103103239089
13235 1 1050235 0.8545455 58.09431802481413
13236 1 869169 0.8548387 53.92466695047915
13237 1 1344405 0.8208955 53.8970900233835
13238 1 1189688 0.8360656 55.39830995257944
13239 1 1398467 0.86206895 55.043230997398496
13240 1 1021507 0.85 57.51056910958141
13241 1 1112797 0.8064516 59.591557015664876
13242 1 1092118 0.88461536 53.55070298537612
13243 1 1291798 0.8095238 55.4665100062266
13244 1 1449659 0.8245614 58.677040971815586
13245 1 1064889 0.8032787 61.79946195334196
13246 1 1128267 0.8064516 56.93848698865622
13247 1 1013604 0.8214286 56.864427984692156
13248 1 1163836 0.8596491 55.58978707995266
13249 1 1137498 0.8035714 62.48238100670278
13250 1 1600867 0.8214286 60.9326190315187
13251 1 1794542 0.875 56.264246930368245
13252 1 1596408 0.8135593 59.197628987021744
13253 1 818798 0.81666666 59.087705914862454
13254 1 1157291 0.8448276 57.468852028250694
13255 1 1619797 0.8148148 59.490840998478234
13256 1 1669725 0.8035714 58.36583499331027
13257 1 1649362 0.83928573 55.84938498213887
13258 1 1636728 0.8035714 57.06091003958136
13259 1 1228996 0.8032787 56.077876011841
13260 1 150859 0.84126985 58.74620797112584
13261 1 1257065 0.8363636 57.95410997234285
13262 1 1417139 0.8035714 58.990778983570635
13263 1 1533531 0.8103448 56.635488057509065
13264 1 1166206 0.82539684 53.04410797543824
13265 1 624458 0.85714287 59.31202904321253
13266 1 592890 0.84615386 52.009674021974206
13267 1 1170805 0.877193 55.027037975378335
13268 1 1100056 0.8833333 54.36368100345135
13269 1 1274634 0.80701756 58.671920909546316
13270 1 1171441 0.8181818 62.2901200549677
13271 1 1117340 0.82258064 54.52295707073063
13272 1 652554 0.80701756 57.793535059317946
13273 1 1087734 0.8 57.85329907666892
13274 1 1296710 0.8064516 56.10358202829957
13275 1 1268366 0.8135593 59.513850952498615
13276 1 1116438 0.86440676 54.26718690432608
13277 1 1060674 0.82539684 53.05944103747606
13278 1 840383 0.8305085 57.38546804059297
13279 1 1949711 0.84615386 52.14893107768148
13280 1 1075658 0.86206895 60.65786397084594
13281 1 1556897 0.86440676 55.57589395903051
13282 1 1075571 0.82539684 54.189713089726865
13283 1 1476330 0.8135593 56.777357938699424
13284 1 1337988 0.8245614 57.107525994069874
13285 1 1419844 0.8730159 56.51360400952399
13286 1 1846977 0.86440676 55.73813000228256
13287 1 1390948 0.8 58.150959899649024
13288 1 619092 0.85714287 53.03269997239113
13289 1 1504236 0.80701756 57.142080971971154
13290 1 2366619 0.8135593 59.82449906878173
13291 1 1403245 0.8548387 53.56140492949635
13292 1 1637588 0.8113208 58.79845505114645
13293 1 1521373 0.8484849 53.13544999808073
13294 1 1845610 0.8135593 57.83538904506713
13295 1 1265959 0.8596491 59.13832294754684
13296 1 848539 0.8181818 56.502384948544204
13297 1 1178011 0.8032787 59.9989389302209
13298 1 815305 0.8305085 57.156282011419535
13299 1 1244239 0.8852459 53.39212203398347
13300 1 1468981 0.8333333 62.42581096012145
13301 1 627690 0.81666666 56.66160106193274
13302 1 1409421 0.8703704 54.13942295126617
13303 1 1665175 0.877193 55.224895011633635
13304 1 1274653 0.8 58.03481501061469
13305 1 1609814 0.8135593 60.969996033236384
13306 1 1236474 0.8035714 60.164078953675926
13307 1 997486 0.85 54.08267700113356
13308 1 1621790 0.8548387 55.01355498563498
13309 1 1218354 0.8032787 53.60631691291928
13310 1 1501436 0.8113208 58.419432025402784
13311 1 1616665 0.8448276 59.62230998557061
13312 1 1189921 0.8196721 61.64938199799508
13313 1 1609075 0.82258064 62.12981708813459
13314 1 1501740 0.87096775 55.87666400242597
13315 1 1333691 0.8032787 59.92633895948529
13316 1 1011171 0.82539684 54.17474790010601
13317 1 1511487 0.8333333 55.50894502084702
13318 1 848010 0.8208955 53.813279955647886
13319 1 1138498 0.85714287 55.101071018725634
13320 1 1502481 0.8103448 60.79265498556197
13321 1 1043842 0.8333333 58.292075991630554
13322 1 14282 0.83870965 56.51066394057125
13323 1 993531 0.85714287 52.64918401371688
13324 1 1030130 0.82258064 55.66804902628064
13325 1 991666 0.8125 54.62049099151045
13326 1 1417310 0.8888889 56.14852497819811
13327 1 1623856 0.87931037 55.17712305299938
13328 1 1518513 0.82258064 57.71286890376359
13329 1 1585024 0.8448276 59.05240494757891
13330 1 1195837 0.82258064 59.424843988381326
13331 1 1454463 0.82258064 58.78888606093824
13332 1 1138817 0.8032787 59.481667005456984
13333 1 1048200 0.8305085 54.58976200316101
13334 1 1633995 0.8 58.45742591191083
13335 1 1019343 0.86206895 56.777429999783635
13336 1 1667794 0.828125 56.38133699540049
13337 1 1480517 0.8 59.06821298412979
13338 1 1666915 0.8 56.01541907526553
13339 1 1274322 0.8363636 56.85242800973356
13340 1 1591015 0.8 59.368274989537895
13341 1 991174 0.8196721 59.81238395906985
13342 1 1141444 0.8333333 57.30246799066663
13343 1 971781 0.8360656 55.38529995828867
13344 1 1985723 0.86885244 53.87972900643945
13345 1 1429865 0.8305085 62.00458807870746
13346 1 1296505 0.83928573 57.705212966538966
13347 1 1560435 0.8333333 58.028795989230275
13348 1 1441971 0.83076924 56.63306103087962
13349 1 2334957 0.88135594 54.462580010294914
13350 1 990776 0.8333333 62.4884789576754
13351 1 1064010 0.8947368 54.26093202549964
13352 1 1214117 0.8095238 55.01861800439656
13353 1 1414941 0.859375 51.28731892909855
13354 1 1199683 0.8360656 52.57741594687104
13355 1 1517350 0.8 63.0181550513953
13356 1 1395377 0.8135593 57.0100259501487
13357 1 1630811 0.84615386 53.736680070869625
13358 1 1241979 0.8333333 55.54381397087127
13359 1 1630939 0.84375 53.56777994893491
13360 1 826085 0.83870965 56.62305897567421
13361 1 841347 0.8305085 59.59712702315301
13362 1 1844435 0.89285713 53.42601903248578
13363 1 1665005 0.8032787 57.380056008696556
13364 1 1097311 0.8032787 56.68253602925688
13365 1 645949 0.89830506 55.90747098904103
13366 1 1517027 0.8703704 56.125969043932855
13367 1 1367986 0.8490566 55.48531096428633
13368 1 982970 0.84126985 52.58059210609645
13369 1 1281994 0.81666666 64.9084000615403
13370 1 400776 0.8095238 64.77597705088556
13371 1 1153501 0.82539684 61.70735997147858
13372 1 1041210 0.8730159 55.86633097846061
13373 1 1505500 0.86885244 55.17172196414322
13374 1 1637913 0.8245614 57.829170022159815
13375 1 1401200 0.859375 56.61349697038531
13376 1 971623 0.8148148 59.50175202451646
13377 1 1128561 0.8245614 57.11988697294146
13378 1 1680098 0.8 58.54000698309392
13379 1 1574030 0.8095238 54.77443500421941
13380 1 1969234 0.87931037 53.257923922501504
13381 1 1447289 0.84210527 60.04506489261985
13382 1 851353 0.85714287 53.38095501065254
13383 1 238100 0.86206895 55.988284992054105
13384 1 546890 0.8095238 54.57580101210624
13385 1 620577 0.84745765 56.94901989772916
13386 1 1130268 0.8103448 60.34300697501749
13387 1 2107283 0.8113208 58.904769946821034
13388 1 1068534 0.83870965 54.95844001416117
13389 1 1574045 0.8035714 58.64692700561136
13390 1 827789 0.875 54.53637905884534
13391 1 1076515 0.8035714 58.92692296765745
13392 1 618292 0.8153846 55.36417895928025
13393 1 1517283 0.8153846 52.49618797097355
13394 1 1663519 0.828125 52.990788011811674
13395 1 1063665 0.84126985 53.19721496198326
13396 1 1197488 0.8448276 59.34741802047938
13397 1 1455533 0.8113208 60.37848093546927
13398 1 618780 0.8730159 54.157280013896525
13399 1 1680447 0.82539684 58.08791902381927
13400 1 853239 0.8076923 61.36285304091871
13401 1 1177154 0.84210527 57.045577093958855
13402 1 1018349 0.84375 52.789246081374586
13403 1 919934 0.8135593 54.636127897538245
13404 1 630878 0.8363636 56.22852500528097
13405 1 1011810 0.8208955 53.47485502716154
13406 1 1198369 0.8947368 55.912520037963986
13407 1 1181928 0.80701756 57.85602005198598
13408 1 1473962 0.82258064 55.85919099394232
13409 1 1434453 0.8333333 55.840531014837325
13410 1 462050 0.85714287 54.69443299807608
13411 1 1240062 0.8545455 57.83523595891893
13412 1 547127 0.85714287 55.86822796612978
13413 1 1106905 0.8360656 56.08813802246004
13414 1 1517205 0.82758623 57.44390294421464
13415 1 1039494 0.8947368 54.58414496388286
13416 1 1469278 0.8196721 56.19621800724417
13417 1 1574262 0.8305085 58.109681005589664
13418 1 1009480 0.85 55.280497996136546
13419 1 1362781 0.8064516 53.44041693024337
13420 1 1524574 0.83076924 53.27615700662136
13421 1 1077599 0.8363636 59.13369299378246
13422 1 1099727 0.85 56.81642994750291
13423 1 1290536 0.8064516 59.12182095926255
13424 1 1410033 0.8484849 55.60951505322009
13425 1 1354788 0.8947368 54.26651402376592
13426 1 1611456 0.8548387 54.95005892589688
13427 1 1409421 0.8214286 59.913961915299296
13428 1 815749 0.82258064 54.86789403948933
13429 1 861596 0.86153847 55.86334690451622
13430 1 1949114 0.84210527 60.18919497728348
13431 1 1416615 0.8965517 58.26899397652596
13432 1 1075244 0.8666667 57.453626999631524
13433 1 1378514 0.8148148 62.99030198715627
13434 1 192876 0.81666666 59.83866401948035
13435 1 2228925 0.8113208 59.64593298267573
13436 1 822961 0.8035714 62.01047799549997
13437 1 2000069 0.84615386 54.23616198822856
13438 1 1037143 0.8035714 59.89188200328499
13439 1 1981591 0.8333333 57.12311202660203
13440 1 1326795 0.82539684 54.61426102556288
13441 1 934919 0.84745765 54.49121899437159
13442 1 1628275 0.8333333 58.25348698999733
13443 1 1370556 0.8103448 58.39044996537268
13444 1 994874 0.85714287 54.43706794176251
13445 1 1125701 0.8095238 52.53637407440692
13446 1 1351755 0.84375 56.373793981038034
13447 1 1301881 0.8135593 60.71622692979872
13448 1 1652742 0.8360656 57.92970396578312
13449 1 1663495 0.8 59.0362980728969
13450 1 1153476 0.80597013 59.647365007549524
13451 1 1160927 0.80701756 64.91469102911651
13452 1 1667742 0.84375 60.66363397985697
13453 1 1606530 0.8448276 58.02100396249443
13454 1 1158007 0.8113208 57.330716983415186
13455 1 1117293 0.8727273 55.225564050488174
13456 1 1652320 0.86440676 56.57165206503123
13457 1 1611505 0.8363636 56.47213093470782
13458 1 1423300 0.8305085 57.100703939795494
13459 1 997467 0.8135593 55.38674793206155
13460 1 1638483 0.82258064 55.48205703962594
13461 1 1255303 0.8363636 67.37625098321587
13462 1 1653969 0.84210527 64.5423490786925
13463 1 1187438 0.8 58.8215870084241
13464 1 971623 0.8148148 63.521543983370066
13465 1 2053004 0.80701756 64.76411398034543
13466 1 1165920 0.8245614 59.40188700333238
13467 1 1092389 0.8153846 56.547513930127025
13468 1 1454867 0.8 61.79330695886165
13469 1 1557234 0.89285713 59.15408697910607
13470 1 1572158 0.87096775 58.25168709270656
13471 1 1515151 0.877193 54.47099497541785
13472 1 1029465 0.86885244 54.62059797719121
13473 1 1340406 0.8 58.46822704188526
13474 1 554488 0.8196721 57.78582894708961
13475 1 1740851 0.83928573 58.880920987576246
13476 1 1351585 0.8448276 57.14334989897907
13477 1 619209 0.8333333 56.30787799600512
13478 1 1435597 0.84745765 54.960589041002095
13479 1 1096231 0.8305085 56.58446706365794
13480 1 1691362 0.83928573 58.915797038935125
13481 1 1575712 0.85714287 51.2809130595997
13482 1 1154366 0.8360656 53.81629301700741
13483 1 986609 0.8363636 56.10984098166227
13484 1 1039509 0.880597 52.55036393646151
13485 1 397186 0.852459 56.90038204193115
13486 1 852936 0.8035714 58.163856039755046
13487 1 331006 0.84210527 55.83302001468837
13488 1 1844597 0.8125 53.67998196743429
13489 1 1253928 0.82758623 56.746094953268766
13490 1 813123 0.86440676 56.837214971892536
13491 1 862478 0.80701756 59.702586964704096
13492 1 1069698 0.8148148 57.006055023521185
13493 1 1445702 0.8032787 54.85332303214818
13494 1 1129902 0.8548387 55.271096993237734
13495 1 1281178 0.8596491 57.45605193078518
13496 1 1297915 0.8333333 57.65631003305316
13497 1 1985930 0.83870965 53.81128296721727
13498 1 1062161 0.828125 54.73266600165516
13499 1 1052100 0.8181818 52.8324720216915
13500 1 1147285 0.8548387 57.88757593836635
13501 1 1172916 0.8548387 55.5283110588789
13502 1 674928 0.83076924 54.969146964140236
13503 1 1063799 0.8214286 57.35340795945376
13504 1 1154470 0.8181818 57.66109307296574
13505 1 1068660 0.8214286 58.86901798658073
13506 1 681400 0.8888889 54.15338999591768
13507 1 1202287 0.8196721 56.39223498292267
13508 1 1611247 0.8214286 56.797307915985584
13509 1 1186846 0.87096775 52.786860964260995
13510 1 1204181 0.8305085 62.76258698198944
13511 1 282172 0.8518519 63.78109601791948
13512 1 1480272 0.86885244 60.48463599290699
13513 1 1063153 0.828125 61.36597692966461
13514 1 1669576 0.8730159 62.96209106221795
13515 1 1491959 0.8867925 62.08225293084979
13516 1 1632575 0.84126985 56.285977945663035
13517 1 1157080 0.8888889 52.48164606746286
13518 1 978575 0.828125 53.91609400976449
13519 1 1086144 0.8358209 53.68216196075082
13520 1 1345395 0.8518519 59.30675100535154
13521 1 1894715 0.82539684 53.26701607555151
13522 1 1216376 0.85714287 57.32282192911953
13523 1 1168739 0.828125 58.1160900183022
13524 1 1199537 0.82539684 54.10393502097577
13525 1 655234 0.8666667 56.61140498705208
13526 1 1091463 0.82258064 57.39917897153646
13527 1 1108325 0.890625 55.887729045934975
13528 1 1090760 0.8787879 54.688431904651225
13529 1 1402942 0.8333333 60.80896302592009
13530 1 1256250 0.84745765 62.11433908902109
13531 1 1561762 0.8305085 64.16305794846267
13532 1 1116412 0.83870965 60.046394006349146
13533 1 1190916 0.8196721 54.52291702385992
13534 1 1667073 0.8113208 61.29731296095997
13535 1 1001495 0.81666666 59.508007019758224
13536 1 623581 0.86440676 53.38125501293689
13537 1 2082890 0.8 59.5048590330407
13538 1 1000106 0.8 53.03703399840742
13539 1 1666728 0.8245614 58.249962981790304
13540 1 1023616 0.81666666 60.532478033564985
13541 1 1045218 0.852459 55.88797107338905
13542 1 1053456 0.8064516 57.015091995708644
13543 1 1524756 0.8135593 57.41927004419267
13544 1 1625891 0.8214286 62.15768703259528
13545 1 1283624 0.85 57.11924994830042
13546 1 1469286 0.8333333 57.47020500712097
13547 1 1470861 0.8214286 57.234112988226116
13548 1 1118312 0.82758623 57.65414203051478
13549 1 1150649 0.85 55.24078500457108
13550 1 1602237 0.8448276 58.014117064885795
13551 1 796605 0.8181818 57.035067002289
13552 1 643645 0.8181818 59.24190499354154
13553 1 1499316 0.8833333 56.187983020208776
13554 1 1696024 0.852459 54.850751999765635
13555 1 1638491 0.8032787 56.44316610414535
13556 1 1198435 0.8965517 57.25843703839928
13557 1 1508154 0.8490566 58.519823011010885
13558 1 1194459 0.8833333 55.18223496619612
13559 1 1561691 0.8095238 56.882629985921085
13560 1 1548508 0.80701756 61.64322805125266
13561 1 1257794 0.83870965 53.19475696887821
13562 1 1312350 0.8363636 55.731861968524754
13563 1 1446797 0.82539684 54.10186294466257
13564 1 1266779 0.8181818 57.602463057264686
13565 1 1618666 0.8 59.162246994674206
13566 1 1565292 0.8 59.67607209458947
13567 1 1476641 0.8035714 57.039104984141886
13568 1 834043 0.88135594 53.71715500950813
13569 1 1175951 0.8679245 56.29509803839028
13570 1 2093136 0.8181818 62.430214951746166
13571 1 1508230 0.85714287 51.47998500615358
13572 1 1570430 0.8208955 52.596577908843756
13573 1 1518513 0.82258064 56.02170096244663
13574 1 594904 0.8333333 55.64411205705255
13575 1 2407538 0.8032787 60.53151597734541
13576 1 1195176 0.8 58.6548859719187
13577 1 1235850 0.8245614 57.89299204479903
13578 1 1530 0.8135593 55.02917803823948
13579 1 1167497 0.859375 51.80232191924006
13580 1 1523233 0.81666666 61.733392998576164
13581 1 677264 0.8214286 60.70430902764201
13582 1 1523702 0.8703704 54.96256297919899
13583 1 994791 0.8 55.11342303361744
13584 1 1527322 0.8196721 57.206313009373844
13585 1 1120861 0.80701756 62.31080403085798
13586 1 1284560 0.859375 53.07094694580883
13587 1 657707 0.86538464 55.26965402532369
13588 1 1433016 0.8666667 53.76549798529595
13589 1 1614622 0.8 54.09275402780622
13590 1 1335636 0.8730159 56.65198992937803
13591 1 1438196 0.8181818 58.62262996379286
13592 1 1170149 0.8245614 56.359022040851414
13593 1 1614488 0.80701756 57.559568085707724
13594 1 1193112 0.84126985 55.20096805412322
13595 1 1801745 0.81666666 60.904738027602434
13596 1 1190286 0.8448276 57.26217292249203
13597 1 1118104 0.8125 58.32634202670306
13598 1 1533411 0.85714287 57.9978070454672
13599 1 1975287 0.8 61.97964504826814
13600 1 1468571 0.84126985 55.81808602437377
13601 1 1459171 0.8545455 55.34470593556762
13602 1 977883 0.852459 56.067268014885485
13603 1 1559600 0.8333333 55.8855349663645
13604 1 1401920 0.8548387 53.67074895184487
13605 1 14282 0.82539684 56.53846403583884
13606 1 987801 0.8196721 57.6381110586226
13607 1 1461097 0.8135593 57.50645603984594
13608 1 1367819 0.8333333 56.244972976855934
13609 1 1521485 0.8032787 55.19993498455733
13610 1 806762 0.80701756 63.32098692655563
13611 1 1423337 0.82539684 53.20275598205626
13612 1 1127640 0.81666666 55.54910795763135
13613 1 1602334 0.8360656 55.65145402215421
13614 1 1439209 0.84745765 56.60626501776278
13615 1 1594419 0.8095238 58.399145025759935
13616 1 1353965 0.83076924 53.99672605562955
13617 1 981960 0.88135594 53.62165498081595
13618 1 1296736 0.86206895 55.38929800968617
13619 1 1853278 0.80701756 60.61777996364981
13620 1 1415298 0.84210527 56.416506064124405
13621 1 1237267 0.80701756 58.03037597797811
13622 1 1796787 0.82758623 57.26292193867266
13623 1 1792900 0.81666666 59.56439604051411
13624 1 1016051 0.8214286 58.99554607458413
13625 1 1116920 0.8153846 54.25907706376165
13626 1 1445233 0.8196721 56.46709096617997
13627 1 1199613 0.8103448 59.19950595125556
13628 1 696267 0.8507463 57.88794998079538
13629 1 1724348 0.8115942 57.7584559796378
13630 1 1592242 0.8214286 60.75404700823128
13631 1 1248594 0.8148148 63.24878800660372
13632 1 1055850 0.84210527 61.418141005560756
13633 1 378193 0.86153847 54.13510696962476
13634 1 1609342 0.85 58.74024797230959
13635 1 1797784 0.8064516 58.72246599756181
13636 1 1505321 0.8666667 52.442891988903284
13637 1 1121931 0.86885244 54.21360407490283
13638 1 1502979 0.84745765 55.43513805605471
13639 1 1409610 0.8103448 57.78838403057307
13640 1 1734914 0.83076924 56.05063494294882
13641 1 213954 0.81666666 55.45531294774264
13642 1 1129310 0.84210527 55.29405199922621
13643 1 1139587 0.8245614 58.28520201612264
13644 1 836209 0.8305085 57.65949096530676
13645 1 1474872 0.8095238 55.76321191620082
13646 1 1486209 0.8333333 56.01336702238768
13647 1 1018220 0.8115942 53.47952200099826
13648 1 1050135 0.852459 55.402312078513205
13649 1 1544617 0.8103448 56.2940479721874
13650 1 1413027 0.83870965 55.890129995532334
13651 1 1107998 0.8666667 56.17436603643
13652 1 1155091 0.81666666 59.366149944253266
13653 1 1275201 0.8666667 54.42097096238285
13654 1 1424390 0.84210527 57.43904900737107
13655 1 1558934 0.8214286 59.17596095241606
13656 1 998220 0.84745765 57.2548930067569
13657 1 1300484 0.83870965 54.55528502352536
13658 1 1422969 0.88461536 53.57301596086472
13659 1 1317750 0.84615386 52.75257700122893
13660 1 1480146 0.8035714 61.47937604691833
13661 1 361491 0.8305085 57.81787005253136
13662 1 1517283 0.84126985 54.94184501003474
13663 1 1576639 0.8196721 56.618362898007035
13664 1 1012918 0.8142857 42.825620039366186
13665 1 1415072 0.875 38.442853023298085
13666 1 1116258 0.8 43.35988801904023
13667 1 719540 0.86764705 47.87739203311503
13668 1 1349281 0.8235294 48.53225196711719
13669 1 1020980 0.8333333 49.43681100849062
13670 1 991576 0.8428571 47.651082975789905
13671 1 1189668 0.8 44.749699998646975
13672 1 1559243 0.87142855 47.055021044798195
13673 1 1492503 0.875 49.879651982337236
13674 1 1840760 0.8088235 47.4422350525856
13675 1 1953562 0.88235295 42.38651099149138
13676 1 1167644 0.8513514 40.448304964229465
13677 1 1097877 0.8873239 40.695195901207626
13678 1 1468698 0.84615386 49.99611701350659
13679 1 1401666 0.8088235 48.95116901025176
13680 1 1476169 0.880597 47.290682909078896
13681 1 1416960 0.8507463 47.3660989664495
13682 1 1053255 0.86764705 46.10129306092858
13683 1 1560050 0.81333333 38.890238967724144
13684 1 1204365 0.8235294 51.927133928984404
13685 1 1039509 0.8108108 42.85901598632336
13686 1 1176263 0.8428571 43.15059399232268
13687 1 1484426 0.8 47.98544698860496
13688 1 1057210 0.8243243 43.90140203759074
13689 1 1806355 0.859375 51.366370054893196
13690 1 1172365 0.8181818 51.8472520634532
13691 1 719469 0.8055556 48.08519303333014
13692 1 1510617 0.8064516 52.678873063996434
13693 1 1460990 0.84415585 38.25964394491166
13694 1 1618792 0.83076924 50.69886799901724
13695 1 1512195 0.8 51.450120052322745
13696 1 2474566 0.8630137 43.551512993872166
13697 1 1894715 0.8 53.39892394840717
13698 1 1090670 0.80597013 52.39243805408478
13699 1 1073294 0.8082192 47.520841006189585
13700 1 1085976 0.880597 46.356162056326866
13701 1 1474914 0.8695652 47.51972306985408
13702 1 1048773 0.8333333 41.80568701121956
13703 1 1187116 0.8030303 50.51018996164203
13704 1 1465476 0.8153846 51.81772995274514
13705 1 535393 0.85507244 48.59383404254913
13706 1 1146217 0.85294116 44.462222955189645
13707 1 1443352 0.8153846 54.1018049698323
13708 1 1437269 0.87323946 43.85659797117114
13709 1 1059504 0.8358209 48.0817889329046
13710 1 1949368 0.8636364 49.35293598100543
13711 1 1406791 0.80597013 48.085227026604116
13712 1 1173569 0.8 50.117613980546594
13713 1 1437868 0.8194444 39.74930301774293
13714 1 1633355 0.83076924 54.107245057821274
13715 1 1621336 0.8636364 51.560131018050015
13716 1 1102706 0.8484849 50.92414503451437
13717 1 464827 0.85294116 46.81520303711295
13718 1 1040067 0.8769231 46.08546500094235
13719 1 1465717 0.8382353 51.69661494437605
13720 1 1264852 0.82191783 49.57114695571363
13721 1 1092268 0.86764705 51.88845994416624
13722 1 1594355 0.8333333 54.153984994627535
13723 1 1120766 0.85714287 43.543141917325556
13724 1 1192192 0.8787879 48.74822008423507
13725 1 1519984 0.86764705 47.69899800885469
13726 1 1038773 0.8082192 41.91012110095471
13727 1 1580922 0.82608694 48.54724695906043
13728 1 583996 0.8695652 47.30655997991562
13729 1 1444448 0.8108108 43.12653501983732
13730 1 1427345 0.84615386 50.79690495040268
13731 1 1580922 0.89705884 43.12983201816678
13732 1 1201603 0.8082192 46.09681200236082
13733 1 987123 0.8309859 49.82391302473843
13734 1 1436224 0.8484849 51.31940694991499
13735 1 990573 0.8028169 50.52217002958059
13736 1 1368416 0.8428571 47.90042596869171
13737 1 1162066 0.8194444 50.65133690368384
13738 1 1018762 0.8082192 45.65292899496853
13739 1 1267278 0.84615386 51.35324189905077
13740 1 1486213 0.8142857 48.79488504957408
13741 1 1033519 0.82894737 42.977550998330116
13742 1 1065233 0.8507463 53.7963870447129
13743 1 1606503 0.82608694 47.73208196274936
13744 1 1549530 0.8181818 51.63437896408141
13745 1 1510056 0.8484849 49.31600496638566
13746 1 719469 0.8309859 46.361445100046694
13747 1 1943211 0.8028169 46.259241993539035
13748 1 719540 0.82857144 45.285413041710854
13749 1 1189668 0.8115942 49.368952051736414
13750 1 937501 0.85915494 44.05623103957623
13751 1 1567077 0.85507244 47.29114193469286
13752 1 1090082 0.8428571 45.28665298130363
13753 1 1559685 0.8115942 45.18507095053792
13754 1 1459174 0.8 47.44856897741556
13755 1 1484908 0.8 49.4442560011521
13756 1 1129638 0.86567163 49.301416031084955
13757 1 1094266 0.8 48.385630012489855
13758 1 714554 0.8088235 47.57928696926683
13759 1 915935 0.8333333 45.28799396939576
13760 1 719540 0.8082192 38.66331197787076
13761 1 1028464 0.86153847 51.23016401194036
13762 1 1430146 0.82608694 51.749147940427065
13763 1 1624856 0.82608694 47.9199499823153
13764 1 1079203 0.80263156 43.447105097584426
13765 1 1486805 0.8507463 48.87319193221629
13766 1 265610 0.86153847 53.574706078507006
13767 1 1078289 0.8088235 49.80451997835189
13768 1 1295466 0.84 39.77165895048529
13769 1 1308886 0.8181818 50.30599993187934
13770 1 1745059 0.82608694 49.34681602753699
13771 1 1151117 0.82666665 44.08453090582043
13772 1 1426144 0.85714287 46.642580069601536
13773 1 1469089 0.86153847 49.28912199102342
13774 1 1336746 0.84931505 45.25857593398541
13775 1 1707237 0.85714287 45.72909604758024
13776 1 695062 0.82857144 45.5934579949826
13777 1 1553216 0.82191783 41.70408099889755
13778 1 1649418 0.8 56.87982798554003
13779 1 1988701 0.8783784 45.27175601106137
13780 1 1469951 0.8 60.24660402908921
13781 1 1968741 0.8169014 50.95647100824863
13782 1 1559001 0.8358209 55.27179699856788
13783 1 1201173 0.86567163 51.685519982129335
13784 1 504156 0.8309859 46.495440998114645
13785 1 1266123 0.84931505 46.05052596889436
13786 1 979034 0.8358209 54.70204201992601
13787 1 821020 0.8923077 50.395134021528065
13788 1 939828 0.82857144 47.323488048277795
13789 1 1160813 0.89855075 42.15921100694686
13790 1 864895 0.81333333 43.053220957517624
13791 1 1286215 0.8769231 51.65253602899611
13792 1 488710 0.8108108 44.43526198156178
13793 1 1629306 0.8507463 47.48691897839308
13794 1 621246 0.84615386 51.672170986421406
13795 1 824868 0.8 47.64600598718971
13796 1 1618896 0.8405797 48.907910007983446
13797 1 1013891 0.85507244 51.92041804548353
13798 1 853842 0.85294116 48.312543076463044
13799 1 1430149 0.8181818 47.07427695393562
13800 1 1176263 0.88235295 44.54018804244697
13801 1 619716 0.86153847 50.3449619282037
13802 1 1672614 0.85333335 41.819047066383064
13803 1 1123026 0.8 45.890689943917096
13804 1 683619 0.8208955 50.18061597365886
13805 1 1003458 0.84931505 38.403467973694205
13806 1 1148375 0.8082192 41.84754192829132
13807 1 1408721 0.8939394 51.81144003290683
13808 1 1147344 0.89041096 38.87468797620386
13809 1 636159 0.85915494 44.487602077424526
13810 1 843745 0.8358209 51.9701570738107
13811 1 1081147 0.85333335 39.07568601425737
13812 1 419263 0.8873239 42.832493083551526
13813 1 1107027 0.884058 42.33121604193002
13814 1 1472548 0.8088235 45.745164970867336
13815 1 1062692 0.8507463 50.01899600028992
13816 1 1174877 0.82857144 50.22069695405662
13817 1 668803 0.8955224 49.35989191289991
13818 1 1241903 0.86567163 47.23080899566412
13819 1 1189392 0.8666667 38.01668400410563
13820 1 1257737 0.8787879 46.72263702377677
13821 1 1096909 0.8088235 47.690780949778855
13822 1 1037557 0.85507244 51.44623096566647
13823 1 1976516 0.82608694 50.09452207013965
13824 1 988633 0.8235294 50.01668108161539
13825 1 1402788 0.8428571 47.17755503952503
13826 1 999837 0.85507244 44.69545104075223
13827 1 1164122 0.8030303 49.431389081291854
13828 1 837494 0.82857144 48.213499947451055
13829 1 1077098 0.8484849 49.06820598989725
13830 1 813120 0.82857144 47.55999206099659
13831 1 1000758 0.8309859 38.69930899236351
13832 1 1037557 0.8450704 44.238494941964746
13833 1 1375477 0.86764705 48.76927402801812
13834 1 1034489 0.84615386 54.95319492183626
13835 1 861414 0.8115942 48.1754009379074
13836 1 435307 0.8358209 49.32226601522416
13837 1 1003174 0.8169014 52.0965289324522
13838 1 1483767 0.8 46.15609790198505
13839 1 1015558 0.8955224 48.655963968485594
13840 1 1441255 0.8030303 52.505754050798714
13841 1 987476 0.8142857 43.320217984728515
13842 1 1069948 0.8243243 38.67854503914714
13843 1 837815 0.8030303 51.47562606725842
13844 1 1447897 0.84 39.441382978111506
13845 1 1454647 0.82608694 48.41361194849014
13846 1 1075335 0.86567163 52.71444306708872
13847 1 1664254 0.85507244 47.078401083126664
13848 1 1361434 0.83076924 51.549169002100825
13849 1 1968741 0.8028169 47.41711704991758
13850 1 998447 0.8358209 47.60076594538987
13851 1 1047170 0.8235294 53.17352106794715
13852 1 1615914 0.8082192 46.12376494333148
13853 1 1077231 0.8028169 45.55893095675856
13854 1 1180420 0.8142857 47.39040101412684
13855 1 1154449 0.8630137 42.61174600105733
13856 1 1986158 0.8169014 49.33754994999617
13857 1 2328229 0.8405797 48.43234200961888
13858 1 1014974 0.8382353 49.712620908394456
13859 1 679943 0.8888889 41.209380025975406
13860 1 1049670 0.8507463 50.75144593138248
13861 1 1097163 0.890625 52.736783982254565
13862 1 1518958 0.82857144 45.759369037114084
13863 1 1852387 0.8 52.49320704024285
13864 1 1282389 0.85714287 48.17760409787297
13865 1 1204156 0.8 42.07022301852703
13866 1 1441255 0.8030303 52.76566301472485
13867 1 1794332 0.8082192 43.450127937830985
13868 1 1044002 0.8309859 42.92901896405965
13869 1 1507909 0.8507463 46.812676009722054
13870 1 1552983 0.8181818 54.18787989765406
13871 1 1013891 0.86567163 51.77274299785495
13872 1 1789677 0.82857144 43.232526048086584
13873 1 1094830 0.8405797 46.56547901686281
13874 1 1461363 0.89041096 42.38815198186785
13875 1 1980699 0.8769231 47.33157600276172
13876 1 1927022 0.83076924 54.2280999943614
13877 1 1369021 0.8153846 51.07712303288281
13878 1 1965511 0.875 49.865021952427924
13879 1 1436938 0.83076924 49.11791090853512
13880 1 1191321 0.8153846 51.53126805089414
13881 1 723610 0.8309859 46.42091004643589
13882 1 1254517 0.8125 52.21600993536413
13883 1 1301787 0.8082192 49.943928024731576
13884 1 1438553 0.880597 46.73967498820275
13885 1 1442498 0.85714287 50.598948961123824
13886 1 1434594 0.83076924 53.11522097326815
13887 1 1518053 0.83076924 54.93986199144274
13888 1 1436637 0.88235295 46.698512975126505
13889 1 1135207 0.8 43.11242699623108
13890 1 1663642 0.8115942 47.91266703978181
13891 1 1015334 0.8088235 47.137813991867006
13892 1 1058659 0.8 45.42401898652315
13893 1 1639406 0.8055556 45.101367053575814
13894 1 1521075 0.884058 45.95287295524031
13895 1 224776 0.8125 43.1143440073356
13896 1 1608291 0.89041096 38.08693296741694
13897 1 1105756 0.8108108 41.63736500777304
13898 1 1187081 0.8507463 46.73576191999018
13899 1 1520521 0.80597013 53.27586503699422
13900 1 1475847 0.8333333 51.051161950454116
13901 1 1631506 0.8695652 50.21708703134209
13902 1 1561951 0.8358209 47.95013298280537
13903 1 1484127 0.8507463 48.67364896927029
13904 1 1159210 0.8115942 51.461862050928175
13905 1 1084691 0.82608694 46.55991098843515
13906 1 1654110 0.83076924 52.77628393378109
13907 1 1083342 0.82608694 48.29137597698718
13908 1 1005475 0.80597013 50.592546933330595
13909 1 1049972 0.8428571 48.50929300300777
13910 1 1794332 0.8055556 50.61053694225848
13911 1 1018811 0.8235294 52.12335393298417
13912 1 2128984 0.875 39.17623299639672
13913 1 1875149 0.8769231 50.3659580135718
13914 1 265610 0.86153847 50.46580696944147
13915 1 1402788 0.875 38.35203405469656
13916 1 1479251 0.84615386 50.65295204985887
13917 1 1864426 0.8356164 43.88323100283742
13918 1 1135207 0.8484849 47.75379993952811
13919 1 1026310 0.85714287 44.918074971064925
13920 1 869781 0.8082192 38.61730103380978
13921 1 413700 0.8767123 38.12862699851394
13922 1 1410004 0.8428571 47.87231900263578
13923 1 1486177 0.8472222 46.712201088666916
13924 1 1398201 0.8857143 43.616242008283734
13925 1 1075547 0.8684211 38.4869190165773
13926 1 1570307 0.82857144 43.14220091328025
13927 1 650709 0.8507463 47.213248908519745
13928 1 1495910 0.8611111 42.681640945374966
13929 1 1651088 0.8153846 51.39594292268157
13930 1 1648494 0.86567163 49.025187036022544
13931 1 1162201 0.8472222 42.83639695495367
13932 1 1448065 0.80597013 49.49086904525757
13933 1 1056724 0.86764705 44.45392603520304
13934 1 151548 0.890625 45.747378026135266
13935 1 2345881 0.86153847 50.64518691506237
13936 1 1080063 0.84931505 43.797794030979276
13937 1 1468281 0.8 47.32036404311657
13938 1 1138636 0.85714287 44.46562204975635
13939 1 994929 0.8405797 44.215440982952714
13940 1 1466295 0.82608694 51.16569309029728
13941 1 997991 0.8309859 49.131423933431506
13942 1 1857740 0.8125 51.359853008762
13943 1 1666796 0.8051948 44.46393309626728
13944 1 1456859 0.8428571 49.08785701263696
13945 1 1019749 0.80263156 43.18542906548828
13946 1 1314390 0.87142855 42.62293491046876
13947 1 699828 0.8450704 43.55730302631855
13948 1 1020382 0.8208955 50.96874595619738
13949 1 1654218 0.86567163 46.681907027959824
13950 1 1382647 0.84375 49.78238802868873
13951 1 521908 0.880597 42.41803800687194
13952 1 820435 0.82051283 39.00563402567059
13953 1 1119669 0.8028169 48.935013939626515
13954 1 1194606 0.82191783 47.447982942685485
13955 1 1627521 0.8513514 45.08594598155469
13956 1 1066279 0.84 41.908462066203356
13957 1 695062 0.880597 47.39685100503266
13958 1 1118729 0.87323946 42.75740799494088
13959 1 1177297 0.8358209 52.25006595719606
13960 1 1493734 0.8309859 47.04707604832947
13961 1 1184389 0.86567163 52.11872898507863
13962 1 1814864 0.8857143 47.12271201424301
13963 1 1039252 0.89041096 51.42195394728333
13964 1 1457030 0.8857143 51.652259076945484
13965 1 1631962 0.8030303 51.64333595894277
13966 1 394469 0.8142857 51.708229002542794
13967 1 1115396 0.8513514 42.087135021574795
13968 1 151548 0.8769231 47.36077901907265
13969 1 1000955 0.8 50.260844989679754
13970 1 990711 0.80263156 42.0248459558934
13971 1 1984582 0.8484849 48.65096299909055
13972 1 1790201 0.80597013 50.22015795111656
13973 1 128421 0.8783784 39.58123701158911
13974 1 712980 0.85714287 43.908382998779416
13975 1 853842 0.8088235 52.70619899965823
13976 1 983313 0.8769231 55.229463963769376
13977 1 564783 0.85294116 50.56679900735617
13978 1 1165899 0.84126985 50.915507948957384
13979 1 1126354 0.84615386 52.11583094205707
13980 1 1201165 0.8115942 48.36326802615076
13981 1 869781 0.8028169 47.91870608460158
13982 1 1068412 0.8028169 52.653674967586994
13983 1 1447804 0.8450704 51.04348505847156
13984 1 1570430 0.86764705 49.49413693975657
13985 1 1422340 0.8208955 51.89726990647614
13986 1 1283643 0.82608694 51.34765396360308
13987 1 1802788 0.8030303 51.20464903302491
13988 1 1566713 0.8108108 44.82982098124921
13989 1 1059943 0.8769231 54.288215935230255
13990 1 1386667 0.8695652 39.30013393983245
13991 1 1021139 0.859375 51.25335603952408
13992 1 1557412 0.8235294 44.011819059960544
13993 1 1406657 0.8428571 43.198363040573895
13994 1 1640736 0.8115942 47.25531698204577
13995 1 1953012 0.86153847 51.737961010076106
13996 1 532088 0.82666665 40.756258997134864
13997 1 1627521 0.8648649 42.685174965299666
13998 1 1984582 0.8923077 46.13301204517484
13999 1 1987727 0.8142857 42.41687001194805
14000 1 75774 0.8028169 45.28475797269493
14001 1 1398612 0.8356164 43.48979389760643
14002 1 1047102 0.8115942 54.418166051618755
14003 1 1193152 0.8787879 47.136949957348406
14004 1 1553216 0.8333333 41.98002791963518
14005 1 1510142 0.8169014 43.28981903381646
14006 1 1084369 0.8 51.7029199982062
14007 1 1017079 0.85915494 47.61330795008689
14008 1 1470194 0.8125 54.89832896273583
14009 1 818314 0.8194444 41.73591604921967
14010 1 457089 0.8208955 47.589606954716146
14011 1 1167571 0.8548387 51.011377945542336
14012 1 1500238 0.85507244 44.842639937996864
14013 1 1110305 0.8028169 45.92597601003945
14014 1 719540 0.8787879 52.11785400751978
14015 1 1624958 0.8235294 48.497820971533656
14016 1 1826772 0.8028169 44.632024015299976
14017 1 1394150 0.8142857 45.883056009188294
14018 1 1532185 0.82666665 38.943359977565706
14019 1 1039176 0.8082192 46.66254704352468
14020 1 1118729 0.87323946 51.51610902976245
14021 1 1436637 0.8695652 49.57131505943835
14022 1 1111077 0.8 60.41235302109271
14023 1 1087573 0.8169014 47.35806200187653
14024 1 1628619 0.8181818 57.454055990092456
14025 1 1254517 0.8125 58.163783978670835
14026 1 1415760 0.884058 43.610839056782424
14027 1 1026310 0.8108108 39.29520188830793
14028 1 1451434 0.8648649 45.19501491449773
14029 1 1504601 0.8125 54.17621904052794
14030 1 1106734 0.85714287 51.59068398643285
14031 1 1558811 0.8507463 54.1526610031724
14032 1 817033 0.8055556 44.07598392572254
14033 1 1151117 0.84 40.676792967133224
14034 1 423058 0.8142857 45.51464004907757
14035 1 1692873 0.84615386 51.54874501749873
14036 1 1293852 0.88235295 49.46332995314151
14037 1 1286333 0.8181818 52.31128504965454
14038 1 990509 0.87142855 49.2404589895159
14039 1 1971868 0.80597013 51.81918595917523
14040 1 1437868 0.8 46.14324402064085
14041 1 719540 0.82857144 47.117403941228986
14042 1 699029 0.86764705 45.12376198545098
14043 1 1520039 0.83076924 51.86341004446149
14044 1 920061 0.86764705 47.78841603547335
14045 1 1171151 0.8405797 43.8360869884491
14046 1 1841512 0.8082192 40.96287104766816
14047 1 1558290 0.8181818 49.84365403652191
14048 1 1173922 0.8142857 48.91420900821686
14049 1 1652931 0.8208955 51.91578599624336
14050 1 1622359 0.8405797 46.66367103345692
14051 1 820544 0.8405797 46.70626390725374
14052 1 1795805 0.8382353 50.4083139821887
14053 1 1421769 0.8208955 48.88017999473959
14054 1 1488472 0.8030303 56.02781206835061
14055 1 869978 0.8095238 51.349204033613205
14056 1 2472786 0.86567163 49.35924301389605
14057 1 1132795 0.82608694 50.88354798499495
14058 1 1464956 0.8636364 48.967852955684066
14059 1 1792652 0.80597013 49.75947202183306
14060 1 1566990 0.8939394 49.39136595930904
14061 1 1201743 0.8169014 47.67544101923704
14062 1 1116538 0.84615386 49.351623049005866
14063 1 1403962 0.880597 46.50527099147439
14064 1 1133668 0.8695652 46.68837308418006
14065 1 719760 0.86764705 44.96442503295839
14066 1 470606 0.8309859 48.38336003012955
14067 1 1914522 0.89855075 44.10637798719108
14068 1 382264 0.89855075 44.48587808292359
14069 1 1261494 0.84615386 51.27231392543763
14070 1 1438930 0.8648649 38.73507003299892
14071 1 1342065 0.8873239 40.04121292382479
14072 1 1799094 0.8636364 51.263811998069286
14073 1 1533153 0.86567163 49.05481403693557
14074 1 1518278 0.890625 46.86987295281142
14075 1 1684119 0.8548387 50.57766102254391
14076 1 1630337 0.8153846 47.52623394597322
14077 1 428216 0.84615386 51.00345506798476
14078 1 1147344 0.89041096 40.650888928212225
14079 1 1076024 0.82666665 45.94562901183963
14080 1 1954053 0.8636364 50.35740800667554
14081 1 1175658 0.85507244 47.140951035544276
14082 1 1611876 0.82191783 45.641004922799766
14083 1 1444448 0.8888889 40.316694998182356
14084 1 1808737 0.8082192 43.67568902671337
14085 1 1043291 0.8450704 42.819249094463885
14086 1 1428059 0.8375 39.303782978095114
14087 1 1493175 0.8611111 43.14406996127218
14088 1 699906 0.82608694 43.933994020335376
14089 1 1953562 0.8507463 47.154539031907916
14090 1 1525526 0.86764705 47.46581695508212
14091 1 1455536 0.8181818 41.990887955762446
14092 1 1845306 0.80597013 53.33333800081164
14093 1 1468281 0.8484849 51.654929062351584
14094 1 1039509 0.8082192 44.245562981814146
14095 1 992844 0.85507244 51.90240393858403
14096 1 1444886 0.8382353 52.10170696955174
14097 1 1425262 0.87323946 39.284830912947655
14098 1 1889951 0.8309859 44.43717701360583
14099 1 1058280 0.84615386 53.31083806231618
14100 1 1132949 0.80597013 55.92335504479706
14101 1 1201715 0.85294116 50.03974004648626
14102 1 1797354 0.8405797 49.15788001380861
14103 1 1038773 0.87323946 41.480781976133585
14104 1 1109603 0.8767123 40.85516999475658
14105 1 1968741 0.8405797 48.79030596930534
14106 1 1481129 0.8115942 47.27348708547652
14107 1 1206075 0.8507463 46.65656795259565
14108 1 1319533 0.8125 53.09573491103947
14109 1 994943 0.8769231 51.75054399296641
14110 1 1791289 0.8507463 47.43902001064271
14111 1 1310061 0.88235295 49.590070033445954
14112 1 1639328 0.8378378 38.99876098148525
14113 1 1030447 0.8484849 50.65431899856776
14114 1 1519452 0.8767123 39.32979702949524
14115 1 1497982 0.87142855 44.951402000151575
14116 1 1040404 0.85294116 51.03916605003178
14117 1 1680555 0.8428571 45.74965499341488
14118 1 487649 0.85294116 48.73932304326445
14119 1 1635404 0.82539684 49.21899107284844
14120 1 1504335 0.8378378 38.96843397524208
14121 1 1148375 0.8082192 44.73106807563454
14122 1 1607279 0.85294116 47.27039788849652
14123 1 1173890 0.8030303 51.439147093333304
14124 1 1521373 0.86567163 47.01919690705836
14125 1 1624958 0.8450704 39.329365943558514
14126 1 1162063 0.8787879 46.77282995544374
14127 1 1974701 0.8428571 46.10152100212872
14128 1 1029771 0.8051948 40.42294796090573
14129 1 1053290 0.8695652 46.723645995371044
14130 1 1665487 0.8382353 47.47880494687706
14131 1 1247323 0.86153847 56.80551705881953
14132 1 999058 0.8333333 46.654255012981594
14133 1 1046565 0.81333333 46.09634599182755
14134 1 979278 0.8382353 55.94852997455746
14135 1 624876 0.8382353 57.186666992492974
14136 1 1413692 0.8076923 42.416590033099055
14137 1 407191 0.8235294 41.219388018362224
14138 1 1272696 0.8857143 46.76518705673516
14139 1 1526655 0.86153847 59.146408922970295
14140 1 1406605 0.8208955 57.799629983492196
14141 1 1671474 0.8513514 47.08798497449607
14142 1 1627719 0.8333333 48.28141408506781
14143 1 1575216 0.8356164 39.52049708459526
14144 1 1562306 0.8636364 52.07088403403759
14145 1 1319075 0.8507463 51.94108001887798
14146 1 2345380 0.8142857 48.733534989878535
14147 1 1082918 0.884058 42.18926001340151
14148 1 1059862 0.859375 50.46904704067856
14149 1 1609374 0.8153846 52.22438310738653
14150 1 1027944 0.80597013 50.326618016697466
14151 1 1131272 0.828125 54.31223299819976
14152 1 1080118 0.8 38.928219000808895
14153 1 1107218 0.8333333 42.77360695414245
14154 1 1051384 0.82857144 42.63283999171108
14155 1 1449627 0.8333333 44.09728501923382
14156 1 1830092 0.8115942 45.12649599928409
14157 1 1004292 0.8405797 48.42728900257498
14158 1 1488481 0.82857144 44.92370295338333
14159 1 1027371 0.8611111 44.49221002869308
14160 1 713695 0.8 47.85227298270911
14161 1 1943211 0.8082192 38.579586893320084
14162 1 1176585 0.86153847 53.82277397438884
14163 1 1851469 0.8769231 53.73216699808836
14164 1 1501594 0.8701299 33.72947208117694
14165 1 1894349 0.8717949 31.38810396194458
14166 1 1401642 0.8918919 31.97782998904586
14167 1 1491069 0.8 25.65386099740863
14168 1 1119090 0.86585367 25.518445996567607
14169 1 1333014 0.8 36.46021196618676
14170 1 1318864 0.82666665 36.250522010959685
14171 1 1120374 0.83950615 34.43341399542987
14172 1 1223617 0.8717949 31.880537047982216
14173 1 1664503 0.82666665 38.13467500731349
14174 1 1410266 0.8333333 36.35637101251632
14175 1 1461106 0.8051948 36.60785197280347
14176 1 1731224 0.82894737 36.598543054424226
14177 1 1273955 0.85897434 31.51152201462537
14178 1 1075596 0.8101266 32.11593406740576
14179 1 1069457 0.8101266 34.67737894970924
14180 1 67744 0.86585367 29.65997508727014
14181 1 1061068 0.8 29.283598996698856
14182 1 1182234 0.825 30.53954301867634
14183 1 1365575 0.8607595 29.80617992579937
14184 1 1009656 0.80263156 34.35658407397568
14185 1 1623239 0.8 36.94381401874125
14186 1 1099297 0.8783784 35.745418979786336
14187 1 1069801 0.8095238 27.638258994556963
14188 1 1028781 0.85 27.771028107963502
14189 1 1122439 0.8214286 30.65180394332856
14190 1 1090760 0.8243243 38.46682806033641
14191 1 1292907 0.8313253 32.3622040450573
14192 1 175445 0.825 32.11513604037464
14193 1 1191579 0.8125 32.06468001008034
14194 1 1492387 0.8375 33.69253792334348
14195 1 1521697 0.8831169 33.82053610403091
14196 1 1213851 0.8076923 34.502647002227604
14197 1 1342007 0.8433735 32.40885795094073
14198 1 77974 0.8148148 33.7802009889856
14199 1 1408448 0.8831169 37.44690294843167
14200 1 1188764 0.8292683 30.079305986873806
14201 1 1073903 0.8333333 36.41068306751549
14202 1 938694 0.83908045 23.92042300198227
14203 1 1160418 0.8227848 35.13004304841161
14204 1 1061068 0.8101266 27.96227391809225
14205 1 837249 0.84210527 37.67230501398444
14206 1 1470744 0.8815789 38.735502981580794
14207 1 1086388 0.85897434 35.95682396553457
14208 1 67744 0.86585367 27.947505004704
14209 1 1580922 0.8108108 34.632637980394065
14210 1 1669678 0.8148148 36.87770396936685
14211 1 1186478 0.84 35.96838598605245
14212 1 1060723 0.80246913 34.88762001506984
14213 1 1057798 0.8552632 33.726623049005866
14214 1 1487771 0.81333333 39.43784395232797
14215 1 1038773 0.875 36.40756011009216
14216 1 1410266 0.8831169 34.843001049011946
14217 1 1109603 0.8918919 37.17647702433169
14218 1 1015613 0.81707317 40.11972900480032
14219 1 247368 0.8666667 38.39485801290721
14220 1 858120 0.8607595 28.47153600305319
14221 1 1268403 0.8815789 34.27392500452697
14222 1 1015613 0.8902439 29.94167699944228
14223 1 999929 0.8235294 27.53244701307267
14224 1 1521145 0.8 33.752525923773646
14225 1 533333 0.84 31.673413002863526
14226 1 1501594 0.8271605 25.57635901030153
14227 1 836289 0.89411765 23.191048065200448
14228 1 1973912 0.80246913 36.317063961178064
14229 1 1006283 0.8684211 34.120858064852655
14230 1 1138830 0.8684211 32.482851995155215
14231 1 1646346 0.8974359 33.77549594733864
14232 1 1501594 0.8701299 33.417092054151
14233 1 999929 0.86585367 28.79579004365951
14234 1 1154449 0.82894737 35.0390300154686
14235 1 543642 0.8765432 28.55421998538077
14236 1 1096966 0.886076 33.83279894478619
14237 1 788461 0.8552632 35.21900693885982
14238 1 1571037 0.85333335 34.9450979847461
14239 1 1685835 0.8076923 32.6722509926185
14240 1 1334634 0.86419755 30.415893997997046
14241 1 790753 0.8433735 29.67214898671955
14242 1 1440898 0.8235294 25.03360400442034
14243 1 981129 0.8148148 35.444456967525184
14244 1 1484812 0.8375 30.19740607123822
14245 1 265052 0.825 30.074066016823053
14246 1 1947766 0.84 36.17341793142259
14247 1 1310061 0.82666665 38.71572599746287
14248 1 1714411 0.8518519 31.66976000647992
14249 1 1191367 0.875 35.518557066097856
14250 1 999929 0.8235294 27.64191501773894
14251 1 905909 0.85714287 29.161103069782257
14252 1 67744 0.86585367 28.623181045986712
14253 1 1144480 0.8333333 33.885215991176665
14254 1 1971101 0.8 35.01825802959502
14255 1 2472147 0.8918919 35.0177699001506
14256 1 1185679 0.84615386 31.814248068258166
14257 1 265052 0.825 32.52900904044509
14258 1 1707698 0.85333335 38.00616494845599
14259 1 1512930 0.8076923 33.64971897099167
14260 1 1057481 0.86904764 25.29912395402789
14261 1 381043 0.825 34.508317010477185
14262 1 1072695 0.8414634 27.496666996739805
14263 1 1611671 0.8 31.772837042808533
14264 1 1178306 0.88 31.561076059006155
14265 1 1073903 0.8101266 36.88855597283691
14266 1 1984582 0.8055556 37.242781021632254
14267 1 1501535 0.8045977 25.37758310791105
14268 1 1087335 0.8933333 33.15654897596687
14269 1 1253839 0.81333333 32.84592810086906
14270 1 1593666 0.81578946 38.03921106737107
14271 1 1042415 0.87341774 27.574887964874506
14272 1 1638413 0.875 31.839090981520712
14273 1 957457 0.8875 27.598580927588046
14274 1 1121433 0.875 29.833152890205383
14275 1 826222 0.83908045 24.06370104290545
14276 1 1406709 0.8255814 25.672583957202733
14277 1 1189392 0.8 34.40434602089226
14278 1 1445877 0.8227848 35.734475939534605
14279 1 1984812 0.8815789 33.894384978339076
14280 1 1622943 0.825 32.500087982043624
14281 1 1102899 0.8181818 32.006886904127896
14282 1 1558621 0.80246913 29.781049001030624
14283 1 1031501 0.8352941 23.742027929984033
14284 1 1189894 0.8271605 31.971323071047664
14285 1 1415695 0.8095238 29.307370074093342
14286 1 868851 0.8148148 33.83104398380965
14287 1 1109603 0.8918919 34.19116302393377
14288 1 1493190 0.8378378 36.30097093991935
14289 1 1949294 0.8902439 25.34695202484727
14290 1 1185505 0.835443 34.10905401688069
14291 1 2000221 0.8227848 32.23858796991408
14292 1 1445304 0.83950615 31.645589042454958
14293 1 981129 0.8148148 34.555033897049725
14294 1 1317324 0.85 34.37589795794338
14295 1 1303206 0.8375 33.500356948934495
14296 1 1662974 0.82051283 37.06628701183945
14297 1 938694 0.8023256 33.13341294415295
14298 1 1069567 0.8947368 33.539923024363816
14299 1 1894349 0.8717949 31.443575979210436
14300 1 1130719 0.82051283 32.26076997816563
14301 1 1951461 0.84810126 31.674814992584288
14302 1 679943 0.84210527 36.599995917640626
14303 1 1092019 0.8148148 31.537470989860594
14304 1 1627521 0.8701299 34.120057011023164
14305 1 618155 0.84615386 33.510294975712895
14306 1 1110544 0.80246913 33.94133399706334
14307 1 981129 0.8313253 27.735353098250926
14308 1 1455335 0.80487806 32.09485998377204
14309 1 1219745 0.84415585 33.817272051237524
14310 1 1286812 0.8684211 34.0610850835219
14311 1 1978500 0.8684211 34.61813798639923
14312 1 1365575 0.8947368 35.24167602881789
14313 1 667872 0.80246913 32.286505098454654
14314 1 1163968 0.8192771 28.050663066096604
14315 1 1407859 0.825 34.46515207178891
14316 1 1015613 0.81395346 26.32232999894768
14317 1 1970471 0.8933333 33.46732398495078
14318 1 1102899 0.82894737 34.44292605854571
14319 1 1566677 0.8095238 32.24719304125756
14320 1 987103 0.8915663 29.629874974489212
14321 1 1053680 0.82051283 35.79409408848733
14322 1 679943 0.84210527 34.996284055523574
14323 1 1594566 0.88 36.274021957069635
14324 1 878723 0.8181818 24.573658942244947
14325 1 1073903 0.8125 31.856767018325627
14326 1 1641693 0.82666665 33.792925998568535
14327 1 1438219 0.8356164 39.271062007173896
14328 1 826645 0.8076923 37.08984504919499
14329 1 999929 0.85365856 31.13903710618615
14330 1 1406709 0.8255814 25.152974063530564
14331 1 1088920 0.8 35.279460018500686
14332 1 1292907 0.8023256 28.16687908489257
14333 1 1623239 0.8 38.665897911414504
14334 1 1014127 0.81578946 32.40189095959067
14335 1 67744 0.85542166 25.687505025416613
14336 1 1401642 0.8918919 31.36845992412418
14337 1 247368 0.8666667 36.27263498492539
14338 1 240002 0.835443 35.379667999222875
14339 1 991944 0.8292683 26.48361399769783
14340 1 1501594 0.8271605 27.44431991595775
14341 1 533333 0.84 31.522994046099484
14342 1 1031468 0.8433735 31.904781935736537
14343 1 1154446 0.8095238 30.225740047171712
14344 1 1470744 0.8815789 35.915606073103845
14345 1 679943 0.8181818 34.043824998661876
14346 1 1573051 0.8181818 37.12167404592037
14347 1 667872 0.80246913 34.1550299199298
14348 1 1520662 0.86419755 28.97652401588857
14349 1 1334634 0.86419755 30.40032205171883
14350 1 1523000 0.8227848 29.638095991685987
14351 1 1134570 0.8666667 33.84841501247138
14352 1 1273955 0.8815789 35.7468300499022
14353 1 1646346 0.8974359 31.269714003428817
14354 1 1611671 0.8 34.73211394157261
14355 1 1178409 0.8101266 36.810306017287076
14356 1 1293032 0.8414634 27.474999078549445
14357 1 1129833 0.8 33.904770971275866
14358 1 1174486 0.8875 27.651589014567435
14359 1 1492895 0.8 34.49059301055968
14360 1 1288402 0.8625 31.85970801860094
14361 1 863466 0.8076923 33.946217969059944
14362 1 704348 0.8125 32.106240978464484
14363 1 1984812 0.8815789 34.032896044664085
14364 1 1191776 0.81707317 40.340233012102544
14365 1 1567538 0.80263156 36.50023101363331
14366 1 1163968 0.8292683 30.279105994850397
14367 1 1803449 0.84 36.078665987588465
14368 1 1146291 0.85333335 34.35241896659136
14369 1 1492905 0.83908045 23.802064009942114
14370 1 1572253 0.84 34.48482509702444
14371 1 1470744 0.8701299 33.66939804982394
14372 1 1493174 0.835443 29.9691220279783
14373 1 1273955 0.85897434 33.33626198582351
14374 1 704348 0.85897434 33.09712710324675
14375 1 1365575 0.8607595 30.27734998613596
14376 1 811200 0.81609195 23.81977904587984
14377 1 1646346 0.8974359 31.428436981514096
14378 1 1156956 0.8 37.08940790966153
14379 1 863466 0.82051283 31.949599971994758
14380 1 1646346 0.8974359 31.317899003624916
14381 1 1018058 0.886076 29.86427501309663
14382 1 2041608 0.8783784 39.56139995716512
14383 1 1072695 0.8148148 33.37056597229093
14384 1 1177541 0.84810126 33.64614793099463
14385 1 1100710 0.8148148 31.922054942697287
14386 1 1501594 0.8701299 31.71386895701289
14387 1 1973912 0.8072289 29.624855029396713
14388 1 1606192 0.8717949 31.835334026254714
14389 1 1698517 0.88 36.038093036040664
14390 1 1288432 0.8875 25.882223970256746
14391 1 1080806 0.8648649 38.854488055221736
14392 1 1288454 0.87341774 35.340001923032105
14393 1 850089 0.8 32.48570195864886
14394 1 1544082 0.8101266 34.16369098704308
14395 1 880396 0.8045977 25.593013036996126
14396 1 1491008 0.8095238 23.77093001268804
14397 1 1626636 0.8181818 33.857889007776976
14398 1 1698517 0.88 36.85671498533338
14399 1 1133486 0.8125 34.48562603443861
14400 1 1006283 0.88 37.85571502521634
14401 1 1558157 0.886076 29.99886206816882
14402 1 1617470 0.8243243 36.85404406860471
14403 1 1406709 0.85714287 23.682322003878653
14404 1 1051527 0.825 34.11102504469454
14405 1 67744 0.86585367 27.95605908613652
14406 1 1040370 0.84705883 27.797625050880015
14407 1 826645 0.8076923 34.503650036640465
14408 1 1072238 0.81707317 30.722148017957807
14409 1 1082332 0.88461536 33.300484996289015
14410 1 1395519 0.84615386 35.13164503965527
14411 1 1566712 0.8 32.504194998182356
14412 1 987085 0.8947368 36.27517004497349
14413 1 1627521 0.8 33.39474508538842
14414 1 1640321 0.8684211 37.64883102849126
14415 1 1519095 0.8815789 34.86489807255566
14416 1 1133668 0.80263156 34.98814802151173
14417 1 1653928 0.8333333 38.87342591769993
14418 1 1004554 0.8108108 35.570811945945024
14419 1 1610758 0.8815789 34.105167957022786
14420 1 2037883 0.8888889 27.920118998736143
14421 1 1189392 0.8 33.9148030616343
14422 1 1447738 0.82051283 39.28082005586475
14423 1 2000221 0.8815789 36.613689037039876
14424 1 1191367 0.8235294 26.07320691458881
14425 1 938694 0.8181818 25.887975934892893
14426 1 1697691 0.8352941 25.247777928598225
14427 1 1997078 0.84444445 25.11795295868069
14428 1 1522998 0.80246913 33.88114902190864
14429 1 1436168 0.84415585 33.56244193855673
14430 1 1086388 0.85 31.593161984346807
14431 1 1470744 0.8701299 34.13731895852834
14432 1 1492387 0.8375 34.03377498034388
14433 1 686529 0.82051283 35.746388020925224
14434 1 1154446 0.8045977 26.5321449842304
14435 1 1085245 0.8552632 36.54610400553793
14436 1 1461363 0.84615386 32.184466952458024
14437 1 1571037 0.85333335 34.114002948626876
14438 1 1365575 0.8947368 35.18371400423348
14439 1 1072238 0.87341774 27.38331607542932
14440 1 1043213 0.8 34.08237104304135
14441 1 1976286 0.8831169 31.464038998819888
14442 1 1439660 0.80246913 34.7575219348073
14443 1 1517572 0.8815789 35.95401195343584
14444 1 1668055 0.89041096 37.104945979081094
14445 1 1566712 0.84615386 32.19572105444968
14446 1 1572367 0.886076 33.645400893874466
14447 1 1973875 0.8815789 33.414441044442356
14448 1 1571037 0.84210527 31.525052967481315
14449 1 1177541 0.88461536 31.527976039797068
14450 1 1088896 0.8313253 25.744919083081186
14451 1 2123915 0.8023256 27.00746397022158
14452 1 1668055 0.89041096 38.991076056845486
14453 1 1976286 0.8831169 33.01626699976623
14454 1 1061862 0.8108108 36.73550300300121
14455 1 1249397 0.8352941 27.846172102726996
14456 1 1997078 0.84444445 23.706827079877257
14457 1 2095822 0.8227848 31.784601043909788
14458 1 1579415 0.82666665 36.328883026726544
14459 1 1523000 0.80246913 27.991848066449165
14460 1 1219745 0.84415585 34.14171899203211
14461 1 1061068 0.8101266 29.205971979536116
14462 1 1007115 0.8961039 35.367271048016846
14463 1 829282 0.8192771 32.70594694186002
14464 1 1900758 0.80263156 36.46384191233665
14465 1 1623239 0.87341774 30.01216403208673
14466 1 1273955 0.85897434 31.473855022341013
14467 1 169931 0.82894737 38.05049601942301
14468 1 1288454 0.83950615 31.575904926285148
14469 1 894441 0.8108108 36.934820003807545
14470 1 1108200 0.88 38.07219595182687
14471 1 398287 0.8192771 26.51588700246066
14472 1 790753 0.8 28.218711959198117
14473 1 679943 0.84210527 35.526268067769706
14474 1 1501594 0.8271605 27.64686697628349
14475 1 1085632 0.81707317 32.96071500517428
14476 1 1429519 0.80246913 32.395999995060265
14477 1 1092319 0.84615386 31.902602990157902
14478 1 1439660 0.80246913 35.98477097693831
14479 1 237217 0.8 27.16052602045238
14480 1 1292907 0.8313253 33.02137099672109
14481 1 1428059 0.8214286 27.52653299830854
14482 1 1073693 0.8375 29.57275800872594
14483 1 993226 0.88095236 27.712190989404917
14484 1 1800335 0.8076923 31.922077061608434
14485 1 1640321 0.8684211 36.03787592146546
14486 1 1521546 0.8125 27.609986951574683
14487 1 1486310 0.84210527 39.12230103742331
14488 1 1012130 0.81578946 38.85184496175498
14489 1 909662 0.8 28.822961961850524
14490 1 1467735 0.8148148 27.899662032723427
14491 1 894441 0.8108108 34.48200901038945
14492 1 1137368 0.85714287 34.17296602856368
14493 1 1973875 0.8815789 34.05824291985482
14494 1 1668055 0.82051283 29.635746031999588
14495 1 1110544 0.8765432 27.072972035966814
14496 1 1185679 0.84615386 34.55610806122422
14497 1 1219745 0.8684211 35.6374989496544
14498 1 1244147 0.80263156 35.816402989439666
14499 1 821172 0.89873415 28.4675438888371
14500 1 843514 0.8433735 24.609384941868484
14501 1 1491069 0.8 26.65920404251665
14502 1 1529663 0.8875 30.59272200334817
14503 1 1093373 0.83116883 35.57703597471118
14504 1 814683 0.83116883 36.17719700559974
14505 1 74199 0.886076 31.82046301662922
14506 1 1003458 0.8378378 37.7013940596953
14507 1 1573267 0.8765432 25.829308084212244
14508 1 22259 0.80487806 32.28888497687876
14509 1 1273955 0.8815789 36.30022099241614
14510 1 1974076 0.8076923 32.28107909671962
14511 1 1434419 0.8 33.941049012355506
14512 1 1266812 0.80487806 32.10728906560689
14513 1 850089 0.875 24.453982012346387
14514 1 1489483 0.81333333 36.99053288437426
14515 1 67744 0.86585367 29.01886496692896
14516 1 1342007 0.8433735 31.000118935480714
14517 1 1840356 0.8227848 34.08351098187268
14518 1 1429519 0.80487806 29.89127894397825
14519 1 1521145 0.8 31.929022981785238
14520 1 1288432 0.8701299 34.214138984680176
14521 1 1970471 0.8933333 33.43509801197797
14522 1 1317024 0.85333335 32.34734490979463
14523 1 1493174 0.8227848 34.05715897679329
14524 1 1156956 0.8 38.27086801175028
14525 1 679943 0.84210527 33.831318956799805
14526 1 1072695 0.8271605 32.02484594658017
14527 1 1492387 0.84810126 36.115103983320296
14528 1 1092699 0.8888889 35.652342019602656
14529 1 1080806 0.8648649 35.802999045699835
14530 1 247368 0.8333333 32.077744021080434
14531 1 1008117 0.88461536 34.45899300277233
14532 1 280868 0.86585367 29.8428270034492
14533 1 990509 0.85714287 32.37260598689318
14534 1 1410266 0.8831169 32.03507896978408
14535 1 1594566 0.88 36.45076300017536
14536 1 1515085 0.84615386 33.605374046601355
14537 1 280868 0.86585367 27.628679992631078
14538 1 491012 0.8 34.3264399562031
14539 1 1179555 0.8701299 31.88580903224647
14540 1 1067514 0.85542166 29.0350349387154
14541 1 1614851 0.8356164 38.323553977534175
14542 1 1228139 0.8125 36.7883489234373
14543 1 67744 0.86585367 27.90883299894631
14544 1 1251492 0.82894737 34.09427998121828
14545 1 704348 0.85714287 36.314051947556436
14546 1 995534 0.8518519 23.67714198771864
14547 1 1134296 0.8227848 34.055175026878715
14548 1 982465 0.8076923 34.39942700788379
14549 1 1415695 0.8518519 31.786713050678372
14550 1 1075997 0.82666665 35.779769998043776
14551 1 1573380 0.8378378 36.95265203714371
14552 1 686529 0.82051283 34.36004393734038
14553 1 1594566 0.88 35.80387309193611
14554 1 704348 0.8192771 24.082518997602165
14555 1 1200224 0.84 36.89989692065865
14556 1 1161344 0.8767123 38.058583973906934
14557 1 1251304 0.8101266 35.66118504386395
14558 1 1440673 0.85227275 26.341655058786273
14559 1 1462290 0.82666665 34.81384401675314
14560 1 67744 0.86585367 27.70882600452751
14561 1 247368 0.8666667 36.189571022987366
14562 1 1501594 0.8271605 25.496495072729886
14563 1 1072238 0.80246913 33.269103965722024
14564 1 995534 0.85897434 31.53901407495141
14565 1 981129 0.8148148 37.45917999185622
14566 1 1054125 0.85 34.429176012054086
14567 1 686529 0.82051283 36.693484988063574
14568 1 1119090 0.8414634 30.584743013605475
14569 1 938694 0.82954544 25.715550989843905
14570 1 1016744 0.8227848 34.69298896379769
14571 1 1257453 0.8243243 39.760212996043265
14572 1 1043213 0.8227848 36.77296498790383
14573 1 1501594 0.85897434 30.62013501767069
14574 1 1442264 0.8313253 29.58820399362594
14575 1 1455108 0.8780488 26.802376960404217
14576 1 1410477 0.8947368 32.373483991250396
14577 1 1110544 0.8765432 25.991045986302197
14578 1 1187076 0.8 34.10673304460943
14579 1 1440898 0.8235294 23.64395302720368
14580 1 1028781 0.886076 27.287115924991667
14581 1 952719 0.80487806 34.05065799597651
14582 1 1639182 0.84415585 36.10868297982961
14583 1 995570 0.8095238 28.081076103262603
14584 1 1518626 0.8214286 36.693494068458676
14585 1 1997078 0.84444445 24.972419952973723
14586 1 1453412 0.88 34.19391508214176
14587 1 1177541 0.84810126 35.19136400427669
14588 1 1453131 0.8961039 32.55742404144257
14589 1 667872 0.8961039 31.969259958714247
14590 1 1762547 0.8045977 25.259244022890925
14591 1 1016912 0.81395346 25.210378924384713
14592 1 1628433 0.80263156 37.52100991550833
14593 1 1077704 0.8192771 28.512886026874185
14594 1 1455335 0.80487806 33.7514280108735
14595 1 1607675 0.88 34.56446097698063
14596 1 280868 0.86585367 28.17618497647345
14597 1 1169972 0.83116883 32.900132006034255
14598 1 1542092 0.8552632 36.56658006366342
14599 1 821172 0.8875 29.34547804761678
14600 1 1288432 0.8 35.84324789699167
14601 1 1492905 0.8181818 24.62540997657925
14602 1 1016744 0.8227848 36.00778698455542
14603 1 790753 0.8352941 25.91441397089511
14604 1 1833170 0.80898875 26.20432199910283
14605 1 1976286 0.8831169 33.1626069964841
14606 1 1028781 0.825 32.870408962480724
14607 1 209042 0.85714287 32.263863016851246
14608 1 1016912 0.8045977 23.911396972835064
14609 1 1185486 0.84810126 31.665474991314113
14610 1 1542092 0.8552632 34.50644901022315
14611 1 704348 0.85714287 39.93355401325971
14612 1 1467735 0.825 31.395794008858502
14613 1 1698517 0.88 37.08995704073459
14614 1 1521546 0.84810126 27.54549204837531
14615 1 679943 0.8181818 33.96551194600761
14616 1 1471236 0.8076923 33.98349601775408
14617 1 1124851 0.80246913 34.51444604434073
14618 1 1015075 0.8313253 29.81723693665117
14619 1 1109603 0.8918919 34.4383759656921
14620 1 827074 0.85882354 25.200598989613354
14621 1 1484812 0.8375 31.128625967539847
14622 1 1675744 0.825 37.38115192390978
14623 1 1188764 0.8192771 27.89335697889328
14624 1 856290 0.8 23.882898967713118
14625 1 1018058 0.886076 29.536308953538537
14626 1 1287015 0.81578946 36.085672094486654
14627 1 667872 0.835443 34.16656202170998
14628 1 1043385 0.8 34.53248902224004
14629 1 1334634 0.8375 38.61270798370242
14630 1 1622943 0.825 33.24056207202375
14631 1 1348072 0.8947368 33.42150594107807
14632 1 67744 0.86585367 27.983465930446982
14633 1 789632 0.8 36.41350090038031
14634 1 1267771 0.82666665 33.99798704776913
14635 1 1416053 0.8125 31.780678080394864
14636 1 1627521 0.8815789 35.24836106225848
14637 1 1410266 0.8831169 34.25080899614841
14638 1 1094963 0.8 27.36097399611026
14639 1 1112905 0.81707317 30.197896994650364
14640 1 1558621 0.80246913 29.58286297507584
14641 1 1831885 0.8918919 36.107485997490585
14642 1 909662 0.8 29.34371097944677
14643 1 1558621 0.80246913 29.63887096848339
14644 1 1072238 0.80246913 31.90828103106469
14645 1 1580922 0.82191783 37.999413907527924
14646 1 1984812 0.8815789 35.884479992091656
14647 1 868851 0.8148148 33.46689301542938
14648 1 1512930 0.84 37.795196985825896
14649 1 1121433 0.8961039 37.699701031669974
14650 1 266408 0.8552632 37.54191496409476
14651 1 1501594 0.85897434 32.66326291486621
14652 1 864089 0.8625 34.96834705583751
14653 1 1973912 0.80246913 39.127317955717444
14654 1 1116357 0.8607595 30.67458199802786
14655 1 1109795 0.8181818 32.74377703201026
14656 1 868851 0.84615386 36.00381605792791
14657 1 1639459 0.85333335 31.792605062946677
14658 1 1495991 0.8076923 31.798854935914278
14659 1 1146277 0.8375 31.7168670007959
14660 1 1075997 0.82666665 34.3330770265311
14661 1 1181933 0.8352941 23.631524993106723
14662 1 686529 0.82051283 33.79765595309436
14663 1 1395519 0.84615386 36.79311799351126
14664 1 1017805 0.80898875 23.418608005158603
14665 1 820185 0.89411765 20.998669089749455
14666 1 1114782 0.82222223 22.82698906492442
14667 1 460761 0.8791209 17.426670994609594
14668 1 999929 0.8068182 21.046490059234202
14669 1 1177038 0.8901099 16.050104051828384
14670 1 827074 0.87058824 22.47278403956443
14671 1 2467496 0.8202247 20.876107970252633
14672 1 1155825 0.80898875 24.17947305366397
14673 1 1048414 0.8043478 20.25679301004857
14674 1 1848451 0.81632656 16.887427074834704
14675 1 1198814 0.8333333 15.946200001053512
14676 1 768928 0.86206895 21.679696044884622
14677 1 709444 0.84782606 16.332779894582927
14678 1 836289 0.8 13.777676969766617
14679 1 14131 0.85393256 19.27846297621727
14680 1 1150426 0.8021978 20.501237944699824
14681 1 16926 0.8061224 14.749077963642776
14682 1 1348072 0.8214286 21.867536008358
14683 1 1560721 0.87058824 18.362930044531822
14684 1 864089 0.81609195 22.370788967236876
14685 1 1672941 0.89411765 21.570358076132834
14686 1 1031468 0.8181818 22.022364079020917
14687 1 1105991 0.85714287 17.220936017110944
14688 1 370562 0.81395346 18.538804026320577
14689 1 895426 0.83505154 13.635521056130528
14690 1 584976 0.83516484 15.924238017760217
14691 1 1183528 0.8426966 21.05283096898347
14692 1 1118388 0.8369565 16.95846696384251
14693 1 987103 0.83146065 21.511506056413054
14694 1 1011827 0.8333333 19.706362974829972
14695 1 713529 0.8 18.067068071104586
14696 1 993226 0.8043478 18.854334019124508
14697 1 999929 0.8068182 20.339497947134078
14698 1 1196778 0.8043478 18.64985201973468
14699 1 836289 0.85393256 18.500901060178876
14700 1 1135095 0.88095236 22.776331985369325
14701 1 1523485 0.88235295 21.547007956542075
14702 1 709444 0.84782606 16.968218027614057
14703 1 1150250 0.81395346 22.01649604830891
14704 1 1573267 0.8452381 22.593743982724845
14705 1 713529 0.8604651 20.338218077085912
14706 1 1023666 0.8863636 18.282333039678633
14707 1 1199697 0.80898875 21.360006066970527
14708 1 717168 0.8 19.782799063250422
14709 1 1428059 0.8068182 21.484132972545922
14710 1 895426 0.83505154 13.661529053933918
14711 1 1191367 0.82954544 18.208569032140076
14712 1 717168 0.8 19.708071020431817
14713 1 1662839 0.85227275 19.349328009411693
14714 1 1196778 0.82222223 22.886096034199
14715 1 882353 0.82222223 21.834317012690008
14716 1 1041615 0.84210527 15.831789001822472
14717 1 717168 0.8 19.48229898698628
14718 1 840337 0.85555553 19.282749039120972
14719 1 1041615 0.85106385 17.326658009551466
14720 1 821172 0.8452381 24.111274047754705
14721 1 713529 0.8 17.785780015401542
14722 1 1684793 0.875 20.46731300652027
14723 1 863895 0.8426966 19.17345996480435
14724 1 709444 0.84782606 15.915357042104006
14725 1 14131 0.85393256 18.390525016002357
14726 1 999929 0.8181818 18.504410982131958
14727 1 709444 0.84782606 15.665690996684134
14728 1 999929 0.8181818 18.60847498755902
14729 1 1016772 0.82222223 20.33114491496235
14730 1 1847188 0.82954544 21.957185002975166
14731 1 843428 0.8021978 18.565170001238585
14732 1 1188182 0.8202247 20.130409975536168
14733 1 1492905 0.8 20.214256015606225
14734 1 1348072 0.8214286 22.53955800551921
14735 1 1954924 0.8659794 14.972056029364467
14736 1 768928 0.86206895 21.901307976804674
14737 1 1140128 0.8651685 24.741639965213835
14738 1 768928 0.86206895 21.253676968626678
14739 1 1105991 0.8369565 17.982196994125843
14740 1 1348072 0.8214286 21.8850759556517
14741 1 1183528 0.8021978 18.577349954284728
14742 1 1406709 0.88095236 21.670754998922348
14743 1 2004094 0.8181818 22.620785981416702
14744 1 1847188 0.82954544 22.060074959881604
14745 1 1144258 0.81395346 18.774890922941267
14746 1 1440673 0.89772725 20.19665704574436
14747 1 1105991 0.80851066 15.799307962879539
14748 1 863333 0.88095236 18.920485978014767
14749 1 1105991 0.8863636 21.93321194499731
14750 1 1684055 0.8080808 14.307931065559387
14751 1 709444 0.84782606 16.7755059665069
14752 1 459135 0.875 19.35508695896715
14753 1 882353 0.82222223 21.529926918447018
14754 1 460761 0.8791209 15.787629061378539
14755 1 1006239 0.8021978 18.810417037457228
14756 1 1191367 0.82954544 17.14908389840275
14757 1 821172 0.8352941 20.278780022636056
14758 1 843428 0.8043478 17.220117966644466
14759 1 1684793 0.875 18.38677003979683
14760 1 1143800 0.872093 18.465778906829655
14761 1 1406709 0.88095236 21.750840009190142
14762 1 836289 0.8 13.436983921565115
14763 1 1923496 0.81609195 21.919618011452258
14764 1 1572367 0.83908045 19.59145802538842
14765 1 67744 0.8068182 20.533399074338377
14766 1 843428 0.8 24.071992025710642
14767 1 1954924 0.8659794 14.03418299742043
14768 1 1050822 0.82758623 21.482901996932924
14769 1 1428059 0.81609195 22.350028972141445
14770 1 1672237 0.82608694 20.296646980568767
14771 1 1041615 0.85106385 15.766205033287406
14772 1 821172 0.8235294 22.1708599710837
14773 1 1348072 0.8214286 22.088128956966102
14774 1 1672237 0.82608694 18.71096796821803
14775 1 827074 0.8488372 22.079027956351638
14776 1 1848451 0.81632656 14.564195997081697
14777 1 1105991 0.85714287 18.335756030865014
14778 1 1191367 0.82954544 17.25051400717348
14779 1 1428059 0.8068182 22.110378020443022
14780 1 713529 0.8604651 19.60029301699251
14781 1 584976 0.83516484 16.73420798033476
14782 1 2152981 0.8181818 22.80553395394236
14783 1 1183528 0.82222223 19.178432994522154
14784 1 1155825 0.86206895 20.423155976459384
14785 1 1672237 0.82608694 19.031474948860705
14786 1 938694 0.84090906 21.969759021885693
14787 1 1155825 0.82954544 22.008444997482002
14788 1 993226 0.8369565 16.97849004995078
14789 1 1183528 0.8333333 18.59977701678872
14790 1 1198814 0.83157897 15.56062896270305
14791 1 1848451 0.81632656 14.53882094938308
14792 1 1185060 0.84444445 20.032202010042965
14793 1 1560721 0.87058824 18.605158082209527
14794 1 1848451 0.81632656 16.056619002483785
14795 1 1183528 0.8131868 20.16060601454228
14796 1 1144258 0.8780488 21.078060031868517
14797 1 1094360 0.8068182 21.343306987546384
14798 1 840337 0.8131868 21.109775989316404
14799 1 1406709 0.88095236 22.623379016295075
14800 1 863895 0.8 22.85116200800985
14801 1 460761 0.8791209 16.082009999081492
14802 1 1672237 0.82608694 19.44479695521295
14803 1 1041615 0.814433 13.688586070202291
14804 1 1848451 0.81632656 14.959997963160276
14805 1 1047035 0.81395346 23.00826890859753
14806 1 836289 0.83146065 22.79027597978711
14807 1 1492509 0.84705883 24.580719065852463
14808 1 1190630 0.81395346 23.873466067016125
14809 1 1455108 0.8255814 23.24888703878969
14810 1 2152981 0.8181818 22.61649805586785
14811 1 1000695 0.8426966 22.562855971045792
14812 1 1492509 0.84705883 21.842887974344194
14813 1 2004094 0.8181818 21.952304057776928
14814 1 2279387 0.8764045 18.74112302903086
14815 1 843428 0.8965517 18.652296043001115
14816 1 16926 0.8061224 15.45302092563361
14817 1 821172 0.8452381 23.58309191185981
14818 1 2467496 0.8202247 21.037603029981256
14819 1 1684793 0.875 18.983418005518615
14820 1 993226 0.82222223 20.861502969637513
14821 1 2467496 0.8202247 22.22399099264294
14822 1 826222 0.8333333 19.878522027283907
14823 1 895426 0.83505154 13.857466052286327
14824 1 999321 0.8795181 19.711276050657034
14825 1 836289 0.85393256 20.158534054644406
14826 1 938694 0.84090906 23.615406011231244
14827 1 843428 0.83146065 20.418587024323642
14828 1 1198814 0.81632656 13.25957605149597
14829 1 1409596 0.8235294 20.623728982172906
14830 1 1143800 0.85227275 17.709071980789304
14831 1 709444 0.84782606 15.994756016880274
14832 1 1143800 0.872093 18.692097975872457
14833 1 713529 0.8 18.502393970265985
14834 1 768928 0.86206895 22.500872029922903
14835 1 836289 0.8131868 20.0876509770751
14836 1 709444 0.84782606 17.536827945150435
14837 1 2152981 0.8181818 23.600481916218996
14838 1 827074 0.8604651 20.405179006047547
14839 1 938694 0.84090906 22.69223507028073
14840 1 1492509 0.84705883 22.488488000817597
14841 1 1167045 0.8064516 19.16344603523612
14842 1 1183528 0.8202247 22.817546967417
14843 1 843428 0.84090906 22.407018928788602
14844 1 1183528 0.8202247 22.446749033406377
14845 1 821172 0.8255814 20.626830984838307
14846 1 275461 0.8791209 17.383108963258564
14847 1 14131 0.85393256 20.024723024107516
14848 1 709444 0.84782606 16.70536503661424
14849 1 938694 0.8 23.23123801033944
14850 1 2004094 0.8181818 23.728860076516867
14851 1 1006239 0.8021978 20.243956008926034
14852 1 826222 0.85227275 21.2666520383209
14853 1 1041615 0.8041237 15.757624991238117
14854 1 1406709 0.88095236 23.799508926458657
14855 1 1142235 0.8068182 20.43756900820881
14856 1 1143800 0.89285713 23.044641013257205
14857 1 1142235 0.80898875 18.28390802256763
14858 1 1138458 0.8152174 17.453899956308305
14859 1 1114782 0.8043478 18.925165990367532
14860 1 1013942 0.84042555 15.60298993717879
14861 1 1167045 0.8369565 17.06182095222175
14862 1 1195135 0.8 18.70197895914316
14863 1 1086542 0.8080808 13.8028459623456
14864 1 709444 0.84782606 15.948284068144858
14865 1 1183528 0.8 24.680115981027484
14866 1 277578 0.87777776 18.743029097095132
14867 1 1183528 0.8 23.26139691285789
14868 1 1137367 0.8043478 21.207488956861198
14869 1 1138458 0.8043478 19.089860026724637
14870 1 1329268 0.8202247 20.318328985013068
14871 1 840337 0.8988764 16.048920108005404
14872 1 1198814 0.8020833 17.183949006721377
14873 1 1093245 0.8666667 18.3838929515332
14874 1 836289 0.8172043 15.783359995111823
14875 1 1191367 0.8068182 18.928238074295223
14876 1 713529 0.8604651 18.375113955698907
14877 1 1081603 0.8681319 15.445060096681118
14878 1 1428059 0.81609195 21.901144995354116
14879 1 1086716 0.8131868 18.673185957595706
14880 1 1183528 0.8111111 21.32221800275147
14881 1 1847188 0.82954544 23.91514996998012
14882 1 1183528 0.82222223 19.566349918022752
14883 1 1105991 0.8064516 20.39109100587666
14884 1 990372 0.8131868 20.5788480816409
14885 1 1573267 0.8452381 22.248671972192824
14886 1 1142235 0.8488372 18.483845982700586
14887 1 1041615 0.814433 13.737575034610927
14888 1 768928 0.86206895 21.704624057747424
14889 1 1144258 0.81395346 19.21417796984315
14890 1 963158 0.8020833 17.040592967532575
14891 1 840337 0.85555553 20.026737009175122
14892 1 955133 0.86021507 14.202552032656968
14893 1 1148796 0.87356323 21.70112100429833
14894 1 981218 0.86585367 21.184548968449235
14895 1 1058818 0.80851066 18.8422390492633
14896 1 840337 0.83516484 20.145260961726308
14897 1 836289 0.84444445 19.684414961375296
14898 1 821172 0.8255814 19.59601091220975
14899 1 717168 0.8 19.40147194545716
14900 1 1135095 0.87058824 20.141775021329522
14901 1 1167045 0.8666667 18.47872801590711
14902 1 1170299 0.8863636 19.984639016911387
14903 1 987103 0.8 22.006027051247656
14904 1 1183528 0.8131868 18.6009380267933
14905 1 2467496 0.8202247 21.040507941506803
14906 1 1145325 0.86419755 21.931714960373938
14907 1 67744 0.8068182 19.656657939776778
14908 1 1086542 0.8842105 13.00065394025296
14909 1 1067479 0.80898875 22.247808054089546
14910 1 1105991 0.8369565 19.14382807444781
14911 1 827074 0.8488372 24.5557859307155
14912 1 1649370 0.8426966 21.228613099083304
14913 1 1025579 0.8172043 19.425112986937165
14914 1 1649370 0.8426966 21.44813595805317
14915 1 1779939 0.8863636 23.190077976323664
14916 1 1560721 0.87058824 20.937505061738193
14917 1 1101458 0.8494624 17.650770023465157
14918 1 1006909 0.8229167 19.106107065454125
14919 1 709444 0.84782606 16.898383968509734
14920 1 1560721 0.87058824 20.426865085028112
14921 1 1138458 0.8764045 17.24075200036168
14922 1 2467496 0.8202247 20.52298409398645
14923 1 1329268 0.8202247 20.4221400199458
14924 1 1123652 0.8172043 18.93354090861976
14925 1 827074 0.82758623 24.303833954036236
14926 1 821172 0.81609195 19.375810050405562
14927 1 16926 0.8061224 15.119621995836496
14928 1 1167045 0.8586956 16.55722502619028
14929 1 1848451 0.81632656 14.826203929260373
14930 1 1428059 0.8068182 21.55477204360068
14931 1 1923496 0.81609195 25.01954697072506
14932 1 1058818 0.80851066 18.10725301038474
14933 1 813110 0.8666667 17.614044016227126
14934 1 836289 0.8131868 19.022391992621124
14935 1 1847188 0.82954544 23.003511014394462
14936 1 1142235 0.8068182 18.692631041631103
14937 1 1138458 0.83516484 18.12491996679455
14938 1 1006909 0.8125 16.65007695555687
14939 1 1191367 0.8068182 20.476359990425408
14940 1 1440673 0.89772725 22.900670999661088
14941 1 370562 0.81395346 23.27520796097815
14942 1 1142235 0.80898875 20.952471997588873
14943 1 1105991 0.82417583 23.64427095744759
14944 1 1181933 0.8255814 25.601490982808173
14945 1 1662839 0.85227275 20.80608904361725
14946 1 1023886 0.84090906 24.4167260825634
14947 1 821172 0.8255814 20.35368198994547
14948 1 999321 0.8795181 20.3485619276762
14949 1 836289 0.84444445 20.197325036861002
14950 1 16926 0.8061224 15.969771076925099
14951 1 451737 0.8333333 20.554193994030356
14952 1 836289 0.8131868 22.970966063439846
14953 1 16926 0.8061224 17.458955058827996
14954 1 1155825 0.80898875 26.105346041731536
14955 1 1662839 0.85227275 20.074116066098213
14956 1 1025579 0.8369565 17.76674995198846
14957 1 1041615 0.83157897 16.26046292949468
14958 1 826222 0.85227275 20.40487399790436
14959 1 1198814 0.8125 16.03771699592471
14960 1 1155825 0.82954544 24.77782196365297
14961 1 1181933 0.8255814 25.151284993626177
14962 1 1183528 0.8202247 24.263193015940487
14963 1 2004094 0.8181818 24.244032916612923
14964 1 938694 0.8 26.216160971671343
14965 1 1428059 0.81609195 27.995687909424305
14966 1 836289 0.84782606 16.97837607935071
14967 1 1181933 0.81609195 22.404988994821906
14968 1 275461 0.8791209 16.915880027227104
14969 1 821172 0.8068182 17.732143052853644
14970 1 826222 0.8333333 19.098968943580985
14971 1 1781917 0.8367347 13.560867053456604
14972 1 768928 0.86206895 21.666698041372
14973 1 1155825 0.80898875 21.880871965549886
14974 1 14131 0.85393256 18.379793968051672
14975 1 938694 0.8 21.91476000007242
14976 1 1041615 0.8229167 14.438262907788157
14977 1 993226 0.8021978 20.201105973683298
14978 1 1662839 0.85227275 18.769640009850264
14979 1 1041615 0.84210527 15.862011001445353
14980 1 836289 0.83516484 18.62131105735898
14981 1 1138458 0.82417583 19.97417805250734
14982 1 435486 0.8068182 24.157893960364163
14983 1 1086716 0.8131868 19.24796705134213
14984 1 2467496 0.8202247 20.608770078979433
14985 1 895426 0.83505154 13.18221795372665
14986 1 1183528 0.8 22.95076393056661
14987 1 836289 0.8 14.339813031256199
14988 1 882353 0.82222223 20.33196296542883
14989 1 1492905 0.8 20.5874249804765
14990 1 1684055 0.8080808 13.301624916493893
14991 1 836289 0.83516484 17.26438000332564
14992 1 2467496 0.8202247 20.184643915854394
14993 1 709444 0.84782606 16.146062058396637
14994 1 1954924 0.8659794 13.585998909547925
14995 1 1191367 0.8068182 21.078243968077004
14996 1 1572367 0.83908045 19.92544101085514
14997 1 1329268 0.8202247 21.553895086981356
14998 1 836289 0.8636364 20.803240942768753
14999 1 866868 0.8488372 20.50671400502324
15000 1 1630386 0.8023256 22.159522981382906
15001 1 1016772 0.83146065 21.845004986971617
15002 1 1923496 0.81609195 21.960598067380488
15003 1 1134637 0.814433 15.730426996015012
15004 1 1440673 0.89772725 19.756793975830078
15005 1 1847188 0.82954544 21.752104978077114
15006 1 987103 0.8426966 18.473080941475928
15007 1 1684793 0.875 18.362268921919167
15008 1 963158 0.8020833 16.63393306080252
15009 1 955133 0.86021507 13.534841942600906
15010 1 826222 0.85227275 21.675338968634605
15011 1 863895 0.8 23.781638010405004
15012 1 1409596 0.8235294 21.18932595476508
15013 1 1198814 0.83157897 16.547356033697724
15014 1 1009381 0.8 20.535071031190455
15015 1 938694 0.84090906 21.75152802374214
15016 1 833111 0.84375 13.254447025246918
15017 1 1191367 0.82954544 17.081046011298895
15018 1 1025579 0.8172043 17.13766809552908
15019 1 1447199 0.80898875 22.040728013962507
15020 1 2467496 0.8202247 20.24628291837871
15021 1 1847188 0.82954544 22.072756895795465
15022 1 836289 0.84444445 18.96238001063466
15023 1 1492905 0.8 20.53401607554406
15024 1 938694 0.8 24.37688095960766
15025 1 1455108 0.8255814 23.215073975734413
15026 1 2152981 0.8181818 23.30934291239828
15027 1 1000695 0.84444445 19.637410063296556
15028 1 1138458 0.82417583 18.96786701399833
15029 1 1409596 0.8235294 20.70270397234708
15030 1 1847188 0.82954544 22.011130931787193
15031 1 1142235 0.8068182 18.968599964864552
15032 1 836289 0.87356323 21.926707006059587
15033 1 1150426 0.82222223 20.209924085065722
15034 1 1183528 0.8043478 17.136460985057056
15035 1 1523485 0.88235295 21.63781796116382
15036 1 1848451 0.81632656 14.71431297250092
15037 1 460761 0.8791209 15.767915989272296
15038 1 713529 0.8 17.778864945285022
15039 1 713529 0.8604651 19.925361964851618
15040 1 1006239 0.8333333 19.549901015125215
15041 1 1923496 0.81609195 23.450711043551564
15042 1 1409596 0.8235294 21.30611101165414
15043 1 840337 0.80851066 16.097146086394787
15044 1 1428059 0.8068182 20.63823794014752
15045 1 1105991 0.8172043 17.472292995080352
15046 1 1428059 0.81609195 21.945351036265492
15047 1 1572367 0.83908045 18.484713044017553
15048 1 1447199 0.80898875 21.930581075139344
15049 1 1140128 0.84615386 18.51064304355532
15050 1 1041615 0.8020833 17.023012973368168
15051 1 826222 0.8064516 15.751320053823292
15052 1 1572367 0.83908045 18.85558303911239
15053 1 1016772 0.8333333 18.967370968312025
15054 1 882353 0.82222223 21.896459977142513
15055 1 1183528 0.8333333 19.71421204507351
15056 1 1198814 0.8061224 14.088343945331872
15057 1 1492905 0.8 21.392683032900095
15058 1 895426 0.83505154 13.358145020902157
15059 1 1041615 0.83157897 15.990784973837435
15060 1 1954924 0.8659794 13.297736993990839
15061 1 1492509 0.84705883 21.789289894513786
15062 1 1945002 0.827957 17.054119030945003
15063 1 709444 0.84782606 16.215003095567226
15064 1 1011827 0.8333333 18.761647050268948
15065 1 1329268 0.8202247 20.19031101372093
15066 1 1148796 0.87356323 22.12994103319943
15067 1 1191367 0.8068182 18.542062025517225
15068 1 1167045 0.814433 11.133489082567394
15069 1 464182 0.80582523 10.413597919978201
15070 1 1681521 0.8137255 11.328416992910206
15071 1 1684055 0.8181818 13.235506950877607
15072 1 844832 0.8053097 6.4602120546624064
15073 1 557255 0.8217822 9.938499075360596
15074 1 1684075 0.8118812 11.838019941933453
15075 1 844832 0.8053097 6.313591031357646
15076 1 987233 0.81 12.87409698124975
15077 1 844832 0.8053097 6.490353960543871
15078 1 1681521 0.8137255 10.752107948064804
15079 1 844832 0.8053097 6.0473179910331964
15080 1 987233 0.81 12.366743059828877
15081 1 10904 0.815534 10.423506959341466
15082 1 2474223 0.86 10.218935902230442
15083 1 886535 0.83 11.948187951929867
15084 1 2097904 0.8173077 9.373708977364004
15085 1 557255 0.8217822 9.523207088932395
15086 1 957928 0.85148513 10.164126986637712
15087 1 1684055 0.8181818 12.260952964425087
15088 1 2097904 0.8173077 9.32091602589935
15089 1 987233 0.81 12.306234915740788
15090 1 2097904 0.8173077 9.397460031323135
15091 1 557255 0.8217822 9.335395996458828
15092 1 844832 0.8053097 5.918826907873154
15093 1 1722896 0.88659793 11.043515056371689
15094 1 464182 0.80582523 10.28653304092586
15095 1 2097904 0.8173077 9.494933998212218
15096 1 1681521 0.8137255 10.215806076303124
15097 1 449145 0.84313726 9.528460912406445
15098 1 987233 0.81 13.024921994656324
15099 1 1722896 0.88659793 12.152627925388515
15100 1 957928 0.85148513 11.191083933226764
15101 1 987233 0.81 13.540036976337433
15102 1 987233 0.81 14.051354955881834
15103 1 844832 0.8053097 7.010253029875457
15104 1 957928 0.85148513 11.880220961757004
15105 1 557255 0.8217822 11.323382030241191
15106 1 446559 0.90909094 0.8707268862053752
15107 1 1967913 0.90909094 0.8732990827411413
15108 1 942245 0.90909094 0.8595569524914026
15109 1 2344560 0.90909094 0.8424059487879276
15110 1 1779239 0.90909094 0.9374249493703246
15111 1 450042 0.9 0.8632689714431763
15112 1 1780896 0.90909094 0.8584059542044997
15113 1 450042 0.9 0.8601320441812277
15114 1 278781 0.90909094 0.7811200339347124
15115 1 149535 0.9 0.8170530200004578
15116 1 170584 0.90909094 0.7669089827686548
15117 1 450042 0.9 0.8155839750543237
15118 1 2205046 0.90909094 0.7851029513403773
15119 1 446559 0.90909094 0.8144550956785679
15120 1 363326 0.90909094 0.7763990433886647
15121 1 1779239 0.90909094 0.8039729436859488
15122 1 601260 0.95238096 2.2416330175474286
15123 1 1629808 0.9444444 1.4223000034689903
15124 1 28686 0.9166667 0.7937150076031685
15125 1 83741 0.95238096 2.1955970441922545
15126 1 1965745 0.94736844 1.635531079955399
15127 1 284808 0.9375 1.0296080727130175
15128 1 1965678 0.9411765 1.1681199539452791
15129 1 1265209 0.9166667 0.8378600468859076
15130 1 1814662 0.94736844 1.5777860535308719
15131 1 316124 0.94736844 1.532764988951385
15132 1 1413058 0.94736844 1.8369510071352124
15133 1 2040242 0.9411765 1.0717189870774746
15134 1 1001964 0.9047619 2.286650938913226
15135 1 1155866 0.9411765 1.0668839095160365
15136 1 2333360 0.9411765 1.0102589149028063
15137 1 1600959 0.95238096 2.1527180215343833
15138 1 1563568 0.9411765 1.0120199294760823
15139 1 1727977 0.95 1.8427619943395257
15140 1 1001964 0.9047619 2.3740739561617374
15141 1 1830377 0.94736844 1.318449038080871
15142 1 1155866 0.9411765 1.0245450539514422
15143 1 867203 0.94736844 1.3714809902012348
15144 1 234119 0.9047619 2.4635919835418463
15145 1 1259935 0.9047619 1.9612190080806613
15146 1 1125472 0.95238096 2.248525037430227
15147 1 1967841 0.95238096 2.1678999764844775
15148 1 132679 0.94736844 1.3512359000742435
15149 1 1585108 0.9444444 1.2198020704090595
15150 1 366718 0.9375 0.9372850181534886
15151 1 1961070 0.9444444 1.3519399799406528
15152 1 1726155 0.9411765 1.0731960646808147
15153 1 1795108 0.9411765 1.0469850385561585
15154 1 714067 0.9047619 2.514770021662116
15155 1 1965678 0.9411765 1.334733096882701
15156 1 1512736 0.9230769 0.9031239897012711
15157 1 1965678 0.9411765 1.4623079914599657
15158 1 1484589 0.9 1.5748259611427784
15159 1 1155866 0.9411765 1.0669489856809378
15160 1 1965319 0.95 1.9552820594981313
15161 1 1747484 0.9375 1.0513720335438848
15162 1 2333360 0.9411765 1.0717789409682155
15163 1 1712095 0.9 1.5538930892944336
15164 1 1933462 0.94736844 1.3578190701082349
15165 1 2216827 0.94736844 1.4049650635570288
15166 1 1136461 0.9047619 2.338874968700111
15167 1 439256 0.90909094 0.806980999186635
15168 1 1136461 0.9047619 2.5011179968714714
15169 1 596375 0.9285714 0.8691780967637897
15170 1 2358734 0.94736844 1.4108819887042046
15171 1 138871 0.9 1.9808600191026926
15172 1 316124 0.94736844 1.4227828942239285
15173 1 1136461 0.9047619 2.382056904025376
15174 1 1720688 0.94736844 1.4956810045987368
15175 1 353042 0.9411765 1.037311041727662
15176 1 1960701 0.9375 1.0194550268352032
15177 1 138871 0.9 2.238712040707469
15178 1 82550 0.95238096 2.1980979945510626
15179 1 1001964 0.95 1.9188589649274945
15180 1 1857862 0.9375 0.9755890350788832
15181 1 2199326 0.95 1.9544899696484208
15182 1 1780764 0.95238096 2.086284104734659
15183 1 1001964 0.9047619 2.457390888594091
15184 1 1782044 0.95238096 2.0932969637215137
15185 1 1729854 0.95 1.6390050295740366
15186 1 1133557 0.9444444 1.48352503310889
15187 1 168266 0.95 1.8946669297292829
15188 1 454359 0.94736844 1.3925399398431182
15189 1 477856 0.95 1.7244090558961034
15190 1 1672749 0.95 1.7866219859570265
15191 1 1965529 0.95 1.6740609426051378
15192 1 1777085 0.9411765 1.000615069642663
15193 1 1965062 0.93333334 0.8520679548382759
15194 1 1960653 0.9375 0.8957830723375082
15195 1 1709273 0.9285714 0.8228980004787445
15196 1 1060418 0.9047619 2.2124029928818345
15197 1 198236 0.95 1.6047940589487553
15198 1 15575 0.90909094 0.7573090260848403
15199 1 168251 0.9375 1.1032710317522287
15200 1 2252331 0.95 1.6510400455445051
15201 1 893579 0.9444444 1.2950680684298277
15202 1 81595 0.95 1.6415300779044628
15203 1 316124 0.94736844 1.334059052169323
15204 1 2285588 0.93333334 0.8493370842188597
15205 1 1654963 0.9 1.7624079482629895
15206 1 1965745 0.94736844 1.6719589475542307
15207 1 767599 0.9285714 0.8720899932086468
15208 1 578128 0.9047619 2.155976020731032
15209 1 369119 0.9230769 0.7229279726743698
15210 1 1925489 0.9375 0.8692729752510786
15211 1 1760932 0.95238096 1.89315399620682
15212 1 1156023 0.9166667 0.7509969873353839
15213 1 20768 0.95 1.5148650854825974
15214 1 1413058 0.94736844 1.600144081749022
15215 1 1329508 0.93333334 0.8412229362875223
15216 1 1857860 0.95238096 1.9121849909424782
15217 1 1966284 0.9375 0.8707600645720959
15218 1 561174 0.95 1.6512039583176374
15219 1 104957 0.9375 0.9357120143249631
15220 1 1660061 0.9444444 1.090658945031464
15221 1 1967823 0.95238096 1.9698820542544127
15222 1 1830377 0.94736844 1.2780840042978525
15223 1 168266 0.95 1.567151048220694
15224 1 399485 0.9047619 2.01634899713099
15225 1 1960759 0.9444444 1.125000067986548
15226 1 662281 0.9375 0.9090800303965807
15227 1 1113493 0.9375 0.859702005982399
15228 1 2003341 0.93333334 0.8847509743645787
15229 1 1209149 0.9411765 1.4170510694384575
15230 1 1830377 0.94736844 1.412551966495812
15231 1 1961754 0.94736844 1.2287410208955407
15232 1 1156023 0.9166667 0.7494239835068583
15233 1 1722476 0.9375 0.8784739766269922
15234 1 1068444 0.95 1.6838539158925414
15235 1 1090737 0.95238096 1.8612330313771963
15236 1 1106951 0.9444444 1.2747179716825485
15237 1 640121 0.9411765 0.9400160051882267
15238 1 168251 0.9375 1.0332739911973476
15239 1 168251 0.9375 1.0836990550160408
15240 1 1675766 0.9375 1.047828933224082
15241 1 1486144 0.94736844 1.7295639263466
15242 1 1396178 0.9047619 2.556274994276464
15243 1 1968874 0.90909094 0.8338920306414366
15244 1 1093783 0.9 1.555602066218853
15245 1 1968280 0.9285714 0.865260954014957
15246 1 1651938 0.95238096 2.124228049069643
15247 1 1577922 0.9230769 0.8734390139579773
15248 1 767599 0.9285714 0.9446959011256695
15249 1 138871 0.9 1.9703159341588616
15250 1 1824434 0.9444444 1.2085149064660072
15251 1 1830377 0.94736844 1.3399210292845964
15252 1 1588531 0.94736844 1.2957340804859996
15253 1 1968188 0.9375 0.9636039612814784
15254 1 1965745 0.94736844 1.6998840728774667
15255 1 1854807 0.94736844 1.3415450230240822
15256 1 1156023 0.9166667 0.8460179669782519
15257 1 541082 0.9 1.9523020600900054
15258 1 1726948 0.94736844 1.3509569689631462
15259 1 370890 0.9166667 0.7843089988455176
15260 1 821323 0.95 1.7600409919396043
15261 1 1027606 0.90909094 2.24974297452718
15262 1 1830377 0.94736844 1.3609860325232148
15263 1 1586007 0.95238096 2.1135139977559447
15264 1 306148 0.94736844 1.392205012962222
15265 1 1713289 0.94736844 1.3586690183728933
15266 1 138871 0.9 1.8960849847644567
15267 1 767599 0.9285714 0.9270959999412298
15268 1 1690904 0.9411765 1.1201190063729882
15269 1 1265209 0.9166667 0.829033087939024
15270 1 999365 0.9047619 2.3040499072521925
15271 1 1480011 0.9047619 2.2339830175042152
15272 1 1896312 0.9285714 0.8935900405049324
15273 1 833310 0.9 1.3986699050292373
15274 1 82550 0.95238096 1.9932870054617524
15275 1 293572 0.9444444 1.1939030373468995
15276 1 1689070 0.9444444 1.1381160002201796
15277 1 609665 0.9166667 0.7389730308204889
15278 1 748752 0.90909094 2.1292889723554254
15279 1 1726948 0.94736844 1.2803740100935102
15280 1 1857244 0.9285714 0.8458980591967702
15281 1 1814662 0.94736844 1.3220330001786351
15282 1 1830377 0.94736844 1.3123799581080675
15283 1 1968874 0.90909094 0.7593239424750209
15284 1 356778 0.94736844 1.3474349398165941
15285 1 1814662 0.94736844 1.2997019803151488
15286 1 227774 0.95 2.0323230419307947
15287 1 1962119 0.95 1.6507210675626993
15288 1 1830377 0.94736844 1.2772879563272
15289 1 1930250 0.95238096 2.1007800241932273
15290 1 1588531 0.94736844 1.308805076405406
15291 1 1905958 0.9375 0.8870749734342098
15292 1 1586011 0.94736844 1.3614109484478831
15293 1 1969560 0.9375 0.884664012119174
15294 1 1962119 0.95 1.7019290244206786
15295 1 183235 0.9444444 1.1296520242467523
15296 1 1799538 0.90909094 0.7238870020955801
15297 1 1677518 0.94736844 1.325752935372293
15298 1 1908874 0.9047619 2.081854036077857
15299 1 1265209 0.9166667 0.7587330183014274
15300 1 1777356 0.9444444 1.1036319192498922
15301 1 1963232 0.95238096 1.9022539490833879
15302 1 168266 0.95 1.629911013878882
15303 1 735379 0.95 1.6707030590623617
15304 1 178281 0.90909094 0.7524550892412663
15305 1 1586007 0.95238096 1.9077030010521412
15306 1 3701 0.95238096 1.9342919113114476
15307 1 227774 0.95 2.0839610369876027
15308 1 1830377 0.94736844 1.3206960866227746
15309 1 1484589 0.9 1.3737940462306142
15310 1 352731 0.9411765 0.9181800996884704
15311 1 1367664 0.94736844 1.3152469182386994
15312 1 1885931 0.94736844 1.1970539344474673
15313 1 125527 0.94736844 1.573376008309424
15314 1 1777356 0.9444444 1.0805829660966992
15315 1 447801 0.93333334 0.8183270692825317
15316 1 1780423 0.9375 0.8626169292256236
15317 1 1710034 0.95238096 1.8494999967515469
15318 1 1156023 0.9166667 0.7152620237320662
15319 1 230810 0.9 1.6930470010265708
15320 1 797948 0.9285714 0.7623350247740746
15321 1 2296025 0.94736844 1.2329909950494766
15322 1 1715971 0.9375 0.9692589519545436
15323 1 2216827 0.94736844 1.2054040562361479
15324 1 1854807 0.94736844 1.2688280548900366
15325 1 767599 0.9285714 0.8035299833863974
15326 1 5044 0.9285714 0.831597950309515
15327 1 9255 0.9285714 0.7915470050647855
15328 1 2202542 0.93333334 0.7863719947636127
15329 1 1366285 0.95 1.6006160294637084
15330 1 1965678 0.9411765 1.0594760533422232
15331 1 37622 0.9230769 0.7231110939756036
15332 1 168251 0.9375 1.0108989663422108
15333 1 1781988 0.9411765 0.9147560922428966
15334 1 168251 0.9375 0.9909709915518761
15335 1 1156023 0.9166667 0.7310500368475914
15336 1 2296025 0.94736844 1.1655810521915555
15337 1 159041 0.93333334 0.7798159494996071
15338 1 1779207 0.9166667 0.6751820910722017
15339 1 1963571 0.9047619 2.099715988151729
15340 1 633259 0.9166667 0.6717449286952615
15341 1 452010 0.95 1.6037969617173076
15342 1 109298 0.9 1.6863179625943303
15343 1 1965678 0.9411765 1.0984539985656738
15344 1 1860045 0.95 1.6005090437829494
15345 1 1711072 0.9411765 0.9152860147878528
15346 1 398814 0.9166667 0.6731229368597269
15347 1 1814662 0.94736844 1.2623339425772429
15348 1 1424800 0.94736844 1.2337700463831425
15349 1 1967535 0.94736844 1.2106249341741204
15350 1 1966849 0.9444444 1.089607016183436
15351 1 1461913 0.95238096 1.8811799818649888
15352 1 1125472 0.95238096 1.9153599860146642
15353 1 1547125 0.95 1.5770080499351025
15354 1 1965745 0.94736844 1.5264269895851612
15355 1 1965135 0.9444444 1.1072169290855527
15356 1 1965678 0.9411765 1.0543469106778502
15357 1 397709 0.9444444 1.293475041165948
15358 1 1814662 0.94736844 1.2047240743413568
15359 1 2303795 0.9444444 1.0535529581829906
15360 1 37622 0.9230769 0.7238739635795355
15361 1 125527 0.94736844 1.544454018585384
15362 1 1965975 0.95238096 1.9064400112256408
15363 1 833767 0.9 1.348859048448503
15364 1 1859621 0.9166667 0.6863540038466454
15365 1 1019697 0.94736844 1.627595047466457
15366 1 1782044 0.95238096 1.98905891738832
15367 1 1964249 0.9375 0.8459729142487049
15368 1 1896312 0.9285714 0.8162281010299921
15369 1 1354348 0.9411765 0.9518110891804099
15370 1 573183 0.95 1.5117790317162871
15371 1 578128 0.95 1.4962179120630026
15372 1 1964048 0.9230769 0.7084099343046546
15373 1 352731 0.9411765 0.8977580582723022
15374 1 225845 0.9444444 1.0441129561513662
15375 1 1965745 0.94736844 1.5273139579221606
15376 1 439256 0.90909094 0.7006549276411533
15377 1 1503435 0.94736844 1.21545500587672
15378 1 1860041 0.9375 0.8323410293087363
15379 1 1906055 0.94736844 1.211710972711444
15380 1 303440 0.95 2.026829984970391
15381 1 1781486 0.95 1.5317719662562013
15382 1 1624663 0.9047619 2.007375005632639
15383 1 2207170 0.9375 0.840389053337276
15384 1 1905958 0.9375 0.8211130043491721
15385 1 1001964 0.9047619 2.0227980567142367
15386 1 575406 0.9411765 1.086550997570157
15387 1 168266 0.95 1.5882160514593124
15388 1 1265209 0.9166667 0.7565160049125552
15389 1 3701 0.95238096 1.8841320415958762
15390 1 1725616 0.95238096 1.9265390001237392
15391 1 1907458 0.9166667 0.6712109316140413
15392 1 1629941 0.9047619 2.0517740631476045
15393 1 2040524 0.9285714 0.9473479585722089
15394 1 2224183 0.95 1.5828260220587254
15395 1 8931 0.9285714 0.7525309920310974
15396 1 661215 0.9444444 1.4147079782560468
15397 1 2385173 0.9285714 0.7341160671785474
15398 1 758654 0.95 1.556497998535633
15399 1 1845574 0.94736844 1.1921420227736235
15400 1 1487143 0.94736844 1.1910460889339447
15401 1 83741 0.95238096 1.897713984362781
15402 1 1500903 0.9285714 0.8160170400515199
15403 1 1727977 0.95 1.5466150362044573
15404 1 1625257 0.9444444 1.1130630737170577
15405 1 138871 0.9 1.7690389649942517
15406 1 767599 0.9285714 0.80686598084867
15407 1 1968188 0.9375 0.856165075674653
15408 1 501508 0.95 1.5863990411162376
15409 1 1957934 0.9 1.6526050167158246
15410 1 331204 0.9 1.604660996235907
15411 1 1814662 0.94736844 1.1869180016219616
15412 1 1690904 0.9411765 0.8943149587139487
15413 1 900032 0.9230769 0.7007858948782086
15414 1 27894 0.90909094 0.6808480247855186
15415 1 1633567 0.95 2.0327609963715076
15416 1 1830377 0.94736844 1.1504469439387321
15417 1 1966015 0.95 1.6003480413928628
15418 1 1436967 0.9411765 1.1330380802974105
15419 1 1577922 0.9230769 0.7152659818530083
15420 1 1777356 0.9444444 1.0852899868041277
15421 1 1660061 0.9444444 1.09681801404804
15422 1 923071 0.9411765 0.9361839620396495
15423 1 2358774 0.95238096 1.93081796169281
15424 1 168251 0.9375 1.0173349874094129
15425 1 1156023 0.9166667 0.7212549680843949
15426 1 1106951 0.9444444 1.2322249822318554
15427 1 526209 0.94736844 1.4909340534359217
15428 1 1156023 0.9166667 0.7165670394897461
15429 1 1962119 0.95 1.5897019766271114
15430 1 454901 0.95 1.7863300163298845
15431 1 1156023 0.9166667 0.7514860481023788
15432 1 588791 0.95238096 1.8734020413830876
15433 1 9336 0.94736844 1.1809240095317364
15434 1 1962716 0.94736844 1.1393980821594596
15435 1 1968608 0.94736844 1.5629370464012027
15436 1 1635149 0.9047619 2.0849090069532394
15437 1 1599216 0.9444444 1.0517459595575929
15438 1 1960760 0.9375 0.8206110214814544
15439 1 157648 0.9411765 0.9549980750307441
15440 1 8710 0.94736844 1.3466730015352368
15441 1 8710 0.94736844 1.3532200828194618
15442 1 1814662 0.94736844 1.2030029902234674
15443 1 1600953 0.94736844 1.1919770622625947
15444 1 1964134 0.9444444 1.0721429716795683
15445 1 296688 0.9444444 1.0646870359778404
15446 1 1399203 0.94736844 1.1697839945554733
15447 1 1036003 0.94736844 1.6176099888980389
15448 1 1136461 0.9047619 2.0290460670366883
15449 1 1965745 0.94736844 1.64123997092247
15450 1 1589562 0.9166667 0.7602019468322396
15451 1 1643964 0.9444444 1.4730109833180904
15452 1 617914 0.93333334 0.9753619087859988
15453 1 27894 0.90909094 0.7795669371262193
15454 1 1707686 0.94736844 1.5696929767727852
15455 1 486334 0.9047619 2.362051047384739
15456 1 1416639 0.9411765 1.077317981980741
15457 1 397906 0.9375 0.9998849127441645
15458 1 1967209 0.90909094 0.8239760063588619
15459 1 1593170 0.9 2.1435479866340756
15460 1 880495 0.94736844 1.3996409252285957
15461 1 1777356 0.9444444 1.1869959998875856
15462 1 1367765 0.9375 1.058932044543326
15463 1 1860042 0.95238096 2.0028320141136646
15464 1 2019893 0.9411765 1.030807034112513
15465 1 1734116 0.9285714 0.8366990368813276
15466 1 685030 0.95238096 2.0275480346754193
15467 1 1965904 0.9375 0.9331509936600924
15468 1 1874201 0.95 1.7263040645048022
15469 1 1779783 0.9230769 0.8213890250772238
15470 1 374769 0.95 1.76283810287714
15471 1 298870 0.9166667 0.845294096507132
15472 1 1799538 0.90909094 0.7889929693192244
15473 1 1726948 0.94736844 1.3504400849342346
15474 1 1925494 0.95 1.6358779976144433
15475 1 104957 0.9375 0.9851920185610652
15476 1 434396 0.94736844 1.3920199126005173
15477 1 1841527 0.95 1.7349210102111101
15478 1 1961341 0.9166667 0.7743800524622202
15479 1 2279094 0.9166667 0.7400299655273557
15480 1 2040242 0.9411765 0.98014110699296
15481 1 37622 0.9230769 0.7924759993329644
15482 1 1965678 0.9411765 1.146735972724855
15483 1 1602917 0.9444444 1.1993070365861058
15484 1 1722473 0.94736844 1.2710209703072906
15485 1 1726154 0.9375 0.9159260662272573
15486 1 1966271 0.95238096 2.0590660860762
15487 1 1725571 0.95 1.6287630423903465
15488 1 1136461 0.9047619 2.0406979601830244
15489 1 2040524 0.9285714 0.9201039792969823
15490 1 888312 0.9375 0.8669290691614151
15491 1 168251 0.9375 1.0360400192439556
15492 1 503583 0.9166667 0.69335603620857
15493 1 1155866 0.9411765 0.9746929863467813
15494 1 1260472 0.9411765 1.1147289769724011
15495 1 1506165 0.9 1.6644570278003812
15496 1 303440 0.9 1.6668589087203145
15497 1 1530970 0.95 1.5627479879185557
15498 1 56645 0.93333334 0.8308860706165433
15499 1 1965745 0.94736844 1.5964990016072989
15500 1 1133557 0.9444444 1.2520470190793276
15501 1 369119 0.9230769 0.7252959767356515
15502 1 1050366 0.95238096 1.8971019890159369
15503 1 2296025 0.94736844 1.197485951706767
15504 1 87927 0.94736844 1.2810810003429651
15505 1 2131565 0.95238096 1.9145760452374816
15506 1 1830377 0.94736844 1.2089100200682878
15507 1 178283 0.9444444 1.068728044629097
15508 1 526209 0.94736844 1.6223069978877902
15509 1 1966271 0.95238096 1.9461369374766946
15510 1 1156023 0.9166667 0.7490169955417514
15511 1 1962833 0.9444444 1.1101379059255123
15512 1 192929 0.95 1.6217950033023953
15513 1 1503435 0.94736844 1.2197999749332666
15514 1 1964729 0.9166667 0.6911969976499677
15515 1 24018 0.9444444 1.2997210724279284
15516 1 1860792 0.9411765 1.0937879560515285
15517 1 1860792 0.9375 0.8890199242159724
15518 1 1602263 0.94736844 1.309063984081149
15519 1 1715940 0.9375 0.9053269168362021
15520 1 1963246 0.93333334 0.8493069326505065
15521 1 141339 0.9230769 0.7219609105959535
15522 1 980621 0.9444444 1.0838480666279793
15523 1 1106951 0.9444444 1.2682470260187984
15524 1 1329508 0.93333334 0.8464360143989325
15525 1 1967140 0.9375 0.9210980497300625
15526 1 1830377 0.94736844 1.2181029887869954
15527 1 168251 0.9375 0.9966219076886773
15528 1 1969286 0.9375 0.8296859450638294
15529 1 1689811 0.9285714 0.7494710152968764
15530 1 9336 0.94736844 1.1489810422062874
15531 1 1106951 0.9444444 1.1902089463546872
15532 1 1584380 0.94736844 1.208887086249888
15533 1 1265209 0.9166667 0.7255760719999671
15534 1 4377 0.9444444 1.0285829193890095
15535 1 1799538 0.90909094 0.7161800749599934
15536 1 1492778 0.95238096 1.8755740020424128
15537 1 1622849 0.9285714 0.7262340513989329
15538 1 161983 0.9444444 1.0871330741792917
15539 1 178281 0.90909094 0.7037899922579527
15540 1 1962119 0.95 1.5319689409807324
15541 1 279928 0.9444444 1.3235809747129679
15542 1 160666 0.9285714 0.7323219906538725
15543 1 1209149 0.9411765 1.0839561000466347
15544 1 2296025 0.94736844 1.25546392519027
15545 1 384771 0.9411765 0.9477270068600774
15546 1 84377 0.95 1.5911170048639178
15547 1 1600959 0.95238096 1.765285967849195
15548 1 439256 0.90909094 0.7279650308191776
15549 1 1725616 0.95238096 1.8671700963750482
15550 1 1136461 0.95 1.5874659875407815
15551 1 1526942 0.93333334 0.8203709730878472
15552 1 1602691 0.9375 0.847485032863915
15553 1 104957 0.9375 0.8862459799274802
15554 1 1814662 0.94736844 1.2248300481587648
15555 1 138871 0.9 1.7827680567279458
15556 1 1854807 0.94736844 1.1988200712949038
15557 1 1449623 0.95 1.6029940452426672
15558 1 1710034 0.95238096 1.8228159751743078
15559 1 1681895 0.9375 0.8196739945560694
15560 1 512515 0.9411765 0.8977280231192708
15561 1 1965678 0.9411765 1.1016170028597116
15562 1 1203291 0.9 1.728225965052843
15563 1 27894 0.90909094 0.6934950361028314
15564 1 1854807 0.94736844 1.2432680232450366
15565 1 1001964 0.9047619 2.105268999002874
15566 1 1577922 0.9230769 0.7163441041484475
15567 1 1630727 0.9375 0.8894529892131686
15568 1 2219637 0.95 1.6451079864054918
15569 1 1776609 0.95 1.6835769638419151
15570 1 1713290 0.9285714 0.7628989405930042
15571 1 1744932 0.95238096 1.8911609658971429
15572 1 454901 0.95 2.0425450056791306
15573 1 1680903 0.94736844 1.2065130285918713
15574 1 1125472 0.9047619 1.7404479440301657
15575 1 1651938 0.95238096 2.0686909556388855
15576 1 178281 0.90909094 0.7360189920291305
15577 1 1416639 0.9411765 0.9259999496862292
15578 1 881381 0.95 1.682740985415876
15579 1 1605500 0.9 1.5061370795592666
15580 1 1001964 0.9047619 2.153933048248291
15581 1 1400655 0.9444444 1.122782938182354
15582 1 1778941 0.90909094 2.0871369633823633
15583 1 316124 0.94736844 1.25349301379174
15584 1 833310 0.95 1.5952530084177852
15585 1 80247 0.9444444 1.1418410576879978
15586 1 1967535 0.94736844 1.2089440133422613
15587 1 1500903 0.9285714 0.8455310016870499
15588 1 1186229 0.9 10.732693946920335
15589 1 1596691 0.9655172 10.898716049268842
15590 1 1299558 0.95454544 2.5820350274443626
15591 1 746077 0.95454544 2.862451015971601
15592 1 2012551 0.96153843 5.522500025108457
15593 1 729611 0.9230769 5.559728946536779
15594 1 1319482 0.9230769 5.827895016409457
15595 1 829850 0.9677419 12.812137953005731
15596 1 1535506 0.9354839 13.415997033007443
15597 1 658235 0.93333334 11.650562984868884
15598 1 140692 0.95454544 2.6463610120117664
15599 1 1473676 0.95652175 3.129746997728944
15600 1 2270223 0.9285714 10.590793914161623
15601 1 1027606 0.9130435 3.231896087527275
15602 1 1070556 0.9285714 8.112954092212021
15603 1 1778941 0.95454544 2.583030960522592
15604 1 1223053 0.9655172 9.591400972567499
15605 1 1034438 0.96153843 5.280475947074592
15606 1 1765456 0.96 4.618554026819766
15607 1 569428 0.9375 12.705099070444703
15608 1 817472 0.962963 8.030464057810605
15609 1 598556 0.9655172 11.189689976163208
15610 1 1679526 0.95238096 2.681876067072153
15611 1 903839 0.96 4.808305995538831
15612 1 1777384 0.96153843 5.6290930369868875
15613 1 1961771 0.96153843 7.051129941828549
15614 1 654335 0.9259259 6.927288020960987
15615 1 598556 0.9655172 10.805113008245826
15616 1 1138888 0.9677419 12.375263031572104
15617 1 495123 0.9677419 12.482147081755102
15618 1 1116821 0.90909094 3.509948030114174
15619 1 1855246 0.9 11.741822003386915
15620 1 1664693 0.96428573 7.843595929443836
15621 1 2199328 0.962963 6.733371061272919
15622 1 1540993 0.96666664 10.720068006776273
15623 1 1225600 0.90625 11.73031295184046
15624 1 1050283 0.9655172 12.288211029954255
15625 1 1141973 0.96 5.11369202286005
15626 1 515236 0.962963 8.328647003509104
15627 1 1055762 0.9166667 3.940396010875702
15628 1 1782004 0.9130435 2.9020499205216765
15629 1 47729 0.9130435 3.4548300318419933
15630 1 8439 0.9655172 10.280299000442028
15631 1 1641624 0.9655172 11.444626026786864
15632 1 2197095 0.9583333 4.7467120457440615
15633 1 421257 0.962963 6.9225800689309835
15634 1 84245 0.96 4.698964999988675
15635 1 1986919 0.9032258 12.080528074875474
15636 1 1624797 0.93333334 11.907309060916305
15637 1 1243668 0.93333334 12.171532958745956
15638 1 2120130 0.9310345 10.870398953557014
15639 1 84245 0.96 4.916580975987017
15640 1 847316 0.9230769 5.953828105702996
15641 1 758852 0.9032258 14.020366012118757
15642 1 1693367 0.9032258 12.243849923834205
15643 1 1034740 0.9354839 11.587259010411799
15644 1 2293444 0.9259259 7.204861030913889
15645 1 421257 0.962963 7.084009936079383
15646 1 1326851 0.9655172 9.999388013966382
15647 1 1001310 0.9259259 5.690622027032077
15648 1 1450432 0.9285714 8.364037028513849
15649 1 1309399 0.96666664 11.372283915989101
15650 1 76860 0.96428573 8.63929302431643
15651 1 656852 0.9 11.639741947874427
15652 1 1487484 0.96666664 13.291508075781167
15653 1 1463029 0.9655172 10.539258015342057
15654 1 1027606 0.9130435 3.508402034640312
15655 1 1781054 0.96153843 5.681811016984284
15656 1 1966876 0.96153843 5.629476974718273
15657 1 2828 0.9 14.149480033665895
15658 1 1633089 0.9310345 10.382835986092687
15659 1 1174023 0.9166667 3.8935509510338306
15660 1 1444994 0.9166667 4.891267046332359
15661 1 2156633 0.9655172 9.792709955945611
15662 1 182086 0.9 11.322945938445628
15663 1 1428680 0.96 4.925944027490914
15664 1 1226311 0.9583333 3.5497399512678385
15665 1 1044421 0.95652175 3.106963005848229
15666 1 1426691 0.96666664 11.376915033906698
15667 1 1113565 0.9354839 13.61630903556943
15668 1 1461603 0.96428573 8.154593990184367
15669 1 1497984 0.96428573 8.157743024639785
15670 1 1586009 0.95454544 3.1015760032460093
15671 1 1013428 0.9032258 12.217859970405698
15672 1 1546981 0.9677419 12.700158054940403
15673 1 1295990 0.90625 13.531363918446004
15674 1 1628689 0.9677419 12.380160973407328
15675 1 1821352 0.9583333 4.696265910752118
15676 1 1016798 0.9166667 3.9191440446302295
15677 1 1525433 0.93333334 11.409132042899728
15678 1 1457830 0.90909094 13.918690965510905
15679 1 838711 0.9354839 12.556019937619567
15680 1 1560001 0.962963 6.776167079806328
15681 1 1617688 0.96666664 10.64777304418385
15682 1 1713625 0.95652175 2.9907850548624992
15683 1 1728142 0.96 4.586432012729347
15684 1 1964366 0.96 4.571690922603011
15685 1 1190177 0.9583333 4.696327028796077
15686 1 648644 0.9310345 9.962507989257574
15687 1 1238086 0.96428573 7.669523009099066
15688 1 1712095 0.90909094 3.156138933263719
15689 1 1170449 0.9677419 12.275235960260034
15690 1 1791585 0.95454544 2.6279159355908632
15691 1 1045155 0.9677419 11.887495056726038
15692 1 1935214 0.9166667 3.5946009447798133
15693 1 1002972 0.96 5.186563008464873
15694 1 701215 0.962963 6.799694965593517
15695 1 1139754 0.9354839 13.054345035925508
15696 1 1259226 0.9677419 12.449925998225808
15697 1 1557884 0.96 5.228250985965133
15698 1 608182 0.95652175 3.35471099242568
15699 1 701215 0.9285714 7.922073942609131
15700 1 466955 0.96153843 5.15116099268198
15701 1 1080954 0.9310345 9.679915034212172
15702 1 1560677 0.9655172 9.562182007357478
15703 1 758852 0.9032258 13.03256198298186
15704 1 1068366 0.93333334 11.123509961180389
15705 1 1315737 0.9230769 5.477544968016446
15706 1 301514 0.95454544 2.5264020077884197
15707 1 1463821 0.95652175 2.994099981151521
15708 1 1497123 0.96428573 7.736145984381437
15709 1 1614495 0.96 5.08738704957068
15710 1 258586 0.96 5.048291990533471
15711 1 1200275 0.9 11.216728016734123
15712 1 1240433 0.9677419 12.884096009656787
15713 1 1167493 0.96666664 11.386721045710146
15714 1 434689 0.96428573 8.149814093485475
15715 1 1963703 0.9583333 3.6383249098435044
15716 1 2200498 0.9583333 4.671522998251021
15717 1 1586009 0.9130435 3.1839319271966815
15718 1 996238 0.9655172 11.164690949954093
15719 1 1713692 0.9583333 3.700705012306571
15720 1 1720933 0.9677419 12.405978050082922
15721 1 1218920 0.95652175 3.020119038410485
15722 1 1054279 0.96 4.5763959642499685
15723 1 1060743 0.9677419 12.155825970694423
15724 1 591325 0.9166667 3.6788199795410037
15725 1 160572 0.96428573 7.878964999690652
15726 1 1712993 0.9130435 3.308550105430186
15727 1 845146 0.96666664 10.60590601991862
15728 1 1630189 0.96428573 7.669763988815248
15729 1 548028 0.9655172 11.078133946284652
15730 1 1624167 0.96666664 11.973729939199984
15731 1 1910977 0.96 4.549187025986612
15732 1 561861 0.90909094 12.964191962964833
15733 1 1060665 0.96666664 11.933810077607632
15734 1 668785 0.9677419 11.989284073933959
15735 1 1970149 0.95652175 3.1272961059585214
15736 1 525220 0.96428573 7.865615072660148
15737 1 1105771 0.962963 6.619428982958198
15738 1 1713692 0.9583333 3.6100149154663086
15739 1 1013428 0.96666664 10.694208089262247
15740 1 1855246 0.9310345 9.85430192667991
15741 1 1668646 0.93333334 11.090074083767831
15742 1 1594498 0.9310345 9.804217959754169
15743 1 1711149 0.96666664 12.259281938895583
15744 1 1186293 0.9677419 12.909614946693182
15745 1 742401 0.9583333 3.7202760577201843
15746 1 1243007 0.96666664 11.171730002388358
15747 1 1464322 0.9655172 9.948128019459546
15748 1 539993 0.95652175 3.645655931904912
15749 1 1030734 0.9354839 12.988595990464091
15750 1 982282 0.96 4.773117019794881
15751 1 1198397 0.96666664 12.535991030745208
15752 1 1117175 0.9354839 13.09539400972426
15753 1 1986705 0.9230769 5.921629024669528
15754 1 577663 0.90625 12.20576895866543
15755 1 1472166 0.9655172 9.574912954121828
15756 1 1634403 0.90909094 3.106798976659775
15757 1 1528125 0.96428573 9.458034997805953
15758 1 1116916 0.9230769 5.625355988740921
15759 1 931536 0.9285714 8.11644399072975
15760 1 1719218 0.95454544 2.6260779704898596
15761 1 1136461 0.90909094 3.2124390127137303
15762 1 1179991 0.93333334 11.136051965877414
15763 1 1557884 0.92 4.854494938626885
15764 1 326888 0.96 4.636331927031279
15765 1 643010 0.90909094 2.6371830608695745
15766 1 729560 0.90625 13.208333984948695
15767 1 954221 0.96153843 6.657958030700684
15768 1 431020 0.962963 7.927749073132873
15769 1 1085588 0.90625 13.16004793625325
15770 1 1217008 0.9677419 12.150917085818946
15771 1 1779002 0.9047619 2.9138559475541115
15772 1 571488 0.90625 13.599207974039018
15773 1 2029591 0.9130435 3.1728639733046293
15774 1 26711 0.9655172 9.491287055425346
15775 1 1586009 0.9130435 3.11627599876374
15776 1 664447 0.9032258 11.532342992722988
15777 1 556891 0.96153843 5.288015934638679
15778 1 1073194 0.90625 13.392657041549683
15779 1 1179306 0.96666664 13.0514350021258
15780 1 693103 0.92 5.174831952899694
15781 1 1257656 0.9655172 9.888535947538912
15782 1 1106227 0.92 5.083260009996593
15783 1 1653301 0.96 5.5286850547418
15784 1 866913 0.96428573 8.031920064240694
15785 1 479084 0.93333334 13.144539901986718
15786 1 2197095 0.9166667 3.8650979986414313
15787 1 172498 0.9 12.275184039026499
15788 1 813134 0.962963 6.948901922442019
15789 1 2374981 0.95652175 3.258999902755022
15790 1 169252 0.95454544 3.3345500705763698
15791 1 659387 0.9230769 5.8826489839702845
15792 1 1852803 0.96153843 5.344726028852165
15793 1 603605 0.9375 12.53807998728007
15794 1 95231 0.9583333 3.639256930910051
15795 1 608182 0.9130435 3.1937110470607877
15796 1 1464538 0.9285714 6.948977010324597
15797 1 1192132 0.96666664 10.862085968255997
15798 1 1667013 0.9130435 3.276568022556603
15799 1 449338 0.96428573 7.924915989860892
15800 1 1531232 0.9032258 10.717217926867306
15801 1 1446197 0.9166667 3.5918409703299403
15802 1 1403615 0.96428573 9.598159929737449
15803 1 494248 0.9130435 3.367505967617035
15804 1 1707502 0.9230769 5.56560605764389
15805 1 1966976 0.9047619 3.142185974866152
15806 1 1483326 0.96666664 10.645780945196748
15807 1 547492 0.9677419 12.189627042971551
15808 1 1137272 0.95652175 3.092939965426922
15809 1 1409624 0.96 4.7414860455319285
15810 1 45484 0.9259259 7.23030196968466
15811 1 1935214 0.9166667 3.768777009099722
15812 1 1107880 0.96153843 7.191614946350455
15813 1 1005074 0.9 10.822949931025505
15814 1 1462439 0.96666664 11.574830044992268
15815 1 1855246 0.9310345 10.229639010503888
15816 1 2468811 0.96153843 5.652129999361932
15817 1 2254538 0.95454544 2.665710053406656
15818 1 1027606 0.95454544 2.6213660603389144
15819 1 1036021 0.9375 13.013905961997807
15820 1 1557884 0.96 5.478370003402233
15821 1 1034438 0.96153843 5.40590297896415
15822 1 570509 0.962963 8.167274994775653
15823 1 820907 0.9677419 12.558237067423761
15824 1 1597725 0.90625 13.578371028415859
15825 1 1523181 0.90625 13.614135910756886
15826 1 1050535 0.96666664 10.747435037046671
15827 1 1475972 0.9655172 9.651959058828652
15828 1 1688649 0.96666664 12.737523997202516
15829 1 1171804 0.9655172 9.941644966602325
15830 1 856979 0.9677419 12.256337096914649
15831 1 1186293 0.90625 13.521009939722717
15832 1 1422995 0.9354839 11.608222965151072
15833 1 1018073 0.9677419 12.361060944385827
15834 1 1440953 0.9354839 12.831866042688489
15835 1 857948 0.9032258 12.10723293479532
15836 1 1855246 0.9 12.139172991737723
15837 1 1591428 0.95652175 3.1034150160849094
15838 1 1305062 1.0 9.297225973568857
15839 1 1966324 0.96428573 8.129336987622082
15840 1 1201015 0.9583333 3.6469410406425595
15841 1 366782 0.9677419 12.344371993094683
15842 1 1060494 0.96 4.746095044538379
15843 1 1544620 0.962963 6.747037987224758
15844 1 1935214 0.9166667 3.8776200963184237
15845 1 646206 0.9655172 9.814208024181426
15846 1 562424 0.962963 6.764076999388635
15847 1 331072 0.90909094 3.2141030533239245
15848 1 1116916 0.96 4.670343943871558
15849 1 1687730 0.9354839 13.255351921543479
15850 1 1714727 0.90909094 2.8226469876244664
15851 1 89124 0.9583333 3.6741800140589476
15852 1 1541827 0.96153843 5.6037240428850055
15853 1 671209 0.96153843 5.574851995334029
15854 1 1963703 0.9583333 3.7426379276439548
15855 1 838711 0.9354839 13.023086939938366
15856 1 559054 0.95454544 2.671073074452579
15857 1 999226 0.96153843 6.930904928594828
15858 1 1968158 0.95454544 2.57306604180485
15859 1 1716120 0.96666664 10.801021009683609
15860 1 1776670 0.962963 6.957115954719484
15861 1 1781054 0.96153843 5.4676629370078444
15862 1 476624 0.9677419 12.675030971877277
15863 1 2259672 0.95238096 2.642542007379234
15864 1 1050283 0.9 11.840385966934264
15865 1 1551623 0.95652175 3.0641299672424793
15866 1 444069 0.9 8.349810028448701
15867 1 1964481 0.90909094 3.195354947820306
15868 1 1040177 0.962963 6.890989956445992
15869 1 1116916 0.9230769 5.505189998075366
15870 1 1086131 0.9032258 11.59031200222671
15871 1 858751 0.96428573 7.6345959678292274
15872 1 1294141 0.9 11.696669971570373
15873 1 1206619 0.9310345 9.84328391496092
15874 1 833811 0.9655172 9.374895016662776
15875 1 828756 0.96428573 7.581107085570693
15876 1 2018856 0.96153843 5.1953879883512855
15877 1 76860 0.96428573 7.525846012867987
15878 1 1456742 0.95652175 3.001311095431447
15879 1 630973 0.96 5.163773079402745
15880 1 27771 0.9354839 10.989369009621441
15881 1 1679526 0.95238096 2.53333302680403
15882 1 1439798 0.95652175 3.02384898532182
15883 1 1269010 0.962963 7.616945076733828
15884 1 1517132 0.9655172 9.709807927720249
15885 1 190548 0.96428573 7.802360923960805
15886 1 617912 0.92 4.7558629885315895
15887 1 2197094 0.96428573 7.727477001026273
15888 1 647694 0.9583333 3.3692530123516917
15889 1 1712387 0.95652175 3.092954051680863
15890 1 1421574 0.96428573 7.620696909725666
15891 1 29832 0.96153843 5.202893982641399
15892 1 33508 0.95454544 2.610228955745697
15893 1 1176322 0.9166667 3.066428005695343
15894 1 531452 0.95454544 2.882943954318762
15895 1 1487073 0.9655172 10.900144930928946
15896 1 987581 0.9655172 10.553703992627561
15897 1 1712800 0.962963 7.371106068603694
15898 1 1321434 0.90625 14.061113935895264
15899 1 1616722 0.962963 6.939671002328396
15900 1 1855900 0.96666664 12.644487083889544
15901 1 1052632 0.9655172 11.311893002130091
15902 1 1756996 0.9583333 3.5932669416069984
15903 1 1382094 0.96666664 12.576183071359992
15904 1 371681 0.96153843 7.275881944224238
15905 1 1059741 0.9655172 9.717626962810755
15906 1 1477532 0.9130435 3.2024679239839315
15907 1 1586009 0.95454544 2.6493569603189826
15908 1 1067033 0.9285714 8.218324044719338
15909 1 1413946 0.96666664 10.957643040455878
15910 1 851467 0.9 10.354014113545418
15911 1 1448983 0.96 4.616045975126326
15912 1 1205592 0.9655172 9.488145937211812
15913 1 1500622 0.962963 6.586748990230262
15914 1 459686 0.9259259 6.817348999902606
15915 1 1363744 0.9655172 9.710879065096378
15916 1 1974028 0.9032258 11.759095941670239
15917 1 1424355 0.96666664 12.4333540443331
15918 1 1628689 0.9677419 12.486434075981379
15919 1 1785202 0.95652175 2.943890984170139
15920 1 301514 0.95454544 2.5029709795489907
15921 1 1244972 0.9655172 10.788116953335702
15922 1 2379620 0.93333334 12.681622989475727
15923 1 411410 0.93333334 11.20929210446775
15924 1 1014333 0.96153843 5.27721201069653
15925 1 1688649 0.96666664 12.178221950307488
15926 1 484790 0.962963 6.738837109878659
15927 1 1027606 0.95454544 2.4661129573360085
15928 1 1797188 0.93333334 9.732989012263715
15929 1 630817 0.96666664 12.927385978400707
15930 1 1102178 0.96666664 12.785775936208665
15931 1 2409256 0.95454544 2.733486006036401
15932 1 1161805 0.9655172 9.817242971621454
15933 1 40169 0.9032258 13.95388098899275
15934 1 1966956 0.9583333 3.5363429924473166
15935 1 2120337 0.96153843 7.0094369584694505
15936 1 1138031 0.9677419 12.428284040652215
15937 1 2329881 0.96428573 7.935789995826781
15938 1 960372 0.95652175 3.0410070903599262
15939 1 1100131 0.96428573 9.643745957873762
15940 1 1420281 0.9677419 12.164253974333405
15941 1 659387 0.96153843 6.683663930743933
15942 1 1968473 0.96153843 5.346743972040713
15943 1 2123063 0.9310345 10.277671040967107
15944 1 1779782 0.96428573 7.688257028348744
15945 1 1989217 0.96 4.5446669682860374
15946 1 67952 0.96 5.375953973270953
15947 1 498688 0.9259259 7.256445940583944
15948 1 1421574 0.96428573 7.755275000818074
15949 1 817935 0.9677419 11.89000706654042
15950 1 1693006 0.9285714 10.170171037316322
15951 1 1524714 0.9677419 12.06910703331232
15952 1 661716 0.9166667 3.541080979630351
15953 1 1234314 0.9655172 9.398026042617857
15954 1 234505 0.95454544 3.041715011931956
15955 1 1586012 0.95454544 2.5570960715413094
15956 1 1638135 0.9130435 3.105217940174043
15957 1 1276150 0.9677419 11.877873097546399
15958 1 446553 0.90909094 2.787856967188418
15959 1 1986705 0.9230769 5.640944000333548
15960 1 1634403 0.90909094 3.1546360114589334
15961 1 1105431 0.9677419 12.025719042867422
15962 1 1352271 0.9677419 12.092423043213785
15963 1 1348973 0.9230769 5.399317014962435
15964 1 951174 0.9032258 11.828821967355907
15965 1 1349332 0.9130435 3.7589489948004484
15966 1 1111425 0.96428573 10.303429095074534
15967 1 1179991 0.96666664 12.934471014887094
15968 1 1779002 0.9047619 2.920356928370893
15969 1 1141925 0.96428573 9.979767957702279
15970 1 856272 0.9230769 6.114267976954579
15971 1 1439798 0.95652175 3.242600942030549
15972 1 234680 0.9310345 11.65274390950799
15973 1 1229577 0.9047619 2.9561599949374795
15974 1 1040120 0.92 5.88269205763936
15975 1 1569512 0.9 12.130098999477923
15976 1 1008181 0.962963 6.817243993282318
15977 1 1314947 1.0 2.963902079500258
15978 1 1243668 0.96666664 12.183768092654645
15979 1 598607 0.9583333 4.559717955999076
15980 1 562424 0.9259259 5.704825045540929
15981 1 529761 0.96666664 10.666744085028768
15982 1 1174023 0.95652175 3.093468025326729
15983 1 1125332 0.9285714 8.262849994935095
15984 1 1028504 0.96428573 7.780260988511145
15985 1 1885125 0.90625 11.799620930105448
15986 1 1426026 0.9655172 9.548002970404923
15987 1 1177650 0.9655172 10.879923007450998
15988 1 232426 0.9047619 2.7875889791175723
15989 1 1938482 0.96 4.650217015296221
15990 1 1707197 0.96666664 10.693171992897987
15991 1 2054632 0.96666664 12.039073975756764
15992 1 446724 0.90625 13.071967987343669
15993 1 1500516 0.9032258 11.619151919148862
15994 1 559471 0.96 5.29085798189044
15995 1 255654 0.96 5.220819963142276
15996 1 2423641 0.9677419 12.012210907414556
15997 1 301514 0.95454544 2.5862089823931456
15998 1 1202762 0.9 10.292997001670301
15999 1 1471293 0.93333334 11.19976898189634
16000 1 1406241 0.9655172 9.47674096096307
16001 1 1040759 0.96428573 10.014159022830427
16002 1 641578 0.9583333 3.7621690426021814
16003 1 1167160 0.90625 12.16194499284029
16004 1 985133 0.9032258 12.585765914991498
16005 1 1107880 0.96153843 7.202868000604212
16006 1 123024 0.90625 13.886254979297519
16007 1 1855246 0.9 11.99041202198714
16008 1 1679526 0.95238096 2.629808965139091
16009 1 1043238 0.9 12.11617304943502
16010 1 1502733 0.96428573 9.9290800280869
16011 1 552909 0.9230769 4.799681948497891
16012 1 845778 0.9 10.346223949454725
16013 1 1574461 0.96428573 8.037126041017473
16014 1 1514149 0.9655172 10.758941061794758
16015 1 1535964 0.96428573 7.706883945502341
16016 1 2197093 0.9032258 11.64151995908469
16017 1 1218920 0.95652175 3.0654669972136617
16018 1 1508357 0.92 4.913488985039294
16019 1 1016659 0.92 4.769974970258772
16020 1 1667013 0.9130435 3.113480983301997
16021 1 1054279 0.96 4.524837946519256
16022 1 1658262 0.92 4.747444996610284
16023 1 1574886 0.9 10.30933705624193
16024 1 1358976 0.9677419 12.047349009662867
16025 1 569276 0.9032258 10.477585019543767
16026 1 1653226 0.9354839 12.551289051771164
16027 1 1146255 0.96428573 9.898021002300084
16028 1 559471 0.92 4.903165972791612
16029 1 2120262 0.96153843 5.443411995656788
16030 1 1413946 0.96666664 11.052387999370694
16031 1 11336 0.9655172 9.467045892961323
16032 1 1414756 0.9677419 12.023880030028522
16033 1 891254 0.9677419 11.898490018211305
16034 1 666976 0.95454544 3.053453052416444
16035 1 616272 0.9032258 12.467027991078794
16036 1 1034438 0.9230769 5.00207906588912
16037 1 1364461 0.9047619 2.982489997521043
16038 1 459503 0.96153843 5.591208930127323
16039 1 809819 0.9677419 12.777613941580057
16040 1 2197093 0.93333334 10.594066930934787
16041 1 1439798 0.95652175 3.370683058165014
16042 1 1304128 1.0 12.109782081097364
16043 1 1188538 0.9677419 12.554686982184649
16044 1 1779002 0.9047619 2.841799985617399
16045 1 1658262 0.96 5.439435946755111
16046 1 1781928 0.962963 6.8563929526135325
16047 1 613644 0.9 13.422089978121221
16048 1 1052980 0.96666664 10.62805694527924
16049 1 1117442 0.90625 13.050863053649664
16050 1 1646316 0.96153843 5.234826006926596
16051 1 1020420 0.96 4.733573063276708
16052 1 1989401 0.9677419 11.988778016529977
16053 1 1107880 0.96153843 6.744913058355451
16054 1 1513582 0.9677419 12.16568995732814
16055 1 1505870 0.9310345 10.29859995469451
16056 1 838110 0.90625 13.7319709174335
16057 1 1738899 0.96153843 5.354882916435599
16058 1 181672 0.9655172 9.537359932437539
16059 1 94468 0.95652175 3.0083319870755076
16060 1 1186967 0.9310345 9.912826004438102
16061 1 1036021 0.90625 12.038448941893876
16062 1 368691 0.9677419 12.55590096116066
16063 1 1800734 0.9354839 12.753081042319536
16064 1 576553 0.96 5.258891964331269
16065 1 1424307 0.90625 13.596102013252676
16066 1 1223194 0.9655172 9.81901993509382
16067 1 26580 0.96428573 8.469205000437796
16068 1 1628536 0.95652175 3.274505026638508
16069 1 1353787 0.96153843 7.024920079857111
16070 1 622494 0.9 10.980508988723159
16071 1 1441358 0.96428573 10.07885206490755
16072 1 2434185 0.9130435 2.832700964063406
16073 1 1156519 0.9310345 10.401166044175625
16074 1 1655156 0.96428573 8.418264100328088
16075 1 1101579 0.96666664 11.648381012491882
16076 1 918554 0.95454544 2.832734026014805
16077 1 1484892 0.90909094 14.674509060569108
16078 1 1100131 0.9285714 8.80734995007515
16079 1 1544341 0.9259259 7.272737915627658
16080 1 1157822 0.90625 13.380408054217696
16081 1 1962104 0.95652175 3.5683540627360344
16082 1 1633663 0.9 10.941997985355556
16083 1 1629191 0.9655172 10.927382041700184
16084 1 816293 0.9285714 8.066277019679546
16085 1 2199327 0.96428573 7.7160371001809835
16086 1 1460129 0.9677419 12.082658940926194
16087 1 1490206 0.96666664 10.684972046874464
16088 1 601749 0.902439 32.31123904697597
16089 1 1129360 0.90625 17.2054769936949
16090 1 1053366 0.902439 32.878910074941814
16091 1 1258681 0.9117647 17.202318995259702
16092 1 483940 0.972973 27.457603020593524
16093 1 1488759 0.974359 30.542158987373114
16094 1 823560 0.9756098 34.759704023599625
16095 1 2038469 0.975 33.86946290265769
16096 1 1178347 0.972973 25.144682032987475
16097 1 2371103 0.96875 14.344963012263179
16098 1 1468454 0.9722222 23.060146952047944
16099 1 1204159 0.9756098 33.043450908735394
16100 1 1111882 0.9 33.992073964327574
16101 1 1468069 0.90697676 34.0701590757817
16102 1 1017956 0.9512195 36.48634999990463
16103 1 1428659 0.972973 25.676592951640487
16104 1 1535506 0.9677419 15.160229988396168
16105 1 1097487 0.9142857 20.403034053742886
16106 1 807384 0.9142857 21.893466939218342
16107 1 262298 0.90909094 19.872331991791725
16108 1 1484093 0.975 30.70869203656912
16109 1 2039590 0.902439 32.69187605474144
16110 1 1458231 0.96875 14.615888940170407
16111 1 1403111 0.9459459 25.315196020528674
16112 1 1057981 0.9677419 14.333441038616002
16113 1 1623201 0.969697 15.835428959690034
16114 1 1102268 0.94736844 27.357193059287965
16115 1 399631 0.9705882 19.567321985960007
16116 1 1233636 0.9 39.2502989852801
16117 1 1666275 0.9189189 25.48647904768586
16118 1 622308 0.90909094 17.349565983749926
16119 1 2069008 0.9047619 34.412867040373385
16120 1 1177269 0.902439 34.61160801816732
16121 1 1470969 0.974359 28.88471109326929
16122 1 1004400 0.9705882 18.183444044552743
16123 1 1182661 0.9459459 25.29656805563718
16124 1 1086789 0.9 27.6293900096789
16125 1 1624641 0.9411765 19.919478916563094
16126 1 1403134 0.96875 15.156563022173941
16127 1 1340121 1.0 23.298725951462984
16128 1 447315 0.96875 15.497416956350207
16129 1 1698288 0.9142857 20.74061695020646
16130 1 1335903 0.95 31.431748997420073
16131 1 1799388 0.925 28.591770911589265
16132 1 2038469 0.975 33.57542597223073
16133 1 1073349 0.974359 29.1140180779621
16134 1 1492851 0.969697 15.783705981448293
16135 1 1535506 0.9677419 14.327713986858726
16136 1 1190117 0.9722222 24.285842897370458
16137 1 849423 0.9302326 36.37443599291146
16138 1 2010495 0.9285714 38.13850006554276
16139 1 551988 0.9 39.12853205110878
16140 1 1082881 0.972973 24.636098998598754
16141 1 469601 0.96875 15.9237589687109
16142 1 1639905 0.94871795 29.822843032889068
16143 1 365542 0.9714286 20.051631960086524
16144 1 1469158 0.969697 15.768602956086397
16145 1 986308 0.94285715 20.905131939798594
16146 1 1121959 0.9677419 14.793541049584746
16147 1 661904 0.90909094 17.024419037625194
16148 1 1827104 0.969697 18.20475107524544
16149 1 1080470 0.969697 18.5320139862597
16150 1 1425140 0.9705882 19.572278950363398
16151 1 985267 0.9677419 15.299701946787536
16152 1 1412466 0.94285715 20.214010030031204
16153 1 64396 0.90909094 17.922530067153275
16154 1 2012548 0.9142857 17.920788028277457
16155 1 816337 0.969697 18.823845079168677
16156 1 2052413 0.975 30.327992048114538
16157 1 1480310 0.9705882 18.24305101763457
16158 1 535180 0.9268293 36.8091199779883
16159 1 1246676 0.94871795 30.3980209864676
16160 1 914481 0.9230769 29.325974988751113
16161 1 1123967 0.92105263 29.483939055353403
16162 1 627166 0.9 30.17052705399692
16163 1 1031451 0.9375 15.16340405214578
16164 1 618753 0.975 34.500526962801814
16165 1 1559953 0.969697 15.998895978555083
16166 1 1283086 0.95 32.153101987205446
16167 1 1457319 0.975 30.680504045449197
16168 1 991119 0.9285714 36.22328594792634
16169 1 1664822 0.9677419 15.489164041355252
16170 1 1867202 0.902439 34.36552593484521
16171 1 1482105 0.94871795 31.607614015229046
16172 1 995184 0.9268293 34.97151902411133
16173 1 681004 0.9722222 25.565318064764142
16174 1 1566120 0.969697 16.675878083333373
16175 1 849970 0.9714286 21.636140998452902
16176 1 1558662 0.94285715 22.26762706413865
16177 1 1789379 0.90697676 36.52158298064023
16178 1 1135946 0.90625 16.878065071068704
16179 1 1080656 0.9047619 37.71643899381161
16180 1 773892 0.972973 27.050632052123547
16181 1 1449555 0.9375 15.328282956033945
16182 1 1205015 0.94736844 28.185507049784064
16183 1 138579 0.9375 16.175101976841688
16184 1 1799195 0.9677419 15.385968028567731
16185 1 1765557 0.9756098 34.3433030648157
16186 1 1167002 0.925 36.85100795701146
16187 1 1053366 0.902439 32.390848034992814
16188 1 399383 0.92105263 28.174847015179694
16189 1 1084242 0.9705882 18.19110196083784
16190 1 173273 0.9722222 24.2525739595294
16191 1 1199484 0.969697 15.544669004157186
16192 1 1404641 0.90909094 19.86414799466729
16193 1 1512951 0.9166667 24.853819981217384
16194 1 855628 0.9411765 18.922413932159543
16195 1 1284119 0.9268293 31.19761496782303
16196 1 631392 0.972973 29.23509501852095
16197 1 1406274 0.93939394 17.465636949054897
16198 1 868525 0.9705882 19.490708014927804
16199 1 2054667 0.925 32.449371996335685
16200 1 1471326 0.9722222 22.793962038122118
16201 1 1201906 0.969697 16.144083929248154
16202 1 1073746 0.9714286 22.915670066140592
16203 1 1352332 0.9 32.175717991776764
16204 1 1190424 0.90697676 37.12468908634037
16205 1 1176917 0.94871795 31.493491027504206
16206 1 182850 0.9142857 19.938921905122697
16207 1 555731 0.96875 16.788059030659497
16208 1 1493442 0.972973 25.497360969893634
16209 1 1056783 0.9 38.99738204199821
16210 1 610442 0.9722222 24.034922011196613
16211 1 1476094 0.9 35.211100010201335
16212 1 1639905 0.94871795 30.350755085237324
16213 1 1634603 0.9166667 21.72921900637448
16214 1 1378327 0.90697676 36.894163000397384
16215 1 1134571 0.969697 18.1431130040437
16216 1 1233636 0.972973 26.77462191786617
16217 1 850208 0.9459459 25.942970998585224
16218 1 1119023 0.94285715 22.186484071426094
16219 1 1062427 0.93939394 17.188648926094174
16220 1 1043076 0.90697676 37.95344696845859
16221 1 1664280 0.925 31.879901071079075
16222 1 1636134 0.94285715 20.714724902063608
16223 1 1032701 0.972973 26.11154003534466
16224 1 994274 0.9705882 18.51022895425558
16225 1 1979698 0.90909094 15.730840968899429
16226 1 1284934 0.9722222 22.66894595231861
16227 1 1339818 0.975 33.27736502978951
16228 1 1462820 0.90625 15.779840992763638
16229 1 1132835 0.9 28.329459950327873
16230 1 1139424 0.975 32.48653397895396
16231 1 1160542 0.9 33.8365170173347
16232 1 1986402 0.9047619 33.20997394621372
16233 1 1246676 0.94871795 29.89247301593423
16234 1 1069458 0.9714286 19.93810699786991
16235 1 1161132 0.9677419 14.443740015849471
16236 1 1803429 0.90909094 17.001801053993404
16237 1 1195154 0.9714286 20.125310053117573
16238 1 1035073 0.9714286 20.05188202019781
16239 1 1444039 0.95 31.531041022390127
16240 1 1176128 0.9512195 34.3492740066722
16241 1 1599166 0.969697 17.077459953725338
16242 1 782665 0.9268293 37.46797004714608
16243 1 174335 0.9117647 20.743614993989468
16244 1 1007165 0.93939394 16.834473004564643
16245 1 1558662 0.94285715 20.7930930191651
16246 1 1515538 0.96875 15.848229988478124
16247 1 1470517 0.9230769 28.30072899814695
16248 1 1009192 0.9268293 32.56222896743566
16249 1 1558828 0.9411765 18.99485196918249
16250 1 1451664 0.9714286 22.670049918815494
16251 1 229513 0.972973 26.359137031249702
16252 1 19682 0.975 34.33971095364541
16253 1 240855 0.9166667 25.918178027495742
16254 1 552788 0.9459459 26.456044055521488
16255 1 1255258 1.0 33.26397109776735
16256 1 1614530 0.972973 24.462644942104816
16257 1 183425 0.969697 15.938666998408735
16258 1 1271533 0.92105263 26.554153067991138
16259 1 1087051 0.90697676 33.97468605544418
16260 1 1422792 0.974359 28.599499026313424
16261 1 532672 0.9117647 17.04741595312953
16262 1 1778368 0.9375 14.758507953956723
16263 1 1016090 0.9411765 19.513626932166517
16264 1 1506021 0.90697676 38.938206038437784
16265 1 672418 0.9756098 34.45854294113815
16266 1 1471468 0.9 30.802307999692857
16267 1 1724751 0.9756098 33.44024997204542
16268 1 805967 0.9714286 19.973700982518494
16269 1 1545506 0.969697 19.06833006069064
16270 1 1419815 0.9230769 31.303395982831717
16271 1 2998 0.9142857 20.34493803512305
16272 1 1153108 0.9285714 35.621732007712126
16273 1 1484802 0.94736844 27.25825400557369
16274 1 1196912 0.94285715 21.840550005435944
16275 1 477121 0.9166667 25.992052047513425
16276 1 2087782 0.969697 19.117718911729753
16277 1 1337366 1.0 20.22426901385188
16278 1 555083 0.9 34.88931595347822
16279 1 1428659 0.972973 25.10127902496606
16280 1 857199 0.9705882 19.003140041604638
16281 1 264718 0.9230769 27.300307992845774
16282 1 1545487 0.9166667 22.74307399056852
16283 1 31991 0.969697 16.178231104277074
16284 1 1051718 0.90909094 38.11078693252057
16285 1 1455243 0.9047619 35.48052301630378
16286 1 999478 0.92105263 27.59201603475958
16287 1 591804 0.90697676 38.11095503624529
16288 1 1549582 0.93939394 16.754459007643163
16289 1 1292160 0.969697 15.775072039104998
16290 1 1161376 0.9189189 26.32354001980275
16291 1 983557 0.9756098 33.00817194394767
16292 1 1624610 0.9459459 25.68208600860089
16293 1 924602 0.9142857 19.756798050366342
16294 1 1668035 0.9375 15.49003494437784
16295 1 1544485 0.90909094 15.451897983439267
16296 1 1147164 0.9459459 25.44631389901042
16297 1 1217627 0.9705882 18.56612099800259
16298 1 1199484 0.9117647 19.009437994100153
16299 1 1259174 0.93939394 16.132793040014803
16300 1 1520479 0.972973 28.116392088122666
16301 1 1353587 0.902439 30.92944505624473
16302 1 1471468 0.975 33.49589998833835
16303 1 1178271 0.972973 24.451178032904863
16304 1 1434609 0.902439 38.1267589982599
16305 1 1627022 0.96875 14.60773404687643
16306 1 1496133 0.9117647 17.26552494801581
16307 1 1414619 0.9736842 26.40416705980897
16308 1 1292605 0.972973 24.285617051646113
16309 1 1075592 0.9411765 19.201097078621387
16310 1 1233046 0.96875 15.243588015437126
16311 1 672418 0.9756098 34.65237992350012
16312 1 1071658 0.9 30.63547902274877
16313 1 1707001 0.96875 14.576933928765357
16314 1 1367067 1.0 25.309705990366638
16315 1 1664059 0.9 29.487976105883718
16316 1 1531274 0.9736842 26.35450498200953
16317 1 1292091 0.9756098 33.035634085536
16318 1 1356740 0.96875 14.271493069827557
16319 1 1526119 0.9047619 36.91607096698135
16320 1 501311 0.94736844 27.27809001225978
16321 1 1105436 0.9285714 37.55580191500485
16322 1 381294 0.9117647 18.56974803376943
16323 1 1853846 0.9166667 22.392721963115036
16324 1 1452629 0.9722222 23.196239955723286
16325 1 1195248 0.96875 14.447671943344176
16326 1 858994 0.90697676 37.001174059696496
16327 1 1140615 0.9736842 26.500457082875073
16328 1 1041227 0.975 30.389367952011526
16329 1 1182752 0.96875 15.930348075926304
16330 1 500576 0.96875 14.339760062284768
16331 1 1201072 0.9047619 34.307956928387284
16332 1 1468432 0.9166667 22.02454605139792
16333 1 1441484 0.972973 28.471475932747126
16334 1 867888 0.9411765 19.858594983816147
16335 1 551916 0.925 34.070132998749614
16336 1 545494 0.972973 26.485088979825377
16337 1 1460143 0.9736842 26.82299993466586
16338 1 837331 0.94285715 20.879947929643095
16339 1 2094506 0.9047619 38.20125001948327
16340 1 2077403 0.9444444 25.08181892335415
16341 1 1405556 0.969697 16.329350997693837
16342 1 569722 0.9459459 26.08582004904747
16343 1 1104170 0.9189189 25.574321975000203
16344 1 1102436 0.96875 15.190084930509329
16345 1 1446286 0.972973 25.173444068059325
16346 1 1650429 0.9142857 21.361051010899246
16347 1 1931389 0.9411765 19.652279908768833
16348 1 1356740 0.90909094 16.160115017555654
16349 1 952592 0.9268293 33.3922520512715
16350 1 1605285 0.975 30.24925896897912
16351 1 1068624 0.90909094 19.90076806396246
16352 1 1650536 0.90909094 19.924099906347692
16353 1 1215312 0.974359 30.641061952337623
16354 1 182226 0.969697 15.974776004441082
16355 1 1070474 0.972973 24.50511301867664
16356 1 1550511 0.9705882 18.71776592452079
16357 1 1414313 0.9722222 24.64517904445529
16358 1 1297083 0.9166667 26.871191919781268
16359 1 1138557 0.9268293 37.2588150203228
16360 1 1005184 0.9142857 21.549942903220654
16361 1 1132931 0.9705882 19.910336937755346
16362 1 239355 0.9375 16.098223975859582
16363 1 1620249 0.902439 35.5347350705415
16364 1 1198082 0.902439 35.88170406874269
16365 1 654191 0.90909094 17.615524935536087
16366 1 1301611 0.9375 15.030737034976482
16367 1 1387204 0.9705882 19.129673019051552
16368 1 1077783 0.94871795 29.383498011156917
16369 1 1433081 0.9117647 18.18192598875612
16370 1 250946 0.974359 30.12300794944167
16371 1 1388564 0.9189189 27.436478063464165
16372 1 2048158 0.90909094 15.744726057164371
16373 1 2019445 0.93939394 15.01988002564758
16374 1 822667 0.93939394 14.820987940765917
16375 1 822360 0.9459459 25.251621031202376
16376 1 2075144 0.90909094 15.616101096384227
16377 1 1229751 0.9411765 19.001974957063794
16378 1 1358111 1.0 27.840247959829867
16379 1 1118929 0.902439 32.31857903301716
16380 1 1341796 0.92105263 31.31228091660887
16381 1 121587 0.92105263 30.175399966537952
16382 1 1016090 0.9411765 19.76623700466007
16383 1 1025000 0.925 32.65874495264143
16384 1 437947 0.94285715 21.242356044240296
16385 1 1247426 0.9142857 19.655160955153406
16386 1 1485003 0.9677419 14.290928025729954
16387 1 858279 0.974359 30.434280983172357
16388 1 1003329 0.9 37.50214504543692
16389 1 1455087 0.9756098 33.7945690844208
16390 1 823398 0.93939394 17.115556984208524
16391 1 1087482 0.90909094 15.909439069218934
16392 1 1114568 0.9 30.346333049237728
16393 1 1694896 0.9047619 37.698810920119286
16394 1 1170652 0.9285714 37.843871978111565
16395 1 850072 0.9268293 33.40817498974502
16396 1 1430320 0.9677419 14.766899053938687
16397 1 1100058 0.9459459 25.485399062745273
16398 1 1186899 0.9512195 37.35606907866895
16399 1 5787 0.975 31.80148999672383
16400 1 849790 0.972973 25.37291997577995
16401 1 1177043 0.925 32.983952085487545
16402 1 980844 0.9736842 28.856092947535217
16403 1 1123233 0.9117647 18.434543046168983
16404 1 1423016 0.9714286 21.30795200355351
16405 1 1184375 0.96875 16.881317016668618
16406 1 1905751 0.9714286 21.441682009026408
16407 1 1056879 0.9230769 33.74133794568479
16408 1 1056093 0.92105263 30.27137101162225
16409 1 1556311 0.974359 30.149490106850863
16410 1 1056535 0.9375 16.054721898399293
16411 1 537193 0.969697 19.179690978489816
16412 1 434400 0.969697 16.17594191338867
16413 1 1428659 0.972973 25.94523096922785
16414 1 807445 0.9722222 24.206880014389753
16415 1 1104914 0.94736844 28.157643973827362
16416 1 1099860 0.9714286 20.887600956484675
16417 1 1273558 1.0 17.628672998398542
16418 1 2080419 0.9736842 28.71303993742913
16419 1 1457368 0.9117647 17.13088492397219
16420 1 551631 0.9047619 37.002986995503306
16421 1 1053815 0.974359 28.91009603627026
16422 1 1189660 0.9736842 26.374905020929873
16423 1 1415082 0.9705882 18.426151014864445
16424 1 1441484 0.972973 26.681068004108965
16425 1 1206020 0.9714286 20.127175957895815
16426 1 1124151 0.9756098 35.77387996483594
16427 1 409918 0.9705882 21.20098192244768
16428 1 1517678 0.9411765 17.201369046233594
16429 1 1341064 1.0 32.44984208140522
16430 1 2038469 0.975 33.223925973288715
16431 1 1478342 0.94871795 30.138853937387466
16432 1 1033836 0.902439 34.39014696050435
16433 1 1016432 0.9714286 22.52808993216604
16434 1 1470937 0.9375 15.145392040722072
16435 1 1593934 0.94871795 30.149669968523085
16436 1 1944236 0.96875 16.578111913986504
16437 1 1190346 0.974359 32.20519400201738
16438 1 1334313 0.9756098 35.90096498373896
16439 1 1286722 1.0 30.483250971883535
16440 1 1848900 0.902439 34.726441954262555
16441 1 1724751 0.9756098 33.43578800559044
16442 1 1467622 0.96875 14.545621001161635
16443 1 1505757 0.9512195 32.01321803499013
16444 1 1531274 0.9736842 26.07854804955423
16445 1 1425144 0.9736842 28.80439395084977
16446 1 1307847 0.9714286 20.218490972183645
16447 1 345444 0.9705882 21.339613012969494
16448 1 1095589 0.9705882 19.32921400293708
16449 1 1624305 0.9736842 30.047985026612878
16450 1 1328739 0.9 33.699568011797965
16451 1 1632660 0.9736842 27.34118199441582
16452 1 1494354 0.90697676 35.42240499518812
16453 1 882301 0.9705882 18.452920950949192
16454 1 1443124 0.972973 24.369057966396213
16455 1 1137250 0.96875 14.32243303861469
16456 1 1510910 0.9285714 35.55127000436187
16457 1 1131899 0.925 31.065337010659277
16458 1 1155557 0.96875 15.378196956589818
16459 1 1046796 0.9722222 24.03118903748691
16460 1 1041459 0.9 33.3754449384287
16461 1 1560742 0.90697676 35.01707105897367
16462 1 409918 0.9705882 20.152377081103623
16463 1 1143999 0.9444444 23.699890007264912
16464 1 540274 0.9459459 25.17842606175691
16465 1 1186704 0.9268293 32.821813016198575
16466 1 1132931 0.9705882 18.48037203308195
16467 1 1117257 0.9047619 34.028077963739634
16468 1 1475796 0.93939394 15.029532019980252
16469 1 1464805 0.9 39.725245092995465
16470 1 1495420 0.9714286 21.40196505934
16471 1 1185333 0.9444444 24.505451088771224
16472 1 1305476 0.9444444 25.339197949506342
16473 1 1523352 0.969697 20.184931927360594
16474 1 1074856 0.9705882 20.783939049579203
16475 1 1624610 0.9189189 26.70900395605713
16476 1 1026678 0.9512195 37.964660907164216
16477 1 601378 0.925 34.358290024101734
16478 1 873787 0.9375 15.920990030281246
16479 1 1135343 0.9714286 21.798180998302996
16480 1 545708 0.9722222 26.748581090942025
16481 1 386240 0.9722222 28.28168892301619
16482 1 637095 0.93939394 21.93621196784079
16483 1 1490734 0.93939394 20.19843994639814
16484 1 1178968 0.90625 16.29795099142939
16485 1 1429466 0.9166667 22.26881799288094
16486 1 1465931 0.9117647 21.105449995957315
16487 1 981569 0.94736844 27.3386420449242
16488 1 1017673 0.9714286 21.04709402192384
16489 1 1394241 0.969697 16.394215053878725
16490 1 676835 0.975 32.09221502766013
16491 1 1627059 0.9230769 33.551165950484574
16492 1 1056879 0.9230769 36.826202063821256
16493 1 1554629 0.9 31.476676929742098
16494 1 1827104 0.9411765 22.086536046117544
16495 1 1041227 0.975 31.37138392776251
16496 1 535905 0.9 30.23831103928387
16497 1 1405983 0.974359 28.66344596259296
16498 1 841991 0.9714286 20.146701019257307
16499 1 1478342 0.974359 30.671495012938976
16500 1 992085 0.9189189 24.45993002038449
16501 1 1195411 0.9444444 24.662981973960996
16502 1 1064132 0.969697 16.727096983231604
16503 1 2344113 0.969697 16.868998995050788
16504 1 1327492 1.0 16.01782301440835
16505 1 1464419 0.9 35.28209892101586
16506 1 1107101 0.9117647 17.48167409095913
16507 1 835654 0.9 27.395488927140832
16508 1 1271456 0.90909094 15.685138991102576
16509 1 1077783 0.94871795 27.39391301292926
16510 1 617873 0.925 36.18614806327969
16511 1 1768765 0.972973 26.305078994482756
16512 1 1002090 0.9375 14.946632902137935
16513 1 1304774 0.9722222 24.45816295221448
16514 1 827390 0.9736842 27.979442034848034
16515 1 1544819 0.94871795 31.115874066017568
16516 1 1533047 0.972973 25.216754991561174
16517 1 981569 0.94736844 27.095145895145833
16518 1 2113772 0.9230769 28.20470603182912
16519 1 1553716 0.92105263 31.398614053614438
16520 1 2073040 0.974359 30.34048597328365
16521 1 998231 0.96875 16.32844703271985
16522 1 2354351 0.94871795 27.15426799841225
16523 1 855001 0.9117647 17.183408024720848
16524 1 382436 0.975 30.406996957026422
16525 1 1193466 0.902439 39.35719805303961
16526 1 1199879 0.9444444 24.282512022182345
16527 1 1137246 0.9 30.408885097131133
16528 1 1225131 0.9714286 20.147884963080287
16529 1 1196560 0.90909094 37.30684204492718
16530 1 1567515 0.9705882 18.193825031630695
16531 1 1086949 0.94871795 29.738649958744645
16532 1 535308 0.974359 28.732342994771898
16533 1 1334702 0.92105263 26.303042890504003
16534 1 823055 0.93939394 16.500223893672228
16535 1 620315 0.9736842 26.528166024945676
16536 1 1503425 0.9 31.80144797079265
16537 1 1079897 0.9285714 37.444984074682
16538 1 1441484 0.9 37.378087057732046
16539 1 1277672 0.9705882 18.297969945706427
16540 1 2078663 0.9714286 20.05141496192664
16541 1 1636134 0.94285715 20.920378039591014
16542 1 1625106 0.9047619 32.514852937310934
16543 1 1448742 0.94736844 27.474200003780425
16544 1 1531599 0.9 29.856731998734176
16545 1 1157829 0.9375 14.93456691969186
16546 1 1423016 0.9714286 20.252701942808926
16547 1 1637445 0.902439 34.36173498630524
16548 1 1183849 0.94285715 21.853600977919996
16549 1 64396 0.90909094 17.685941071249545
16550 1 2134678 0.969697 19.09080392215401
16551 1 2038469 0.975 34.125532023608685
16552 1 1401557 0.9705882 20.606844103895128
16553 1 1574873 0.975 31.35077201295644
16554 1 1467667 0.974359 29.66903999913484
16555 1 239355 0.9375 15.267456998117268
16556 1 639557 0.9411765 19.59396305028349
16557 1 1202415 0.9705882 20.613593980669975
16558 1 2089831 0.9 29.36204196885228
16559 1 983235 0.9117647 17.891547991894186
16560 1 1278552 0.9459459 26.26608405262232
16561 1 1161376 0.9722222 25.18170198891312
16562 1 1055541 0.93939394 16.85237803030759
16563 1 1033633 0.90909094 15.87944501079619
16564 1 824532 0.9117647 17.176100984215736
16565 1 1591397 0.974359 29.0845149429515
16566 1 1185525 0.9166667 21.468222956173122
16567 1 1425937 0.9756098 34.20735604595393
16568 1 1468474 0.96875 14.499993063509464
16569 1 1608557 0.9705882 18.545245053246617
16570 1 1139534 0.94285715 20.80769999884069
16571 1 1961358 0.93939394 16.462791012600064
16572 1 1259927 0.9411765 20.62594296876341
16573 1 1641653 0.9268293 38.67342008743435
16574 1 1164303 0.9166667 20.698292995803058
16575 1 1295745 0.9444444 23.920327075757086
16576 1 1251852 0.94871795 29.66153307352215
16577 1 1198920 0.92105263 26.35827602352947
16578 1 1052113 0.9736842 26.352755026891828
16579 1 1155170 0.9230769 28.475494938902557
16580 1 2038469 0.975 33.26080006081611
16581 1 626396 0.9 29.63610296137631
16582 1 1004728 0.972973 25.11814795434475
16583 1 1077850 0.974359 31.82755596935749
16584 1 639453 0.975 34.61844194680452
16585 1 1268741 1.0 33.3848160225898
16586 1 1512652 0.9705882 18.384287948720157
16587 1 1619152 0.90909094 17.820377019234
16588 1 1400209 0.9 52.507920074276626
16589 1 1066878 0.90909094 41.785794077441096
16590 1 1073838 0.95348835 37.95755701139569
16591 1 644319 0.92 52.85724194254726
16592 1 1612583 0.9791667 45.66456796601415
16593 1 1006957 0.9782609 43.09462197124958
16594 1 1478497 0.90384614 53.351662936620414
16595 1 1446875 0.9130435 46.78510897792876
16596 1 1515202 0.9 54.29054703563452
16597 1 1293281 0.902439 39.40611507277936
16598 1 634058 0.97619045 35.74104094877839
16599 1 1207052 0.95454544 39.94182194583118
16600 1 1387975 0.97727275 38.22936106007546
16601 1 2114380 0.9183673 51.83947808109224
16602 1 602141 0.9111111 48.297778936102986
16603 1 1421668 0.9111111 45.16359907574952
16604 1 1440495 0.92 53.406308055855334
16605 1 1093039 0.9782609 41.35259089525789
16606 1 1096336 0.97727275 39.66672800015658
16607 1 1194335 0.98 50.90856598690152
16608 1 1196786 0.9047619 44.11932604853064
16609 1 1465923 0.9183673 48.61971305217594
16610 1 575618 0.9318182 42.366609908640385
16611 1 1178987 0.9111111 40.64398992341012
16612 1 1420647 0.97959185 47.844895045273006
16613 1 1451003 0.9347826 43.699330068193376
16614 1 1791028 0.902439 38.97625603713095
16615 1 643979 0.90697676 40.579771040938795
16616 1 980433 0.97727275 40.39611096959561
16617 1 1044971 0.9347826 46.794884954579175
16618 1 1002260 0.9183673 50.90022797230631
16619 1 937012 0.9791667 46.10540496651083
16620 1 1307691 0.92 51.29955697339028
16621 1 1021497 0.97959185 46.48362100124359
16622 1 1464615 0.9166667 49.67472096905112
16623 1 981160 0.93333334 41.927704005502164
16624 1 237709 0.9411765 50.040657981298864
16625 1 644149 0.9166667 46.57104494981468
16626 1 1611747 0.97959185 47.032815986312926
16627 1 2430221 0.9767442 37.66898508183658
16628 1 1058079 0.9767442 37.781166029162705
16629 1 1505609 0.9756098 36.73758904915303
16630 1 846566 0.93333334 44.47745799552649
16631 1 1799792 0.98 45.78693595249206
16632 1 1155325 0.92156863 51.164392032660544
16633 1 1350652 0.92156863 49.21403992921114
16634 1 1477490 0.9777778 41.210763971321285
16635 1 1394292 0.94 50.02146097831428
16636 1 1021228 0.9056604 52.520984900183976
16637 1 1291994 0.9756098 34.838816965930164
16638 1 1614501 0.90909094 38.67145103868097
16639 1 1654557 0.9787234 45.79446301795542
16640 1 1288377 0.9791667 44.487512088380754
16641 1 963078 0.9111111 45.83830200135708
16642 1 1086292 0.9183673 49.95975806377828
16643 1 1498556 0.9019608 53.842175053432584
16644 1 1102080 0.9130435 42.29955608025193
16645 1 1319728 0.9111111 41.91509902011603
16646 1 643899 0.9111111 38.715502014383674
16647 1 1842907 0.9302326 40.88413994759321
16648 1 817323 0.9 52.30917502194643
16649 1 1296456 0.9183673 52.24734696093947
16650 1 855598 0.95652175 43.02003199700266
16651 1 1443989 0.902439 38.82907098159194
16652 1 1095092 0.98039216 47.358929994516075
16653 1 657277 0.9285714 37.436011945828795
16654 1 65601 0.97727275 37.78687899466604
16655 1 853894 0.9375 49.86610694322735
16656 1 1431574 0.98 49.11345604341477
16657 1 1399654 0.9787234 44.728469918482006
16658 1 1180282 0.9782609 41.58552410081029
16659 1 825883 0.9111111 40.5959349591285
16660 1 1181415 0.9787234 45.036265975795686
16661 1 2220691 0.9318182 43.03343896754086
16662 1 1688192 0.9130435 43.379041948355734
16663 1 2412768 0.9166667 49.17481611482799
16664 1 1106465 0.9148936 46.155837015248835
16665 1 1633394 0.9111111 45.75488902628422
16666 1 1584274 0.9361702 45.25868804194033
16667 1 439216 0.9 54.9724439624697
16668 1 350039 0.9375 54.386902949772775
16669 1 1523785 0.9782609 46.81446705944836
16670 1 1294395 0.9166667 53.820975008420646
16671 1 1187189 0.9183673 54.0119051001966
16672 1 2225784 0.902439 41.553837014362216
16673 1 2087279 0.9777778 44.28636399097741
16674 1 2094033 0.93333334 43.982893927022815
16675 1 1045480 0.94 48.15648403018713
16676 1 1791115 0.9047619 41.58866300713271
16677 1 859538 0.97959185 46.01091402582824
16678 1 1099911 0.95238096 35.98433395382017
16679 1 1664329 0.9767442 37.01110009569675
16680 1 1592776 0.9148936 44.17064809240401
16681 1 1508770 0.9166667 45.2339060138911
16682 1 1442168 0.9148936 48.80948306526989
16683 1 1368143 0.97727275 39.6969459252432
16684 1 266801 0.9318182 39.54819904174656
16685 1 1291214 0.90697676 42.215181048959494
16686 1 1412332 0.90909094 41.90159204881638
16687 1 1865311 0.9183673 47.0977210206911
16688 1 1495314 0.90384614 50.99660099949688
16689 1 350039 0.93877554 48.81805903278291
16690 1 1435258 0.9130435 44.39304501283914
16691 1 1208807 0.9019608 51.47534504067153
16692 1 843810 0.9787234 42.94341697823256
16693 1 1203256 0.9019608 53.3427270129323
16694 1 1160814 0.9318182 40.12985294684768
16695 1 1420001 0.9074074 50.99876702297479
16696 1 150647 0.9148936 48.64386795088649
16697 1 976933 0.902439 38.78489090129733
16698 1 1113542 0.97959185 46.146812033839524
16699 1 1054572 0.9347826 43.38705400004983
16700 1 529625 0.95348835 39.4803830422461
16701 1 1119447 0.9047619 38.49193803034723
16702 1 1638035 0.97619045 34.5482409466058
16703 1 1367800 0.95238096 36.07680392451584
16704 1 1541321 0.9607843 48.5895830206573
16705 1 1605429 0.98 48.61545702442527
16706 1 1356208 0.9 49.929993925616145
16707 1 1009917 0.9791667 45.60235096141696
16708 1 1639467 0.9111111 44.92540599312633
16709 1 1012296 0.94 47.73584904614836
16710 1 1203381 0.9791667 45.56834895629436
16711 1 1424738 0.9777778 39.83635897748172
16712 1 1257699 0.95555556 44.12909992970526
16713 1 1065327 0.9777778 44.202755903825164
16714 1 2109202 0.90384614 56.509049027226865
16715 1 1045433 0.9574468 48.36711392272264
16716 1 1113215 0.98 49.56325003877282
16717 1 1606126 0.9375 48.372013960033655
16718 1 1065411 0.93333334 45.438139932230115
16719 1 1430515 0.90909094 53.328764042817056
16720 1 1571000 0.97959185 46.651169075630605
16721 1 1479917 0.9347826 45.127816032618284
16722 1 1606519 0.90384614 50.137212965637445
16723 1 1304303 0.92 46.267054975032806
16724 1 2334342 0.9183673 51.513056037947536
16725 1 1400018 0.9787234 44.2057519685477
16726 1 1490787 0.9347826 43.1750399293378
16727 1 1082940 0.98039216 48.5194600187242
16728 1 834599 0.95555556 39.92793499492109
16729 1 1498556 0.97959185 47.86588693968952
16730 1 1013703 0.9767442 38.02978794556111
16731 1 1259347 0.92 51.26025702338666
16732 1 2093345 0.94 48.40026900637895
16733 1 1513644 0.9411765 50.58255395852029
16734 1 1182959 0.9056604 55.22460991051048
16735 1 1487597 0.902439 40.82057694904506
16736 1 1339853 1.0 35.69043695461005
16737 1 1061197 0.9767442 38.47813606262207
16738 1 1513644 0.9411765 53.41285606846213
16739 1 1081600 0.9787234 47.62963391840458
16740 1 1540603 0.9074074 54.48513699229807
16741 1 1151245 0.9767442 39.910149993374944
16742 1 1565650 0.9347826 45.59320106636733
16743 1 1145116 0.93333334 41.314147994853556
16744 1 1500289 0.9 53.61730291042477
16745 1 1440929 0.90384614 51.08965199906379
16746 1 981167 0.9302326 39.633483975194395
16747 1 1483828 0.92156863 51.52360303327441
16748 1 1056037 0.9423077 50.45342701487243
16749 1 1300448 0.9111111 48.339782981202006
16750 1 771390 0.9166667 51.8220670055598
16751 1 2087956 0.9411765 53.015867015346885
16752 1 1500314 0.9607843 50.04996701609343
16753 1 2088384 0.94 51.98892601765692
16754 1 1406278 0.9777778 43.36182202678174
16755 1 1058079 0.9767442 39.04575691558421
16756 1 1799851 0.94 48.95911400672048
16757 1 1467026 0.9423077 49.77269109804183
16758 1 1200383 0.97727275 37.98225906211883
16759 1 2093443 0.9056604 52.34247795306146
16760 1 1181587 0.92 52.11068503558636
16761 1 1447377 0.9047619 42.78745502233505
16762 1 1047847 0.9183673 50.64819101244211
16763 1 1200645 0.97727275 38.78209297545254
16764 1 2092890 0.9130435 46.2198139866814
16765 1 1106228 0.9318182 42.77507308870554
16766 1 1447457 0.98 50.67786294966936
16767 1 1500980 0.90384614 53.79059095866978
16768 1 1445593 0.9787234 45.787692070007324
16769 1 1015705 0.9148936 45.6887879408896
16770 1 845276 0.97619045 37.25979395676404
16771 1 1855968 0.9166667 46.43510200548917
16772 1 1120881 0.92 49.94512896519154
16773 1 2094544 0.9148936 47.45714890304953
16774 1 1244234 0.98 57.33333597891033
16775 1 1197329 0.9047619 43.79866202361882
16776 1 701001 0.9787234 46.993428026326
16777 1 1136016 0.98 52.30924300849438
16778 1 1039916 0.97727275 45.33382807858288
16779 1 2113039 0.9130435 54.3852390255779
16780 1 2111203 0.97959185 49.47902797721326
16781 1 2257451 0.9 51.03113502264023
16782 1 1274397 0.92 53.80364402662963
16783 1 1095722 0.9767442 41.922432952560484
16784 1 1302360 0.9148936 55.76680798549205
16785 1 1088797 0.92 55.287968018092215
16786 1 708896 0.97619045 35.165111999958754
16787 1 1299441 0.9166667 46.947889029979706
16788 1 1086732 0.9047619 38.78760093357414
16789 1 1959630 0.98 46.17432306986302
16790 1 1473704 0.94 49.81927399057895
16791 1 810011 0.9183673 52.67295707017183
16792 1 1637588 0.9782609 43.04408095777035
16793 1 1045276 0.9 48.60938305500895
16794 1 1190508 0.9111111 44.70186401158571
16795 1 1387975 0.97727275 38.25360897462815
16796 1 986011 0.9361702 48.27987996395677
16797 1 1141287 0.97727275 41.99502803385258
16798 1 582544 0.95348835 39.21069297939539
16799 1 1409428 0.97727275 38.914586999453604
16800 1 1037123 0.90909094 45.33265996724367
16801 1 994936 0.95555556 42.981017963029444
16802 1 1619449 0.92156863 52.00006696395576
16803 1 1222794 0.94 50.44028698466718
16804 1 1628988 0.94 49.3607489624992
16805 1 1135365 0.9347826 42.34311997424811
16806 1 1459960 0.92 49.589928006753325
16807 1 439552 0.95555556 41.29504901356995
16808 1 1490305 0.9285714 39.69351702835411
16809 1 1021497 0.97959185 48.447733046486974
16810 1 1476174 0.9111111 42.20815689768642
16811 1 1025266 0.9777778 41.63621901534498
16812 1 448868 0.95652175 42.9161119973287
16813 1 1152334 0.9347826 44.409009045921266
16814 1 1400870 0.92156863 49.99704798683524
16815 1 1270242 0.9787234 43.99649798870087
16816 1 614425 0.9111111 49.14312902837992
16817 1 1609012 0.9230769 52.86035209428519
16818 1 981299 0.9166667 45.75554095208645
16819 1 1035400 0.9791667 45.78962398227304
16820 1 1984706 0.97959185 47.32503497507423
16821 1 1301284 0.9782609 43.59007894527167
16822 1 1845094 0.92 53.94735303707421
16823 1 937663 0.92156863 52.38923500292003
16824 1 1139279 0.97727275 40.059208986349404
16825 1 1052829 0.93333334 41.33328306488693
16826 1 1797857 0.9411765 49.221493070945144
16827 1 1022454 0.9361702 44.15277892258018
16828 1 1447556 0.9791667 47.7392430184409
16829 1 592276 0.90909094 46.241174917668104
16830 1 2086334 0.9375 48.1410309439525
16831 1 988843 0.9777778 40.25566205382347
16832 1 2081066 0.9787234 42.5476300297305
16833 1 1633403 0.97959185 45.883057988248765
16834 1 1259742 0.9347826 41.65801696944982
16835 1 1484405 0.90384614 52.8699109563604
16836 1 158426 0.9782609 43.575486983172596
16837 1 1106841 0.9777778 41.5081309620291
16838 1 1278641 0.902439 39.28092401474714
16839 1 1865311 0.9183673 45.80725496634841
16840 1 1458659 0.9111111 42.036403086967766
16841 1 1510072 0.9 53.98270103614777
16842 1 2090002 0.94 49.74699695594609
16843 1 1606519 0.90384614 51.85076594352722
16844 1 1093233 0.9074074 52.75620799511671
16845 1 1210019 0.9166667 50.41748797520995
16846 1 789576 0.90384614 53.908898029476404
16847 1 1444331 0.9375 45.8846059627831
16848 1 61878 0.92156863 50.52906193304807
16849 1 1158604 0.9787234 45.86179298348725
16850 1 1080616 0.9183673 50.730439950712025
16851 1 624029 0.9787234 47.932646004483104
16852 1 2038471 0.9756098 37.119570071808994
16853 1 1586168 0.9787234 44.04910595621914
16854 1 592197 0.90909094 41.93114791996777
16855 1 2091187 0.9411765 49.511765013448894
16856 1 1555445 0.9791667 45.607635052874684
16857 1 2085689 0.9411765 51.23063095379621
16858 1 1062989 0.95555556 44.19708496425301
16859 1 1414203 0.98 51.215501967817545
16860 1 1504355 0.9183673 50.01817306037992
16861 1 1622056 0.9183673 50.53412902634591
16862 1 391118 0.9047619 38.54006202891469
16863 1 1437236 0.9183673 46.60349804908037
16864 1 2094243 0.9361702 45.485473005101085
16865 1 981299 0.9166667 49.60997204761952
16866 1 1625268 0.9047619 42.88950504269451
16867 1 1463126 0.90697676 42.1705050393939
16868 1 1031036 0.9230769 51.07229400891811
16869 1 1401607 0.97727275 41.11765208654106
16870 1 609191 0.9777778 42.90281294379383
16871 1 1094368 0.90909094 41.2999460240826
16872 1 1636603 0.9019608 52.38912091590464
16873 1 1072549 0.9056604 54.47042896412313
16874 1 1301747 0.9777778 44.67738408129662
16875 1 1556018 0.98 47.448030090890825
16876 1 350039 0.9183673 51.39013601001352
16877 1 1671130 0.97619045 36.45371296443045
16878 1 65601 0.97727275 38.983450969681144
16879 1 2093228 0.9111111 38.54310908354819
16880 1 1425001 0.902439 38.82776398677379
16881 1 1529848 0.9782609 41.69782507233322
16882 1 879878 0.9230769 51.502402988262475
16883 1 1531976 0.9111111 44.495922047644854
16884 1 1524424 0.98 51.30329204257578
16885 1 1335717 0.93333334 41.89491900615394
16886 1 1437036 0.90697676 38.901236024685204
16887 1 1825647 0.9411765 50.15652207657695
16888 1 1044694 0.90909094 48.70231507811695
16889 1 2091571 0.9423077 56.08070199377835
16890 1 1844575 0.95652175 48.39484707918018
16891 1 1191989 0.9375 49.68244303017855
16892 1 1460072 0.9791667 49.68252498656511
16893 1 741237 0.97727275 44.14204694330692
16894 1 1031999 0.9591837 50.62790296506137
16895 1 1471943 0.9411765 52.732564974576235
16896 1 1005425 0.95238096 40.37998500280082
16897 1 1489189 0.9791667 49.622384016402066
16898 1 1394555 0.9245283 52.664421033114195
16899 1 1482323 0.9148936 45.91767396777868
16900 1 1176711 0.9423077 49.98696502298117
16901 1 1255319 1.0 46.90304503310472
16902 1 350039 0.9166667 49.62493909988552
16903 1 1044660 0.9074074 51.23332201037556
16904 1 1554949 0.98039216 47.48135700356215
16905 1 1391913 0.97959185 46.17967503145337
16906 1 1471792 0.9767442 38.727706065401435
16907 1 1842907 0.95238096 37.96974604483694
16908 1 1481340 0.9 52.62222699820995
16909 1 914995 0.92156863 50.62061897478998
16910 1 1176622 0.9411765 50.108366063795984
16911 1 764029 0.97619045 36.919011967256665
16912 1 1842907 0.9302326 40.92630196828395
16913 1 1129310 0.9056604 51.500736037269235
16914 1 1160814 0.9318182 41.0866440506652
16915 1 1248256 0.98039216 47.922505997121334
16916 1 1108716 0.9782609 41.73491906840354
16917 1 1174260 0.9782609 42.23356896545738
16918 1 1152072 0.9767442 37.96867094933987
16919 1 1176701 0.90909094 38.532598060555756
16920 1 1302227 0.9 51.36431590653956
16921 1 1167369 0.90909094 46.18281708098948
16922 1 1435686 0.9148936 44.81530794873834
16923 1 1349529 0.9782609 43.01446792669594
16924 1 1069121 0.97959185 45.961232972331345
16925 1 1028074 0.97959185 45.06378201767802
16926 1 1529848 0.9782609 41.40071396250278
16927 1 1429265 0.90909094 45.083482982590795
16928 1 1133134 0.9361702 47.60901699773967
16929 1 1191087 0.9375 44.683607993647456
16930 1 2051539 0.9111111 45.51972693298012
16931 1 1211984 0.9361702 45.75745400507003
16932 1 1492227 0.9183673 47.19083698000759
16933 1 350039 0.9375 47.869228990748525
16934 1 1619366 0.9787234 47.31705307494849
16935 1 934348 0.9230769 51.95543100126088
16936 1 593780 0.9047619 40.655071032233536
16937 1 1191989 0.97959185 46.020991052500904
16938 1 858257 0.90909094 38.634467986412346
16939 1 1669880 0.9245283 52.12059896439314
16940 1 1615684 0.9111111 40.68065294995904
16941 1 1409780 0.9361702 43.870713911019266
16942 1 1592288 0.97959185 45.408617006614804
16943 1 1440328 0.95348835 38.65767503157258
16944 1 1387975 0.97727275 38.1010320270434
16945 1 1597167 0.9183673 49.86392904538661
16946 1 1529278 0.9019608 48.49450394976884
16947 1 1182959 0.9056604 54.161261999979615
16948 1 350039 0.9 51.19220202323049
16949 1 1151245 0.9767442 38.09781698510051
16950 1 1443310 0.92156863 50.85598793812096
16951 1 1006696 0.9787234 42.80116595327854
16952 1 1091444 0.9791667 50.18842208664864
16953 1 1232024 0.9 52.786619984544814
16954 1 1959630 0.98 46.99012800119817
16955 1 1572067 0.9767442 39.10401894245297
16956 1 543548 0.9148936 48.02144807763398
16957 1 1007696 0.9166667 45.35570100415498
16958 1 2470089 0.90909094 44.77798205334693
16959 1 1229636 0.9019608 55.47533603385091
16960 1 2086953 0.9166667 48.626487026922405
16961 1 855356 0.9767442 40.619186009280384
16962 1 1511793 0.98 50.496369949541986
16963 1 1176422 0.97959185 50.217622076161206
16964 1 668936 0.9047619 42.28837008122355
16965 1 1349529 0.9782609 45.95670499838889
16966 1 1218159 0.9411765 52.33083292841911
16967 1 1133074 0.9433962 51.924504921771586
16968 1 847532 0.9130435 47.993383021093905
16969 1 552356 0.9047619 42.15603100601584
16970 1 1494263 0.90384614 53.88204101473093
16971 1 468415 0.9148936 50.92268099542707
16972 1 861885 0.97959185 44.995391042903066
16973 1 139990 0.9302326 39.232393028214574
16974 1 1101106 0.95238096 36.71529400162399
16975 1 1555464 0.9130435 47.093563014641404
16976 1 1449644 0.9259259 56.17827002424747
16977 1 1407281 0.90384614 52.850337931886315
16978 1 1036056 0.9111111 45.2803400112316
16979 1 1033024 0.90909094 45.66993797197938
16980 1 1019172 0.93333334 43.76937006600201
16981 1 1081634 0.9361702 46.62752407602966
16982 1 1054164 0.9756098 36.755095003172755
16983 1 1042246 0.98 50.143196946009994
16984 1 1128477 0.9183673 54.65868103783578
16985 1 1210019 0.9 55.19513203762472
16986 1 1075879 0.95652175 44.38215401023626
16987 1 1357209 0.98039216 49.30114489980042
16988 1 587421 0.90909094 46.21413804125041
16989 1 1797721 0.97959185 47.40552301518619
16990 1 1207693 0.9767442 36.69613692909479
16991 1 1168070 0.9782609 42.52934397663921
16992 1 1020224 0.9361702 44.15043198969215
16993 1 1822083 0.9 49.82572700828314
16994 1 623624 0.92 51.06630199588835
16995 1 1557640 0.97727275 42.427264037542045
16996 1 1487367 0.9767442 38.40552899055183
16997 1 1482908 0.98039216 51.56657099723816
16998 1 25727 0.9148936 46.96624702773988
16999 1 1074473 0.9130435 47.03947599045932
17000 1 1553103 0.90909094 41.95023898500949
17001 1 830352 0.92156863 53.16808191128075
17002 1 1353872 0.9302326 38.40201301500201
17003 1 1116203 0.902439 38.814984960481524
17004 1 1141632 0.9166667 45.57222104631364
17005 1 1364926 0.9148936 48.725083004683256
17006 1 625216 0.92156863 49.79287495370954
17007 1 1613699 0.9361702 45.15517200343311
17008 1 1561556 0.92156863 56.853282963857055
17009 1 981167 0.9302326 39.84773496631533
17010 1 1265863 0.9787234 42.4096699571237
17011 1 1050665 0.92156863 49.127100966870785
17012 1 1328115 0.9166667 46.58128600567579
17013 1 1060976 0.9130435 47.00590297579765
17014 1 620951 0.9791667 46.062220935709774
17015 1 1199645 0.9318182 40.43116304092109
17016 1 1503247 0.97727275 38.09325199108571
17017 1 449201 0.97619045 34.617563942447305
17018 1 1844554 0.92 46.571803046390414
17019 1 1437231 0.98 47.77992295566946
17020 1 1469481 0.98 47.694623935967684
17021 1 1471571 0.9111111 43.351938016712666
17022 1 1498871 0.95348835 39.77466409560293
17023 1 593993 0.97959185 45.1503680087626
17024 1 1134022 0.9047619 38.58919406775385
17025 1 1089097 0.9056604 51.5578769845888
17026 1 1493004 0.9259259 51.53974494896829
17027 1 1058066 0.95348835 40.67260003648698
17028 1 1438317 0.90384614 52.1922439802438
17029 1 815617 0.9130435 43.624615063890815
17030 1 158426 0.9782609 44.757460011169314
17031 1 1094278 0.9361702 45.750104007311165
17032 1 350039 0.9 52.73865000344813
17033 1 1439631 0.98 48.52320998907089
17034 1 1396242 0.90384614 51.2334059458226
17035 1 1472264 0.9047619 40.925772045738995
17036 1 1591668 0.97727275 38.4349130326882
17037 1 1016203 0.90697676 40.86151905357838
17038 1 1291421 0.9756098 34.67660793103278
17039 1 1636728 0.97959185 46.3750590570271
17040 1 1633263 0.9777778 43.91788400243968
17041 1 1517218 0.92156863 50.40403304155916
17042 1 1169386 0.9230769 52.12414392735809
17043 1 1435237 0.97959185 47.310535912401974
17044 1 1122877 0.9411765 50.17750302795321
17045 1 1507528 0.98 46.21261404827237
17046 1 1442728 0.90697676 44.67123805079609
17047 1 981160 0.93333334 42.72552696056664
17048 1 1495314 0.90384614 51.573186996392906
17049 1 2094963 0.9411765 48.69850794784725
17050 1 1016711 0.9230769 51.86382797546685
17051 1 1616007 0.9756098 36.19243099819869
17052 1 1134798 0.9148936 51.100153010338545
17053 1 1525315 0.9166667 51.1916009709239
17054 1 427285 0.902439 39.16234301868826
17055 1 643607 0.97727275 39.931623032316566
17056 1 1154527 0.95454544 40.30258301645517
17057 1 1266019 1.0 33.35014102049172
17058 1 1631047 0.97619045 34.493882092647254
17059 1 1098513 0.9302326 39.70088507048786
17060 1 1169386 0.9230769 51.6182720893994
17061 1 1171405 0.9074074 53.12503105960786
17062 1 669471 0.9777778 39.63797108735889
17063 1 815617 0.9130435 41.89847502857447
17064 1 1011896 0.97727275 39.961699047125876
17065 1 595603 0.95454544 40.003300993703306
17066 1 1652320 0.9074074 55.21671799942851
17067 1 2445636 0.9782609 42.01303701847792
17068 1 1423081 0.9183673 45.38858600426465
17069 1 2430221 0.9767442 36.84838209301233
17070 1 1009917 0.9791667 44.83908507972956
17071 1 1096736 0.9166667 44.93973799981177
17072 1 1062989 0.95555556 43.600621982477605
17073 1 1498136 0.90697676 43.66266098804772
17074 1 1088797 0.92 49.827929004095495
17075 1 1251240 0.9787234 42.49409702606499
17076 1 1636603 0.9019608 50.53433298598975
17077 1 1532048 0.95454544 39.60960102267563
17078 1 1905683 0.9791667 48.50680998060852
17079 1 774365 0.9148936 46.46346694789827
17080 1 1399626 0.9433962 50.75720511376858
17081 1 649534 0.90909094 42.012248071841896
17082 1 2113166 0.9361702 45.641507022082806
17083 1 1192839 0.97619045 34.52099091373384
17084 1 2087627 0.9347826 45.717474073171616
17085 1 350039 0.9 54.025522083975375
17086 1 1387975 0.97727275 39.68804096803069
17087 1 1430515 0.90909094 52.78143601026386
17088 1 1493097 0.92727274 51.53258505742997
17089 1 1435303 0.9298246 51.75177496857941
17090 1 1006768 0.9245283 56.96552596054971
17091 1 1274099 0.94827586 56.610706029459834
17092 1 1495431 0.9019608 53.85301494970918
17093 1 258989 0.90163934 51.797115011140704
17094 1 1125423 0.9206349 51.822416950017214
17095 1 1527236 0.9166667 52.08139994647354
17096 1 1606287 0.9811321 51.39185499865562
17097 1 1233432 0.96666664 48.528947052545846
17098 1 1177219 0.9807692 48.22106205392629
17099 1 1960506 0.9354839 50.090794917196035
17100 1 1005722 0.9 56.29335099365562
17101 1 1000922 0.9310345 54.74433593917638
17102 1 623325 0.98333335 49.44626800715923
17103 1 621198 0.9310345 54.11252297926694
17104 1 1816327 0.98245615 49.66788098681718
17105 1 1053372 0.9322034 54.15023700334132
17106 1 1200805 0.9322034 57.03100096434355
17107 1 1434216 0.90384614 57.740680989809334
17108 1 1606519 0.9074074 57.302761008031666
17109 1 1236448 0.9056604 55.179190007038414
17110 1 1464500 0.91071427 54.685681010596454
17111 1 1357042 0.9122807 54.27818500902504
17112 1 1628059 0.9285714 53.281781962141395
17113 1 1801697 0.91525424 52.67259490210563
17114 1 998230 0.9166667 49.66004204470664
17115 1 1505184 0.9137931 52.24218498915434
17116 1 1002216 0.9818182 48.479821998625994
17117 1 855031 0.9811321 52.14872304350138
17118 1 807566 0.9285714 53.05844999384135
17119 1 1289156 0.9032258 50.188630935736
17120 1 1843899 0.9818182 50.05560303106904
17121 1 1049444 0.9814815 48.7792759668082
17122 1 1521688 0.9 54.22700406052172
17123 1 1099247 0.9322034 54.928487981669605
17124 1 1067127 0.9807692 48.9103770814836
17125 1 1121132 0.98275864 49.05866296030581
17126 1 1419783 0.9056604 52.61045694351196
17127 1 1530916 0.93333334 49.07863098196685
17128 1 1650306 0.9285714 52.659561042673886
17129 1 2087566 0.94545454 51.94739799480885
17130 1 1457357 0.9285714 51.500311004929245
17131 1 1493720 0.9032258 52.636069944128394
17132 1 480293 0.9811321 48.287373036146164
17133 1 1801697 0.91525424 53.03422803990543
17134 1 1270461 0.9807692 50.470319925807416
17135 1 1650306 0.90909094 53.625768050551414
17136 1 1260037 0.9032258 52.929267985746264
17137 1 1626472 0.98214287 48.92275098245591
17138 1 1654933 0.9807692 47.730457969009876
17139 1 1429998 0.9259259 51.53062706813216
17140 1 1346465 0.9 54.622463998384774
17141 1 1853325 0.90163934 51.7500409623608
17142 1 1001262 0.9322034 52.73989192210138
17143 1 1067732 0.90384614 52.39246494602412
17144 1 1507202 0.9814815 51.40595103148371
17145 1 1512470 0.9310345 54.39885798841715
17146 1 1467273 0.9814815 50.642022979445755
17147 1 1652669 0.98245615 49.449291080236435
17148 1 1141960 0.98245615 48.86284109670669
17149 1 1054619 0.9 51.20073398575187
17150 1 1652309 0.9807692 48.33196604158729
17151 1 1302744 0.91803277 55.078342906199396
17152 1 1535082 0.90163934 54.724426940083504
17153 1 1188887 0.9 51.70541408006102
17154 1 1270461 0.9807692 48.03849896416068
17155 1 1179804 0.90909094 53.814532002434134
17156 1 1709152 0.9830508 51.23600899241865
17157 1 1084152 0.9032258 51.27123498823494
17158 1 1413243 0.9122807 52.37395700532943
17159 1 1489270 0.98275864 49.2169609060511
17160 1 1630124 0.9245283 51.332377013750374
17161 1 1136792 0.9285714 50.94648199155927
17162 1 1074055 0.92727274 53.935610922053456
17163 1 555360 0.9661017 49.08238095231354
17164 1 1348194 0.9056604 53.440453950315714
17165 1 1466162 0.921875 50.51581794396043
17166 1 1596759 0.98333335 47.11565398611128
17167 1 1005171 0.94827586 57.47331294696778
17168 1 835978 0.9814815 50.372227909974754
17169 1 1449990 0.9122807 52.74971295148134
17170 1 1182842 0.9818182 49.476152984425426
17171 1 301941 0.98333335 46.78209708072245
17172 1 1113534 0.91525424 52.410854026675224
17173 1 1664989 0.9423077 52.813409944064915
17174 1 1055971 0.9122807 52.83822410274297
17175 1 258989 0.90163934 50.99151493050158
17176 1 627690 0.9259259 51.8007850041613
17177 1 1274099 0.94827586 49.82630896847695
17178 1 1226344 0.98214287 48.82295394781977
17179 1 2093245 0.9433962 52.87635396234691
17180 1 1851128 0.91803277 52.67760099377483
17181 1 998447 0.93333334 50.77308299951255
17182 1 1504611 0.9074074 53.49341104738414
17183 1 1927567 0.9 52.84197709988803
17184 1 1609774 0.90625 53.72695601545274
17185 1 1727887 0.9814815 48.39248303323984
17186 1 1573583 0.9137931 52.4640140356496
17187 1 1629928 0.9259259 51.50405608583242
17188 1 1171660 0.9 50.32143299467862
17189 1 1792303 0.93650794 54.08829404041171
17190 1 1634623 0.9 56.206336012110114
17191 1 822232 0.9814815 49.33000402525067
17192 1 72752 0.92727274 53.268422023393214
17193 1 1194459 0.98214287 49.99243107158691
17194 1 1172241 0.98333335 50.12047605123371
17195 1 1573014 0.98245615 49.74148899782449
17196 1 1600553 0.90163934 51.94630695041269
17197 1 1485664 0.9818182 54.037965019233525
17198 1 1225985 0.9818182 53.5501129925251
17199 1 1128467 0.91803277 54.07805601134896
17200 1 1409635 0.9032258 54.557733004912734
17201 1 1376938 0.9322034 53.96200099494308
17202 1 1011673 0.94545454 50.67450599744916
17203 1 1436546 0.9310345 51.703588920645416
17204 1 1432332 0.9508197 49.03702193405479
17205 1 1428371 0.98214287 49.05056499410421
17206 1 2034530 0.92156863 55.10338302701712
17207 1 1182608 0.90384614 52.578191040083766
17208 1 1105414 0.90909094 52.73863300681114
17209 1 987849 0.96153843 50.77143001835793
17210 1 1236577 0.98214287 52.28225304745138
17211 1 1020198 0.91525424 56.45843595266342
17212 1 1486824 0.9814815 50.174349918961525
17213 1 1021174 0.962963 49.49532204773277
17214 1 1116005 0.9818182 51.000347011722624
17215 1 1325905 0.93442625 53.29509999137372
17216 1 1848468 0.93442625 52.90895397774875
17217 1 2418562 0.9019608 54.41192595753819
17218 1 1071541 0.9074074 56.22075602877885
17219 1 1801408 0.9074074 54.9971709260717
17220 1 1400104 0.98039216 47.929445980116725
17221 1 1551383 0.93333334 50.402943044900894
17222 1 1513644 0.9230769 55.52487203385681
17223 1 1605174 0.9032258 50.99267198238522
17224 1 1663421 0.9259259 51.80472100619227
17225 1 1405299 0.90163934 53.29973401967436
17226 1 1424505 0.90163934 52.60412010829896
17227 1 1443709 0.9298246 51.564199035055935
17228 1 1451179 0.9423077 52.1872480167076
17229 1 1288801 0.9 54.04094199184328
17230 1 864943 0.9814815 50.692926975898445
17231 1 1639459 0.90909094 53.67448693141341
17232 1 1486234 0.9122807 53.75795892905444
17233 1 1149414 0.9137931 54.32314006611705
17234 1 1449990 0.9122807 52.56683100014925
17235 1 1605298 0.98214287 48.8487429684028
17236 1 1417330 0.91935486 51.37778492644429
17237 1 1055981 0.91525424 52.447063964791596
17238 1 839735 0.9137931 52.22499300725758
17239 1 1265007 0.9032258 53.82374906912446
17240 1 1507128 0.9807692 47.951766988262534
17241 1 669607 0.9032258 51.75293609499931
17242 1 1179850 0.92727274 52.526714047417045
17243 1 1614947 0.98245615 49.2831360315904
17244 1 1140546 0.90163934 58.78092302009463
17245 1 1277562 0.9811321 50.43007398489863
17246 1 1088816 0.9814815 50.55748100858182
17247 1 1566584 0.9423077 52.16029507573694
17248 1 1543764 0.9807692 49.58956397604197
17249 1 1021507 0.9122807 57.45320406276733
17250 1 1338606 0.94545454 51.11123900860548
17251 1 1294872 0.92727274 51.10063694883138
17252 1 1444629 0.9310345 53.10194496996701
17253 1 1802831 0.93442625 49.06972998287529
17254 1 1800896 0.9 53.331785020418465
17255 1 1505984 0.90163934 55.38584792520851
17256 1 1167581 0.9433962 50.97051395568997
17257 1 1057361 0.9245283 51.94002401549369
17258 1 563457 0.98275864 48.093312070705
17259 1 1019104 0.91803277 49.80126698501408
17260 1 1404990 0.9464286 52.67910996917635
17261 1 1282420 0.9122807 56.2104299897328
17262 1 106631 0.98333335 47.56536893546581
17263 1 1085422 0.98214287 48.94522100221366
17264 1 1063073 0.98245615 49.8400719370693
17265 1 998230 0.9166667 50.78488599974662
17266 1 1492688 0.90625 53.596540936268866
17267 1 1153585 0.9622642 50.31451489776373
17268 1 1095022 0.9814815 48.089336953125894
17269 1 1663421 0.90909094 52.69692500587553
17270 1 1447881 0.90909094 52.11646400857717
17271 1 1611163 0.9047619 50.90591299813241
17272 1 1059447 0.98275864 51.85886798426509
17273 1 1310313 0.90163934 52.557763061486185
17274 1 1508442 0.91525424 53.76891698688269
17275 1 1693794 0.9137931 56.35902297217399
17276 1 1022162 0.96666664 50.09555700235069
17277 1 1492761 0.98245615 51.12965404987335
17278 1 1052646 0.9259259 51.57861392945051
17279 1 1518740 0.9811321 48.42438898049295
17280 1 698339 0.9245283 51.96631094440818
17281 1 1484600 0.9310345 50.948485964909196
17282 1 1486643 0.98275864 49.4458400644362
17283 1 990390 0.9166667 53.517329040914774
17284 1 1286666 0.9310345 51.774800987914205
17285 1 1522542 0.9047619 51.16330296732485
17286 1 1485664 0.9818182 49.65423606336117
17287 1 823745 0.9 53.98481199517846
17288 1 1270461 0.9807692 51.08839797321707
17289 1 1789726 0.92156863 53.45055600628257
17290 1 1091101 0.9814815 49.644733080640435
17291 1 1239576 0.9807692 48.05162304546684
17292 1 1379085 0.91803277 50.19476800225675
17293 1 1093920 0.9 52.74555296637118
17294 1 394071 0.91525424 56.06564797926694
17295 1 1987405 0.9298246 51.74315196927637
17296 1 1797066 0.9807692 48.13885409384966
17297 1 1106952 0.9807692 48.06042101699859
17298 1 1206265 0.9807692 48.25009999331087
17299 1 1178154 0.94736844 51.82918906211853
17300 1 1270185 0.9464286 53.04968892596662
17301 1 1617181 0.9 52.71987395826727
17302 1 1408271 0.9056604 52.74809699039906
17303 1 1272302 0.9245283 51.0525549761951
17304 1 1495396 0.9137931 52.283838973380625
17305 1 1224235 0.98245615 51.14758911076933
17306 1 1372315 0.92727274 53.57499804813415
17307 1 1596650 0.9 52.31726006604731
17308 1 1147285 0.91525424 52.28832399006933
17309 1 1634943 0.9122807 51.963420934043825
17310 1 1613188 0.9285714 52.08614910952747
17311 1 862396 0.9032258 53.43452398665249
17312 1 1713253 0.98333335 47.60034999344498
17313 1 1619928 0.9047619 50.71924696676433
17314 1 1409018 0.94545454 51.31010396871716
17315 1 1270461 0.9807692 48.36848599370569
17316 1 1511467 0.92727274 55.81424594856799
17317 1 1628625 0.91935486 51.5174379106611
17318 1 827007 0.9814815 48.73192904051393
17319 1 1124580 0.92727274 52.2862080251798
17320 1 855431 0.9444444 52.50208207871765
17321 1 1095212 0.9137931 57.17064393684268
17322 1 1082605 0.90384614 52.980390028096735
17323 1 1106766 0.9 51.65625095833093
17324 1 1433247 0.9310345 50.87195697706193
17325 1 1120485 0.9672131 51.61163199227303
17326 1 1391809 0.98275864 52.066915086470544
17327 1 1632206 0.9074074 56.700530112721026
17328 1 1985310 0.91071427 56.874089990742505
17329 1 1099361 0.9818182 53.41672198846936
17330 1 1413273 0.9032258 53.38333698455244
17331 1 1627885 0.98275864 50.95759604591876
17332 1 1556097 0.9 54.86577900592238
17333 1 1047776 0.9807692 49.576597986742854
17334 1 301941 0.98333335 47.681963071227074
17335 1 1438982 0.9259259 51.33059900254011
17336 1 998283 0.9032258 51.13875702954829
17337 1 819602 0.9322034 51.18951993063092
17338 1 1428676 0.90163934 58.55760304257274
17339 1 1555778 0.93333334 51.46386497654021
17340 1 1987660 0.93333334 50.82562495954335
17341 1 1033241 0.9047619 50.73825397994369
17342 1 1128978 0.9811321 48.20856393780559
17343 1 1480212 0.92727274 56.2877330230549
17344 1 1527155 0.9137931 54.428803035989404
17345 1 1418711 0.9811321 48.424455919303
17346 1 797820 0.9285714 52.327697980217636
17347 1 1340349 0.9298246 52.68501001410186
17348 1 1404990 0.9464286 54.62586705107242
17349 1 1453056 0.9047619 53.08216507546604
17350 1 1793804 0.90909094 52.74619103875011
17351 1 1614714 0.9811321 47.81042400281876
17352 1 1079893 0.90909094 56.84629897587001
17353 1 586163 0.90625 55.55535899475217
17354 1 566325 0.9137931 56.732423952780664
17355 1 971460 0.96428573 55.55240111425519
17356 1 1441091 0.96666664 51.063550054095685
17357 1 972692 0.9310345 52.30705498252064
17358 1 20847 0.98333335 50.9974219603464
17359 1 1417332 0.9818182 51.33828695397824
17360 1 1416087 0.9032258 52.63921106234193
17361 1 1303111 0.94736844 50.02170498482883
17362 1 1484598 0.94545454 51.41503701452166
17363 1 394071 0.91525424 53.342390921898186
17364 1 1718536 0.9285714 51.61072395276278
17365 1 1101820 0.9818182 52.25649103522301
17366 1 1150302 0.94736844 52.809176966547966
17367 1 107614 0.93650794 52.03769193030894
17368 1 1254159 0.90163934 50.334095023572445
17369 1 1618629 0.9074074 52.979401079937816
17370 1 1606499 0.98333335 51.30337201990187
17371 1 1065645 0.93333334 51.57627700828016
17372 1 1079893 0.90909094 52.8876039898023
17373 1 558723 0.9298246 51.88511195592582
17374 1 1616273 0.98245615 48.98005595896393
17375 1 1557747 0.9814815 47.827951959334314
17376 1 1066021 0.9433962 54.2426579631865
17377 1 1607554 0.9818182 50.83637603092939
17378 1 1803257 0.9074074 55.226547992788255
17379 1 1272144 0.91803277 56.35573994368315
17380 1 1002264 0.98214287 53.92395693343133
17381 1 817721 0.9298246 60.080814990215
17382 1 1628059 0.9285714 53.400701959617436
17383 1 1440505 0.98214287 50.018626963719726
17384 1 1294807 0.9298246 51.80294893216342
17385 1 1125554 0.9245283 51.05405393987894
17386 1 1572509 0.9047619 51.21456098277122
17387 1 1296048 0.9433962 52.95227200258523
17388 1 1214371 0.98039216 48.15577110275626
17389 1 1519773 0.9298246 52.28314199484885
17390 1 1054393 0.98245615 48.84308704640716
17391 1 1062196 0.98275864 51.41951492987573
17392 1 1404554 0.90163934 54.44667395204306
17393 1 1561973 0.94736844 53.27285104431212
17394 1 1236665 0.98214287 49.88585307728499
17395 1 1664818 0.98275864 47.92893503326923
17396 1 1456419 0.92727274 51.50599998887628
17397 1 1612584 0.91803277 50.57446809951216
17398 1 1632437 0.9285714 54.89083589054644
17399 1 1522071 0.9298246 53.63604798913002
17400 1 2055286 0.9285714 50.8727430133149
17401 1 1154126 0.91935486 50.26219307910651
17402 1 644158 0.90163934 52.10007098503411
17403 1 1158252 0.98039216 48.30375895835459
17404 1 1002347 0.9032258 53.850309923291206
17405 1 345064 0.9 53.414819994941354
17406 1 1136060 0.9375 49.75721298251301
17407 1 1400328 0.91525424 52.71243897732347
17408 1 2045234 0.90384614 53.02813299931586
17409 1 1108930 0.9166667 54.6803429024294
17410 1 1557924 0.9032258 53.56674606446177
17411 1 589450 0.9 53.83354099467397
17412 1 640203 0.9830508 48.5670609632507
17413 1 1114048 0.9122807 52.58422903716564
17414 1 1398756 0.9032258 52.784631960093975
17415 1 1520856 0.9047619 69.40932106226683
17416 1 1570951 0.90163934 63.46702901646495
17417 1 1125667 0.91071427 63.4456449188292
17418 1 1530908 0.98214287 55.92051101848483
17419 1 1335504 0.91935486 60.79534103628248
17420 1 1986011 0.9 54.143261979334056
17421 1 1053620 0.98245615 51.46853404585272
17422 1 1257709 0.9830508 60.45962998177856
17423 1 1570166 0.9 62.22719303332269
17424 1 1406729 0.91803277 56.888644001446664
17425 1 1063073 0.98245615 48.96158189512789
17426 1 1146217 0.9166667 53.68979997001588
17427 1 1140942 0.9122807 52.4313390487805
17428 1 1131669 0.9032258 54.83822803944349
17429 1 1605174 0.9032258 54.29835501126945
17430 1 1413424 0.9137931 55.808278964832425
17431 1 1610169 0.98333335 49.495414015837014
17432 1 1422849 0.91525424 54.39110298175365
17433 1 1226073 0.9047619 53.47338295541704
17434 1 1085663 0.90163934 57.147448998875916
17435 1 1115499 0.9 56.72703392338008
17436 1 1113413 0.91803277 56.43100501038134
17437 1 1475963 0.9245283 53.31802100408822
17438 1 1624474 0.9814815 51.21643794700503
17439 1 1797066 0.9807692 48.851247993297875
17440 1 1531350 0.9166667 54.23474090639502
17441 1 1010110 0.93442625 50.04175193607807
17442 1 1744149 0.9807692 47.81873500905931
17443 1 1301971 0.98245615 49.18528092093766
17444 1 1985310 0.91071427 52.303773001767695
17445 1 1495396 0.9310345 54.19466597959399
17446 1 1487731 0.9818182 50.79785699490458
17447 1 1460345 0.9310345 53.86365298181772
17448 1 1563911 0.98333335 47.53878898918629
17449 1 1501339 0.9811321 48.445593914948404
17450 1 1201765 0.98039216 48.169374000281096
17451 1 1614777 0.9032258 54.09964302089065
17452 1 1297182 0.98039216 49.19586202595383
17453 1 1068043 0.9137931 53.78616903908551
17454 1 1499461 0.96363634 50.734146032482386
17455 1 2111345 0.9423077 50.645309034734964
17456 1 1190286 0.9814815 48.37683402001858
17457 1 1415596 0.98245615 51.29039310850203
17458 1 1536524 0.9056604 54.07858605030924
17459 1 1015445 0.9354839 50.80573493614793
17460 1 1639456 0.98245615 49.23785093706101
17461 1 1024928 0.9166667 49.782389076426625
17462 1 533221 0.9818182 51.99140904005617
17463 1 1114920 0.9 53.157604997977614
17464 1 1007530 0.9285714 52.53336997702718
17465 1 1478249 0.98333335 47.70576802548021
17466 1 1662496 0.98214287 47.893701936118305
17467 1 638387 0.90384614 53.2543360022828
17468 1 1200743 0.9 56.03223596699536
17469 1 1142820 0.93333334 52.34161298722029
17470 1 1984381 0.9056604 54.74087793845683
17471 1 1493609 0.9 52.87413694895804
17472 1 1466332 0.9047619 51.00216995924711
17473 1 1471265 0.9285714 55.65227405168116
17474 1 1047275 0.98275864 50.08063791319728
17475 1 1799269 0.9122807 53.70086897164583
17476 1 1032280 0.9032258 53.08461200911552
17477 1 1426869 0.9807692 48.99845609907061
17478 1 1203752 0.9354839 51.45970906596631
17479 1 1413299 0.9259259 53.149354993365705
17480 1 1503178 0.9322034 50.33968493808061
17481 1 1299604 0.9 53.28928597737104
17482 1 1470002 0.9047619 50.06433301605284
17483 1 1272302 0.9245283 51.9049329450354
17484 1 1609342 0.93333334 53.050698013976216
17485 1 1556733 0.91803277 53.74712706543505
17486 1 1803101 0.9298246 50.52317003719509
17487 1 1197953 0.90384614 53.01739007700235
17488 1 1172365 0.90163934 52.7711269678548
17489 1 821270 0.91803277 54.05804701149464
17490 1 1087736 0.9830508 52.09449294488877
17491 1 1300840 0.9298246 51.736833062022924
17492 1 106631 0.98333335 47.21641703508794
17493 1 1319136 0.9137931 52.07834707107395
17494 1 1056998 0.9830508 48.53760497644544
17495 1 1410754 0.91803277 56.262977072037756
17496 1 1270461 0.9807692 49.36266993172467
17497 1 1296048 0.9259259 51.42883607186377
17498 1 1515123 0.90909094 52.563197910785675
17499 1 1615449 0.9818182 49.00710401125252
17500 1 1628380 0.9811321 48.38528006803244
17501 1 1468721 0.9 55.65375299192965
17502 1 1495396 0.9310345 51.55874008778483
17503 1 1155590 0.91071427 52.396956947632134
17504 1 1431190 0.9 52.23878403194249
17505 1 1270461 0.9807692 47.63579904101789
17506 1 1473715 0.91935486 50.406652968376875
17507 1 1492406 0.9166667 53.84209402836859
17508 1 1181201 0.9649123 49.84440095722675
17509 1 1483251 0.98333335 47.737877001054585
17510 1 1141701 0.9 53.99005603976548
17511 1 1619279 0.91071427 52.0931490464136
17512 1 1128732 0.9830508 50.11104396544397
17513 1 1512850 0.9411765 50.610951031558216
17514 1 1301862 0.98333335 46.81577207520604
17515 1 2327456 0.9 53.579611936584115
17516 1 1428270 0.9032258 56.42658204305917
17517 1 1559532 0.91803277 58.80496802274138
17518 1 1602759 0.9811321 54.533321992494166
17519 1 1406642 0.9259259 58.178324019536376
17520 1 1984381 0.9056604 55.345139000564814
17521 1 1152252 0.98333335 47.64352401252836
17522 1 1498874 0.91803277 53.327253088355064
17523 1 1190141 0.9259259 60.76571997255087
17524 1 1171405 0.92727274 56.05726200155914
17525 1 1484016 0.98275864 48.796837916597724
17526 1 1418272 0.9807692 48.00941108260304
17527 1 1516712 0.9137931 50.88196403812617
17528 1 1065678 0.9074074 54.98172400984913
17529 1 1415517 0.9811321 48.950028023682535
17530 1 837908 0.9047619 50.37419102154672
17531 1 793576 0.98039216 47.962708049453795
17532 1 1576600 0.9122807 52.17866401653737
17533 1 1498659 0.9285714 55.0605229800567
17534 1 618717 0.9122807 55.43819710146636
17535 1 1407217 0.9818182 48.608678043819964
17536 1 1427689 0.98245615 48.23606996797025
17537 1 1800896 0.98275864 49.086992046795785
17538 1 1096025 0.98039216 54.47327205911279
17539 1 1709152 0.9830508 52.84647096414119
17540 1 1712339 0.9818182 51.358878961764276
17541 1 884740 0.98333335 48.26021194458008
17542 1 1428624 0.9137931 55.393220973201096
17543 1 1270619 0.9322034 55.55739696137607
17544 1 145092 0.98214287 54.15049393195659
17545 1 1023811 0.98275864 53.40875405818224
17546 1 1415841 0.9811321 50.963673973456025
17547 1 419986 0.94736844 51.68902000878006
17548 1 1492389 0.9056604 52.832386922091246
17549 1 1974286 0.95 51.25486897304654
17550 1 2082679 0.9811321 51.32419092115015
17551 1 1195660 0.9166667 50.35274394322187
17552 1 1165670 0.94736844 50.719468970783055
17553 1 1177946 0.9074074 52.62327298987657
17554 1 1000438 0.90163934 53.015110082924366
17555 1 1383449 0.96363634 52.81581706367433
17556 1 1630332 0.93333334 53.940821904689074
17557 1 1444578 0.92727274 51.356315962038934
17558 1 1171296 0.9047619 52.66042903531343
17559 1 1318213 0.9 51.593835931271315
17560 1 1286617 0.9032258 53.176720975898206
17561 1 1528563 0.9230769 54.020331939682364
17562 1 1806998 0.90909094 53.06207900866866
17563 1 1663309 0.9137931 52.19963798299432
17564 1 1281012 0.90163934 50.17841898370534
17565 1 1630734 0.98245615 49.333431059494615
17566 1 1920930 0.90163934 55.067643988877535
17567 1 1974286 0.95 52.41929297335446
17568 1 1100883 0.93333334 50.73984095361084
17569 1 860140 0.91803277 51.17729201447219
17570 1 706873 0.9032258 51.32353806402534
17571 1 1152289 0.9 52.56391002330929
17572 1 1533202 0.9137931 56.4158329507336
17573 1 1419822 0.9310345 52.2894449532032
17574 1 1201916 0.9830508 48.73481404501945
17575 1 1638551 0.9 51.559437066316605
17576 1 1610169 0.96666664 48.13627200201154
17577 1 1491997 0.9814815 52.301473915576935
17578 1 1043210 0.9 55.950269917957485
17579 1 1087504 0.9814815 47.82766802236438
17580 1 1408761 0.9814815 49.16518402751535
17581 1 1149414 0.9137931 53.82337199989706
17582 1 615877 0.9032258 51.76746495999396
17583 1 1497314 0.9245283 52.92559997178614
17584 1 996318 0.9830508 47.86678298842162
17585 1 1374223 0.90163934 50.631233025342226
17586 1 1635018 0.9285714 51.58127099275589
17587 1 1131677 0.9814815 47.76053305249661
17588 1 1092019 0.9054054 38.1913969758898
17589 1 1530643 0.9117647 44.03894301503897
17590 1 1014448 0.9027778 42.15289803687483
17591 1 242470 0.90625 45.217207982204854
17592 1 1102749 0.983871 44.80604897253215
17593 1 2023258 0.921875 45.22205295506865
17594 1 1530692 0.9054054 37.92660194449127
17595 1 982883 0.9375 52.60730197187513
17596 1 1054012 0.90909094 47.841591062024236
17597 1 1204334 0.9117647 44.19358808081597
17598 1 719469 0.90140843 37.997307954356074
17599 1 1519147 0.90140843 37.834255024790764
17600 1 1037678 0.9846154 42.08484897390008
17601 1 1080177 0.92424244 44.07462605740875
17602 1 1652175 0.9076923 46.5137199498713
17603 1 978513 0.9117647 43.252854025922716
17604 1 1298884 0.92424244 45.523424982093275
17605 1 858404 0.9117647 41.551267029717565
17606 1 1081087 0.9117647 43.75958000309765
17607 1 1179485 0.9076923 47.93170606717467
17608 1 993367 0.9047619 52.99852800089866
17609 1 1079477 0.90140843 39.67548697255552
17610 1 1161001 0.90625 50.28322397265583
17611 1 1048927 0.92424244 41.34658898692578
17612 1 1497870 0.92424244 45.42420106008649
17613 1 1059863 0.92424244 45.92151299584657
17614 1 1574598 0.9076923 48.423186992295086
17615 1 1259177 0.93846154 47.95956506859511
17616 1 402660 0.98507464 40.50247301347554
17617 1 1169972 0.9027778 37.973931059241295
17618 1 1482386 0.92424244 43.44861092977226
17619 1 1592664 0.9130435 41.840984020382166
17620 1 1462160 0.92424244 47.65536601189524
17621 1 477212 0.9041096 43.655467103235424
17622 1 402660 0.98507464 41.891071014106274
17623 1 1455521 0.984127 43.49580209236592
17624 1 1053120 0.90909094 47.78553091455251
17625 1 1504174 0.90625 48.38551697321236
17626 1 696520 0.9117647 46.20088008232415
17627 1 1468541 0.92424244 48.0710529955104
17628 1 668845 0.92753625 42.22075501456857
17629 1 508902 0.90625 50.477341981604695
17630 1 1393054 0.9104478 45.76277395244688
17631 1 1213143 0.9047619 49.39721606206149
17632 1 1572190 0.9836066 47.25136805791408
17633 1 1038773 0.92537314 44.822893920354545
17634 1 1249896 0.9166667 39.9175159400329
17635 1 894441 0.983871 48.56083996128291
17636 1 1014127 0.9130435 43.836215045303106
17637 1 953102 0.9076923 49.2610689252615
17638 1 1523176 0.9117647 43.030677014030516
17639 1 1107218 0.9130435 45.40273093152791
17640 1 1468541 0.92424244 46.91994108725339
17641 1 1358043 0.9076923 51.50577798485756
17642 1 1524127 0.9117647 48.380285035818815
17643 1 1099804 0.92537314 53.96200600080192
17644 1 2245020 0.91935486 56.1389341019094
17645 1 978513 0.9117647 44.560656999237835
17646 1 633254 0.9076923 48.54335798881948
17647 1 1406415 0.9411765 42.70176193676889
17648 1 1127031 0.9076923 45.57180101983249
17649 1 1143218 0.9104478 46.46384506486356
17650 1 1830092 0.91935486 48.63386997021735
17651 1 1640984 0.91935486 49.45510998368263
17652 1 668845 0.90140843 40.2586639393121
17653 1 1451777 0.92424244 44.15874008554965
17654 1 1129883 0.91935486 49.44844893179834
17655 1 1416643 0.9411765 43.72306598816067
17656 1 1754882 0.95238096 50.11811095755547
17657 1 1069457 0.94285715 45.30814103782177
17658 1 612154 0.90909094 46.50988697540015
17659 1 385557 0.9206349 47.74040495976806
17660 1 1489622 0.96875 43.68475906085223
17661 1 1848880 0.9076923 46.37911298777908
17662 1 1436910 0.942029 41.77763208281249
17663 1 1409192 0.95384616 47.49103693757206
17664 1 1464376 0.9117647 47.39125398918986
17665 1 894441 0.983871 49.62355399038643
17666 1 1290876 0.9 44.095794088207185
17667 1 1452253 0.9104478 47.75121295824647
17668 1 1472258 0.9117647 43.5985199874267
17669 1 1413240 0.9230769 49.01060299016535
17670 1 1491988 0.984375 47.540466068312526
17671 1 514458 0.9032258 49.59979001432657
17672 1 994791 0.9047619 49.194441991858184
17673 1 1482162 0.9076923 49.641172983683646
17674 1 1078905 0.9117647 43.336753034964204
17675 1 856190 0.9206349 47.71111404988915
17676 1 1436704 0.9848485 45.27182399760932
17677 1 1117294 0.9166667 39.037466049194336
17678 1 1204363 0.90625 47.337280004285276
17679 1 1101100 0.983871 46.26172501593828
17680 1 1308185 0.9130435 42.255884036421776
17681 1 1238312 0.983871 45.082719065248966
17682 1 1773899 0.984127 48.4734590863809
17683 1 719469 0.92753625 40.82380188629031
17684 1 1201622 0.9677419 47.09873709362
17685 1 1420557 0.93939394 43.21244603488594
17686 1 1454207 0.9104478 43.85048896074295
17687 1 1190624 0.9076923 46.56183300539851
17688 1 1479588 0.9130435 45.75562698300928
17689 1 1244621 0.921875 48.385184025391936
17690 1 958596 0.91803277 49.05034601688385
17691 1 1013987 0.90909094 48.07195998728275
17692 1 1071565 0.9104478 43.87713095638901
17693 1 1141281 0.9104478 46.67073593009263
17694 1 1795322 0.9076923 46.469171065837145
17695 1 1156363 0.9117647 49.39218098297715
17696 1 1294014 0.92537314 44.77584094274789
17697 1 1433325 0.90909094 45.79147102776915
17698 1 402660 0.98507464 40.39610305335373
17699 1 1484683 0.9375 45.06391100585461
17700 1 1624531 0.9264706 42.28206898551434
17701 1 1134570 0.9027778 39.63747899979353
17702 1 1900292 0.9206349 49.00837899185717
17703 1 1441827 0.91549295 44.85134896822274
17704 1 1462953 0.9230769 45.323511003516614
17705 1 1640984 0.9047619 45.69354199338704
17706 1 584529 0.9117647 44.050763943232596
17707 1 1561367 0.91935486 53.13680705148727
17708 1 1571042 0.9104478 49.63090305682272
17709 1 1401642 0.9285714 40.59836093802005
17710 1 1452949 0.9117647 50.58145197108388
17711 1 455623 0.9130435 47.01256507541984
17712 1 1035582 0.93939394 51.47321196272969
17713 1 1530692 0.9054054 41.0885289311409
17714 1 1160317 0.9076923 47.960083931684494
17715 1 983874 0.9076923 52.858598064631224
17716 1 1471236 0.98571426 39.341425988823175
17717 1 1575216 0.9130435 41.4685650030151
17718 1 1627521 0.91780823 38.04652497638017
17719 1 1503265 0.93939394 43.54302794672549
17720 1 1382687 0.9264706 47.830809955485165
17721 1 1623502 0.92424244 44.3415999179706
17722 1 1236531 0.9444444 37.78677200898528
17723 1 477212 0.9041096 41.94279795046896
17724 1 1013544 0.9142857 41.88272007741034
17725 1 1605174 0.9354839 48.591440077871084
17726 1 700843 0.9047619 50.97644298803061
17727 1 1079477 0.91549295 40.09162599686533
17728 1 1133685 0.9230769 43.88868296518922
17729 1 1003992 0.9130435 43.968459009192884
17730 1 1640028 0.92424244 46.9079710310325
17731 1 1380869 0.9 42.45101602282375
17732 1 1129883 0.91935486 50.44912197627127
17733 1 1092699 0.9130435 45.035384013317525
17734 1 1790955 0.9305556 39.57968391478062
17735 1 1530275 0.9076923 47.262290958315134
17736 1 861270 0.983871 46.47742991801351
17737 1 1228897 0.90909094 46.003633993677795
17738 1 1207058 0.9 43.05683996062726
17739 1 1573397 0.9375 50.11310300324112
17740 1 1313183 0.98550725 36.38416493777186
17741 1 1617825 0.9076923 49.8937510419637
17742 1 1208768 0.90625 47.68222395796329
17743 1 1437868 0.9076923 45.15082901343703
17744 1 847663 0.93846154 45.03093205858022
17745 1 1773899 0.984127 48.75566600821912
17746 1 1000972 0.94285715 43.490054085850716
17747 1 1013987 0.90909094 48.081230954267085
17748 1 1094235 0.953125 44.44805800449103
17749 1 1425275 0.984375 43.15581498667598
17750 1 1378320 0.9206349 46.89239303115755
17751 1 1842438 0.984127 48.74811298213899
17752 1 1980699 0.9047619 49.05859904829413
17753 1 1464682 0.9047619 49.07258797902614
17754 1 1406415 0.95522386 40.62081407755613
17755 1 1497285 0.9230769 45.84329796489328
17756 1 1438219 0.9117647 42.40126698277891
17757 1 1021436 0.92537314 46.24772001989186
17758 1 982739 0.91549295 39.498864905908704
17759 1 1190188 0.983871 46.6457330621779
17760 1 1476654 0.921875 45.10290292091668
17761 1 627904 0.91935486 48.96767600439489
17762 1 719469 0.90140843 37.83517598640174
17763 1 1112118 0.9402985 44.401571969501674
17764 1 1253839 0.984127 47.79126099310815
17765 1 1652175 0.921875 46.06049496214837
17766 1 1998249 0.98550725 38.57601294294
17767 1 999545 0.9230769 48.693763092160225
17768 1 1349551 0.9104478 45.80618208274245
17769 1 1560379 0.942029 39.57221703603864
17770 1 1415049 0.9848485 45.81384302582592
17771 1 1859191 0.9117647 46.374771976843476
17772 1 1498996 0.91935486 49.51526306103915
17773 1 1125114 0.92753625 39.52818992547691
17774 1 1640984 0.9047619 45.71387195028365
17775 1 1208768 0.90625 47.26124799344689
17776 1 990151 0.94285715 44.394937925972044
17777 1 1495991 0.9 44.16653502266854
17778 1 1640984 0.9047619 47.63761698268354
17779 1 1133322 0.9066667 37.89920290000737
17780 1 1168287 0.90625 47.95090900734067
17781 1 477212 0.9041096 42.87319991271943
17782 1 1170636 0.9859155 39.98815908562392
17783 1 1506750 0.91935486 50.291548948735
17784 1 1038773 0.92537314 41.23818292282522
17785 1 1378320 0.9206349 47.11773700546473
17786 1 813146 0.92537314 43.39464905206114
17787 1 868241 0.92957747 42.94752993155271
17788 1 1049515 0.9076923 50.761020043864846
17789 1 1194200 0.9076923 49.137427005916834
17790 1 1499447 0.90625 54.15285297203809
17791 1 1301763 0.969697 46.388495014980435
17792 1 1476654 0.921875 47.90449608117342
17793 1 1172606 0.90909094 47.52620100043714
17794 1 1606729 0.92424244 46.37125111185014
17795 1 537065 0.9852941 42.664583888836205
17796 1 1379006 0.9041096 39.22078595496714
17797 1 1091190 0.9836066 48.616967047564685
17798 1 700843 0.9047619 47.32813790906221
17799 1 978513 0.9117647 41.69448604807258
17800 1 1150878 0.9206349 46.854806947521865
17801 1 851012 0.91549295 40.74809001758695
17802 1 1059397 0.98550725 41.71486897394061
17803 1 642750 0.90909094 47.61419398710132
17804 1 1106531 0.90625 47.75504593271762
17805 1 1618582 0.9516129 47.695248038508
17806 1 1180443 0.95238096 45.965562923811376
17807 1 2420906 0.92424244 45.9606220247224
17808 1 1605181 0.92424244 43.84214500896633
17809 1 1224473 0.93939394 46.452929032966495
17810 1 1026179 0.9076923 50.12108001392335
17811 1 1632862 0.98571426 36.76486492622644
17812 1 1638985 0.90140843 42.0594890601933
17813 1 1401642 0.9285714 37.39969898015261
17814 1 1492017 0.90625 49.272581934928894
17815 1 1406415 0.95522386 42.34415898099542
17816 1 1254879 0.95238096 48.50543604698032
17817 1 1405530 0.90909094 46.37781600467861
17818 1 1476654 0.921875 45.38737493567169
17819 1 700843 0.9047619 47.98266896978021
17820 1 1640984 0.9047619 48.775277100503445
17821 1 1589981 0.9230769 47.09552391432226
17822 1 1028781 0.91780823 40.04962998442352
17823 1 1575216 0.9130435 40.76796292793006
17824 1 1194228 0.9130435 42.84980695229024
17825 1 1310445 0.9206349 48.51166799198836
17826 1 1143007 0.9848485 42.76335402391851
17827 1 1153159 0.9104478 49.296671990305185
17828 1 1205330 0.94520545 39.695371058769524
17829 1 1574028 0.90625 49.42497797310352
17830 1 1789028 0.93846154 45.13524705544114
17831 1 1433325 0.90909094 45.71557499002665
17832 1 1512551 0.984127 44.90889306180179
17833 1 1441402 0.9692308 47.985953046008945
17834 1 1584642 0.9027778 39.489649003371596
17835 1 1053680 0.95714283 41.05117393191904
17836 1 1070989 0.95238096 45.74363201390952
17837 1 815286 0.9285714 42.1434739837423
17838 1 814694 0.93846154 44.66494300868362
17839 1 1464585 0.9848485 44.82584306970239
17840 1 1799975 0.90909094 51.11531203147024
17841 1 1253839 0.984127 46.71880800742656
17842 1 1061795 0.98571426 38.39889692608267
17843 1 56646 0.92537314 46.97726899757981
17844 1 1233022 0.95238096 46.460552024655044
17845 1 1464585 0.9848485 41.87989793717861
17846 1 615693 0.9444444 40.01615499146283
17847 1 1228897 0.90909094 47.65987896826118
17848 1 1072238 0.9041096 42.210749932564795
17849 1 625989 0.94520545 38.90650800894946
17850 1 868241 0.92957747 39.87175703514367
17851 1 1314390 0.9104478 47.247051959857345
17852 1 622337 0.9 44.83177000656724
17853 1 1484683 0.9375 47.44691401720047
17854 1 1061795 0.98571426 37.40956902038306
17855 1 1143007 0.9848485 43.56133297551423
17856 1 1554920 0.9130435 43.372302083298564
17857 1 1213899 0.90140843 39.15774496272206
17858 1 1497285 0.9230769 47.505731927230954
17859 1 712980 0.9076923 51.845648093149066
17860 1 1773899 0.92537314 42.74461208842695
17861 1 1624869 0.984127 44.78642495814711
17862 1 1085630 0.9117647 41.96042404510081
17863 1 1395208 0.98550725 36.59412695560604
17864 1 1980699 0.9047619 48.05871902499348
17865 1 63374 0.98507464 40.30103806871921
17866 1 856190 0.9206349 51.46173597313464
17867 1 1887886 0.9705882 40.90914805419743
17868 1 1378320 0.9206349 46.709056943655014
17869 1 1466217 0.9027778 37.63667005114257
17870 1 1623502 0.92424244 43.43373200390488
17871 1 1509914 0.92424244 43.958575930446386
17872 1 719469 0.92753625 40.6213040696457
17873 1 1086387 0.9076923 47.63204592745751
17874 1 1194200 0.9076923 47.14103799778968
17875 1 1015040 0.942029 41.512068011797965
17876 1 1663860 0.90625 49.263017950579524
17877 1 1842438 0.984127 45.42795196175575
17878 1 1497285 0.9230769 46.15157004445791
17879 1 888237 0.9852941 43.14542002975941
17880 1 1773899 0.984127 46.49950400926173
17881 1 821020 0.9076923 45.411756029352546
17882 1 1202945 0.942029 39.31228700093925
17883 1 1258029 0.953125 46.132297022268176
17884 1 1044002 0.984375 43.82038302719593
17885 1 1401642 0.9285714 40.16808292362839
17886 1 1038773 0.9117647 44.206656981259584
17887 1 1799975 0.90909094 48.993548029102385
17888 1 1406415 0.9 41.55627207364887
17889 1 1291299 0.91549295 38.74161094427109
17890 1 1608861 0.93846154 46.607016935013235
17891 1 837249 0.9305556 40.70239304564893
17892 1 1707401 0.9852941 42.608015006408095
17893 1 1464585 0.9848485 43.40716591104865
17894 1 1110305 0.9104478 46.46872205194086
17895 1 1984582 0.9206349 51.4823499834165
17896 1 1531675 0.9142857 45.926381018944085
17897 1 1574512 0.90140843 44.14322890806943
17898 1 1616789 0.984127 49.63154799770564
17899 1 1567559 0.9104478 46.37819202616811
17900 1 1510646 0.984375 43.94770506769419
17901 1 1486139 0.91549295 41.93539195694029
17902 1 1530539 0.9230769 48.668910982087255
17903 1 2044636 0.984127 45.22332700435072
17904 1 1409192 0.95384616 45.33372703008354
17905 1 977001 0.90625 49.80805399827659
17906 1 1202945 0.9558824 41.14344599656761
17907 1 1524646 0.91549295 43.948714970611036
17908 1 584529 0.95384616 46.43251595553011
17909 1 868241 0.92957747 38.373876945115626
17910 1 367266 0.9189189 40.07922299206257
17911 1 1014127 0.9130435 44.56000495702028
17912 1 1973187 0.91549295 42.81949205324054
17913 1 1013987 0.90909094 47.40779392886907
17914 1 1158493 0.984375 43.01614291034639
17915 1 1174222 0.983871 49.30934600997716
17916 1 1302331 0.9047619 52.41520202253014
17917 1 1532659 0.9402985 46.593011007644236
17918 1 664375 0.90909094 48.22774592321366
17919 1 56646 0.92537314 50.03902793396264
17920 1 1080177 0.92424244 43.960592010989785
17921 1 642464 0.9402985 41.10795201268047
17922 1 1079477 0.9142857 39.723883965052664
17923 1 1640984 0.9047619 45.162435970269144
17924 1 1560050 0.9142857 45.154404011555016
17925 1 1590533 0.9264706 46.535310917533934
17926 1 346373 0.9846154 44.16460497304797
17927 1 1415770 0.92424244 45.587246073409915
17928 1 63374 0.98507464 39.73904100712389
17929 1 1143623 0.94285715 37.967410986311734
17930 1 561598 0.9076923 50.06299202796072
17931 1 1042105 0.9142857 43.29450102522969
17932 1 1025440 0.91935486 46.91136407200247
17933 1 1773899 0.984127 44.74535200279206
17934 1 1377818 0.94285715 36.97352309245616
17935 1 1205330 0.94520545 37.36301406752318
17936 1 1086748 0.91549295 42.42425598204136
17937 1 1791785 0.92537314 47.32599598355591
17938 1 578772 0.91935486 50.92617601621896
17939 1 1256056 0.9848485 43.106024037115276
17940 1 1532728 0.91935486 50.97903893329203
17941 1 1405530 0.90909094 47.03376104589552
17942 1 1557832 0.90625 51.03438696824014
17943 1 1608782 0.9047619 50.541755044832826
17944 1 1401799 0.9047619 49.0807699970901
17945 1 1428057 0.90625 47.558713937178254
17946 1 1530539 0.9230769 48.86182397603989
17947 1 1900292 0.9206349 47.42323397658765
17948 1 1316144 0.984127 47.32402798254043
17949 1 1266005 0.9 44.406824046745896
17950 1 1445979 0.9047619 48.285297001712024
17951 1 1574028 0.90625 50.58082903269678
17952 1 1697501 0.95384616 45.606302097439766
17953 1 1332745 0.92753625 41.663687909021974
17954 1 1503265 0.95384616 45.48640607390553
17955 1 1461674 0.9076923 51.1660270858556
17956 1 1622692 0.9142857 47.94643598143011
17957 1 1056088 0.96825397 50.45469605829567
17958 1 1226073 0.9206349 53.06929396465421
17959 1 1438156 0.983871 50.4561549751088
17960 1 1017764 0.983871 54.285389953292906
17961 1 1617516 0.9032258 53.2122659496963
17962 1 1275495 0.9076923 50.294929067604244
17963 1 1075596 0.9041096 39.21540500596166
17964 1 1186040 0.90909094 52.96985199674964
17965 1 1104395 0.9846154 45.25004199240357
17966 1 1253839 0.984127 53.85908007156104
17967 1 1415049 0.9848485 45.39071605540812
17968 1 1519361 0.9 44.97589007951319
17969 1 1180307 0.9076923 49.67833391856402
17970 1 945419 0.91549295 37.6920549897477
17971 1 1133826 0.98550725 36.461781011894345
17972 1 1454207 0.9104478 45.62736896332353
17973 1 1259340 0.984127 45.66306993365288
17974 1 1519452 0.90140843 40.91838491149247
17975 1 1039582 0.9 42.05042507965118
17976 1 1143598 0.9852941 41.322000906802714
17977 1 939828 0.984375 43.368194019421935
17978 1 1296286 0.9076923 51.296589081175625
17979 1 1549022 0.921875 49.9931430676952
17980 1 1629573 0.9076923 49.27980003412813
17981 1 739498 0.90909094 45.92747299466282
17982 1 1403122 0.92753625 39.49838399421424
17983 1 1555763 0.983871 46.372913056984544
17984 1 1574805 0.984375 43.75861899461597
17985 1 1480577 0.9166667 42.52065403852612
17986 1 1112013 0.9846154 45.84190796595067
17987 1 1652175 0.9076923 43.8786989543587
17988 1 1291767 0.95522386 40.84064799826592
17989 1 1571731 0.984127 43.108245939947665
17990 1 1302962 0.92424244 43.54669596068561
17991 1 1151117 0.9041096 38.62026100978255
17992 1 1336583 0.9047619 52.770884009078145
17993 1 1152346 0.96825397 47.66546993050724
17994 1 1272751 0.921875 46.92722100298852
17995 1 1605181 0.9104478 43.780960026197135
17996 1 1563804 0.983871 46.82873096317053
17997 1 1471360 0.9836066 48.50147699471563
17998 1 1481658 0.9104478 51.933898008428514
17999 1 1557832 0.90625 48.506055027246475
18000 1 1228897 0.90909094 45.57937302161008
18001 1 796571 0.90625 48.9371579606086
18002 1 664375 0.90909094 45.30039802193642
18003 1 1948980 0.9142857 43.40395599137992
18004 1 1444271 0.90140843 48.24295698199421
18005 1 1377818 0.94285715 38.40567101724446
18006 1 1652175 0.9076923 43.660475057549775
18007 1 1377818 0.94285715 37.3422420816496
18008 1 1266939 0.9104478 45.70953396614641
18009 1 1141196 0.91935486 49.20403310097754
18010 1 1138047 0.9264706 49.4004120118916
18011 1 385688 0.9076923 47.11004695855081
18012 1 1475200 0.92537314 41.6695810854435
18013 1 1301248 0.9130435 45.84879206959158
18014 1 1425262 0.984375 42.95369703322649
18015 1 1573397 0.9375 49.41119300201535
18016 1 1128525 0.9206349 48.563932068645954
18017 1 1621399 0.983871 47.84455697517842
18018 1 1121066 0.9402985 42.6775609375909
18019 1 1608861 0.9104478 43.74024597927928
18020 1 1415797 0.983871 46.90253210719675
18021 1 837249 0.9305556 37.978627951815724
18022 1 1487974 0.9104478 43.835841002874076
18023 1 870579 0.93846154 50.74000998865813
18024 1 1189668 0.921875 45.9688960108906
18025 1 1409619 0.9375 44.608030933886766
18026 1 1224442 0.9142857 41.71986202709377
18027 1 1563804 0.983871 45.266938977874815
18028 1 1226073 0.9206349 48.34859992843121
18029 1 1798051 0.9130435 45.66862992942333
18030 1 1247323 0.93650794 47.88617696613073
18031 1 1664254 0.92753625 39.60381797514856
18032 1 1005183 0.94520545 38.07793906889856
18033 1 824132 0.9411765 41.18476004805416
18034 1 625839 0.984127 45.847745961509645
18035 1 1293154 0.9206349 50.718098995275795
18036 1 1476562 0.9230769 49.405492027290165
18037 1 1638567 0.9104478 45.296355965547264
18038 1 1666796 0.9315069 37.70034608896822
18039 1 1044741 0.9402985 47.436420107260346
18040 1 1389205 0.9076923 48.10920509044081
18041 1 1773899 0.984127 48.08264994062483
18042 1 2095822 0.9859155 39.53217400703579
18043 1 939828 0.984375 46.74752405844629
18044 1 627904 0.91935486 51.955675007775426
18045 1 1071565 0.9104478 46.03099904488772
18046 1 1574805 0.984375 44.797201990149915
18047 1 1436704 0.9848485 43.60933997668326
18048 1 1109426 0.90625 51.74595897551626
18049 1 1409192 0.95384616 46.73048807308078
18050 1 1008866 0.90625 49.018071964383125
18051 1 1244621 0.90625 47.22480697091669
18052 1 1545145 0.9117647 41.60536907147616
18053 1 1044002 0.984375 45.26054498273879
18054 1 1454207 0.9104478 47.475878964178264
18055 1 2044636 0.984127 46.195071074180305
18056 1 635779 0.91549295 42.529883910901845
18057 1 1454588 0.9558824 41.487642913125455
18058 1 1153876 0.9142857 41.638814960606396
18059 1 1044396 0.921875 47.117626992985606
18060 1 1273666 0.9117647 44.537308043800294
18061 1 1630967 0.93939394 47.41093306802213
18062 1 1301841 0.90625 48.17908094264567
18063 1 1154854 0.9054054 37.78887307271361
18064 1 981669 0.9354839 46.98256205301732
18065 1 1143007 0.9848485 41.142922011204064
18066 1 1017814 0.9848485 42.39982506260276
18067 1 1611816 0.921875 49.73033699207008
18068 1 1081835 0.9076923 47.838299069553614
18069 1 1013881 0.9047619 50.360313965938985
18070 1 1415049 0.9848485 46.88928194809705
18071 1 1591978 0.90625 55.7632950367406
18072 1 1470331 0.9375 52.66394303180277
18073 1 1633318 0.9264706 52.9878931120038
18074 1 63374 0.98507464 45.309563050977886
18075 1 1411695 0.9142857 50.47817004378885
18076 1 1749694 0.9846154 47.41149093024433
18077 1 1686707 0.92957747 43.09130401816219
18078 1 1162761 0.92424244 49.115677014924586
18079 1 1474806 0.9076923 52.53018101211637
18080 1 1256056 0.9848485 48.89079101849347
18081 1 1406415 0.95522386 44.043814996257424
18082 1 1950423 0.9117647 47.598727978765965
18083 1 1193152 0.90625 50.28329696506262
18084 1 1652175 0.9076923 46.17896594572812
18085 1 1029182 0.9047619 49.07786997500807
18086 1 1169972 0.9142857 41.98976804036647
18087 1 1022780 0.9047619 50.07059208583087
18088 1 1438479 0.90789473 31.322362017817795
18089 1 1208593 0.9876543 23.064665962010622
18090 1 292907 0.98630136 32.36704389564693
18091 1 1779179 0.98717946 28.986154007725418
18092 1 1015703 0.98717946 28.798590996302664
18093 1 804558 0.90789473 34.90258997771889
18094 1 1442264 0.9 27.189831947907805
18095 1 626153 0.9041096 33.466627006419
18096 1 1015703 0.98717946 26.73355001024902
18097 1 638120 0.9102564 31.136470031924546
18098 1 889800 0.9866667 31.014687032438815
18099 1 1966885 0.9864865 30.37293895613402
18100 1 1208593 0.9876543 23.151725996285677
18101 1 1118857 0.9589041 37.56635403260589
18102 1 1369708 0.9861111 36.36061504948884
18103 1 1623239 0.90789473 34.79632700327784
18104 1 863466 0.91780823 35.875273984856904
18105 1 1233381 0.9066667 31.07143600936979
18106 1 1970650 0.987013 26.58105397131294
18107 1 1110544 0.9358974 27.189653948880732
18108 1 1268023 0.92 35.57543794158846
18109 1 1492904 0.92105263 36.70813795179129
18110 1 1438479 0.90789473 33.12399599235505
18111 1 889800 0.9866667 32.25975506938994
18112 1 1015703 0.98717946 27.570814010687172
18113 1 1467735 0.9589041 34.10100098699331
18114 1 1390407 0.9864865 31.683397013694048
18115 1 1086388 0.92 36.723657976835966
18116 1 1101338 0.902439 24.178015999495983
18117 1 1208593 0.9876543 23.73723895289004
18118 1 1966885 0.9864865 33.293657936155796
18119 1 1410266 0.9066667 36.89479106105864
18120 1 1001706 0.94520545 34.26546498667449
18121 1 1110544 0.90909094 31.637447071261704
18122 1 161689 0.92105263 33.332798979245126
18123 1 1387734 0.92105263 31.08322701882571
18124 1 1143800 0.9746835 25.13982099480927
18125 1 1208593 0.9876543 22.91483001317829
18126 1 1970650 0.987013 26.621929951943457
18127 1 1779179 0.98717946 26.551818009465933
18128 1 1075596 0.91780823 36.26422106754035
18129 1 2289232 0.91549295 37.50231594312936
18130 1 1442264 0.9 28.606434003449976
18131 1 1970650 0.987013 26.872553979046643
18132 1 1410266 0.9066667 35.540202050469816
18133 1 1154854 0.93333334 30.908824992366135
18134 1 1118617 0.90123457 27.43506303522736
18135 1 981129 0.92105263 35.73840798344463
18136 1 1369708 0.9861111 34.5558209810406
18137 1 621009 0.9861111 34.83793907798827
18138 1 1087335 0.9066667 33.1656759371981
18139 1 199485 0.92 36.356552969664335
18140 1 667872 0.93421054 31.26568894367665
18141 1 889800 0.9866667 30.762313050217927
18142 1 667872 0.93421054 31.24881093390286
18143 1 1438479 0.90789473 31.194375944323838
18144 1 1193654 0.90789473 31.573364976793528
18145 1 1369708 0.9861111 35.379964974708855
18146 1 1015703 0.98717946 28.95809698384255
18147 1 1144258 0.92105263 33.017843030393124
18148 1 1596438 0.9382716 24.085921002551913
18149 1 315483 0.90909094 28.68508908431977
18150 1 1754419 0.925 27.953676064498723
18151 1 1010562 0.9 28.194810962304473
18152 1 1001706 0.9583333 36.76839102990925
18153 1 1966885 0.9864865 32.13204594794661
18154 1 292907 0.98630136 34.10125896334648
18155 1 1010562 0.9 29.95276008732617
18156 1 1438479 0.93421054 30.20751103758812
18157 1 1070315 0.93333334 32.169024110771716
18158 1 1001706 0.9583333 35.239733988419175
18159 1 1208593 0.9876543 23.398435092531145
18160 1 292907 0.98630136 32.40163601003587
18161 1 1966885 0.9864865 30.344197060912848
18162 1 1208593 0.9876543 23.271025042049587
18163 1 1369708 0.9861111 34.858761937357485
18164 1 1061249 0.9230769 31.6162760136649
18165 1 1623239 0.90789473 37.23825898487121
18166 1 187162 0.90789473 38.648637011647224
18167 1 821172 0.9113924 30.230629025027156
18168 1 1966885 0.9864865 33.40085002128035
18169 1 2465803 0.92771083 25.629524956457317
18170 1 1110544 0.9240506 26.3207140378654
18171 1 864938 0.9102564 32.03735395800322
18172 1 887549 0.98630136 33.00517005845904
18173 1 1520662 0.9 25.993576971814036
18174 1 928655 0.9 31.738918973132968
18175 1 666759 0.9027778 34.54242297448218
18176 1 981129 0.92105263 35.5668889824301
18177 1 1438479 0.93421054 29.002444935031235
18178 1 262871 0.9066667 36.08052898198366
18179 1 1970650 0.987013 26.31540992297232
18180 1 1110544 0.9240506 24.92318896111101
18181 1 889800 0.9866667 30.600619036704302
18182 1 981129 0.92105263 35.47876700758934
18183 1 815406 0.902439 30.1229499746114
18184 1 1177191 0.92 34.43324193358421
18185 1 1779179 0.98717946 27.502219076268375
18186 1 1253988 0.9041096 35.64457898028195
18187 1 1070315 0.93333334 31.138652004301548
18188 1 889800 0.9866667 31.48771694395691
18189 1 1042415 0.9726027 32.60928101371974
18190 1 1010562 0.9 27.67400094307959
18191 1 1288432 0.96 30.630675959400833
18192 1 1288432 0.9324324 38.09525293763727
18193 1 973296 0.9047619 24.260363075882196
18194 1 1208593 0.9876543 23.233535001054406
18195 1 1208593 0.9876543 23.215104010887444
18196 1 1966885 0.9864865 30.221971916034818
18197 1 1060723 0.9358974 26.97677502874285
18198 1 187162 0.90789473 33.47088804002851
18199 1 1001706 0.9583333 38.566086906939745
18200 1 1085245 0.9315069 35.15049605630338
18201 1 1966885 0.9864865 32.817695988342166
18202 1 815406 0.925 31.130861025303602
18203 1 1015703 0.98717946 27.99895196221769
18204 1 1087335 0.9444444 37.190578994341195
18205 1 1238441 0.98717946 28.166912961751223
18206 1 1966885 0.9864865 32.53834508359432
18207 1 1087335 0.9444444 35.4426431003958
18208 1 1208593 0.9876543 22.824404062703252
18209 1 1520662 0.90909094 31.058739055879414
18210 1 1208593 0.9876543 22.8302669711411
18211 1 981129 0.92105263 36.87862399965525
18212 1 1238441 0.98717946 27.629431919194758
18213 1 1634824 0.9240506 30.19849199336022
18214 1 1205330 0.9726027 34.2275220900774
18215 1 1966885 0.9864865 30.286622000858188
18216 1 887549 0.98630136 32.35054900869727
18217 1 1453131 0.9102564 26.976173045113683
18218 1 1010562 0.9 27.028101962059736
18219 1 1070315 0.93333334 30.98539204802364
18220 1 1442264 0.9 29.56758497748524
18221 1 981129 0.92105263 37.67500096000731
18222 1 1268023 0.92 37.68824599683285
18223 1 889800 0.9866667 31.496412004344165
18224 1 863466 0.91780823 35.936005995608866
18225 1 269935 0.9054054 35.79581796657294
18226 1 1966885 0.9864865 30.457527958787978
18227 1 1438479 0.90789473 31.569757964462042
18228 1 1544082 0.94520545 35.568595048971474
18229 1 928655 0.9 31.80432307999581
18230 1 1966885 0.9864865 32.47376799117774
18231 1 1238441 0.98717946 27.65349205583334
18232 1 1288432 0.9324324 35.16303806100041
18233 1 1075596 0.9054054 33.39620598126203
18234 1 1238441 0.98717946 27.16218796558678
18235 1 1438479 0.93421054 30.55436396971345
18236 1 1438479 0.93421054 30.250267940573394
18237 1 1288432 0.9324324 36.19211004115641
18238 1 2465803 0.92771083 25.254213949665427
18239 1 1070315 0.93333334 33.610704937018454
18240 1 1439660 0.9358974 28.164433082565665
18241 1 502781 0.902439 26.096338988281786
18242 1 346527 0.9 30.051545007154346
18243 1 1140585 0.9480519 32.4096770491451
18244 1 1346317 0.9493671 25.82057798281312
18245 1 827074 0.9 32.19394700136036
18246 1 1085245 0.9315069 34.5462819095701
18247 1 1438479 0.90789473 33.80692901555449
18248 1 1439660 0.9358974 27.971842093393207
18249 1 666759 0.9027778 34.438155009411275
18250 1 981129 0.92105263 35.53760005161166
18251 1 1001706 0.94520545 33.0427490407601
18252 1 1238441 0.98717946 26.617454015649855
18253 1 1015703 0.98717946 27.006379910744727
18254 1 1439660 0.9358974 26.91705198958516
18255 1 1438479 0.90789473 31.837939051911235
18256 1 2465803 0.92771083 23.47910695243627
18257 1 1208593 0.9876543 25.276427972130477
18258 1 1438479 0.93421054 30.633646994829178
18259 1 1110544 0.9358974 28.550513088703156
18260 1 1100710 0.9864865 30.242602108046412
18261 1 269935 0.9054054 36.065776948817074
18262 1 1015703 0.98717946 26.503609027713537
18263 1 938694 0.90361446 27.37723698373884
18264 1 984687 0.9220779 30.155505053699017
18265 1 1001706 0.9583333 35.04299896303564
18266 1 1346317 0.9493671 25.43402893934399
18267 1 1070315 0.93333334 33.86547300033271
18268 1 1966885 0.9864865 31.946374918334186
18269 1 1966885 0.9864865 30.98938101902604
18270 1 262871 0.9066667 35.82483506761491
18271 1 1028781 0.9459459 33.23849802836776
18272 1 1118857 0.9861111 34.59474502597004
18273 1 1369708 0.9861111 34.38843693584204
18274 1 1015703 0.98717946 26.726466952823102
18275 1 1438479 0.90789473 31.922959024086595
18276 1 1062579 0.9054054 34.75618804804981
18277 1 863466 0.91780823 36.51490807533264
18278 1 1001706 0.94520545 33.8215499650687
18279 1 889800 0.9866667 30.397201073355973
18280 1 1438479 0.93421054 31.010971986688673
18281 1 621009 0.9861111 31.866027042269707
18282 1 1038904 0.9220779 31.428039073944092
18283 1 1001706 0.94520545 32.942803925834596
18284 1 1163968 0.9220779 34.51778192538768
18285 1 1001706 0.9583333 37.577674025669694
18286 1 1015703 0.98717946 27.865008916705847
18287 1 1520662 0.9 25.046883965842426
18288 1 262871 0.9066667 37.65619604382664
18289 1 1288432 0.96 28.564149048179388
18290 1 1846898 0.9240506 27.082315064035356
18291 1 1102573 0.9444444 35.21675802767277
18292 1 1439660 0.9358974 26.874843053519726
18293 1 1085245 0.9315069 35.88986292015761
18294 1 1438479 0.90789473 32.98526199068874
18295 1 820435 0.93333334 32.15837595053017
18296 1 1102899 0.943662 36.29127994645387
18297 1 973296 0.9047619 23.34028494078666
18298 1 2470926 0.9 25.12913604732603
18299 1 1208593 0.9876543 22.864499012939632
18300 1 1193654 0.90789473 32.30716101825237
18301 1 1118617 0.90123457 27.09021104965359
18302 1 1622805 0.9459459 33.802985097281635
18303 1 1085245 0.9315069 35.29610903933644
18304 1 1208593 0.9876543 24.25773802679032
18305 1 1208593 0.9876543 23.667965084314346
18306 1 1087335 0.9315069 33.085000002756715
18307 1 1001706 0.9583333 35.78101401217282
18308 1 1754419 0.925 26.84761700220406
18309 1 1110544 0.90909094 31.177485012449324
18310 1 2465803 0.92771083 23.827208089642227
18311 1 999929 0.96103895 31.2739989021793
18312 1 175966 0.90361446 25.782368960790336
18313 1 1410266 0.9066667 37.50794508960098
18314 1 820435 0.93333334 32.31279901228845
18315 1 1010562 0.9 28.602369013242424
18316 1 1438479 0.93421054 30.632996931672096
18317 1 1439660 0.9358974 28.11014000326395
18318 1 1238441 0.98717946 27.904166956432164
18319 1 981129 0.92105263 36.826583091169596
18320 1 543642 0.9866667 31.588449026457965
18321 1 1970650 0.987013 29.13463592994958
18322 1 292907 0.98630136 33.426992944441736
18323 1 1623239 0.90789473 33.56061701197177
18324 1 1520662 0.90909094 31.066230963915586
18325 1 682562 0.9041096 35.5578470043838
18326 1 187162 0.90789473 33.392548095434904
18327 1 1453131 0.9102564 27.16956497170031
18328 1 1288432 0.9324324 35.33588396385312
18329 1 1015703 0.98717946 26.940156938508153
18330 1 999929 0.96103895 35.066846990957856
18331 1 1070315 0.93333334 33.50112703628838
18332 1 1779179 0.98717946 28.919412987306714
18333 1 1163968 0.9220779 32.90504892356694
18334 1 292907 0.98630136 33.59642100986093
18335 1 1669314 0.92 36.08958492986858
18336 1 1573267 0.9220779 31.29945695400238
18337 1 1369708 0.9861111 34.3819169793278
18338 1 1031501 0.9 27.24435704294592
18339 1 1075596 0.9054054 37.033586064353585
18340 1 1779179 0.98717946 28.069195919670165
18341 1 1086388 0.92 37.24014200270176
18342 1 1163968 0.9220779 31.075138016603887
18343 1 1610672 0.9864865 30.662814038805664
18344 1 981129 0.92105263 35.542365978471935
18345 1 938694 0.90361446 27.38147205673158
18346 1 269935 0.9054054 36.62513301242143
18347 1 1970650 0.987013 28.431296930648386
18348 1 1144258 0.92105263 33.67523499764502
18349 1 1779179 0.98717946 28.394747991114855
18350 1 1606760 0.9859155 35.17471102531999
18351 1 1118388 0.9285714 23.519822978414595
18352 1 292907 0.98630136 32.40666096098721
18353 1 1238441 0.98717946 26.424805051647127
18354 1 1143800 0.9375 27.01345190871507
18355 1 574538 0.9189189 35.64725199248642
18356 1 1100710 0.96 30.59048904106021
18357 1 1573267 0.9220779 34.28708401042968
18358 1 1118617 0.90123457 29.276721994392574
18359 1 1121433 0.93421054 34.750020946376026
18360 1 1001706 0.94520545 33.39609899558127
18361 1 821172 0.9113924 27.352854027412832
18362 1 928655 0.9 29.33644608128816
18363 1 1610672 0.9864865 30.435189954005182
18364 1 1966885 0.9864865 30.32406698912382
18365 1 1001706 0.94520545 32.93529606889933
18366 1 269935 0.9054054 36.273297970183194
18367 1 346527 0.9 28.964976081624627
18368 1 1238441 0.98717946 28.047207975760102
18369 1 1061249 0.9230769 32.4717330513522
18370 1 1092319 0.92 31.03807906154543
18371 1 1061249 0.9230769 33.628617064096034
18372 1 1779179 0.98717946 26.76689496729523
18373 1 1622805 0.9459459 33.65366708021611
18374 1 1387734 0.92105263 32.8280299436301
18375 1 1630386 0.9350649 30.543931992724538
18376 1 1966885 0.9864865 31.27530892379582
18377 1 1439660 0.9358974 26.994913932867348
18378 1 1061249 0.9230769 31.221222947351635
18379 1 1369708 0.9861111 35.15262494329363
18380 1 1001706 0.9583333 35.07530700881034
18381 1 889800 0.9866667 32.1988919749856
18382 1 1456833 0.9054054 35.65369301941246
18383 1 1015703 0.98717946 28.15890498459339
18384 1 1181933 0.9102564 33.683285932056606
18385 1 1238441 0.98717946 28.052547946572304
18386 1 1092319 0.92 32.35456196125597
18387 1 1163968 0.9220779 33.44133892096579
18388 1 863466 0.91780823 38.53366302791983
18389 1 928655 0.9 32.490495941601694
18390 1 1001706 0.94520545 34.63687002658844
18391 1 667872 0.93421054 32.25444699637592
18392 1 887549 0.98630136 33.60894997604191
18393 1 1463169 0.93421054 35.6987799750641
18394 1 574538 0.9189189 37.69820707384497
18395 1 1085245 0.9315069 34.70922901760787
18396 1 1463846 0.9220779 30.720287933945656
18397 1 1669314 0.94736844 30.51465703174472
18398 1 1070315 0.93333334 31.047588912770152
18399 1 1467735 0.9722222 34.70502095296979
18400 1 1085245 0.9315069 32.53096609842032
18401 1 1238441 0.98717946 26.33240493014455
18402 1 1001706 0.94520545 36.5017190342769
18403 1 262871 0.9066667 36.882892018184066
18404 1 1390407 0.9864865 30.740896938368678
18405 1 1544082 0.94520545 35.25798302143812
18406 1 1177191 0.92 33.24100899044424
18407 1 1442264 0.9 26.997898938134313
18408 1 1520662 0.9358974 28.872577007859945
18409 1 1085245 0.9315069 32.89789904374629
18410 1 667872 0.93421054 33.64493802655488
18411 1 1238441 0.98717946 28.68126903194934
18412 1 1208593 0.9876543 24.160653934814036
18413 1 1623239 0.90789473 33.66855892818421
18414 1 889800 0.9866667 31.830557039938867
18415 1 1019584 0.9459459 31.193642993457615
18416 1 1779179 0.98717946 26.655431021936238
18417 1 1208593 0.9876543 23.002238012850285
18418 1 1118617 0.90123457 27.645835070870817
18419 1 1410266 0.9066667 36.21625294908881
18420 1 1520662 0.9358974 29.047560994513333
18421 1 2465803 0.92771083 24.439117987640202
18422 1 1015703 0.98717946 27.71715202834457
18423 1 821172 0.9 25.18388198222965
18424 1 1288432 0.96 28.591313981451094
18425 1 1050932 0.91780823 36.14925697911531
18426 1 1633107 0.92 35.304674063809216
18427 1 346527 0.9 27.137118973769248
18428 1 1073693 0.93333334 30.702239950187504
18429 1 1085245 0.9315069 33.61256991047412
18430 1 187162 0.90789473 35.81224707886577
18431 1 1970650 0.987013 29.851589002646506
18432 1 1439660 0.9358974 27.68690197262913
18433 1 1042415 0.9594595 31.036544940434396
18434 1 1116778 0.9493671 24.990239995531738
18435 1 1190959 0.94520545 31.073444988578558
18436 1 1966885 0.9864865 30.432577012106776
18437 1 1970650 0.987013 26.28002397250384
18438 1 973296 0.9875 23.256921907886863
18439 1 1453131 0.9102564 28.85380992665887
18440 1 1970650 0.987013 27.928226976655424
18441 1 1118617 0.9 31.018515001051128
18442 1 1001706 0.9583333 36.4432210335508
18443 1 1779179 0.98717946 26.566112996079028
18444 1 1238441 0.98717946 26.621705037541687
18445 1 1606760 0.9859155 34.859937033616006
18446 1 1118617 0.9 29.096640995703638
18447 1 1966885 0.9864865 30.64096497837454
18448 1 1456833 0.9054054 34.31457094848156
18449 1 346527 0.9 29.710087925195694
18450 1 1116778 0.9493671 26.544524007476866
18451 1 315483 0.90909094 28.754728962667286
18452 1 1966885 0.9864865 30.97609698306769
18453 1 1520662 0.90909094 31.08870703727007
18454 1 1205330 0.9726027 32.930229092016816
18455 1 1208593 0.9876543 22.933872998692095
18456 1 1102899 0.943662 35.31098808161914
18457 1 1288432 0.96 28.671687934547663
18458 1 1070315 0.93333334 32.690260908566415
18459 1 1453131 0.9102564 29.05955899041146
18460 1 981129 0.92105263 36.813836079090834
18461 1 1633107 0.92 35.32377502415329
18462 1 2465803 0.92771083 23.20510009303689
18463 1 1015703 0.98717946 26.729676057584584
18464 1 1010562 0.9 27.508651022799313
18465 1 1520662 0.90909094 31.593992956914008
18466 1 1438479 0.93421054 29.092148994095623
18467 1 1439660 0.9358974 27.320605935528874
18468 1 2465803 0.92771083 25.364364963024855
18469 1 844967 0.9589041 34.353279042989016
18470 1 892562 0.9878049 21.97546197567135
18471 1 833111 0.9010989 17.08948891609907
18472 1 892562 0.9878049 21.43762307241559
18473 1 892562 0.9878049 21.046592039056122
18474 1 240008 0.90909094 18.528686021454632
18475 1 1118388 0.90697676 21.62421599496156
18476 1 892562 0.9878049 21.122819045558572
18477 1 240008 0.90909094 18.332613981328905
18478 1 240008 0.90909094 18.95553502254188
18479 1 892562 0.9878049 21.17406204342842
18480 1 240008 0.90909094 18.73679901473224
18481 1 240008 0.90909094 20.565871032886207
18482 1 1896026 0.9010989 19.440658972598612
18483 1 1183528 0.90697676 19.29219299927354
18484 1 892562 0.9878049 21.981319063343108
18485 1 240008 0.90909094 18.611988984048367
18486 1 240008 0.90909094 18.756487988866866
18487 1 892562 0.9878049 21.45703707356006
18488 1 892562 0.9878049 21.15012297872454
18489 1 240008 0.90909094 18.3261459460482
18490 1 240008 0.90909094 18.633907078765333
18491 1 418766 0.9072165 10.258761933073401
18492 1 557255 0.9052632 10.947575094178319
18493 1 2144419 0.9072165 10.05631999578327
18494 1 2472578 0.91 9.14985197596252
18495 1 418766 0.9072165 10.176423005759716
18496 1 418766 0.9072165 10.063257068395615
18497 1 557255 0.9052632 10.988091933541
18498 1 1771741 0.98913044 12.427235022187233
18499 1 418766 0.9072165 11.218514060601592
18500 1 418766 0.9072165 10.947572067379951
18501 1 557255 0.9052632 11.772740050219
18502 1 418766 0.9072165 10.910836979746819
18503 1 1771741 0.98913044 12.305039097554982
18504 1 418766 0.9072165 10.632158955559134
18505 1 557255 0.9052632 11.612365953624249
18506 1 418766 0.9072165 10.659986990503967
18507 1 418766 0.9072165 10.376852937042713
18508 1 418766 0.9072165 10.248516919091344
18509 1 9447 1.0 0.6569139659404755
18510 1 1174774 1.0 0.6223960081115365
18511 1 23561 1.0 0.6380879785865545
18512 1 1839839 1.0 0.6392160430550575
18513 1 1960763 1.0 0.640565063804388
18514 1 1826891 1.0 0.6336200749501586
18515 1 350377 1.0 0.6567060481756926
18516 1 12413 1.0 0.6439390126615763
18517 1 1999132 1.0 0.6654580356553197
18518 1 149779 1.0 0.6408230401575565
18519 1 2117248 1.0 0.6669099675491452
18520 1 1065253 1.0 0.619485042989254
18521 1 316706 1.0 0.6509539671242237
18522 1 1963814 1.0 0.6266779964789748
18523 1 1968450 1.0 0.6348650204017758
18524 1 105137 1.0 0.6396790267899632
18525 1 976318 1.0 0.6382140563800931
18526 1 1421215 1.0 0.6346259033307433
18527 1 21484 1.0 0.6187569815665483
18528 1 104110 1.0 0.6338449893519282
18529 1 1424613 1.0 0.6351460469886661
18530 1 852487 1.0 0.6199521012604237
18531 1 278570 1.0 0.6284990813583136
18532 1 1963205 1.0 0.6676430348306894
18533 1 142270 1.0 0.6555750733241439
18534 1 12955 1.0 0.6483549950644374
18535 1 452368 1.0 0.6342980777844787
18536 1 150618 1.0 0.6235359469428658
18537 1 130506 1.0 0.6374020595103502
18538 1 296940 1.0 0.6285159615799785
18539 1 11537 1.0 0.6302600959315896
18540 1 1795410 1.0 0.6436760304495692
18541 1 288050 1.0 0.6479829316958785
18542 1 1799538 1.0 0.6546219810843468
18543 1 168871 1.0 0.6565959192812443
18544 1 501119 1.0 0.6445159669965506
18545 1 1962065 1.0 0.6422529695555568
18546 1 1962876 1.0 0.6594050209969282
18547 1 102982 1.0 0.6296220235526562
18548 1 1778868 1.0 0.635929056443274
18549 1 1963152 1.0 0.6344920257106423
18550 1 360985 1.0 0.6341870175674558
18551 1 25879 1.0 0.6607880350202322
18552 1 10963 1.0 0.6237520137801766
18553 1 148326 1.0 0.6179430056363344
18554 1 439256 1.0 0.6641190266236663
18555 1 475886 1.0 0.641009071841836
18556 1 150828 1.0 0.6524180062115192
18557 1 180091 1.0 0.6559609901160002
18558 1 449647 1.0 0.6741920951753855
18559 1 40108 1.0 0.6488760700449347
18560 1 426265 1.0 0.6542520131915808
18561 1 395769 1.0 0.6651370786130428
18562 1 1968194 1.0 0.6395330419763923
18563 1 103776 1.0 0.6232499144971371
18564 1 5936 1.0 0.6291469326242805
18565 1 1780695 1.0 0.6255540065467358
18566 1 40845 1.0 0.6556080188602209
18567 1 984250 1.0 0.6491879466921091
18568 1 1962802 1.0 0.6510060047730803
18569 1 1425522 1.0 0.6631499854847789
18570 1 468302 1.0 0.6323519628494978
18571 1 142270 1.0 0.6551650585606694
18572 1 1967575 1.0 0.6324120331555605
18573 1 350377 1.0 0.6525939097627997
18574 1 39105 1.0 0.6761620752513409
18575 1 857223 1.0 0.6341170519590378
18576 1 453362 1.0 0.6412810180336237
18577 1 5877 1.0 0.6393819348886609
18578 1 1415976 1.0 0.6657930789515376
18579 1 277194 1.0 0.6457200506702065
18580 1 444630 1.0 0.639778096228838
18581 1 1321328 1.0 0.6462360033765435
18582 1 328760 1.0 0.6349070463329554
18583 1 455617 1.0 0.6755919894203544
18584 1 26106 1.0 0.6490279920399189
18585 1 426265 1.0 0.6452400702983141
18586 1 1299676 1.0 0.6584950024262071
18587 1 977232 1.0 0.675305025652051
18588 1 2001476 1.0 0.6468220381066203
18589 1 62288 1.0 0.6827620090916753
18590 1 449647 1.0 0.674408976919949
18591 1 975224 1.0 0.6929510273039341
18592 1 26666 1.0 0.658684060908854
18593 1 1510226 1.0 0.6142000202089548
18594 1 28605 1.0 0.6614309968426824
18595 1 447002 1.0 0.6283080438151956
18596 1 62091 1.0 0.6526850629597902
18597 1 1969537 1.0 0.6495639681816101
18598 1 452368 1.0 0.6468709325417876
18599 1 560546 1.0 0.6187920225784183
18600 1 280901 1.0 0.6262899842113256
18601 1 104110 1.0 0.6289120065048337
18602 1 366988 1.0 0.630943919532001
18603 1 95776 1.0 0.6142579950392246
18604 1 1147966 1.0 0.6267279386520386
18605 1 377295 1.0 0.6674609612673521
18606 1 149535 1.0 0.6733681075274944
18607 1 975409 1.0 0.6613730220124125
18608 1 299146 1.0 0.6769370520487428
18609 1 1968194 1.0 0.6410139612853527
18610 1 1795410 1.0 0.6575341103598475
18611 1 348324 1.0 0.6303909467533231
18612 1 1968450 1.0 0.6355850491672754
18613 1 15575 1.0 0.6783700082451105
18614 1 1425522 1.0 0.6566360825672746
18615 1 976455 1.0 0.6557210581377149
18616 1 349755 1.0 0.6228999700397253
18617 1 1967357 1.0 0.6385330343618989
18618 1 940041 1.0 0.6477399729192257
18619 1 1040850 1.0 0.6555439904332161
18620 1 1906971 1.0 0.6513739936053753
18621 1 2005776 1.0 0.6523869233205914
18622 1 1729270 1.0 0.6724309641867876
18623 1 1965528 1.0 0.6266669370234013
18624 1 1966288 1.0 0.6583520444110036
18625 1 12652 1.0 0.6636269390583038
18626 1 1486197 1.0 0.671014073304832
18627 1 329273 1.0 0.6470009684562683
18628 1 1963547 1.0 0.6681379163637757
18629 1 600741 1.0 0.6537319859489799
18630 1 1966893 1.0 0.6703739054501057
18631 1 452368 1.0 0.6368530448526144
18632 1 934715 1.0 0.6387189496308565
18633 1 12443 1.0 0.6815189262852073
18634 1 2117237 1.0 0.6635870086029172
18635 1 1968194 1.0 0.6418329430744052
18636 1 15575 1.0 0.6624240195378661
18637 1 92539 1.0 0.6304269190877676
18638 1 1111428 1.0 0.6437600823119283
18639 1 1887200 1.0 0.6404949817806482
18640 1 512635 1.0 0.6330879405140877
18641 1 256566 1.0 0.6302419351413846
18642 1 450157 1.0 0.6539329187944531
18643 1 15943 1.0 0.6608590483665466
18644 1 8786 1.0 0.6636800244450569
18645 1 1963538 1.0 0.6347330054268241
18646 1 40108 1.0 0.6653330055996776
18647 1 1967357 1.0 0.6427479675039649
18648 1 452368 1.0 0.6687910063192248
18649 1 1040850 1.0 0.6529639940708876
18650 1 144067 1.0 0.6194269517436624
18651 1 1826891 1.0 0.6293649785220623
18652 1 713147 1.0 0.6546329241245985
18653 1 101665 1.0 0.6155160954222083
18654 1 158303 1.0 0.6544500356540084
18655 1 1967209 1.0 0.6620960775762796
18656 1 452368 1.0 0.6499839946627617
18657 1 450157 1.0 0.6237800698727369
18658 1 1795410 1.0 0.643917010165751
18659 1 290371 1.0 0.6563810165971518
18660 1 473347 1.0 0.6767499726265669
18661 1 1969574 1.0 0.6587060634046793
18662 1 278036 1.0 0.6443120073527098
18663 1 13153 1.0 0.6197750335559249
18664 1 452368 1.0 0.6538169691339135
18665 1 832598 1.0 0.6336430087685585
18666 1 41333 1.0 0.6650889990851283
18667 1 456918 1.0 0.6557529559358954
18668 1 38952 1.0 0.6523010088130832
18669 1 1040850 1.0 0.6426809122785926
18670 1 1906971 1.0 0.6406049942597747
18671 1 26666 1.0 0.6640600040555
18672 1 1963205 1.0 0.6961820181459188
18673 1 367598 1.0 0.638171099126339
18674 1 12068 1.0 0.6301810499280691
18675 1 1971156 1.0 0.6587590323761106
18676 1 12671 1.0 0.6341499974951148
18677 1 1960353 1.0 0.6767429877072573
18678 1 234306 1.0 0.6785719888284802
18679 1 12376 1.0 0.641296966932714
18680 1 1627027 1.0 0.6565270014107227
18681 1 270203 1.0 0.6497619906440377
18682 1 1174774 1.0 0.6216050824150443
18683 1 444630 1.0 0.6366609595716
18684 1 1961116 1.0 0.6550480611622334
18685 1 10725 1.0 0.6519469898194075
18686 1 142270 1.0 0.6687080021947622
18687 1 1969574 1.0 0.6766410078853369
18688 1 122084 1.0 0.6150560220703483
18689 1 12903 1.0 0.6347110029309988
18690 1 279779 1.0 0.6461599841713905
18691 1 1669204 1.0 0.6243169773370028
18692 1 473133 1.0 0.660737045109272
18693 1 8913 1.0 0.6508929654955864
18694 1 1450969 1.0 0.662081059999764
18695 1 2474557 1.0 0.6370780756697059
18696 1 395769 1.0 0.6678400095552206
18697 1 1963879 1.0 0.6523890187963843
18698 1 2006685 1.0 0.6959730526432395
18699 1 26666 1.0 0.6553699495270848
18700 1 1905512 1.0 0.6628179689869285
18701 1 328950 1.0 0.6301880348473787
18702 1 2314921 1.0 0.6587740499526262
18703 1 764893 1.0 0.6465989863499999
18704 1 470996 1.0 0.6752869812771678
18705 1 1960763 1.0 0.6566219963133335
18706 1 1960279 1.0 0.6646501133218408
18707 1 1782221 1.0 0.6920420564711094
18708 1 282052 1.0 0.6759630050510168
18709 1 1653297 1.0 0.6601529894396663
18710 1 352178 1.0 0.6279470399022102
18711 1 2136346 1.0 0.6733309710398316
18712 1 472353 1.0 0.640926999039948
18713 1 2314921 1.0 0.6563549395650625
18714 1 670161 1.0 0.6611050339415669
18715 1 898511 1.0 0.6270360900089145
18716 1 1317339 1.0 0.6664970424026251
18717 1 1966038 1.0 0.6353779463097453
18718 1 1469432 1.0 0.6346700247377157
18719 1 1961116 1.0 0.6462640594691038
18720 1 1340143 1.0 0.6398409605026245
18721 1 1999618 1.0 0.6366890156641603
18722 1 1571209 1.0 0.7002990460023284
18723 1 1399615 1.0 0.6607660325244069
18724 1 103477 1.0 0.6359809776768088
18725 1 1575713 1.0 0.6457529962062836
18726 1 469261 1.0 0.6870339857414365
18727 1 505890 1.0 0.6560659967362881
18728 1 449647 1.0 0.6675870390608907
18729 1 566345 1.0 0.6605349481105804
18730 1 104299 1.0 0.6339059909805655
18731 1 1961116 1.0 0.6406549364328384
18732 1 736175 1.0 0.6696309428662062
18733 1 1970939 1.0 0.6575159495696425
18734 1 1965572 1.0 0.640174956060946
18735 1 2016249 1.0 0.6502940086647868
18736 1 12850 1.0 0.6476399721577764
18737 1 443251 1.0 0.6389080081135035
18738 1 595151 1.0 0.6387369940057397
18739 1 1465602 1.0 0.6611540447920561
18740 1 26666 1.0 0.6454190006479621
18741 1 159816 1.0 0.6298599764704704
18742 1 40926 1.0 0.6274549523368478
18743 1 1780672 1.0 0.6501700263470411
18744 1 964750 1.0 0.7083389209583402
18745 1 1962065 1.0 0.7551410235464573
18746 1 1299676 1.0 0.6942859617993236
18747 1 280854 1.0 0.6651639705523849
18748 1 304561 1.0 0.6897780112922192
18749 1 1946218 1.0 0.647087930701673
18750 1 277488 1.0 0.6501900497823954
18751 1 1763076 1.0 0.6720370147377253
18752 1 346498 1.0 0.6343439454212785
18753 1 144841 1.0 0.6518920417875051
18754 1 12732 1.0 0.7006769301369786
18755 1 469625 1.0 0.6786149460822344
18756 1 178281 1.0 0.6839539855718613
18757 1 27894 1.0 0.6843670271337032
18758 1 1962470 1.0 0.6580010522156954
18759 1 1962065 1.0 0.6512600230053067
18760 1 1963954 1.0 0.6844900781288743
18761 1 450157 1.0 0.6495339330285788
18762 1 443398 1.0 0.6636630278080702
18763 1 497966 1.0 0.6807739846408367
18764 1 267794 1.0 0.6857189582660794
18765 1 28699 1.0 0.6979309255257249
18766 1 1777851 1.0 0.7260979618877172
18767 1 404238 1.0 0.7970280712470412
18768 1 41229 1.0 0.7661230629310012
18769 1 1968450 1.0 0.7998630171641707
18770 1 23790 1.0 0.7486249087378383
18771 1 25879 1.0 0.7802549516782165
18772 1 288050 1.0 0.7723879534751177
18773 1 1458565 1.0 0.7429879624396563
18774 1 26666 1.0 0.7751650409772992
18775 1 60290 1.0 0.7368630031123757
18776 1 12074 1.0 0.7530880393460393
18777 1 41333 1.0 0.7727269548922777
18778 1 1321328 1.0 0.7506660185754299
18779 1 1968874 1.0 0.7557509234175086
18780 1 1961116 1.0 0.7574791088700294
18781 1 395769 1.0 0.7935240864753723
18782 1 918322 1.0 0.74887799564749
18783 1 455617 1.0 0.7535179611295462
18784 1 1960294 1.0 0.7296279072761536
18785 1 1795044 1.0 0.8186099585145712
18786 1 183743 1.0 0.7780399173498154
18787 1 1967280 1.0 0.7297539850696921
18788 1 128502 1.0 0.7329690270125866
18789 1 104142 1.0 0.7209150353446603
18790 1 1969609 1.0 0.7564099505543709
18791 1 1720212 1.0 0.6991130067035556
18792 1 552388 1.0 0.7070879219099879
18793 1 1968450 1.0 0.711729982867837
18794 1 1969602 1.0 0.7169080199673772
18795 1 1962802 1.0 0.7406560471281409
18796 1 1969574 1.0 0.7428420940414071
18797 1 1969924 1.0 0.7240539416670799
18798 1 452368 1.0 0.7256850367411971
18799 1 597182 1.0 0.7209329633042216
18800 1 1965204 1.0 0.7387889781966805
18801 1 1969602 1.0 0.7246790919452906
18802 1 1466066 1.0 0.7184610003605485
18803 1 13012 1.0 0.7321890443563461
18804 1 1699878 1.0 0.7404059870168567
18805 1 56304 1.0 0.7103609386831522
18806 1 1962865 1.0 0.7545610424131155
18807 1 12759 1.0 0.6908068899065256
18808 1 983653 1.0 0.7221519481390715
18809 1 980617 1.0 0.688606989569962
18810 1 7510 1.0 0.7074560271576047
18811 1 1966038 1.0 0.7214379729703069
18812 1 41333 1.0 0.7207079324871302
18813 1 452368 1.0 0.7259829435497522
18814 1 12902 1.0 0.6843570154160261
18815 1 1514927 1.0 0.6928420625627041
18816 1 280205 1.0 0.6938850274309516
18817 1 1999617 1.0 0.7238739635795355
18818 1 501073 1.0 0.6788509199395776
18819 1 351831 1.0 0.716481008566916
18820 1 450157 1.0 0.6904429756104946
18821 1 828021 1.0 0.6985319778323174
18822 1 1960342 1.0 0.7341780001297593
18823 1 1905512 1.0 0.7193329511210322
18824 1 1970152 1.0 0.6945249624550343
18825 1 262681 1.0 0.6867928896099329
18826 1 143736 1.0 0.7084039971232414
18827 1 104934 1.0 0.6986289517953992
18828 1 231607 1.0 0.6924899062141776
18829 1 1966038 1.0 0.7134029874578118
18830 1 75801 1.0 0.7490538991987705
18831 1 347336 1.0 0.6847199983894825
18832 1 477205 1.0 0.6643899250775576
18833 1 445925 1.0 0.6560529582202435
18834 1 1205053 1.0 0.6494569825008512
18835 1 1826891 1.0 0.6504480261355639
18836 1 450157 1.0 0.6418600678443909
18837 1 12965 1.0 0.6499789888039231
18838 1 1780505 1.0 0.649890978820622
18839 1 1299676 1.0 0.6764769786968827
18840 1 426265 1.0 0.6681310478597879
18841 1 450042 1.0 0.6765300640836358
18842 1 269223 1.0 0.6658510537818074
18843 1 270042 1.0 0.6767030572518706
18844 1 178281 1.0 0.7099540671333671
18845 1 1965863 1.0 0.6577129242941737
18846 1 11325 1.0 0.7016599411144853
18847 1 2314921 1.0 0.6987950764596462
18848 1 1441974 1.0 0.6723190890625119
18849 1 452368 1.0 0.6933819968253374
18850 1 2264570 1.0 0.6771590560674667
18851 1 10521 1.0 0.7018710020929575
18852 1 1966098 1.0 0.6796300876885653
18853 1 279278 1.0 0.6843400187790394
18854 1 15575 1.0 0.693841022439301
18855 1 764893 1.0 0.6992240669205785
18856 1 1670848 1.0 0.6860540015622973
18857 1 248445 1.0 1.0704529704526067
18858 1 1890916 1.0 1.86565809417516
18859 1 2199326 1.0 1.8532540416345
18860 1 1961395 1.0 0.9036939591169357
18861 1 1260472 1.0 0.9408700279891491
18862 1 1282567 1.0 1.8028418999165297
18863 1 471606 1.0 0.8585840696468949
18864 1 80764 1.0 1.6600179951637983
18865 1 686069 1.0 1.2364849681034684
18866 1 1617924 1.0 0.7800699677318335
18867 1 1905579 1.0 1.91512203309685
18868 1 1965319 1.0 1.8291310407221317
18869 1 27788 1.0 0.6832629442214966
18870 1 1185142 1.0 0.7956270128488541
18871 1 1706603 1.0 1.1919069802388549
18872 1 1136967 1.0 1.883173012174666
18873 1 1282812 1.0 1.577551942318678
18874 1 277450 1.0 1.0922889923676848
18875 1 77323 1.0 1.1398199712857604
18876 1 1990050 1.0 1.5548450173810124
18877 1 738348 1.0 1.9229199970141053
18878 1 348770 1.0 1.247145002707839
18879 1 1966577 1.0 1.902426010929048
18880 1 354795 1.0 1.0002970229834318
18881 1 327245 1.0 1.7414940521121025
18882 1 1669884 1.0 1.7678909935057163
18883 1 185354 1.0 0.8206529309973121
18884 1 1716208 1.0 1.4576250687241554
18885 1 1960760 1.0 0.8489170577377081
18886 1 976255 1.0 0.6899730069562793
18887 1 2015121 1.0 1.1784560047090054
18888 1 1965205 1.0 1.035019988194108
18889 1 2096011 1.0 1.0347279021516442
18890 1 439882 1.0 1.1239410378038883
18891 1 1856080 1.0 1.8463489832356572
18892 1 73783 1.0 1.5215430175885558
18893 1 347972 1.0 1.8084381008520722
18894 1 2222109 1.0 1.6664320137351751
18895 1 1714023 1.0 1.4558950206264853
18896 1 2001479 1.0 0.8770510321483016
18897 1 234175 1.0 1.408826094120741
18898 1 1468332 1.0 1.1141550494357944
18899 1 344638 1.0 1.126118004322052
18900 1 660478 1.0 1.8062650924548507
18901 1 2308426 1.0 1.1764760129153728
18902 1 1481438 1.0 1.4981839340180159
18903 1 168266 1.0 1.7424520337954164
18904 1 812221 1.0 1.4585149474442005
18905 1 349616 1.0 1.0876989690586925
18906 1 1629505 1.0 1.0940450010821223
18907 1 1966263 1.0 0.8820750517770648
18908 1 2360639 1.0 1.5187159879133105
18909 1 1961013 1.0 1.4474400086328387
18910 1 1780719 1.0 1.4679100131615996
18911 1 1711363 1.0 1.7566169844940305
18912 1 1421713 1.0 1.4586320612579584
18913 1 937929 1.0 1.117271021939814
18914 1 1563135 1.0 1.7564779845997691
18915 1 1962026 1.0 0.8685169741511345
18916 1 604092 1.0 1.7988680629059672
18917 1 184137 1.0 1.1777010513469577
18918 1 1549376 1.0 0.7501350482925773
18919 1 1668724 1.0 0.8630909724161029
18920 1 1563096 1.0 1.0214060312137008
18921 1 936568 1.0 1.8609970575198531
18922 1 181841 1.0 0.8656410500407219
18923 1 2381723 1.0 1.488381065428257
18924 1 1670608 1.0 1.1357400799170136
18925 1 1965567 1.0 0.7700910791754723
18926 1 1229577 1.0 1.4399070059880614
18927 1 1241773 1.0 0.9948300430551171
18928 1 1999616 1.0 1.8696950282901525
18929 1 1505887 1.0 1.508845016360283
18930 1 1731387 1.0 1.7860119696706533
18931 1 1498970 1.0 1.468149945139885
18932 1 231490 1.0 0.7938189664855599
18933 1 858891 1.0 0.8838779758661985
18934 1 620803 1.0 1.8170049879699945
18935 1 811773 1.0 1.1188200442120433
18936 1 2385173 1.0 0.7846889784559608
18937 1 631217 1.0 1.7699931049719453
18938 1 2343963 1.0 1.8077610293403268
18939 1 1657340 1.0 1.4290959807112813
18940 1 1237116 1.0 1.5807760646566749
18941 1 2221704 1.0 1.486784080043435
18942 1 182004 1.0 1.7243190668523312
18943 1 73783 1.0 1.4860109658911824
18944 1 1593170 1.0 1.4955870574340224
18945 1 73246 1.0 1.7251829849556088
18946 1 1506041 1.0 1.745313056744635
18947 1 1730951 1.0 0.780327944085002
18948 1 368277 1.0 1.8084929324686527
18949 1 1440339 1.0 0.7959670620039105
18950 1 537524 1.0 1.732405973598361
18951 1 12259 1.0 1.0249409824609756
18952 1 349616 1.0 1.1357769835740328
18953 1 1615987 1.0 0.8627059869468212
18954 1 317554 1.0 1.8506929045543075
18955 1 445231 1.0 1.5090289525687695
18956 1 1582426 1.0 0.712923938408494
18957 1 561663 1.0 0.9514749981462955
18958 1 101535 1.0 1.5329599846154451
18959 1 440546 1.0 1.0140839731320739
18960 1 1910655 1.0 1.7424150137230754
18961 1 2362487 1.0 1.1958939721807837
18962 1 285454 1.0 0.8022229885682464
18963 1 1960676 1.0 0.8576109539717436
18964 1 265080 1.0 1.0663479333743453
18965 1 1455839 1.0 1.4583050506189466
18966 1 222499 1.0 1.1993780499324203
18967 1 1966553 1.0 1.0205089347437024
18968 1 26563 1.0 1.5239049680531025
18969 1 1967227 1.0 0.8636080892756581
18970 1 2382833 1.0 1.4924639835953712
18971 1 1961442 1.0 1.0454829316586256
18972 1 1644075 1.0 1.516813994385302
18973 1 1970237 1.0 0.6920829182490706
18974 1 12975 1.0 0.6796469679102302
18975 1 1571427 1.0 0.9036490228027105
18976 1 99816 1.0 1.5363100683316588
18977 1 1811224 1.0 1.1129539925605059
18978 1 277350 1.0 1.1839579092338681
18979 1 35001 1.0 1.0298549896106124
18980 1 1522865 1.0 1.782065024599433
18981 1 40645 1.0 0.7279989076778293
18982 1 111822 1.0 1.1816730257123709
18983 1 1137948 1.0 0.6934929406270385
18984 1 1963129 1.0 1.7904660198837519
18985 1 1966222 1.0 0.8310629054903984
18986 1 1855687 1.0 0.8419849909842014
18987 1 1720996 1.0 0.7670059567317367
18988 1 1960657 1.0 0.8001190144568682
18989 1 1034950 1.0 1.4266669750213623
18990 1 1847815 1.0 1.7697570146992803
18991 1 321550 1.0 0.757319969125092
18992 1 448589 1.0 0.8661859901621938
18993 1 1964515 1.0 0.7401970215141773
18994 1 313307 1.0 1.074369065463543
18995 1 954856 1.0 1.8525510095059872
18996 1 103911 1.0 0.6912039825692773
18997 1 1715971 1.0 0.8338659536093473
18998 1 1553053 1.0 1.0922250803560019
18999 1 2233078 1.0 0.8265009382739663
19000 1 977158 1.0 0.8518950780853629
19001 1 1689432 1.0 0.8457559160888195
19002 1 1614903 1.0 1.118300948292017
19003 1 1707686 1.0 1.4960929984226823
19004 1 1967140 1.0 0.882757012732327
19005 1 374469 1.0 1.8407059833407402
19006 1 727679 1.0 0.8641059976071119
19007 1 469909 1.0 0.9959189919754863
19008 1 1967535 1.0 1.4483790146186948
19009 1 2128136 1.0 0.9815980447456241
19010 1 1906756 1.0 1.2829499319195747
19011 1 1760454 1.0 1.5388689935207367
19012 1 38549 1.0 0.7328049978241324
19013 1 1961420 1.0 1.437980099581182
19014 1 1291054 1.0 1.432736054994166
19015 1 2018405 1.0 1.4703809283673763
19016 1 1960701 1.0 0.8592800004407763
19017 1 478111 1.0 1.4982899883762002
19018 1 1967535 1.0 1.4845450641587377
19019 1 177295 1.0 1.13771203905344
19020 1 758654 1.0 2.2112299920991063
19021 1 640977 1.0 1.5862779691815376
19022 1 19733 1.0 1.2177869211882353
19023 1 124265 1.0 1.7101940466091037
19024 1 2380814 1.0 2.0508270245045424
19025 1 2011030 1.0 0.8090309565886855
19026 1 241964 1.0 2.0941479597240686
19027 1 1135297 1.0 1.2604580260813236
19028 1 232152 1.0 2.0755178993567824
19029 1 1483982 1.0 1.3555900659412146
19030 1 22865 1.0 1.9541240762919188
19031 1 1945393 1.0 1.6474890289828181
19032 1 310157 1.0 1.2261279625818133
19033 1 1220385 1.0 1.9790839869529009
19034 1 2460768 1.0 0.7563449908047915
19035 1 1967573 1.0 1.2628219556063414
19036 1 1970176 1.0 0.8085330482572317
19037 1 940886 1.0 1.3931370340287685
19038 1 452685 1.0 2.057626028545201
19039 1 2369583 1.0 0.9426759788766503
19040 1 1265209 1.0 0.7820599712431431
19041 1 1189881 1.0 0.7994810584932566
19042 1 284510 1.0 1.6704039881005883
19043 1 19072 1.0 1.6457829624414444
19044 1 1648408 1.0 1.2529509840533137
19045 1 1908289 1.0 1.1736949672922492
19046 1 1889743 1.0 1.1582350125536323
19047 1 1960727 1.0 1.980178989470005
19048 1 1133557 1.0 1.1848700232803822
19049 1 156564 1.0 2.0623779855668545
19050 1 580371 1.0 1.6002709744498134
19051 1 328174 1.0 1.5475880354642868
19052 1 21568 1.0 0.7766180206090212
19053 1 168347 1.0 1.5849400078877807
19054 1 742922 1.0 0.949825975112617
19055 1 1667507 1.0 1.9652849296107888
19056 1 1968145 1.0 0.8872350445017219
19057 1 474234 1.0 0.7818440208211541
19058 1 1485788 1.0 1.5751110622659326
19059 1 308586 1.0 0.7993129547685385
19060 1 1654069 1.0 1.5774959465488791
19061 1 1191592 1.0 1.1339409975335002
19062 1 218432 1.0 1.9847629591822624
19063 1 141339 1.0 0.7793849799782038
19064 1 1888594 1.0 1.8246819963678718
19065 1 976255 1.0 0.9309370070695877
19066 1 629011 1.0 0.9157989406958222
19067 1 305433 1.0 0.9328529704362154
19068 1 1961077 1.0 0.762108014896512
19069 1 1910660 1.0 1.4985480811446905
19070 1 453961 1.0 1.12734897993505
19071 1 1565906 1.0 1.0788249783217907
19072 1 1967867 1.0 1.486732973717153
19073 1 975788 1.0 0.7924580713734031
19074 1 1960519 1.0 0.7957370253279805
19075 1 142999 1.0 1.8663740484043956
19076 1 1933462 1.0 1.5931230736896396
19077 1 1060660 1.0 1.5008230693638325
19078 1 1457599 1.0 0.9506620699539781
19079 1 276523 1.0 0.7493960438296199
19080 1 60030 1.0 0.9521309984847903
19081 1 401172 1.0 1.2527990620583296
19082 1 352841 1.0 0.7130500162020326
19083 1 970719 1.0 0.927644083276391
19084 1 1967064 1.0 0.9098100708797574
19085 1 166098 1.0 0.7527950219810009
19086 1 84986 1.0 0.7488169940188527
19087 1 1849851 1.0 1.1719539761543274
19088 1 1970652 1.0 0.9006729815155268
19089 1 1921688 1.0 1.9490009872242808
19090 1 272449 1.0 1.0958689963445067
19091 1 745382 1.0 1.3202419504523277
19092 1 2040524 1.0 0.8063509594649076
19093 1 242242 1.0 1.9129139836877584
19094 1 1667079 1.0 0.893073040060699
19095 1 1967809 1.0 0.8532890351489186
19096 1 94453 1.0 0.7284680614247918
19097 1 375410 1.0 0.8698679739609361
19098 1 2450317 1.0 1.957678934559226
19099 1 523014 1.0 1.8304489785805345
19100 1 1178459 1.0 1.562815043143928
19101 1 1930274 1.0 0.9738190565258265
19102 1 141339 1.0 0.7528549758717418
19103 1 1965660 1.0 0.8535250090062618
19104 1 486334 1.0 1.9473140127956867
19105 1 530091 1.0 1.0358489817008376
19106 1 75370 1.0 0.9118299931287766
19107 1 1617801 1.0 2.1401100093498826
19108 1 974237 1.0 1.0921990033239126
19109 1 1962433 1.0 0.8217230206355453
19110 1 1055629 1.0 1.9225530559197068
19111 1 1136461 1.0 1.8996510189026594
19112 1 1960644 1.0 1.509068999439478
19113 1 1964122 1.0 1.1633980320766568
19114 1 397906 1.0 0.9344639256596565
19115 1 974155 1.0 0.7320980075746775
19116 1 1633533 1.0 0.9181039640679955
19117 1 625318 1.0 0.8099139668047428
19118 1 1727654 1.0 1.9897969905287027
19119 1 504195 1.0 1.959555083885789
19120 1 1912882 1.0 0.9299049852415919
19121 1 1967249 1.0 0.7996450876817107
19122 1 2221667 1.0 1.6531309811398387
19123 1 24018 1.0 1.374528044834733
19124 1 474924 1.0 1.6012199921533465
19125 1 1934833 1.0 1.095319981686771
19126 1 217427 1.0 0.9962540352717042
19127 1 60485 1.0 0.873001990839839
19128 1 450232 1.0 0.7670630002394319
19129 1 342325 1.0 1.2337090447545052
19130 1 976255 1.0 0.8886760333552957
19131 1 918995 1.0 1.571694971062243
19132 1 1963122 1.0 1.5688929706811905
19133 1 2002570 1.0 0.8767370600253344
19134 1 1813803 1.0 0.8846070850268006
19135 1 1732004 1.0 0.7632949855178595
19136 1 27984 1.0 0.8444710401818156
19137 1 1961300 1.0 0.7315389811992645
19138 1 1580247 1.0 0.802729045972228
19139 1 1603394 1.0 1.0833779815584421
19140 1 257247 1.0 1.5298249199986458
19141 1 1185448 1.0 0.769910984672606
19142 1 928488 1.0 0.8369389688596129
19143 1 1899842 1.0 1.1447140714153647
19144 1 558165 1.0 0.8006009738892317
19145 1 2259217 1.0 1.899766968563199
19146 1 2366726 1.0 1.8790160538628697
19147 1 551825 1.0 1.5543850604444742
19148 1 1106958 1.0 1.4999840641394258
19149 1 2383123 1.0 1.9035700242966413
19150 1 1980999 1.0 1.2068289797753096
19151 1 810724 1.0 1.528800930827856
19152 1 1449735 1.0 1.1748240794986486
19153 1 302056 1.0 1.642882009036839
19154 1 1634720 1.0 1.5343580162152648
19155 1 449922 1.0 0.9472089586779475
19156 1 1996506 1.0 1.8511859234422445
19157 1 1689311 1.0 1.090498990379274
19158 1 1279902 1.0 1.076804008334875
19159 1 1563618 1.0 1.5454280655831099
19160 1 899353 1.0 1.8421460408717394
19161 1 366859 1.0 1.7852350138127804
19162 1 27577 1.0 0.7744419854134321
19163 1 1966284 1.0 0.9080370655283332
19164 1 1965505 1.0 0.7936089532449841
19165 1 1638456 1.0 1.4958969550207257
19166 1 1113493 1.0 0.9102600160986185
19167 1 295818 1.0 1.885683974251151
19168 1 55348 1.0 1.624534954316914
19169 1 1512736 1.0 0.7559900404885411
19170 1 1963926 1.0 1.5637630131095648
19171 1 975638 1.0 0.7397329900413752
19172 1 1940711 1.0 0.796101987361908
19173 1 1899378 1.0 1.1715830769389868
19174 1 302395 1.0 1.816289033740759
19175 1 1678286 1.0 1.2095150304958224
19176 1 91736 1.0 1.4806099934503436
19177 1 2473734 1.0 1.5626290114596486
19178 1 1963122 1.0 1.4385479735210538
19179 1 1967215 1.0 0.7062890799716115
19180 1 182933 1.0 1.7833960009738803
19181 1 1891629 1.0 1.1934340000152588
19182 1 466677 1.0 0.7592409383505583
19183 1 1255583 1.0 1.8726419657468796
19184 1 2233380 1.0 1.5521749155595899
19185 1 2223149 1.0 1.8284639809280634
19186 1 84381 1.0 1.5351070323958993
19187 1 181371 1.0 1.1936950031667948
19188 1 466676 1.0 0.8876719512045383
19189 1 1799105 1.0 0.7565099513158202
19190 1 346130 1.0 1.562247984111309
19191 1 630062 1.0 1.7959129763767123
19192 1 1730162 1.0 0.8297140011563897
19193 1 2004355 1.0 1.4961339766159654
19194 1 181872 1.0 0.855067977681756
19195 1 84532 1.0 1.9227579468861222
19196 1 1619945 1.0 2.0553830545395613
19197 1 2232352 1.0 1.85708689969033
19198 1 445946 1.0 0.7419040193781257
19199 1 1452742 1.0 0.8946210145950317
19200 1 326852 1.0 0.7296029943972826
19201 1 1144782 1.0 1.9898369209840894
19202 1 1967169 1.0 1.5521219465881586
19203 1 565233 1.0 1.203131047077477
19204 1 1663468 1.0 0.7913920562714338
19205 1 1964252 1.0 0.7751809898763895
19206 1 539908 1.0 1.0561799863353372
19207 1 1714023 1.0 1.4591000508517027
19208 1 501508 1.0 1.8426170572638512
19209 1 1483982 1.0 1.2380600674077868
19210 1 2015617 1.0 1.1616019764915109
19211 1 1966174 1.0 0.90371398255229
19212 1 1773544 1.0 1.3307450572028756
19213 1 382378 1.0 0.8557350374758244
19214 1 1416588 1.0 1.503349980339408
19215 1 1970573 1.0 0.8185720071196556
19216 1 956254 1.0 1.619389047846198
19217 1 1965629 1.0 1.0602500988170505
19218 1 166098 1.0 0.7449949625879526
19219 1 9196 1.0 0.9113389533013105
19220 1 8931 1.0 0.8399590151384473
19221 1 1703900 1.0 0.7735199760645628
19222 1 875456 1.0 1.7868670402094722
19223 1 1591303 1.0 1.9912939751520753
19224 1 1968145 1.0 0.9774640202522278
19225 1 768593 1.0 0.7322470191866159
19226 1 1676750 1.0 1.4770419802516699
19227 1 1824901 1.0 0.9604530641809106
19228 1 1425482 1.0 1.878664013929665
19229 1 1422793 1.0 1.2494128895923495
19230 1 366859 1.0 1.9323390442878008
19231 1 1019697 1.0 1.2517640134319663
19232 1 85449 1.0 0.774362008087337
19233 1 916392 1.0 1.5931309899315238
19234 1 904488 1.0 1.2580360053107142
19235 1 80659 1.0 1.3816149439662695
19236 1 1183766 1.0 1.6178780933842063
19237 1 248640 1.0 1.2505899649113417
19238 1 1970274 1.0 1.5638080658391118
19239 1 1031936 1.0 1.1418309295549989
19240 1 980621 1.0 1.2410980416461825
19241 1 1661713 1.0 1.207547029480338
19242 1 44374 1.0 1.9046409288421273
19243 1 26286 1.0 0.9928059298545122
19244 1 82588 1.0 0.8500500116497278
19245 1 1964126 1.0 0.8755780290812254
19246 1 533068 1.0 1.9173410255461931
19247 1 2140411 1.0 0.9399210102856159
19248 1 1151188 1.0 1.6379300504922867
19249 1 1967478 1.0 0.7252580253407359
19250 1 276555 1.0 1.5532920369878411
19251 1 1713025 1.0 0.9915970731526613
19252 1 1965131 1.0 0.9481500601395965
19253 1 892766 1.0 0.8062440901994705
19254 1 1499809 1.0 1.6558700008317828
19255 1 107725 1.0 1.579107018187642
19256 1 29559 1.0 1.8520139856263995
19257 1 379139 1.0 1.8891009967774153
19258 1 1887199 1.0 0.8442269172519445
19259 1 263114 1.0 1.6523259691894054
19260 1 1936421 1.0 0.8276419248431921
19261 1 1660061 1.0 1.2303970288485289
19262 1 37293 1.0 1.7932410119101405
19263 1 347958 1.0 1.5887940535321832
19264 1 51977 1.0 1.8207950051873922
19265 1 2013673 1.0 1.8820989644154906
19266 1 110449 1.0 0.9118521120399237
19267 1 12355 1.0 0.7159439846873283
19268 1 1961754 1.0 1.6217459924519062
19269 1 1962433 1.0 0.8461989928036928
19270 1 432758 1.0 0.817334046587348
19271 1 223840 1.0 0.8834499167278409
19272 1 374777 1.0 0.7143170805647969
19273 1 2120755 1.0 0.7489699637517333
19274 1 1728597 1.0 1.610631006769836
19275 1 2356090 1.0 1.8123759655281901
19276 1 10799 1.0 0.7326389895752072
19277 1 1908286 1.0 1.5029599890112877
19278 1 1458760 1.0 0.7149300072342157
19279 1 1337346 1.0 1.1400770163163543
19280 1 1963466 1.0 0.8995410753414035
19281 1 124265 1.0 1.5652839792892337
19282 1 1672848 1.0 1.0525679681450129
19283 1 490631 1.0 1.9365360494703054
19284 1 1627989 1.0 0.8926719892770052
19285 1 1965208 1.0 1.0762820020318031
19286 1 1993699 1.0 1.5678990166634321
19287 1 597307 1.0 0.8395519107580185
19288 1 178283 1.0 1.119922031648457
19289 1 585619 1.0 1.4653659891337156
19290 1 2385470 1.0 1.5495549887418747
19291 1 1052248 1.0 1.7885180423036218
19292 1 926903 1.0 1.2223490048199892
19293 1 1962520 1.0 1.8975300481542945
19294 1 2005362 1.0 0.7569289300590754
19295 1 1100506 1.0 1.5618380857631564
19296 1 523388 1.0 0.8244180353358388
19297 1 923071 1.0 1.0594880441203713
19298 1 176946 1.0 1.539345015771687
19299 1 397906 1.0 0.8516700472682714
19300 1 103316 1.0 0.998178031295538
19301 1 1394463 1.0 0.7583529222756624
19302 1 96487 1.0 1.07645895332098
19303 1 593685 1.0 1.4501879923045635
19304 1 1965535 1.0 1.727438997477293
19305 1 1905727 1.0 0.8457639487460256
19306 1 658691 1.0 1.5853539807721972
19307 1 1733009 1.0 0.7737840060144663
19308 1 107722 1.0 1.1718900641426444
19309 1 930282 1.0 1.7066680593416095
19310 1 1800102 1.0 1.4181670267134905
19311 1 1532143 1.0 0.7206640439108014
19312 1 1962520 1.0 1.7583819571882486
19313 1 1241353 1.0 1.764314016327262
19314 1 1923723 1.0 1.8173949792981148
19315 1 942245 1.0 0.6771349580958486
19316 1 1968575 1.0 1.0232540080323815
19317 1 1664439 1.0 0.7993150502443314
19318 1 1795371 1.0 0.7041009375825524
19319 1 1963466 1.0 0.879160943441093
19320 1 1780896 1.0 0.6761900149285793
19321 1 1630727 1.0 0.8837749483063817
19322 1 1968501 1.0 1.0052570141851902
19323 1 331204 1.0 1.5017589321359992
19324 1 1203291 1.0 1.5116879949346185
19325 1 181656 1.0 0.7426060037687421
19326 1 1968564 1.0 0.8932719938457012
19327 1 65393 1.0 0.9034189861267805
19328 1 309142 1.0 0.8902220288291574
19329 1 280835 1.0 0.7544299587607384
19330 1 80449 1.0 0.8683910127729177
19331 1 248445 1.0 1.01794907823205
19332 1 27201 1.0 1.8311900785192847
19333 1 1058668 1.0 1.206719083711505
19334 1 35233 1.0 0.8827759884297848
19335 1 1693978 1.0 0.72996795643121
19336 1 787730 1.0 1.0946360416710377
19337 1 249975 1.0 1.505382009781897
19338 1 320196 1.0 0.7132400060072541
19339 1 2373107 1.0 1.1381660588085651
19340 1 9176 1.0 1.3884430518373847
19341 1 1964231 1.0 0.8550799684599042
19342 1 1900059 1.0 1.7913070041686296
19343 1 2138198 1.0 1.8179999897256494
19344 1 1762516 1.0 0.9830780327320099
19345 1 1204499 1.0 0.7028679829090834
19346 1 42362 1.0 1.5079680597409606
19347 1 270961 1.0 1.0973579483106732
19348 1 1649473 1.0 1.8090489320456982
19349 1 1607419 1.0 1.933770952746272
19350 1 1732381 1.0 1.8179139588028193
19351 1 1303406 1.0 1.5116899739950895
19352 1 1713977 1.0 0.6748819723725319
19353 1 1934833 1.0 1.0571869788691401
19354 1 2253057 1.0 1.0356499115005136
19355 1 1530899 1.0 1.4734920114278793
19356 1 1712419 1.0 0.8769459091126919
19357 1 1891906 1.0 2.840920933522284
19358 1 1436137 1.0 10.379864950664341
19359 1 41201 1.0 3.0174150597304106
19360 1 824032 1.0 11.60231395624578
19361 1 1552996 1.0 10.365434922277927
19362 1 1944956 1.0 2.4052170338109136
19363 1 1035452 1.0 10.326415998861194
19364 1 86045 1.0 3.4447720972821116
19365 1 1068385 1.0 10.23778598755598
19366 1 1923279 1.0 3.0566579662263393
19367 1 568542 1.0 5.028618965297937
19368 1 1698579 1.0 5.071498919278383
19369 1 1167939 1.0 10.387249989435077
19370 1 1139976 1.0 10.453945025801659
19371 1 1262747 1.0 3.293914021924138
19372 1 1688967 1.0 9.275293094106019
19373 1 1761259 1.0 10.844995034858584
19374 1 233138 1.0 9.297863929532468
19375 1 992422 1.0 11.089668958447874
19376 1 363223 1.0 9.891227004118264
19377 1 106873 1.0 5.467591108754277
19378 1 724166 1.0 6.797645008191466
19379 1 1483713 1.0 10.832174913957715
19380 1 1206646 1.0 12.192166061140597
19381 1 1400815 1.0 12.378389947116375
19382 1 702631 1.0 7.907091989181936
19383 1 1590409 1.0 10.471100104041398
19384 1 817387 1.0 11.92571793217212
19385 1 557748 1.0 5.087196012027562
19386 1 460250 1.0 6.439218996092677
19387 1 1437752 1.0 10.209399042651057
19388 1 597101 1.0 2.86180607508868
19389 1 1192188 1.0 11.488470016047359
19390 1 352852 1.0 4.37332596629858
19391 1 796025 1.0 10.377166094258428
19392 1 1394569 1.0 11.775819002650678
19393 1 1989440 1.0 11.98880304582417
19394 1 1676893 1.0 6.398917059414089
19395 1 91366 1.0 9.144171024672687
19396 1 1094664 1.0 10.27822692412883
19397 1 931536 1.0 7.371756015345454
19398 1 309540 1.0 2.446202910505235
19399 1 2153203 1.0 5.062788026407361
19400 1 1027606 1.0 2.8800839791074395
19401 1 139370 1.0 2.7786099817603827
19402 1 1027271 1.0 7.428220938891172
19403 1 798785 1.0 3.277042997069657
19404 1 1635258 1.0 3.3061839640140533
19405 1 1968539 1.0 4.502705996856093
19406 1 2428956 1.0 9.243277017958462
19407 1 773899 1.0 7.540622027590871
19408 1 1433465 1.0 11.86733297072351
19409 1 1178717 1.0 11.526927002705634
19410 1 1354774 1.0 10.488901985809207
19411 1 1530935 1.0 12.500931043177843
19412 1 593286 1.0 5.34009700641036
19413 1 506186 1.0 7.81227694824338
19414 1 828873 1.0 10.910662007518113
19415 1 1474325 1.0 12.410531984642148
19416 1 42518 1.0 2.7756000636145473
19417 1 1454423 1.0 4.773335997015238
19418 1 1457346 1.0 3.725098096765578
19419 1 2468619 1.0 11.226160917431116
19420 1 597627 1.0 5.718601052649319
19421 1 275824 1.0 3.2331140246242285
19422 1 2474129 1.0 4.932570969685912
19423 1 2117688 1.0 3.286413964815438
19424 1 613488 1.0 3.877903916873038
19425 1 410749 1.0 6.879059015773237
19426 1 1103544 1.0 12.352335033938289
19427 1 425760 1.0 8.202991914004087
19428 1 1198449 1.0 8.109239977784455
19429 1 358191 1.0 8.086501969955862
19430 1 1621969 1.0 9.952121996320784
19431 1 2070465 1.0 11.207612929865718
19432 1 557437 1.0 12.678319006226957
19433 1 201281 1.0 7.06410501152277
19434 1 1881904 1.0 12.757121934555471
19435 1 1953149 1.0 4.656012984924018
19436 1 541486 1.0 12.07872002851218
19437 1 1056200 1.0 5.410048994235694
19438 1 2300178 1.0 9.491747012361884
19439 1 1164263 1.0 10.587519034743309
19440 1 1902789 1.0 10.427410947158933
19441 1 2157550 1.0 9.288760949857533
19442 1 1554493 1.0 2.8599449433386326
19443 1 1405083 1.0 10.470137931406498
19444 1 668205 1.0 3.1041359761729836
19445 1 451622 1.0 2.871893928386271
19446 1 1186266 1.0 9.13306197617203
19447 1 639761 1.0 7.148909033276141
19448 1 993461 1.0 3.6664599319919944
19449 1 1684392 1.0 10.928794974461198
19450 1 588690 1.0 10.850289952941239
19451 1 546238 1.0 6.756237940862775
19452 1 10990 1.0 9.638012037612498
19453 1 523046 1.0 12.39683001767844
19454 1 1298013 1.0 3.5946040879935026
19455 1 1981768 1.0 5.311970016919076
19456 1 414793 1.0 9.548967005684972
19457 1 1038716 1.0 9.555059019476175
19458 1 1985343 1.0 5.211667972616851
19459 1 526132 1.0 4.492384032346308
19460 1 469887 1.0 7.490123971365392
19461 1 1849855 1.0 5.084112985059619
19462 1 314193 1.0 5.176100065000355
19463 1 1690329 1.0 6.334480945952237
19464 1 348664 1.0 6.4601299818605185
19465 1 1625781 1.0 4.456316004507244
19466 1 1463398 1.0 6.344289053231478
19467 1 982716 1.0 11.63558498956263
19468 1 1686805 1.0 11.514917947351933
19469 1 604514 1.0 11.74589095171541
19470 1 1970034 1.0 2.880649990402162
19471 1 1062429 1.0 10.334772057831287
19472 1 45767 1.0 7.310534943826497
19473 1 1235172 1.0 9.176230989396572
19474 1 843045 1.0 11.59633498173207
19475 1 1468314 1.0 6.410868023522198
19476 1 1474467 1.0 9.26258193794638
19477 1 502366 1.0 3.269269014708698
19478 1 1965623 1.0 2.8171429876238108
19479 1 2016136 1.0 2.383976010605693
19480 1 66622 1.0 7.356037036515772
19481 1 1007556 1.0 11.723739095032215
19482 1 1357240 1.0 11.626477935351431
19483 1 1494550 1.0 11.612449074164033
19484 1 1802453 1.0 6.58128596842289
19485 1 383528 1.0 6.9241030141711235
19486 1 1121166 1.0 12.175472918897867
19487 1 1060407 1.0 10.974421980790794
19488 1 1001310 1.0 7.905396982096136
19489 1 2043166 1.0 12.14213005732745
19490 1 630723 1.0 10.737998993135989
19491 1 1232200 1.0 6.8309890339151025
19492 1 1614203 1.0 3.4328079782426357
19493 1 443742 1.0 4.540266003459692
19494 1 1536429 1.0 10.626044007949531
19495 1 165921 1.0 3.036065958440304
19496 1 1170172 1.0 6.658350001089275
19497 1 1575001 1.0 11.775537044741213
19498 1 1398540 1.0 10.41725801769644
19499 1 59595 1.0 5.088398000225425
19500 1 1432297 1.0 10.19633503165096
19501 1 430597 1.0 2.822780981659889
19502 1 1770916 1.0 9.193142992444336
19503 1 795785 1.0 10.439547942951322
19504 1 2377764 1.0 10.6686259387061
19505 1 1483804 1.0 5.363453063182533
19506 1 68620 1.0 10.4727519210428
19507 1 1828181 1.0 4.40701306797564
19508 1 609991 1.0 3.2910879235714674
19509 1 1791420 1.0 7.409904967062175
19510 1 1939055 1.0 3.312630928121507
19511 1 2068753 1.0 10.347923962399364
19512 1 1574427 1.0 9.265247965231538
19513 1 1523180 1.0 4.424029961228371
19514 1 1609839 1.0 11.675782036036253
19515 1 1626594 1.0 3.102571005001664
19516 1 552291 1.0 3.463433007709682
19517 1 2397903 1.0 7.694316911511123
19518 1 1406554 1.0 3.551091067492962
19519 1 621479 1.0 6.831840029917657
19520 1 1534333 1.0 3.0409269966185093
19521 1 1428510 1.0 12.226947001181543
19522 1 1738497 1.0 5.508547998033464
19523 1 1031667 1.0 11.992212967015803
19524 1 567780 1.0 9.569891029968858
19525 1 1384707 1.0 7.84084596671164
19526 1 1769902 1.0 12.13932503014803
19527 1 8660 1.0 5.380962044000626
19528 1 2053522 1.0 6.578731001354754
19529 1 452151 1.0 5.126176052726805
19530 1 1753407 1.0 5.028741899877787
19531 1 1688262 1.0 2.8345369501039386
19532 1 991196 1.0 3.2994128996506333
19533 1 576345 1.0 3.2949410378932953
19534 1 2019439 1.0 11.78628799971193
19535 1 1429669 1.0 9.216048987582326
19536 1 2124796 1.0 6.397019024007022
19537 1 200073 1.0 11.698269983753562
19538 1 1935027 1.0 7.362102973274887
19539 1 1614149 1.0 9.342614910565317
19540 1 1940051 1.0 9.105570032261312
19541 1 1305229 1.0 7.207427988760173
19542 1 180041 1.0 2.5164310354739428
19543 1 514002 1.0 10.19440998788923
19544 1 1993334 1.0 4.994713002815843
19545 1 994642 1.0 5.071723950095475
19546 1 1293234 1.0 4.551982972770929
19547 1 637718 1.0 6.765880971215665
19548 1 144380 1.0 6.649613962508738
19549 1 1188835 1.0 9.401003015227616
19550 1 51815 1.0 10.052921948954463
19551 1 1484583 1.0 11.381519958376884
19552 1 1138744 1.0 8.09660297818482
19553 1 1354046 1.0 3.5917540080845356
19554 1 623245 1.0 10.004512965679169
19555 1 1707516 1.0 4.826893098652363
19556 1 568760 1.0 9.646412916481495
19557 1 1460884 1.0 9.568765992298722
19558 1 1414731 1.0 6.680020014755428
19559 1 551737 1.0 7.741792942397296
19560 1 988608 1.0 6.78968196734786
19561 1 1963585 1.0 7.700753980316222
19562 1 177910 1.0 4.606819013133645
19563 1 1559972 1.0 12.241071090102196
19564 1 16244 1.0 9.75222501438111
19565 1 263115 1.0 4.704128950834274
19566 1 841427 1.0 6.6737550077959895
19567 1 7768 1.0 9.88230702932924
19568 1 1157010 1.0 5.312319030053914
19569 1 1152290 1.0 9.474065038375556
19570 1 17371 1.0 6.653000018559396
19571 1 1964560 1.0 3.4049460664391518
19572 1 1620549 1.0 7.550486014224589
19573 1 1245845 1.0 10.700044920668006
19574 1 1926271 1.0 12.179509969428182
19575 1 1459467 1.0 4.659218015149236
19576 1 1036265 1.0 12.022119015455246
19577 1 1701359 1.0 7.754103979095817
19578 1 1809752 1.0 11.160495923832059
19579 1 2461082 1.0 9.774934034794569
19580 1 1559537 1.0 5.417920998297632
19581 1 1022341 1.0 5.553552065975964
19582 1 1257656 1.0 10.721851023845375
19583 1 1386180 1.0 11.897857068106532
19584 1 1066161 1.0 5.50255598500371
19585 1 1596275 1.0 2.549631055444479
19586 1 1390780 1.0 9.446925949305296
19587 1 63607 1.0 6.872855010442436
19588 1 1525955 1.0 6.577328080311418
19589 1 2017032 1.0 5.096146953292191
19590 1 554 1.0 6.648546899668872
19591 1 112558 1.0 7.63720297254622
19592 1 2431105 1.0 5.183872999623418
19593 1 1623659 1.0 9.301107958890498
19594 1 1653250 1.0 9.385916055180132
19595 1 1203141 1.0 10.58753696270287
19596 1 532559 1.0 2.5372180389240384
19597 1 49570 1.0 5.947250057943165
19598 1 1966521 1.0 8.126244996674359
19599 1 982770 1.0 8.001473965123296
19600 1 668178 1.0 9.892303962260485
19601 1 1857925 1.0 10.687900939956307
19602 1 1692090 1.0 8.007931988686323
19603 1 667224 1.0 6.90788496285677
19604 1 1443132 1.0 10.666531976312399
19605 1 1970452 1.0 12.097979080863297
19606 1 1205557 1.0 12.137272045947611
19607 1 52587 1.0 7.792324060574174
19608 1 1696536 1.0 6.515459972433746
19609 1 20127 1.0 5.221258965320885
19610 1 165354 1.0 2.48292600736022
19611 1 493726 1.0 9.534938028082252
19612 1 1133701 1.0 12.266804929822683
19613 1 1554038 1.0 3.0208959942683578
19614 1 1477396 1.0 7.770356955006719
19615 1 1727670 1.0 11.863966006785631
19616 1 1525271 1.0 9.36710403766483
19617 1 1671525 1.0 4.499205038882792
19618 1 1634021 1.0 6.692387978546321
19619 1 2408491 1.0 7.613630034029484
19620 1 902044 1.0 2.6688199723139405
19621 1 555092 1.0 11.700605973601341
19622 1 720777 1.0 9.552960051223636
19623 1 926675 1.0 6.892970995977521
19624 1 1038309 1.0 5.347823025658727
19625 1 661782 1.0 9.300380013883114
19626 1 1405030 1.0 7.605641963891685
19627 1 788564 1.0 6.523913936689496
19628 1 355337 1.0 6.493152002803981
19629 1 36592 1.0 2.9683340108022094
19630 1 450851 1.0 5.132828024215996
19631 1 1129085 1.0 3.0956589616835117
19632 1 2288541 1.0 6.695527001284063
19633 1 1052636 1.0 10.66505501512438
19634 1 1645355 1.0 3.497862024232745
19635 1 1002893 1.0 12.04541907645762
19636 1 412414 1.0 11.06064801570028
19637 1 100475 1.0 3.153763012960553
19638 1 800044 1.0 3.536017960868776
19639 1 484104 1.0 7.811322924681008
19640 1 1797947 1.0 7.828826084733009
19641 1 1966368 1.0 6.629719049669802
19642 1 2118253 1.0 7.815424003638327
19643 1 1472212 1.0 4.752489970996976
19644 1 1889742 1.0 3.5887720296159387
19645 1 545622 1.0 6.693960982374847
19646 1 1510019 1.0 9.978277957998216
19647 1 845146 1.0 12.257996015250683
19648 1 350349 1.0 7.701263064518571
19649 1 1761994 1.0 9.380645002238452
19650 1 1700313 1.0 3.000825992785394
19651 1 1450598 1.0 7.802492007613182
19652 1 636227 1.0 7.41036597173661
19653 1 1525313 1.0 11.658748961053789
19654 1 134926 1.0 3.4595848992466927
19655 1 1935716 1.0 5.102809052914381
19656 1 1777440 1.0 10.480187949724495
19657 1 629475 1.0 7.624844904057682
19658 1 1548489 1.0 6.68348406907171
19659 1 1648262 1.0 7.563846069388092
19660 1 1541827 1.0 6.423808052204549
19661 1 573767 1.0 2.388030057772994
19662 1 607183 1.0 11.530640069395304
19663 1 276166 1.0 6.474205991253257
19664 1 455710 1.0 7.430839003063738
19665 1 1681451 1.0 6.447614054195583
19666 1 1452856 1.0 11.474042083136737
19667 1 2227390 1.0 3.3489749766886234
19668 1 1015351 1.0 11.63921901024878
19669 1 595544 1.0 5.0299400463700294
19670 1 1163859 1.0 11.50681497529149
19671 1 1817635 1.0 2.5320990243926644
19672 1 844396 1.0 11.957110953517258
19673 1 2052126 1.0 11.757006985135376
19674 1 1960283 1.0 9.22591402195394
19675 1 1462348 1.0 13.192808022722602
19676 1 1433850 1.0 11.967511964030564
19677 1 1333315 1.0 11.341378907673061
19678 1 1585765 1.0 3.560747019946575
19679 1 1334536 1.0 3.6022260319441557
19680 1 1908876 1.0 6.835345062427223
19681 1 1530606 1.0 10.19115699455142
19682 1 821624 1.0 4.846689058467746
19683 1 1874633 1.0 12.191329034976661
19684 1 1050476 1.0 9.561253944411874
19685 1 402044 1.0 3.1304380390793085
19686 1 113541 1.0 2.5853649713099003
19687 1 1474766 1.0 5.392279010266066
19688 1 1970343 1.0 9.500015992671251
19689 1 508514 1.0 2.899202983826399
19690 1 438864 1.0 10.398069978691638
19691 1 29077 1.0 2.531785983592272
19692 1 1497340 1.0 9.27590299397707
19693 1 2197097 1.0 6.415540003217757
19694 1 323333 1.0 2.5088790571317077
19695 1 311677 1.0 9.56232997123152
19696 1 25772 1.0 7.264812011271715
19697 1 927867 1.0 6.447613006457686
19698 1 316806 1.0 2.4021159624680877
19699 1 1920635 1.0 3.2648229971528053
19700 1 1543129 1.0 5.078864982351661
19701 1 1049305 1.0 6.337909959256649
19702 1 1951755 1.0 10.576851083897054
19703 1 1959452 1.0 6.749426014721394
19704 1 825354 1.0 7.3768970323726535
19705 1 1439281 1.0 7.397918030619621
19706 1 1673260 1.0 4.521120106801391
19707 1 161903 1.0 2.8584609972313046
19708 1 574994 1.0 5.158029962331057
19709 1 438777 1.0 4.525382071733475
19710 1 482244 1.0 10.28807507827878
19711 1 1943974 1.0 9.299812954850495
19712 1 1401153 1.0 10.637005907483399
19713 1 198513 1.0 10.558172012679279
19714 1 1522204 1.0 10.233447072096169
19715 1 78960 1.0 6.514798034913838
19716 1 627369 1.0 9.858287055976689
19717 1 1150187 1.0 4.720358992926776
19718 1 1566354 1.0 4.839924047701061
19719 1 279274 1.0 5.40592207107693
19720 1 2445311 1.0 3.771359915845096
19721 1 514952 1.0 7.858405006118119
19722 1 520448 1.0 12.54081609658897
19723 1 1157097 1.0 12.048605014570057
19724 1 2443565 1.0 7.763804052956402
19725 1 9370 1.0 3.4152999287471175
19726 1 1681235 1.0 5.196753074415028
19727 1 1694648 1.0 9.59406595211476
19728 1 2263425 1.0 2.563817077316344
19729 1 1712389 1.0 10.655359947122633
19730 1 825213 1.0 2.3525379365310073
19731 1 860074 1.0 9.333239984698594
19732 1 1517334 1.0 5.261023994535208
19733 1 1141290 1.0 12.054383056238294
19734 1 153591 1.0 2.979530952870846
19735 1 538231 1.0 10.24025899823755
19736 1 2013745 1.0 2.8360560536384583
19737 1 336878 1.0 3.2871069852262735
19738 1 443482 1.0 7.410741993226111
19739 1 615938 1.0 4.432899062521756
19740 1 1323297 1.0 6.355889956466854
19741 1 840307 1.0 11.533819953911006
19742 1 1573523 1.0 10.190712986513972
19743 1 348342 1.0 4.500105045735836
19744 1 433560 1.0 2.8672469779849052
19745 1 579894 1.0 5.147514981217682
19746 1 154336 1.0 4.4423340586945415
19747 1 1118159 1.0 10.24642400443554
19748 1 1991438 1.0 5.0479089841246605
19749 1 146178 1.0 5.059993010945618
19750 1 1424125 1.0 4.4055589241907
19751 1 1960511 1.0 2.861417015083134
19752 1 933564 1.0 5.04788791295141
19753 1 1698938 1.0 4.986061016097665
19754 1 1700783 1.0 2.4922529701143503
19755 1 831479 1.0 11.392015032470226
19756 1 1730116 1.0 7.357849972322583
19757 1 2054193 1.0 7.29013595264405
19758 1 807512 1.0 10.64466591924429
19759 1 407040 1.0 10.547084035351872
19760 1 1079575 1.0 4.757929011248052
19761 1 1284789 1.0 10.267562000080943
19762 1 1484196 1.0 12.251480016857386
19763 1 1558501 1.0 12.160314014181495
19764 1 941660 1.0 6.759462994523346
19765 1 1931401 1.0 7.798595004715025
19766 1 615479 1.0 5.287567968480289
19767 1 897875 1.0 4.5993339736014605
19768 1 1802825 1.0 9.516512975096703
19769 1 945410 1.0 5.258074030280113
19770 1 1230648 1.0 2.527036005631089
19771 1 663998 1.0 11.96009002160281
19772 1 1157306 1.0 11.700464994646609
19773 1 1633746 1.0 6.50208699516952
19774 1 1660933 1.0 7.4685190338641405
19775 1 385751 1.0 11.650040978565812
19776 1 1935548 1.0 5.025918013416231
19777 1 2052325 1.0 11.614222079515457
19778 1 1591326 1.0 11.72563701402396
19779 1 338641 1.0 9.18535003438592
19780 1 1001876 1.0 10.267857927829027
19781 1 1782283 1.0 10.340743931010365
19782 1 2117593 1.0 2.91828706394881
19783 1 1139464 1.0 9.48511203750968
19784 1 1040842 1.0 3.299430012702942
19785 1 1486796 1.0 11.693068081513047
19786 1 816293 1.0 7.332783075980842
19787 1 595854 1.0 6.427250918932259
19788 1 1019484 1.0 11.789108044467866
19789 1 1966453 1.0 6.764984922483563
19790 1 378089 1.0 11.56017102766782
19791 1 2067776 1.0 11.632138979621232
19792 1 154175 1.0 7.556621916592121
19793 1 1155677 1.0 7.6744010439142585
19794 1 663830 1.0 6.879438064061105
19795 1 1902570 1.0 12.452665017917752
19796 1 1613474 1.0 9.762333007529378
19797 1 541009 1.0 5.561601952649653
19798 1 1687797 1.0 5.432774079963565
19799 1 1933286 1.0 3.6404560087248683
19800 1 2347675 1.0 6.914743920788169
19801 1 1401885 1.0 7.0234519662335515
19802 1 1537366 1.0 7.723219925537705
19803 1 544456 1.0 2.9835549648851156
19804 1 1574571 1.0 10.69396105594933
19805 1 63628 1.0 4.624883993528783
19806 1 76051 1.0 4.53574990388006
19807 1 442540 1.0 3.4478020388633013
19808 1 2457753 1.0 10.524170007556677
19809 1 1653710 1.0 5.328814964741468
19810 1 127288 1.0 11.919790995307267
19811 1 1609829 1.0 6.600191001780331
19812 1 1467127 1.0 11.90215500537306
19813 1 217184 1.0 2.8519059997051954
19814 1 493769 1.0 2.517398912459612
19815 1 587387 1.0 5.08878892287612
19816 1 1518172 1.0 7.394519983790815
19817 1 1480128 1.0 3.410523058846593
19818 1 1859291 1.0 5.123013979755342
19819 1 741615 1.0 6.649152026511729
19820 1 1854123 1.0 2.50922201666981
19821 1 1837750 1.0 2.90336599573493
19822 1 856035 1.0 10.701582999899983
19823 1 828756 1.0 9.485826012678444
19824 1 29346 1.0 11.558967060409486
19825 1 535215 1.0 6.37208204716444
19826 1 1067285 1.0 5.054239998571575
19827 1 993435 1.0 5.148752010427415
19828 1 1790779 1.0 2.483215997926891
19829 1 204100 1.0 2.4896400282159448
19830 1 2075647 1.0 7.647182093933225
19831 1 1564094 1.0 2.5316780665889382
19832 1 1605855 1.0 11.646289960481226
19833 1 278254 1.0 3.3405879512429237
19834 1 382195 1.0 5.03501994535327
19835 1 177701 1.0 6.407331908121705
19836 1 764809 1.0 10.232186992652714
19837 1 107434 1.0 9.191869059577584
19838 1 215244 1.0 4.802275099791586
19839 1 539377 1.0 11.168805998750031
19840 1 1530699 1.0 12.566172983497381
19841 1 1141378 1.0 9.835920063778758
19842 1 2259218 1.0 3.0693659791722894
19843 1 1091117 1.0 12.13444396853447
19844 1 457167 1.0 12.550445040687919
19845 1 1298671 1.0 10.65346400719136
19846 1 798864 1.0 3.0269090784713626
19847 1 1688324 1.0 6.558755994774401
19848 1 1901523 1.0 10.571860009804368
19849 1 1881099 1.0 10.488484986126423
19850 1 1733453 1.0 10.420685983262956
19851 1 1622112 1.0 7.366728037595749
19852 1 153838 1.0 6.624237052164972
19853 1 451892 1.0 4.367387038655579
19854 1 586936 1.0 4.35618101619184
19855 1 1048300 1.0 5.005444982089102
19856 1 1459513 1.0 5.248468019999564
19857 1 1428768 1.0 21.920302999205887
19858 1 1124161 1.0 23.526543052867055
19859 1 1729446 1.0 19.383725943043828
19860 1 1573381 1.0 32.032805029302835
19861 1 1094414 1.0 29.39814201090485
19862 1 1124564 1.0 29.363677953369915
19863 1 1456361 1.0 16.114676953293383
19864 1 1879883 1.0 29.413081938400865
19865 1 1174746 1.0 34.157795016653836
19866 1 1163383 1.0 28.956750058569014
19867 1 2065432 1.0 26.446593925356865
19868 1 1126510 1.0 25.97824006807059
19869 1 2067549 1.0 25.934581994079053
19870 1 1174451 1.0 30.074713984504342
19871 1 1631573 1.0 28.415580047294497
19872 1 843291 1.0 30.66856798250228
19873 1 1194776 1.0 27.047047042287886
19874 1 603324 1.0 29.1302390396595
19875 1 1048813 1.0 24.040788994170725
19876 1 152921 1.0 18.070088932290673
19877 1 833818 1.0 30.294331023469567
19878 1 1962618 1.0 33.42217695899308
19879 1 1501798 1.0 24.05080001335591
19880 1 1504399 1.0 18.085452960804105
19881 1 845715 1.0 30.103608034551144
19882 1 1096255 1.0 24.374136934056878
19883 1 1283063 1.0 31.336384010501206
19884 1 1988310 1.0 18.291437067091465
19885 1 1491978 1.0 29.23141303472221
19886 1 1299886 1.0 15.348884975537658
19887 1 1269671 1.0 20.11675201356411
19888 1 1173411 1.0 19.328723079524934
19889 1 33344 1.0 24.351389962248504
19890 1 1191158 1.0 21.036874037235975
19891 1 839066 1.0 28.02528697066009
19892 1 1365137 1.0 34.4628730090335
19893 1 1542265 1.0 26.64500300306827
19894 1 1215663 1.0 33.448326983489096
19895 1 1610405 1.0 23.70344998780638
19896 1 1089768 1.0 35.18809797242284
19897 1 1632036 1.0 16.572499996982515
19898 1 851837 1.0 29.821912059560418
19899 1 1507531 1.0 18.157645012252033
19900 1 1527226 1.0 25.362203014083207
19901 1 641300 1.0 25.337432976812124
19902 1 1164521 1.0 29.146034037694335
19903 1 1493782 1.0 25.144009036011994
19904 1 1533356 1.0 29.533221968449652
19905 1 1243294 1.0 19.643303006887436
19906 1 1128352 1.0 25.74959595222026
19907 1 1781804 1.0 18.79245904274285
19908 1 1921208 1.0 18.682145047932863
19909 1 1136905 1.0 33.302981057204306
19910 1 1436747 1.0 29.95176101103425
19911 1 465217 1.0 23.412878974340856
19912 1 1488076 1.0 27.76979992631823
19913 1 1513909 1.0 27.588733937591314
19914 1 1138292 1.0 25.44526197016239
19915 1 1319078 1.0 17.53610000014305
19916 1 1569239 1.0 29.183377977460623
19917 1 510128 1.0 21.874538040719926
19918 1 1197723 1.0 14.759112033061683
19919 1 1249373 1.0 14.964603004045784
19920 1 1162168 1.0 20.32162598334253
19921 1 719975 1.0 20.407575997523963
19922 1 1034298 1.0 30.73710494209081
19923 1 1153684 1.0 28.009086032398045
19924 1 1190579 1.0 31.85656399000436
19925 1 1208583 1.0 23.54614296928048
19926 1 2031117 1.0 31.958710053004324
19927 1 1515569 1.0 24.96584691107273
19928 1 1036527 1.0 17.455784021876752
19929 1 408596 1.0 24.162865011021495
19930 1 1514296 1.0 15.75567398685962
19931 1 1193028 1.0 14.831687090918422
19932 1 2053083 1.0 29.65621103066951
19933 1 543972 1.0 32.97417901922017
19934 1 892654 1.0 29.54266604501754
19935 1 1256914 1.0 29.092803015373647
19936 1 819383 1.0 13.79830704536289
19937 1 854043 1.0 25.31029295641929
19938 1 34287 1.0 14.112483011558652
19939 1 1157296 1.0 31.80716303177178
19940 1 625429 1.0 13.783346978016198
19941 1 1209707 1.0 29.614836908876896
19942 1 1116813 1.0 17.955849994905293
19943 1 1170346 1.0 27.41721400525421
19944 1 813437 1.0 34.78018508758396
19945 1 1079947 1.0 22.62825903017074
19946 1 1408060 1.0 29.739668942056596
19947 1 1420848 1.0 14.075835002586246
19948 1 1452559 1.0 23.51345692295581
19949 1 1458901 1.0 31.877257977612317
19950 1 1951906 1.0 13.84439505636692
19951 1 1042891 1.0 17.626908025704324
19952 1 1438077 1.0 29.137792997062206
19953 1 1298662 1.0 29.068735893815756
19954 1 2071149 1.0 14.231603941880167
19955 1 1688720 1.0 23.589649936184287
19956 1 1628641 1.0 26.6481249127537
19957 1 1057239 1.0 24.672726984135807
19958 1 1054451 1.0 15.619111014530063
19959 1 1293812 1.0 15.763157047331333
19960 1 392947 1.0 32.01419301331043
19961 1 608916 1.0 29.277216992340982
19962 1 1476461 1.0 25.17380705103278
19963 1 1113015 1.0 17.480522044934332
19964 1 1476504 1.0 23.445613915100694
19965 1 1086920 1.0 23.317740997299552
19966 1 1069208 1.0 15.109886066056788
19967 1 1061442 1.0 29.206042061559856
19968 1 1117564 1.0 29.323442955501378
19969 1 2048973 1.0 25.42007202282548
19970 1 1498012 1.0 22.760107065550983
19971 1 1561432 1.0 29.940056963823736
19972 1 1576247 1.0 15.815753024071455
19973 1 625800 1.0 25.46819602139294
19974 1 1421325 1.0 22.0184619538486
19975 1 1189895 1.0 27.704010950401425
19976 1 2054654 1.0 31.95863706059754
19977 1 1115986 1.0 25.422326056286693
19978 1 2065226 1.0 32.23915793932974
19979 1 2265563 1.0 34.26319803111255
19980 1 2051698 1.0 20.205260021612048
19981 1 1085550 1.0 28.742625028826296
19982 1 1492745 1.0 30.15949798282236
19983 1 263543 1.0 15.736670000478625
19984 1 936003 1.0 17.99203094560653
19985 1 1134064 1.0 18.242621910758317
19986 1 1150134 1.0 31.950018950738013
19987 1 1468002 1.0 23.409359040670097
19988 1 1640840 1.0 14.325961004942656
19989 1 1088439 1.0 22.761333035305142
19990 1 1056639 1.0 20.624832017347217
19991 1 1309616 1.0 30.95578495413065
19992 1 423140 1.0 22.653287975117564
19993 1 552890 1.0 14.440777013078332
19994 1 1001306 1.0 31.212655012495816
19995 1 1207194 1.0 15.806022915057838
19996 1 1411799 1.0 22.468665963970125
19997 1 1148944 1.0 19.90164606831968
19998 1 1053982 1.0 19.854794023558497
19999 1 2052406 1.0 26.17578802164644
20000 1 1176964 1.0 20.165090914815664
20001 1 923512 1.0 19.891396979801357
20002 1 2074858 1.0 30.60184291098267
20003 1 1047800 1.0 33.76936900895089
20004 1 1191703 1.0 20.441257976926863
20005 1 1414942 1.0 29.434421099722385
20006 1 1576570 1.0 26.915745926089585
20007 1 1428540 1.0 29.54654092900455
20008 1 1370074 1.0 24.869366898201406
20009 1 1630931 1.0 18.682714086025953
20010 1 1759994 1.0 22.614222951233387
20011 1 1246668 1.0 32.889327965676785
20012 1 921102 1.0 30.40279308333993
20013 1 1510411 1.0 23.01737410016358
20014 1 1539137 1.0 25.79674602020532
20015 1 1239995 1.0 24.030948989093304
20016 1 1424804 1.0 22.925294935703278
20017 1 1197187 1.0 28.58521998859942
20018 1 1178970 1.0 29.152026982046664
20019 1 1672813 1.0 22.247966029681265
20020 1 1610127 1.0 22.138470085337758
20021 1 2090232 1.0 19.478513044305146
20022 1 1022418 1.0 23.24872591998428
20023 1 579377 1.0 31.84984903782606
20024 1 1566119 1.0 24.464927962981164
20025 1 471070 1.0 13.904321007430553
20026 1 1429080 1.0 27.86529902368784
20027 1 2077403 1.0 24.00157693773508
20028 1 2072588 1.0 16.514776973053813
20029 1 1043648 1.0 23.31452607177198
20030 1 1178843 1.0 14.49087297078222
20031 1 818448 1.0 29.593006009235978
20032 1 522108 1.0 22.711560013704002
20033 1 1308616 1.0 29.701445950195193
20034 1 981481 1.0 27.604465023614466
20035 1 1628845 1.0 17.548201023600996
20036 1 630559 1.0 27.75508095510304
20037 1 1102017 1.0 27.863932074978948
20038 1 1458592 1.0 23.292049998417497
20039 1 2090041 1.0 27.326787007041276
20040 1 885774 1.0 18.205631989985704
20041 1 1021933 1.0 26.269404916092753
20042 1 2050492 1.0 22.327667917124927
20043 1 812105 1.0 29.45581404492259
20044 1 1205524 1.0 27.89198898244649
20045 1 579785 1.0 32.99513109959662
20046 1 996213 1.0 21.988005959428847
20047 1 1719127 1.0 30.036733020097017
20048 1 1167944 1.0 21.854360937140882
20049 1 2031339 1.0 30.296275042928755
20050 1 1528767 1.0 33.798441058024764
20051 1 828622 1.0 26.301461970433593
20052 1 1083194 1.0 29.486889019608498
20053 1 1509839 1.0 20.436936989426613
20054 1 1100058 1.0 23.90059595927596
20055 1 1368304 1.0 21.928346948698163
20056 1 1496958 1.0 32.07849303726107
20057 1 450648 1.0 26.36033098679036
20058 1 1064358 1.0 32.50707604456693
20059 1 1595415 1.0 31.802423065528274
20060 1 1109942 1.0 21.980053978040814
20061 1 1120180 1.0 36.41478903591633
20062 1 1693490 1.0 32.276885001920164
20063 1 2107785 1.0 32.30747196357697
20064 1 256350 1.0 32.07940608263016
20065 1 445516 1.0 28.565490967594087
20066 1 1467643 1.0 27.950419927947223
20067 1 398252 1.0 26.199946994893253
20068 1 631709 1.0 19.42220493219793
20069 1 1475721 1.0 29.501606011763215
20070 1 1537778 1.0 15.815236954949796
20071 1 1121857 1.0 28.99761195294559
20072 1 1182216 1.0 22.776718018576503
20073 1 1085461 1.0 15.624572057276964
20074 1 1114141 1.0 19.85362498089671
20075 1 1568911 1.0 17.596423043869436
20076 1 1212087 1.0 21.789442049339414
20077 1 1142994 1.0 23.565830080769956
20078 1 1064679 1.0 21.84175595175475
20079 1 536823 1.0 18.96797795780003
20080 1 1079198 1.0 28.910344932228327
20081 1 1150358 1.0 19.73304699640721
20082 1 1126764 1.0 19.201623974367976
20083 1 372997 1.0 15.18331898842007
20084 1 1056012 1.0 14.20612505171448
20085 1 2074369 1.0 24.55984498374164
20086 1 1484093 1.0 33.79266103729606
20087 1 1597508 1.0 14.43289197050035
20088 1 1005284 1.0 24.355523055419326
20089 1 1552770 1.0 13.87347502168268
20090 1 993294 1.0 13.815355021506548
20091 1 571707 1.0 27.5447650346905
20092 1 1237955 1.0 22.00690796598792
20093 1 1707527 1.0 13.692773063667119
20094 1 1162539 1.0 23.50965898949653
20095 1 1769196 1.0 31.8020359845832
20096 1 1252468 1.0 23.32402009051293
20097 1 990652 1.0 15.29204600956291
20098 1 86948 1.0 20.787609973922372
20099 1 1614828 1.0 26.830872986465693
20100 1 1487358 1.0 15.825622947886586
20101 1 1821660 1.0 30.431627994403243
20102 1 2073619 1.0 32.52154006622732
20103 1 1022504 1.0 33.59939099755138
20104 1 2047806 1.0 31.87351592350751
20105 1 1033770 1.0 21.811060956679285
20106 1 1505491 1.0 23.22147402446717
20107 1 2107304 1.0 28.584784013219178
20108 1 1173168 1.0 29.314932064153254
20109 1 1182513 1.0 31.045277952216566
20110 1 1102165 1.0 24.299864075146616
20111 1 1395464 1.0 28.78442103974521
20112 1 1045325 1.0 29.133712989278138
20113 1 1107789 1.0 23.455717018805444
20114 1 1304774 1.0 22.226065979339182
20115 1 1197223 1.0 20.037765032611787
20116 1 1502970 1.0 23.79861695226282
20117 1 1105809 1.0 19.29112698417157
20118 1 2358441 1.0 28.032383997924626
20119 1 644062 1.0 25.434813927859068
20120 1 1571196 1.0 33.805693965405226
20121 1 1521221 1.0 16.052104998379946
20122 1 1028234 1.0 24.45130597334355
20123 1 1028280 1.0 15.662411926314235
20124 1 239107 1.0 18.149151001125574
20125 1 1079001 1.0 24.014741997234523
20126 1 2220554 1.0 19.740637973882258
20127 1 1126862 1.0 28.47383706830442
20128 1 1492851 1.0 18.26804399024695
20129 1 1024352 1.0 32.81892905943096
20130 1 1451298 1.0 18.08719604741782
20131 1 1305469 1.0 28.42581702861935
20132 1 1050870 1.0 18.392993952147663
20133 1 1564432 1.0 33.95782096777111
20134 1 1206531 1.0 14.325430034659803
20135 1 580181 1.0 20.084592048078775
20136 1 1460635 1.0 30.576528050005436
20137 1 453355 1.0 15.571394935250282
20138 1 991158 1.0 14.2447390826419
20139 1 1106055 1.0 18.002047087065876
20140 1 1424265 1.0 15.56667301338166
20141 1 1164264 1.0 32.96390699688345
20142 1 376870 1.0 14.33792698662728
20143 1 1619365 1.0 30.151029932312667
20144 1 1779751 1.0 22.64389698393643
20145 1 1232654 1.0 15.638859011232853
20146 1 1269969 1.0 18.24411901179701
20147 1 1574316 1.0 24.605459067970514
20148 1 1339893 1.0 24.688338045962155
20149 1 1440554 1.0 14.23039601650089
20150 1 2072930 1.0 32.56361000239849
20151 1 1789510 1.0 21.69354201760143
20152 1 281276 1.0 29.272275045514107
20153 1 1136133 1.0 27.553922962397337
20154 1 2083932 1.0 19.225205993279815
20155 1 1421853 1.0 31.705408007837832
20156 1 2036265 1.0 19.147571991197765
20157 1 1551155 1.0 17.54640298895538
20158 1 852185 1.0 27.555590961128473
20159 1 479062 1.0 16.850840067490935
20160 1 1572228 1.0 34.510588040575385
20161 1 1467504 1.0 30.892978073097765
20162 1 1324434 1.0 24.11464904434979
20163 1 2072573 1.0 22.060898947529495
20164 1 1165450 1.0 13.93073401413858
20165 1 1409159 1.0 17.587663955055177
20166 1 1043331 1.0 25.353517034091055
20167 1 1282038 1.0 23.537305067293346
20168 1 1091233 1.0 29.117915080860257
20169 1 607203 1.0 17.481405986472964
20170 1 2071181 1.0 23.426237981766462
20171 1 2388539 1.0 30.94682504888624
20172 1 672040 1.0 24.841901962645352
20173 1 1186695 1.0 35.58541100937873
20174 1 988470 1.0 25.20170295611024
20175 1 1801693 1.0 16.30981406196952
20176 1 962529 1.0 33.9533049846068
20177 1 1066361 1.0 30.191553058102727
20178 1 1062980 1.0 20.678300061263144
20179 1 988921 1.0 32.244531088508666
20180 1 661986 1.0 36.45105194300413
20181 1 1292114 1.0 24.63329490274191
20182 1 2059304 1.0 28.76331005245447
20183 1 1497729 1.0 15.760260983370245
20184 1 1360342 1.0 28.80858804564923
20185 1 1175858 1.0 23.531307000666857
20186 1 1491645 1.0 15.330772032029927
20187 1 1166946 1.0 25.667242938652635
20188 1 450564 1.0 25.071879965253174
20189 1 571295 1.0 24.584805010817945
20190 1 1507594 1.0 23.98059400729835
20191 1 1148171 1.0 29.5337539864704
20192 1 1988018 1.0 23.88948295265436
20193 1 618010 1.0 27.063462999649346
20194 1 1570527 1.0 29.24967498984188
20195 1 1474459 1.0 28.25509710237384
20196 1 1083035 1.0 37.994384998455644
20197 1 1945949 1.0 22.96654600650072
20198 1 2049355 1.0 36.72466904390603
20199 1 1161261 1.0 34.30367505643517
20200 1 1149221 1.0 19.86012002453208
20201 1 1193796 1.0 36.562551045790315
20202 1 1629943 1.0 33.371435943990946
20203 1 1459219 1.0 33.000522991642356
20204 1 1547738 1.0 37.675352999940515
20205 1 2056621 1.0 35.24349303916097
20206 1 2046418 1.0 35.639858921058476
20207 1 1129191 1.0 22.01171696651727
20208 1 1510409 1.0 34.77692697197199
20209 1 1407503 1.0 28.620601980946958
20210 1 1694849 1.0 32.31490799225867
20211 1 2066896 1.0 30.566641013137996
20212 1 1895760 1.0 30.16058204229921
20213 1 1525244 1.0 15.51568298600614
20214 1 1456172 1.0 16.599189024418592
20215 1 2387579 1.0 19.23145807813853
20216 1 1473677 1.0 29.38301593530923
20217 1 1432162 1.0 15.003199921920896
20218 1 1107771 1.0 28.740130946971476
20219 1 2090909 1.0 23.6201110528782
20220 1 1268764 1.0 19.581435015425086
20221 1 2375122 1.0 15.497784013859928
20222 1 1125873 1.0 28.033168986439705
20223 1 1510419 1.0 24.77625396568328
20224 1 781011 1.0 15.203131944872439
20225 1 1072178 1.0 25.061391992494464
20226 1 2088547 1.0 30.349166016094387
20227 1 1122540 1.0 28.991469065658748
20228 1 1507143 1.0 26.145093026570976
20229 1 1293290 1.0 25.984957930631936
20230 1 1553144 1.0 19.76396096870303
20231 1 1033573 1.0 26.458165026269853
20232 1 1448292 1.0 24.642423959448934
20233 1 1143751 1.0 15.75658400543034
20234 1 549116 1.0 20.305439014919102
20235 1 2070508 1.0 34.65522802434862
20236 1 938459 1.0 18.70533695910126
20237 1 1030135 1.0 29.443855048157275
20238 1 1700503 1.0 14.520591008476913
20239 1 1461390 1.0 25.05510300397873
20240 1 1501208 1.0 30.47068603336811
20241 1 1976063 1.0 22.452061995863914
20242 1 1504159 1.0 29.515571077354252
20243 1 1299997 1.0 23.27651297673583
20244 1 533809 1.0 17.71640998777002
20245 1 1161297 1.0 17.70704402588308
20246 1 1616488 1.0 15.409362968057394
20247 1 1300263 1.0 19.501212053000927
20248 1 1798226 1.0 32.090875902213156
20249 1 2083385 1.0 26.012442889623344
20250 1 1038024 1.0 14.267003978602588
20251 1 1697265 1.0 18.373237922787666
20252 1 1697882 1.0 25.135184987448156
20253 1 2071944 1.0 28.207878000102937
20254 1 1091777 1.0 31.976199010387063
20255 1 1519718 1.0 23.355745943263173
20256 1 1487968 1.0 23.381198989227414
20257 1 659486 1.0 30.314325937069952
20258 1 1302197 1.0 29.618737054988742
20259 1 1532561 1.0 29.0417920332402
20260 1 566618 1.0 26.936735026538372
20261 1 1620115 1.0 24.302862002514303
20262 1 1490121 1.0 16.170411021448672
20263 1 1007110 1.0 29.20175390318036
20264 1 2140241 1.0 19.305662950500846
20265 1 1281360 1.0 21.978139993734658
20266 1 669088 1.0 25.11585596948862
20267 1 439328 1.0 15.100034070201218
20268 1 1331962 1.0 28.871658025309443
20269 1 628002 1.0 25.662161991931498
20270 1 2055011 1.0 23.810568964108825
20271 1 1559835 1.0 30.315999989397824
20272 1 140734 1.0 16.02264295797795
20273 1 572955 1.0 15.875466051511467
20274 1 1470810 1.0 24.543970939703286
20275 1 1729531 1.0 14.148893067613244
20276 1 617908 1.0 21.907346905209124
20277 1 1056543 1.0 17.61442399583757
20278 1 87063 1.0 19.520834903232753
20279 1 857576 1.0 25.55211295839399
20280 1 1313861 1.0 28.316107927821577
20281 1 2075049 1.0 19.20770190190524
20282 1 1427075 1.0 23.350025061517954
20283 1 1413391 1.0 13.780605979263783
20284 1 1515500 1.0 22.163051995448768
20285 1 1257697 1.0 18.098382046446204
20286 1 1484092 1.0 23.74773903284222
20287 1 1475265 1.0 16.500812023878098
20288 1 1497713 1.0 34.28648202680051
20289 1 1179081 1.0 19.498437992297113
20290 1 1161698 1.0 13.921853969804943
20291 1 1463784 1.0 21.933050942607224
20292 1 1161904 1.0 15.16870700288564
20293 1 1520479 1.0 23.39304704219103
20294 1 1385030 1.0 27.680818922817707
20295 1 2072602 1.0 25.528409983962774
20296 1 2068216 1.0 29.12457298953086
20297 1 2049233 1.0 23.368057911284268
20298 1 1445206 1.0 30.82143305800855
20299 1 1909000 1.0 14.357336913235486
20300 1 1376952 1.0 26.35543397627771
20301 1 2346850 1.0 15.671278000809252
20302 1 455920 1.0 15.53005794994533
20303 1 1189677 1.0 19.349806010723114
20304 1 1129824 1.0 23.532474064268172
20305 1 1798381 1.0 31.824731035158038
20306 1 1172565 1.0 23.28034397214651
20307 1 1057561 1.0 25.18573810812086
20308 1 1369454 1.0 23.31392397172749
20309 1 1083446 1.0 17.611772986128926
20310 1 829674 1.0 19.184464938007295
20311 1 1458906 1.0 26.040321914479136
20312 1 1427253 1.0 22.78243994805962
20313 1 1615515 1.0 24.35650397092104
20314 1 531514 1.0 33.21625594981015
20315 1 1005418 1.0 19.682361045852304
20316 1 1573425 1.0 29.507329920306802
20317 1 1150120 1.0 21.866707014851272
20318 1 1802224 1.0 13.821425032801926
20319 1 1120384 1.0 27.561315102502704
20320 1 2030360 1.0 23.34460406564176
20321 1 1015889 1.0 13.794624945148826
20322 1 2030288 1.0 23.401438957080245
20323 1 1104099 1.0 22.603549994528294
20324 1 1856807 1.0 25.344123016111553
20325 1 2097153 1.0 33.393893972970545
20326 1 1518853 1.0 24.202218977734447
20327 1 844764 1.0 19.77845304645598
20328 1 634719 1.0 22.579426993615925
20329 1 148739 1.0 22.592711029574275
20330 1 1598742 1.0 15.776914078742266
20331 1 1146840 1.0 24.38185701612383
20332 1 566111 1.0 18.026774981990457
20333 1 1029116 1.0 29.038666980341077
20334 1 2051795 1.0 30.042051104828715
20335 1 1043859 1.0 25.023260968737304
20336 1 1108918 1.0 32.98769297543913
20337 1 1568475 1.0 15.860700979828835
20338 1 1917356 1.0 26.05241199489683
20339 1 779742 1.0 15.43973502703011
20340 1 2031805 1.0 31.989821000024676
20341 1 1017274 1.0 29.330334975384176
20342 1 1070767 1.0 21.724243997596204
20343 1 2426641 1.0 23.408149019815028
20344 1 1482760 1.0 31.378676067106426
20345 1 1780156 1.0 25.55524103809148
20346 1 2033261 1.0 29.157730983570218
20347 1 1480466 1.0 26.82050596922636
20348 1 1376617 1.0 27.289786958135664
20349 1 479744 1.0 32.86467608995736
20350 1 1024352 1.0 32.36332000233233
20351 1 1241600 1.0 32.10642992053181
20352 1 842522 1.0 19.215065985918045
20353 1 400388 1.0 28.059580945409834
20354 1 857519 1.0 29.875796986743808
20355 1 1487290 1.0 33.07701903395355
20356 1 1053003 1.0 29.138740967027843
20357 1 2105845 1.0 42.23796201404184
20358 1 1121695 1.0 47.80196107458323
20359 1 1189741 1.0 44.150811969302595
20360 1 1207149 1.0 33.40226400177926
20361 1 1407415 1.0 43.11925801448524
20362 1 899869 1.0 44.524783035740256
20363 1 207794 1.0 33.60238007735461
20364 1 1024204 1.0 37.61069802567363
20365 1 1034272 1.0 47.320431913249195
20366 1 2410137 1.0 36.59336292184889
20367 1 1131996 1.0 35.33692006021738
20368 1 2071342 1.0 33.20185001939535
20369 1 1473408 1.0 46.451420057564974
20370 1 2109090 1.0 41.07118595857173
20371 1 542971 1.0 35.59021500404924
20372 1 1176195 1.0 48.69185702409595
20373 1 2071588 1.0 44.71435199957341
20374 1 1008622 1.0 44.9928700691089
20375 1 1100880 1.0 38.55817799922079
20376 1 1172872 1.0 38.53145497851074
20377 1 1123710 1.0 40.80986906774342
20378 1 1469357 1.0 39.129576995037496
20379 1 1004145 1.0 45.141350012272596
20380 1 2070030 1.0 43.77047799061984
20381 1 619664 1.0 33.60256098676473
20382 1 1571717 1.0 46.47856194060296
20383 1 2072761 1.0 46.59149900544435
20384 1 1572101 1.0 44.849714031443
20385 1 1455628 1.0 36.690804990939796
20386 1 1129163 1.0 38.02370000630617
20387 1 1486876 1.0 35.850708023644984
20388 1 1469965 1.0 44.139667064882815
20389 1 1153502 1.0 35.57201800867915
20390 1 1044491 1.0 45.56712508201599
20391 1 2106965 1.0 45.68151093553752
20392 1 1135892 1.0 50.74092803988606
20393 1 1243543 1.0 43.74692705459893
20394 1 1634702 1.0 48.12349705025554
20395 1 2051687 1.0 40.617962018586695
20396 1 1007763 1.0 48.24034799821675
20397 1 1692139 1.0 41.699137073010206
20398 1 1071252 1.0 36.425618920475245
20399 1 827242 1.0 49.17042003944516
20400 1 1662739 1.0 42.497197980992496
20401 1 1260055 1.0 38.95537706557661
20402 1 1014940 1.0 37.68290893640369
20403 1 1431175 1.0 44.44582399446517
20404 1 822927 1.0 37.75540005881339
20405 1 1639841 1.0 37.57816297002137
20406 1 983070 1.0 37.801577942445874
20407 1 1618829 1.0 43.770674034021795
20408 1 1450023 1.0 43.44340495299548
20409 1 2092369 1.0 40.218151989392936
20410 1 1593611 1.0 40.84365104790777
20411 1 2091420 1.0 40.114970062859356
20412 1 1649651 1.0 40.223603951744735
20413 1 2085925 1.0 48.69447601959109
20414 1 1317336 1.0 37.00050199404359
20415 1 1100792 1.0 44.72006298601627
20416 1 1174754 1.0 42.159322067163885
20417 1 2090292 1.0 48.8420840119943
20418 1 808401 1.0 46.38780595269054
20419 1 1438430 1.0 44.73850200884044
20420 1 1106841 1.0 40.098527912050486
20421 1 1206161 1.0 34.07674399204552
20422 1 1175534 1.0 48.09016105718911
20423 1 1860529 1.0 42.374634998850524
20424 1 2369394 1.0 36.30782291293144
20425 1 482105 1.0 39.278410957194865
20426 1 2030814 1.0 46.87819199170917
20427 1 1144386 1.0 35.839054035022855
20428 1 1669905 1.0 48.38461196050048
20429 1 1650524 1.0 36.18642198853195
20430 1 1380183 1.0 41.45528003573418
20431 1 1060306 1.0 36.64152207784355
20432 1 1126450 1.0 41.42690100707114
20433 1 595063 1.0 36.22438199818134
20434 1 1183965 1.0 34.5534139778465
20435 1 1162403 1.0 40.93687399290502
20436 1 2110738 1.0 43.90048293862492
20437 1 1128549 1.0 34.555051010102034
20438 1 1406278 1.0 38.62229990772903
20439 1 1053318 1.0 40.276248939335346
20440 1 1034736 1.0 46.39858391601592
20441 1 1416370 1.0 44.71594200003892
20442 1 1092682 1.0 40.109056048095226
20443 1 560945 1.0 40.53126205690205
20444 1 1162922 1.0 36.59455897286534
20445 1 1800467 1.0 43.21291693486273
20446 1 1556963 1.0 43.469768948853016
20447 1 1531939 1.0 46.51490191463381
20448 1 1070799 1.0 46.124817919917405
20449 1 1298151 1.0 36.93318704608828
20450 1 1487698 1.0 44.746281928382814
20451 1 427214 1.0 40.123373037204146
20452 1 671748 1.0 43.64177002571523
20453 1 1262147 1.0 40.28968291822821
20454 1 1045177 1.0 36.15940397139639
20455 1 1132230 1.0 39.45845703128725
20456 1 1076824 1.0 42.82343003433198
20457 1 1271605 1.0 36.45106207113713
20458 1 820054 1.0 36.66162700392306
20459 1 1076500 1.0 40.50627595279366
20460 1 2065099 1.0 37.23688796162605
20461 1 1104168 1.0 46.080575906671584
20462 1 1572366 1.0 49.23957108985633
20463 1 614742 1.0 39.897380978800356
20464 1 1459229 1.0 33.401316963136196
20465 1 1077596 1.0 47.75850404985249
20466 1 2070380 1.0 37.66151296440512
20467 1 1510224 1.0 45.004394953139126
20468 1 1528906 1.0 42.948980000801384
20469 1 1346541 1.0 34.83612404670566
20470 1 2292280 1.0 44.04317704029381
20471 1 999508 1.0 43.021855992265046
20472 1 847264 1.0 36.61867999471724
20473 1 1559521 1.0 44.48136000428349
20474 1 1451702 1.0 44.55958504695445
20475 1 2113183 1.0 43.419299996457994
20476 1 2072334 1.0 44.4650889839977
20477 1 1498253 1.0 46.286253025755286
20478 1 2087953 1.0 44.178471085615456
20479 1 1665412 1.0 33.239028067328036
20480 1 1556611 1.0 37.096757092513144
20481 1 2112084 1.0 40.30465893447399
20482 1 1513967 1.0 45.48690200317651
20483 1 834877 1.0 34.93676707148552
20484 1 1496688 1.0 44.98070094268769
20485 1 1442144 1.0 34.03714601881802
20486 1 1111424 1.0 41.137306950986385
20487 1 1099150 1.0 42.98797599039972
20488 1 1168695 1.0 35.40044603869319
20489 1 1576781 1.0 46.74961499404162
20490 1 2057114 1.0 36.404378013685346
20491 1 1433014 1.0 46.746035921387374
20492 1 1294849 1.0 38.27038104645908
20493 1 1558215 1.0 45.11467402335256
20494 1 1476656 1.0 44.084261055104434
20495 1 1314417 1.0 41.30346095189452
20496 1 1641232 1.0 48.854941967874765
20497 1 986309 1.0 43.38495701085776
20498 1 1060372 1.0 43.569479952566326
20499 1 1065139 1.0 44.36221905052662
20500 1 2048965 1.0 33.72240893077105
20501 1 853815 1.0 43.26621105428785
20502 1 1049940 1.0 41.341559030115604
20503 1 1621414 1.0 45.66020693164319
20504 1 1489152 1.0 44.33604993391782
20505 1 1163420 1.0 40.122735081240535
20506 1 1077928 1.0 38.33422006573528
20507 1 2092492 1.0 43.671834049746394
20508 1 1844938 1.0 46.49658396374434
20509 1 1228910 1.0 37.713457946665585
20510 1 1494494 1.0 37.21460897941142
20511 1 1206653 1.0 47.345275059342384
20512 1 2105902 1.0 41.42368503380567
20513 1 1140487 1.0 39.995681028813124
20514 1 1238640 1.0 38.29611896071583
20515 1 1135383 1.0 36.66142700240016
20516 1 1037810 1.0 43.64305397029966
20517 1 2106351 1.0 34.74484209436923
20518 1 834544 1.0 39.51521008275449
20519 1 1090432 1.0 33.658936037682
20520 1 1177616 1.0 43.81892399396747
20521 1 1493855 1.0 44.37630402389914
20522 1 1001339 1.0 38.49313303362578
20523 1 959461 1.0 47.245797934010625
20524 1 1511053 1.0 40.16011592466384
20525 1 2053831 1.0 44.640929088927805
20526 1 1137048 1.0 44.823099044151604
20527 1 2067276 1.0 38.47798507194966
20528 1 1053511 1.0 38.477747002616525
20529 1 1070449 1.0 40.74019088875502
20530 1 2049858 1.0 38.351578055880964
20531 1 2091600 1.0 46.340569970197976
20532 1 1001548 1.0 39.47814798448235
20533 1 1297697 1.0 36.57850401941687
20534 1 1638451 1.0 46.164347091689706
20535 1 1000299 1.0 40.84694304037839
20536 1 1166143 1.0 41.35321301873773
20537 1 958904 1.0 41.60844499710947
20538 1 1136913 1.0 44.3247240036726
20539 1 1106921 1.0 43.51865500211716
20540 1 1555697 1.0 44.837121036835015
20541 1 1986794 1.0 48.9620779408142
20542 1 1146063 1.0 37.67618490383029
20543 1 815355 1.0 34.10973597783595
20544 1 1012652 1.0 40.852279984392226
20545 1 1073540 1.0 40.13491002842784
20546 1 517112 1.0 37.63276897370815
20547 1 1080866 1.0 44.528973987326026
20548 1 1432643 1.0 34.36808008700609
20549 1 1387975 1.0 39.405032992362976
20550 1 1001667 1.0 44.42203103099018
20551 1 2114359 1.0 35.2463599992916
20552 1 641150 1.0 36.821389105170965
20553 1 1262802 1.0 35.831626038998365
20554 1 861320 1.0 40.916933910921216
20555 1 1110501 1.0 36.85721999499947
20556 1 2078098 1.0 40.78674805350602
20557 1 1793441 1.0 45.12674990110099
20558 1 834203 1.0 41.294228984043
20559 1 2073197 1.0 39.324878016486764
20560 1 1349103 1.0 47.25791304372251
20561 1 1152742 1.0 36.355353076942265
20562 1 1110253 1.0 38.619715021923184
20563 1 1108620 1.0 36.36012796778232
20564 1 838638 1.0 46.478928066790104
20565 1 2092238 1.0 46.08764499425888
20566 1 1492350 1.0 39.55688199494034
20567 1 2057627 1.0 44.33626995887607
20568 1 1206647 1.0 40.160752017982304
20569 1 1542717 1.0 37.52279607579112
20570 1 1519823 1.0 46.033033984713256
20571 1 640893 1.0 36.612582043744624
20572 1 1472990 1.0 45.97036505583674
20573 1 2053582 1.0 38.7414270080626
20574 1 1005539 1.0 42.45232394896448
20575 1 1868579 1.0 39.52806699089706
20576 1 2065255 1.0 41.89714603126049
20577 1 1555647 1.0 40.890201926231384
20578 1 1555116 1.0 41.13297793082893
20579 1 1003415 1.0 41.09481000341475
20580 1 1428769 1.0 46.91229690797627
20581 1 1247796 1.0 45.69775995332748
20582 1 2413762 1.0 47.35634208191186
20583 1 1022067 1.0 36.72358300536871
20584 1 2027241 1.0 43.1945399614051
20585 1 2056355 1.0 43.61860197968781
20586 1 1139676 1.0 43.813969008624554
20587 1 1071856 1.0 40.46280705370009
20588 1 2056616 1.0 35.45291698537767
20589 1 1628990 1.0 38.52230298798531
20590 1 1607541 1.0 42.23685897886753
20591 1 467531 1.0 44.80390506796539
20592 1 1246214 1.0 44.22290297225118
20593 1 395500 1.0 39.41575495991856
20594 1 1081377 1.0 42.833757936023176
20595 1 1306729 1.0 37.294911104254425
20596 1 1349374 1.0 36.752374027855694
20597 1 1290046 1.0 36.39962000306696
20598 1 1135385 1.0 44.43928797263652
20599 1 1160822 1.0 39.85957789700478
20600 1 1195086 1.0 40.26885295752436
20601 1 1605789 1.0 38.036557962186635
20602 1 1172712 1.0 44.282907037995756
20603 1 1182199 1.0 40.78067501541227
20604 1 1535139 1.0 36.58989199902862
20605 1 581057 1.0 42.79920493718237
20606 1 2091413 1.0 38.81528088822961
20607 1 2067018 1.0 39.00205891113728
20608 1 442752 1.0 46.5899920091033
20609 1 2050869 1.0 44.851358979940414
20610 1 2116526 1.0 40.998855023644865
20611 1 1167000 1.0 35.337131936103106
20612 1 1651531 1.0 46.38680291827768
20613 1 1002079 1.0 33.294255030341446
20614 1 1077514 1.0 36.717748967930675
20615 1 647013 1.0 41.71266802586615
20616 1 1532682 1.0 47.986394027248025
20617 1 1768395 1.0 41.01873410400003
20618 1 1865760 1.0 36.70608904212713
20619 1 1561140 1.0 50.42086495086551
20620 1 1793196 1.0 43.895386974327266
20621 1 825743 1.0 47.74151602759957
20622 1 561915 1.0 39.63086300063878
20623 1 623985 1.0 45.547376037575305
20624 1 2052087 1.0 40.928976028226316
20625 1 1618995 1.0 47.90902009699494
20626 1 1019627 1.0 46.72715801279992
20627 1 391947 1.0 39.44079403299838
20628 1 2085762 1.0 45.96524208318442
20629 1 1030229 1.0 45.41025904472917
20630 1 1431118 1.0 41.665680008009076
20631 1 2053578 1.0 37.51273301895708
20632 1 608795 1.0 34.10697798244655
20633 1 1625746 1.0 47.349177999421954
20634 1 1713536 1.0 46.39523196965456
20635 1 1054557 1.0 43.636554037220776
20636 1 1621427 1.0 47.78161796275526
20637 1 2090193 1.0 40.55399005301297
20638 1 1576392 1.0 40.20785400643945
20639 1 1137606 1.0 36.70549998059869
20640 1 1238190 1.0 40.32495594583452
20641 1 1499545 1.0 38.8385719852522
20642 1 2051059 1.0 38.32663793582469
20643 1 826607 1.0 37.143163033761084
20644 1 2076941 1.0 47.2964869113639
20645 1 998890 1.0 43.98196190595627
20646 1 1178413 1.0 46.34582798462361
20647 1 1969244 1.0 45.898932963609695
20648 1 1304173 1.0 45.57984496932477
20649 1 1628710 1.0 45.863765059039
20650 1 1282470 1.0 38.29844400752336
20651 1 1605429 1.0 44.506042962893844
20652 1 2078571 1.0 38.50531706120819
20653 1 2073863 1.0 36.356010008603334
20654 1 979133 1.0 44.963121064938605
20655 1 2113145 1.0 35.42047494556755
20656 1 2086724 1.0 45.89969606604427
20657 1 1397175 1.0 46.540222014300525
20658 1 1055659 1.0 36.877530976198614
20659 1 869079 1.0 33.267922000959516
20660 1 991866 1.0 40.720197022892535
20661 1 1031999 1.0 43.27317595016211
20662 1 1086583 1.0 47.67098999582231
20663 1 1652217 1.0 40.01826699823141
20664 1 1167021 1.0 40.947792935185134
20665 1 1983803 1.0 44.18046004138887
20666 1 1025308 1.0 38.32480905111879
20667 1 1273972 1.0 40.97537603229284
20668 1 1555954 1.0 41.90576390828937
20669 1 1421622 1.0 40.84243602119386
20670 1 997907 1.0 37.380864028818905
20671 1 1671807 1.0 44.61276496294886
20672 1 1652868 1.0 38.45761390402913
20673 1 1101968 1.0 38.32056699320674
20674 1 2112131 1.0 40.270285098813474
20675 1 1061772 1.0 33.505924977362156
20676 1 1652200 1.0 49.3087429786101
20677 1 1017990 1.0 37.18392096925527
20678 1 1031999 1.0 43.344564037397504
20679 1 1056486 1.0 36.404941929504275
20680 1 1051542 1.0 33.447525929659605
20681 1 1357528 1.0 40.89639103040099
20682 1 2060374 1.0 35.35233600996435
20683 1 1159018 1.0 46.558490954339504
20684 1 1477899 1.0 38.314756006002426
20685 1 1069082 1.0 41.17937199771404
20686 1 78121 1.0 37.52232599072158
20687 1 1125618 1.0 45.27277301531285
20688 1 1033701 1.0 37.88242000155151
20689 1 820351 1.0 41.06732096988708
20690 1 2067477 1.0 40.887346025556326
20691 1 1841823 1.0 45.53911602124572
20692 1 1062307 1.0 38.812489015981555
20693 1 2087250 1.0 36.82779299560934
20694 1 1442417 1.0 46.35061405133456
20695 1 2089630 1.0 45.32938392367214
20696 1 2085834 1.0 43.50837494712323
20697 1 839634 1.0 39.504988002590835
20698 1 1056438 1.0 37.22220694180578
20699 1 1432768 1.0 40.73075600899756
20700 1 1120028 1.0 34.87727197352797
20701 1 2087128 1.0 48.218963900581
20702 1 1570172 1.0 46.40063794795424
20703 1 2050871 1.0 46.273029991425574
20704 1 1155425 1.0 33.99699495639652
20705 1 1636349 1.0 37.73922205436975
20706 1 1472875 1.0 47.93025797698647
20707 1 1462343 1.0 47.58260305970907
20708 1 1429010 1.0 36.985458922572434
20709 1 1356252 1.0 42.54120297264308
20710 1 900671 1.0 45.54827499669045
20711 1 2051539 1.0 35.05320695694536
20712 1 1076249 1.0 36.60416998900473
20713 1 806504 1.0 38.15726190805435
20714 1 1051239 1.0 40.36674997769296
20715 1 2088326 1.0 45.62450898811221
20716 1 1614742 1.0 43.001185986213386
20717 1 1344975 1.0 46.29225900862366
20718 1 1132845 1.0 47.86340508144349
20719 1 821445 1.0 38.26456901151687
20720 1 2039184 1.0 40.154873044230044
20721 1 1131324 1.0 36.557237966917455
20722 1 1881081 1.0 38.24890695977956
20723 1 860307 1.0 33.76384894363582
20724 1 1631765 1.0 46.44279892090708
20725 1 1413140 1.0 43.58091403264552
20726 1 1160699 1.0 45.87985097896308
20727 1 1007174 1.0 35.90476792305708
20728 1 1984941 1.0 43.69341803248972
20729 1 1024094 1.0 40.00109597109258
20730 1 1107110 1.0 39.616330061107874
20731 1 1493272 1.0 38.53437607176602
20732 1 1052843 1.0 46.34025495033711
20733 1 1137117 1.0 36.41114104539156
20734 1 2071522 1.0 43.5427000047639
20735 1 1574966 1.0 36.753898952156305
20736 1 2108933 1.0 32.9880160279572
20737 1 1471005 1.0 44.45129900705069
20738 1 1027323 1.0 44.34632800985128
20739 1 2110303 1.0 41.979706031270325
20740 1 2141181 1.0 41.000385070219636
20741 1 1069507 1.0 40.898294071666896
20742 1 1703358 1.0 46.240380965173244
20743 1 1144956 1.0 36.61471395753324
20744 1 1672338 1.0 46.294734929688275
20745 1 1020988 1.0 35.40920000523329
20746 1 1239155 1.0 42.130221030674875
20747 1 2075617 1.0 34.85583490692079
20748 1 2105690 1.0 45.550342998467386
20749 1 1023447 1.0 41.321392985992134
20750 1 1440669 1.0 46.48218397051096
20751 1 1975669 1.0 44.81745802331716
20752 1 978917 1.0 45.93241005204618
20753 1 1637943 1.0 36.92594193853438
20754 1 1366114 1.0 46.48095997981727
20755 1 1569760 1.0 40.84051598329097
20756 1 1185947 1.0 40.2624870184809
20757 1 2109370 1.0 40.0147259933874
20758 1 1498767 1.0 36.64792701601982
20759 1 1153586 1.0 46.48990894202143
20760 1 1097301 1.0 41.563970036804676
20761 1 1468319 1.0 36.703165038488805
20762 1 2068030 1.0 35.00180202536285
20763 1 1280356 1.0 44.643020955845714
20764 1 1557650 1.0 33.93335093278438
20765 1 1113094 1.0 45.204960042610765
20766 1 1626025 1.0 44.24073500558734
20767 1 1559250 1.0 34.7309090429917
20768 1 1384878 1.0 37.03276801388711
20769 1 1621220 1.0 41.38240707106888
20770 1 1157291 1.0 48.16610005218536
20771 1 2061413 1.0 45.00973003450781
20772 1 1458588 1.0 45.34856404643506
20773 1 1626618 1.0 44.2360119195655
20774 1 1560191 1.0 35.71581095457077
20775 1 977381 1.0 45.611185021698475
20776 1 1621172 1.0 38.41641009785235
20777 1 1851144 1.0 35.62679793685675
20778 1 1632913 1.0 43.8903170870617
20779 1 1472964 1.0 33.30196696333587
20780 1 57141 1.0 41.462679975666106
20781 1 850580 1.0 38.03242894355208
20782 1 627240 1.0 41.655746987089515
20783 1 1247140 1.0 39.975891006179154
20784 1 1202671 1.0 33.20005000568926
20785 1 2090943 1.0 44.41813507582992
20786 1 1639352 1.0 40.81967496313155
20787 1 1533099 1.0 46.123268897645175
20788 1 1219746 1.0 36.9356379378587
20789 1 1069309 1.0 37.41207905113697
20790 1 1190720 1.0 44.95962301734835
20791 1 1060881 1.0 46.059742919169366
20792 1 1655750 1.0 43.66978397592902
20793 1 2071591 1.0 33.32577901892364
20794 1 1207475 1.0 39.98103004414588
20795 1 865757 1.0 38.784050033427775
20796 1 836696 1.0 48.62637701444328
20797 1 1060271 1.0 42.10879805032164
20798 1 1016960 1.0 35.67040804773569
20799 1 1108843 1.0 36.55496193096042
20800 1 1687671 1.0 35.28959699906409
20801 1 2068179 1.0 39.954817038960755
20802 1 1296903 1.0 40.85435206070542
20803 1 2048330 1.0 46.35602002963424
20804 1 1282769 1.0 41.207517962902784
20805 1 1466873 1.0 36.418380099348724
20806 1 1169516 1.0 41.2179579725489
20807 1 2088075 1.0 33.31763297319412
20808 1 1106249 1.0 46.66966700460762
20809 1 1498476 1.0 46.68247792869806
20810 1 586783 1.0 38.61302603036165
20811 1 2074128 1.0 42.77699801605195
20812 1 1027750 1.0 42.42615005932748
20813 1 1240381 1.0 34.19428400229663
20814 1 1054260 1.0 34.06848094891757
20815 1 997346 1.0 37.902812007814646
20816 1 1652026 1.0 45.03920103888959
20817 1 1679260 1.0 35.26887996122241
20818 1 1668587 1.0 34.71600206103176
20819 1 1151843 1.0 36.502699949778616
20820 1 1196615 1.0 47.46213601902127
20821 1 1528007 1.0 36.38805390801281
20822 1 1424832 1.0 46.32534796837717
20823 1 1492194 1.0 43.46793994773179
20824 1 2075538 1.0 46.12578894011676
20825 1 1299114 1.0 37.10311895702034
20826 1 823342 1.0 33.86685100849718
20827 1 1858541 1.0 38.409986067563295
20828 1 827959 1.0 41.028388077393174
20829 1 826565 1.0 44.71083008684218
20830 1 2074337 1.0 38.497054018080235
20831 1 1140019 1.0 47.62138007208705
20832 1 1176846 1.0 36.92794591188431
20833 1 604689 1.0 44.66330900322646
20834 1 1686249 1.0 44.71530893351883
20835 1 2073439 1.0 47.60928591713309
20836 1 765171 1.0 41.60108196083456
20837 1 1108498 1.0 44.97892991639674
20838 1 2082222 1.0 35.79012502450496
20839 1 1290308 1.0 38.364966050721705
20840 1 2053124 1.0 41.51693789754063
20841 1 1184148 1.0 45.69059098139405
20842 1 1638106 1.0 49.53658301383257
20843 1 1265086 1.0 42.909746058285236
20844 1 984359 1.0 37.81401505693793
20845 1 1449257 1.0 39.36809103470296
20846 1 1069557 1.0 38.90264697838575
20847 1 1089055 1.0 48.752287053503096
20848 1 2114380 1.0 42.56193502806127
20849 1 937562 1.0 34.367107902653515
20850 1 1298143 1.0 36.65244404692203
20851 1 1103285 1.0 36.54572507366538
20852 1 1130749 1.0 44.545243959873915
20853 1 1078313 1.0 36.24392603524029
20854 1 2093929 1.0 40.187931968830526
20855 1 1677238 1.0 41.08350595925003
20856 1 553798 1.0 35.514369956217706
20857 1 1412137 1.0 46.88998498022556
20858 1 1052019 1.0 50.76285998802632
20859 1 1593256 1.0 50.46588706318289
20860 1 1443176 1.0 48.182448954321444
20861 1 1174748 1.0 46.85381194576621
20862 1 1597974 1.0 46.51898401789367
20863 1 1982902 1.0 47.06816002726555
20864 1 957919 1.0 46.927087008953094
20865 1 1098733 1.0 50.82534300163388
20866 1 1802502 1.0 49.527249997481704
20867 1 1088897 1.0 47.19397996086627
20868 1 1703345 1.0 47.33315797057003
20869 1 1163590 1.0 47.94986802153289
20870 1 649801 1.0 48.47657401114702
20871 1 1439035 1.0 49.663149984553456
20872 1 1312914 1.0 50.48689490649849
20873 1 1419398 1.0 48.962022992782295
20874 1 835569 1.0 49.66484697069973
20875 1 1627307 1.0 49.684684025123715
20876 1 972989 1.0 53.0414649983868
20877 1 1588985 1.0 48.93667600117624
20878 1 1395735 1.0 48.22403495199978
20879 1 1791233 1.0 48.444679006934166
20880 1 1265403 1.0 48.285285010933876
20881 1 1511577 1.0 46.1662010056898
20882 1 1345916 1.0 49.8486110009253
20883 1 399962 1.0 52.03106196131557
20884 1 1272875 1.0 55.56691496167332
20885 1 1449717 1.0 51.38563201762736
20886 1 1211947 1.0 50.413426011800766
20887 1 1624702 1.0 51.39455699827522
20888 1 1951935 1.0 54.07479498535395
20889 1 769625 1.0 51.96641001384705
20890 1 1554865 1.0 49.71815994940698
20891 1 1163208 1.0 50.44460901990533
20892 1 1220477 1.0 53.605588036589324
20893 1 32859 1.0 52.17983108013868
20894 1 1466802 1.0 51.04897601995617
20895 1 1185994 1.0 47.823198954574764
20896 1 1165645 1.0 47.11231496185064
20897 1 1107460 1.0 47.04889398999512
20898 1 1453905 1.0 46.5263610240072
20899 1 1149077 1.0 47.20762791112065
20900 1 1572083 1.0 51.09357601031661
20901 1 1507621 1.0 48.637849977239966
20902 1 1248991 1.0 48.447996960021555
20903 1 620727 1.0 47.67877503763884
20904 1 1044437 1.0 48.09621593449265
20905 1 2339903 1.0 50.28243991546333
20906 1 999844 1.0 48.797910916619
20907 1 1468678 1.0 48.67438902147114
20908 1 1792625 1.0 46.06975195929408
20909 1 1572940 1.0 46.913594007492065
20910 1 1494919 1.0 47.58970392867923
20911 1 1418749 1.0 50.40244397241622
20912 1 1301605 1.0 50.41408503893763
20913 1 1289497 1.0 46.3997459737584
20914 1 434958 1.0 47.35832696314901
20915 1 1039809 1.0 47.22245701123029
20916 1 1040827 1.0 46.245775069110096
20917 1 1988145 1.0 49.01512491051108
20918 1 1478207 1.0 49.43676199764013
20919 1 1399196 1.0 46.418374055065215
20920 1 2313677 1.0 46.74714396242052
20921 1 1485244 1.0 48.69740107096732
20922 1 1085780 1.0 45.78633897472173
20923 1 1613782 1.0 49.64248707983643
20924 1 853289 1.0 50.345267984084785
20925 1 1463262 1.0 48.35032601840794
20926 1 1166125 1.0 46.73988895956427
20927 1 1969727 1.0 47.675705049186945
20928 1 1465712 1.0 47.20731696579605
20929 1 1500831 1.0 48.42838703189045
20930 1 1298953 1.0 48.848759033717215
20931 1 1085898 1.0 46.78067401982844
20932 1 1087941 1.0 46.41596996225417
20933 1 1092821 1.0 46.75412701908499
20934 1 1416355 1.0 47.85062908194959
20935 1 1069132 1.0 49.92391401901841
20936 1 1346583 1.0 48.3176470734179
20937 1 1143490 1.0 49.04820106457919
20938 1 1650174 1.0 46.980713959783316
20939 1 1032354 1.0 48.013000981882215
20940 1 1448019 1.0 47.69899696111679
20941 1 1412256 1.0 51.25070095527917
20942 1 1112534 1.0 48.81583002861589
20943 1 1544564 1.0 46.765883918851614
20944 1 1454590 1.0 48.58896299265325
20945 1 1113613 1.0 47.09375696256757
20946 1 1522783 1.0 46.86440201476216
20947 1 1545558 1.0 50.9319199481979
20948 1 1484861 1.0 49.91423501633108
20949 1 1116389 1.0 47.86720091942698
20950 1 1987121 1.0 47.6947370916605
20951 1 1299132 1.0 63.8263919390738
20952 1 1543933 1.0 59.15304599329829
20953 1 1665713 1.0 55.43915496673435
20954 1 1384973 1.0 53.21955704130232
20955 1 1987472 1.0 57.3861850425601
20956 1 1019889 1.0 52.96401504892856
20957 1 2094079 1.0 52.92246490716934
20958 1 1409882 1.0 54.30099694058299
20959 1 832287 1.0 50.782821024768054
20960 1 578772 1.0 55.21290597971529
20961 1 651775 1.0 53.43385995365679
20962 1 1129156 1.0 52.41060501430184
20963 1 1501665 1.0 53.68360807187855
20964 1 1408382 1.0 52.51768801826984
20965 1 1281456 1.0 51.826087990775704
20966 1 1400639 1.0 49.31917099747807
20967 1 1134584 1.0 50.06712698377669
20968 1 1981146 1.0 51.35976301971823
20969 1 1491712 1.0 49.443769035860896
20970 1 1397153 1.0 47.4824229022488
20971 1 1520597 1.0 47.94499301351607
20972 1 1098322 1.0 47.495750011876225
20973 1 1479801 1.0 48.6018389929086
20974 1 1421627 1.0 48.50403300952166
20975 1 1128978 1.0 49.03227603062987
20976 1 1439591 1.0 48.34787093568593
20977 1 6147 1.0 50.05064501892775
20978 1 1634517 1.0 48.154579009860754
20979 1 873107 1.0 48.098217928782105
20980 1 1147536 1.0 51.67651595547795
20981 1 1493593 1.0 48.19273797329515
20982 1 974985 1.0 47.970614046789706
20983 1 1007123 1.0 46.493628062307835
20984 1 1409783 1.0 47.614165931008756
20985 1 1068155 1.0 47.562282998114824
20986 1 1070059 1.0 52.03106894623488
20987 1 1615642 1.0 47.99843498039991
20988 1 576590 1.0 48.24069398455322
20989 1 1575595 1.0 47.85100894514471
20990 1 1949574 1.0 52.0241599297151
20991 1 1058320 1.0 53.00867895130068
20992 1 1314908 1.0 54.691025987267494
20993 1 1560907 1.0 54.80175802949816
20994 1 1467362 1.0 50.980527070350945
20995 1 2087044 1.0 52.31142707634717
20996 1 1396465 1.0 51.32181290537119
20997 1 1356780 1.0 49.8462530085817
20998 1 1167569 1.0 52.594436099752784
20999 1 1183635 1.0 50.283147022128105
21000 1 1437415 1.0 47.75291192345321
21001 1 1570763 1.0 47.43578296620399
21002 1 1291678 1.0 49.49329001829028
21003 1 1734299 1.0 50.08861201349646
21004 1 1147398 1.0 47.22985904663801
21005 1 859106 1.0 47.17520496342331
21006 1 1418984 1.0 46.742400038056076
21007 1 1610237 1.0 48.50779706612229
21008 1 1181670 1.0 46.80444300174713
21009 1 1530916 1.0 51.47458100691438
21010 1 1198132 1.0 48.79963106941432
21011 1 1570319 1.0 47.94226703234017
21012 1 2093811 1.0 46.53052694629878
21013 1 1504835 1.0 46.38283501844853
21014 1 1454740 1.0 47.51830699387938
21015 1 1045285 1.0 48.508145031519234
21016 1 1451612 1.0 49.67836907599121
21017 1 1559421 1.0 48.4620159259066
21018 1 1026304 1.0 47.48602490872145
21019 1 1461189 1.0 45.975015964359045
21020 1 1514528 1.0 48.12508693430573
21021 1 1609925 1.0 49.85216504428536
21022 1 1362248 1.0 46.585192903876305
21023 1 1133435 1.0 48.181035090237856
21024 1 1332912 1.0 47.8219089563936
21025 1 1654811 1.0 46.29958397708833
21026 1 1488463 1.0 48.7833539955318
21027 1 1199129 1.0 49.36796997208148
21028 1 524449 1.0 49.015942960977554
21029 1 1495130 1.0 47.9718039277941
21030 1 490151 1.0 47.06481902394444
21031 1 1799765 1.0 46.53684899676591
21032 1 1571972 1.0 48.497601062990725
21033 1 1438982 1.0 49.29781495593488
21034 1 1546050 1.0 47.78527794405818
21035 1 1794170 1.0 48.56867506168783
21036 1 627904 1.0 47.31927393004298
21037 1 1668983 1.0 47.23947693128139
21038 1 1437461 1.0 47.15700901579112
21039 1 1606287 1.0 49.73649000748992
21040 1 1154650 1.0 47.31545795220882
21041 1 1062680 1.0 47.05733503215015
21042 1 2089868 1.0 47.11599298752844
21043 1 182937 1.0 48.32757799886167
21044 1 1130926 1.0 46.678440063260496
21045 1 1514127 1.0 50.17701897304505
21046 1 1012596 1.0 47.682874952442944
21047 1 817899 1.0 46.50727298576385
21048 1 1078394 1.0 46.372188022360206
21049 1 1328539 1.0 47.79762192629278
21050 1 1799665 1.0 48.404693021439016
21051 1 1454337 1.0 49.238119972869754
21052 1 1443196 1.0 47.455742955207825
21053 1 1641710 1.0 47.73665696848184
21054 1 1558301 1.0 46.408155001699924
21055 1 1477967 1.0 47.074876027181745
21056 1 2070319 1.0 47.14958602562547
21057 1 1412382 1.0 49.37928693834692
21058 1 1627480 1.0 50.11412897147238
21059 1 1572850 1.0 52.08986299112439
21060 1 1571087 1.0 52.786807995289564
21061 1 1686981 1.0 48.00460103433579
21062 1 1341029 1.0 48.44877007417381
21063 1 1416691 1.0 49.55074202734977
21064 1 1175289 1.0 46.62400600500405
21065 1 1630625 1.0 46.859001042321324
21066 1 1612138 1.0 46.49729107040912
21067 1 1468568 1.0 46.85733397491276
21068 1 444934 1.0 47.473045997321606
21069 1 1201142 1.0 49.530250020325184
21070 1 1630008 1.0 48.13664790708572
21071 1 1502330 1.0 47.09165298845619
21072 1 2092397 1.0 53.04791801609099
21073 1 1567520 1.0 48.61565702594817
21074 1 1161417 1.0 49.49179198592901
21075 1 1610530 1.0 49.14172308053821
21076 1 1017003 1.0 47.308227978646755
21077 1 956137 1.0 49.46430795826018
21078 1 1572098 1.0 49.42771699279547
21079 1 1513778 1.0 48.54366392828524
21080 1 1459932 1.0 50.34898896701634
21081 1 1172370 1.0 49.155851011164486
21082 1 1200834 1.0 50.74576195329428
21083 1 1173538 1.0 51.27740895841271
21084 1 982810 1.0 49.036283046007156
21085 1 1294128 1.0 49.49715710245073
21086 1 1106132 1.0 47.62076504994184
21087 1 1013844 1.0 46.54648690484464
21088 1 1352856 1.0 49.06559200026095
21089 1 1303932 1.0 48.04334102664143
21090 1 1629042 1.0 46.55547998845577
21091 1 1608631 1.0 46.46876291371882
21092 1 1622196 1.0 50.76064809691161
21093 1 1343679 1.0 48.47743606660515
21094 1 1560415 1.0 46.52916896156967
21095 1 2094786 1.0 46.83429794386029
21096 1 331255 1.0 47.06629796419293
21097 1 333344 1.0 47.55205393303186
21098 1 1223381 1.0 51.8425100017339
21099 1 1317709 1.0 47.62640397530049
21100 1 2094869 1.0 46.315809013321996
21101 1 1491481 1.0 46.925615053623915
21102 1 1233689 1.0 46.176124014891684
21103 1 1557744 1.0 46.441556070931256
21104 1 1153613 1.0 51.23492993880063
21105 1 1467286 1.0 48.6153980018571
21106 1 1230643 1.0 47.70209896378219
21107 1 880996 1.0 47.15440503787249
21108 1 1417964 1.0 46.4015940669924
21109 1 1187519 1.0 47.255196957848966
21110 1 1614979 1.0 51.166702061891556
21111 1 1525831 1.0 50.839569070376456
21112 1 1406118 1.0 45.96436396241188
21113 1 1415841 1.0 46.907529002055526
21114 1 1423539 1.0 48.288774909451604
21115 1 1412727 1.0 47.40040504839271
21116 1 1000221 1.0 48.898992012254894
21117 1 1622533 1.0 47.90878004860133
21118 1 1312534 1.0 48.1984349898994
21119 1 1629810 1.0 46.089365030638874
21120 1 247769 1.0 47.181656933389604
21121 1 1555596 1.0 49.59446704015136
21122 1 113387 1.0 49.587630084715784
21123 1 1137253 1.0 48.44563000369817
21124 1 1289422 1.0 47.20462497789413
21125 1 1266863 1.0 47.863460960797966
21126 1 1801122 1.0 47.06851206719875
21127 1 1435126 1.0 47.99724800977856
21128 1 885683 1.0 51.6595880035311
21129 1 1621858 1.0 47.86965996026993
21130 1 1605121 1.0 47.343053040094674
21131 1 1149635 1.0 46.63776699453592
21132 1 1526639 1.0 47.21031698863953
21133 1 1181114 1.0 46.52292001992464
21134 1 1653125 1.0 49.712079926393926
21135 1 1041784 1.0 47.12768399622291
21136 1 1525601 1.0 47.14214103296399
21137 1 1599663 1.0 46.62596504203975
21138 1 1061884 1.0 48.08934894390404
21139 1 627982 1.0 47.06422903109342
21140 1 1589092 1.0 51.022005965933204
21141 1 630453 1.0 49.13723794743419
21142 1 1652650 1.0 46.0232759360224
21143 1 1181278 1.0 47.33791993930936
21144 1 1650306 1.0 47.92995692696422
21145 1 1002533 1.0 47.061131917871535
21146 1 1241806 1.0 48.38052997365594
21147 1 1594758 1.0 50.00498692970723
21148 1 1545945 1.0 47.417885973118246
21149 1 995429 1.0 47.147082979790866
21150 1 1419016 1.0 47.238909057341516
21151 1 1494919 1.0 49.8625059844926
21152 1 1067531 1.0 50.45495298691094
21153 1 1422861 1.0 50.82516197580844
21154 1 1557358 1.0 48.70724899228662
21155 1 1563844 1.0 47.18727199360728
21156 1 1623190 1.0 48.541836091317236
21157 1 1451133 1.0 48.35429904051125
21158 1 1433189 1.0 48.93550695851445
21159 1 1444578 1.0 48.91871404834092
21160 1 1024428 1.0 47.56646300666034
21161 1 1621257 1.0 48.23415097780526
21162 1 1488171 1.0 47.97530802898109
21163 1 1155693 1.0 48.505340004339814
21164 1 1375713 1.0 48.157767043448985
21165 1 1036847 1.0 47.043821890838444
21166 1 1409741 1.0 47.81536303926259
21167 1 1964617 1.0 47.307110973633826
21168 1 1273846 1.0 47.816977952606976
21169 1 997761 1.0 51.08860891778022
21170 1 1167227 1.0 50.808567088097334
21171 1 1579847 1.0 46.94617597851902
21172 1 1485274 1.0 47.08903399296105
21173 1 1846443 1.0 47.48177295550704
21174 1 328352 1.0 47.818158054724336
21175 1 1114720 1.0 51.39160098042339
21176 1 1065904 1.0 49.72854000516236
21177 1 499026 1.0 48.17276995163411
21178 1 1471325 1.0 46.71296791639179
21179 1 643439 1.0 47.145140008069575
21180 1 1095485 1.0 46.50768602732569
21181 1 1148334 1.0 49.60518900770694
21182 1 1198882 1.0 48.802283010445535
21183 1 861054 1.0 47.51713201403618
21184 1 1343545 1.0 47.84441599622369
21185 1 1115021 1.0 47.90871404111385
21186 1 1406982 1.0 47.41063993424177
21187 1 1096144 1.0 50.895054009743035
21188 1 1062095 1.0 49.50294701848179
21189 1 1848926 1.0 47.402825905010104
21190 1 1570693 1.0 50.57744600344449
21191 1 1448319 1.0 51.016296027228236
21192 1 679821 1.0 48.72258298564702
21193 1 892765 1.0 50.74873100966215
21194 1 1196510 1.0 48.79870195873082
21195 1 1411888 1.0 47.56139300297946
21196 1 959372 1.0 49.951059045270085
21197 1 1029869 1.0 48.36909496225417
21198 1 1567546 1.0 49.12640491966158
21199 1 1413960 1.0 50.79051689244807
21200 1 1594857 1.0 49.44664100185037
21201 1 1109574 1.0 51.214671111665666
21202 1 1144554 1.0 51.81865207850933
21203 1 1337189 1.0 49.90356508642435
21204 1 1099176 1.0 48.55110798962414
21205 1 1080184 1.0 48.15587098710239
21206 1 1461654 1.0 47.21685603726655
21207 1 2436890 1.0 47.93959099333733
21208 1 1078961 1.0 46.72951402608305
21209 1 1422107 1.0 47.72727005183697
21210 1 1655792 1.0 48.988824943080544
21211 1 1612889 1.0 49.486867035739124
21212 1 1010206 1.0 47.79605392832309
21213 1 1224036 1.0 46.26098298467696
21214 1 1949648 1.0 46.66620399802923
21215 1 1043555 1.0 46.89274390693754
21216 1 1084443 1.0 47.0564269926399
21217 1 1075725 1.0 48.72700397390872
21218 1 1573227 1.0 47.40183998364955
21219 1 1131981 1.0 47.32033901382238
21220 1 1632601 1.0 47.18055308330804
21221 1 634651 1.0 47.862477018497884
21222 1 1591978 1.0 49.56539208069444
21223 1 1704201 1.0 50.47698807902634
21224 1 1629718 1.0 48.02678001578897
21225 1 1079757 1.0 46.72763403505087
21226 1 1409470 1.0 47.054214985109866
21227 1 1421189 1.0 47.62368998490274
21228 1 1131692 1.0 47.08850698079914
21229 1 1720177 1.0 50.49986997619271
21230 1 1273636 1.0 47.68329102080315
21231 1 2056314 1.0 46.823471086099744
21232 1 1468321 1.0 46.97955201845616
21233 1 1618398 1.0 46.988732065074146
21234 1 1005997 1.0 47.144951997324824
21235 1 1519099 1.0 49.71058503724635
21236 1 1491513 1.0 49.35015004593879
21237 1 1423337 1.0 47.01451899018139
21238 1 1083362 1.0 47.602500999346375
21239 1 1530160 1.0 48.30737703014165
21240 1 1472156 1.0 48.651420045644045
21241 1 1555538 1.0 48.0216930154711
21242 1 1519453 1.0 46.247520949691534
21243 1 602805 1.0 47.42085898760706
21244 1 1490659 1.0 46.66565696243197
21245 1 1594828 1.0 47.12036589626223
21246 1 1416553 1.0 47.80636902432889
21247 1 1572379 1.0 50.388038973324
21248 1 1576184 1.0 47.77180391829461
21249 1 573715 1.0 48.36674407124519
21250 1 1467965 1.0 47.44741099420935
21251 1 678028 1.0 47.13316692505032
21252 1 952453 1.0 46.97004100307822
21253 1 2463771 1.0 48.676154925487936
21254 1 1184091 1.0 47.77104104869068
21255 1 1036573 1.0 47.98633907921612
21256 1 843557 1.0 46.95751308463514
21257 1 1054449 1.0 46.832324005663395
21258 1 1098733 1.0 48.768808017484844
21259 1 1524157 1.0 51.77636293228716
21260 1 1488314 1.0 46.25437001232058
21261 1 624949 1.0 46.85463500209153
21262 1 989937 1.0 47.985319048166275
21263 1 1464593 1.0 46.370087075047195
21264 1 2410541 1.0 48.11154294293374
21265 1 1415678 1.0 48.73508797027171
21266 1 1148807 1.0 47.356246039271355
21267 1 1009505 1.0 47.68385994248092
21268 1 1639448 1.0 48.139027087017894
21269 1 1561663 1.0 46.634213998913765
21270 1 1428080 1.0 47.40782699082047
21271 1 1007791 1.0 49.89246104378253
21272 1 1555704 1.0 49.4433130370453
21273 1 641812 1.0 48.39607293251902
21274 1 1475658 1.0 49.271523021161556
21275 1 897366 1.0 49.812169978395104
21276 1 810507 1.0 49.5082950219512
21277 1 1455269 1.0 48.07721602264792
21278 1 1183695 1.0 47.2673230106011
21279 1 1116175 1.0 47.21991892438382
21280 1 1300649 1.0 48.167338012717664
21281 1 1664782 1.0 47.76093200780451
21282 1 1303137 1.0 47.089918050915
21283 1 714048 1.0 50.03843398299068
21284 1 997992 1.0 48.71534195262939
21285 1 1120324 1.0 46.77611798979342
21286 1 1081003 1.0 48.57836302835494
21287 1 1096982 1.0 46.53615702409297
21288 1 1145461 1.0 46.32081289310008
21289 1 835357 1.0 49.01659197639674
21290 1 654667 1.0 47.616716008633375
21291 1 1779929 1.0 46.57642194069922
21292 1 1461933 1.0 46.56624095514417
21293 1 996808 1.0 48.480811063200235
21294 1 1292866 1.0 47.540864907205105
21295 1 1621030 1.0 50.68488500546664
21296 1 1439024 1.0 50.78917101491243
21297 1 1292479 1.0 52.62992100324482
21298 1 556521 1.0 50.87430402636528
21299 1 1634691 1.0 48.3925340231508
21300 1 1476021 1.0 49.27719593979418
21301 1 1301918 1.0 51.00896209478378
21302 1 964447 1.0 48.467107000760734
21303 1 1498681 1.0 47.2638460341841
21304 1 1028993 1.0 47.355856047943234
21305 1 480040 1.0 47.93839994817972
21306 1 1505325 1.0 48.181022983044386
21307 1 2108659 1.0 48.03892690688372
21308 1 1591809 1.0 47.47195600066334
21309 1 2083793 1.0 46.77015100605786
21310 1 1636176 1.0 49.68404502142221
21311 1 1520988 1.0 48.88434801250696
21312 1 1624743 1.0 50.37292104680091
21313 1 1021006 1.0 49.5081179542467
21314 1 1469519 1.0 48.76421007793397
21315 1 1602866 1.0 51.474486012011766
21316 1 1405965 1.0 51.48322705645114
21317 1 1294964 1.0 49.28434104658663
21318 1 1480698 1.0 51.24307901132852
21319 1 1115820 1.0 51.37669492978603
21320 1 1650597 1.0 51.870545954443514
21321 1 1410711 1.0 49.07113092485815
21322 1 1420445 1.0 48.046078998595476
21323 1 1055633 1.0 50.00807507894933
21324 1 1194627 1.0 48.22693299502134
21325 1 1984960 1.0 47.07352491095662
21326 1 1623029 1.0 47.47229802887887
21327 1 1697287 1.0 47.592425951734185
21328 1 1148953 1.0 47.171843936666846
21329 1 1429085 1.0 46.45985295064747
21330 1 1013259 1.0 51.37622798793018
21331 1 533961 1.0 47.91475902311504
21332 1 2089892 1.0 46.4762719348073
21333 1 1589101 1.0 47.35191399231553
21334 1 2108659 1.0 46.815050998702645
21335 1 1575769 1.0 46.980660990811884
21336 1 1041753 1.0 49.66613999567926
21337 1 1558926 1.0 49.5832689339295
21338 1 1351481 1.0 48.393461969681084
21339 1 1555622 1.0 46.50949395727366
21340 1 366619 1.0 48.21578995324671
21341 1 713399 1.0 48.54902101214975
21342 1 2418689 1.0 50.085338996723294
21343 1 1409524 1.0 48.5865359660238
21344 1 1528264 1.0 47.286740969866514
21345 1 1587391 1.0 48.49924007430673
21346 1 1037576 1.0 46.847492922097445
21347 1 1357375 1.0 48.47407492343336
21348 1 1572763 1.0 49.81034202501178
21349 1 1455043 1.0 48.43757895287126
21350 1 1733624 1.0 48.040176974609494
21351 1 1083192 1.0 47.55512403789908
21352 1 1314287 1.0 47.55438701249659
21353 1 1431623 1.0 47.33605403453112
21354 1 1976785 1.0 49.6135720750317
21355 1 1654067 1.0 49.2981169372797
21356 1 1636294 1.0 47.089802916161716
21357 1 1315053 1.0 39.44550291635096
21358 1 1288420 1.0 41.700817993842065
21359 1 1064217 1.0 40.393352042883635
21360 1 57622 1.0 42.46574791613966
21361 1 1509346 1.0 41.80759098380804
21362 1 1183222 1.0 46.48708796594292
21363 1 265167 1.0 46.50412604678422
21364 1 1117581 1.0 44.30834797676653
21365 1 1477525 1.0 42.47451794799417
21366 1 1630050 1.0 40.195020963437855
21367 1 1140637 1.0 49.69421005807817
21368 1 1014127 1.0 44.05596002470702
21369 1 1569713 1.0 45.76274799183011
21370 1 1102785 1.0 38.595381076447666
21371 1 1671829 1.0 38.21760194841772
21372 1 1395929 1.0 45.50609004218131
21373 1 1242474 1.0 43.91898401081562
21374 1 1334501 1.0 43.39655896183103
21375 1 1125734 1.0 42.43744700215757
21376 1 1662980 1.0 43.17031800746918
21377 1 1001078 1.0 45.79837596975267
21378 1 1676993 1.0 44.3111079512164
21379 1 1640118 1.0 45.715066022239625
21380 1 237705 1.0 49.1290669888258
21381 1 1519229 1.0 38.47370506264269
21382 1 1009678 1.0 42.51693794503808
21383 1 1758756 1.0 45.684139942750335
21384 1 1270340 1.0 46.36372404638678
21385 1 1439739 1.0 37.239426048472524
21386 1 2467681 1.0 41.116153937764466
21387 1 1300553 1.0 42.52326500136405
21388 1 1121612 1.0 45.515491045080125
21389 1 628920 1.0 42.451187036931515
21390 1 981930 1.0 45.52732303272933
21391 1 1607089 1.0 43.362741940654814
21392 1 1526311 1.0 45.77410197816789
21393 1 1106313 1.0 47.0686499029398
21394 1 1204202 1.0 43.82655501831323
21395 1 672482 1.0 45.03860604017973
21396 1 1562423 1.0 44.70557102467865
21397 1 1525163 1.0 45.58097501285374
21398 1 1456510 1.0 44.147762935608625
21399 1 1952569 1.0 42.781848926097155
21400 1 1469930 1.0 48.08799491729587
21401 1 1468022 1.0 46.0135139292106
21402 1 1266940 1.0 43.23296505026519
21403 1 1436804 1.0 36.58787498716265
21404 1 1624353 1.0 44.444721075706184
21405 1 1033602 1.0 41.420141933485866
21406 1 1199465 1.0 47.37762699369341
21407 1 1669902 1.0 41.39144404325634
21408 1 1462486 1.0 46.89384810626507
21409 1 870836 1.0 44.639140949584544
21410 1 1514157 1.0 46.56577901914716
21411 1 1462598 1.0 43.370530009269714
21412 1 1726384 1.0 46.821721945889294
21413 1 1038446 1.0 42.10409999359399
21414 1 1362753 1.0 46.70458997134119
21415 1 1016957 1.0 43.04993792902678
21416 1 1457117 1.0 46.32871598005295
21417 1 1624291 1.0 44.50682702008635
21418 1 1669450 1.0 43.317195028066635
21419 1 1623356 1.0 49.31112297344953
21420 1 1556248 1.0 48.306280048564076
21421 1 1683391 1.0 42.83681197557598
21422 1 1308392 1.0 45.713284984230995
21423 1 1531509 1.0 42.2971349908039
21424 1 1497491 1.0 45.965385041199625
21425 1 1478888 1.0 48.97265403997153
21426 1 1252662 1.0 48.348332988098264
21427 1 1048773 1.0 45.18781800288707
21428 1 1403338 1.0 44.37019303441048
21429 1 1216180 1.0 44.12997898180038
21430 1 1627683 1.0 46.26237496268004
21431 1 1172567 1.0 48.077702056616545
21432 1 1344082 1.0 45.62030197121203
21433 1 573908 1.0 44.52550003770739
21434 1 1114681 1.0 41.940852999687195
21435 1 1402788 1.0 44.65785704087466
21436 1 1145004 1.0 42.271165060810745
21437 1 1465517 1.0 47.315743984654546
21438 1 1522394 1.0 42.02629590872675
21439 1 1653183 1.0 45.425220974721014
21440 1 1240998 1.0 42.71539393812418
21441 1 1496726 1.0 47.14777797926217
21442 1 1018407 1.0 46.98005795944482
21443 1 857166 1.0 42.14526806026697
21444 1 1073667 1.0 44.47126609738916
21445 1 1508042 1.0 43.19135099649429
21446 1 1317024 1.0 43.181826011277735
21447 1 1369937 1.0 41.03415098506957
21448 1 1409039 1.0 38.66142500191927
21449 1 1045592 1.0 45.455864048562944
21450 1 1650228 1.0 45.71275692433119
21451 1 837249 1.0 38.48736605141312
21452 1 1133668 1.0 41.66518698912114
21453 1 1515010 1.0 46.620311914011836
21454 1 1570638 1.0 41.397486929781735
21455 1 1101661 1.0 35.624074982479215
21456 1 1620992 1.0 45.577523997053504
21457 1 1165331 1.0 41.589190950617194
21458 1 851608 1.0 44.004898983985186
21459 1 1132081 1.0 44.42652501165867
21460 1 1289837 1.0 44.63976307306439
21461 1 1377086 1.0 41.739296982996166
21462 1 1027205 1.0 39.52676395419985
21463 1 1104532 1.0 40.268657030537724
21464 1 1113367 1.0 43.92766603268683
21465 1 1260029 1.0 46.974739991128445
21466 1 1297567 1.0 41.39864002354443
21467 1 1509602 1.0 41.42599506303668
21468 1 1663642 1.0 45.7195860799402
21469 1 1065593 1.0 36.19397210422903
21470 1 1575396 1.0 41.503805899992585
21471 1 2283329 1.0 48.882088041864336
21472 1 269871 1.0 40.28683097567409
21473 1 1152590 1.0 44.35292608104646
21474 1 639148 1.0 45.91710795648396
21475 1 2015536 1.0 44.68727100174874
21476 1 931106 1.0 44.864731025882065
21477 1 1663544 1.0 52.425179979763925
21478 1 1291469 1.0 52.569671999663115
21479 1 1144763 1.0 51.76676902920008
21480 1 1399557 1.0 46.603428083471954
21481 1 1572654 1.0 44.11935294046998
21482 1 1149953 1.0 43.98126702290028
21483 1 1574516 1.0 43.69716311339289
21484 1 1640297 1.0 46.79533094167709
21485 1 1594958 1.0 54.961750051006675
21486 1 1194229 1.0 49.14328106679022
21487 1 1438712 1.0 45.263553969562054
21488 1 1483693 1.0 45.4791389638558
21489 1 1528966 1.0 52.27528198156506
21490 1 1035285 1.0 46.58350395038724
21491 1 1114681 1.0 42.991983005777
21492 1 1394263 1.0 43.87868894264102
21493 1 1040336 1.0 50.64854898955673
21494 1 1580312 1.0 50.34202802926302
21495 1 1109933 1.0 45.76895805075765
21496 1 1522426 1.0 43.04062505252659
21497 1 2120362 1.0 44.91367004811764
21498 1 1491431 1.0 40.14767904300243
21499 1 1441656 1.0 42.672340059652925
21500 1 1432318 1.0 36.38924192637205
21501 1 1851861 1.0 45.798622886650264
21502 1 1179412 1.0 48.46481408458203
21503 1 1109563 1.0 47.16524691320956
21504 1 1409615 1.0 47.722407965920866
21505 1 1407737 1.0 44.785656966269016
21506 1 1182805 1.0 46.42127500846982
21507 1 1119382 1.0 39.804026018828154
21508 1 993981 1.0 44.95022201444954
21509 1 1002039 1.0 40.98603397142142
21510 1 1266123 1.0 39.62849802337587
21511 1 1553609 1.0 43.56823593843728
21512 1 1004418 1.0 45.622695004567504
21513 1 1105731 1.0 41.37807001825422
21514 1 1348255 1.0 36.598527105525136
21515 1 841661 1.0 45.33908003941178
21516 1 320189 1.0 38.018289022147655
21517 1 1506138 1.0 44.32702390477061
21518 1 1567707 1.0 44.05612195841968
21519 1 1057154 1.0 46.100134029984474
21520 1 1100520 1.0 39.47151103056967
21521 1 1207058 1.0 42.79333201702684
21522 1 1434114 1.0 43.14977489411831
21523 1 1514060 1.0 43.45546301919967
21524 1 1145318 1.0 42.760774958878756
21525 1 863466 1.0 35.92496307101101
21526 1 1108617 1.0 43.076683999970555
21527 1 2095321 1.0 45.13546696398407
21528 1 1161001 1.0 46.13807599525899
21529 1 1046557 1.0 43.79793594125658
21530 1 1016309 1.0 45.053889974951744
21531 1 1797027 1.0 44.43660099059343
21532 1 1037091 1.0 39.90380605682731
21533 1 981565 1.0 44.13601092528552
21534 1 27010 1.0 46.15352500695735
21535 1 1365239 1.0 46.104880049824715
21536 1 1507822 1.0 46.67772096581757
21537 1 1615374 1.0 45.72612792253494
21538 1 1597803 1.0 36.39317594934255
21539 1 1253849 1.0 46.048986027017236
21540 1 1500209 1.0 46.411258983425796
21541 1 169931 1.0 40.67457595374435
21542 1 1504309 1.0 46.40288290102035
21543 1 1606729 1.0 44.75324705708772
21544 1 1287730 1.0 42.74409695062786
21545 1 1794625 1.0 41.33409098722041
21546 1 1561555 1.0 43.08642295654863
21547 1 1554620 1.0 46.19776795152575
21548 1 1471406 1.0 46.77797295153141
21549 1 1617841 1.0 46.647903975099325
21550 1 126766 1.0 50.333921099081635
21551 1 1259636 1.0 51.26407591160387
21552 1 1408721 1.0 47.43810498621315
21553 1 304522 1.0 47.8353570215404
21554 1 844646 1.0 47.44082200340927
21555 1 1026310 1.0 43.98532991763204
21556 1 1394611 1.0 40.64974095672369
21557 1 1850569 1.0 43.60299801919609
21558 1 1351118 1.0 45.54970399476588
21559 1 332893 1.0 39.550023968331516
21560 1 1055077 1.0 41.94684501271695
21561 1 1419266 1.0 45.624674996361136
21562 1 1337245 1.0 41.765374946407974
21563 1 1115358 1.0 44.90599303971976
21564 1 824579 1.0 46.25756700988859
21565 1 1269662 1.0 44.22632802743465
21566 1 1618939 1.0 47.354718088172376
21567 1 838918 1.0 37.707483978010714
21568 1 1421185 1.0 45.70821498055011
21569 1 1156564 1.0 45.115823042578995
21570 1 1439132 1.0 39.31611811276525
21571 1 1594941 1.0 44.61141908541322
21572 1 1484871 1.0 44.455406954512
21573 1 1358371 1.0 45.60168401803821
21574 1 1383662 1.0 44.782459968701005
21575 1 1630752 1.0 48.97164995782077
21576 1 1516859 1.0 50.95294408965856
21577 1 1126892 1.0 45.03599798772484
21578 1 1628473 1.0 47.096919966861606
21579 1 1987727 1.0 50.57771608699113
21580 1 240001 1.0 42.39272407721728
21581 1 1299211 1.0 44.84840505756438
21582 1 1319595 1.0 45.95968790818006
21583 1 1090664 1.0 43.252515024505556
21584 1 1145318 1.0 42.427084990777075
21585 1 1141281 1.0 43.320222990587354
21586 1 544361 1.0 48.73096605297178
21587 1 1089481 1.0 43.61913003958762
21588 1 1742170 1.0 44.1517629660666
21589 1 1483353 1.0 45.88867793790996
21590 1 958617 1.0 43.25282189529389
21591 1 1147463 1.0 45.60391791164875
21592 1 1691450 1.0 46.32426693569869
21593 1 1025781 1.0 47.593832947313786
21594 1 1427659 1.0 43.22592599783093
21595 1 1441259 1.0 40.108708082698286
21596 1 1557570 1.0 45.70483509451151
21597 1 1458229 1.0 40.04249407444149
21598 1 1010909 1.0 38.272964069619775
21599 1 1488719 1.0 47.40673198830336
21600 1 1026387 1.0 47.24387300666422
21601 1 1097929 1.0 44.13118795491755
21602 1 1740158 1.0 46.65257700253278
21603 1 1207112 1.0 48.83751389570534
21604 1 1049003 1.0 45.5085129942745
21605 1 1516491 1.0 44.822027906775475
21606 1 246786 1.0 40.34464992582798
21607 1 1608824 1.0 47.22683702129871
21608 1 1107107 1.0 45.63698102720082
21609 1 273331 1.0 44.774701935239136
21610 1 1302962 1.0 44.09001301974058
21611 1 1455521 1.0 48.4463470056653
21612 1 1031572 1.0 44.158730073831975
21613 1 48881 1.0 46.76754993852228
21614 1 2439957 1.0 42.83060890156776
21615 1 1847963 1.0 44.192439992912114
21616 1 1060367 1.0 45.61156698036939
21617 1 1640882 1.0 40.49573093652725
21618 1 821817 1.0 41.617405018769205
21619 1 1057219 1.0 48.09348797425628
21620 1 1298231 1.0 40.48884799703956
21621 1 1447804 1.0 40.20639893133193
21622 1 1090787 1.0 46.08079802710563
21623 1 1082923 1.0 43.29865495674312
21624 1 853119 1.0 46.891767997294664
21625 1 1078905 1.0 45.69313698448241
21626 1 122499 1.0 40.584863047115505
21627 1 174197 1.0 40.58473801705986
21628 1 1755531 1.0 38.13157603144646
21629 1 543855 1.0 45.6302969250828
21630 1 1623052 1.0 46.16115998942405
21631 1 635618 1.0 49.078518990427256
21632 1 1703597 1.0 43.110372964292765
21633 1 1663817 1.0 47.584769083186984
21634 1 830225 1.0 43.0057019693777
21635 1 1319215 1.0 41.733084013685584
21636 1 115046 1.0 42.528092046268284
21637 1 1523672 1.0 48.1323900166899
21638 1 1423148 1.0 41.16340400651097
21639 1 1122368 1.0 40.359404985792935
21640 1 1024520 1.0 41.87403293326497
21641 1 1482595 1.0 43.38114499114454
21642 1 637027 1.0 41.49600397795439
21643 1 1198608 1.0 43.12782292254269
21644 1 1651273 1.0 36.583879962563515
21645 1 679943 1.0 40.146935964003205
21646 1 1971670 1.0 43.46608300693333
21647 1 1030226 1.0 43.09258796274662
21648 1 1622976 1.0 45.93201295938343
21649 1 1029391 1.0 42.78612800408155
21650 1 1667000 1.0 41.51351400651038
21651 1 1174076 1.0 50.05604203324765
21652 1 1572912 1.0 50.11159006971866
21653 1 1796046 1.0 38.29167096409947
21654 1 1066101 1.0 44.507357059046626
21655 1 1514921 1.0 39.86994596198201
21656 1 1423090 1.0 44.14555698167533
21657 1 1101422 1.0 44.61167997214943
21658 1 1280069 1.0 40.02703900914639
21659 1 650507 1.0 40.15171295031905
21660 1 1800574 1.0 44.78914604987949
21661 1 1414732 1.0 45.7351750228554
21662 1 1652654 1.0 43.49957802332938
21663 1 1265207 1.0 44.666399946436286
21664 1 1065044 1.0 46.05315998196602
21665 1 1085245 1.0 37.51989500597119
21666 1 1287641 1.0 41.94789403118193
21667 1 855024 1.0 43.25922497082502
21668 1 1546076 1.0 44.97084300965071
21669 1 1605362 1.0 39.658144931308925
21670 1 1571301 1.0 46.15944100078195
21671 1 996118 1.0 49.40862499643117
21672 1 1039509 1.0 40.30707897618413
21673 1 1046680 1.0 41.43852100241929
21674 1 1092268 1.0 43.31842600367963
21675 1 1104530 1.0 44.500836986117065
21676 1 1447295 1.0 46.45091504789889
21677 1 1492196 1.0 40.56720796506852
21678 1 514376 1.0 45.723591931164265
21679 1 1213860 1.0 44.537456007674336
21680 1 1667069 1.0 43.25026401784271
21681 1 1492971 1.0 42.69929102156311
21682 1 1285666 1.0 38.1589459720999
21683 1 1472696 1.0 46.097029000520706
21684 1 506680 1.0 44.34537002816796
21685 1 981934 1.0 41.76295595243573
21686 1 1640881 1.0 45.26277899276465
21687 1 1395918 1.0 39.520523976534605
21688 1 822241 1.0 45.585064915940166
21689 1 1456262 1.0 44.29486801382154
21690 1 861270 1.0 47.35310806427151
21691 1 1134898 1.0 48.23873296845704
21692 1 1159953 1.0 43.405683944001794
21693 1 673486 1.0 42.98374999780208
21694 1 1460422 1.0 42.33930096961558
21695 1 1001119 1.0 45.08592397905886
21696 1 1686395 1.0 47.099070972763
21697 1 1000154 1.0 47.841108054853976
21698 1 1447897 1.0 39.13880907930434
21699 1 253 1.0 45.54491606540978
21700 1 820544 1.0 48.6454910133034
21701 1 483078 1.0 42.10377705749124
21702 1 886531 1.0 48.85789402760565
21703 1 624926 1.0 47.580554033629596
21704 1 1606775 1.0 39.0138509683311
21705 1 571808 1.0 47.23965597804636
21706 1 1800142 1.0 42.243442963808775
21707 1 1606171 1.0 43.72674005571753
21708 1 1689050 1.0 43.80361794028431
21709 1 1080652 1.0 46.33100295905024
21710 1 1065298 1.0 42.355520999990404
21711 1 655155 1.0 45.87118502240628
21712 1 822241 1.0 45.63967802096158
21713 1 1166007 1.0 44.28952105809003
21714 1 1115426 1.0 42.568548931740224
21715 1 1401298 1.0 44.57114601973444
21716 1 981124 1.0 42.7473810268566
21717 1 1631890 1.0 46.029546996578574
21718 1 1123978 1.0 44.301349902525544
21719 1 1431538 1.0 41.392429964616895
21720 1 550506 1.0 38.15144102554768
21721 1 1299890 1.0 45.624327030964196
21722 1 1547510 1.0 38.13808399718255
21723 1 992844 1.0 46.1374499136582
21724 1 1092699 1.0 43.292276095598936
21725 1 1402310 1.0 44.34059199411422
21726 1 1571042 1.0 42.560397065244615
21727 1 1606503 1.0 46.59081401769072
21728 1 1110058 1.0 43.260213918983936
21729 1 1296616 1.0 47.29774105362594
21730 1 1596786 1.0 44.299163040705025
21731 1 988147 1.0 43.220909079536796
21732 1 588684 1.0 39.88362697418779
21733 1 1519107 1.0 45.07095704320818
21734 1 1780027 1.0 39.67299300711602
21735 1 1249048 1.0 43.43077098019421
21736 1 2015536 1.0 48.74873498920351
21737 1 827323 1.0 47.353739966638386
21738 1 61389 1.0 47.22676798701286
21739 1 1569722 1.0 40.897650993429124
21740 1 836603 1.0 44.286845019087195
21741 1 1627445 1.0 47.8097660234198
21742 1 1460363 1.0 46.149534988217056
21743 1 1797011 1.0 42.170105036348104
21744 1 988911 1.0 43.00427692942321
21745 1 1030033 1.0 47.739277011714876
21746 1 1666906 1.0 45.51943903788924
21747 1 1060041 1.0 42.09493799135089
21748 1 1035903 1.0 46.687744092196226
21749 1 385688 1.0 46.75359802786261
21750 1 1505997 1.0 43.98270195815712
21751 1 1528397 1.0 45.42014095932245
21752 1 1825358 1.0 43.00384607631713
21753 1 1153096 1.0 45.979542075656354
21754 1 1430366 1.0 38.1221940042451
21755 1 1577298 1.0 48.42954792547971
21756 1 1510940 1.0 43.495782068930566
21757 1 216008 1.0 36.71379201114178
21758 1 404455 1.0 39.84883101657033
21759 1 1228552 1.0 35.89319798629731
21760 1 1617470 1.0 43.39626501314342
21761 1 1426752 1.0 36.40979202464223
21762 1 1201080 1.0 43.846630956977606
21763 1 1186858 1.0 58.2308319862932
21764 1 530275 1.0 49.478417029604316
21765 1 1102735 1.0 55.908993002958596
21766 1 1095758 1.0 51.92970496136695
21767 1 1420269 1.0 47.74378298316151
21768 1 1201494 1.0 42.347613954916596
21769 1 1398045 1.0 45.4242309788242
21770 1 1571042 1.0 83.58924300409853
21771 1 1074411 1.0 55.41953491047025
21772 1 1522380 1.0 51.8049499951303
21773 1 1570779 1.0 61.04020995553583
21774 1 1087288 1.0 52.09563300013542
21775 1 1572912 1.0 49.31711300741881
21776 1 1680555 1.0 45.743443071842194
21777 1 1456318 1.0 46.324633061885834
21778 1 541932 1.0 46.67318891733885
21779 1 1634575 1.0 40.54035700391978
21780 1 1199666 1.0 53.27436304651201
21781 1 1649025 1.0 45.4688259633258
21782 1 833442 1.0 39.65762199368328
21783 1 820043 1.0 46.057794941589236
21784 1 1123223 1.0 39.228138979524374
21785 1 1052941 1.0 46.91877099685371
21786 1 1208163 1.0 46.970605035312474
21787 1 1248277 1.0 47.975303954444826
21788 1 441898 1.0 48.51668607443571
21789 1 1252921 1.0 46.4744979981333
21790 1 1035384 1.0 44.98837504070252
21791 1 2421102 1.0 40.35533999558538
21792 1 402660 1.0 41.991816950030625
21793 1 1474557 1.0 40.90715607162565
21794 1 1421500 1.0 46.11706698779017
21795 1 1138636 1.0 45.73931801132858
21796 1 1210441 1.0 39.599332958459854
21797 1 1115112 1.0 43.006165069527924
21798 1 817361 1.0 47.1464570146054
21799 1 1471998 1.0 46.75478592980653
21800 1 1616436 1.0 46.35069298092276
21801 1 1087838 1.0 40.69490602705628
21802 1 892543 1.0 47.815449885092676
21803 1 1433332 1.0 40.79325101338327
21804 1 1124311 1.0 44.59975298959762
21805 1 980762 1.0 46.69711098540574
21806 1 1624564 1.0 41.04104603175074
21807 1 1216299 1.0 39.54905807040632
21808 1 1631174 1.0 42.35811892431229
21809 1 558040 1.0 43.515912955626845
21810 1 1329476 1.0 44.25682302098721
21811 1 1493809 1.0 44.82957907021046
21812 1 463501 1.0 44.42304698750377
21813 1 1510208 1.0 41.09112604055554
21814 1 1173754 1.0 45.19202292431146
21815 1 1561977 1.0 43.64005092065781
21816 1 1167601 1.0 44.46828202344477
21817 1 1096483 1.0 40.71959597058594
21818 1 1843004 1.0 43.67159097455442
21819 1 635779 1.0 37.74497797712684
21820 1 1512638 1.0 45.61217408627272
21821 1 1273867 1.0 45.97039392683655
21822 1 1594566 1.0 37.75435406714678
21823 1 1120919 1.0 46.64836800657213
21824 1 1472152 1.0 48.94309805240482
21825 1 1650723 1.0 48.79762593191117
21826 1 916128 1.0 45.4178829677403
21827 1 1483284 1.0 49.63987099472433
21828 1 2463726 1.0 38.62189408391714
21829 1 915302 1.0 44.52046798542142
21830 1 1571731 1.0 47.28876694571227
21831 1 1039014 1.0 38.821200956590474
21832 1 1196121 1.0 46.5930289356038
21833 1 2311675 1.0 47.09726106375456
21834 1 1163852 1.0 47.03934001736343
21835 1 1526355 1.0 44.86685793381184
21836 1 1830402 1.0 45.115399989299476
21837 1 1631506 1.0 42.532116058282554
21838 1 1025839 1.0 47.662622993811965
21839 1 1217855 1.0 47.20001295208931
21840 1 1040038 1.0 45.38495605811477
21841 1 1686544 1.0 46.679827966727316
21842 1 1666906 1.0 48.1631780276075
21843 1 1157547 1.0 47.0889430725947
21844 1 1209733 1.0 43.74776198528707
21845 1 1240928 1.0 44.729255023412406
21846 1 1609774 1.0 47.26132401265204
21847 1 1395800 1.0 38.91080210451037
21848 1 1467868 1.0 46.440504025667906
21849 1 1152851 1.0 41.39373102225363
21850 1 1462686 1.0 49.53540803398937
21851 1 1620221 1.0 46.10424698330462
21852 1 1567612 1.0 46.49061197414994
21853 1 1264500 1.0 47.99135704524815
21854 1 991938 1.0 42.49952908139676
21855 1 830660 1.0 47.01449698768556
21856 1 1000972 1.0 36.97653999552131
21857 1 1189392 1.0 35.41025996673852
21858 1 1199244 1.0 30.881286947987974
21859 1 1455108 1.0 27.03321899753064
21860 1 1429519 1.0 31.123203923925757
21861 1 1610201 1.0 23.667572997510433
21862 1 1492509 1.0 27.300911024212837
21863 1 636232 1.0 36.12352698110044
21864 1 627367 1.0 26.754480903036892
21865 1 1556438 1.0 27.87136100232601
21866 1 981205 1.0 26.938810013234615
21867 1 1443134 1.0 23.962127044796944
21868 1 1549996 1.0 24.82114196754992
21869 1 2401841 1.0 31.037562992423773
21870 1 1954925 1.0 23.37345900014043
21871 1 1116778 1.0 27.94533595442772
21872 1 1438507 1.0 32.02272905036807
21873 1 1192540 1.0 32.15670399367809
21874 1 123483 1.0 31.68959601316601
21875 1 1481741 1.0 35.528474021703005
21876 1 1118346 1.0 25.360186933539808
21877 1 1136286 1.0 31.762127997353673
21878 1 1125389 1.0 32.762672984972596
21879 1 1713312 1.0 30.34311591181904
21880 1 827489 1.0 29.906122013926506
21881 1 442177 1.0 27.078145067207515
21882 1 1445304 1.0 29.243771918118
21883 1 2401841 1.0 31.87029797118157
21884 1 1582897 1.0 32.60679088998586
21885 1 669821 1.0 32.52920997329056
21886 1 1298105 1.0 34.85868300776929
21887 1 240002 1.0 30.822291038930416
21888 1 1595750 1.0 32.56309300195426
21889 1 1193654 1.0 36.988362087868154
21890 1 991195 1.0 32.428896985948086
21891 1 970540 1.0 30.365835991688073
21892 1 1715967 1.0 37.56102605257183
21893 1 1070315 1.0 41.82479903101921
21894 1 1033819 1.0 36.08391899615526
21895 1 1526946 1.0 30.563695007003844
21896 1 1117139 1.0 34.85085302963853
21897 1 1014130 1.0 31.397128012031317
21898 1 1715468 1.0 40.161576005630195
21899 1 1240232 1.0 42.153749032877386
21900 1 1476364 1.0 30.87265300564468
21901 1 1185486 1.0 36.062163999304175
21902 1 667872 1.0 33.70089898817241
21903 1 58790 1.0 24.814594071358442
21904 1 1201249 1.0 35.25331406854093
21905 1 28568 1.0 38.346749963238835
21906 1 1123598 1.0 40.34182196483016
21907 1 815406 1.0 25.453116046264768
21908 1 1520514 1.0 31.783793005160987
21909 1 1216469 1.0 31.49996791034937
21910 1 1528404 1.0 39.8535750573501
21911 1 1491008 1.0 42.366969981230795
21912 1 1687712 1.0 33.55926205404103
21913 1 1650509 1.0 38.880761014297605
21914 1 982467 1.0 38.058346952311695
21915 1 1069567 1.0 35.260027972981334
21916 1 1447738 1.0 44.05733698513359
21917 1 1246485 1.0 62.05547496210784
21918 1 1155825 1.0 36.81992297060788
21919 1 28568 1.0 47.17358306515962
21920 1 1122297 1.0 64.32953500188887
21921 1 1284160 1.0 50.63353502191603
21922 1 1212559 1.0 64.16293699294329
21923 1 1072154 1.0 47.82779689412564
21924 1 1416053 1.0 54.09713904373348
21925 1 1191937 1.0 48.62924898043275
21926 1 210884 1.0 38.415178074501455
21927 1 1834361 1.0 47.353811911307275
21928 1 1543615 1.0 36.669643013738096
21929 1 1409596 1.0 46.11033806577325
21930 1 1619085 1.0 54.886438068933785
21931 1 1309277 1.0 38.72723504900932
21932 1 1419390 1.0 37.79357799794525
21933 1 1729608 1.0 42.764475918374956
21934 1 987085 1.0 36.539366003125906
21935 1 412786 1.0 33.406788017600775
21936 1 2411550 1.0 40.90511694084853
21937 1 1195135 1.0 24.69040604773909
21938 1 1082390 1.0 32.055691932328045
21939 1 1214838 1.0 32.90244203526527
21940 1 2098018 1.0 27.03356696292758
21941 1 354939 1.0 35.3190399473533
21942 1 1482928 1.0 29.91554606705904
21943 1 1277194 1.0 34.18606298509985
21944 1 1043213 1.0 33.86591502930969
21945 1 240002 1.0 32.68564096651971
21946 1 880470 1.0 27.85733703058213
21947 1 1640321 1.0 37.514789029955864
21948 1 237217 1.0 29.577174922451377
21949 1 1174377 1.0 33.130555995739996
21950 1 574538 1.0 37.83826099243015
21951 1 1628910 1.0 33.8004439836368
21952 1 1470012 1.0 34.06233503483236
21953 1 1492509 1.0 26.677946094423532
21954 1 1920289 1.0 32.72554406430572
21955 1 1072695 1.0 34.39253207761794
21956 1 1634419 1.0 36.41372197307646
21957 1 873100 1.0 38.60453993547708
21958 1 1344996 1.0 36.45524999592453
21959 1 1274483 1.0 23.8093719817698
21960 1 1123862 1.0 31.770003028213978
21961 1 1492905 1.0 24.30189901497215
21962 1 210884 1.0 26.745210052467883
21963 1 1449399 1.0 38.483662996441126
21964 1 1015613 1.0 28.644821955822408
21965 1 1662807 1.0 37.689532968215644
21966 1 58790 1.0 24.586247047409415
21967 1 1190610 1.0 26.470560929737985
21968 1 1034492 1.0 32.97559905331582
21969 1 1015529 1.0 37.90671098977327
21970 1 354939 1.0 36.497287917882204
21971 1 1627890 1.0 34.402446006424725
21972 1 1337851 1.0 32.9618708929047
21973 1 1491008 1.0 32.931182999163866
21974 1 1447738 1.0 35.999133018776774
21975 1 1174486 1.0 28.9821740007028
21976 1 1293032 1.0 30.994900036603212
21977 1 970832 1.0 27.15331397484988
21978 1 1101046 1.0 33.443696913309395
21979 1 1041172 1.0 27.731362963095307
21980 1 1293032 1.0 31.333124032244086
21981 1 1428059 1.0 28.07606407441199
21982 1 1240232 1.0 36.693599075078964
21983 1 1149091 1.0 31.342703034169972
21984 1 1075547 1.0 33.90522999688983
21985 1 1410266 1.0 34.20476894825697
21986 1 1454969 1.0 37.04004595056176
21987 1 804558 1.0 30.6595079600811
21988 1 1656839 1.0 35.27833102270961
21989 1 1284160 1.0 33.00614096224308
21990 1 811151 1.0 36.91425803117454
21991 1 1085319 1.0 39.455677033402026
21992 1 1303375 1.0 29.553018044680357
21993 1 1086388 1.0 31.64543805178255
21994 1 1410477 1.0 34.98320409562439
21995 1 265052 1.0 34.97205104213208
21996 1 1163256 1.0 26.584950974211097
21997 1 1169596 1.0 26.324391015805304
21998 1 1144258 1.0 33.890582039020956
21999 1 1446818 1.0 37.56799397524446
22000 1 1790680 1.0 35.07217299193144
22001 1 1088920 1.0 33.29198306892067
22002 1 1549996 1.0 25.29029198922217
22003 1 1988701 1.0 41.062420001253486
22004 1 1182234 1.0 42.277731001377106
22005 1 1170095 1.0 40.72557401377708
22006 1 1410266 1.0 38.41062297578901
22007 1 1955478 1.0 31.825602054595947
22008 1 1556539 1.0 37.77726402040571
22009 1 240002 1.0 33.447757945396006
22010 1 1472690 1.0 38.17346296273172
22011 1 1520662 1.0 33.3337300689891
22012 1 1042330 1.0 37.27983997669071
22013 1 1010230 1.0 30.735354055650532
22014 1 1018504 1.0 41.93782096263021
22015 1 1492895 1.0 37.090918980538845
22016 1 1482668 1.0 41.616756934672594
22017 1 1058650 1.0 30.87680204771459
22018 1 1202514 1.0 33.78380706999451
22019 1 1088920 1.0 37.982853944413364
22020 1 822928 1.0 33.878364018164575
22021 1 811200 1.0 25.535488966852427
22022 1 1491069 1.0 31.82119899429381
22023 1 28568 1.0 35.06406210362911
22024 1 1185505 1.0 33.796431962400675
22025 1 1851858 1.0 35.46818904578686
22026 1 1154854 1.0 35.65427602734417
22027 1 1043586 1.0 33.74456998426467
22028 1 1185486 1.0 33.5277090780437
22029 1 981205 1.0 28.13244704157114
22030 1 850741 1.0 27.400507009588182
22031 1 1037375 1.0 32.64236694667488
22032 1 265052 1.0 36.083369981497526
22033 1 1290731 1.0 30.71331395767629
22034 1 1796262 1.0 30.380040989257395
22035 1 1460224 1.0 30.06613999605179
22036 1 1491008 1.0 32.49910392332822
22037 1 1611671 1.0 34.8328270483762
22038 1 1186552 1.0 30.807801987975836
22039 1 1213102 1.0 31.73408005386591
22040 1 1455202 1.0 30.903086997568607
22041 1 1202201 1.0 30.94758198130876
22042 1 1631069 1.0 35.834981012158096
22043 1 1470744 1.0 32.20323601271957
22044 1 834306 1.0 33.68594404309988
22045 1 1091869 1.0 30.249514966271818
22046 1 1015613 1.0 24.510868010111153
22047 1 1336807 1.0 28.669919003732502
22048 1 1378449 1.0 28.801512089557946
22049 1 1729608 1.0 36.462105927057564
22050 1 1189150 1.0 35.619709989987314
22051 1 1410805 1.0 30.45756509527564
22052 1 1175833 1.0 33.540239091962576
22053 1 1445304 1.0 28.776390943676233
22054 1 1226104 1.0 37.15124202426523
22055 1 1337851 1.0 31.566394958645105
22056 1 1482928 1.0 26.4398290310055
22057 1 381043 1.0 31.654248014092445
22058 1 1713312 1.0 28.863401035778224
22059 1 1223617 1.0 36.64875903632492
22060 1 1801021 1.0 31.791255925782025
22061 1 1543615 1.0 24.629015009850264
22062 1 1447696 1.0 30.746167991310358
22063 1 1037375 1.0 30.940209981054068
22064 1 1074457 1.0 32.92512695770711
22065 1 1453921 1.0 28.13031803816557
22066 1 1050978 1.0 32.47392596676946
22067 1 1092211 1.0 29.47714808396995
22068 1 827412 1.0 31.114778947085142
22069 1 1016975 1.0 30.413953005336225
22070 1 1024767 1.0 22.7648630971089
22071 1 206354 1.0 28.807654045522213
22072 1 1057481 1.0 23.079574923031032
22073 1 1527593 1.0 30.581061961129308
22074 1 1684904 1.0 30.499708955176175
22075 1 1302278 1.0 26.789286988787353
22076 1 1067514 1.0 25.460892007686198
22077 1 1203872 1.0 23.83847301825881
22078 1 1419871 1.0 29.210007982328534
22079 1 1606192 1.0 32.91599405929446
22080 1 629156 1.0 25.01411398407072
22081 1 1851858 1.0 32.92639402206987
22082 1 22869 1.0 30.93132609501481
22083 1 1674632 1.0 34.44939595647156
22084 1 1056081 1.0 26.460197987034917
22085 1 1465345 1.0 28.80133397411555
22086 1 1955478 1.0 31.00072592496872
22087 1 1280981 1.0 31.9342470029369
22088 1 1955478 1.0 30.85487789940089
22089 1 1197543 1.0 28.545598033815622
22090 1 1507437 1.0 30.96227499190718
22091 1 1354390 1.0 32.76170406024903
22092 1 25173 1.0 32.717310008592904
22093 1 1051527 1.0 33.05264504160732
22094 1 1118617 1.0 28.053062967956066
22095 1 1482668 1.0 35.281004034914076
22096 1 1062611 1.0 32.15431107673794
22097 1 1544082 1.0 36.37442097533494
22098 1 999321 1.0 32.30879595503211
22099 1 1505056 1.0 33.25947397388518
22100 1 1074457 1.0 34.56132998690009
22101 1 1334634 1.0 27.437887038104236
22102 1 1627521 1.0 34.408863983117044
22103 1 1598196 1.0 31.271256040781736
22104 1 1522998 1.0 33.52530894335359
22105 1 669821 1.0 33.009530045092106
22106 1 1638180 1.0 32.83083101268858
22107 1 1512513 1.0 32.98207896295935
22108 1 1687712 1.0 26.64881490636617
22109 1 1123960 1.0 34.55896093510091
22110 1 1606192 1.0 32.88096690084785
22111 1 1160418 1.0 32.842806074768305
22112 1 828285 1.0 30.895510921254754
22113 1 1346317 1.0 26.6370220342651
22114 1 1845009 1.0 35.771250957623124
22115 1 67744 1.0 26.941049029119313
22116 1 821172 1.0 31.13662009127438
22117 1 1653883 1.0 31.01123997475952
22118 1 1105777 1.0 32.546275993809104
22119 1 1419390 1.0 30.416202964261174
22120 1 1443134 1.0 24.152418947778642
22121 1 1556539 1.0 34.5409190049395
22122 1 2411550 1.0 34.371398971416056
22123 1 1445877 1.0 34.50557705946267
22124 1 1420399 1.0 30.091410037130117
22125 1 1134640 1.0 23.225905024446547
22126 1 1464237 1.0 30.770826037041843
22127 1 2415506 1.0 28.34649896249175
22128 1 1344996 1.0 32.90143993217498
22129 1 820185 1.0 24.340246920473874
22130 1 1520514 1.0 29.51320307329297
22131 1 1482928 1.0 26.734992978163064
22132 1 1070315 1.0 35.89030494913459
22133 1 1460224 1.0 31.26402001362294
22134 1 1070315 1.0 34.36683397740126
22135 1 2025896 1.0 27.239526971243322
22136 1 1689480 1.0 32.34506701119244
22137 1 1387734 1.0 30.28748102951795
22138 1 1288454 1.0 26.37244702782482
22139 1 1348072 1.0 32.31451101601124
22140 1 1205373 1.0 27.134204050526023
22141 1 336826 1.0 34.4492340227589
22142 1 1529663 1.0 27.597201988101006
22143 1 1492905 1.0 24.070795974694192
22144 1 1460364 1.0 27.21388195641339
22145 1 123483 1.0 30.753900995478034
22146 1 1573641 1.0 32.47668291442096
22147 1 450247 1.0 28.995917993597686
22148 1 890455 1.0 31.55641397461295
22149 1 816278 1.0 25.229184073396027
22150 1 1674632 1.0 35.282999044284225
22151 1 1202514 1.0 30.67083889618516
22152 1 1594961 1.0 31.693432945758104
22153 1 1566712 1.0 37.115612998604774
22154 1 1134477 1.0 25.490035070106387
22155 1 1665090 1.0 35.0425869692117
22156 1 1501535 1.0 25.277871056459844
22157 1 1177541 1.0 31.022595008835196
22158 1 1080583 1.0 31.46147890947759
22159 1 1568507 1.0 32.795849023386836
22160 1 1247918 1.0 31.53318294789642
22161 1 381043 1.0 32.05716598313302
22162 1 1027302 1.0 35.84314393810928
22163 1 1196238 1.0 32.04095200635493
22164 1 1790955 1.0 38.24488096870482
22165 1 1395519 1.0 34.036851953715086
22166 1 1075484 1.0 33.41297898441553
22167 1 1178099 1.0 30.181213980540633
22168 1 1455202 1.0 30.502079986035824
22169 1 1086388 1.0 32.28588204365224
22170 1 1460224 1.0 32.20370493363589
22171 1 1156956 1.0 32.09730703383684
22172 1 1181933 1.0 26.68033295776695
22173 1 210884 1.0 26.217174949124455
22174 1 1470012 1.0 32.50666591338813
22175 1 710062 1.0 26.721936999820173
22176 1 426142 1.0 30.41109791956842
22177 1 1439660 1.0 31.167118926532567
22178 1 1482928 1.0 27.133362949825823
22179 1 25173 1.0 33.872444997541606
22180 1 240013 1.0 33.89768302440643
22181 1 1803163 1.0 35.003527998924255
22182 1 1491008 1.0 34.775039996020496
22183 1 1455335 1.0 32.329832087270916
22184 1 1043213 1.0 32.49394008889794
22185 1 1491008 1.0 37.10916603449732
22186 1 1576901 1.0 31.92907606717199
22187 1 1455304 1.0 33.40104001108557
22188 1 820435 1.0 34.975694958120584
22189 1 1247918 1.0 32.54674910567701
22190 1 1387734 1.0 30.684522935189307
22191 1 240002 1.0 30.801753979176283
22192 1 1638413 1.0 26.19998506270349
22193 1 1238600 1.0 34.62769009638578
22194 1 1081712 1.0 33.46985694952309
22195 1 1182234 1.0 34.917476936243474
22196 1 1482928 1.0 28.637249022722244
22197 1 1549996 1.0 23.799329064786434
22198 1 1365575 1.0 32.878299010917544
22199 1 827043 1.0 27.372939977794886
22200 1 1799785 1.0 33.65022502839565
22201 1 1249397 1.0 23.12767901457846
22202 1 1004927 1.0 34.908691071905196
22203 1 2411550 1.0 34.34063296299428
22204 1 1653883 1.0 31.77138091996312
22205 1 1062611 1.0 30.912982998415828
22206 1 2025896 1.0 27.15784206520766
22207 1 1674181 1.0 31.247035949490964
22208 1 1067299 1.0 32.60234394110739
22209 1 1572367 1.0 26.797650032676756
22210 1 2401841 1.0 32.91405504569411
22211 1 1018745 1.0 35.675939987413585
22212 1 1043586 1.0 30.66233906429261
22213 1 1274483 1.0 23.24823196977377
22214 1 1688980 1.0 30.880259000696242
22215 1 1061249 1.0 28.571878909133375
22216 1 671968 1.0 31.37715090997517
22217 1 1512435 1.0 35.86394200101495
22218 1 143020 1.0 41.63007903844118
22219 1 1058650 1.0 32.44803799316287
22220 1 944605 1.0 33.52861397434026
22221 1 1069567 1.0 36.57145600300282
22222 1 1980298 1.0 38.35165896452963
22223 1 1426194 1.0 39.99582992400974
22224 1 1460364 1.0 30.4469260154292
22225 1 1444890 1.0 37.83099097199738
22226 1 1007115 1.0 32.909261994063854
22227 1 582465 1.0 36.33173496928066
22228 1 1798484 1.0 28.82997994311154
22229 1 1669927 1.0 28.712466009892523
22230 1 805011 1.0 36.98174108285457
22231 1 1495078 1.0 37.553651025518775
22232 1 1662974 1.0 42.54356201272458
22233 1 1962703 1.0 29.895368963479996
22234 1 858120 1.0 38.09581999666989
22235 1 1571814 1.0 30.707499012351036
22236 1 1422009 1.0 34.76421895902604
22237 1 1467636 1.0 28.588330023922026
22238 1 1666796 1.0 32.18435205053538
22239 1 582465 1.0 34.0051680104807
22240 1 377790 1.0 24.225110071711242
22241 1 1491044 1.0 29.93085200432688
22242 1 1555066 1.0 30.8193969540298
22243 1 1113294 1.0 32.1966209448874
22244 1 1288402 1.0 28.77693099435419
22245 1 2009735 1.0 30.70257999934256
22246 1 1576519 1.0 30.232182005420327
22247 1 1605999 1.0 33.53958600200713
22248 1 206354 1.0 28.88663695193827
22249 1 1334634 1.0 28.330701985396445
22250 1 1490424 1.0 37.336386973038316
22251 1 1662974 1.0 36.49184899404645
22252 1 426142 1.0 31.60793404094875
22253 1 1070315 1.0 35.05303501151502
22254 1 1138345 1.0 32.17768098693341
22255 1 1144368 1.0 34.85853807069361
22256 1 484221 1.0 33.55151298455894
22257 1 2025896 1.0 28.705258038826287
22258 1 1047389 1.0 29.073970043100417
22259 1 1514187 1.0 39.98447395861149
22260 1 1429519 1.0 32.39604993723333
22261 1 1066097 1.0 23.695154930464923
22262 1 1662839 1.0 23.22774799540639
22263 1 1043586 1.0 32.09004097152501
22264 1 1457400 1.0 32.2250509634614
22265 1 1373413 1.0 32.302998937666416
22266 1 544557 1.0 31.578477937728167
22267 1 1476364 1.0 26.40263899229467
22268 1 67744 1.0 26.524635031819344
22269 1 627367 1.0 26.875060983002186
22270 1 987022 1.0 33.068468095734715
22271 1 1491008 1.0 32.185525982640684
22272 1 1834361 1.0 30.361408018507063
22273 1 1043586 1.0 31.061521032825112
22274 1 1450439 1.0 31.167836976237595
22275 1 1317324 1.0 30.520471977069974
22276 1 1191776 1.0 24.763015913777053
22277 1 621009 1.0 34.30964599829167
22278 1 1528226 1.0 32.25507796742022
22279 1 1674181 1.0 31.621066038496792
22280 1 1413206 1.0 32.83557598479092
22281 1 1118056 1.0 30.37356899585575
22282 1 1345169 1.0 31.897673034109175
22283 1 381043 1.0 30.759445973671973
22284 1 621009 1.0 35.736929974518716
22285 1 1143082 1.0 27.5057980325073
22286 1 1117139 1.0 28.700635069981217
22287 1 1419390 1.0 31.64535597898066
22288 1 1402407 1.0 35.305689089000225
22289 1 1176721 1.0 32.60032006073743
22290 1 67744 1.0 28.277324978262186
22291 1 1300379 1.0 30.945477075874805
22292 1 1477690 1.0 28.495245962403715
22293 1 1470744 1.0 32.511745928786695
22294 1 1480439 1.0 34.446586039848626
22295 1 1031551 1.0 32.52694895491004
22296 1 558023 1.0 27.655343059450388
22297 1 1409971 1.0 34.902690909802914
22298 1 697771 1.0 30.848494032397866
22299 1 841581 1.0 34.427687991410494
22300 1 240002 1.0 31.154085067100823
22301 1 1193233 1.0 29.29505391512066
22302 1 1492195 1.0 25.33996698912233
22303 1 1491008 1.0 32.76154806371778
22304 1 1614331 1.0 30.46897507738322
22305 1 1032492 1.0 34.084824030287564
22306 1 1174377 1.0 33.752297051250935
22307 1 1303247 1.0 34.93585891555995
22308 1 1611671 1.0 35.26622895151377
22309 1 1662839 1.0 23.157424991950393
22310 1 1189392 1.0 34.85121205449104
22311 1 1543615 1.0 25.56485601235181
22312 1 953375 1.0 33.33399002440274
22313 1 1209053 1.0 34.988285042345524
22314 1 1103105 1.0 30.54970398079604
22315 1 1653928 1.0 32.97197993379086
22316 1 1015075 1.0 27.390807983465493
22317 1 1122619 1.0 23.045018897391856
22318 1 1100995 1.0 34.56046606879681
22319 1 1457671 1.0 25.020983070135117
22320 1 1293032 1.0 30.332694994285703
22321 1 1336807 1.0 28.666310012340546
22322 1 689551 1.0 30.491778976283967
22323 1 2098018 1.0 27.533745975233614
22324 1 1038904 1.0 30.281396000646055
22325 1 1143800 1.0 25.26218898128718
22326 1 206354 1.0 29.349931050091982
22327 1 1188182 1.0 23.549533914774656
22328 1 1420143 1.0 24.672404979355633
22329 1 1146277 1.0 31.081286957487464
22330 1 1195750 1.0 35.45123594813049
22331 1 1178419 1.0 23.45253003295511
22332 1 1219078 1.0 32.86957205273211
22333 1 824352 1.0 30.628765001893044
22334 1 1413206 1.0 34.34865502640605
22335 1 385460 1.0 33.47568493336439
22336 1 1061249 1.0 26.64806309621781
22337 1 1491008 1.0 32.19898801762611
22338 1 1613245 1.0 34.21215305570513
22339 1 1069801 1.0 28.509227908216417
22340 1 1176033 1.0 31.300473026931286
22341 1 1074543 1.0 35.66529497038573
22342 1 1528226 1.0 31.16394707467407
22343 1 1154446 1.0 28.66173500660807
22344 1 1444890 1.0 35.6561440275982
22345 1 1094963 1.0 29.930011020042002
22346 1 1205373 1.0 27.597130043432117
22347 1 1606792 1.0 31.974773039110005
22348 1 1523485 1.0 23.776858928613365
22349 1 987085 1.0 30.88206995744258
22350 1 2262295 1.0 32.509780023247004
22351 1 2474226 1.0 28.63108506426215
22352 1 1656839 1.0 36.2986900145188
22353 1 1400989 1.0 35.23242101073265
22354 1 1190941 1.0 32.20987308304757
22355 1 2354364 1.0 32.303253072313964
22356 1 1085632 1.0 28.7867869483307
22357 1 1689161 1.0 17.942892969585955
22358 1 930753 1.0 12.6800179714337
22359 1 895426 1.0 13.573270989581943
22360 1 851226 1.0 21.10482205171138
22361 1 1158933 1.0 19.472846062853932
22362 1 1118388 1.0 17.881486914120615
22363 1 1254188 1.0 19.398011034354568
22364 1 319541 1.0 13.665477046743035
22365 1 848066 1.0 22.675764048472047
22366 1 894430 1.0 19.038656959310174
22367 1 982186 1.0 18.45750503707677
22368 1 895426 1.0 12.80100701842457
22369 1 964909 1.0 18.198702950030565
22370 1 1518626 1.0 21.192866028286517
22371 1 1040370 1.0 21.467035985551775
22372 1 275461 1.0 17.833963967859745
22373 1 1114948 1.0 15.572582953609526
22374 1 997062 1.0 22.351363906636834
22375 1 1857208 1.0 19.292257959023118
22376 1 873084 1.0 23.052708944305778
22377 1 451737 1.0 22.46018697042018
22378 1 1072031 1.0 22.136571002192795
22379 1 964909 1.0 18.00292998086661
22380 1 774836 1.0 13.322219019755721
22381 1 1138458 1.0 20.97587997559458
22382 1 1709082 1.0 22.20330503769219
22383 1 451737 1.0 21.315278951078653
22384 1 1150426 1.0 19.78340488858521
22385 1 1140128 1.0 16.747804009355605
22386 1 1148177 1.0 18.148064031265676
22387 1 1006909 1.0 14.981282991357148
22388 1 1077466 1.0 16.3441690383479
22389 1 987103 1.0 22.792255971580744
22390 1 815439 1.0 16.94787002634257
22391 1 1011827 1.0 19.35633202083409
22392 1 809736 1.0 18.101277062669396
22393 1 990372 1.0 17.913785995915532
22394 1 813110 1.0 17.999240080825984
22395 1 1552364 1.0 15.417444985359907
22396 1 1065538 1.0 22.04812306445092
22397 1 1202571 1.0 21.51965897064656
22398 1 1552364 1.0 15.472627012059093
22399 1 2457319 1.0 18.179664039053023
22400 1 1148177 1.0 18.165835994295776
22401 1 993613 1.0 18.18249002099037
22402 1 872233 1.0 18.28191999811679
22403 1 319541 1.0 12.859074980951846
22404 1 1684793 1.0 19.49158194474876
22405 1 1023666 1.0 21.062128944322467
22406 1 1339921 1.0 23.36961997207254
22407 1 1000695 1.0 20.03995794802904
22408 1 1170299 1.0 20.10788000188768
22409 1 1025579 1.0 20.230619003996253
22410 1 1131422 1.0 19.604610977694392
22411 1 1068617 1.0 20.43659391347319
22412 1 1157659 1.0 23.52991607040167
22413 1 319541 1.0 15.044923988170922
22414 1 842478 1.0 19.489225931465626
22415 1 1339921 1.0 23.335585021413863
22416 1 862481 1.0 20.916330977343023
22417 1 1552364 1.0 16.197714023292065
22418 1 1114782 1.0 20.564873004332185
22419 1 1107349 1.0 19.20985197648406
22420 1 1254188 1.0 19.728076993487775
22421 1 1299341 1.0 17.546024057082832
22422 1 964909 1.0 18.762995954602957
22423 1 852546 1.0 13.214142993092537
22424 1 840337 1.0 18.263739068061113
22425 1 964909 1.0 19.20846989378333
22426 1 938694 1.0 22.117850021459162
22427 1 1709082 1.0 22.184037952683866
22428 1 1419144 1.0 22.31467899400741
22429 1 1137675 1.0 20.26059094350785
22430 1 319541 1.0 14.77800402790308
22431 1 1299341 1.0 17.89384800940752
22432 1 871240 1.0 22.51289808191359
22433 1 1070588 1.0 18.5901039512828
22434 1 1684793 1.0 22.062940057367086
22435 1 1781080 1.0 20.431576995179057
22436 1 1048414 1.0 18.560621072538197
22437 1 1339921 1.0 22.88287307601422
22438 1 964909 1.0 18.46723596099764
22439 1 1689161 1.0 19.2828030558303
22440 1 964909 1.0 19.07665899489075
22441 1 938694 1.0 21.91283495631069
22442 1 451737 1.0 21.92341594491154
22443 1 1086716 1.0 19.742210977710783
22444 1 1535844 1.0 16.964901937171817
22445 1 993613 1.0 18.271148088388145
22446 1 275461 1.0 16.518820077180862
22447 1 1093245 1.0 18.045949982479215
22448 1 1023666 1.0 21.367523004300892
22449 1 1709082 1.0 21.88747003674507
22450 1 1035245 1.0 19.59603698924184
22451 1 863895 1.0 22.626964026130736
22452 1 856290 1.0 19.550722907297313
22453 1 895426 1.0 12.657186947762966
22454 1 1857208 1.0 18.318590940907598
22455 1 1023666 1.0 22.460637032054365
22456 1 451737 1.0 22.007828927598894
22457 1 964909 1.0 19.372583949007094
22458 1 1157019 1.0 19.298191997222602
22459 1 964909 1.0 18.072479986585677
22460 1 1137367 1.0 18.135325983166695
22461 1 1123499 1.0 18.15098093356937
22462 1 1040370 1.0 21.4149949606508
22463 1 1073169 1.0 17.92993990238756
22464 1 939583 1.0 16.238119918853045
22465 1 826222 1.0 21.19830797892064
22466 1 1552364 1.0 15.050376998260617
22467 1 2457319 1.0 19.426497048698366
22468 1 451737 1.0 22.82116806600243
22469 1 895426 1.0 12.671814998611808
22470 1 1695640 1.0 13.024725019931793
22471 1 1254188 1.0 18.860624986700714
22472 1 1689161 1.0 18.21681798901409
22473 1 1684793 1.0 19.983160076662898
22474 1 843428 1.0 21.128585911355913
22475 1 1684793 1.0 19.626700086519122
22476 1 451737 1.0 21.202287985943258
22477 1 319541 1.0 12.718609068542719
22478 1 451737 1.0 21.328995004296303
22479 1 1006239 1.0 21.325730020180345
22480 1 1254188 1.0 18.344547948800027
22481 1 1857208 1.0 18.093933002091944
22482 1 964909 1.0 18.033533007837832
22483 1 1012144 1.0 18.597236019559205
22484 1 837522 1.0 19.50646808836609
22485 1 1079799 1.0 19.335435004904866
22486 1 982186 1.0 18.56229896657169
22487 1 938694 1.0 21.795729990117252
22488 1 1040370 1.0 21.247172029688954
22489 1 451737 1.0 21.364137064665556
22490 1 451737 1.0 21.26237691845745
22491 1 1016772 1.0 19.642043043859303
22492 1 1552364 1.0 15.092652989551425
22493 1 964909 1.0 18.415717058815062
22494 1 810522 1.0 16.654820065014064
22495 1 1023666 1.0 21.28529199399054
22496 1 377980 1.0 15.333684044890106
22497 1 964909 1.0 18.356816028244793
22498 1 1759845 1.0 15.659161959774792
22499 1 1857208 1.0 17.92977098375559
22500 1 1011827 1.0 19.49525100644678
22501 1 2457319 1.0 18.525985069572926
22502 1 1093245 1.0 18.450097064487636
22503 1 1535844 1.0 16.77036809269339
22504 1 1695640 1.0 12.783368001691997
22505 1 895426 1.0 12.651192955672741
22506 1 1093245 1.0 18.080082023516297
22507 1 1157248 1.0 15.091230045072734
22508 1 1148177 1.0 17.848085961304605
22509 1 2457319 1.0 18.15743197221309
22510 1 930753 1.0 12.69915304146707
22511 1 930753 1.0 12.62899604626
22512 1 1023666 1.0 21.067672059871256
22513 1 1040204 1.0 17.964296974241734
22514 1 319541 1.0 12.955919024534523
22515 1 1339921 1.0 21.006305003538728
22516 1 1196778 1.0 17.84303702879697
22517 1 1123652 1.0 18.13335996121168
22518 1 1419144 1.0 20.297672948800027
22519 1 1101458 1.0 16.86926290858537
22520 1 319541 1.0 12.959637911990285
22521 1 1148177 1.0 17.954310053028166
22522 1 1148796 1.0 19.60521494038403
22523 1 319541 1.0 12.73926196154207
22524 1 1093245 1.0 18.134732032194734
22525 1 586468 1.0 18.002405064180493
22526 1 982186 1.0 18.331527011469007
22527 1 319541 1.0 12.787067098543048
22528 1 993226 1.0 19.467525999061763
22529 1 833111 1.0 13.92795902211219
22530 1 1695640 1.0 12.654279940761626
22531 1 1202571 1.0 21.394990966655314
22532 1 1105991 1.0 17.99253700301051
22533 1 852742 1.0 21.330486051738262
22534 1 1709082 1.0 22.55615300964564
22535 1 1198814 1.0 14.403069973923266
22536 1 938694 1.0 21.498113055713475
22537 1 1299341 1.0 15.385432983748615
22538 1 1161492 1.0 15.202470938675106
22539 1 1058818 1.0 16.558496048673987
22540 1 1299341 1.0 15.17263101413846
22541 1 2457319 1.0 17.877427977509797
22542 1 857597 1.0 19.906037021428347
22543 1 1093245 1.0 18.081904971040785
22544 1 1840985 1.0 15.240111039020121
22545 1 1023886 1.0 21.162169985473156
22546 1 982186 1.0 18.008102080784738
22547 1 1299341 1.0 15.245429007336497
22548 1 1040370 1.0 20.983375958167017
22549 1 974882 1.0 18.350202939473093
22550 1 451737 1.0 22.28048606775701
22551 1 1552364 1.0 15.766851953230798
22552 1 1016703 1.0 19.821717985905707
22553 1 319541 1.0 12.95111991930753
22554 1 1552364 1.0 15.423742006532848
22555 1 1185060 1.0 18.457916099578142
22556 1 1101230 1.0 17.837626044638455
22557 1 964909 1.0 18.08545703534037
22558 1 319541 1.0 12.722254963591695
22559 1 1299341 1.0 15.101658063940704
22560 1 1013942 1.0 15.303367981687188
22561 1 930753 1.0 13.026618049480021
22562 1 1171480 1.0 18.148227012716234
22563 1 836289 1.0 19.796145032159984
22564 1 319541 1.0 13.1611879914999
22565 1 939583 1.0 15.382315963506699
22566 1 1419144 1.0 19.75409605074674
22567 1 1086542 1.0 13.022596947848797
22568 1 1041615 1.0 16.510363086126745
22569 1 1689161 1.0 18.765890039503574
22570 1 1183528 1.0 21.53920300770551
22571 1 964909 1.0 18.29653896857053
22572 1 2457319 1.0 17.970663961023092
22573 1 1695640 1.0 12.66899099573493
22574 1 2347084 1.0 13.355076080188155
22575 1 1552364 1.0 15.280497958883643
22576 1 959083 1.0 11.759705957956612
22577 1 2387927 1.0 11.902960948646069
22578 1 1841017 1.0 10.70200593676418
22579 1 2387927 1.0 11.69096096418798
22580 1 1841017 1.0 10.757067007943988
